frame_index,label,video_id,l0_x,l0_y,l0_z,l1_x,l1_y,l1_z,l2_x,l2_y,l2_z,l3_x,l3_y,l3_z,l4_x,l4_y,l4_z,l5_x,l5_y,l5_z,l6_x,l6_y,l6_z,l7_x,l7_y,l7_z,l8_x,l8_y,l8_z,l9_x,l9_y,l9_z,l10_x,l10_y,l10_z,l11_x,l11_y,l11_z,l12_x,l12_y,l12_z,l13_x,l13_y,l13_z,l14_x,l14_y,l14_z,l15_x,l15_y,l15_z,l16_x,l16_y,l16_z,l17_x,l17_y,l17_z,l18_x,l18_y,l18_z,l19_x,l19_y,l19_z,l20_x,l20_y,l20_z,l21_x,l21_y,l21_z,l22_x,l22_y,l22_z,l23_x,l23_y,l23_z,l24_x,l24_y,l24_z,l25_x,l25_y,l25_z,l26_x,l26_y,l26_z,l27_x,l27_y,l27_z,l28_x,l28_y,l28_z,l29_x,l29_y,l29_z,l30_x,l30_y,l30_z,l31_x,l31_y,l31_z,l32_x,l32_y,l32_z
0,bend,a12_s03_e03,0.5307649374008179,0.2342832088470459,-0.41226086020469666,0.5377282500267029,0.2186930775642395,-0.3938673138618469,0.5415299534797668,0.21942314505577087,-0.39388346672058105,0.5440674424171448,0.22021743655204773,-0.3938748240470886,0.5245052576065063,0.21855512261390686,-0.394634485244751,0.5203424096107483,0.21889859437942505,-0.3946857452392578,0.5166515111923218,0.2192031294107437,-0.3946812152862549,0.5513269305229187,0.22964665293693542,-0.260139137506485,0.5113152265548706,0.22968891263008118,-0.26563918590545654,0.538491427898407,0.2518717646598816,-0.36097317934036255,0.5227331519126892,0.2532208561897278,-0.3626770079135895,0.5845350027084351,0.326744019985199,-0.15776102244853973,0.4792592525482178,0.32521241903305054,-0.16112463176250458,0.6049781441688538,0.43582114577293396,-0.09459012746810913,0.4617273211479187,0.43823936581611633,-0.09843272715806961,0.6230136752128601,0.5311704874038696,-0.21003739535808563,0.4455040395259857,0.5359536409378052,-0.19937360286712646,0.6283714771270752,0.566830575466156,-0.24329718947410583,0.438101202249527,0.5684790015220642,-0.23399734497070312,0.6236549615859985,0.5661933422088623,-0.28935712575912476,0.4433876872062683,0.5666254758834839,-0.27927690744400024,0.6211804151535034,0.5584253668785095,-0.23018279671669006,0.4478157162666321,0.558567464351654,-0.2198764532804489,0.5633846521377563,0.5392341017723083,0.006444184575229883,0.49968355894088745,0.5422678589820862,-0.0065955123864114285,0.5792974233627319,0.6994858384132385,0.04210536554455757,0.4852897524833679,0.6973025798797607,0.014194503426551819,0.5949501991271973,0.8382574319839478,0.1951853185892105,0.46615058183670044,0.8384592533111572,0.19104281067848206,0.5863491296768188,0.8571977615356445,0.20065732300281525,0.471757709980011,0.8548915386199951,0.19838036596775055,0.6262102723121643,0.8918970823287964,0.047574546188116074,0.4513186812400818,0.8954392671585083,0.04392743110656738
1,bend,a12_s03_e03,0.5306535959243774,0.23402243852615356,-0.41529178619384766,0.5376368165016174,0.21871814131736755,-0.3966124951839447,0.5413369536399841,0.21942143142223358,-0.3966265916824341,0.544070839881897,0.22019174695014954,-0.39662185311317444,0.5244897603988647,0.21863296627998352,-0.39746466279029846,0.5202394723892212,0.21903038024902344,-0.397519588470459,0.5165895819664001,0.21934658288955688,-0.397518128156662,0.5513709187507629,0.22939127683639526,-0.26174595952033997,0.5112989544868469,0.2296788990497589,-0.26739954948425293,0.5384754538536072,0.2517695128917694,-0.36356356739997864,0.5227056741714478,0.2532087564468384,-0.3653232455253601,0.5846784114837646,0.32682475447654724,-0.15777169167995453,0.4792514443397522,0.3252701163291931,-0.16344717144966125,0.6051255464553833,0.4362873435020447,-0.09352321922779083,0.46170368790626526,0.4382253587245941,-0.09886227548122406,0.6236203908920288,0.5311753749847412,-0.20997941493988037,0.44526439905166626,0.5359534621238708,-0.20208236575126648,0.6287363171577454,0.5667473077774048,-0.24327799677848816,0.4381036162376404,0.5684472322463989,-0.23732586205005646,0.6241428256034851,0.5658997893333435,-0.2893484830856323,0.4432085156440735,0.5666093230247498,-0.28363198041915894,0.6217079162597656,0.5579884648323059,-0.23012229800224304,0.44751352071762085,0.5585665106773376,-0.22298192977905273,0.5638372898101807,0.53948974609375,0.007324391510337591,0.4997636675834656,0.5423517227172852,-0.0074863978661596775,0.5792976021766663,0.6994923949241638,0.03402549773454666,0.4851134717464447,0.6973822116851807,0.0088938744738698,0.5949578285217285,0.8379734754562378,0.2046688050031662,0.4660247266292572,0.8389021158218384,0.1988850235939026,0.5864400267601013,0.8566017746925354,0.212432861328125,0.471770703792572,0.8549319505691528,0.20821937918663025,0.6255497932434082,0.8919678926467896,0.059601254761219025,0.4512801170349121,0.8954426050186157,0.053792279213666916
2,bend,a12_s03_e03,0.5305891633033752,0.23365278542041779,-0.4160923957824707,0.5375832319259644,0.21872155368328094,-0.39733967185020447,0.5412317514419556,0.21940341591835022,-0.3973543047904968,0.5440976023674011,0.2201414406299591,-0.39735132455825806,0.5244835615158081,0.21866457164287567,-0.3981338143348694,0.5201728343963623,0.21909557282924652,-0.39818909764289856,0.5165504217147827,0.21942254900932312,-0.3981880247592926,0.5514819622039795,0.22909685969352722,-0.2621014714241028,0.5112950801849365,0.22964048385620117,-0.2675189673900604,0.538474977016449,0.25158607959747314,-0.3642205595970154,0.522693932056427,0.2531416714191437,-0.36588209867477417,0.5850061178207397,0.32673537731170654,-0.15776096284389496,0.4792543947696686,0.325274795293808,-0.16347917914390564,0.6054385900497437,0.43628624081611633,-0.0932082086801529,0.4616861939430237,0.438046395778656,-0.097813181579113,0.624267041683197,0.5307797193527222,-0.21063776314258575,0.4449397623538971,0.535939633846283,-0.20196489989757538,0.6293927431106567,0.5658789873123169,-0.2443133145570755,0.43809834122657776,0.5684239864349365,-0.23722688853740692,0.6247738003730774,0.5647135972976685,-0.2905329763889313,0.4430157542228699,0.5665916800498962,-0.28335219621658325,0.6223184466362,0.5565869808197021,-0.23078691959381104,0.44719308614730835,0.5585639476776123,-0.2228941023349762,0.5642068386077881,0.5395181179046631,0.007744838483631611,0.49984121322631836,0.5423625111579895,-0.007908211089670658,0.5792968273162842,0.6994874477386475,0.030717376619577408,0.4849182665348053,0.697401762008667,0.006076131947338581,0.5949174761772156,0.8378704190254211,0.20627696812152863,0.4659278988838196,0.8392295241355896,0.20092590153217316,0.5864404439926147,0.8563420176506042,0.21424655616283417,0.4717826247215271,0.85495525598526,0.21058222651481628,0.6252925395965576,0.8921646475791931,0.0610685758292675,0.4512327313423157,0.8954694271087646,0.05594555288553238
3,bend,a12_s03_e03,0.5305851697921753,0.23347486555576324,-0.4236827492713928,0.5375726222991943,0.21873965859413147,-0.404926598072052,0.5411962270736694,0.2194020003080368,-0.4049399793148041,0.5441673994064331,0.22012798488140106,-0.4049432873725891,0.5244932770729065,0.21869686245918274,-0.405705988407135,0.5201596021652222,0.21915210783481598,-0.40576305985450745,0.5165442228317261,0.21948419511318207,-0.4057583808898926,0.5515747666358948,0.22892823815345764,-0.2682282328605652,0.5112987756729126,0.22957316040992737,-0.27336937189102173,0.5384839773178101,0.251496821641922,-0.3711661994457245,0.5226948857307434,0.2530961334705353,-0.3727663457393646,0.5852146744728088,0.32654401659965515,-0.16103319823741913,0.4792754054069519,0.32527413964271545,-0.1672532707452774,0.6059074401855469,0.43632808327674866,-0.0950389951467514,0.46157607436180115,0.43785080313682556,-0.09861095994710922,0.625296413898468,0.5307512283325195,-0.2139115035533905,0.44410619139671326,0.5359027981758118,-0.2035546600818634,0.6303452849388123,0.5656318664550781,-0.24804487824440002,0.43794822692871094,0.568359911441803,-0.2388056218624115,0.6258943676948547,0.5643352270126343,-0.2944090962409973,0.4424547553062439,0.5665621161460876,-0.2862524390220642,0.6234824061393738,0.5561489462852478,-0.23403342068195343,0.4463488459587097,0.5585572719573975,-0.224957674741745,0.5643596649169922,0.5395019054412842,0.008074342273175716,0.4999050199985504,0.542345404624939,-0.008241286501288414,0.5792962908744812,0.6994826793670654,0.024886388331651688,0.48471182584762573,0.6974284648895264,0.0009703912073746324,0.5949094295501709,0.8377941846847534,0.2051616609096527,0.46574240922927856,0.8395715951919556,0.2017301619052887,0.5864413380622864,0.8561845421791077,0.2129736840724945,0.47177308797836304,0.8549747467041016,0.21180708706378937,0.6251922845840454,0.8924747705459595,0.0597040131688118,0.4510957598686218,0.895520806312561,0.05750136822462082
4,bend,a12_s03_e03,0.5305846333503723,0.23333363234996796,-0.43158212304115295,0.537571132183075,0.21874335408210754,-0.41276782751083374,0.5411815643310547,0.21939155459403992,-0.4127768874168396,0.5442460775375366,0.22010153532028198,-0.4127814769744873,0.5245107412338257,0.21870340406894684,-0.4137442111968994,0.5201539993286133,0.2191658765077591,-0.41380175948143005,0.5165418386459351,0.21950051188468933,-0.41379275918006897,0.5516641736030579,0.2287355214357376,-0.27514904737472534,0.5113047957420349,0.22935335338115692,-0.2812684178352356,0.5384892821311951,0.2514365613460541,-0.3786642849445343,0.5226951837539673,0.25307291746139526,-0.3805747628211975,0.5852560997009277,0.3263632357120514,-0.16608211398124695,0.47927436232566833,0.3252418339252472,-0.1736687421798706,0.6063371300697327,0.4365239143371582,-0.09675858914852142,0.46141260862350464,0.43765610456466675,-0.10365144163370132,0.6265955567359924,0.5314039587974548,-0.21378421783447266,0.4432249069213867,0.5358772277832031,-0.20887026190757751,0.6315763592720032,0.5656346082687378,-0.24775095283985138,0.4376412034034729,0.5683131814002991,-0.24397175014019012,0.6274406909942627,0.5643455386161804,-0.2940998673439026,0.4419021010398865,0.5665591955184937,-0.2920217216014862,0.6252424716949463,0.5561673641204834,-0.2338993102312088,0.4456472396850586,0.5585654377937317,-0.2304781675338745,0.5644532442092896,0.5394588112831116,0.008238295093178749,0.4999203085899353,0.5422714352607727,-0.008409447968006134,0.5792194604873657,0.6994971632957458,0.024336207658052444,0.4844297766685486,0.6975671648979187,0.00010290092177456245,0.5949231386184692,0.8377701044082642,0.20797857642173767,0.46556782722473145,0.8399074077606201,0.20520195364952087,0.5864871740341187,0.8560915589332581,0.21656310558319092,0.47176989912986755,0.8550550937652588,0.21584472060203552,0.6251178979873657,0.8927820920944214,0.06337172538042068,0.450950562953949,0.8956027626991272,0.06186043471097946
5,bend,a12_s03_e03,0.5305837392807007,0.2333204746246338,-0.43311238288879395,0.5375680923461914,0.21876972913742065,-0.4145568013191223,0.5411666035652161,0.21939297020435333,-0.4145629405975342,0.54430091381073,0.22009843587875366,-0.41456684470176697,0.5245213508605957,0.2187325358390808,-0.4154569208621979,0.5201486349105835,0.2192002385854721,-0.41551461815834045,0.5165404081344604,0.2195308357477188,-0.41550183296203613,0.5517264604568481,0.22862829267978668,-0.27758437395095825,0.5113231539726257,0.22916999459266663,-0.2833435535430908,0.5384904146194458,0.2514260709285736,-0.38037818670272827,0.522698163986206,0.2530708611011505,-0.3821936845779419,0.5853260159492493,0.3261869549751282,-0.16831733286380768,0.4792744517326355,0.3251962959766388,-0.1754685640335083,0.6068077087402344,0.4365300238132477,-0.09719260782003403,0.4613143503665924,0.43723490834236145,-0.10564656555652618,0.628533661365509,0.5316232442855835,-0.21255716681480408,0.44255170226097107,0.5358574986457825,-0.2106981724500656,0.6339773535728455,0.5655903220176697,-0.2454824447631836,0.4373154640197754,0.5682923793792725,-0.24542395770549774,0.6297541260719299,0.5643031597137451,-0.29216402769088745,0.441295862197876,0.5665578246116638,-0.29373231530189514,0.627686619758606,0.5561304092407227,-0.23260867595672607,0.4449266791343689,0.5585744976997375,-0.23239488899707794,0.564473032951355,0.5393253564834595,0.00823301076889038,0.49992209672927856,0.5421335697174072,-0.008405052125453949,0.5791022777557373,0.6994956135749817,0.02044566348195076,0.48409557342529297,0.6975826621055603,-0.0018549530068412423,0.5949215292930603,0.8377297520637512,0.20538100600242615,0.46544399857521057,0.84017014503479,0.2038709819316864,0.58649080991745,0.855972945690155,0.21480627357959747,0.4717809557914734,0.8550874590873718,0.21386103332042694,0.6249873638153076,0.8930169939994812,0.06194860488176346,0.450739324092865,0.895684540271759,0.05997318774461746
6,bend,a12_s03_e03,0.5305865406990051,0.23333169519901276,-0.44497084617614746,0.5375670790672302,0.21880260109901428,-0.4265200197696686,0.541161298751831,0.2193993180990219,-0.4265241026878357,0.5443676114082336,0.2200964391231537,-0.42653289437294006,0.524536669254303,0.21876339614391327,-0.4273926317691803,0.5201462507247925,0.21923409402370453,-0.4274538457393646,0.5165395140647888,0.21955840289592743,-0.4274374544620514,0.5517863631248474,0.22856861352920532,-0.28898411989212036,0.5113462805747986,0.22901254892349243,-0.2945449948310852,0.5384936928749084,0.25143715739250183,-0.3919595777988434,0.5227035284042358,0.25309452414512634,-0.39373111724853516,0.5853530764579773,0.32607412338256836,-0.1776401847600937,0.4792371690273285,0.3251926004886627,-0.18518567085266113,0.6072638630867004,0.43655070662498474,-0.10472676903009415,0.461153119802475,0.4371955692768097,-0.11473394930362701,0.6298841834068298,0.5323278903961182,-0.21669432520866394,0.44203630089759827,0.5356667041778564,-0.21994411945343018,0.6356264352798462,0.5656483769416809,-0.24923047423362732,0.4369947016239166,0.5681270360946655,-0.2548852264881134,0.6312412619590759,0.5643431544303894,-0.2962031960487366,0.4407162666320801,0.5664070248603821,-0.3035563826560974,0.6291489005088806,0.5561898350715637,-0.2367812842130661,0.4442771077156067,0.5585018992424011,-0.2417563647031784,0.5644494295120239,0.5392535924911499,0.008225466124713421,0.49982959032058716,0.5420400500297546,-0.008397504687309265,0.5790266990661621,0.6995128393173218,0.01974598504602909,0.4839309751987457,0.6975776553153992,-0.002175543922930956,0.5949208736419678,0.8377106785774231,0.20488636195659637,0.46540459990501404,0.8402852416038513,0.20432916283607483,0.5865069031715393,0.8559054732322693,0.21368904411792755,0.4718050956726074,0.8550904393196106,0.2146788090467453,0.624896228313446,0.8931605815887451,0.0607592836022377,0.4506932199001312,0.895709216594696,0.06149603798985481
7,bend,a12_s03_e03,0.5305995345115662,0.23355866968631744,-0.45380544662475586,0.5375722646713257,0.2189227044582367,-0.43532928824424744,0.5411596298217773,0.21947209537029266,-0.4353340268135071,0.5444693565368652,0.2201303094625473,-0.43534666299819946,0.5245729088783264,0.2188466638326645,-0.4363659918308258,0.5201464891433716,0.2193002998828888,-0.4364282488822937,0.5165418386459351,0.21960733830928802,-0.43640953302383423,0.551883339881897,0.22856596112251282,-0.2967035174369812,0.5113652348518372,0.2288161963224411,-0.3032477796077728,0.5384969115257263,0.2515718936920166,-0.40029603242874146,0.5227156281471252,0.25322145223617554,-0.40235018730163574,0.5853585004806519,0.3259498178958893,-0.18394120037555695,0.47916179895401,0.325165331363678,-0.19123724102973938,0.6077845096588135,0.43653997778892517,-0.11095155775547028,0.46081218123435974,0.4371629059314728,-0.12023071199655533,0.6309599876403809,0.5327694416046143,-0.22313229739665985,0.4414432942867279,0.535282552242279,-0.22634068131446838,0.6369943022727966,0.5656771063804626,-0.2560695707798004,0.43650636076927185,0.5677720308303833,-0.26163750886917114,0.6324517726898193,0.5643819570541382,-0.30358368158340454,0.4400656819343567,0.5660997629165649,-0.3105049729347229,0.6302865743637085,0.5562577843666077,-0.24343392252922058,0.44364428520202637,0.5583146810531616,-0.24823446571826935,0.5644494295120239,0.5392034649848938,0.008231747895479202,0.49980658292770386,0.5420299768447876,-0.008403532207012177,0.5789523124694824,0.6995061635971069,0.02124633826315403,0.4837615489959717,0.6975795030593872,-0.0012667166301980615,0.5948526859283447,0.837595522403717,0.20679962635040283,0.46538442373275757,0.8403642773628235,0.205906480550766,0.5864942073822021,0.8557637333869934,0.21564185619354248,0.4718530774116516,0.8550962209701538,0.21640293300151825,0.6247483491897583,0.8932220339775085,0.06251928955316544,0.4506227970123291,0.8957428336143494,0.06284423917531967
8,bend,a12_s03_e03,0.5305798053741455,0.23415271937847137,-0.46154627203941345,0.5375577211380005,0.2191663533449173,-0.4434828758239746,0.5411249995231628,0.2196827530860901,-0.44348669052124023,0.5444756150245667,0.2202608585357666,-0.44350379705429077,0.5245609283447266,0.2190549224615097,-0.44427424669265747,0.5200979113578796,0.21948029100894928,-0.44433680176734924,0.5165130496025085,0.2197536826133728,-0.44431430101394653,0.5519158840179443,0.2285873293876648,-0.3051648736000061,0.5113654732704163,0.22878147661685944,-0.3105790615081787,0.5384711623191833,0.25192007422447205,-0.40797170996665955,0.5227089524269104,0.25360235571861267,-0.40970391035079956,0.5853537321090698,0.3257381319999695,-0.19188745319843292,0.479017972946167,0.32514244318008423,-0.19513757526874542,0.6083042025566101,0.43649861216545105,-0.1180737242102623,0.460273414850235,0.4369097650051117,-0.12296855449676514,0.631797194480896,0.5332641005516052,-0.22754676640033722,0.44066280126571655,0.5352755784988403,-0.22911491990089417,0.6378034353256226,0.5657277703285217,-0.26033443212509155,0.43587684631347656,0.5677698850631714,-0.26405611634254456,0.6331331729888916,0.5644351243972778,-0.307958722114563,0.43937188386917114,0.566100001335144,-0.3131604492664337,0.6309552788734436,0.556377112865448,-0.2477627545595169,0.4429457187652588,0.5583232045173645,-0.25108593702316284,0.5644798874855042,0.5389664173126221,0.007828055880963802,0.4998030662536621,0.5419933199882507,-0.007996127009391785,0.5789275765419006,0.6995478868484497,0.017808688804507256,0.4835420250892639,0.6976889371871948,-0.0007773874094709754,0.5948426723480225,0.837556004524231,0.2043292224407196,0.46534162759780884,0.8407737612724304,0.20520846545696259,0.5864967703819275,0.8556540012359619,0.21347102522850037,0.4719386100769043,0.8552466034889221,0.2154269516468048,0.6246275901794434,0.8933068513870239,0.059632621705532074,0.4505295157432556,0.8958950638771057,0.06186062842607498
9,bend,a12_s03_e03,0.5305745005607605,0.23511745035648346,-0.4749813675880432,0.5375512838363647,0.2195391207933426,-0.45715293288230896,0.5411038398742676,0.22004590928554535,-0.4571605324745178,0.5444872379302979,0.22051818668842316,-0.457186758518219,0.5245438814163208,0.2194322794675827,-0.45774421095848083,0.5200394988059998,0.2198391854763031,-0.4578099846839905,0.5164716839790344,0.22006908059120178,-0.45778709650039673,0.5519244074821472,0.2287183254957199,-0.3182860314846039,0.5113248825073242,0.22886091470718384,-0.32281726598739624,0.5384520292282104,0.2526453137397766,-0.4210876524448395,0.5227022171020508,0.2543853223323822,-0.42256268858909607,0.5853559970855713,0.3257099688053131,-0.20418567955493927,0.47886401414871216,0.32514068484306335,-0.2040964812040329,0.6088617444038391,0.43650391697883606,-0.1340072602033615,0.45962223410606384,0.4366613030433655,-0.13107788562774658,0.6321489214897156,0.5336164832115173,-0.24514682590961456,0.43996796011924744,0.5349355340003967,-0.2381066083908081,0.6382984519004822,0.5658338069915771,-0.2792483866214752,0.43522968888282776,0.5675299763679504,-0.27358174324035645,0.633529782295227,0.5645750761032104,-0.32701802253723145,0.43873482942581177,0.5659103393554688,-0.32300302386283875,0.6312826871871948,0.5565482378005981,-0.2654901444911957,0.4423214793205261,0.5581514835357666,-0.26028206944465637,0.5644834637641907,0.5388606190681458,0.0075898123905062675,0.49979275465011597,0.5419859290122986,-0.007749320473521948,0.5789197683334351,0.6995687484741211,0.01937199756503105,0.4834272861480713,0.6977848410606384,0.0009556971490383148,0.5948371291160583,0.8374238610267639,0.20661647617816925,0.46533647179603577,0.8409029841423035,0.20780901610851288,0.5864989161491394,0.8554514646530151,0.21566978096961975,0.4719935357570648,0.8553248643875122,0.21797437965869904,0.62458735704422,0.8933722972869873,0.061235152184963226,0.45049819350242615,0.8959024548530579,0.06324118375778198
10,bend,a12_s03_e03,0.5307636260986328,0.23563407361507416,-0.4719204008579254,0.5376281142234802,0.21979019045829773,-0.45388904213905334,0.5411520600318909,0.2202623337507248,-0.4538956582546234,0.5447503328323364,0.22067232429981232,-0.4539180397987366,0.5246368646621704,0.21960291266441345,-0.4547410011291504,0.5200476050376892,0.21999816596508026,-0.45480626821517944,0.5164710283279419,0.2202044129371643,-0.45478469133377075,0.5519802570343018,0.22876591980457306,-0.3152697682380676,0.5112957954406738,0.22890490293502808,-0.3208217918872833,0.5384968519210815,0.2533133327960968,-0.418191522359848,0.5227620601654053,0.2551381289958954,-0.41997233033180237,0.5853574275970459,0.3256961703300476,-0.202143594622612,0.4786652624607086,0.3251553773880005,-0.20323869585990906,0.6091718673706055,0.43649083375930786,-0.13062651455402374,0.4591427743434906,0.43665894865989685,-0.13029694557189941,0.6323003172874451,0.5337727665901184,-0.24093899130821228,0.4394870400428772,0.5348114371299744,-0.2363908737897873,0.63849937915802,0.5658666491508484,-0.27448827028274536,0.4348793923854828,0.567441999912262,-0.2715281844139099,0.6337102651596069,0.5646297931671143,-0.32192596793174744,0.43840664625167847,0.5658482313156128,-0.3208487927913666,0.6314310431480408,0.5566200017929077,-0.26114770770072937,0.44195762276649475,0.5580893754959106,-0.25849229097366333,0.5644895434379578,0.5387682318687439,0.007222481071949005,0.49977198243141174,0.5419458746910095,-0.007379297167062759,0.5789029002189636,0.6995689868927002,0.018799643963575363,0.4832960069179535,0.6977981328964233,0.001159894047304988,0.5948315858840942,0.8373233079910278,0.20543217658996582,0.46533092856407166,0.8409146070480347,0.20708401501178741,0.5865092277526855,0.8553292155265808,0.21459071338176727,0.47205814719200134,0.8553285598754883,0.2171042263507843,0.6245682239532471,0.8934088349342346,0.059461284428834915,0.45036935806274414,0.8959072232246399,0.06252829730510712
11,bend,a12_s03_e03,0.5307323932647705,0.23841407895088196,-0.4892949163913727,0.5376212000846863,0.2219845950603485,-0.47208380699157715,0.5410956144332886,0.2223462462425232,-0.4720887243747711,0.5447090864181519,0.22264640033245087,-0.4721217751502991,0.5246078372001648,0.22150184214115143,-0.4726734757423401,0.5199543237686157,0.22167843580245972,-0.4727434515953064,0.516416072845459,0.2218283712863922,-0.4727165699005127,0.551956832408905,0.22994567453861237,-0.3332458734512329,0.5112299919128418,0.23008815944194794,-0.3374309241771698,0.5384291410446167,0.2557714581489563,-0.4350624084472656,0.5226653814315796,0.25737300515174866,-0.43644094467163086,0.5853633880615234,0.32576629519462585,-0.21613112092018127,0.47842860221862793,0.32538506388664246,-0.21525700390338898,0.6096611022949219,0.436605304479599,-0.1437077522277832,0.45873236656188965,0.436941921710968,-0.1407332718372345,0.6326953172683716,0.5346652269363403,-0.2520705759525299,0.43915343284606934,0.5355951189994812,-0.2475561648607254,0.6385844945907593,0.5661974549293518,-0.28598740696907043,0.434678316116333,0.5688734650611877,-0.2826956808567047,0.633738100528717,0.56492680311203,-0.3334052562713623,0.4382236897945404,0.5673983693122864,-0.33273041248321533,0.6315178275108337,0.5569546222686768,-0.27218469977378845,0.4417657256126404,0.5592809319496155,-0.26985591650009155,0.564487099647522,0.5387632250785828,0.0068260012194514275,0.49973034858703613,0.5419377088546753,-0.006979028694331646,0.5789021849632263,0.699573814868927,0.012822088785469532,0.48313218355178833,0.6978167295455933,0.0011271117255091667,0.5947675704956055,0.8372287154197693,0.19953343272209167,0.4653053879737854,0.8409075140953064,0.20664699375629425,0.586469292640686,0.8551865220069885,0.20862829685211182,0.4720615744590759,0.855304479598999,0.21666014194488525,0.6244403123855591,0.8934147357940674,0.05414602905511856,0.4503132402896881,0.8958961963653564,0.06270380318164825
12,bend,a12_s03_e03,0.5306993722915649,0.24362610280513763,-0.5049650073051453,0.5376192927360535,0.22736890614032745,-0.48873621225357056,0.5410710573196411,0.22744721174240112,-0.4887407720088959,0.5447031259536743,0.2277093380689621,-0.4887840151786804,0.52460777759552,0.22645273804664612,-0.48928743600845337,0.5199342370033264,0.22620649635791779,-0.4893609583377838,0.5163925886154175,0.22615833580493927,-0.4893307685852051,0.5519407391548157,0.23312729597091675,-0.3496157228946686,0.5112133622169495,0.2325935661792755,-0.35362592339515686,0.5383249521255493,0.2594851851463318,-0.45002180337905884,0.5225266814231873,0.26054948568344116,-0.4513469338417053,0.5853645205497742,0.32603195309638977,-0.22828800976276398,0.4780883193016052,0.32609665393829346,-0.2270013988018036,0.6102648973464966,0.4369516968727112,-0.15574780106544495,0.45828118920326233,0.4380926489830017,-0.1526099294424057,0.6329244375228882,0.5360414385795593,-0.26255497336387634,0.43873414397239685,0.5386156439781189,-0.2589709758758545,0.6386182308197021,0.5669161081314087,-0.29674428701400757,0.4345378875732422,0.5719020366668701,-0.2939389944076538,0.633700430393219,0.5656517148017883,-0.3439576029777527,0.4381602704524994,0.5704064965248108,-0.3439585864543915,0.6315001845359802,0.5576741695404053,-0.282595694065094,0.44165176153182983,0.5618483424186707,-0.2811341881752014,0.5644503235816956,0.5387066602706909,0.006487297359853983,0.49970006942749023,0.5419248342514038,-0.0066374256275594234,0.5789095163345337,0.6995696425437927,0.008888853713870049,0.4830561578273773,0.697924017906189,0.0010647284798324108,0.5947083830833435,0.8371272683143616,0.19343627989292145,0.4652957320213318,0.8409043550491333,0.20658154785633087,0.5864633917808533,0.855060338973999,0.20235605537891388,0.47210168838500977,0.8552847504615784,0.21648649871349335,0.6243681907653809,0.8934191465377808,0.04930291324853897,0.45027104020118713,0.8958998918533325,0.062419455498456955
13,bend,a12_s03_e03,0.5302308201789856,0.24768365919589996,-0.5120155811309814,0.5373641848564148,0.2314726859331131,-0.49636682868003845,0.540886402130127,0.23152472078800201,-0.49636873602867126,0.5443918108940125,0.2317853569984436,-0.49641528725624084,0.5241483449935913,0.2311730533838272,-0.4966541826725006,0.5195981860160828,0.23111920058727264,-0.4967295229434967,0.5160385370254517,0.23114974796772003,-0.49669981002807617,0.5518404245376587,0.2364562451839447,-0.3572881519794464,0.5110870003700256,0.23598338663578033,-0.3602437376976013,0.5378731489181519,0.26263976097106934,-0.4567945599555969,0.5219267010688782,0.26347389817237854,-0.45781031250953674,0.5853828191757202,0.32666298747062683,-0.23281267285346985,0.4779244363307953,0.326560914516449,-0.2321242392063141,0.6108694672584534,0.43783462047576904,-0.15883181989192963,0.4577944278717041,0.4389106333255768,-0.15937648713588715,0.6331883072853088,0.5384754538536072,-0.26406368613243103,0.4380853772163391,0.5409851670265198,-0.26696938276290894,0.6387560367584229,0.5683205723762512,-0.29809945821762085,0.4342465400695801,0.5744256377220154,-0.30202406644821167,0.6337288022041321,0.5670972466468811,-0.3453751504421234,0.4380952715873718,0.5728233456611633,-0.35190385580062866,0.6315215229988098,0.559025228023529,-0.2841070890426636,0.44154563546180725,0.563976526260376,-0.2890333831310272,0.5644202828407288,0.5384135842323303,0.006326229311525822,0.49969878792762756,0.5416809320449829,-0.006475507281720638,0.5789600014686584,0.6994913220405579,0.006874160375446081,0.4830477237701416,0.6980159282684326,0.00012497960415203124,0.5946608185768127,0.8371000289916992,0.18940262496471405,0.4652917981147766,0.8408955931663513,0.20513224601745605,0.5864559412002563,0.8550188541412354,0.1980856955051422,0.47217997908592224,0.8552630543708801,0.21528920531272888,0.6243036985397339,0.8934711813926697,0.04567965492606163,0.4502674639225006,0.8959018588066101,0.062380485236644745
14,bend,a12_s03_e03,0.5300567746162415,0.2517887055873871,-0.5260488986968994,0.5372334718704224,0.23672908544540405,-0.5108636617660522,0.5408211350440979,0.23649616539478302,-0.5108646750450134,0.5442056059837341,0.23648348450660706,-0.5109190344810486,0.5240161418914795,0.23682647943496704,-0.5114889740943909,0.5194965600967407,0.23666289448738098,-0.5115661025047302,0.5159626603126526,0.2366418093442917,-0.5115352272987366,0.5515955686569214,0.24007736146450043,-0.37047725915908813,0.5110462307929993,0.2397833913564682,-0.3750966191291809,0.5377238988876343,0.26597943902015686,-0.46995171904563904,0.521690845489502,0.2668622136116028,-0.4714391827583313,0.5853912830352783,0.32713037729263306,-0.2423114776611328,0.4776991903781891,0.3274606764316559,-0.24181368947029114,0.6115394830703735,0.43855682015419006,-0.1666916310787201,0.45733842253685,0.44005879759788513,-0.16856782138347626,0.6332812905311584,0.5408743023872375,-0.2719425559043884,0.4372919499874115,0.544322669506073,-0.2773829698562622,0.638685405254364,0.5702126026153564,-0.30668172240257263,0.43376612663269043,0.5770139098167419,-0.3124905228614807,0.6336694955825806,0.5689296722412109,-0.3543688952922821,0.43789905309677124,0.5754315257072449,-0.36312127113342285,0.631452739238739,0.5607344508171082,-0.29214420914649963,0.4412977695465088,0.5663736462593079,-0.29962921142578125,0.5644184947013855,0.5374489426612854,0.006302441470324993,0.4997008442878723,0.5412178635597229,-0.006450134329497814,0.5790501832962036,0.6992272138595581,0.003123931586742401,0.48303595185279846,0.6980157494544983,-0.0013396335998550057,0.5944681167602539,0.8370679020881653,0.18151742219924927,0.46529728174209595,0.840894877910614,0.19797275960445404,0.5863406658172607,0.8550035357475281,0.18959808349609375,0.4723435044288635,0.8552529811859131,0.2075250893831253,0.6242316365242004,0.8934752941131592,0.036033906042575836,0.4502624571323395,0.8959675431251526,0.0541803315281868
15,bend,a12_s03_e03,0.530056357383728,0.2599865794181824,-0.5570964217185974,0.5371562242507935,0.24515701830387115,-0.5430427193641663,0.5407470464706421,0.2449001967906952,-0.543042778968811,0.5440196990966797,0.24461279809474945,-0.5431142449378967,0.5239987373352051,0.24507592618465424,-0.5440802574157715,0.5194947123527527,0.24466294050216675,-0.5441694855690002,0.5159674286842346,0.2439458668231964,-0.5441450476646423,0.5513387322425842,0.24637477099895477,-0.39889946579933167,0.5110056400299072,0.24506966769695282,-0.4053507447242737,0.5377242565155029,0.27389955520629883,-0.49850139021873474,0.5216881036758423,0.2741453945636749,-0.5005571246147156,0.5853914022445679,0.3282093405723572,-0.2596229314804077,0.4773547053337097,0.32925987243652344,-0.26421618461608887,0.6124334335327148,0.44017452001571655,-0.1797703057527542,0.4565432667732239,0.4415963292121887,-0.19292114675045013,0.6334246397018433,0.5437827706336975,-0.2820679545402527,0.43694868683815,0.5485026240348816,-0.3023648262023926,0.6387220025062561,0.5725286602973938,-0.31679463386535645,0.43353405594825745,0.5801137685775757,-0.33800187706947327,0.6336051225662231,0.5716322064399719,-0.3650001287460327,0.437896728515625,0.5787488222122192,-0.3889540433883667,0.6313947439193726,0.5631795525550842,-0.3024258017539978,0.4412956237792969,0.5694604516029358,-0.3245019316673279,0.5644200444221497,0.5370000004768372,0.006333434488624334,0.4997083246707916,0.5410700440406799,-0.006476952228695154,0.579140841960907,0.6990570425987244,-0.004457411356270313,0.4830012917518616,0.6980540752410889,-0.005186854396015406,0.5944596529006958,0.8370731472969055,0.1715899407863617,0.46531015634536743,0.8407857418060303,0.19108915328979492,0.5863403081893921,0.8550052046775818,0.17952077090740204,0.47251492738723755,0.8550999760627747,0.20053045451641083,0.6241955161094666,0.8935155868530273,0.02559356391429901,0.4502628445625305,0.8959777355194092,0.047201160341501236
16,bend,a12_s03_e03,0.529786229133606,0.2687789797782898,-0.5703247785568237,0.5368270874023438,0.2532833218574524,-0.5577946901321411,0.5406106114387512,0.25274857878685,-0.5577929615974426,0.543774425983429,0.252236545085907,-0.5578707456588745,0.5235339403152466,0.2524563670158386,-0.5580419898033142,0.5192437767982483,0.25135549902915955,-0.558137059211731,0.5156809091567993,0.25029876828193665,-0.5581164360046387,0.5512063503265381,0.2528465986251831,-0.41544151306152344,0.5108057260513306,0.2508178949356079,-0.4179655611515045,0.5375542640686035,0.28237268328666687,-0.5117093324661255,0.5214782357215881,0.28210192918777466,-0.5126585364341736,0.5854007005691528,0.33064618706703186,-0.27140504121780396,0.4769071638584137,0.3314284384250641,-0.27412235736846924,0.6131337881088257,0.44408339262008667,-0.19078493118286133,0.4557674825191498,0.4437362551689148,-0.20220538973808289,0.6336389780044556,0.5480924248695374,-0.289018452167511,0.43691200017929077,0.5513371229171753,-0.309635192155838,0.6386962532997131,0.5775617957115173,-0.3229718804359436,0.4334662854671478,0.5825861692428589,-0.34480077028274536,0.6335388422012329,0.5769442319869995,-0.3709598183631897,0.43790334463119507,0.5812329649925232,-0.395184189081192,0.6312860250473022,0.567552387714386,-0.3091517984867096,0.4412984848022461,0.5717090368270874,-0.331390917301178,0.5643892884254456,0.5371281504631042,0.006331981625407934,0.4996755123138428,0.5411155819892883,-0.006474032998085022,0.5793120265007019,0.6991184949874878,-0.008945695124566555,0.48296356201171875,0.6982530355453491,-0.00673139002174139,0.5944713354110718,0.8370670676231384,0.16452541947364807,0.46533551812171936,0.8406658172607422,0.18594694137573242,0.5863528251647949,0.8549820780754089,0.1722531020641327,0.4726623594760895,0.8549381494522095,0.19516530632972717,0.6241912245750427,0.8935288190841675,0.018665704876184464,0.4502745568752289,0.8960062265396118,0.04263473302125931
17,bend,a12_s03_e03,0.5290412306785583,0.280177503824234,-0.5790110230445862,0.5361879467964172,0.2637181878089905,-0.5692591071128845,0.5402399301528931,0.2629639804363251,-0.5692533254623413,0.5433281660079956,0.2623019516468048,-0.5693398714065552,0.5232299566268921,0.2634080946445465,-0.5685218572616577,0.5191314220428467,0.2625201940536499,-0.5686187148094177,0.5156234502792358,0.26172304153442383,-0.568601667881012,0.5507063269615173,0.26015618443489075,-0.4301925301551819,0.5107826590538025,0.2597844898700714,-0.42799216508865356,0.5370460152626038,0.2942505180835724,-0.5203547477722168,0.5212876200675964,0.29375964403152466,-0.5199612975120544,0.5853368043899536,0.3324579894542694,-0.27989405393600464,0.4763549268245697,0.3339821398258209,-0.2781185507774353,0.6138625741004944,0.4477086365222931,-0.19553089141845703,0.4551849961280823,0.4475277364253998,-0.20409491658210754,0.6338523030281067,0.5529625415802002,-0.28594058752059937,0.43687424063682556,0.5552572011947632,-0.3082438111305237,0.6387566328048706,0.5836381316184998,-0.31832772493362427,0.43344682455062866,0.5867569446563721,-0.34173065423965454,0.6335169076919556,0.5830999612808228,-0.3659038245677948,0.4379345774650574,0.5856828689575195,-0.39169785380363464,0.6311134099960327,0.5730200409889221,-0.30558720231056213,0.4413324296474457,0.5752905011177063,-0.3295392394065857,0.5643779635429382,0.5376405119895935,0.006192765198647976,0.49962782859802246,0.5413209795951843,-0.006323779467493296,0.5794476270675659,0.6992866396903992,-0.01966032385826111,0.4827975332736969,0.6986030340194702,-0.011472928337752819,0.5944742560386658,0.837061882019043,0.1430826485157013,0.4653356075286865,0.8406859636306763,0.1678745001554489,0.586383044719696,0.8549498319625854,0.14987953007221222,0.47272998094558716,0.8549367785453796,0.1759854406118393,0.624188244342804,0.893571674823761,-0.001203451887704432,0.45025429129600525,0.8961318731307983,0.026511237025260925
18,bend,a12_s03_e03,0.5279691219329834,0.2916087508201599,-0.5742318630218506,0.5350905656814575,0.2748199701309204,-0.5665854811668396,0.5395280122756958,0.27417483925819397,-0.5665688514709473,0.5427038669586182,0.2732403874397278,-0.566649317741394,0.5224332809448242,0.2742358148097992,-0.5648046731948853,0.5187826752662659,0.2731449007987976,-0.5648995041847229,0.5153400897979736,0.2718406617641449,-0.5648788213729858,0.5502214431762695,0.2682957947254181,-0.4323476254940033,0.5107812881469727,0.2670538127422333,-0.42529186606407166,0.5361882448196411,0.3038305640220642,-0.5166417360305786,0.5209890604019165,0.3033638596534729,-0.514868974685669,0.5853381752967834,0.3367479145526886,-0.27994978427886963,0.4760802686214447,0.3370087742805481,-0.27378973364830017,0.6144982576370239,0.45187970995903015,-0.193368598818779,0.45457690954208374,0.45061594247817993,-0.19761383533477783,0.633969783782959,0.5576515197753906,-0.280143678188324,0.43673163652420044,0.5581727623939514,-0.3000876307487488,0.6387444734573364,0.5894437432289124,-0.3119261860847473,0.4334022104740143,0.5906537175178528,-0.33240002393722534,0.633299708366394,0.5887261033058167,-0.35908469557762146,0.43799176812171936,0.5900348424911499,-0.38139718770980835,0.6305403709411621,0.5783712267875671,-0.2994433641433716,0.44140157103538513,0.5788912177085876,-0.3207593858242035,0.5643554925918579,0.5383490920066833,0.005812444724142551,0.4994363784790039,0.5415627956390381,-0.005936413072049618,0.5795680284500122,0.6994673609733582,-0.024944748729467392,0.4827566146850586,0.6989268660545349,-0.0156494602560997,0.5944894552230835,0.8370540738105774,0.1238340362906456,0.4653744101524353,0.8405401706695557,0.15136002004146576,0.5864285826683044,0.8549186587333679,0.12936058640480042,0.47293972969055176,0.8547573089599609,0.15845240652561188,0.6241844892501831,0.893581211566925,-0.01988116279244423,0.45025140047073364,0.8961360454559326,0.011594672687351704
19,bend,a12_s03_e03,0.5269896388053894,0.30118849873542786,-0.5829653739929199,0.5341921448707581,0.28561484813690186,-0.5765023231506348,0.5387505888938904,0.28463640809059143,-0.5764796733856201,0.5421461462974548,0.28334328532218933,-0.5765666961669922,0.5219012498855591,0.28451696038246155,-0.5738698840141296,0.5184778571128845,0.2828686535358429,-0.5739623308181763,0.5150607228279114,0.28105416893959045,-0.5739358067512512,0.5495936274528503,0.2754170596599579,-0.44404977560043335,0.5107619166374207,0.2736875116825104,-0.4330040514469147,0.5351266264915466,0.3111647367477417,-0.5256038904190063,0.5205577611923218,0.310420423746109,-0.5226308107376099,0.5852614641189575,0.3410378098487854,-0.29076647758483887,0.47565746307373047,0.3408394753932953,-0.27640190720558167,0.6146639585494995,0.45520538091659546,-0.20635370910167694,0.4544437527656555,0.4559994041919708,-0.19575928151607513,0.6341899633407593,0.5634244084358215,-0.2894604802131653,0.43674618005752563,0.5624377131462097,-0.29630047082901,0.6389816403388977,0.596653163433075,-0.3205685019493103,0.4334048628807068,0.5960237383842468,-0.3279789686203003,0.6332663297653198,0.5955898761749268,-0.3663787543773651,0.43809762597084045,0.5958219766616821,-0.37688276171684265,0.6303479075431824,0.5856608152389526,-0.30785438418388367,0.44159573316574097,0.5844424366950989,-0.3167840242385864,0.5642693638801575,0.539243757724762,0.004794301465153694,0.4992654323577881,0.5419750213623047,-0.00490901805460453,0.5798629522323608,0.6999896764755249,-0.033196378499269485,0.48265933990478516,0.6995465755462646,-0.021522533148527145,0.5946383476257324,0.8370476365089417,0.11521705240011215,0.46537432074546814,0.8405346274375916,0.14530271291732788,0.5866693258285522,0.854894757270813,0.12082289159297943,0.47313904762268066,0.854686439037323,0.15245530009269714,0.6242269277572632,0.8937127590179443,-0.02845136448740959,0.45017337799072266,0.8962441086769104,0.00625667255371809
20,bend,a12_s03_e03,0.5268247723579407,0.3143226206302643,-0.623796820640564,0.5337668061256409,0.30075380206108093,-0.6196036338806152,0.5382645726203918,0.2993431091308594,-0.6195656657218933,0.5417829155921936,0.29769423604011536,-0.6196601986885071,0.5218433141708374,0.3003375828266144,-0.6170227527618408,0.5184694528579712,0.29868313670158386,-0.6171437501907349,0.515069305896759,0.29667356610298157,-0.6171503663063049,0.548873245716095,0.28575819730758667,-0.4891928732395172,0.5109893083572388,0.28406649827957153,-0.4786647856235504,0.5347073078155518,0.321767121553421,-0.5660760402679443,0.5205770134925842,0.32120227813720703,-0.5632500052452087,0.5851157307624817,0.34593984484672546,-0.32541078329086304,0.47546225786209106,0.3447518050670624,-0.3151603639125824,0.6146329641342163,0.46053797006607056,-0.2389925718307495,0.4539978504180908,0.4632491171360016,-0.23524387180805206,0.6341710090637207,0.5717389583587646,-0.31804710626602173,0.43697768449783325,0.573635995388031,-0.32973942160606384,0.6392214894294739,0.6062580943107605,-0.34875261783599854,0.4338756501674652,0.6079369783401489,-0.3604218363761902,0.633240818977356,0.6058826446533203,-0.3940346837043762,0.43922287225723267,0.6070806384086609,-0.40817251801490784,0.6301990747451782,0.5959145426750183,-0.33599451184272766,0.44328317046165466,0.5960224270820618,-0.34896594285964966,0.5640939474105835,0.539350688457489,0.004606055561453104,0.4990968704223633,0.5421426892280579,-0.004713894333690405,0.5801069736480713,0.7002270817756653,-0.04083678126335144,0.48264527320861816,0.6997618079185486,-0.02247483655810356,0.5947993993759155,0.8371309041976929,0.10986185073852539,0.4653756618499756,0.840567409992218,0.1398155689239502,0.5869056582450867,0.8549800515174866,0.11555331945419312,0.4732930660247803,0.8546798825263977,0.1462055891752243,0.6242585182189941,0.8940565586090088,-0.03382188454270363,0.45007190108299255,0.8962997198104858,-0.0035560517571866512
21,bend,a12_s03_e03,0.5285478830337524,0.32572609186172485,-0.6680731773376465,0.5347551703453064,0.3131951689720154,-0.6634297370910645,0.5388475060462952,0.3117083013057709,-0.6633899211883545,0.5421313047409058,0.31015756726264954,-0.6634949445724487,0.523412823677063,0.3133184611797333,-0.662469744682312,0.5198196172714233,0.31178584694862366,-0.6626018285751343,0.5163500905036926,0.30979639291763306,-0.6625964045524597,0.5488646626472473,0.2989148199558258,-0.5272406935691833,0.511037290096283,0.29784515500068665,-0.5241669416427612,0.5353647470474243,0.33478736877441406,-0.6077325940132141,0.5224796533584595,0.3342035412788391,-0.6070529818534851,0.5848672986030579,0.3524528443813324,-0.35599619150161743,0.4751937985420227,0.352662056684494,-0.3493565320968628,0.6146179437637329,0.467342346906662,-0.27185407280921936,0.45398053526878357,0.4717566668987274,-0.26810920238494873,0.6341565847396851,0.5820972919464111,-0.3553398847579956,0.4389394223690033,0.5843273401260376,-0.3639136850833893,0.6392759680747986,0.6144949197769165,-0.3884948194026947,0.4346819818019867,0.6160454154014587,-0.39616659283638,0.6331597566604614,0.6138921976089478,-0.4341188371181488,0.4405670762062073,0.6150957345962524,-0.4444849491119385,0.6300085783004761,0.6053139567375183,-0.37356650829315186,0.4453897476196289,0.6054731607437134,-0.3833170533180237,0.5640300512313843,0.5390616655349731,0.004317714367061853,0.49907058477401733,0.5419014096260071,-0.004405002575367689,0.5803597569465637,0.7002237439155579,-0.045593783259391785,0.4825121760368347,0.6997935175895691,-0.02728121355175972,0.5950906276702881,0.8372150659561157,0.09951962530612946,0.465373694896698,0.8406175374984741,0.12987402081489563,0.5872876048088074,0.855211615562439,0.10419391095638275,0.4733772873878479,0.85470050573349,0.13508625328540802,0.6242662668228149,0.8942028880119324,-0.047514643520116806,0.4499457776546478,0.8965839743614197,-0.01773054152727127
22,bend,a12_s03_e03,0.5287290215492249,0.34181612730026245,-0.7124953866004944,0.5348308086395264,0.32888469099998474,-0.7093046307563782,0.5388720035552979,0.3274693489074707,-0.7092511653900146,0.5421396493911743,0.3257647156715393,-0.7093648314476013,0.5238775014877319,0.32793739438056946,-0.7077783346176147,0.5203367471694946,0.326034814119339,-0.707913875579834,0.5169978737831116,0.3240547180175781,-0.7078929543495178,0.548768162727356,0.3135450482368469,-0.5737056732177734,0.5111066102981567,0.3101588487625122,-0.5675258040428162,0.5353785753250122,0.3497544825077057,-0.6517142057418823,0.5226945281028748,0.34794914722442627,-0.6501823663711548,0.5847951173782349,0.35892754793167114,-0.39323753118515015,0.47488218545913696,0.3600449562072754,-0.38543736934661865,0.6145959496498108,0.47288978099823,-0.3122575581073761,0.453906774520874,0.4775605797767639,-0.3014720380306244,0.6341428160667419,0.5911937952041626,-0.3928661048412323,0.4403427243232727,0.5940096378326416,-0.39580801129341125,0.6392783522605896,0.623970091342926,-0.4276161789894104,0.43633073568344116,0.6252556443214417,-0.42972975969314575,0.6329817771911621,0.6235761642456055,-0.4734775424003601,0.44251590967178345,0.6239643096923828,-0.47835415601730347,0.6299194097518921,0.6144589781761169,-0.41115960478782654,0.44699525833129883,0.61393141746521,-0.4154578745365143,0.5635353326797485,0.5383199453353882,0.00417704600840807,0.49852100014686584,0.5409020185470581,-0.0042507825419306755,0.5805277228355408,0.7002149820327759,-0.04511068016290665,0.4825100898742676,0.6997607350349426,-0.030842576175928116,0.5953139662742615,0.8374620079994202,0.10185040533542633,0.4653695225715637,0.8408617377281189,0.12884309887886047,0.5876933336257935,0.855577290058136,0.10654208809137344,0.473396360874176,0.854826033115387,0.1342615783214569,0.6242852807044983,0.8943220973014832,-0.04728538542985916,0.4496540129184723,0.897044837474823,-0.02013394609093666
23,bend,a12_s03_e03,0.5289591550827026,0.3560817837715149,-0.7716408371925354,0.5353707075119019,0.3425726890563965,-0.7681546211242676,0.5392902493476868,0.34137603640556335,-0.7681053876876831,0.5425476431846619,0.3397270441055298,-0.7682411074638367,0.5243535041809082,0.34093326330184937,-0.7666679620742798,0.5208151936531067,0.3387863039970398,-0.7668069005012512,0.5173685550689697,0.336565226316452,-0.7667887210845947,0.5488767623901367,0.3272849917411804,-0.6274123191833496,0.5111184120178223,0.3244551718235016,-0.6212289929389954,0.5355302095413208,0.3630817234516144,-0.7086724638938904,0.5227872133255005,0.36163589358329773,-0.7071881294250488,0.5846643447875977,0.3664848506450653,-0.43814921379089355,0.474668025970459,0.3679713308811188,-0.431048721075058,0.6145581007003784,0.48126983642578125,-0.36582475900650024,0.4537191390991211,0.4854032099246979,-0.3573504090309143,0.6341315507888794,0.6023181676864624,-0.4460156559944153,0.44162487983703613,0.6036758422851562,-0.4542986750602722,0.6392648816108704,0.6346703171730042,-0.48406320810317993,0.437589555978775,0.6352759599685669,-0.49135977029800415,0.6327481269836426,0.6346294283866882,-0.5300273895263672,0.4443938136100769,0.634463906288147,-0.5399324893951416,0.6297369599342346,0.6235029101371765,-0.46468085050582886,0.4484225809574127,0.6232985854148865,-0.4742696285247803,0.5629515051841736,0.5365374684333801,0.004169014748185873,0.49775901436805725,0.5396562814712524,-0.0042337109334766865,0.5805851221084595,0.7001931071281433,-0.044341038912534714,0.4822903275489807,0.6999646425247192,-0.029638733714818954,0.59536212682724,0.8374007344245911,0.10423185676336288,0.4653117060661316,0.8413568139076233,0.14018645882606506,0.587800145149231,0.8555305600166321,0.11200807988643646,0.4732955992221832,0.8550912141799927,0.14607827365398407,0.6240089535713196,0.8943015933036804,-0.0354497916996479,0.4496552050113678,0.8985893726348877,-0.007432942744344473
24,bend,a12_s03_e03,0.530235767364502,0.3699120879173279,-0.840042769908905,0.5364978313446045,0.3570624887943268,-0.8365780711174011,0.5402107238769531,0.35549280047416687,-0.8365200757980347,0.5436850786209106,0.3534105122089386,-0.8366674184799194,0.5255228877067566,0.3566316068172455,-0.8355435132980347,0.5218991637229919,0.35476571321487427,-0.8356961011886597,0.5183441638946533,0.35256749391555786,-0.835681140422821,0.5494799613952637,0.3402233123779297,-0.6903557777404785,0.5110258460044861,0.3401990532875061,-0.6861081123352051,0.5361286401748657,0.37474384903907776,-0.7744494676589966,0.5236086249351501,0.374191015958786,-0.7735548615455627,0.5844648480415344,0.3735884130001068,-0.48823094367980957,0.47428807616233826,0.37885886430740356,-0.4820044934749603,0.614529013633728,0.48839297890663147,-0.4162193834781647,0.4536086916923523,0.4934028089046478,-0.4114793837070465,0.634119987487793,0.6082679033279419,-0.49749359488487244,0.4421592652797699,0.6125242114067078,-0.5118791460990906,0.6393140554428101,0.6419146656990051,-0.5374413728713989,0.4383319318294525,0.6470174789428711,-0.5511171221733093,0.6327335834503174,0.6428845524787903,-0.5839246511459351,0.4453962743282318,0.6467477679252625,-0.6011019945144653,0.6296676397323608,0.6310369968414307,-0.516533374786377,0.44915714859962463,0.632599413394928,-0.5326588153839111,0.5628321170806885,0.5331575274467468,0.0037980801425874233,0.49748387932777405,0.5378296375274658,-0.003816877258941531,0.5807381868362427,0.7000300884246826,-0.052398424595594406,0.4819489121437073,0.6999696493148804,-0.03160151466727257,0.5953748822212219,0.8373696804046631,0.13212017714977264,0.4653502404689789,0.8413582444190979,0.1672184020280838,0.5878482460975647,0.8555077910423279,0.14329484105110168,0.47331738471984863,0.8550081253051758,0.17738428711891174,0.6239145994186401,0.8943066000938416,-0.01845656707882881,0.4501158595085144,0.89975905418396,0.01372587401419878
25,bend,a12_s03_e03,0.5306689739227295,0.3843882977962494,-0.8604192733764648,0.5369092226028442,0.3740770220756531,-0.8582825660705566,0.5406115055084229,0.37225621938705444,-0.8582255244255066,0.5442101359367371,0.36999163031578064,-0.8583859205245972,0.5259060263633728,0.3743664026260376,-0.8559935688972473,0.5222424268722534,0.37279972434043884,-0.8561443090438843,0.518710196018219,0.3708771765232086,-0.856133759021759,0.5497716069221497,0.35486841201782227,-0.716464638710022,0.5110253691673279,0.35599371790885925,-0.7057900428771973,0.5364405512809753,0.38831230998039246,-0.795989453792572,0.5239289402961731,0.3877948820590973,-0.7932558059692383,0.5844595432281494,0.38453584909439087,-0.5107134580612183,0.47404909133911133,0.38617485761642456,-0.49232953786849976,0.6148360967636108,0.49712935090065,-0.4391825199127197,0.45354610681533813,0.4985254406929016,-0.41407981514930725,0.63404381275177,0.615749716758728,-0.5163174867630005,0.44236841797828674,0.6209090352058411,-0.5102853775024414,0.6395097970962524,0.6519355773925781,-0.5561115145683289,0.4393783509731293,0.6582046747207642,-0.5486275553703308,0.6327096223831177,0.652699887752533,-0.6020355224609375,0.44667381048202515,0.6575854420661926,-0.5982095003128052,0.6295831799507141,0.64127516746521,-0.5350865125656128,0.45008793473243713,0.6442598700523376,-0.5308696031570435,0.5626205205917358,0.5305830240249634,0.0018398122629150748,0.4969778060913086,0.5339035391807556,-0.001791470916941762,0.5807803869247437,0.699023425579071,-0.07955502718687057,0.48177391290664673,0.6992015242576599,-0.06211147457361221,0.5952659845352173,0.8371840715408325,0.12892857193946838,0.4654538035392761,0.8411551117897034,0.15827307105064392,0.5878257155418396,0.8549264073371887,0.14019957184791565,0.47333893179893494,0.854591965675354,0.17071741819381714,0.6232906579971313,0.8942775726318359,-0.026934856548905373,0.4505302309989929,0.8998915553092957,0.000390025379601866
26,bend,a12_s03_e03,0.530659556388855,0.3998689353466034,-0.8705915212631226,0.5369036793708801,0.38923507928848267,-0.8680636286735535,0.5406047105789185,0.38763731718063354,-0.8679917454719543,0.5442023277282715,0.3855937123298645,-0.8681427240371704,0.5258570909500122,0.3891301155090332,-0.8658089637756348,0.5221832990646362,0.38774189352989197,-0.8659621477127075,0.5186594724655151,0.38624992966651917,-0.8659372329711914,0.5497469902038574,0.3710252046585083,-0.7247622013092041,0.5107008814811707,0.3724302351474762,-0.713800847530365,0.5364576578140259,0.40422242879867554,-0.8056750297546387,0.523899495601654,0.4030953645706177,-0.8028462529182434,0.5843619108200073,0.3939882814884186,-0.5135172605514526,0.4732747972011566,0.398550420999527,-0.5031190514564514,0.6148334741592407,0.5053593516349792,-0.4447745680809021,0.45272326469421387,0.5089181065559387,-0.4343208372592926,0.6336551308631897,0.6250434517860413,-0.5221314430236816,0.4424300193786621,0.6326690912246704,-0.529911994934082,0.6395503282546997,0.6608830690383911,-0.5614262819290161,0.4396957755088806,0.6688318848609924,-0.5695689916610718,0.6326522827148438,0.6614220142364502,-0.6060663461685181,0.44818806648254395,0.6682130694389343,-0.6165780425071716,0.6293050050735474,0.6524417996406555,-0.5406619906425476,0.4516334533691406,0.6574419140815735,-0.5495966076850891,0.5616518259048462,0.5309387445449829,0.0010268791811540723,0.4961450695991516,0.5343320369720459,-0.0009695646585896611,0.5810032486915588,0.697490930557251,-0.10448553413152695,0.4816352427005768,0.6988227367401123,-0.0899115800857544,0.5950987339019775,0.8368146419525146,0.09766057878732681,0.46559470891952515,0.8404730558395386,0.1298680603504181,0.5877333879470825,0.854289174079895,0.10763265937566757,0.47341910004615784,0.8540659546852112,0.14198681712150574,0.6228441596031189,0.8937467336654663,-0.06071867421269417,0.4517157971858978,0.8997887372970581,-0.021696191281080246
27,bend,a12_s03_e03,0.5304506421089172,0.41486331820487976,-0.9002294540405273,0.5367651581764221,0.4041581153869629,-0.8974294662475586,0.5405455231666565,0.40270739793777466,-0.8973602056503296,0.5441886782646179,0.40087828040122986,-0.8975194692611694,0.5258026719093323,0.4036894142627716,-0.8946416974067688,0.5221552848815918,0.402269572019577,-0.8947916030883789,0.5186411738395691,0.4008103013038635,-0.8947685956954956,0.5497105717658997,0.387104868888855,-0.7526253461837769,0.5103267431259155,0.3879134953022003,-0.7393385767936707,0.5362989902496338,0.4190688729286194,-0.834937572479248,0.5238001942634583,0.4173429608345032,-0.8314341306686401,0.5843263268470764,0.40698477625846863,-0.5402475595474243,0.4730437397956848,0.4080926477909088,-0.5266811847686768,0.6152400970458984,0.5167972445487976,-0.48148584365844727,0.4527433514595032,0.5208874940872192,-0.4696098268032074,0.6331000924110413,0.6362960934638977,-0.5553789138793945,0.4423879086971283,0.6462723016738892,-0.5675435066223145,0.6393111944198608,0.6731653213500977,-0.5974546670913696,0.4401816725730896,0.682939350605011,-0.6094273328781128,0.6318103671073914,0.6735793352127075,-0.6399933099746704,0.4487178921699524,0.6837895512580872,-0.655680775642395,0.6282914280891418,0.6656124591827393,-0.5733084082603455,0.4517195224761963,0.6727344989776611,-0.587415337562561,0.5607378482818604,0.5309998393058777,0.0005739551852457225,0.4957374036312103,0.5346099138259888,-0.000508433033246547,0.581076979637146,0.6967032551765442,-0.09715884178876877,0.4817047715187073,0.6989434361457825,-0.07210482656955719,0.5950706601142883,0.8362635970115662,0.10936782509088516,0.46586909890174866,0.8403182625770569,0.1343947798013687,0.5876846313476562,0.8539324402809143,0.11830687522888184,0.47336345911026,0.8544240593910217,0.15222468972206116,0.6225873231887817,0.8932210803031921,-0.047175925225019455,0.45196333527565,0.8997634053230286,-0.012149075046181679
28,bend,a12_s03_e03,0.530579686164856,0.4245746433734894,-0.9305576086044312,0.5369268655776978,0.41300514340400696,-0.9276303052902222,0.5407460927963257,0.4112659990787506,-0.9275643229484558,0.5444372892379761,0.40949898958206177,-0.9277211427688599,0.5259308815002441,0.413791686296463,-0.92582768201828,0.5222672820091248,0.41268399357795715,-0.9259821176528931,0.5187057852745056,0.4115089774131775,-0.9259728193283081,0.5497187376022339,0.3970697522163391,-0.7821345329284668,0.5102812051773071,0.3992159068584442,-0.77347731590271,0.5363005995750427,0.42733943462371826,-0.8649940490722656,0.5238794088363647,0.42673903703689575,-0.8628252148628235,0.5839593410491943,0.41494500637054443,-0.5677788853645325,0.47305020689964294,0.4183899164199829,-0.5589175224304199,0.6152787208557129,0.5272095203399658,-0.5177415609359741,0.45296359062194824,0.5336554646492004,-0.5139944553375244,0.6328561305999756,0.64482182264328,-0.5918351411819458,0.44270795583724976,0.6579919457435608,-0.611603856086731,0.639306902885437,0.6802458167076111,-0.6346645355224609,0.4409123957157135,0.6929951906204224,-0.6550790667533875,0.6317141652107239,0.6812630891799927,-0.6767425537109375,0.44948846101760864,0.6931981444358826,-0.7008752822875977,0.6282281279563904,0.6729839444160461,-0.6099827885627747,0.45234617590904236,0.6818811893463135,-0.6316502690315247,0.5605360269546509,0.5311700105667114,0.000228108765440993,0.4957517981529236,0.5348266959190369,-0.00015389881446026266,0.5807058811187744,0.6955592632293701,-0.08533813804388046,0.4823991358280182,0.6987994909286499,-0.06417699158191681,0.5950751900672913,0.8362633585929871,0.13732990622520447,0.46605563163757324,0.8402655720710754,0.16289786994457245,0.5877124667167664,0.8540934920310974,0.1469574272632599,0.4732837677001953,0.8551002740859985,0.17663291096687317,0.6225523352622986,0.8931528925895691,-0.028657156974077225,0.4519628584384918,0.8997276425361633,0.0017995880916714668
29,bend,a12_s03_e03,0.5306025743484497,0.44718778133392334,-0.9524794816970825,0.5370404124259949,0.4376468062400818,-0.9509538412094116,0.5409446954727173,0.435392826795578,-0.9508759379386902,0.544716477394104,0.43309900164604187,-0.9510324597358704,0.5260097980499268,0.4382091462612152,-0.9500225186347961,0.5223450660705566,0.4365420341491699,-0.9501843452453613,0.5187647342681885,0.43495509028434753,-0.9501851201057434,0.5497206449508667,0.4159087538719177,-0.8066313862800598,0.5103196501731873,0.41953790187835693,-0.8020160794258118,0.5362764000892639,0.4455921947956085,-0.8864631652832031,0.5238616466522217,0.4450492560863495,-0.8855156898498535,0.5839430093765259,0.4250001311302185,-0.581616222858429,0.47305840253829956,0.43120208382606506,-0.5859450101852417,0.6156784296035767,0.5380760431289673,-0.5264282822608948,0.4529915452003479,0.5448415279388428,-0.5455604791641235,0.6328023076057434,0.6565166115760803,-0.6003459692001343,0.44303303956985474,0.66962730884552,-0.6407787203788757,0.6393054127693176,0.6906060576438904,-0.6430010199546814,0.44127827882766724,0.7056039571762085,-0.6858669519424438,0.6316564083099365,0.6926822066307068,-0.6854384541511536,0.44996213912963867,0.7053471207618713,-0.7308587431907654,0.628200352191925,0.682951033115387,-0.6189485788345337,0.45308437943458557,0.6922580599784851,-0.660572350025177,0.5602340698242188,0.5314146876335144,0.0002842083922587335,0.4957064092159271,0.5342758893966675,-0.00021444851881824434,0.580531656742096,0.69167560338974,-0.07822416722774506,0.48332443833351135,0.6969912052154541,-0.03702240437269211,0.5950578451156616,0.8356342315673828,0.15542306005954742,0.46673932671546936,0.8399727940559387,0.18733027577400208,0.587649941444397,0.8533638119697571,0.16695210337638855,0.47333675622940063,0.8551608324050903,0.19948706030845642,0.6225530505180359,0.8931198716163635,-0.007383496500551701,0.45195960998535156,0.899452805519104,0.02089080400764942
30,bend,a12_s03_e03,0.53095543384552,0.4660644829273224,-0.9558348655700684,0.5375450849533081,0.4553785026073456,-0.9538061022758484,0.5415362119674683,0.45266568660736084,-0.9537286758422852,0.5453317165374756,0.4500603675842285,-0.9538804292678833,0.5263850092887878,0.45627841353416443,-0.9538475871086121,0.5226913094520569,0.4544682502746582,-0.9540095329284668,0.5191071033477783,0.45274314284324646,-0.9540109634399414,0.5497041344642639,0.4320545792579651,-0.809158980846405,0.5106734037399292,0.43673714995384216,-0.8088342547416687,0.5364015698432922,0.46234214305877686,-0.889768123626709,0.5240734815597534,0.4623340964317322,-0.8900353312492371,0.5838024020195007,0.4355834126472473,-0.5819107294082642,0.47306498885154724,0.4459400475025177,-0.5945711731910706,0.6159170866012573,0.5463190078735352,-0.5287259817123413,0.4530054032802582,0.5564808249473572,-0.5599180459976196,0.6327978372573853,0.6645374298095703,-0.6035996675491333,0.44364792108535767,0.6812853217124939,-0.6541914939880371,0.6393923163414001,0.6994388699531555,-0.6467911005020142,0.4413597583770752,0.7167227268218994,-0.7008646130561829,0.6316455602645874,0.7021650671958923,-0.6881697773933411,0.4508041441440582,0.7167308926582336,-0.7442435026168823,0.628179669380188,0.6916360259056091,-0.6222413182258606,0.45436543226242065,0.7052642107009888,-0.6735491752624512,0.5608991384506226,0.5312947034835815,-5.9337566199246794e-05,0.49625349044799805,0.5328948497772217,0.00014620723959524184,0.5801616907119751,0.6866700053215027,-0.07365898787975311,0.48449602723121643,0.6943578720092773,-0.026813354343175888,0.5950928926467896,0.8346654176712036,0.1525842249393463,0.46743884682655334,0.8394033312797546,0.19076040387153625,0.5876462459564209,0.8524749875068665,0.1641557365655899,0.4736405313014984,0.8546182513237,0.20213547348976135,0.6225187182426453,0.8930885195732117,-0.00870935432612896,0.45215553045272827,0.8986693620681763,0.02376709133386612
31,bend,a12_s03_e03,0.5298746824264526,0.4806610643863678,-0.9775995016098022,0.5364283323287964,0.4729585349559784,-0.9766958951950073,0.5406981110572815,0.47119760513305664,-0.9766273498535156,0.5448293685913086,0.46921825408935547,-0.9767943620681763,0.5254953503608704,0.47178342938423157,-0.9759332537651062,0.5220755338668823,0.4697715938091278,-0.9760808944702148,0.5187089443206787,0.4677918553352356,-0.9760665893554688,0.5494168996810913,0.45137882232666016,-0.8342069387435913,0.5107825994491577,0.45246976613998413,-0.8286274075508118,0.5356537103652954,0.47792452573776245,-0.911780834197998,0.5236815810203552,0.47687122225761414,-0.9105094075202942,0.5838014483451843,0.4487312138080597,-0.603203535079956,0.4733157753944397,0.4560621678829193,-0.6093796491622925,0.6160423159599304,0.5585228800773621,-0.5633606314659119,0.45311617851257324,0.5699266791343689,-0.5752778053283691,0.6325163841247559,0.6761152148246765,-0.6517578363418579,0.4438149034976959,0.6923983097076416,-0.6776440143585205,0.6390923261642456,0.7116658091545105,-0.6990780234336853,0.4412516951560974,0.724452555179596,-0.727038562297821,0.6310713291168213,0.7136468291282654,-0.7390145063400269,0.4509693682193756,0.7257091999053955,-0.7711655497550964,0.6276849508285522,0.7035391926765442,-0.6702392101287842,0.45478835701942444,0.7162334322929382,-0.6977566480636597,0.5619615316390991,0.5300542116165161,-0.003270988818258047,0.4973401129245758,0.530065655708313,0.003434109967201948,0.5781554579734802,0.6791252493858337,-0.10857895761728287,0.4844282567501068,0.6829683184623718,-0.03971220925450325,0.5951365828514099,0.8344300389289856,0.1038031131029129,0.4680783152580261,0.8379713296890259,0.18060782551765442,0.5876733064651489,0.8521919846534729,0.11415551602840424,0.47421327233314514,0.8528767228126526,0.1925095021724701,0.622245192527771,0.892981231212616,-0.07091756165027618,0.45231327414512634,0.8979828953742981,0.0031965046655386686
32,bend,a12_s03_e03,0.5317786931991577,0.5018033981323242,-0.9763530492782593,0.5384210348129272,0.4977860152721405,-0.9268891215324402,0.542639970779419,0.4961870014667511,-0.926862895488739,0.5467844605445862,0.49422749876976013,-0.9269324541091919,0.5275276303291321,0.49727505445480347,-0.9208542108535767,0.5242319703102112,0.49495139718055725,-0.9210931658744812,0.5211418271064758,0.49338671565055847,-0.92106693983078,0.550965428352356,0.4754394292831421,-0.7640899419784546,0.5129453539848328,0.47874122858047485,-0.7600943446159363,0.5373268723487854,0.4953579306602478,-0.8626079559326172,0.5253257751464844,0.4943079948425293,-0.856024444103241,0.5838662385940552,0.46226614713668823,-0.550680935382843,0.4739034175872803,0.47164833545684814,-0.5531779527664185,0.6155396103858948,0.5744841694831848,-0.5211507081985474,0.4531267583370209,0.5851499438285828,-0.5034828782081604,0.6314389109611511,0.6889562010765076,-0.5370039343833923,0.44403618574142456,0.7038233876228333,-0.6208310127258301,0.6383533477783203,0.7229292988777161,-0.5717870593070984,0.44117432832717896,0.7339347004890442,-0.6744847297668457,0.6301053762435913,0.7239204049110413,-0.6097983121871948,0.45125943422317505,0.7357027530670166,-0.7447567582130432,0.6266502141952515,0.7155731320381165,-0.5534538626670837,0.4549016058444977,0.7256805896759033,-0.6438468098640442,0.5625461339950562,0.5242183804512024,-0.003222931642085314,0.4971768856048584,0.5261489748954773,0.0033910986967384815,0.5775737166404724,0.680889904499054,-0.09265724569559097,0.48420190811157227,0.6821735501289368,-0.03829234093427658,0.5951880216598511,0.8345381021499634,0.11178354173898697,0.46866029500961304,0.8356001377105713,0.17264625430107117,0.5875988006591797,0.8522009253501892,0.12212344259023666,0.47552236914634705,0.8495566248893738,0.18424293398857117,0.6222543716430664,0.8938586711883545,-0.05435239523649216,0.45281749963760376,0.8970983624458313,0.006784852594137192
33,bend,a12_s03_e03,0.5313436985015869,0.5227225422859192,-0.7358201146125793,0.537927508354187,0.5190393924713135,-0.7418660521507263,0.5423505902290344,0.5169245004653931,-0.7418169975280762,0.5467545986175537,0.5143319368362427,-0.7419631481170654,0.5271580815315247,0.518144965171814,-0.7408038973808289,0.524042010307312,0.5160344839096069,-0.7408840656280518,0.5210422873497009,0.5144148468971252,-0.7408620119094849,0.5511789321899414,0.49157774448394775,-0.6521208882331848,0.5128859877586365,0.4955640137195587,-0.6483024954795837,0.5371836423873901,0.5160422921180725,-0.68705815076828,0.5251965522766113,0.51471346616745,-0.6859459280967712,0.5840598344802856,0.4780619442462921,-0.4640060067176819,0.4747465252876282,0.4841882586479187,-0.46715956926345825,0.6145104169845581,0.5883737802505493,-0.398611456155777,0.4531336724758148,0.598188579082489,-0.4020352363586426,0.6294174790382385,0.7028080224990845,-0.4376193583011627,0.4440425932407379,0.7141741514205933,-0.46569377183914185,0.6355580687522888,0.7374987006187439,-0.469829261302948,0.441145122051239,0.7468216419219971,-0.5007222890853882,0.627517819404602,0.737811267375946,-0.5064775943756104,0.4514182209968567,0.7487244009971619,-0.5444853901863098,0.6241292953491211,0.7268251776695251,-0.453254759311676,0.4549698233604431,0.7356170415878296,-0.4845527112483978,0.564372181892395,0.5193986296653748,-0.0037854246329516172,0.4973469376564026,0.5205605030059814,0.003976139705628157,0.5762096643447876,0.6816006898880005,-0.12706348299980164,0.48095566034317017,0.6818729639053345,-0.11302055418491364,0.5949653387069702,0.834156334400177,0.03173874691128731,0.4694140553474426,0.8333439230918884,0.06365818530321121,0.586572527885437,0.8520981669425964,0.03880893439054489,0.4776857793331146,0.8496024012565613,0.07238499820232391,0.6205477714538574,0.8935655951499939,-0.11141985654830933,0.4531444013118744,0.8953018188476562,-0.07674452662467957
34,bend,a12_s03_e03,0.5302571654319763,0.5364550948143005,-0.6320504546165466,0.5367817878723145,0.5336300730705261,-0.6458483934402466,0.5414214134216309,0.5321210026741028,-0.6457980275154114,0.5461392402648926,0.5301825404167175,-0.6459274888038635,0.5258268117904663,0.5321887135505676,-0.6441267728805542,0.5228180885314941,0.5300214290618896,-0.6441851854324341,0.5199244022369385,0.5283414125442505,-0.6441248655319214,0.5511725544929504,0.5070038437843323,-0.5900214314460754,0.5112481117248535,0.5097740888595581,-0.582045316696167,0.5363199710845947,0.5323931574821472,-0.5967527031898499,0.5240582227706909,0.5305734276771545,-0.594723641872406,0.5846990942955017,0.49367693066596985,-0.42120465636253357,0.47497525811195374,0.4922470152378082,-0.4279552102088928,0.6139436960220337,0.6003144979476929,-0.3587943911552429,0.4533440172672272,0.6070324182510376,-0.36014121770858765,0.628030002117157,0.7139659523963928,-0.3985789120197296,0.44459033012390137,0.7225896716117859,-0.4101356863975525,0.6346167325973511,0.7482236623764038,-0.4285903871059418,0.44125932455062866,0.7582085132598877,-0.4402620196342468,0.6270347833633423,0.7499114871025085,-0.4629649519920349,0.45287102460861206,0.7590373158454895,-0.48165059089660645,0.6234287023544312,0.737923800945282,-0.41361427307128906,0.45656245946884155,0.7481042146682739,-0.42768415808677673,0.5653375387191772,0.5154629945755005,-0.0039856149815022945,0.4973432123661041,0.5156609416007996,0.004164594691246748,0.5743684768676758,0.6803375482559204,-0.1281934678554535,0.48031505942344666,0.6797798871994019,-0.11507680267095566,0.5949156880378723,0.8339216113090515,0.008443647064268589,0.46948298811912537,0.8307141661643982,0.05019361898303032,0.5864728689193726,0.852051317691803,0.013410513289272785,0.47790592908859253,0.8485379815101624,0.057937730103731155,0.6188259124755859,0.891701340675354,-0.13366630673408508,0.45317205786705017,0.8944026231765747,-0.08602134883403778
35,bend,a12_s03_e03,0.5301097631454468,0.5415364503860474,-0.7380436658859253,0.5366329550743103,0.5322292447090149,-0.7318795919418335,0.5411055088043213,0.5301862955093384,-0.7318332195281982,0.5456386804580688,0.5280487537384033,-0.731980562210083,0.5258435606956482,0.5318751931190491,-0.7257558107376099,0.5228703022003174,0.5300098657608032,-0.7259535193443298,0.5201373100280762,0.528184175491333,-0.7258456349372864,0.5504119396209717,0.5101041793823242,-0.6548182964324951,0.5119484663009644,0.5128171443939209,-0.6600710153579712,0.5361031293869019,0.5382297039031982,-0.6746152639389038,0.5240482091903687,0.5375845432281494,-0.6676708459854126,0.5843881368637085,0.5032731294631958,-0.4349786639213562,0.4773607850074768,0.49938756227493286,-0.4570069909095764,0.6130810379981995,0.6055507659912109,-0.3982728123664856,0.454500287771225,0.6106723546981812,-0.3850935995578766,0.6267348527908325,0.721476674079895,-0.4331616759300232,0.44536876678466797,0.7299243807792664,-0.4736355245113373,0.6317847967147827,0.7573341727256775,-0.4615921378135681,0.4419788718223572,0.7696179747581482,-0.5072785019874573,0.6239405870437622,0.7589848041534424,-0.4965518116950989,0.45471030473709106,0.7692476511001587,-0.5493862628936768,0.6204423308372498,0.7488928437232971,-0.44749218225479126,0.4581819474697113,0.7611249685287476,-0.4918695390224457,0.5660420656204224,0.512519121170044,-0.004101497121155262,0.4991084039211273,0.5118160843849182,0.004288398195058107,0.5718827843666077,0.6754067540168762,-0.17749755084514618,0.4797755777835846,0.6774812340736389,-0.15646138787269592,0.5949327349662781,0.8343974351882935,-0.03607192263007164,0.46926945447921753,0.830370306968689,0.00628441059961915,0.5868505835533142,0.8534315228462219,-0.03114856779575348,0.47661200165748596,0.8486457467079163,0.013535546138882637,0.6172273755073547,0.8886853456497192,-0.1968744993209839,0.4535582959651947,0.8932162523269653,-0.1504446566104889
36,bend,a12_s03_e03,0.5301132798194885,0.5536940097808838,-0.7741683721542358,0.5366290807723999,0.5450302362442017,-0.7697448134422302,0.5410393476486206,0.5432403683662415,-0.769676685333252,0.545439600944519,0.5414208173751831,-0.7698208093643188,0.525880753993988,0.5454553961753845,-0.7617993354797363,0.5228703022003174,0.544094443321228,-0.761989951133728,0.5201079249382019,0.5428470969200134,-0.7618436217308044,0.5501513481140137,0.5236111879348755,-0.6777294874191284,0.511745274066925,0.5239750146865845,-0.6892893314361572,0.5359996557235718,0.5503827333450317,-0.7100303173065186,0.524039626121521,0.5508081912994385,-0.6992557644844055,0.5838304758071899,0.5126588940620422,-0.44602566957473755,0.47789543867111206,0.5108740329742432,-0.4854976236820221,0.6122373938560486,0.6134530305862427,-0.4098089635372162,0.45641660690307617,0.6205040812492371,-0.4296722412109375,0.6260992288589478,0.7309190630912781,-0.4556399881839752,0.44634976983070374,0.7428671717643738,-0.4872535765171051,0.6302623152732849,0.7654616236686707,-0.4886476397514343,0.442533403635025,0.7792288064956665,-0.5259100198745728,0.6224061846733093,0.7675912976264954,-0.5249053239822388,0.4555802345275879,0.7778370380401611,-0.5639191269874573,0.6191079020500183,0.7597112059593201,-0.47120556235313416,0.45918431878089905,0.7697791457176208,-0.507388710975647,0.5661779046058655,0.5102400779724121,-0.00391892995685339,0.499926894903183,0.5092630386352539,0.004142971709370613,0.5718212127685547,0.6738033890724182,-0.17644156515598297,0.47981491684913635,0.6774343252182007,-0.1688481718301773,0.5951635241508484,0.8343513011932373,-0.02007007971405983,0.46913522481918335,0.830532431602478,-0.0004839177126996219,0.5879188776016235,0.8534287810325623,-0.013917741365730762,0.4761650562286377,0.8513402342796326,0.006925696041435003,0.6168506145477295,0.887336790561676,-0.18237927556037903,0.45347580313682556,0.8933161497116089,-0.1633022576570511
37,bend,a12_s03_e03,0.5294115543365479,0.567764163017273,-0.840422511100769,0.5360533595085144,0.5601851940155029,-0.8436044454574585,0.5404698252677917,0.5587748289108276,-0.8435553312301636,0.5448311567306519,0.5571995973587036,-0.8437280654907227,0.525244414806366,0.5594364404678345,-0.8423835039138794,0.5222437977790833,0.5577326416969299,-0.8425208926200867,0.5194892883300781,0.5561395287513733,-0.8425402641296387,0.550113320350647,0.5390375852584839,-0.7368068695068359,0.5114816427230835,0.5378237366676331,-0.7350924015045166,0.5354236364364624,0.5642964243888855,-0.7843762636184692,0.5234404802322388,0.5630730986595154,-0.7823779582977295,0.5838651061058044,0.5308879613876343,-0.5115742087364197,0.4778892993927002,0.524804413318634,-0.5266626477241516,0.6121851801872253,0.6274594068527222,-0.43233147263526917,0.45725077390670776,0.6316247582435608,-0.4644547402858734,0.6249702572822571,0.7462440133094788,-0.46544885635375977,0.44637781381607056,0.754431426525116,-0.5156970024108887,0.6293476223945618,0.7800390720367432,-0.4998531937599182,0.44256392121315,0.7871817350387573,-0.5573118925094604,0.6214677095413208,0.782991349697113,-0.5373727083206177,0.4555036127567291,0.786439836025238,-0.5987666845321655,0.6179283857345581,0.7730163931846619,-0.4816069006919861,0.4594210088253021,0.7769486904144287,-0.5364441275596619,0.5661103129386902,0.5022029280662537,-0.003717603860422969,0.5002135634422302,0.4978330731391907,0.003966270014643669,0.5716420412063599,0.6720003485679626,-0.15864059329032898,0.479851633310318,0.6769543886184692,-0.1352303922176361,0.595183253288269,0.8342132568359375,0.01864580437541008,0.46855196356773376,0.8328623175621033,0.05320543050765991,0.5888386964797974,0.8531585931777954,0.01909795217216015,0.474559485912323,0.8540132641792297,0.06231138855218887,0.6160062551498413,0.885806143283844,-0.1388401985168457,0.4531022608280182,0.8934686779975891,-0.10718955844640732
38,bend,a12_s03_e03,0.5285640358924866,0.5759629607200623,-0.8533865213394165,0.5350031852722168,0.5696508884429932,-0.8570774793624878,0.5391095876693726,0.5680127739906311,-0.8570453524589539,0.5431790947914124,0.5663048624992371,-0.8572080731391907,0.5247243642807007,0.5696743726730347,-0.8563739657402039,0.52183997631073,0.5681808590888977,-0.8565052151679993,0.5192006826400757,0.5667644143104553,-0.8565513491630554,0.548904299736023,0.547785758972168,-0.750054657459259,0.5112975239753723,0.548313319683075,-0.7452844381332397,0.5346406698226929,0.5691414475440979,-0.7995304465293884,0.5230023264884949,0.5695483088493347,-0.7981311082839966,0.5838654041290283,0.5349717736244202,-0.533319354057312,0.47781771421432495,0.5332494974136353,-0.5435148477554321,0.6118832230567932,0.6353062987327576,-0.4546160101890564,0.45746779441833496,0.6396034359931946,-0.48794668912887573,0.6247829794883728,0.7543811798095703,-0.49198976159095764,0.4465225338935852,0.7597052454948425,-0.5489445924758911,0.6295397877693176,0.7884798645973206,-0.5330036878585815,0.44251948595046997,0.7946656942367554,-0.5945247411727905,0.621688723564148,0.7911502718925476,-0.5712409019470215,0.45527639985084534,0.7942531108856201,-0.6384352445602417,0.6178305745124817,0.7803176045417786,-0.5099321007728577,0.45952731370925903,0.7831547856330872,-0.5702045559883118,0.5660436153411865,0.5043125748634338,-0.0035352143459022045,0.5005519390106201,0.49827998876571655,0.0038107719738036394,0.5716568827629089,0.672601044178009,-0.14451268315315247,0.47979646921157837,0.6777623295783997,-0.09747950732707977,0.5953781008720398,0.8369782567024231,0.07809268683195114,0.46767011284828186,0.8366844654083252,0.12265720218420029,0.5895084142684937,0.8544502854347229,0.09007616341114044,0.4727296233177185,0.8550646305084229,0.1353439837694168,0.614445149898529,0.8848645091056824,-0.08171544224023819,0.4532957673072815,0.8935403823852539,-0.04086698219180107
39,bend,a12_s03_e03,0.5285383462905884,0.5856016278266907,-0.8853223919868469,0.5346094369888306,0.5798829197883606,-0.8889129757881165,0.5385757088661194,0.5776512622833252,-0.8888799548149109,0.5425249338150024,0.5752774477005005,-0.8890409469604492,0.524486243724823,0.581071138381958,-0.889975368976593,0.5215567350387573,0.5797098875045776,-0.890109658241272,0.5188502073287964,0.5781747698783875,-0.8901805877685547,0.5481082201004028,0.5563355088233948,-0.7806922793388367,0.5102280378341675,0.5588594079017639,-0.782662570476532,0.5346490740776062,0.5765755772590637,-0.8310198783874512,0.5229879021644592,0.5779101848602295,-0.8317488431930542,0.5828693509101868,0.5406884551048279,-0.5709064602851868,0.47777366638183594,0.5437424778938293,-0.5810343623161316,0.6107510924339294,0.6443350315093994,-0.5133410692214966,0.4574716091156006,0.6482978463172913,-0.540940523147583,0.6243253946304321,0.7638534307479858,-0.568642258644104,0.4466019570827484,0.7667586207389832,-0.6061237454414368,0.6293990612030029,0.7986695766448975,-0.6166273355484009,0.44246166944503784,0.8006619811058044,-0.657742440700531,0.6215737462043762,0.8010886311531067,-0.6543129086494446,0.4552324712276459,0.8009626269340515,-0.7000438570976257,0.6173788905143738,0.7904990315437317,-0.5879684686660767,0.45939841866493225,0.7908727526664734,-0.6275349855422974,0.5653597116470337,0.5021466612815857,-0.003483648644760251,0.5001108646392822,0.4980889856815338,0.003782089799642563,0.5718086957931519,0.671553373336792,-0.1389666497707367,0.4792656898498535,0.6783360242843628,-0.0975315123796463,0.5953957438468933,0.8366853594779968,0.10884568840265274,0.4675050377845764,0.841123640537262,0.13142970204353333,0.5896990895271301,0.8541704416275024,0.12293817102909088,0.47250205278396606,0.8584899306297302,0.14494329690933228,0.6142280101776123,0.8844155669212341,-0.051164351403713226,0.4530947804450989,0.8939725756645203,-0.033847592771053314
40,bend,a12_s03_e03,0.529415488243103,0.5920295119285583,-0.929530918598175,0.5348212122917175,0.5843454003334045,-0.9279561042785645,0.5386847853660583,0.5817225575447083,-0.9279144406318665,0.542556643486023,0.5788753628730774,-0.9280659556388855,0.5247355103492737,0.5868607759475708,-0.9284905195236206,0.521670937538147,0.5859811902046204,-0.9286352396011353,0.5188573598861694,0.5847700238227844,-0.9286899566650391,0.5480014085769653,0.5595914721488953,-0.8018620610237122,0.509116530418396,0.5656748414039612,-0.8018454313278198,0.5355530381202698,0.5841363072395325,-0.8696941137313843,0.5235356092453003,0.5871337652206421,-0.869843602180481,0.5813191533088684,0.5467978715896606,-0.5797577500343323,0.4777619242668152,0.5547520518302917,-0.591452956199646,0.6086445450782776,0.6486831307411194,-0.522025465965271,0.4574158191680908,0.6578079462051392,-0.5545466542243958,0.6241737604141235,0.7669366002082825,-0.5842109322547913,0.4474431574344635,0.771075427532196,-0.624043345451355,0.629413366317749,0.8022615909576416,-0.6341996788978577,0.44268113374710083,0.8038877248764038,-0.6775315999984741,0.6215037107467651,0.8045687079429626,-0.6710677146911621,0.45514780282974243,0.8039849400520325,-0.7179049253463745,0.6173001527786255,0.7945987582206726,-0.6031222939491272,0.45967522263526917,0.7947121858596802,-0.6448485851287842,0.564754843711853,0.49999192357063293,-0.0028163339011371136,0.49959826469421387,0.49817150831222534,0.0031089524272829294,0.5748637318611145,0.6619091033935547,-0.15270981192588806,0.47842732071876526,0.6794357895851135,-0.0945865660905838,0.5969931483268738,0.8336390256881714,0.10794617980718613,0.46651583909988403,0.8425600528717041,0.1386425942182541,0.5922321081161499,0.8531357645988464,0.12382949888706207,0.46994686126708984,0.8604548573493958,0.1522718071937561,0.6144830584526062,0.8839037418365479,-0.054598044604063034,0.452507883310318,0.8945541381835938,-0.030028868466615677
41,bend,a12_s03_e03,0.5290199518203735,0.5991846323013306,-0.8907096982002258,0.5345746278762817,0.5932735204696655,-0.893277645111084,0.5385086536407471,0.5910683274269104,-0.8932410478591919,0.5424171686172485,0.5885371565818787,-0.8934023976325989,0.5241188406944275,0.5948659777641296,-0.8942154049873352,0.5208349823951721,0.5939604640007019,-0.8943454027175903,0.5177263021469116,0.5928956866264343,-0.8944088220596313,0.547701358795166,0.5711755156517029,-0.7840842008590698,0.5067857503890991,0.5749401450157166,-0.786178469657898,0.5352345705032349,0.5916939377784729,-0.8360918760299683,0.5226849317550659,0.5936334729194641,-0.836770236492157,0.5812578797340393,0.5508062839508057,-0.5757783651351929,0.4777015149593353,0.5562200546264648,-0.5850071310997009,0.6075612306594849,0.6549745202064514,-0.5185146331787109,0.4573255479335785,0.662856936454773,-0.5515615940093994,0.6240484714508057,0.7718449234962463,-0.577283501625061,0.44778507947921753,0.7749820351600647,-0.6203135251998901,0.6286566257476807,0.8080093860626221,-0.628173291683197,0.44275158643722534,0.8077170252799988,-0.6742576360702515,0.6201515197753906,0.8098184466362,-0.6645609140396118,0.4550440311431885,0.8078303933143616,-0.7153201103210449,0.6161364316940308,0.7993857264518738,-0.5963106751441956,0.4597404897212982,0.7980827689170837,-0.6416827440261841,0.564747154712677,0.4981918931007385,-0.002384204650297761,0.49908727407455444,0.4973081946372986,0.00267465366050601,0.581978440284729,0.6646579504013062,-0.1512579768896103,0.47743597626686096,0.6810857653617859,-0.09466014802455902,0.5989014506340027,0.8337312340736389,0.1368863433599472,0.46608924865722656,0.8433043956756592,0.16392889618873596,0.5940945744514465,0.8532718420028687,0.15521374344825745,0.4695420265197754,0.861048698425293,0.1807752549648285,0.6153916716575623,0.8840591907501221,-0.025064002722501755,0.45158886909484863,0.8953226804733276,0.0006607883842661977
42,bend,a12_s03_e03,0.529525101184845,0.604341447353363,-0.8783232569694519,0.5350099205970764,0.5976495742797852,-0.8809297680854797,0.53897625207901,0.595112144947052,-0.8808876276016235,0.5428561568260193,0.5922091603279114,-0.8810431361198425,0.5242103338241577,0.5990875363349915,-0.8808741569519043,0.5208417177200317,0.5977975130081177,-0.8810054063796997,0.517680287361145,0.596327543258667,-0.8810680508613586,0.547932505607605,0.5720303654670715,-0.7706401944160461,0.5058169364929199,0.576885998249054,-0.7684100866317749,0.5358906984329224,0.5972384810447693,-0.8232801556587219,0.5227159857749939,0.5988588333129883,-0.8228066563606262,0.5813300609588623,0.5543742775917053,-0.5581222772598267,0.47760042548179626,0.559716522693634,-0.5648314952850342,0.6064776182174683,0.6589479446411133,-0.4998238682746887,0.45636868476867676,0.6643484830856323,-0.5234564542770386,0.6238642334938049,0.7757284641265869,-0.5440722703933716,0.4477511942386627,0.7767043709754944,-0.5825533270835876,0.6273818016052246,0.813134491443634,-0.5985684394836426,0.44262805581092834,0.8114562630653381,-0.6371538043022156,0.6185401678085327,0.8132584095001221,-0.6300867795944214,0.4543828070163727,0.8106182813644409,-0.6724816560745239,0.6143022775650024,0.8027560114860535,-0.5620574355125427,0.45969972014427185,0.8004420399665833,-0.6027092337608337,0.5647925138473511,0.49672871828079224,-0.0022070661652833223,0.49856477975845337,0.4958305358886719,0.002491628285497427,0.5830767750740051,0.6641961932182312,-0.19161558151245117,0.4771149158477783,0.6812005639076233,-0.13522055745124817,0.5988321304321289,0.8342556357383728,0.08125333487987518,0.4661010205745697,0.843400776386261,0.11083652079105377,0.5938736796379089,0.8539751768112183,0.10057028383016586,0.4697372019290924,0.8616341352462769,0.12774620950222015,0.6155475378036499,0.8841601610183716,-0.07974853366613388,0.4522080421447754,0.8948129415512085,-0.04956013709306717
43,bend,a12_s03_e03,0.5303946733474731,0.6064521074295044,-0.8467757105827332,0.5357776880264282,0.6002364754676819,-0.8523609042167664,0.5397439002990723,0.5979982614517212,-0.8523060083389282,0.543607771396637,0.5953803658485413,-0.8524332046508789,0.5247268676757812,0.6011554598808289,-0.8535264730453491,0.5211514234542847,0.5997705459594727,-0.8536683320999146,0.5177950859069824,0.5982663035392761,-0.8537634611129761,0.5487868785858154,0.5749732255935669,-0.759621262550354,0.5057986378669739,0.5796098113059998,-0.7648348808288574,0.5367400050163269,0.600521445274353,-0.7962398529052734,0.5232132077217102,0.6017212271690369,-0.7976773977279663,0.5815859436988831,0.5562592148780823,-0.552282452583313,0.47757428884506226,0.559823215007782,-0.5594344139099121,0.6062923669815063,0.6611179113388062,-0.4807550311088562,0.455707848072052,0.6639363765716553,-0.517279863357544,0.6232491731643677,0.7759691476821899,-0.5140377879142761,0.4474884569644928,0.7757781744003296,-0.5634787678718567,0.6266416311264038,0.8129408955574036,-0.5625284910202026,0.4425395429134369,0.8103548884391785,-0.6155738234519958,0.6179569959640503,0.8139139413833618,-0.5949885249137878,0.45337748527526855,0.8104193806648254,-0.653389036655426,0.6134279370307922,0.8024609088897705,-0.5314513444900513,0.45910683274269104,0.7996975183486938,-0.5842354893684387,0.5646843910217285,0.49602100253105164,-0.0017753379652276635,0.49784183502197266,0.49603089690208435,0.002071893773972988,0.5825281143188477,0.6627737283706665,-0.19774386286735535,0.47697535157203674,0.679349958896637,-0.16399025917053223,0.5987558364868164,0.8342157006263733,0.05597955733537674,0.46616020798683167,0.8431577682495117,0.0739554688334465,0.5937151908874512,0.8539688587188721,0.07136478275060654,0.4698812961578369,0.8614140748977661,0.08864369243383408,0.6154528856277466,0.8841713070869446,-0.10829786956310272,0.4531711935997009,0.8953723311424255,-0.09009721875190735
44,bend,a12_s03_e03,0.5312763452529907,0.6066750884056091,-0.8317100405693054,0.536608874797821,0.6010152697563171,-0.8374274373054504,0.5405019521713257,0.5988628268241882,-0.8373897671699524,0.544279158115387,0.596359133720398,-0.8375275731086731,0.5255422592163086,0.6017037630081177,-0.8382347822189331,0.5218282341957092,0.6002478003501892,-0.838361382484436,0.5182823538780212,0.5986893177032471,-0.8384522199630737,0.5493622422218323,0.5761047601699829,-0.7473331689834595,0.505940854549408,0.5800784826278687,-0.7536439895629883,0.5375720262527466,0.6004011034965515,-0.7826645374298096,0.5237432718276978,0.6011397838592529,-0.7837399244308472,0.5817759037017822,0.5571444034576416,-0.5482467412948608,0.4775626063346863,0.5603839755058289,-0.5470994710922241,0.6063624620437622,0.6622799038887024,-0.4790242612361908,0.4556923806667328,0.6626049280166626,-0.49975958466529846,0.6226944327354431,0.7768774628639221,-0.5126411318778992,0.44746556878089905,0.7747281789779663,-0.5482900738716125,0.6265917420387268,0.8126400113105774,-0.5598357915878296,0.4425291121006012,0.8117409348487854,-0.5962581038475037,0.6179386377334595,0.8143128156661987,-0.5926923751831055,0.4524679183959961,0.8119146823883057,-0.6366605758666992,0.6130641102790833,0.8030921220779419,-0.529964029788971,0.45840901136398315,0.8006152510643005,-0.5693385004997253,0.5640345811843872,0.4949916899204254,-0.0018532902467995882,0.4970189929008484,0.4955085217952728,0.0021512822713702917,0.5823514461517334,0.6638549566268921,-0.19386596977710724,0.47567835450172424,0.6768770217895508,-0.1618705689907074,0.5979903340339661,0.8360784649848938,0.052188653498888016,0.46609658002853394,0.8422969579696655,0.0741656944155693,0.593196451663971,0.8540946841239929,0.06649602949619293,0.46969014406204224,0.8611457347869873,0.08870235085487366,0.6146586537361145,0.8841406106948853,-0.11139406263828278,0.45358800888061523,0.8953789472579956,-0.08839644491672516
45,bend,a12_s03_e03,0.5312692523002625,0.6062639951705933,-0.8468269109725952,0.5366503000259399,0.5998513102531433,-0.8530673980712891,0.5405740141868591,0.5974920392036438,-0.8530160784721375,0.5443841218948364,0.5947039723396301,-0.8531192541122437,0.525591254234314,0.6002205014228821,-0.8532967567443848,0.5218711495399475,0.5984404683113098,-0.8534404039382935,0.5183018445968628,0.5965331792831421,-0.8535405993461609,0.5497193932533264,0.5728772282600403,-0.7560852766036987,0.5060426592826843,0.5758774280548096,-0.7583333253860474,0.5375893115997314,0.5995827317237854,-0.7960606217384338,0.5237446427345276,0.5998404026031494,-0.7966419458389282,0.5821759104728699,0.5561388731002808,-0.5507394075393677,0.4775446951389313,0.5574849843978882,-0.5480879545211792,0.606413722038269,0.6605872511863708,-0.48046794533729553,0.4556182026863098,0.6587146520614624,-0.4986269474029541,0.6227854490280151,0.7746113538742065,-0.5224382877349854,0.4457470774650574,0.7712175250053406,-0.5513225793838501,0.6267808079719543,0.808944821357727,-0.5684107542037964,0.4423457682132721,0.8068484663963318,-0.6003613471984863,0.6181758046150208,0.8110769987106323,-0.6019183397293091,0.4513549208641052,0.8071932196617126,-0.6407656073570251,0.6133862733840942,0.7996819615364075,-0.5395669937133789,0.45629173517227173,0.7958850264549255,-0.5726003646850586,0.5638593435287476,0.49517160654067993,-0.0018439916893839836,0.49696484208106995,0.4949881434440613,0.002139199059456587,0.5809539556503296,0.6649942398071289,-0.1865048110485077,0.4757746160030365,0.6747213006019592,-0.17814823985099792,0.5970648527145386,0.837466835975647,0.03714056685566902,0.4663260579109192,0.8422167897224426,0.04420701041817665,0.59290611743927,0.8546262383460999,0.048396892845630646,0.4696442186832428,0.8627538681030273,0.056983500719070435,0.6124529838562012,0.8842229843139648,-0.13340970873832703,0.45363807678222656,0.8955517411231995,-0.12425227463245392
46,bend,a12_s03_e03,0.5319533944129944,0.6024484038352966,-0.8857520222663879,0.5374550819396973,0.5958090424537659,-0.8902252316474915,0.5414339900016785,0.593796968460083,-0.8901704549789429,0.545231282711029,0.5913371443748474,-0.8902813792228699,0.5261558294296265,0.5957233309745789,-0.8901492357254028,0.5223182439804077,0.5939409136772156,-0.8903039693832397,0.5186023116111755,0.5920444130897522,-0.8903876543045044,0.5504504442214966,0.5703698396682739,-0.7826863527297974,0.5060869455337524,0.5727640390396118,-0.7830249071121216,0.5382220149040222,0.5971680879592896,-0.8311553001403809,0.5241900086402893,0.5974720120429993,-0.8312815427780151,0.5823079347610474,0.5556758642196655,-0.5688766241073608,0.4775281548500061,0.5571508407592773,-0.5623956918716431,0.6067256331443787,0.6578012704849243,-0.49751248955726624,0.4556341767311096,0.6583247780799866,-0.506127655506134,0.6228228807449341,0.7712848782539368,-0.5435933470726013,0.44404855370521545,0.769245982170105,-0.5646479725837708,0.626812756061554,0.8050979375839233,-0.5888941884040833,0.4417394697666168,0.8038880825042725,-0.6121758222579956,0.6182839870452881,0.8070352673530579,-0.6237541437149048,0.45016154646873474,0.8044188022613525,-0.6549513339996338,0.613518238067627,0.7963324785232544,-0.5609803795814514,0.45420902967453003,0.7930669188499451,-0.5863219499588013,0.5636395812034607,0.49254876375198364,-0.0020583465229719877,0.49675068259239197,0.49342355132102966,0.0023524879943579435,0.5806285738945007,0.6654736399650574,-0.18173113465309143,0.47660550475120544,0.6737378239631653,-0.17322905361652374,0.5967543125152588,0.8384252190589905,0.04657111316919327,0.46657127141952515,0.8417947292327881,0.05565459653735161,0.5926008224487305,0.8547412157058716,0.05851137638092041,0.4698844850063324,0.862713098526001,0.068976491689682,0.6126543283462524,0.8847368955612183,-0.12202664464712143,0.45382165908813477,0.8957222104072571,-0.11386598646640778
47,bend,a12_s03_e03,0.5330841541290283,0.5987774729728699,-0.9446738958358765,0.5385514497756958,0.591448962688446,-0.9473680257797241,0.5425376296043396,0.5893792510032654,-0.9472977519035339,0.5463440418243408,0.5868977904319763,-0.9474139213562012,0.5273569822311401,0.5916060209274292,-0.9484215974807739,0.5235294103622437,0.5898768901824951,-0.9485992193222046,0.5198041796684265,0.5880171656608582,-0.9486637115478516,0.551444411277771,0.5663687586784363,-0.8257917165756226,0.5068278908729553,0.5687567591667175,-0.8317886590957642,0.5392826795578003,0.5939580202102661,-0.8847886919975281,0.5253674983978271,0.5944772958755493,-0.8865624666213989,0.5826400518417358,0.5545806884765625,-0.5977046489715576,0.4775014817714691,0.5583182573318481,-0.5990889072418213,0.6074053049087524,0.6545854806900024,-0.5177618265151978,0.45551571249961853,0.6565352082252502,-0.5356625914573669,0.6233696341514587,0.7685807347297668,-0.5601965188980103,0.4420088827610016,0.7672036290168762,-0.5993094444274902,0.6270927786827087,0.8024421334266663,-0.6052414178848267,0.44042864441871643,0.8021690845489502,-0.6494017839431763,0.6191076040267944,0.8043272495269775,-0.6431605219841003,0.4487239718437195,0.8029660582542419,-0.6936662197113037,0.614288330078125,0.794105589389801,-0.5785738825798035,0.4521239399909973,0.7913106679916382,-0.6214331388473511,0.5631071329116821,0.4895694851875305,-0.0011068679159507155,0.4961182177066803,0.49113988876342773,0.0014161381404846907,0.5797439217567444,0.66588294506073,-0.15587171912193298,0.4769590497016907,0.6735121011734009,-0.15880727767944336,0.5961050391197205,0.8383612036705017,0.07576330006122589,0.46658092737197876,0.841809093952179,0.06588418781757355,0.5918344259262085,0.8547695279121399,0.08794020116329193,0.46991223096847534,0.8638532161712646,0.07919298857450485,0.6128278374671936,0.88482266664505,-0.09821079671382904,0.4543279707431793,0.8957547545433044,-0.10180175304412842
48,bend,a12_s03_e03,0.5336766839027405,0.5960171222686768,-0.8277286291122437,0.5389806628227234,0.5882876515388489,-0.8376275897026062,0.5428107976913452,0.5862053632736206,-0.8375484347343445,0.5465133786201477,0.5837453603744507,-0.8376674652099609,0.5281466841697693,0.5885699987411499,-0.838621973991394,0.5243389010429382,0.5869033336639404,-0.8387615084648132,0.5205864906311035,0.585127055644989,-0.8388396501541138,0.5515220165252686,0.5635111331939697,-0.7587499022483826,0.5075234174728394,0.5660907030105591,-0.7656164765357971,0.5395101308822632,0.5920916199684143,-0.7827595472335815,0.5257922410964966,0.5931053161621094,-0.7844289541244507,0.5827012658119202,0.5523186922073364,-0.5782256126403809,0.4774428904056549,0.5548369884490967,-0.5674119591712952,0.6084902882575989,0.6515803933143616,-0.49618086218833923,0.45538538694381714,0.6548864245414734,-0.4931581914424896,0.6241528391838074,0.7666296362876892,-0.5308661460876465,0.44082140922546387,0.7640913724899292,-0.5500880479812622,0.6275812387466431,0.8004003167152405,-0.5709707140922546,0.439106285572052,0.7970585227012634,-0.5919204950332642,0.6199725866317749,0.8027981519699097,-0.6059373617172241,0.44774356484413147,0.7970494627952576,-0.6385668516159058,0.6152353882789612,0.7929296493530273,-0.5477187633514404,0.4508165717124939,0.7880910634994507,-0.572372317314148,0.5625553131103516,0.48884981870651245,-0.002593968529254198,0.49533572793006897,0.49180471897125244,0.002909551141783595,0.5793266296386719,0.6661952137947083,-0.12682513892650604,0.4780917763710022,0.6737721562385559,-0.12634295225143433,0.5960093140602112,0.8383058905601501,0.08876769244670868,0.4675171375274658,0.8416926264762878,0.09545371681451797,0.5917720794677734,0.8548032641410828,0.09971581399440765,0.4713234007358551,0.8636724352836609,0.10834290087223053,0.6128578782081604,0.8849307894706726,-0.0749976858496666,0.45454150438308716,0.8960222601890564,-0.06624846905469894
49,bend,a12_s03_e03,0.5336534976959229,0.5856299996376038,-0.8440521359443665,0.5386203527450562,0.5799936056137085,-0.8506793975830078,0.5422500967979431,0.578694224357605,-0.8506129384040833,0.5457850098609924,0.5770217180252075,-0.8507372140884399,0.5280992388725281,0.5786417722702026,-0.8513854146003723,0.5243836641311646,0.5767677426338196,-0.8515263795852661,0.5208827257156372,0.5750500559806824,-0.8515983819961548,0.5505893230438232,0.5580053925514221,-0.7574306130409241,0.5094836354255676,0.5595904588699341,-0.7639011144638062,0.5393577814102173,0.5812687277793884,-0.793982207775116,0.5258729457855225,0.5811759829521179,-0.7951516509056091,0.5824501514434814,0.5390244126319885,-0.5690922141075134,0.4774355888366699,0.54982990026474,-0.5608535408973694,0.6092506647109985,0.6390875577926636,-0.49440497159957886,0.4550659656524658,0.649110734462738,-0.4942956566810608,0.6244534850120544,0.7539904117584229,-0.5430726408958435,0.4394699037075043,0.7554664611816406,-0.5660281181335449,0.6284526586532593,0.7918416261672974,-0.5868669748306274,0.43816980719566345,0.7900155186653137,-0.6110755801200867,0.6209357976913452,0.7945635914802551,-0.6237033009529114,0.4469628930091858,0.7887170910835266,-0.6603633165359497,0.6161674857139587,0.7842026352882385,-0.5610047578811646,0.45021525025367737,0.7813915014266968,-0.5898135900497437,0.5604020357131958,0.4896508455276489,-0.0028573675081133842,0.49431174993515015,0.49210813641548157,0.0031638580840080976,0.579082190990448,0.6662408113479614,-0.12655743956565857,0.4786808490753174,0.6738388538360596,-0.12108919769525528,0.5956152677536011,0.8378573656082153,0.09570910781621933,0.4676291346549988,0.8413722515106201,0.10331092774868011,0.5913547873497009,0.853843629360199,0.10743121802806854,0.4719027876853943,0.8635610938072205,0.11648084968328476,0.6129478216171265,0.8849755525588989,-0.06675209105014801,0.4546876549720764,0.8963826894760132,-0.05821666866540909
50,bend,a12_s03_e03,0.5331747531890869,0.5720368027687073,-0.8496114611625671,0.5382736325263977,0.5666092038154602,-0.8549358248710632,0.5417484045028687,0.5655308365821838,-0.8548553586006165,0.5451923608779907,0.5641472339630127,-0.8549731969833374,0.5280668139457703,0.5652936697006226,-0.8554190397262573,0.5244869589805603,0.563503086566925,-0.8555704951286316,0.5211936235427856,0.5617740154266357,-0.8556269407272339,0.550372838973999,0.5467377305030823,-0.7493235468864441,0.5105306506156921,0.5451015830039978,-0.7531553506851196,0.5384517312049866,0.5680022835731506,-0.7963553071022034,0.5258561372756958,0.5671108365058899,-0.7973723411560059,0.5822034478187561,0.5295406579971313,-0.5317724347114563,0.47731417417526245,0.5402912497520447,-0.5267354249954224,0.6096948981285095,0.6321191787719727,-0.4119979739189148,0.4551326632499695,0.6411311030387878,-0.4285958409309387,0.6246671080589294,0.7435133457183838,-0.42318373918533325,0.43910151720046997,0.7462648749351501,-0.48282140493392944,0.6293627023696899,0.7826741933822632,-0.45118826627731323,0.4378977417945862,0.7798629999160767,-0.5168784856796265,0.6219713687896729,0.7871639728546143,-0.48905378580093384,0.44693365693092346,0.7789919376373291,-0.5650251507759094,0.6168755292892456,0.7752887606620789,-0.4388907849788666,0.45011359453201294,0.7732038497924805,-0.5045117735862732,0.5604900121688843,0.49030357599258423,-0.003930846229195595,0.4939960539340973,0.4924654960632324,0.004186899866908789,0.5790088772773743,0.6661517024040222,-0.13361690938472748,0.4786873459815979,0.6726223230361938,-0.12295524775981903,0.5951316952705383,0.8355712294578552,0.0503583662211895,0.46768277883529663,0.8380218148231506,0.07220090925693512,0.5907022953033447,0.8531541228294373,0.05929199606180191,0.47284621000289917,0.8610029220581055,0.08187586814165115,0.6130114793777466,0.8850176334381104,-0.11183658987283707,0.45468321442604065,0.8962193727493286,-0.09103859961032867
51,bend,a12_s03_e03,0.5318356156349182,0.5629198551177979,-0.7673083543777466,0.5377607941627502,0.5604574084281921,-0.7729016542434692,0.5414097309112549,0.5595732927322388,-0.7728167772293091,0.5450040102005005,0.5582129955291748,-0.7729222178459167,0.527588963508606,0.5584369897842407,-0.7739281058311462,0.5242193937301636,0.5563727021217346,-0.7740414142608643,0.5210639238357544,0.5542871356010437,-0.7740580439567566,0.5504887104034424,0.538233757019043,-0.679517388343811,0.5105144381523132,0.5349029898643494,-0.6851122975349426,0.5375964045524597,0.5562413930892944,-0.7188934087753296,0.5252290964126587,0.5552287697792053,-0.7206975817680359,0.5822346806526184,0.518415629863739,-0.4847589433193207,0.4765368103981018,0.5293014645576477,-0.49671417474746704,0.6119927167892456,0.6229697465896606,-0.4168052673339844,0.4542219638824463,0.6357018947601318,-0.4364413321018219,0.624858021736145,0.7321364283561707,-0.46708425879478455,0.43884390592575073,0.7389528155326843,-0.5072039365768433,0.6300307512283325,0.7717806100845337,-0.5026018619537354,0.43753209710121155,0.7733403444290161,-0.5458493828773499,0.6224833726882935,0.7770814895629883,-0.5384203791618347,0.4468190670013428,0.7733771204948425,-0.5905696749687195,0.6172246336936951,0.7629134058952332,-0.4837118089199066,0.44983187317848206,0.766740620136261,-0.5281218886375427,0.560225784778595,0.49723318219184875,-0.0010342628229409456,0.4930475652217865,0.5018474459648132,0.001224626787006855,0.5784488916397095,0.6661255955696106,-0.16350328922271729,0.4794461131095886,0.6725972890853882,-0.17221513390541077,0.5945733785629272,0.8348058462142944,-0.008082699030637741,0.4680701196193695,0.8350601196289062,0.002393061527982354,0.5896796584129333,0.8530625700950623,-0.0018651604186743498,0.47437867522239685,0.8591825366020203,0.011289624497294426,0.6130481362342834,0.8850831985473633,-0.17048606276512146,0.45495471358299255,0.8957784175872803,-0.15581707656383514
52,bend,a12_s03_e03,0.5316065549850464,0.5484146475791931,-0.7964895367622375,0.5377461910247803,0.544560968875885,-0.7993758916854858,0.5414132475852966,0.5434672832489014,-0.7992861866950989,0.545059084892273,0.5419390201568604,-0.7993975877761841,0.5276028513908386,0.5422400832176208,-0.7999268770217896,0.5243012309074402,0.5398326516151428,-0.8000560998916626,0.5212507843971252,0.5378245115280151,-0.8000779151916504,0.5506864190101624,0.5212212800979614,-0.6935287714004517,0.5113755464553833,0.5183631777763367,-0.6977705359458923,0.5371459722518921,0.5419355630874634,-0.7442401647567749,0.5250989198684692,0.5406206846237183,-0.7456086874008179,0.5823636651039124,0.5073439478874207,-0.4897533357143402,0.4762600064277649,0.5202479958534241,-0.5037888884544373,0.6134185194969177,0.6162451505661011,-0.4273936152458191,0.4534502923488617,0.6290490031242371,-0.4489770829677582,0.6252690553665161,0.7242408990859985,-0.48035821318626404,0.4384297728538513,0.731216311454773,-0.5210469961166382,0.6308435201644897,0.7619379758834839,-0.5143736004829407,0.43682271242141724,0.7625650763511658,-0.55986487865448,0.6229643821716309,0.7665119767189026,-0.5496671199798584,0.4455975592136383,0.7645235657691956,-0.6027008295059204,0.6177200078964233,0.752131462097168,-0.49675488471984863,0.4480491578578949,0.7569483518600464,-0.5413211584091187,0.5602515339851379,0.5073904991149902,0.002302075270563364,0.49266767501831055,0.5103943347930908,-0.002201095689088106,0.5780129432678223,0.6687813401222229,-0.17168012261390686,0.4819336533546448,0.6728798747062683,-0.18376317620277405,0.5938476324081421,0.8347410559654236,-0.01898498460650444,0.4681273400783539,0.8334556221961975,-0.016696643084287643,0.5887517929077148,0.8530486226081848,-0.013176845386624336,0.47433900833129883,0.8579865097999573,-0.008279746398329735,0.6131583452224731,0.885656476020813,-0.18236373364925385,0.4550735056400299,0.8953064680099487,-0.1791844218969345
53,bend,a12_s03_e03,0.5312060117721558,0.5367947220802307,-0.7667024731636047,0.5376443862915039,0.5296132564544678,-0.7680319547653198,0.5414087772369385,0.527696967124939,-0.7679145336151123,0.5451199412345886,0.525728166103363,-0.7680049538612366,0.5270447731018066,0.5299709439277649,-0.7672151327133179,0.5235992074012756,0.5280762314796448,-0.7673268914222717,0.5204031467437744,0.5263723731040955,-0.7673181295394897,0.5509661436080933,0.5062658786773682,-0.6610163450241089,0.5107709169387817,0.506639838218689,-0.6588817834854126,0.5369356870651245,0.5310968160629272,-0.7151913642883301,0.5246435403823853,0.5321477651596069,-0.7147760987281799,0.5822896361351013,0.497406929731369,-0.4665176272392273,0.4760948717594147,0.5112534761428833,-0.4659614562988281,0.6141109466552734,0.602883517742157,-0.4015440344810486,0.4532793164253235,0.6178063154220581,-0.41074997186660767,0.6254193186759949,0.7159984707832336,-0.442525714635849,0.43739041686058044,0.7231183648109436,-0.47845062613487244,0.6311524510383606,0.7519477009773254,-0.469679057598114,0.4349726140499115,0.7549194693565369,-0.5090722441673279,0.6232281923294067,0.755931556224823,-0.5028741359710693,0.4436245858669281,0.7570759057998657,-0.5501008629798889,0.6181285977363586,0.7428198456764221,-0.4568593502044678,0.44603854417800903,0.7482500672340393,-0.49690279364585876,0.5602685213088989,0.5147823691368103,0.001239609089680016,0.4926401972770691,0.5197347402572632,-0.0012155836448073387,0.5761422514915466,0.6712403893470764,-0.22130541503429413,0.4831438958644867,0.6765826940536499,-0.18310697376728058,0.5924688577651978,0.8345291018486023,-0.0696919709444046,0.4682750105857849,0.8328202962875366,-0.028490250930190086,0.5866736173629761,0.8527979254722595,-0.06376434862613678,0.47459959983825684,0.8579394221305847,-0.02158123068511486,0.6129881143569946,0.8861517310142517,-0.23464281857013702,0.45515504479408264,0.8952783346176147,-0.18602952361106873
54,bend,a12_s03_e03,0.5295830368995667,0.518407940864563,-0.7684054970741272,0.5367347002029419,0.5133050084114075,-0.7724021077156067,0.540865421295166,0.5116589069366455,-0.7723070383071899,0.5448961853981018,0.5098273754119873,-0.7724198698997498,0.5256224274635315,0.5130292177200317,-0.7696822881698608,0.5221952199935913,0.5113592743873596,-0.7698129415512085,0.5190454721450806,0.5098846554756165,-0.7698289155960083,0.5509933233261108,0.4907330870628357,-0.668889045715332,0.5104374885559082,0.4920136332511902,-0.6575815677642822,0.5358498692512512,0.5149239301681519,-0.7178114056587219,0.5232922434806824,0.5153064131736755,-0.714741587638855,0.5829141736030579,0.48534804582595825,-0.476616233587265,0.47573423385620117,0.4974066913127899,-0.467907190322876,0.6143147349357605,0.5952720046043396,-0.4157477915287018,0.45269209146499634,0.6049144864082336,-0.4098135828971863,0.6254658699035645,0.7126084566116333,-0.45863181352615356,0.4370245337486267,0.7140384912490845,-0.4766112267971039,0.6313288807868958,0.7476139068603516,-0.4891107976436615,0.4331511855125427,0.7471908330917358,-0.5085919499397278,0.6233007907867432,0.7508144974708557,-0.5222419500350952,0.4420492649078369,0.7492244243621826,-0.549258291721344,0.6182290315628052,0.7384771108627319,-0.4728822708129883,0.44511833786964417,0.7392231225967407,-0.49445247650146484,0.5613333582878113,0.5345696806907654,-0.0003971857950091362,0.49366483092308044,0.5377237200737,0.00043082941556349397,0.575232744216919,0.6819913387298584,-0.2063421905040741,0.48305803537368774,0.6915923953056335,-0.17339029908180237,0.5924797058105469,0.8346003890037537,-0.026008421555161476,0.4682767987251282,0.8337154388427734,0.007384229451417923,0.5859295129776001,0.8526383638381958,-0.017121803015470505,0.47453293204307556,0.858547031879425,0.01668066903948784,0.6150491237640381,0.8867436051368713,-0.18101654946804047,0.4550028443336487,0.8951894044876099,-0.17536622285842896
55,bend,a12_s03_e03,0.5292962789535522,0.5081030130386353,-0.7886143326759338,0.5363413095474243,0.5017986297607422,-0.7929800748825073,0.5405131578445435,0.4995930790901184,-0.7928911447525024,0.5446470975875854,0.4967423379421234,-0.793000340461731,0.5252953767776489,0.5019420981407166,-0.7923187017440796,0.5218685269355774,0.5003037452697754,-0.7924535274505615,0.5186219811439514,0.49852806329727173,-0.7924893498420715,0.5510112643241882,0.47674667835235596,-0.6875860691070557,0.5098026394844055,0.4808911383152008,-0.679649829864502,0.5356508493423462,0.5061333775520325,-0.7379714250564575,0.5230349898338318,0.5063241720199585,-0.7369705438613892,0.5833343863487244,0.477111279964447,-0.48574298620224,0.4754723906517029,0.48527249693870544,-0.4795313775539398,0.6142833828926086,0.5833494067192078,-0.41870349645614624,0.4526682496070862,0.5948742032051086,-0.41594958305358887,0.6254690885543823,0.7046617269515991,-0.45666366815567017,0.43716511130332947,0.7077227234840393,-0.4756144881248474,0.6314098834991455,0.7415228486061096,-0.48495060205459595,0.43286576867103577,0.7404527068138123,-0.507187008857727,0.6232976317405701,0.742159903049469,-0.5188853740692139,0.44140538573265076,0.7430413961410522,-0.5475416779518127,0.6182546615600586,0.7330856323242188,-0.47047191858291626,0.4445258677005768,0.73116135597229,-0.4933260977268219,0.5613813996315002,0.53141188621521,-0.0006472996319644153,0.49360784888267517,0.5352668166160583,0.0006930162780918181,0.5747889280319214,0.6813264489173889,-0.20206865668296814,0.4845360815525055,0.6887476444244385,-0.16810336709022522,0.5924440622329712,0.8329457640647888,-0.03696121275424957,0.4683578610420227,0.8332211375236511,-0.0008783467346802354,0.5858079195022583,0.8498367071151733,-0.02994878962635994,0.47444719076156616,0.8578710556030273,0.0065018003806471825,0.6159406900405884,0.8875739574432373,-0.19540278613567352,0.4548731744289398,0.8921500444412231,-0.16137930750846863
56,bend,a12_s03_e03,0.5291577577590942,0.4894826114177704,-0.7956801056861877,0.5357676148414612,0.4802817702293396,-0.8007081151008606,0.5399758815765381,0.47794246673583984,-0.8006193041801453,0.5441434383392334,0.4752817749977112,-0.8007281422615051,0.524553120136261,0.4815869927406311,-0.8001035451889038,0.5210027694702148,0.48034095764160156,-0.80023592710495,0.5175376534461975,0.47886860370635986,-0.800265908241272,0.5507166981697083,0.45791855454444885,-0.6903576254844666,0.5093234181404114,0.46408000588417053,-0.6857448816299438,0.5356478095054626,0.4877403676509857,-0.7450810670852661,0.5229721665382385,0.489250510931015,-0.7444218397140503,0.5833268761634827,0.4639798402786255,-0.4919500946998596,0.47540712356567383,0.47195959091186523,-0.4865973889827728,0.6142480969429016,0.5762940645217896,-0.42627614736557007,0.4526795744895935,0.5874572992324829,-0.42596787214279175,0.6254808902740479,0.6977243423461914,-0.46185341477394104,0.4371166229248047,0.7027698755264282,-0.4864864945411682,0.6314096450805664,0.7337520122528076,-0.4960528314113617,0.4325447976589203,0.7359033226966858,-0.5199142098426819,0.6232245564460754,0.7341541647911072,-0.5304070115089417,0.4409804940223694,0.7386632561683655,-0.5620242357254028,0.6183263063430786,0.726391613483429,-0.4780203700065613,0.44356346130371094,0.7262532114982605,-0.5051324963569641,0.5612069368362427,0.5353559255599976,-0.001454451703466475,0.493997722864151,0.5375359058380127,0.0015124219935387373,0.5747977495193481,0.6815484166145325,-0.19061735272407532,0.48534393310546875,0.6877270936965942,-0.1600988358259201,0.5929101705551147,0.8334616422653198,-0.05315954610705376,0.4683266282081604,0.8330544829368591,-0.013005921617150307,0.5864746570587158,0.8515418767929077,-0.05051726847887039,0.47383546829223633,0.857883095741272,-0.008513830602169037,0.6186572313308716,0.8891458511352539,-0.21236005425453186,0.45396852493286133,0.8910592794418335,-0.16855067014694214
57,bend,a12_s03_e03,0.528971254825592,0.47323304414749146,-0.806416392326355,0.5356241464614868,0.46056994795799255,-0.8036938905715942,0.5398091077804565,0.4581416845321655,-0.8036321401596069,0.5439698100090027,0.4555301070213318,-0.8038008809089661,0.5241749286651611,0.46203503012657166,-0.8029204607009888,0.5203496217727661,0.4607110619544983,-0.8030369877815247,0.5165034532546997,0.45910051465034485,-0.8029707670211792,0.5506730079650879,0.4408847689628601,-0.6902626752853394,0.50786954164505,0.44573742151260376,-0.6867498159408569,0.5353871583938599,0.47540247440338135,-0.7489601373672485,0.5226101279258728,0.47667375206947327,-0.7481135725975037,0.5834047198295593,0.45876094698905945,-0.4902496337890625,0.4747481942176819,0.46561774611473083,-0.4875481128692627,0.6142053604125977,0.569976806640625,-0.4247410297393799,0.45251408219337463,0.5791295170783997,-0.4267619252204895,0.6266201138496399,0.6869105696678162,-0.4631307125091553,0.4370270371437073,0.6906080842018127,-0.4901469349861145,0.6322330236434937,0.7226240634918213,-0.4933740496635437,0.43119168281555176,0.7231611609458923,-0.524079442024231,0.6240798234939575,0.7226324677467346,-0.5290584564208984,0.4399986267089844,0.7242735624313354,-0.5658808946609497,0.6200981736183167,0.7116246819496155,-0.47816577553749084,0.44302883744239807,0.7135241627693176,-0.5087257623672485,0.5609924793243408,0.5348564982414246,-0.0010968110291287303,0.4940009117126465,0.5367530584335327,0.0011595928808674216,0.5736502408981323,0.6810985803604126,-0.18087951838970184,0.48513704538345337,0.6872798800468445,-0.1633409857749939,0.5927382111549377,0.8332490921020508,-0.04585828632116318,0.46809229254722595,0.8331331014633179,-0.021732913330197334,0.5862881541252136,0.8517962694168091,-0.042876895517110825,0.4729596972465515,0.8578842282295227,-0.016954489052295685,0.6209084987640381,0.8912785053253174,-0.2098955661058426,0.45308154821395874,0.8907238245010376,-0.18042422831058502
58,bend,a12_s03_e03,0.5292739272117615,0.45684942603111267,-0.8111618161201477,0.5358783602714539,0.44385167956352234,-0.8051186800003052,0.5399956107139587,0.44169190526008606,-0.8050433993339539,0.544111430644989,0.4392610490322113,-0.8051883578300476,0.5242162346839905,0.44538232684135437,-0.80394047498703,0.5204068422317505,0.4443540573120117,-0.8040581941604614,0.5165668725967407,0.4429777264595032,-0.8040460348129272,0.5506761074066162,0.42488235235214233,-0.6834823489189148,0.5077075958251953,0.4303719401359558,-0.6820279359817505,0.5355520844459534,0.4607340097427368,-0.7496469020843506,0.522758960723877,0.46214908361434937,-0.7494632005691528,0.5834572315216064,0.4468022584915161,-0.48737674951553345,0.47464078664779663,0.45382198691368103,-0.4846842288970947,0.6138724684715271,0.5587016940116882,-0.4267602860927582,0.45242246985435486,0.5698922276496887,-0.4290517270565033,0.6266229152679443,0.6802698373794556,-0.4674150049686432,0.43701180815696716,0.6795156002044678,-0.4936874806880951,0.6323325037956238,0.715056300163269,-0.496814101934433,0.43045806884765625,0.7129567861557007,-0.5286667943000793,0.6242796182632446,0.7156972885131836,-0.5336700081825256,0.43899035453796387,0.7126926779747009,-0.5708802938461304,0.6205540299415588,0.7042833566665649,-0.4817124009132385,0.4424312710762024,0.7032296061515808,-0.5128334760665894,0.5610222220420837,0.5346406698226929,-0.0010239382972940803,0.49435630440711975,0.5373201370239258,0.0010877795284613967,0.5726380348205566,0.6803759932518005,-0.17205868661403656,0.48508888483047485,0.6861947178840637,-0.16305208206176758,0.5927001237869263,0.8325363397598267,-0.031589947640895844,0.46738189458847046,0.8331528902053833,-0.007190109696239233,0.5863208770751953,0.8516300320625305,-0.02646213211119175,0.47200435400009155,0.8577219843864441,-0.0007934847963042557,0.620938777923584,0.8912580013275146,-0.19373773038387299,0.4522807002067566,0.8907454013824463,-0.1650419980287552
59,bend,a12_s03_e03,0.5306938290596008,0.4428860545158386,-0.8061301112174988,0.5366159081459045,0.428876131772995,-0.7993499040603638,0.5405376553535461,0.42675960063934326,-0.7992970943450928,0.5444616079330444,0.42437177896499634,-0.7994503974914551,0.5245654582977295,0.430477112531662,-0.7988926768302917,0.520426869392395,0.4296115040779114,-0.799014687538147,0.5166391134262085,0.4283965229988098,-0.7989927530288696,0.5506603121757507,0.4106643795967102,-0.6656573414802551,0.5074803829193115,0.4187430441379547,-0.664530873298645,0.5363176465034485,0.44809049367904663,-0.7451268434524536,0.5233412384986877,0.44958966970443726,-0.7450577020645142,0.5835737586021423,0.43774664402008057,-0.4756799340248108,0.47427377104759216,0.44770339131355286,-0.4726898670196533,0.6138473749160767,0.5524323582649231,-0.42223525047302246,0.4521764814853668,0.564004123210907,-0.42683666944503784,0.627089262008667,0.6726313233375549,-0.46944132447242737,0.43702036142349243,0.6721951365470886,-0.4939788281917572,0.6329108476638794,0.7043417096138,-0.49866199493408203,0.430453360080719,0.7075465321540833,-0.5293323397636414,0.6250356435775757,0.7055084705352783,-0.5341746211051941,0.43823719024658203,0.7070100903511047,-0.5722207427024841,0.6218956708908081,0.6960297226905823,-0.48408907651901245,0.44171324372291565,0.6970834136009216,-0.5134013891220093,0.561133861541748,0.5354912281036377,-0.00015198382607195526,0.49489444494247437,0.5378440022468567,0.00021913019008934498,0.5727885365486145,0.6839070916175842,-0.16924284398555756,0.4849194586277008,0.6890850067138672,-0.1537187397480011,0.5928139090538025,0.8319088220596313,-0.006692407187074423,0.4665880799293518,0.8339027166366577,0.013860088773071766,0.5863853693008423,0.8516002297401428,0.000879564497154206,0.47070616483688354,0.8577883839607239,0.021200601011514664,0.6212537884712219,0.891136109828949,-0.16068914532661438,0.4517518877983093,0.8914290070533752,-0.13919106125831604
60,bend,a12_s03_e03,0.5303658246994019,0.42635950446128845,-0.7985732555389404,0.5363613367080688,0.41211462020874023,-0.7913140654563904,0.5402994155883789,0.41052645444869995,-0.7912718057632446,0.5442384481430054,0.40870651602745056,-0.7914289236068726,0.5239254236221313,0.41276898980140686,-0.7902407646179199,0.5197238922119141,0.4117509722709656,-0.7903577089309692,0.5156978964805603,0.4105125069618225,-0.7903189063072205,0.5504847764968872,0.3990292251110077,-0.6545695066452026,0.5070661902427673,0.40301764011383057,-0.6496221423149109,0.5360835790634155,0.4348168671131134,-0.7380642294883728,0.5229328870773315,0.43668052554130554,-0.7369414567947388,0.5832639932632446,0.42890435457229614,-0.46846479177474976,0.47386741638183594,0.4391900897026062,-0.45785731077194214,0.613961398601532,0.5407646298408508,-0.4152159094810486,0.45202189683914185,0.553913950920105,-0.40672603249549866,0.6274362802505493,0.6616466641426086,-0.4663105010986328,0.4369499087333679,0.6632661819458008,-0.4861803650856018,0.6336294412612915,0.6949192881584167,-0.4984337389469147,0.43001118302345276,0.7010473608970642,-0.5206438899040222,0.6255115270614624,0.695758581161499,-0.5345877408981323,0.43687739968299866,0.7003940343856812,-0.5649204254150391,0.6224790811538696,0.686814546585083,-0.481041818857193,0.4405268132686615,0.6889353394508362,-0.5056666731834412,0.5609437227249146,0.5348584055900574,0.00014663217007182539,0.4948664605617523,0.5374751687049866,-8.45042013679631e-05,0.5728753209114075,0.6843917369842529,-0.17207327485084534,0.4837134778499603,0.6923075318336487,-0.15211603045463562,0.5927635431289673,0.8300464153289795,-0.01154513843357563,0.4658939838409424,0.8344603180885315,0.013763594441115856,0.5863965153694153,0.8509735465049744,-0.004334723576903343,0.47001251578330994,0.8583088517189026,0.02115662582218647,0.6212273240089417,0.8902871608734131,-0.16360141336917877,0.4510640501976013,0.8914816379547119,-0.14024347066879272
61,bend,a12_s03_e03,0.529049277305603,0.4129515290260315,-0.7995818853378296,0.5356606245040894,0.398220956325531,-0.7934671640396118,0.5397499799728394,0.39683446288108826,-0.7934302091598511,0.5437936186790466,0.3952460289001465,-0.7935914397239685,0.5227479338645935,0.39843693375587463,-0.7919198274612427,0.518570065498352,0.39736703038215637,-0.7920433878898621,0.514588475227356,0.3961717486381531,-0.792017936706543,0.5504422783851624,0.38536199927330017,-0.6576305627822876,0.506761908531189,0.3879033029079437,-0.6495423913002014,0.535415768623352,0.4232540726661682,-0.7396724820137024,0.5220088958740234,0.423906147480011,-0.7378119826316833,0.5832653045654297,0.4231530427932739,-0.46991071105003357,0.47384339570999146,0.42576324939727783,-0.45879191160202026,0.6140710711479187,0.5338109731674194,-0.4160831570625305,0.45216184854507446,0.5419312119483948,-0.4048113226890564,0.628068745136261,0.6547182202339172,-0.46794384717941284,0.4367848038673401,0.6528933048248291,-0.4884694218635559,0.6348060369491577,0.688994288444519,-0.4994787573814392,0.4299626350402832,0.6920918822288513,-0.523432731628418,0.6264501810073853,0.6903664469718933,-0.5365513563156128,0.43621134757995605,0.6925783753395081,-0.5684579610824585,0.6233093738555908,0.6804481744766235,-0.48269033432006836,0.4395853877067566,0.6793541312217712,-0.5082755088806152,0.5600687265396118,0.5340136289596558,0.0005266015650704503,0.49469393491744995,0.5364311933517456,-0.0004705428145825863,0.5731571912765503,0.6838274598121643,-0.15813037753105164,0.4829055666923523,0.6929746270179749,-0.13416212797164917,0.5929783582687378,0.8291581273078918,0.008950485847890377,0.46475037932395935,0.8359976410865784,0.03334135189652443,0.5865398049354553,0.850888192653656,0.016300519928336143,0.4690794348716736,0.8589228391647339,0.04049055650830269,0.6210877895355225,0.889568030834198,-0.1451473832130432,0.45007508993148804,0.8919669985771179,-0.12166935205459595
62,bend,a12_s03_e03,0.5283967852592468,0.40055492520332336,-0.7997336983680725,0.5349164605140686,0.3854503333568573,-0.7938550114631653,0.5387661457061768,0.38388755917549133,-0.7938317060470581,0.5429060459136963,0.3820984661579132,-0.7939928770065308,0.5219331383705139,0.38541874289512634,-0.7919127941131592,0.5175479054450989,0.38397130370140076,-0.7920407056808472,0.5136511921882629,0.38247883319854736,-0.7920278310775757,0.5500321388244629,0.3718242943286896,-0.6577659845352173,0.5066276788711548,0.3740140199661255,-0.6474513411521912,0.5349162817001343,0.4102364182472229,-0.7400379776954651,0.5214577317237854,0.41019001603126526,-0.7375341653823853,0.5832730531692505,0.4153749644756317,-0.47296667098999023,0.4737900197505951,0.41541993618011475,-0.4581294059753418,0.6139773726463318,0.5272400379180908,-0.4185078740119934,0.45227521657943726,0.5340899229049683,-0.4010101854801178,0.6283446550369263,0.6452538967132568,-0.47516846656799316,0.43657517433166504,0.6462361812591553,-0.48740291595458984,0.6354609131813049,0.6773890256881714,-0.5099743604660034,0.42966270446777344,0.6825552582740784,-0.5223526358604431,0.6269649267196655,0.6784644722938538,-0.5493578314781189,0.43533793091773987,0.6830806136131287,-0.5694327354431152,0.6236921548843384,0.6676620841026306,-0.49117064476013184,0.43875306844711304,0.6710203289985657,-0.5080256462097168,0.5595322847366333,0.5336571335792542,0.0005110412021167576,0.49465078115463257,0.535862147808075,-0.0004599985550157726,0.5736739635467529,0.68715500831604,-0.09636630862951279,0.48204904794692993,0.6960551738739014,-0.07175102829933167,0.5944297909736633,0.8294958472251892,0.0788419172167778,0.4644557535648346,0.8361393809318542,0.1077929362654686,0.5877441167831421,0.8515660762786865,0.08628815412521362,0.4691733419895172,0.8587124943733215,0.11603780835866928,0.6209615468978882,0.8895479440689087,-0.07478287070989609,0.4497908651828766,0.8928497433662415,-0.04597055912017822
63,bend,a12_s03_e03,0.5275076627731323,0.3873472511768341,-0.8051038980484009,0.5339857935905457,0.3703354597091675,-0.795581042766571,0.5377933382987976,0.3690181374549866,-0.7956054210662842,0.5417899489402771,0.36754125356674194,-0.7957781553268433,0.5207145810127258,0.3707493543624878,-0.7921624779701233,0.5163201689720154,0.36970752477645874,-0.7922760248184204,0.5123192071914673,0.36840200424194336,-0.7922542095184326,0.5494173765182495,0.35925784707069397,-0.6628106832504272,0.5065267086029053,0.3608590066432953,-0.6524907350540161,0.5343438386917114,0.39743366837501526,-0.7434784173965454,0.5209472179412842,0.3978820741176605,-0.7389217019081116,0.5833320617675781,0.40952008962631226,-0.47336116433143616,0.4736475944519043,0.40864497423171997,-0.46182647347450256,0.6138703227043152,0.5200939774513245,-0.4256044030189514,0.4521982669830322,0.5265190601348877,-0.4006766676902771,0.6285504698753357,0.6397150754928589,-0.4880441725254059,0.4363163411617279,0.6398343443870544,-0.4870600700378418,0.6355050802230835,0.671771764755249,-0.5241599678993225,0.4295978546142578,0.6770629286766052,-0.5217785239219666,0.6269468069076538,0.6720136404037476,-0.5646232962608337,0.4350454807281494,0.6770173907279968,-0.5700086951255798,0.6236902475357056,0.6614147424697876,-0.504641056060791,0.43842190504074097,0.6653925180435181,-0.5079843401908875,0.55924391746521,0.5329918265342712,0.00042601017048582435,0.4946422576904297,0.535305917263031,-0.0003820409474428743,0.5742604732513428,0.6903159618377686,-0.06411905586719513,0.4820389747619629,0.6966461539268494,-0.035800911486148834,0.5951194167137146,0.8301076889038086,0.10976751893758774,0.46442556381225586,0.8361688256263733,0.14157357811927795,0.5882101058959961,0.8520057201385498,0.11657977104187012,0.4692115783691406,0.8584496378898621,0.14940142631530762,0.6208897829055786,0.8901938199996948,-0.046541813760995865,0.4496845602989197,0.8928601741790771,-0.01513549406081438
64,bend,a12_s03_e03,0.5258814096450806,0.3733855187892914,-0.7516295313835144,0.5327593088150024,0.35430774092674255,-0.7436699867248535,0.5367859601974487,0.3533802926540375,-0.743666410446167,0.5405489802360535,0.35244235396385193,-0.7438180446624756,0.5191542506217957,0.3541656732559204,-0.7408133149147034,0.5150068998336792,0.3533431887626648,-0.7409409284591675,0.5109367370605469,0.35232123732566833,-0.7409358620643616,0.5486928224563599,0.34712016582489014,-0.6090218424797058,0.5064905881881714,0.3480195701122284,-0.5960525274276733,0.5335396528244019,0.3852955996990204,-0.6936681270599365,0.5196122527122498,0.38639891147613525,-0.689972996711731,0.5833227634429932,0.4010964035987854,-0.4371817111968994,0.4736672043800354,0.3986039161682129,-0.415158212184906,0.613878071308136,0.51102614402771,-0.37721291184425354,0.45219796895980835,0.5147525072097778,-0.34352031350135803,0.6287356615066528,0.6276904344558716,-0.43181943893432617,0.43613380193710327,0.6301885843276978,-0.4237295091152191,0.6354578137397766,0.6623491644859314,-0.46318063139915466,0.42952123284339905,0.6673738956451416,-0.4537732005119324,0.6269161701202393,0.6624971628189087,-0.503425121307373,0.43482136726379395,0.6676154732704163,-0.5015013217926025,0.6237078309059143,0.6537176966667175,-0.44766688346862793,0.4380653500556946,0.6573225259780884,-0.4435935616493225,0.5590523481369019,0.5330582857131958,0.0004050292482133955,0.4946395456790924,0.5354030728340149,-0.0003585952799767256,0.5756900906562805,0.6917180418968201,-0.06567040830850601,0.4818640351295471,0.6960318684577942,-0.05331825464963913,0.5954347848892212,0.8303542733192444,0.08666663616895676,0.46446046233177185,0.8360326886177063,0.10908271372318268,0.5884318947792053,0.8523417115211487,0.09185174852609634,0.46927952766418457,0.8577100038528442,0.11565352976322174,0.6207859516143799,0.8899494409561157,-0.06552854925394058,0.4497426450252533,0.8924728631973267,-0.04402995854616165
65,bend,a12_s03_e03,0.5259127020835876,0.36179274320602417,-0.7432280778884888,0.5328417420387268,0.34331995248794556,-0.7336724400520325,0.5368233919143677,0.34191617369651794,-0.7336652874946594,0.5405936241149902,0.34065142273902893,-0.7338114976882935,0.5194277763366699,0.34386903047561646,-0.7324084043502808,0.5152703523635864,0.3427595794200897,-0.7325406074523926,0.5112028121948242,0.3418625593185425,-0.7325354814529419,0.5486425161361694,0.33560502529144287,-0.5942600965499878,0.5063968300819397,0.3389805257320404,-0.5882624387741089,0.5336446762084961,0.3735751211643219,-0.6842055320739746,0.5196619033813477,0.3752729594707489,-0.6826587915420532,0.5833237767219543,0.39298975467681885,-0.4266777038574219,0.47334426641464233,0.39539358019828796,-0.40679216384887695,0.613876223564148,0.5052340030670166,-0.3624235987663269,0.45206159353256226,0.5099995136260986,-0.3320494294166565,0.6288923025131226,0.6211087703704834,-0.41920608282089233,0.4355092942714691,0.62215256690979,-0.409731388092041,0.6354497671127319,0.6561938524246216,-0.4495916962623596,0.42917388677597046,0.6596171855926514,-0.43853217363357544,0.626904308795929,0.6562097668647766,-0.490779310464859,0.4344210624694824,0.6594865322113037,-0.48701396584510803,0.6237560510635376,0.6483979821205139,-0.4352737367153168,0.4375276565551758,0.6499770283699036,-0.42976927757263184,0.559203028678894,0.5331410765647888,0.0004035799647681415,0.4950660765171051,0.5359273552894592,-0.0003596224123612046,0.5770937204360962,0.6934632062911987,-0.06606129556894302,0.4817095696926117,0.6956247687339783,-0.060492902994155884,0.5956445932388306,0.831321656703949,0.08537204563617706,0.46483302116394043,0.8354871869087219,0.10275781154632568,0.58854079246521,0.8533424735069275,0.09027938544750214,0.47046151757240295,0.8566213250160217,0.10902102291584015,0.6207520365715027,0.8898993730545044,-0.0669504851102829,0.44975441694259644,0.891494870185852,-0.050725243985652924
66,bend,a12_s03_e03,0.5259218215942383,0.3489944040775299,-0.7499173283576965,0.5327010154724121,0.3314139246940613,-0.7400094866752625,0.5366775989532471,0.33032354712486267,-0.7400001287460327,0.5404486060142517,0.3294445872306824,-0.7401506900787354,0.5189577341079712,0.3317457139492035,-0.7381477952003479,0.5148300528526306,0.3305770754814148,-0.7382794618606567,0.5106955766677856,0.32961753010749817,-0.7382761836051941,0.5482810735702515,0.3255128562450409,-0.6009708642959595,0.5063073635101318,0.32685768604278564,-0.5918306112289429,0.5336715579032898,0.3608369529247284,-0.6914255023002625,0.5194968581199646,0.3623041808605194,-0.6890610456466675,0.5833255648612976,0.3866942524909973,-0.4338453710079193,0.4730377793312073,0.3896036744117737,-0.4107682704925537,0.614090621471405,0.5003546476364136,-0.3696669340133667,0.45202866196632385,0.504622220993042,-0.3338562250137329,0.6289178133010864,0.6150543093681335,-0.4243776798248291,0.4349208474159241,0.6146572828292847,-0.41009125113487244,0.6356176137924194,0.6497974991798401,-0.45486998558044434,0.42828884720802307,0.6528663635253906,-0.4386628270149231,0.6269519329071045,0.6495331525802612,-0.4959985613822937,0.43358486890792847,0.6524027585983276,-0.4878004491329193,0.6237689852714539,0.6420536637306213,-0.44032806158065796,0.4367550313472748,0.6426565051078796,-0.43033450841903687,0.55922931432724,0.5329096913337708,0.00010299385758116841,0.49514585733413696,0.5356706380844116,-8.638283179607242e-05,0.5778107047080994,0.6941428780555725,-0.06163514778017998,0.4814055562019348,0.6958523392677307,-0.043740153312683105,0.5958505868911743,0.8325961828231812,0.10028569400310516,0.4651138186454773,0.8353548049926758,0.12929311394691467,0.5886499881744385,0.8544709086418152,0.10600775480270386,0.47124749422073364,0.8562897443771362,0.13640344142913818,0.6207590103149414,0.8899075984954834,-0.052832651883363724,0.4497261941432953,0.891115128993988,-0.024232834577560425
67,bend,a12_s03_e03,0.5252090692520142,0.33864161372184753,-0.7348052263259888,0.5317264795303345,0.32195112109184265,-0.7239803075790405,0.5359428524971008,0.3207593560218811,-0.7239702939987183,0.5395995378494263,0.3196600675582886,-0.7241135835647583,0.51813143491745,0.32285162806510925,-0.7219730615615845,0.5141299366950989,0.322103887796402,-0.7221060991287231,0.5100997686386108,0.32124558091163635,-0.7220997214317322,0.547461986541748,0.31662118434906006,-0.5859655141830444,0.5062165856361389,0.319343239068985,-0.5766661167144775,0.5332063436508179,0.35080331563949585,-0.6774041056632996,0.5185003280639648,0.352234423160553,-0.67493736743927,0.5833228826522827,0.3819641172885895,-0.42487281560897827,0.47302451729774475,0.3845610022544861,-0.40018343925476074,0.6143044829368591,0.496788889169693,-0.3599552810192108,0.45188409090042114,0.5016380548477173,-0.321773886680603,0.6290249228477478,0.6105547547340393,-0.4114167094230652,0.4345948100090027,0.6101176738739014,-0.39565593004226685,0.6357218027114868,0.6445972919464111,-0.4401490092277527,0.4277477264404297,0.6482314467430115,-0.42250919342041016,0.6270407438278198,0.6443313956260681,-0.48102515935897827,0.4327544569969177,0.6474531888961792,-0.47074946761131287,0.6238477826118469,0.6354202628135681,-0.4269419312477112,0.43607527017593384,0.6363507509231567,-0.4153335988521576,0.5593588352203369,0.5327514410018921,9.396174573339522e-05,0.49555134773254395,0.5355870723724365,-7.96368476585485e-05,0.5785679817199707,0.6945030093193054,-0.05569222569465637,0.48139578104019165,0.6956821084022522,-0.04511319845914841,0.5962709188461304,0.8335532546043396,0.10113184154033661,0.46531301736831665,0.8352178931236267,0.12460719048976898,0.5889607071876526,0.855530321598053,0.10640032589435577,0.4716498851776123,0.8561441898345947,0.13141922652721405,0.6209052801132202,0.8899660110473633,-0.05083836242556572,0.44968366622924805,0.8909939527511597,-0.028495023027062416
68,bend,a12_s03_e03,0.5237535238265991,0.32737982273101807,-0.7030230760574341,0.5306097865104675,0.3092115521430969,-0.6922744512557983,0.53515625,0.3079894185066223,-0.6922610402107239,0.5386207103729248,0.30688536167144775,-0.6923990249633789,0.5168768763542175,0.3108522593975067,-0.6897534132003784,0.5127182602882385,0.31070488691329956,-0.6898836493492126,0.5091737508773804,0.3101128935813904,-0.6898740530014038,0.546907901763916,0.3057396709918976,-0.5583561062812805,0.5059165358543396,0.30784446001052856,-0.5471276044845581,0.5324029922485352,0.34011733531951904,-0.6476483941078186,0.5171538591384888,0.3424138128757477,-0.6445974111557007,0.5833481550216675,0.37753304839134216,-0.4056772291660309,0.4732082486152649,0.3766246438026428,-0.3809278607368469,0.614565908908844,0.491752564907074,-0.3409003019332886,0.4519692063331604,0.4944588840007782,-0.30334895849227905,0.6295225620269775,0.6047461628913879,-0.3911418914794922,0.4345824122428894,0.6031890511512756,-0.37564975023269653,0.6360558271408081,0.6380981206893921,-0.41871514916419983,0.42766818404197693,0.641714870929718,-0.4015442430973053,0.6275959610939026,0.6382242441177368,-0.4592974781990051,0.4324907660484314,0.6409450769424438,-0.4486563205718994,0.6244109869003296,0.6271426677703857,-0.40641459822654724,0.435910165309906,0.6282702088356018,-0.3948454260826111,0.559365451335907,0.5336122512817383,0.00010893024591496214,0.49564695358276367,0.5354737639427185,-0.00010975667100865394,0.5794113278388977,0.6945754885673523,-0.044432878494262695,0.48126301169395447,0.6961111426353455,-0.034721776843070984,0.5964627265930176,0.834185779094696,0.10839073359966278,0.4654894769191742,0.8352158665657043,0.13370287418365479,0.5890730619430542,0.856103241443634,0.1134469285607338,0.47215479612350464,0.856127142906189,0.1403953582048416,0.6212129592895508,0.8900241255760193,-0.040438033640384674,0.4496538043022156,0.8911523222923279,-0.016130030155181885
69,bend,a12_s03_e03,0.52313232421875,0.3174424171447754,-0.6941623687744141,0.5302018523216248,0.29972317814826965,-0.6831315755844116,0.5347815752029419,0.29917988181114197,-0.68311607837677,0.5381047129631042,0.2988836467266083,-0.6832396984100342,0.5164112448692322,0.30051812529563904,-0.6806848049163818,0.5121671557426453,0.30044126510620117,-0.6808232069015503,0.5087730288505554,0.3004738986492157,-0.68082594871521,0.5464693903923035,0.2992731034755707,-0.5486674308776855,0.5057909488677979,0.3000134825706482,-0.5382358431816101,0.5321606397628784,0.33221039175987244,-0.6388634443283081,0.5163397789001465,0.3349335789680481,-0.6360541582107544,0.5831336975097656,0.3720981180667877,-0.39768147468566895,0.47350993752479553,0.36959320306777954,-0.3781720697879791,0.6145870089530945,0.4854103624820709,-0.332866370677948,0.4523226320743561,0.487802654504776,-0.30559343099594116,0.630168616771698,0.5979537963867188,-0.3855286240577698,0.43409889936447144,0.5973039865493774,-0.38017940521240234,0.6366113424301147,0.6310233473777771,-0.4131183624267578,0.42691659927368164,0.6352582573890686,-0.4070848524570465,0.6282789707183838,0.6314931511878967,-0.454204797744751,0.4312751889228821,0.6350648999214172,-0.4547838568687439,0.625022828578949,0.6189467906951904,-0.4011480212211609,0.43485593795776367,0.6218263506889343,-0.399749219417572,0.5593757629394531,0.5345908403396606,0.0003642246010713279,0.49590492248535156,0.5359720587730408,-0.0004008732212241739,0.5797208547592163,0.6946403384208679,-0.028272882103919983,0.48126187920570374,0.6967478394508362,-0.016315054148435593,0.5965543985366821,0.8350121378898621,0.1314728707075119,0.4656051993370056,0.8352124691009521,0.15872374176979065,0.5891421437263489,0.8569589853286743,0.13732191920280457,0.47227510809898376,0.8561370372772217,0.16612550616264343,0.6213345527648926,0.8900508880615234,-0.014787651598453522,0.44968611001968384,0.8911635279655457,0.009812785312533379
70,bend,a12_s03_e03,0.5223952531814575,0.30976971983909607,-0.678287923336029,0.5295686721801758,0.29402512311935425,-0.6672703623771667,0.5342856049537659,0.29331541061401367,-0.6672502756118774,0.5375050902366638,0.29271596670150757,-0.6673611998558044,0.5159064531326294,0.29515179991722107,-0.6650745868682861,0.5115660429000854,0.2950267493724823,-0.6652177572250366,0.508220911026001,0.2946796715259552,-0.6652277708053589,0.5456415414810181,0.29336732625961304,-0.53449946641922,0.5054827332496643,0.29503414034843445,-0.5254988670349121,0.5316894054412842,0.3248804211616516,-0.6238497495651245,0.5154379606246948,0.3272138833999634,-0.6214467287063599,0.5831020474433899,0.36927127838134766,-0.387009859085083,0.47351568937301636,0.36697283387184143,-0.3721330463886261,0.6147345304489136,0.48013603687286377,-0.3207114338874817,0.45232266187667847,0.48398876190185547,-0.302126407623291,0.6311977505683899,0.5942352414131165,-0.37304264307022095,0.4336346983909607,0.5943978428840637,-0.37662020325660706,0.6371169686317444,0.6258242130279541,-0.39999669790267944,0.42635804414749146,0.6309569478034973,-0.4036727547645569,0.6287121176719666,0.6266927719116211,-0.44093695282936096,0.43056902289390564,0.6310237646102905,-0.45077428221702576,0.625588595867157,0.614504873752594,-0.3885531723499298,0.434156596660614,0.6178514361381531,-0.3959466814994812,0.5598442554473877,0.5354775190353394,0.001112414407543838,0.4966244101524353,0.5368391871452332,-0.001189833041280508,0.5798861384391785,0.6947789788246155,-0.016925888136029243,0.4813970625400543,0.6972939372062683,-0.006634528748691082,0.596548855304718,0.8356770277023315,0.14461860060691833,0.46574848890304565,0.835266649723053,0.1684006303548813,0.5891414284706116,0.8573381304740906,0.15080803632736206,0.47234195470809937,0.8561448454856873,0.17585796117782593,0.6213790774345398,0.8901363015174866,0.0017367824912071228,0.44983047246932983,0.8912364840507507,0.021700192242860794
71,bend,a12_s03_e03,0.5213519334793091,0.3042142987251282,-0.6641272306442261,0.5287781953811646,0.2879795432090759,-0.6530735492706299,0.5335016250610352,0.28729331493377686,-0.6530583500862122,0.5368216037750244,0.28700506687164307,-0.653168261051178,0.5151873826980591,0.28868767619132996,-0.6508530378341675,0.5107542276382446,0.2885756492614746,-0.6509971022605896,0.5076332688331604,0.2885357439517975,-0.6510158777236938,0.5446447134017944,0.288107693195343,-0.5216547250747681,0.5047532320022583,0.2900158762931824,-0.5124707818031311,0.5307799577713013,0.3185548782348633,-0.6102688908576965,0.5143469572067261,0.31997600197792053,-0.607803463935852,0.5829591751098633,0.36539122462272644,-0.37763285636901855,0.47328120470046997,0.36484435200691223,-0.36276790499687195,0.6147541999816895,0.47512170672416687,-0.31281447410583496,0.45205846428871155,0.4792027473449707,-0.2934969663619995,0.6324418187141418,0.5903826951980591,-0.36704036593437195,0.4328494966030121,0.5911980271339417,-0.3673331141471863,0.6376987099647522,0.6214619278907776,-0.3935795724391937,0.4256514608860016,0.6270008087158203,-0.39416611194610596,0.6293958425521851,0.6225119829177856,-0.43426889181137085,0.42993393540382385,0.6268526911735535,-0.4405001997947693,0.6264744400978088,0.6109092831611633,-0.3824741244316101,0.43336039781570435,0.6143154501914978,-0.3863338828086853,0.5599287748336792,0.5357805490493774,0.0014726459048688412,0.49689650535583496,0.5372617840766907,-0.0015710359439253807,0.5798183083534241,0.6946537494659424,-0.015252552926540375,0.48142948746681213,0.6972514986991882,-0.015184074640274048,0.5964705944061279,0.8356520533561707,0.1449667066335678,0.4658661484718323,0.8352674245834351,0.161101832985878,0.5889801979064941,0.8572865128517151,0.15103895962238312,0.47246235609054565,0.8561655282974243,0.16876618564128876,0.6213642358779907,0.8901318311691284,0.0028986292891204357,0.44991087913513184,0.8912498354911804,0.015698470175266266
72,bend,a12_s03_e03,0.5208154320716858,0.29781025648117065,-0.6555753350257874,0.5283811092376709,0.2818092107772827,-0.6438183188438416,0.53313148021698,0.2812933325767517,-0.6438085436820984,0.5364134311676025,0.28086578845977783,-0.6439183950424194,0.5148800611495972,0.28224754333496094,-0.6416536569595337,0.5104203820228577,0.28192752599716187,-0.6417964100837708,0.5073563456535339,0.28144899010658264,-0.6418173909187317,0.5438581109046936,0.2828236520290375,-0.5127860307693481,0.5040521025657654,0.28446680307388306,-0.5037925243377686,0.5302776098251343,0.3117996156215668,-0.6023072600364685,0.5134584307670593,0.31265315413475037,-0.5998948216438293,0.582757830619812,0.3612424433231354,-0.3728755712509155,0.47219857573509216,0.36380502581596375,-0.35698291659355164,0.614759087562561,0.4703073799610138,-0.31307244300842285,0.4516015946865082,0.4773569405078888,-0.2892155051231384,0.6338478326797485,0.5848027467727661,-0.372135728597641,0.43225470185279846,0.5867409110069275,-0.36311104893684387,0.638567328453064,0.6164256930351257,-0.3994660973548889,0.4250641465187073,0.6224055886268616,-0.3902584910392761,0.6302846074104309,0.6171573996543884,-0.43990522623062134,0.4293087124824524,0.6219944357872009,-0.435905396938324,0.6275808215141296,0.6064225435256958,-0.3876078128814697,0.43269824981689453,0.6101213693618774,-0.3818459212779999,0.5599324107170105,0.5358123183250427,0.0016147872665897012,0.49688252806663513,0.5375291705131531,-0.001723851659335196,0.5793983936309814,0.6946048736572266,-0.016511566936969757,0.48138755559921265,0.6971331834793091,-0.020967289805412292,0.5964406728744507,0.835633397102356,0.1390397548675537,0.46586742997169495,0.8352710604667664,0.1534441113471985,0.5888630151748657,0.8572618961334229,0.14462238550186157,0.47225672006607056,0.8564593195915222,0.16100426018238068,0.621291995048523,0.8901329636573792,-0.00470360042527318,0.45040664076805115,0.8909936547279358,0.008203191682696342
73,bend,a12_s03_e03,0.5201876759529114,0.29144081473350525,-0.6486371755599976,0.527845025062561,0.2742821276187897,-0.6365984082221985,0.5325855612754822,0.27386119961738586,-0.636596143245697,0.5359622240066528,0.27392247319221497,-0.6367120742797852,0.5143019556999207,0.2743982672691345,-0.6338197588920593,0.5098792314529419,0.27424734830856323,-0.6339593529701233,0.5069465637207031,0.2740892767906189,-0.6339808106422424,0.543330729007721,0.27823394536972046,-0.5068165063858032,0.5037650465965271,0.27874645590782166,-0.49462732672691345,0.5298087000846863,0.3051571249961853,-0.596098005771637,0.5129201412200928,0.3057323694229126,-0.5927685499191284,0.5827587246894836,0.35877132415771484,-0.3698367178440094,0.47151118516921997,0.36228811740875244,-0.350058913230896,0.6151298880577087,0.467925488948822,-0.31500405073165894,0.4508599638938904,0.4761137366294861,-0.2816242277622223,0.6351132988929749,0.5829334855079651,-0.37695086002349854,0.43183261156082153,0.5827778577804565,-0.3565843403339386,0.6391893625259399,0.6139242053031921,-0.40526238083839417,0.42474332451820374,0.6171346306800842,-0.38448798656463623,0.6309963464736938,0.6148053407669067,-0.4454902708530426,0.4289781153202057,0.6167370676994324,-0.4295733869075775,0.6284851431846619,0.6045016646385193,-0.39242392778396606,0.4322454333305359,0.6061460375785828,-0.3751766085624695,0.5598968863487244,0.5362785458564758,0.0015847506001591682,0.4968082904815674,0.5377399325370789,-0.001701689907349646,0.5789811611175537,0.6948245167732239,-0.015416431240737438,0.4813595414161682,0.6970533132553101,-0.018381793051958084,0.5962908267974854,0.8356059789657593,0.14149917662143707,0.46587592363357544,0.8352653980255127,0.15797942876815796,0.5887748599052429,0.8572278618812561,0.14719215035438538,0.4722534716129303,0.8564624190330505,0.16575701534748077,0.6212852597236633,0.8901903629302979,-0.002262305933982134,0.4504125118255615,0.8910101652145386,0.013955622911453247
74,bend,a12_s03_e03,0.5199512243270874,0.28445249795913696,-0.6263774633407593,0.5273296236991882,0.26874294877052307,-0.614181399345398,0.5320669412612915,0.26841455698013306,-0.6141831874847412,0.5355897545814514,0.2683146595954895,-0.6143006086349487,0.5138574838638306,0.2691473662853241,-0.6111592650413513,0.5095310211181641,0.2692117691040039,-0.6112854480743408,0.5066013336181641,0.2691900134086609,-0.611300528049469,0.5426232814788818,0.2722071409225464,-0.4857986867427826,0.5035614371299744,0.2740703225135803,-0.47256937623023987,0.529681921005249,0.2988629937171936,-0.5746028423309326,0.5126289129257202,0.2999781370162964,-0.5709517598152161,0.5827584862709045,0.35582491755485535,-0.3544129729270935,0.4710635244846344,0.3596072494983673,-0.33037930727005005,0.6153157949447632,0.4624806046485901,-0.30274975299835205,0.44999831914901733,0.4719366133213043,-0.26077327132225037,0.6359186768531799,0.5765817165374756,-0.3709995448589325,0.4313865303993225,0.5751098990440369,-0.33792033791542053,0.6399693489074707,0.6083446145057678,-0.40012669563293457,0.424072802066803,0.6094378232955933,-0.3659251034259796,0.6318181753158569,0.6095549464225769,-0.44115209579467773,0.4284629821777344,0.6094018816947937,-0.4115520417690277,0.6293585896492004,0.5997792482376099,-0.38683563470840454,0.4318413734436035,0.5992535352706909,-0.35694751143455505,0.5597807765007019,0.5367019772529602,0.0014942792477086186,0.49675577878952026,0.5379709005355835,-0.0016204441199079156,0.5782483816146851,0.6951152682304382,-0.016770876944065094,0.48129376769065857,0.6970206499099731,-0.020321708172559738,0.5955384969711304,0.8356388211250305,0.133834570646286,0.46588292717933655,0.8352371454238892,0.151851624250412,0.5881284475326538,0.8576954007148743,0.13891109824180603,0.4724148213863373,0.8560519814491272,0.15910355746746063,0.6212741136550903,0.8904791474342346,-0.01199499424546957,0.4502163529396057,0.8918125033378601,0.007146874908357859
75,bend,a12_s03_e03,0.5200893878936768,0.27877506613731384,-0.6088811159133911,0.5272884964942932,0.26348236203193665,-0.5954717993736267,0.5319873094558716,0.26309192180633545,-0.5954771637916565,0.5355081558227539,0.26309099793434143,-0.5955885052680969,0.5138717889785767,0.26475563645362854,-0.5934468507766724,0.5095771551132202,0.2650008499622345,-0.5935633778572083,0.5065045952796936,0.26533618569374084,-0.5935715436935425,0.5423586368560791,0.2676723897457123,-0.46421486139297485,0.5033883452415466,0.27065354585647583,-0.45549100637435913,0.5297362804412842,0.29333096742630005,-0.556410551071167,0.5127549767494202,0.29464128613471985,-0.5540477633476257,0.5826457142829895,0.35128065943717957,-0.33450841903686523,0.4704238772392273,0.35762423276901245,-0.31723102927207947,0.6156441569328308,0.4570993185043335,-0.28176385164260864,0.44903844594955444,0.4678928554058075,-0.25048282742500305,0.6361318826675415,0.5675855278968811,-0.3582976460456848,0.4305780529975891,0.5705869793891907,-0.33045321702957153,0.640974760055542,0.6015709042549133,-0.38825723528862,0.4232790470123291,0.6051240563392639,-0.35899752378463745,0.6329200267791748,0.6027549505233765,-0.4304026663303375,0.4279734492301941,0.6048553586006165,-0.4051864743232727,0.6301626563072205,0.5939109921455383,-0.3749522566795349,0.4314132630825043,0.5943437218666077,-0.34985852241516113,0.5593516230583191,0.5370102524757385,0.0014876064378768206,0.4963609278202057,0.5382381081581116,-0.001612593769095838,0.5776892304420471,0.6956807971000671,-0.020986853167414665,0.4809130132198334,0.6975198984146118,-0.013415682129561901,0.594877302646637,0.8359767198562622,0.13133542239665985,0.4659011960029602,0.8351600170135498,0.15753275156021118,0.587385356426239,0.8578090071678162,0.1364746242761612,0.47247976064682007,0.855539858341217,0.1644425094127655,0.6214385628700256,0.8910492062568665,-0.015485796146094799,0.4498831629753113,0.8925879001617432,0.012704567983746529
76,bend,a12_s03_e03,0.5201095342636108,0.27052366733551025,-0.6172819137573242,0.5271873474121094,0.2554972171783447,-0.6025961637496948,0.5318678617477417,0.2550879716873169,-0.6026101112365723,0.5354129076004028,0.25510919094085693,-0.6027317643165588,0.5137962102890015,0.2571149170398712,-0.6006268858909607,0.5094509720802307,0.2579570710659027,-0.6007474660873413,0.5063198804855347,0.25868451595306396,-0.6007628440856934,0.5421355366706848,0.2616349756717682,-0.46800312399864197,0.5031154155731201,0.2654174268245697,-0.4596632421016693,0.5297024250030518,0.2850712239742279,-0.5640218257904053,0.5125001668930054,0.2866935133934021,-0.5617602467536926,0.5825518369674683,0.3475746810436249,-0.33763256669044495,0.46996593475341797,0.35454848408699036,-0.32349255681037903,0.6163109540939331,0.4542100727558136,-0.28966692090034485,0.4483165740966797,0.4662575125694275,-0.26204946637153625,0.6363956332206726,0.562329113483429,-0.36934712529182434,0.4299490451812744,0.5670673847198486,-0.34697407484054565,0.6421273946762085,0.5980900526046753,-0.39997923374176025,0.4226907193660736,0.601326048374176,-0.3772892653942108,0.63408362865448,0.5995550751686096,-0.441497802734375,0.4276861250400543,0.6010507941246033,-0.42345181107521057,0.6310313940048218,0.590234637260437,-0.3860556483268738,0.43125611543655396,0.5900872349739075,-0.3665524125099182,0.5587858557701111,0.5369879007339478,0.0016067700926214457,0.4959285855293274,0.538259744644165,-0.0017311086412519217,0.5774475932121277,0.6967709064483643,-0.017638541758060455,0.4807450771331787,0.6981793642044067,-0.010296395048499107,0.5949913263320923,0.8366839289665222,0.15134993195533752,0.4659632742404938,0.8353488445281982,0.1735517978668213,0.587395429611206,0.8580750226974487,0.15816210210323334,0.47267311811447144,0.8555696606636047,0.1817263960838318,0.6219232082366943,0.8921869993209839,0.004624033812433481,0.44988521933555603,0.8939950466156006,0.0263599194586277
77,bend,a12_s03_e03,0.5201662182807922,0.265472412109375,-0.6091432571411133,0.5271632075309753,0.25082579255104065,-0.5935571789741516,0.5318765044212341,0.2503572702407837,-0.5935733914375305,0.5354015231132507,0.25038185715675354,-0.5936906337738037,0.5137960910797119,0.25216203927993774,-0.5920220613479614,0.5094020366668701,0.2531217634677887,-0.59213787317276,0.5062269568443298,0.2540230453014374,-0.5921462774276733,0.5421266555786133,0.2572634816169739,-0.45722103118896484,0.5028790235519409,0.2614516615867615,-0.45102015137672424,0.5296820402145386,0.28038784861564636,-0.5556339025497437,0.5124209523200989,0.28193044662475586,-0.5539624691009521,0.5824803113937378,0.3439475893974304,-0.32932743430137634,0.4695289134979248,0.35148900747299194,-0.31860998272895813,0.6164712309837341,0.45033782720565796,-0.28486329317092896,0.44746503233909607,0.4634515047073364,-0.26166003942489624,0.6366631984710693,0.556969404220581,-0.37360310554504395,0.429332971572876,0.5618653893470764,-0.3522326946258545,0.6429306864738464,0.5926856994628906,-0.4047606885433197,0.42248639464378357,0.5977240800857544,-0.3839959502220154,0.6351360082626343,0.5945170521736145,-0.4445260465145111,0.4276205897331238,0.5974897742271423,-0.43052515387535095,0.6319552659988403,0.5832431316375732,-0.39072269201278687,0.4311748445034027,0.5855118632316589,-0.37229448556900024,0.5584986209869385,0.5370209813117981,0.001941875321790576,0.495556116104126,0.5384331941604614,-0.002066259039565921,0.5773915648460388,0.6975255608558655,-0.00929279811680317,0.48044538497924805,0.6997713446617126,0.0010958574712276459,0.5949336290359497,0.8368547558784485,0.16472363471984863,0.466233491897583,0.8360569477081299,0.1878255307674408,0.5871621370315552,0.8580583930015564,0.171966552734375,0.47302699089050293,0.8557223677635193,0.19608458876609802,0.6224954724311829,0.8930696845054626,0.017661642283201218,0.4498863220214844,0.8967599868774414,0.039902593940496445
78,bend,a12_s03_e03,0.52021324634552,0.26150476932525635,-0.5965802669525146,0.5272067785263062,0.24754060804843903,-0.5805660486221313,0.5319138169288635,0.24720777571201324,-0.5805844068527222,0.5354131460189819,0.24732756614685059,-0.5806989073753357,0.5138469934463501,0.24825002253055573,-0.5790192484855652,0.5094550848007202,0.24885901808738708,-0.5791295766830444,0.5062533617019653,0.24974003434181213,-0.5791285634040833,0.5420550107955933,0.25402161478996277,-0.44402575492858887,0.5028766393661499,0.2570635676383972,-0.43782883882522583,0.529692530632019,0.2763935327529907,-0.5432501435279846,0.5124826431274414,0.27767208218574524,-0.5415993928909302,0.582097053527832,0.3403915464878082,-0.3192363381385803,0.4694058299064636,0.34844890236854553,-0.307007372379303,0.6165705919265747,0.44729170203208923,-0.2746824622154236,0.4469653069972992,0.4596650302410126,-0.2488696277141571,0.6370185613632202,0.5520703792572021,-0.37045949697494507,0.4290621280670166,0.5573690533638,-0.3442705571651459,0.6437842845916748,0.5868133902549744,-0.4047110080718994,0.4225471019744873,0.5927969813346863,-0.3779604732990265,0.6361645460128784,0.5888334512710571,-0.44715625047683716,0.4275650978088379,0.5927897691726685,-0.42507869005203247,0.6327953934669495,0.5765883922576904,-0.3888755142688751,0.431004136800766,0.580266535282135,-0.36495721340179443,0.5584153532981873,0.5372940897941589,0.0022043203935027122,0.4954525828361511,0.5389602184295654,-0.002328842179849744,0.5773526430130005,0.699433445930481,-0.00445548165589571,0.4803348481655121,0.7012075185775757,0.00892548356205225,0.5950256586074829,0.8370755910873413,0.17827388644218445,0.46643343567848206,0.8363156914710999,0.19970467686653137,0.587169349193573,0.8580089211463928,0.18647779524326324,0.47335973381996155,0.8553759455680847,0.2083483189344406,0.6229179501533508,0.8935738205909729,0.031129751354455948,0.44989314675331116,0.8971383571624756,0.05053200200200081
79,bend,a12_s03_e03,0.5202377438545227,0.2573562562465668,-0.5669487714767456,0.5271660089492798,0.24300779402256012,-0.5506528615951538,0.5319161415100098,0.24278251826763153,-0.5506811141967773,0.5353805422782898,0.2427186518907547,-0.5507861375808716,0.5138418674468994,0.24369502067565918,-0.5489470362663269,0.5094687342643738,0.24406926333904266,-0.5490480065345764,0.5062074065208435,0.2445281445980072,-0.549039900302887,0.5420067310333252,0.24913781881332397,-0.41590189933776855,0.5028349757194519,0.25196969509124756,-0.4089064598083496,0.5296114683151245,0.27290764451026917,-0.5145828127861023,0.5124250054359436,0.27421262860298157,-0.5126909017562866,0.5820237398147583,0.3377903401851654,-0.29733961820602417,0.46919354796409607,0.3453543484210968,-0.2817595601081848,0.6165770888328552,0.44452813267707825,-0.2554394602775574,0.4466799795627594,0.45627880096435547,-0.22050166130065918,0.6372132301330566,0.5485485792160034,-0.35772189497947693,0.4285436272621155,0.5529587268829346,-0.3196758031845093,0.644344687461853,0.5818098187446594,-0.3942798674106598,0.4225195050239563,0.5865097045898438,-0.3540419936180115,0.6365228891372681,0.5838940739631653,-0.43900543451309204,0.4273017942905426,0.5864709615707397,-0.40164750814437866,0.6331180930137634,0.5714799761772156,-0.376862108707428,0.4306084215641022,0.5744086503982544,-0.34076768159866333,0.5582995414733887,0.5375863909721375,0.0022769016213715076,0.4951934218406677,0.5394557118415833,-0.0023990762419998646,0.5771352648735046,0.6996771693229675,0.004220065660774708,0.4803377687931061,0.7011109590530396,0.013072559610009193,0.5946786999702454,0.8362396359443665,0.18320201337337494,0.4667549133300781,0.8363713622093201,0.20115694403648376,0.5870099663734436,0.8569452166557312,0.19106870889663696,0.47366052865982056,0.8546349406242371,0.20955634117126465,0.6230212450027466,0.8936179876327515,0.03710886090993881,0.4500247836112976,0.8970242738723755,0.052742838859558105
80,bend,a12_s03_e03,0.5206373929977417,0.25137007236480713,-0.5531852841377258,0.5274152159690857,0.23604798316955566,-0.5362673997879028,0.532160222530365,0.23614957928657532,-0.5362977385520935,0.5354191064834595,0.23658080399036407,-0.5364019870758057,0.51408851146698,0.23649142682552338,-0.5347927212715149,0.5098733901977539,0.2369435727596283,-0.5348867177963257,0.5062968134880066,0.23773320019245148,-0.534869909286499,0.5420259833335876,0.2443004995584488,-0.4023662209510803,0.5028650164604187,0.2462925910949707,-0.39616116881370544,0.529815673828125,0.2680183947086334,-0.5015590786933899,0.512712836265564,0.26959875226020813,-0.49989980459213257,0.5820228457450867,0.33554455637931824,-0.28966081142425537,0.46902886033058167,0.34314003586769104,-0.270499050617218,0.6165626049041748,0.4427317976951599,-0.2505670189857483,0.4467335641384125,0.45345553755760193,-0.2065977156162262,0.6373630166053772,0.545885443687439,-0.35617902874946594,0.4281483590602875,0.5489937663078308,-0.30575233697891235,0.6446663737297058,0.5778282880783081,-0.39374595880508423,0.42250069975852966,0.5816658735275269,-0.34043627977371216,0.6367613673210144,0.5793452858924866,-0.4387527406215668,0.42704758048057556,0.5814288258552551,-0.3888757526874542,0.6333144903182983,0.5672547817230225,-0.3754684031009674,0.4303252696990967,0.5702673196792603,-0.327383428812027,0.5582272410392761,0.5377886891365051,0.002272964920848608,0.4949990212917328,0.5397558212280273,-0.002394495066255331,0.5768385529518127,0.6996871829032898,0.004525382071733475,0.4803224503993988,0.7010253071784973,0.014203360304236412,0.5940645933151245,0.8355530500411987,0.17802117764949799,0.46716657280921936,0.8364046216011047,0.1989433467388153,0.5867961645126343,0.8565108776092529,0.18518047034740448,0.47404178977012634,0.8543846607208252,0.20686765015125275,0.6230704188346863,0.8935946226119995,0.029430512338876724,0.4501098096370697,0.8961441516876221,0.05015743896365166
81,bend,a12_s03_e03,0.5206813812255859,0.24653926491737366,-0.5493646264076233,0.5275169014930725,0.23118211328983307,-0.5325542092323303,0.5322456955909729,0.23136575520038605,-0.532590389251709,0.5354312658309937,0.23180100321769714,-0.5327001810073853,0.5141122937202454,0.23150496184825897,-0.5303044319152832,0.5099063515663147,0.23170159757137299,-0.5303888320922852,0.5063172578811646,0.23252268135547638,-0.5303674936294556,0.5421587228775024,0.24026359617710114,-0.3992532789707184,0.5028714537620544,0.2417304813861847,-0.3891090452671051,0.5298251509666443,0.2638658583164215,-0.4979838728904724,0.5127450227737427,0.26553696393966675,-0.49521294236183167,0.582024872303009,0.33313295245170593,-0.28839266300201416,0.4689822793006897,0.3406429886817932,-0.26129692792892456,0.6165251135826111,0.44099605083465576,-0.2510296106338501,0.44680824875831604,0.4502498507499695,-0.19145429134368896,0.6374175548553467,0.5439603924751282,-0.3580056130886078,0.42788785696029663,0.5459045171737671,-0.29289862513542175,0.6447573900222778,0.5755460262298584,-0.3959465026855469,0.4224362373352051,0.5782158374786377,-0.32803675532341003,0.6368293166160583,0.5766031742095947,-0.4410358965396881,0.42678719758987427,0.577621579170227,-0.378025621175766,0.6333717107772827,0.564713716506958,-0.377359002828598,0.4300681948661804,0.5670847296714783,-0.3153891861438751,0.558219313621521,0.5377786159515381,0.0019576495978981256,0.4949234127998352,0.5397822856903076,-0.0020707810763269663,0.5766671895980835,0.699668824672699,0.005904839839786291,0.4802874028682709,0.70094895362854,0.017593489959836006,0.5935973525047302,0.8350984454154968,0.18540075421333313,0.4674862325191498,0.8366061449050903,0.2068883180618286,0.5866217613220215,0.8560468554496765,0.19301950931549072,0.4745909571647644,0.8543069362640381,0.21506376564502716,0.6230767369270325,0.8935608267784119,0.03397040069103241,0.4501567482948303,0.8957222700119019,0.05689448118209839
82,bend,a12_s03_e03,0.5208490490913391,0.2416050285100937,-0.5428473949432373,0.5277055501937866,0.22745248675346375,-0.5256524085998535,0.5323864817619324,0.22772805392742157,-0.5256935358047485,0.5354854464530945,0.22793903946876526,-0.525800347328186,0.5142942070960999,0.2275710105895996,-0.5231785774230957,0.5101957321166992,0.2278342992067337,-0.5232643485069275,0.5064292550086975,0.22862441837787628,-0.5232479572296143,0.5423718690872192,0.2359693944454193,-0.39209529757499695,0.5029472708702087,0.23755477368831635,-0.380901038646698,0.5298916697502136,0.2594383656978607,-0.49155935645103455,0.5129421949386597,0.2609906792640686,-0.48849526047706604,0.5821369886398315,0.3312376141548157,-0.2823525071144104,0.4689953923225403,0.33753708004951477,-0.254625141620636,0.616348922252655,0.43908458948135376,-0.2454524040222168,0.44697070121765137,0.4475686848163605,-0.18308891355991364,0.6373690366744995,0.5419303178787231,-0.35565683245658875,0.4278028905391693,0.543535590171814,-0.2855832278728485,0.6446446180343628,0.5730912089347839,-0.3942449390888214,0.4224602282047272,0.5757061839103699,-0.3209075331687927,0.6367854475975037,0.5737358927726746,-0.44007354974746704,0.4267562925815582,0.5748879313468933,-0.3709271550178528,0.6333940625190735,0.5622034072875977,-0.3753267824649811,0.43002089858055115,0.5651326775550842,-0.30809885263442993,0.5580047369003296,0.5378103852272034,0.0018700447399169207,0.4946843981742859,0.5397943258285522,-0.001981181325390935,0.576565146446228,0.6997023820877075,0.008927391842007637,0.4802910387516022,0.7006967067718506,0.019070003181695938,0.5935890078544617,0.8351051211357117,0.19122833013534546,0.4675423204898834,0.8368009924888611,0.21420280635356903,0.58663409948349,0.856017529964447,0.19904883205890656,0.474888414144516,0.8541898727416992,0.2229073941707611,0.6231639981269836,0.8935428261756897,0.038084447383880615,0.45047250390052795,0.8954213857650757,0.06338153779506683
83,bend,a12_s03_e03,0.5213068127632141,0.23650838434696198,-0.5372061133384705,0.5280367136001587,0.22366951406002045,-0.520149827003479,0.532651960849762,0.2240161895751953,-0.5201815962791443,0.5356312990188599,0.2242954820394516,-0.520276665687561,0.5147470235824585,0.22374306619167328,-0.5178987383842468,0.5107906460762024,0.22423335909843445,-0.5179857015609741,0.506885290145874,0.22512245178222656,-0.5179725885391235,0.542616605758667,0.2322075515985489,-0.38709166646003723,0.503192126750946,0.2342180460691452,-0.3770168423652649,0.5302570462226868,0.25480449199676514,-0.4860197901725769,0.5136477947235107,0.2567453980445862,-0.483269065618515,0.582342267036438,0.3296004831790924,-0.275785893201828,0.46906495094299316,0.33527669310569763,-0.25316616892814636,0.6159189939498901,0.4381673038005829,-0.23392745852470398,0.44708624482154846,0.44593802094459534,-0.1830824911594391,0.6373308897018433,0.5404783487319946,-0.34378814697265625,0.42800283432006836,0.5424400568008423,-0.2853773236274719,0.6445668935775757,0.5711726546287537,-0.3816410303115845,0.42302030324935913,0.5740634202957153,-0.3206363320350647,0.6368211507797241,0.5714940428733826,-0.42794156074523926,0.4269610047340393,0.5731914639472961,-0.36971646547317505,0.6335708498954773,0.5602415800094604,-0.36362457275390625,0.43028974533081055,0.5635251402854919,-0.30742689967155457,0.5579714775085449,0.5377365946769714,0.0019227996235713363,0.4946373403072357,0.5397105813026428,-0.002036154270172119,0.57643723487854,0.6996469497680664,0.011895067058503628,0.4804583191871643,0.7003139853477478,0.017912577837705612,0.5934923887252808,0.8351097106933594,0.1945999264717102,0.4676513671875,0.8373280763626099,0.21348431706428528,0.5865582227706909,0.856069803237915,0.20249740779399872,0.47540149092674255,0.854172945022583,0.2222699671983719,0.6233688592910767,0.8935633897781372,0.042295049875974655,0.4505038261413574,0.8954307436943054,0.06307774037122726
84,bend,a12_s03_e03,0.521865963935852,0.23369485139846802,-0.5199883580207825,0.5284949541091919,0.22086362540721893,-0.5030634999275208,0.532982587814331,0.22117073833942413,-0.5030859708786011,0.5358619689941406,0.22151967883110046,-0.5031660795211792,0.5153749585151672,0.22094614803791046,-0.5011066198348999,0.5114589929580688,0.22152356803417206,-0.501186728477478,0.5075975656509399,0.22246214747428894,-0.5011663436889648,0.5430452823638916,0.2296093851327896,-0.37143751978874207,0.5035600662231445,0.23174521327018738,-0.3627420663833618,0.5306201577186584,0.2519755959510803,-0.46935200691223145,0.5143073797225952,0.2539471685886383,-0.4669998586177826,0.5826009511947632,0.32853758335113525,-0.26339191198349,0.4692307114601135,0.33370888233184814,-0.2431589812040329,0.6154329776763916,0.4373909831047058,-0.21889057755470276,0.44714146852493286,0.44247767329216003,-0.17362143099308014,0.6372183561325073,0.5388538241386414,-0.3299117982387543,0.428288072347641,0.5397778153419495,-0.2747320532798767,0.6442974805831909,0.5691244602203369,-0.3671920895576477,0.4234936833381653,0.5716521143913269,-0.3098743259906769,0.6367577314376831,0.5689061284065247,-0.4130619168281555,0.4273757338523865,0.571013867855072,-0.35812318325042725,0.6335656046867371,0.5582239031791687,-0.34958553314208984,0.4307830333709717,0.5617238879203796,-0.29652196168899536,0.5579697489738464,0.5377277731895447,0.002001761458814144,0.4946225583553314,0.5396994352340698,-0.002122842241078615,0.5763367414474487,0.6995983123779297,0.014853253960609436,0.4805572032928467,0.700293779373169,0.018369659781455994,0.5934902429580688,0.8351414203643799,0.19957633316516876,0.46765604615211487,0.8374624848365784,0.21683716773986816,0.5865748524665833,0.8560562133789062,0.2078867256641388,0.47564896941185,0.8535431623458862,0.22608888149261475,0.6235318183898926,0.8938224911689758,0.04894409701228142,0.45046624541282654,0.8954875469207764,0.0684538334608078
85,bend,a12_s03_e03,0.5221556425094604,0.22829820215702057,-0.5083513259887695,0.5289077758789062,0.21608705818653107,-0.4908618927001953,0.5332878232002258,0.21667936444282532,-0.4908818304538727,0.5361193418502808,0.21757028996944427,-0.490953266620636,0.5157920122146606,0.21657878160476685,-0.48914265632629395,0.5118848085403442,0.21762005984783173,-0.4892222285270691,0.5079764127731323,0.21882161498069763,-0.4892032742500305,0.5435568690299988,0.22655089199543,-0.35940659046173096,0.5037959218025208,0.2284669578075409,-0.35169994831085205,0.5309151411056519,0.2475883811712265,-0.4580368399620056,0.5144851207733154,0.24931953847408295,-0.45597657561302185,0.5827035307884216,0.32774868607521057,-0.2528321146965027,0.46939605474472046,0.3318707048892975,-0.2346830666065216,0.6148995161056519,0.4363599717617035,-0.20357947051525116,0.44771498441696167,0.44008034467697144,-0.16348768770694733,0.6370927095413208,0.5383669137954712,-0.3121514320373535,0.4291311204433441,0.5372541546821594,-0.265336275100708,0.6436935067176819,0.5682157278060913,-0.3481885492801666,0.4245520532131195,0.5695018172264099,-0.3004799485206604,0.6367248296737671,0.5677541494369507,-0.39395567774772644,0.42848891019821167,0.5686763525009155,-0.34892767667770386,0.6335386037826538,0.5576632618904114,-0.3316558003425598,0.43190860748291016,0.5598317980766296,-0.28728505969047546,0.5579549670219421,0.537690281867981,0.002104081679135561,0.4945443570613861,0.5396717190742493,-0.00223520421423018,0.5763347744941711,0.6996650099754333,0.01668119989335537,0.4805668890476227,0.7002655267715454,0.01850978098809719,0.5934935808181763,0.8351710438728333,0.20786862075328827,0.4676828384399414,0.8375875949859619,0.22171738743782043,0.586632490158081,0.8558961153030396,0.2168375700712204,0.47597724199295044,0.8532278537750244,0.23145242035388947,0.6235650777816772,0.893886148929596,0.058888889849185944,0.45002979040145874,0.8954939246177673,0.07457643002271652
86,bend,a12_s03_e03,0.5222552418708801,0.22651173174381256,-0.5063010454177856,0.5291514992713928,0.21403411030769348,-0.48899251222610474,0.533516526222229,0.21470004320144653,-0.4890121519565582,0.5363267064094543,0.21576540172100067,-0.48908179998397827,0.5159984827041626,0.21465681493282318,-0.48689016699790955,0.512100875377655,0.21581687033176422,-0.48696717619895935,0.508129358291626,0.2170449048280716,-0.48694807291030884,0.5441586375236511,0.22499366104602814,-0.35730230808258057,0.5039678812026978,0.22645869851112366,-0.3480421304702759,0.5310550928115845,0.24619841575622559,-0.45581990480422974,0.514549195766449,0.24773913621902466,-0.4533206820487976,0.5827602744102478,0.3269492983818054,-0.2505117654800415,0.46973395347595215,0.3296855092048645,-0.2299470603466034,0.6145586371421814,0.4356502890586853,-0.2006460428237915,0.4488159716129303,0.4373016357421875,-0.15665405988693237,0.6369123458862305,0.5361624360084534,-0.3095962405204773,0.4298950731754303,0.5351256728172302,-0.25969651341438293,0.6431816816329956,0.5659369230270386,-0.3457353711128235,0.42550843954086304,0.5679432153701782,-0.2949613928794861,0.6366724967956543,0.5653957724571228,-0.3915536105632782,0.4291750490665436,0.5670722723007202,-0.3436644673347473,0.6335070133209229,0.556068480014801,-0.32907548546791077,0.4324427545070648,0.5582729578018188,-0.28183627128601074,0.5579581260681152,0.5376241207122803,0.0022174897603690624,0.4945358335971832,0.539612889289856,-0.0023569976910948753,0.5763324499130249,0.699910044670105,0.01965922862291336,0.4805974066257477,0.7004074454307556,0.01788443699479103,0.5934973359107971,0.8351802825927734,0.21734675765037537,0.4676986336708069,0.8377244472503662,0.22788505256175995,0.5867030024528503,0.8557654619216919,0.227093905210495,0.4760138988494873,0.85311359167099,0.23847046494483948,0.6237580180168152,0.8939825296401978,0.06917251646518707,0.44993680715560913,0.8954800367355347,0.08155680447816849
87,bend,a12_s03_e03,0.5226960182189941,0.225852832198143,-0.5006383657455444,0.5297502279281616,0.2133948802947998,-0.4830129146575928,0.5339282751083374,0.21407461166381836,-0.48303166031837463,0.5367655158042908,0.2151033729314804,-0.48309293389320374,0.5166217088699341,0.21393488347530365,-0.48123282194137573,0.5126081705093384,0.21508856117725372,-0.48130375146865845,0.5088669657707214,0.21635426580905914,-0.48128271102905273,0.5447913408279419,0.22395522892475128,-0.3506382405757904,0.5043964982032776,0.22535984218120575,-0.3431303799152374,0.5315021276473999,0.24533772468566895,-0.45000118017196655,0.515018105506897,0.24715851247310638,-0.44800251722335815,0.582919716835022,0.32618042826652527,-0.24497373402118683,0.47012728452682495,0.32832399010658264,-0.22492554783821106,0.6142452955245972,0.43501409888267517,-0.19372226297855377,0.4499898850917816,0.43510058522224426,-0.15039081871509552,0.6367080211639404,0.5351644158363342,-0.30403250455856323,0.43066486716270447,0.5324375033378601,-0.2538469433784485,0.6427122354507446,0.564866304397583,-0.3402758240699768,0.42632126808166504,0.5660045742988586,-0.2891393303871155,0.6365447640419006,0.5641002058982849,-0.3860305845737457,0.42980989813804626,0.5649570822715759,-0.3381428122520447,0.6334957480430603,0.5551988482475281,-0.3235374391078949,0.4330044686794281,0.5562366247177124,-0.2761259973049164,0.5580375790596008,0.5376157164573669,0.0023647116031497717,0.4945501387119293,0.5396046042442322,-0.0025088374968618155,0.5763301253318787,0.7000272870063782,0.024653930217027664,0.4806489944458008,0.7005297541618347,0.018246302381157875,0.5934962630271912,0.8352529406547546,0.22162458300590515,0.46777090430259705,0.8376848697662354,0.2309836596250534,0.5867308974266052,0.855684220790863,0.23124103248119354,0.4761536717414856,0.8522636294364929,0.2418200969696045,0.6238212585449219,0.8939791917800903,0.07361501455307007,0.44993871450424194,0.8952286839485168,0.08570544421672821
88,bend,a12_s03_e03,0.5237171649932861,0.22378484904766083,-0.49684539437294006,0.5308347344398499,0.2112841010093689,-0.47896283864974976,0.5345886945724487,0.21211062371730804,-0.47897735238075256,0.5378077030181885,0.21327519416809082,-0.47902899980545044,0.5177634358406067,0.21193204820156097,-0.4775914251804352,0.5134543180465698,0.21321992576122284,-0.47765955328941345,0.5098746418952942,0.2147211879491806,-0.47764211893081665,0.545903205871582,0.22247737646102905,-0.3457788825035095,0.5049759745597839,0.22413015365600586,-0.3403433859348297,0.5324525833129883,0.24351553618907928,-0.44591212272644043,0.515976071357727,0.24518802762031555,-0.4445208013057709,0.5832325220108032,0.32551589608192444,-0.23955290019512177,0.4707462191581726,0.32671576738357544,-0.22280864417552948,0.613574206829071,0.43458425998687744,-0.1832609921693802,0.4510002136230469,0.43343067169189453,-0.14725856482982635,0.6363658905029297,0.5342762470245361,-0.2919524013996124,0.4316266179084778,0.530057430267334,-0.25033900141716003,0.642152726650238,0.5641571283340454,-0.32720059156417847,0.4271067976951599,0.5644737482070923,-0.28549355268478394,0.6364337205886841,0.5632534027099609,-0.3730385899543762,0.43044885993003845,0.5634123682975769,-0.33472129702568054,0.6334861516952515,0.5545738339424133,-0.31141602993011475,0.43366432189941406,0.554743766784668,-0.2726793885231018,0.5582865476608276,0.5375999212265015,0.002639779355376959,0.4946126341819763,0.539596438407898,-0.0027903467416763306,0.5763353109359741,0.7001999020576477,0.029264653101563454,0.48077473044395447,0.7006998062133789,0.018272623419761658,0.5934786200523376,0.8353741765022278,0.231549471616745,0.46781572699546814,0.8375402688980103,0.23796692490577698,0.5867348313331604,0.8556205630302429,0.2417254000902176,0.476287305355072,0.8511422276496887,0.2496488094329834,0.6238256692886353,0.8939758539199829,0.08446680009365082,0.449943482875824,0.8949018120765686,0.09420816600322723
89,bend,a12_s03_e03,0.5241153836250305,0.22128723561763763,-0.47561025619506836,0.5313107371330261,0.2086729109287262,-0.45742130279541016,0.5349198579788208,0.2094353586435318,-0.45742955803871155,0.5383168458938599,0.21058005094528198,-0.45746245980262756,0.5183112621307373,0.20969079434871674,-0.45579472184181213,0.5139145255088806,0.2111317366361618,-0.4558557868003845,0.5103787779808044,0.2127884030342102,-0.45583575963974,0.546576976776123,0.22079314291477203,-0.32556068897247314,0.5054019093513489,0.22249695658683777,-0.3191094398498535,0.5329380631446838,0.24091246724128723,-0.42546623945236206,0.5164148807525635,0.24254348874092102,-0.4237738251686096,0.5836046934127808,0.32446354627609253,-0.22134213149547577,0.4718107581138611,0.32530033588409424,-0.2064824402332306,0.6131075620651245,0.4341503977775574,-0.16082154214382172,0.45174717903137207,0.43261608481407166,-0.13193346560001373,0.6359621286392212,0.5339238047599792,-0.26693981885910034,0.43248701095581055,0.5282692313194275,-0.23404768109321594,0.64149010181427,0.5640848875045776,-0.30026620626449585,0.4276711940765381,0.5627536773681641,-0.2687249481678009,0.6362429857254028,0.563200056552887,-0.3460426330566406,0.43097853660583496,0.5618873834609985,-0.31677061319351196,0.6334300637245178,0.5545629262924194,-0.28625625371932983,0.4343678057193756,0.5533955097198486,-0.25594937801361084,0.5586139559745789,0.5374190211296082,0.002999089192599058,0.4947540760040283,0.5395139455795288,-0.0031640916131436825,0.5764256119728088,0.7003393769264221,0.028776774182915688,0.4808714985847473,0.7006925344467163,0.017839372158050537,0.5934798717498779,0.8355599045753479,0.22828686237335205,0.4678117334842682,0.837542712688446,0.2324354648590088,0.5867376923561096,0.8556186556816101,0.23819033801555634,0.4763151705265045,0.8509384989738464,0.2437610626220703,0.6238873600959778,0.8939837217330933,0.08197464048862457,0.44981664419174194,0.8948947191238403,0.08877716213464737
90,bend,a12_s03_e03,0.52443927526474,0.21948139369487762,-0.4666835367679596,0.5317508578300476,0.20719310641288757,-0.4478774070739746,0.5352538824081421,0.20798581838607788,-0.44788360595703125,0.5388325452804565,0.20914362370967865,-0.447908490896225,0.5188201069831848,0.20797406136989594,-0.4465911388397217,0.5143526196479797,0.2092938870191574,-0.4466477930545807,0.5107951760292053,0.21087317168712616,-0.44662609696388245,0.5472387075424194,0.21967840194702148,-0.3143673241138458,0.5058700442314148,0.2210657000541687,-0.3097022473812103,0.5333548784255981,0.2390134334564209,-0.41606420278549194,0.5167771577835083,0.24011805653572083,-0.4148879051208496,0.5838484168052673,0.3232215940952301,-0.2098836600780487,0.47292429208755493,0.3239668011665344,-0.19839198887348175,0.6120781898498535,0.4338425099849701,-0.14573901891708374,0.4522797167301178,0.4313157796859741,-0.12540584802627563,0.6353682279586792,0.5333124995231628,-0.2512229084968567,0.43307971954345703,0.5268375873565674,-0.2283695936203003,0.640821635723114,0.5637881755828857,-0.283680260181427,0.42803025245666504,0.5611301064491272,-0.26303187012672424,0.6360709071159363,0.5629370212554932,-0.3298867344856262,0.4314441680908203,0.5599712133407593,-0.3107905983924866,0.633367657661438,0.5544863939285278,-0.2707251012325287,0.4350034296512604,0.5515691041946411,-0.25018179416656494,0.5590018033981323,0.537082850933075,0.0035038054920732975,0.49498361349105835,0.5394505262374878,-0.0036812289617955685,0.5765215158462524,0.7003515958786011,0.029576098546385765,0.4809340536594391,0.7006984353065491,0.017657402902841568,0.5933923721313477,0.8356760740280151,0.22928373515605927,0.46780624985694885,0.8375468850135803,0.23021450638771057,0.5867151618003845,0.8556141257286072,0.23914799094200134,0.4763384461402893,0.8508312702178955,0.2414284646511078,0.6239045262336731,0.8939753174781799,0.08215196430683136,0.44977837800979614,0.894904375076294,0.08544030785560608
91,bend,a12_s03_e03,0.5248390436172485,0.2189519852399826,-0.46044039726257324,0.5322830677032471,0.20711666345596313,-0.4418109953403473,0.5357227921485901,0.20803169906139374,-0.4418140947818756,0.5395473837852478,0.20927992463111877,-0.44183558225631714,0.5194596648216248,0.20771528780460358,-0.4405156075954437,0.5148880481719971,0.20904777944087982,-0.4405696988105774,0.5113378763198853,0.2106897085905075,-0.44054871797561646,0.5480417609214783,0.21967394649982452,-0.30868643522262573,0.5064587593078613,0.22067096829414368,-0.30403974652290344,0.5338383316993713,0.23849578201770782,-0.40991348028182983,0.5171680450439453,0.23939427733421326,-0.40875181555747986,0.584203839302063,0.32242393493652344,-0.20394153892993927,0.4737943708896637,0.3230401277542114,-0.19365206360816956,0.6111927032470703,0.4333697259426117,-0.13899190723896027,0.4536891579627991,0.43063873052597046,-0.11994387209415436,0.6349106431007385,0.5327087640762329,-0.244374081492424,0.43379491567611694,0.5257500410079956,-0.22164364159107208,0.6401354670524597,0.5633707642555237,-0.27673107385635376,0.42843127250671387,0.5597700476646423,-0.2559981346130371,0.6357911825180054,0.5624024868011475,-0.3230200707912445,0.4319292902946472,0.5586609244346619,-0.3039318323135376,0.6332114934921265,0.5540834069252014,-0.26388365030288696,0.4356606602668762,0.5504426956176758,-0.2434704601764679,0.5592570900917053,0.536491334438324,0.00418193731456995,0.49507683515548706,0.5391018986701965,-0.004370695445686579,0.5766050219535828,0.699874997138977,0.028919270262122154,0.4813271164894104,0.7001159191131592,0.014699673280119896,0.5933507680892944,0.8357428312301636,0.22343504428863525,0.46777692437171936,0.8375502228736877,0.2285647690296173,0.5867095589637756,0.8556105494499207,0.2327452003955841,0.47634950280189514,0.8507241606712341,0.2400694638490677,0.6238752603530884,0.893922746181488,0.0753704160451889,0.44978809356689453,0.8949081301689148,0.08252246677875519
92,bend,a12_s03_e03,0.5256068706512451,0.21870413422584534,-0.45491060614585876,0.532952606678009,0.2072681039571762,-0.4363636374473572,0.5363379120826721,0.20822948217391968,-0.4363619387149811,0.5403535962104797,0.20946486294269562,-0.4363778531551361,0.5203394889831543,0.20780342817306519,-0.43509525060653687,0.5156991481781006,0.20916199684143066,-0.435152143239975,0.5120611786842346,0.21085381507873535,-0.43513113260269165,0.5486785173416138,0.2195642739534378,-0.304161012172699,0.5072667598724365,0.22068162262439728,-0.2995777130126953,0.5344880819320679,0.23807886242866516,-0.4047548770904541,0.5178138017654419,0.23915882408618927,-0.4036240577697754,0.5846508741378784,0.32202377915382385,-0.20037181675434113,0.47443994879722595,0.3223225474357605,-0.19085553288459778,0.6105170845985413,0.43299928307533264,-0.1347762793302536,0.45442700386047363,0.43034669756889343,-0.117395780980587,0.6341703534126282,0.5323149561882019,-0.2386443167924881,0.4343792498111725,0.5255343914031982,-0.21686172485351562,0.6395542621612549,0.5633299350738525,-0.27034908533096313,0.428854376077652,0.5592558979988098,-0.2508327066898346,0.6353952884674072,0.5624206066131592,-0.3163372576236725,0.43231430649757385,0.5583131313323975,-0.298042356967926,0.6328555345535278,0.5540448427200317,-0.2579670548439026,0.4360847473144531,0.5501627326011658,-0.23833326995372772,0.5593941807746887,0.5359302759170532,0.00466511957347393,0.49508920311927795,0.5385612845420837,-0.0048671988770365715,0.5766391754150391,0.6992968320846558,0.028199180960655212,0.48167330026626587,0.6999834775924683,0.011654580943286419,0.5933579206466675,0.8357492089271545,0.22027988731861115,0.46767908334732056,0.8377057313919067,0.2219044715166092,0.586760401725769,0.8554201126098633,0.22942213714122772,0.4761819839477539,0.8507708311080933,0.23282364010810852,0.6238037943840027,0.8937209844589233,0.07206722348928452,0.4498223662376404,0.894923746585846,0.07495054602622986
93,bend,a12_s03_e03,0.5266632437705994,0.2193576693534851,-0.45788177847862244,0.5338049530982971,0.20806731283664703,-0.4395384192466736,0.5370916128158569,0.2089710682630539,-0.4395325779914856,0.541312038898468,0.21011920273303986,-0.43954697251319885,0.5214327573776245,0.20843352377414703,-0.4384589195251465,0.5167484879493713,0.20966164767742157,-0.43851765990257263,0.5128932595252991,0.21120968461036682,-0.4384954869747162,0.5495592355728149,0.21993517875671387,-0.3065361976623535,0.5081225037574768,0.22096814215183258,-0.3029099702835083,0.5352083444595337,0.2388135939836502,-0.40721797943115234,0.518731415271759,0.23982490599155426,-0.406372606754303,0.5850507616996765,0.32199421525001526,-0.20124252140522003,0.4752240777015686,0.321715772151947,-0.1924932450056076,0.6099541187286377,0.4330157935619354,-0.1340349018573761,0.45542198419570923,0.4298490285873413,-0.11783702671527863,0.633635401725769,0.5326767563819885,-0.23812034726142883,0.43473559617996216,0.5255913734436035,-0.21714694797992706,0.6390805244445801,0.5633891820907593,-0.27001890540122986,0.4290543496608734,0.5594578385353088,-0.25106877088546753,0.6350523829460144,0.5625312328338623,-0.3163941502571106,0.4324769377708435,0.5586712956428528,-0.2988247275352478,0.6325334310531616,0.554240882396698,-0.2575896978378296,0.4362436830997467,0.5505606532096863,-0.23879830539226532,0.559746503829956,0.535459578037262,0.004954170435667038,0.4952491223812103,0.538168728351593,-0.005164510570466518,0.5766695737838745,0.6991195678710938,0.02766474522650242,0.48198896646499634,0.6999812722206116,0.009066326543688774,0.5933558344841003,0.8357552886009216,0.21871526539325714,0.46759033203125,0.8378828763961792,0.21954390406608582,0.5867612361907959,0.8551581501960754,0.2277555912733078,0.47595319151878357,0.8508291244506836,0.23044566810131073,0.6238058805465698,0.8937236070632935,0.07033233344554901,0.4499329626560211,0.8949235677719116,0.07276267558336258
94,bend,a12_s03_e03,0.5272999405860901,0.22001351416110992,-0.4613687992095947,0.5343179702758789,0.20888309180736542,-0.44290345907211304,0.5375179052352905,0.209713876247406,-0.44289571046829224,0.5418002009391785,0.21080361306667328,-0.44291266798973083,0.5221000909805298,0.20921224355697632,-0.4419148862361908,0.5174130797386169,0.21035213768482208,-0.4419761598110199,0.5134916305541992,0.21175356209278107,-0.44195348024368286,0.5500450134277344,0.22045932710170746,-0.3089325428009033,0.5087599754333496,0.22153685986995697,-0.305733859539032,0.5356299877166748,0.23943190276622772,-0.41034936904907227,0.5193532705307007,0.24043463170528412,-0.4096194803714752,0.5855203866958618,0.32217153906822205,-0.20220065116882324,0.476060688495636,0.32158660888671875,-0.1953412890434265,0.6099200248718262,0.43312162160873413,-0.1354961097240448,0.456190824508667,0.4296971559524536,-0.12226323038339615,0.6334398984909058,0.5329703688621521,-0.24092726409435272,0.4350104331970215,0.5256821513175964,-0.22257724404335022,0.6388047933578491,0.5636181235313416,-0.27339857816696167,0.42919689416885376,0.5596398711204529,-0.25705474615097046,0.6347761154174805,0.5628124475479126,-0.3200289309024811,0.4326196610927582,0.5589730739593506,-0.3047947287559509,0.6322886943817139,0.554479718208313,-0.2606176733970642,0.436364084482193,0.5508894324302673,-0.24424448609352112,0.5604860782623291,0.5346148610115051,0.0052693309262394905,0.49572300910949707,0.5376802682876587,-0.005485400091856718,0.576669454574585,0.6988571286201477,0.027006585150957108,0.4822595715522766,0.6999911069869995,0.005590619053691626,0.5933566093444824,0.8357608318328857,0.21775293350219727,0.4674202799797058,0.8382506966590881,0.21709617972373962,0.5867694616317749,0.8548199534416199,0.22677095234394073,0.4756278097629547,0.8512195348739624,0.22808197140693665,0.6238174438476562,0.8937191367149353,0.06949116289615631,0.4499471187591553,0.8949527740478516,0.07070983946323395
95,bend,a12_s03_e03,0.5279797911643982,0.22065861523151398,-0.4567128121852875,0.5348426699638367,0.2095291167497635,-0.4380994737148285,0.5380035638809204,0.21030570566654205,-0.43808937072753906,0.5423805713653564,0.21134398877620697,-0.43810129165649414,0.5229088068008423,0.209867462515831,-0.4374698996543884,0.5183245539665222,0.2109517604112625,-0.43753162026405334,0.5142894983291626,0.21224166452884674,-0.437507301568985,0.5505447387695312,0.22094978392124176,-0.30416586995124817,0.5096492171287537,0.2220696359872818,-0.3027178943157196,0.5360514521598816,0.23988910019397736,-0.40577268600463867,0.5200616121292114,0.24087734520435333,-0.40555429458618164,0.5857876539230347,0.32228896021842957,-0.19818022847175598,0.4766817092895508,0.32163187861442566,-0.19393661618232727,0.6099515557289124,0.43310943245887756,-0.13105380535125732,0.4570784568786621,0.43001243472099304,-0.12179625034332275,0.6332770586013794,0.5329105854034424,-0.2363218516111374,0.43532809615135193,0.5259484052658081,-0.2213858813047409,0.6386617422103882,0.5637057423591614,-0.26849085092544556,0.42951178550720215,0.5598961114883423,-0.2557629346847534,0.6345232129096985,0.5629258751869202,-0.31492680311203003,0.43285784125328064,0.559282660484314,-0.3032882809638977,0.6320575475692749,0.5545600652694702,-0.2559245824813843,0.4365443289279938,0.551163911819458,-0.24293580651283264,0.5611668825149536,0.534218966960907,0.005826116539537907,0.4961087703704834,0.5375081300735474,-0.006048837676644325,0.5766757726669312,0.6986834406852722,0.02720460668206215,0.4824759066104889,0.6999810338020325,0.0032428752165287733,0.5933593511581421,0.8358939290046692,0.21552124619483948,0.46723976731300354,0.8386399745941162,0.2105342596769333,0.5868213176727295,0.8548177480697632,0.2238728553056717,0.47531795501708984,0.8516530394554138,0.22093327343463898,0.6238076090812683,0.8937149047851562,0.0665576383471489,0.4499553143978119,0.8950130343437195,0.06427963078022003
96,bend,a12_s03_e03,0.5287695527076721,0.2212173342704773,-0.45154619216918945,0.5354276299476624,0.20991156995296478,-0.43291568756103516,0.5385805368423462,0.21071292459964752,-0.43290644884109497,0.5430922508239746,0.21175138652324677,-0.4329150319099426,0.5236765146255493,0.21031133830547333,-0.4326688349246979,0.5191594362258911,0.2114090770483017,-0.43272748589515686,0.5149933099746704,0.21266920864582062,-0.43270343542099,0.5511144995689392,0.22126324474811554,-0.29878753423690796,0.5102267265319824,0.22246356308460236,-0.2992270290851593,0.5365327596664429,0.24039575457572937,-0.4004516005516052,0.520816445350647,0.24140344560146332,-0.40077829360961914,0.5860967636108398,0.3224409818649292,-0.19295091927051544,0.47719892859458923,0.32177576422691345,-0.19101810455322266,0.609952449798584,0.4331783950328827,-0.1252140998840332,0.45766839385032654,0.4302562177181244,-0.11932191997766495,0.6329946517944336,0.5330708026885986,-0.23151910305023193,0.4355769157409668,0.5263625979423523,-0.2185453623533249,0.6384657621383667,0.5638647675514221,-0.2636311948299408,0.42974424362182617,0.560303807258606,-0.25283825397491455,0.6341883540153503,0.5631065368652344,-0.30996280908584595,0.4330759644508362,0.5597022175788879,-0.3003128170967102,0.631701648235321,0.5547067523002625,-0.25111880898475647,0.43674808740615845,0.5515283942222595,-0.2400558441877365,0.5615829229354858,0.5341711044311523,0.0063600740395486355,0.49649301171302795,0.5375015139579773,-0.006584668066352606,0.5766624808311462,0.6986375451087952,0.028887873515486717,0.482635498046875,0.7000868320465088,0.002995650516822934,0.5934029221534729,0.8360069990158081,0.2152455747127533,0.4671173691749573,0.8389983773231506,0.20827484130859375,0.5869797468185425,0.8548172116279602,0.22328755259513855,0.4750335216522217,0.8520194888114929,0.21841225028038025,0.6238173842430115,0.8937132358551025,0.06625566631555557,0.4499560296535492,0.8950608372688293,0.06200486421585083
97,bend,a12_s03_e03,0.5300317406654358,0.22127507627010345,-0.45987600088119507,0.5362799167633057,0.21015562117099762,-0.4414917528629303,0.5395926237106323,0.2108294516801834,-0.44148707389831543,0.5442090034484863,0.2118113934993744,-0.4415058493614197,0.5247622728347778,0.2103535383939743,-0.44086137413978577,0.5202740430831909,0.21159052848815918,-0.440923273563385,0.5159256458282471,0.21292467415332794,-0.44090089201927185,0.5517164468765259,0.22146762907505035,-0.3072894513607025,0.5107662677764893,0.22269290685653687,-0.3059093952178955,0.5372150540351868,0.24056224524974823,-0.4087297320365906,0.5218135118484497,0.24156449735164642,-0.40858951210975647,0.5865741968154907,0.322544127702713,-0.19970887899398804,0.47772306203842163,0.32197609543800354,-0.1954815834760666,0.6099580526351929,0.43325790762901306,-0.13260500133037567,0.45809611678123474,0.4304924011230469,-0.12290830910205841,0.6328664422035217,0.5332146286964417,-0.2397705614566803,0.43587684631347656,0.5266801118850708,-0.22136938571929932,0.638362467288971,0.5640116333961487,-0.27241870760917664,0.4300580620765686,0.5606111884117126,-0.2548251152038574,0.6338807940483093,0.5632687211036682,-0.31892868876457214,0.4333299696445465,0.5600005388259888,-0.3028147220611572,0.6313753724098206,0.5548341274261475,-0.2594904601573944,0.43694648146629333,0.5517693758010864,-0.24308276176452637,0.5618201494216919,0.5342429876327515,0.006632603704929352,0.4967847764492035,0.5375350713729858,-0.006853722035884857,0.5766392350196838,0.698628306388855,0.032458651810884476,0.4827176630496979,0.7001669406890869,0.004848181735724211,0.5935205221176147,0.8361718654632568,0.21673043072223663,0.467027485370636,0.839168906211853,0.2090941220521927,0.5872118473052979,0.8548160791397095,0.22481170296669006,0.47493425011634827,0.8522612452507019,0.21924538910388947,0.6238430142402649,0.8937132954597473,0.06740300357341766,0.4499538838863373,0.8950770497322083,0.06232772395014763
98,bend,a12_s03_e03,0.5312764048576355,0.22135180234909058,-0.46071702241897583,0.537117600440979,0.2103911191225052,-0.4419094920158386,0.5406506061553955,0.21097709238529205,-0.4419024586677551,0.5452598333358765,0.2118573933839798,-0.4419165253639221,0.5257654190063477,0.21045370399951935,-0.4421456754207611,0.5213479995727539,0.21170468628406525,-0.4422081410884857,0.5168585181236267,0.21308907866477966,-0.44218558073043823,0.5524150133132935,0.2216324657201767,-0.3057132065296173,0.5112961530685425,0.22295300662517548,-0.30835574865341187,0.5380200147628784,0.2407357096672058,-0.4088312089443207,0.5228719115257263,0.24166283011436462,-0.4098196029663086,0.5867812037467957,0.3225657045841217,-0.19576922059059143,0.47804832458496094,0.3221583068370819,-0.1979738175868988,0.6097002029418945,0.4332817494869232,-0.1268664449453354,0.45837926864624023,0.4308481216430664,-0.12498988211154938,0.6325556039810181,0.5333054065704346,-0.23660218715667725,0.43630146980285645,0.5269833207130432,-0.22514113783836365,0.638189435005188,0.5640621781349182,-0.2695252299308777,0.4306066632270813,0.5606873035430908,-0.26049357652664185,0.6335098147392273,0.5633423924446106,-0.3161740303039551,0.43376749753952026,0.5600978136062622,-0.3077002763748169,0.6309447884559631,0.5548842549324036,-0.2565777897834778,0.43730148673057556,0.5520840287208557,-0.24639752507209778,0.562049150466919,0.5343178510665894,0.007734187878668308,0.4970332980155945,0.5376799702644348,-0.00795496441423893,0.5766180753707886,0.6986271142959595,0.03432439640164375,0.4828895628452301,0.70063716173172,0.005001672077924013,0.5936341881752014,0.8365840911865234,0.217891126871109,0.4670041501522064,0.8394638895988464,0.20922712981700897,0.587365984916687,0.8551072478294373,0.22600126266479492,0.474895179271698,0.8526448607444763,0.21932728588581085,0.6238872408866882,0.8937562704086304,0.06887851655483246,0.44995054602622986,0.8951298594474792,0.062034010887145996
99,bend,a12_s03_e03,0.5324701070785522,0.22264058887958527,-0.4631560742855072,0.5380827188491821,0.21124783158302307,-0.4445054531097412,0.5419345498085022,0.21178726851940155,-0.4444996416568756,0.5463806390762329,0.21257877349853516,-0.44451674818992615,0.5268007516860962,0.21105828881263733,-0.44446223974227905,0.5223564505577087,0.2120814472436905,-0.4445251524448395,0.5177769064903259,0.2133488655090332,-0.44450289011001587,0.5532392263412476,0.22283655405044556,-0.30869728326797485,0.5118498206138611,0.22363710403442383,-0.30937856435775757,0.5387898683547974,0.2416362166404724,-0.41139453649520874,0.5237232446670532,0.24258120357990265,-0.41204532980918884,0.5872167348861694,0.32323044538497925,-0.19845376908779144,0.4783872067928314,0.3222008943557739,-0.20045724511146545,0.609580397605896,0.4340750277042389,-0.12981165945529938,0.45887961983680725,0.4313144087791443,-0.13312561810016632,0.6322132349014282,0.5333393812179565,-0.23870901763439178,0.4368460178375244,0.5276641249656677,-0.2336670458316803,0.6378630995750427,0.5642598867416382,-0.27162784337997437,0.43126025795936584,0.5610735416412354,-0.2696036994457245,0.6330243349075317,0.5634546875953674,-0.31828707456588745,0.4343864917755127,0.5604240298271179,-0.31632891297340393,0.6304233074188232,0.5549949407577515,-0.2586802840232849,0.4378654360771179,0.5524582266807556,-0.25464749336242676,0.5622223615646362,0.5347968339920044,0.008128144778311253,0.4971346855163574,0.5379840135574341,-0.00834671501070261,0.576574444770813,0.6984376907348633,0.0358949676156044,0.48296919465065,0.7010236978530884,0.0059122866950929165,0.5936523675918579,0.8368923664093018,0.21791481971740723,0.466977596282959,0.8397319316864014,0.2089010775089264,0.5874161124229431,0.8553759455680847,0.22598128020763397,0.4748358130455017,0.8530935049057007,0.21872425079345703,0.6238911151885986,0.8937629461288452,0.06884298473596573,0.44995030760765076,0.8952347040176392,0.06060893461108208
100,bend,a12_s03_e03,0.5333372950553894,0.22433988749980927,-0.4575611650943756,0.5388143062591553,0.21234937012195587,-0.43937087059020996,0.5428470373153687,0.21283988654613495,-0.43936291337013245,0.5471805334091187,0.21361328661441803,-0.4393731653690338,0.527474045753479,0.21190348267555237,-0.4396425783634186,0.5229398012161255,0.21274453401565552,-0.4397066533565521,0.5183382630348206,0.21388648450374603,-0.43968790769577026,0.553782045841217,0.22423474490642548,-0.3053686320781708,0.5122314691543579,0.22475562989711761,-0.30776622891426086,0.5394459366798401,0.2429288923740387,-0.40622860193252563,0.5242677330970764,0.24389223754405975,-0.4072452187538147,0.5875855684280396,0.32385578751564026,-0.1960689127445221,0.4787293076515198,0.32255616784095764,-0.19993294775485992,0.6094014644622803,0.4347973167896271,-0.12660673260688782,0.45948290824890137,0.4326170086860657,-0.1330624520778656,0.6319717764854431,0.5337323546409607,-0.23275065422058105,0.4372459352016449,0.5294285416603088,-0.2327604591846466,0.6375590562820435,0.5645784139633179,-0.2646668255329132,0.4318030774593353,0.5624039769172668,-0.2680266499519348,0.6326417922973633,0.5636370778083801,-0.3108677864074707,0.43500471115112305,0.5617199540138245,-0.3142699599266052,0.6300499439239502,0.5552207231521606,-0.2524385154247284,0.43842989206314087,0.5536934733390808,-0.2535751760005951,0.5622900724411011,0.5355505347251892,0.008104228414595127,0.4971614480018616,0.5382261872291565,-0.00832078605890274,0.5764836072921753,0.6983044147491455,0.03484470769762993,0.4830945134162903,0.7010881304740906,0.005975518375635147,0.5936673879623413,0.837051510810852,0.21247431635856628,0.46694374084472656,0.8397694826126099,0.20376494526863098,0.5874203443527222,0.8554872870445251,0.21996624767780304,0.47479018568992615,0.8531129956245422,0.2129562348127365,0.6238918304443359,0.8937475085258484,0.06496262550354004,0.44995230436325073,0.8952556848526001,0.05633198469877243
101,bend,a12_s03_e03,0.533596396446228,0.2258133590221405,-0.45850056409835815,0.5391737222671509,0.21345168352127075,-0.44049105048179626,0.5432097911834717,0.21388474106788635,-0.4404820501804352,0.5475673675537109,0.21464425325393677,-0.44049352407455444,0.527757465839386,0.21277685463428497,-0.4407157897949219,0.5231941342353821,0.21346443891525269,-0.44078344106674194,0.518642246723175,0.2144623100757599,-0.44076624512672424,0.55414879322052,0.22550660371780396,-0.30689021944999695,0.5126178860664368,0.22573862969875336,-0.3090171217918396,0.5398296117782593,0.24409602582454681,-0.4072735905647278,0.5245248079299927,0.24496588110923767,-0.408193439245224,0.5879560708999634,0.32454633712768555,-0.19745276868343353,0.4791976809501648,0.32289236783981323,-0.20022821426391602,0.6092308163642883,0.4356880187988281,-0.1271616369485855,0.460254043340683,0.4333283305168152,-0.13437458872795105,0.6315240859985352,0.5340386033058167,-0.23034515976905823,0.43801790475845337,0.5304542779922485,-0.23290233314037323,0.637140691280365,0.5647629499435425,-0.2614234387874603,0.43251943588256836,0.5632515549659729,-0.2680535316467285,0.6322661638259888,0.5637285709381104,-0.30771470069885254,0.4355732798576355,0.5626464486122131,-0.3143153488636017,0.6296895146369934,0.5553575754165649,-0.24995200335979462,0.43894582986831665,0.5545782446861267,-0.2537986636161804,0.5623347163200378,0.5361196398735046,0.008123990148305893,0.49720558524131775,0.5384047627449036,-0.008340024389326572,0.5764511823654175,0.6982854008674622,0.03430325165390968,0.4832683503627777,0.701714277267456,0.005919651128351688,0.5936839580535889,0.8372145891189575,0.2109902799129486,0.46689921617507935,0.839962899684906,0.20255732536315918,0.5874396562576294,0.855620801448822,0.2184029370546341,0.47476935386657715,0.8532695174217224,0.2117682248353958,0.623832643032074,0.8936229944229126,0.06396935135126114,0.44990962743759155,0.8954488039016724,0.05579398199915886
102,bend,a12_s03_e03,0.5337332487106323,0.22689032554626465,-0.46001559495925903,0.5393469333648682,0.2145199477672577,-0.4419272541999817,0.5433303117752075,0.21500246226787567,-0.44191962480545044,0.547773003578186,0.21582797169685364,-0.4419335424900055,0.5279367566108704,0.21359632909297943,-0.44202476739883423,0.5233624577522278,0.21419447660446167,-0.44209161400794983,0.5188690423965454,0.21508771181106567,-0.44207364320755005,0.5544613003730774,0.22695882618427277,-0.3080838620662689,0.5128653049468994,0.22689561545848846,-0.30962955951690674,0.5401027798652649,0.24497848749160767,-0.40874671936035156,0.5246848464012146,0.24572600424289703,-0.4094926416873932,0.5883200168609619,0.32500308752059937,-0.1987847238779068,0.47980380058288574,0.32291895151138306,-0.20164044201374054,0.6091850996017456,0.43637004494667053,-0.12824910879135132,0.46106067299842834,0.4333414137363434,-0.13613754510879517,0.6313323974609375,0.5351160168647766,-0.23006334900856018,0.43911242485046387,0.5304701924324036,-0.23318199813365936,0.6367669701576233,0.5655602812767029,-0.2611311674118042,0.4330790638923645,0.5633030533790588,-0.26816946268081665,0.6319915056228638,0.564459502696991,-0.30771222710609436,0.436246395111084,0.562670111656189,-0.3143582344055176,0.6294740438461304,0.5559921264648438,-0.24972550570964813,0.43978872895240784,0.5545957684516907,-0.25400450825691223,0.5624693036079407,0.5361136198043823,0.008256398141384125,0.4974307417869568,0.5383948683738708,-0.008471822366118431,0.5764506459236145,0.6982825994491577,0.03390536457300186,0.4835957884788513,0.7017936706542969,0.005371015053242445,0.5937147736549377,0.8374457955360413,0.20869390666484833,0.46689558029174805,0.8400706052780151,0.2002888172864914,0.5874295234680176,0.8558431267738342,0.21588480472564697,0.4747677743434906,0.8533104062080383,0.20933815836906433,0.6238229870796204,0.893608808517456,0.061227548867464066,0.44988617300987244,0.8954867720603943,0.053236693143844604
103,bend,a12_s03_e03,0.5341280698776245,0.22714756429195404,-0.451606422662735,0.5397214293479919,0.2150888890028,-0.43343520164489746,0.5436699390411377,0.21559199690818787,-0.4334232211112976,0.5480962991714478,0.216447114944458,-0.43343162536621094,0.5283811688423157,0.21410609781742096,-0.43379443883895874,0.5238295793533325,0.21467162668704987,-0.43386349081993103,0.5193889737129211,0.21551887691020966,-0.4338468611240387,0.554810643196106,0.22789724171161652,-0.30099907517433167,0.5133692622184753,0.2276851236820221,-0.30400288105010986,0.5405895709991455,0.245191290974617,-0.40098243951797485,0.5251034498214722,0.24586264789104462,-0.4020689129829407,0.5886642336845398,0.32530611753463745,-0.1933213174343109,0.4803609848022461,0.3230816125869751,-0.19992703199386597,0.6091105937957764,0.43667155504226685,-0.12172839790582657,0.46146902441978455,0.4333668649196625,-0.13523311913013458,0.6310747861862183,0.5354195833206177,-0.22134140133857727,0.4399365782737732,0.5304811000823975,-0.229717418551445,0.6363967061042786,0.5657879114151001,-0.2513319253921509,0.43393659591674805,0.5633359551429749,-0.26370465755462646,0.6317053437232971,0.5645915865898132,-0.29753559827804565,0.43744587898254395,0.5627449154853821,-0.30923032760620117,0.6292369961738586,0.5561590790748596,-0.24084463715553284,0.4410269260406494,0.5546278357505798,-0.2502743601799011,0.562736451625824,0.536143958568573,0.008391840383410454,0.4976899027824402,0.5384037494659424,-0.00860739964991808,0.5763944983482361,0.6982318162918091,0.03467878699302673,0.48399868607521057,0.7019422054290771,0.00517568364739418,0.5937256217002869,0.8375311493873596,0.20630434155464172,0.4669213891029358,0.840175449848175,0.19757378101348877,0.5874121785163879,0.8559156060218811,0.21312439441680908,0.47477954626083374,0.8534294366836548,0.20637694001197815,0.6237999200820923,0.8935977220535278,0.059297192841768265,0.4498829245567322,0.8955034613609314,0.05155014246702194
104,bend,a12_s03_e03,0.5349316596984863,0.22731633484363556,-0.4457327425479889,0.5403711199760437,0.2155264914035797,-0.4272368848323822,0.5444230437278748,0.21605394780635834,-0.42722487449645996,0.5487039685249329,0.21693094074726105,-0.42722922563552856,0.529107391834259,0.21449242532253265,-0.4278482496738434,0.5245722532272339,0.2150322049856186,-0.4279170632362366,0.5200566649436951,0.21585848927497864,-0.4278988838195801,0.5553854703903198,0.22856919467449188,-0.2948513627052307,0.5138149857521057,0.22836646437644958,-0.29920321702957153,0.5413047075271606,0.24536612629890442,-0.3952917754650116,0.5257587432861328,0.24597278237342834,-0.3967230021953583,0.5890279412269592,0.3257888853549957,-0.1878390908241272,0.48091691732406616,0.3232746124267578,-0.19787678122520447,0.6090893745422363,0.43721437454223633,-0.11567074060440063,0.46209096908569336,0.4333849847316742,-0.13400253653526306,0.6310293078422546,0.536048173904419,-0.2154361754655838,0.4411338269710541,0.5304645895957947,-0.22758686542510986,0.6363087892532349,0.5663889050483704,-0.24524037539958954,0.43494686484336853,0.5633796453475952,-0.26142922043800354,0.6316419839859009,0.5651713013648987,-0.2915028929710388,0.4389216899871826,0.5627879500389099,-0.3067382574081421,0.6291750073432922,0.5566428303718567,-0.23499862849712372,0.4425519108772278,0.5546626448631287,-0.24807675182819366,0.5629942417144775,0.5365021228790283,0.00880860723555088,0.4979484975337982,0.5385469794273376,-0.009021920152008533,0.5763643383979797,0.6982545256614685,0.038947295397520065,0.4841903746128082,0.7022114396095276,0.0054803527891635895,0.5937270522117615,0.8375556468963623,0.2064882218837738,0.46691447496414185,0.8401893377304077,0.19765326380729675,0.5873440504074097,0.8559408783912659,0.2138209044933319,0.4747852683067322,0.853432834148407,0.20635251700878143,0.6236803531646729,0.8935331702232361,0.06007019802927971,0.4498306214809418,0.8955069184303284,0.05167148634791374
105,bend,a12_s03_e03,0.5356509685516357,0.22783206403255463,-0.4479292035102844,0.5410143136978149,0.21604888141155243,-0.4294056296348572,0.5450940132141113,0.21656282246112823,-0.4293942451477051,0.5492504835128784,0.21741977334022522,-0.4294012188911438,0.5297835469245911,0.21510323882102966,-0.4301442503929138,0.5252153277397156,0.21566142141819,-0.4302127957344055,0.5206533670425415,0.21653394401073456,-0.43019333481788635,0.555733323097229,0.22909678518772125,-0.29606324434280396,0.5142701864242554,0.22914086282253265,-0.3010362386703491,0.5418869256973267,0.24572661519050598,-0.397067129611969,0.5263615250587463,0.24633559584617615,-0.3986862897872925,0.5893697738647461,0.32636797428131104,-0.18783685564994812,0.4813113212585449,0.3234509229660034,-0.19848905503749847,0.6090905070304871,0.4375438392162323,-0.11512931436300278,0.4626333713531494,0.4333969056606293,-0.13444054126739502,0.6310084462165833,0.5365044474601746,-0.21559381484985352,0.44224151968955994,0.5303584337234497,-0.22818127274513245,0.6362956166267395,0.5668227672576904,-0.24563448131084442,0.4361047148704529,0.5634110569953918,-0.2621392011642456,0.6316253542900085,0.5655750632286072,-0.2921357750892639,0.4403259754180908,0.5628264546394348,-0.3077928423881531,0.6291537880897522,0.557014524936676,-0.23527833819389343,0.443927139043808,0.5545870065689087,-0.24881303310394287,0.563352644443512,0.5365762114524841,0.009332994930446148,0.49828583002090454,0.5385875105857849,-0.009541396051645279,0.576322078704834,0.6983203887939453,0.041130222380161285,0.48433417081832886,0.7025353908538818,0.0056779575534164906,0.5937300324440002,0.8376497626304626,0.20660944283008575,0.466912180185318,0.840226948261261,0.19741572439670563,0.5873043537139893,0.85603928565979,0.21425306797027588,0.4748076796531677,0.8534367680549622,0.2059948444366455,0.6236600279808044,0.8935571312904358,0.060373175889253616,0.4498165547847748,0.8955193161964417,0.050750695168972015
106,bend,a12_s03_e03,0.53611159324646,0.2281399667263031,-0.44854649901390076,0.5414514541625977,0.216411292552948,-0.4299961030483246,0.5455230474472046,0.2169247418642044,-0.4299839437007904,0.5496353507041931,0.21777458488941193,-0.4299910068511963,0.5302889943122864,0.2154974639415741,-0.4308447241783142,0.5257424116134644,0.21605032682418823,-0.43091458082199097,0.5211775898933411,0.21693266928195953,-0.4308961033821106,0.5560134649276733,0.2294587641954422,-0.2965565621852875,0.5146944522857666,0.22957894206047058,-0.3019786477088928,0.5422946214675903,0.2459305375814438,-0.39765676856040955,0.5267845392227173,0.2465227097272873,-0.39942261576652527,0.5896130800247192,0.32686108350753784,-0.18774153292179108,0.4815010130405426,0.32383039593696594,-0.1992557942867279,0.6091265082359314,0.43799957633018494,-0.1154991164803505,0.46295565366744995,0.4339890778064728,-0.13799166679382324,0.6310065984725952,0.5370253920555115,-0.2159709930419922,0.443193256855011,0.5308302640914917,-0.22984710335731506,0.6362850069999695,0.5672458410263062,-0.24582640826702118,0.4373229444026947,0.5641042590141296,-0.2636623680591583,0.631611704826355,0.5659287571907043,-0.2921305298805237,0.44159427285194397,0.5636113882064819,-0.3080231845378876,0.6291397213935852,0.5573640465736389,-0.23560726642608643,0.4450739324092865,0.55499267578125,-0.24990323185920715,0.563590407371521,0.5368341207504272,0.010218939743936062,0.49846330285072327,0.5388526320457458,-0.010427579283714294,0.5763167142868042,0.6984173655509949,0.042070645838975906,0.484427273273468,0.702890932559967,0.005557266063988209,0.5937319993972778,0.837691068649292,0.20728056132793427,0.4668750762939453,0.8402698636054993,0.196332186460495,0.587263286113739,0.8560981154441833,0.21448802947998047,0.4747852683067322,0.8534395098686218,0.2049371302127838,0.6236258149147034,0.8935676217079163,0.062089454382658005,0.44981318712234497,0.8955228924751282,0.04990225285291672
107,bend,a12_s03_e03,0.5363650321960449,0.22827866673469543,-0.44378232955932617,0.5417648553848267,0.2166755646467209,-0.425045907497406,0.5458362102508545,0.21719607710838318,-0.4250341057777405,0.5499520897865295,0.21805152297019958,-0.42503929138183594,0.530613899230957,0.21575765311717987,-0.4259470999240875,0.5260981321334839,0.21629370748996735,-0.426015704870224,0.5215473771095276,0.21717122197151184,-0.4259968400001526,0.5563172101974487,0.22978970408439636,-0.2919592559337616,0.5150327682495117,0.22991064190864563,-0.2978166937828064,0.5426008105278015,0.2460239678621292,-0.39315882325172424,0.5270391702651978,0.2465744912624359,-0.39500993490219116,0.5899151563644409,0.32749539613723755,-0.18401528894901276,0.481734037399292,0.32421544194221497,-0.1984701305627823,0.6092139482498169,0.4386453330516815,-0.11258167028427124,0.46341371536254883,0.43428415060043335,-0.1379668116569519,0.6310065984725952,0.5378965139389038,-0.2130347490310669,0.4444868564605713,0.5309311747550964,-0.22966834902763367,0.6362830400466919,0.5678817629814148,-0.2427457869052887,0.4383164346218109,0.5642574429512024,-0.2636170983314514,0.6316095590591431,0.5665472745895386,-0.2889643609523773,0.4428296685218811,0.563816249370575,-0.3079334497451782,0.629135251045227,0.5579202175140381,-0.2326524704694748,0.44642606377601624,0.5550647974014282,-0.24972257018089294,0.5637602806091309,0.5373575687408447,0.010867821983993053,0.4986412525177002,0.5392676591873169,-0.011074589565396309,0.5763142108917236,0.699178159236908,0.04223154857754707,0.4844333529472351,0.7032517790794373,0.0055273305624723434,0.5937462449073792,0.8377405405044556,0.20948874950408936,0.4668363034725189,0.8402746319770813,0.1959780603647232,0.5872646570205688,0.8561235070228577,0.2165568321943283,0.4747849106788635,0.8533754348754883,0.2046019285917282,0.6235817670822144,0.8935770392417908,0.06516969949007034,0.4498090147972107,0.8955127000808716,0.04960255324840546
108,bend,a12_s03_e03,0.5365487337112427,0.2284679263830185,-0.44515499472618103,0.542012095451355,0.21698519587516785,-0.4264935553073883,0.546048104763031,0.2175137847661972,-0.4264812469482422,0.5501952171325684,0.21835310757160187,-0.4264870584011078,0.5308631062507629,0.21606014668941498,-0.42729657888412476,0.5263596773147583,0.2165815234184265,-0.427365779876709,0.5218494534492493,0.21742011606693268,-0.42734819650650024,0.5566190481185913,0.2300863415002823,-0.29322493076324463,0.5153847932815552,0.2301478534936905,-0.2986597716808319,0.542840838432312,0.24613146483898163,-0.3944096863269806,0.5272631645202637,0.24667543172836304,-0.3961341083049774,0.5901042222976685,0.32780903577804565,-0.18480940163135529,0.48197826743125916,0.32452964782714844,-0.1987108737230301,0.6093035936355591,0.43919211626052856,-0.11401917785406113,0.46382397413253784,0.4345957040786743,-0.13869142532348633,0.6310144662857056,0.5385920405387878,-0.21532300114631653,0.4452207088470459,0.5311366319656372,-0.23028957843780518,0.6362989544868469,0.5683376789093018,-0.24536260962486267,0.43894100189208984,0.5646383166313171,-0.26453447341918945,0.6316242218017578,0.567041277885437,-0.2916945815086365,0.4435713291168213,0.5642969012260437,-0.3081967830657959,0.6291404962539673,0.5584157109260559,-0.23500528931617737,0.44722604751586914,0.5553563237190247,-0.2501364052295685,0.563909649848938,0.5378171801567078,0.01123828161507845,0.4988088011741638,0.539569079875946,-0.011443967930972576,0.5763562917709351,0.6996640563011169,0.04226287454366684,0.48443803191185,0.7036333680152893,0.005539220757782459,0.5938493609428406,0.8378414511680603,0.21390995383262634,0.46680697798728943,0.8402740359306335,0.1964985430240631,0.587299644947052,0.8561571836471558,0.22129137814044952,0.4747849404811859,0.85331130027771,0.20520249009132385,0.6235826015472412,0.8937791585922241,0.06945562362670898,0.4497852325439453,0.8955079913139343,0.05010152608156204
109,bend,a12_s03_e03,0.5367147922515869,0.22854657471179962,-0.4458000063896179,0.5422362089157104,0.21716244518756866,-0.42743176221847534,0.5462329387664795,0.21769468486309052,-0.4274212419986725,0.5504080057144165,0.21852810680866241,-0.4274289608001709,0.5310904383659363,0.21624106168746948,-0.4279908537864685,0.5265921950340271,0.21674925088882446,-0.42805877327919006,0.522109866142273,0.2175617516040802,-0.4280396103858948,0.5569239854812622,0.2302827388048172,-0.29450327157974243,0.51568603515625,0.23026077449321747,-0.2989978492259979,0.5430783629417419,0.2461823970079422,-0.3951808512210846,0.5274609327316284,0.24671322107315063,-0.39654335379600525,0.5903234481811523,0.32806476950645447,-0.1861150860786438,0.48222461342811584,0.3247523903846741,-0.2006513625383377,0.6094778180122375,0.43951159715652466,-0.11493799835443497,0.4641249179840088,0.43468379974365234,-0.14196039736270905,0.6310175657272339,0.539142370223999,-0.21637968719005585,0.4455540180206299,0.531403124332428,-0.23448710143566132,0.6363009214401245,0.568725049495697,-0.24685582518577576,0.43929511308670044,0.5650349855422974,-0.26945018768310547,0.6316243410110474,0.5674678087234497,-0.29351505637168884,0.44413334131240845,0.5647332668304443,-0.31316596269607544,0.6291406154632568,0.5588228702545166,-0.23641832172870636,0.4477692246437073,0.5556854605674744,-0.25440001487731934,0.5641449093818665,0.5380102396011353,0.011496507562696934,0.4991229474544525,0.5396756529808044,-0.011700170114636421,0.5764086246490479,0.699719250202179,0.04229549318552017,0.48447924852371216,0.7038267254829407,0.005621594842523336,0.5939664244651794,0.8378507494926453,0.21885764598846436,0.4668025076389313,0.8402579426765442,0.19888491928577423,0.5873298645019531,0.8561317920684814,0.2267121523618698,0.4748128354549408,0.8531786799430847,0.20794937014579773,0.623591423034668,0.8938968181610107,0.07395922392606735,0.4497759938240051,0.8954659104347229,0.051927290856838226
