frame_index,label,video_id,l0_x,l0_y,l0_z,l1_x,l1_y,l1_z,l2_x,l2_y,l2_z,l3_x,l3_y,l3_z,l4_x,l4_y,l4_z,l5_x,l5_y,l5_z,l6_x,l6_y,l6_z,l7_x,l7_y,l7_z,l8_x,l8_y,l8_z,l9_x,l9_y,l9_z,l10_x,l10_y,l10_z,l11_x,l11_y,l11_z,l12_x,l12_y,l12_z,l13_x,l13_y,l13_z,l14_x,l14_y,l14_z,l15_x,l15_y,l15_z,l16_x,l16_y,l16_z,l17_x,l17_y,l17_z,l18_x,l18_y,l18_z,l19_x,l19_y,l19_z,l20_x,l20_y,l20_z,l21_x,l21_y,l21_z,l22_x,l22_y,l22_z,l23_x,l23_y,l23_z,l24_x,l24_y,l24_z,l25_x,l25_y,l25_z,l26_x,l26_y,l26_z,l27_x,l27_y,l27_z,l28_x,l28_y,l28_z,l29_x,l29_y,l29_z,l30_x,l30_y,l30_z,l31_x,l31_y,l31_z,l32_x,l32_y,l32_z
0,bend,a12_s09_e02,0.5320001840591431,0.31156662106513977,-0.37450703978538513,0.537442684173584,0.2983311116695404,-0.35970520973205566,0.5412803292274475,0.29792550206184387,-0.3597080111503601,0.5437812805175781,0.29780852794647217,-0.3597020208835602,0.5256398916244507,0.2988310754299164,-0.3604244291782379,0.5219769477844238,0.29910388588905334,-0.36047378182411194,0.5180237889289856,0.2995842397212982,-0.3604700565338135,0.5484362244606018,0.30145737528800964,-0.24084746837615967,0.513475239276886,0.30410781502723694,-0.2444392740726471,0.5394629836082458,0.3247593641281128,-0.32770398259162903,0.5254197120666504,0.32508307695388794,-0.3289041519165039,0.5792247653007507,0.38260334730148315,-0.14099134504795074,0.4861561357975006,0.3822302222251892,-0.14489209651947021,0.5866867303848267,0.4743853509426117,-0.07636640965938568,0.46921634674072266,0.4774072766304016,-0.08113384246826172,0.5992072820663452,0.5599475502967834,-0.1770467907190323,0.449362576007843,0.5542526841163635,-0.16917170584201813,0.6037154793739319,0.5879830718040466,-0.20599372684955597,0.4420512318611145,0.5828279256820679,-0.20045050978660583,0.6001348495483398,0.5873022675514221,-0.24615199863910675,0.4441309869289398,0.5827497839927673,-0.2402046173810959,0.5966318845748901,0.580812394618988,-0.19490057229995728,0.4483368992805481,0.5756938457489014,-0.18737171590328217,0.5560852289199829,0.5654714703559875,0.004966304171830416,0.498110294342041,0.56551593542099,-0.005083298310637474,0.5702714323997498,0.7053616642951965,0.019955432042479515,0.48226380348205566,0.7052907943725586,0.007160996552556753,0.5829835534095764,0.8196365833282471,0.20042571425437927,0.46716195344924927,0.8176106214523315,0.1890123337507248,0.5771376490592957,0.8345308303833008,0.21014444530010223,0.47024446725845337,0.8313102126121521,0.1989605873823166,0.5988227725028992,0.8629621267318726,0.06799618899822235,0.4608479142189026,0.8603395819664001,0.057208187878131866
1,bend,a12_s09_e02,0.5321708917617798,0.31176987290382385,-0.3937280774116516,0.5377002954483032,0.29851311445236206,-0.37811943888664246,0.5413360595703125,0.29809287190437317,-0.3781324028968811,0.5438722372055054,0.2979147732257843,-0.3781406283378601,0.525753378868103,0.29892557859420776,-0.379737913608551,0.522002100944519,0.299165815114975,-0.37979936599731445,0.5180307030677795,0.29958879947662354,-0.3797966539859772,0.548599123954773,0.30152925848960876,-0.2566204071044922,0.5134817361831665,0.3041311800479889,-0.26495108008384705,0.5395010709762573,0.3250654935836792,-0.34621569514274597,0.5254306793212891,0.32541581988334656,-0.3487526774406433,0.5791333913803101,0.3829270303249359,-0.15259727835655212,0.4862397313117981,0.3826146423816681,-0.16440176963806152,0.5869562029838562,0.4754266142845154,-0.09004727005958557,0.46934932470321655,0.4770262837409973,-0.10769020020961761,0.5993131995201111,0.5600729584693909,-0.18836075067520142,0.44923263788223267,0.5544971823692322,-0.19816060364246368,0.6036812663078308,0.5878807902336121,-0.21699509024620056,0.4420647621154785,0.5827608704566956,-0.2299269437789917,0.600044846534729,0.5869376063346863,-0.2569224238395691,0.44433388113975525,0.5826243162155151,-0.2691560983657837,0.5966229438781738,0.5807026624679565,-0.20588257908821106,0.4483584761619568,0.5756935477256775,-0.21590015292167664,0.5562613010406494,0.5652247667312622,0.006321182940155268,0.49847736954689026,0.5651485323905945,-0.0064300536178052425,0.5702303051948547,0.7049083113670349,0.029977470636367798,0.4824431538581848,0.7036859393119812,0.0074998303316533566,0.5834018588066101,0.819223940372467,0.20046305656433105,0.4677320122718811,0.8153600692749023,0.18640348315238953,0.5774157643318176,0.8345210552215576,0.20994627475738525,0.4705982208251953,0.8286904692649841,0.1958155632019043,0.5990046858787537,0.8626484274864197,0.069034144282341,0.4608636498451233,0.8582963347434998,0.05621430277824402
2,bend,a12_s09_e02,0.5323829054832458,0.3119095265865326,-0.40249258279800415,0.5380536317825317,0.29857519268989563,-0.3867177367210388,0.5414572954177856,0.29813602566719055,-0.3867318630218506,0.5441187620162964,0.29793253540992737,-0.3867442011833191,0.525894284248352,0.2989515960216522,-0.38848042488098145,0.5220454335212708,0.29917964339256287,-0.3885418772697449,0.5180564522743225,0.29958581924438477,-0.3885388970375061,0.5489075183868408,0.3015393614768982,-0.2642531096935272,0.513500988483429,0.3041313588619232,-0.2732463479042053,0.5395874381065369,0.3253766894340515,-0.3546183705329895,0.5254532098770142,0.3257010281085968,-0.35734987258911133,0.5791155099868774,0.38309258222579956,-0.1594955027103424,0.48632559180259705,0.3828347325325012,-0.17053399980068207,0.5875716805458069,0.47613397240638733,-0.09684325754642487,0.4694560468196869,0.4766751825809479,-0.11406087875366211,0.5994356870651245,0.5601667165756226,-0.19354788959026337,0.44920021295547485,0.5556742548942566,-0.2055465430021286,0.6036735773086548,0.587810218334198,-0.22207340598106384,0.44224414229393005,0.5830365419387817,-0.23738539218902588,0.5999520421028137,0.5867610573768616,-0.2617405354976654,0.4447666108608246,0.5828633904457092,-0.2765558958053589,0.5966034531593323,0.5806745290756226,-0.21089255809783936,0.448505699634552,0.5761802792549133,-0.22322258353233337,0.5565001964569092,0.565000593662262,0.006489125546067953,0.49885401129722595,0.5648916959762573,-0.006595505867153406,0.5702083110809326,0.7045374512672424,0.031062692403793335,0.48254841566085815,0.7030593752861023,0.008198106661438942,0.5836585164070129,0.8186906576156616,0.20064464211463928,0.468089759349823,0.8143547773361206,0.1863582581281662,0.577630877494812,0.83433997631073,0.20994730293750763,0.47098416090011597,0.8275759816169739,0.19574670493602753,0.5990636348724365,0.8622864484786987,0.07002700865268707,0.4608425199985504,0.857542872428894,0.05623660236597061
3,bend,a12_s09_e02,0.5331670045852661,0.31210342049598694,-0.4039377272129059,0.5386456251144409,0.2987059950828552,-0.3882138133049011,0.5417110323905945,0.29824599623680115,-0.3882279396057129,0.5446216464042664,0.29800036549568176,-0.3882400095462799,0.5265188813209534,0.2990189492702484,-0.3901205360889435,0.522395133972168,0.2992130219936371,-0.3901817798614502,0.5184473395347595,0.299593061208725,-0.39017802476882935,0.5491857528686523,0.30154797434806824,-0.2656577229499817,0.5135862231254578,0.3041369616985321,-0.27526170015335083,0.5399425625801086,0.3256101906299591,-0.3559873402118683,0.5258612632751465,0.3259778618812561,-0.3588903248310089,0.5791143178939819,0.3831362724304199,-0.16094334423542023,0.48643946647644043,0.3830323815345764,-0.17232713103294373,0.5880751013755798,0.47660529613494873,-0.09788459539413452,0.4694814085960388,0.4766004979610443,-0.11624781787395477,0.5995884537696838,0.5602605938911438,-0.1945500671863556,0.4491928219795227,0.5566505193710327,-0.2076549082994461,0.6036807298660278,0.5877714157104492,-0.223123237490654,0.44247642159461975,0.5834029316902161,-0.2394147664308548,0.5999407172203064,0.5865791440010071,-0.2627788782119751,0.44519487023353577,0.583258867263794,-0.2784527838230133,0.5966069102287292,0.5806133151054382,-0.2118857353925705,0.44869470596313477,0.5767713189125061,-0.22524003684520721,0.5567022562026978,0.5647242069244385,0.006644755601882935,0.49917760491371155,0.5646399259567261,-0.006748282816261053,0.5701957941055298,0.7036985754966736,0.03029288351535797,0.48268961906433105,0.7023512125015259,0.008199894800782204,0.5838227272033691,0.818149983882904,0.1990344226360321,0.46823152899742126,0.8136972784996033,0.18377076089382172,0.5778427720069885,0.8340429663658142,0.20759563148021698,0.47118574380874634,0.8269837498664856,0.1928727924823761,0.5991878509521484,0.8619083762168884,0.06956111639738083,0.4607652723789215,0.8569994568824768,0.05466868355870247
4,bend,a12_s09_e02,0.5338205099105835,0.3128003180027008,-0.4071621000766754,0.5391662120819092,0.2992812395095825,-0.39171284437179565,0.5419880151748657,0.29884931445121765,-0.39172691106796265,0.5451391339302063,0.29849374294281006,-0.39174044132232666,0.5271806716918945,0.2996031641960144,-0.3937252461910248,0.5227696299552917,0.29977014660835266,-0.39378929138183594,0.5188646912574768,0.3000542223453522,-0.3937855064868927,0.5494176745414734,0.30173951387405396,-0.2689475417137146,0.5136648416519165,0.3044813275337219,-0.27902454137802124,0.5402262806892395,0.3260631263256073,-0.3589410185813904,0.526235818862915,0.3264863193035126,-0.36197909712791443,0.579113245010376,0.38318076729774475,-0.16351762413978577,0.48656123876571655,0.38336750864982605,-0.17496274411678314,0.5886253118515015,0.47725555300712585,-0.10037821531295776,0.46949076652526855,0.47669199109077454,-0.1191234141588211,0.5997088551521301,0.5606479048728943,-0.1976228505373001,0.44917717576026917,0.5584933757781982,-0.2109786570072174,0.6036825776100159,0.587776243686676,-0.2264966517686844,0.4425787031650543,0.5844980478286743,-0.24268047511577606,0.5998972058296204,0.5865626931190491,-0.2659651041030884,0.44546231627464294,0.5844048261642456,-0.2815902829170227,0.5965874195098877,0.5806143283843994,-0.21487882733345032,0.4488217234611511,0.5781415104866028,-0.2284429967403412,0.5568040013313293,0.5645395517349243,0.0067147971130907536,0.49933934211730957,0.5645335912704468,-0.006817571818828583,0.5701948404312134,0.7028607726097107,0.029797518625855446,0.4827946722507477,0.7019672393798828,0.008132968097925186,0.5840494632720947,0.8179157972335815,0.19617733359336853,0.46833744645118713,0.8131295442581177,0.18295949697494507,0.5781679749488831,0.8339608907699585,0.2045169621706009,0.4713618755340576,0.826284646987915,0.19210858643054962,0.5993220806121826,0.8616496920585632,0.06801246106624603,0.4607539772987366,0.8567370176315308,0.054240427911281586
5,bend,a12_s09_e02,0.5339297652244568,0.31387150287628174,-0.41456490755081177,0.5393668413162231,0.30017077922821045,-0.399506151676178,0.5421462059020996,0.29983532428741455,-0.39952000975608826,0.5454385876655579,0.29937538504600525,-0.3995365798473358,0.5272789001464844,0.3006487786769867,-0.4013819098472595,0.5228493213653564,0.30083832144737244,-0.40144872665405273,0.5189739465713501,0.3011520802974701,-0.40144428610801697,0.5496659874916077,0.3021787703037262,-0.27647411823272705,0.5137099623680115,0.30527666211128235,-0.2860109806060791,0.5403083562850952,0.3267480731010437,-0.36602333188056946,0.5262849926948547,0.3272576630115509,-0.3689109981060028,0.5791143774986267,0.38320663571357727,-0.1693548560142517,0.4866331219673157,0.383633553981781,-0.17956633865833282,0.5889359712600708,0.4780755639076233,-0.1065664067864418,0.46945351362228394,0.47690680623054504,-0.12398146092891693,0.5997645258903503,0.56105637550354,-0.20416514575481415,0.44917792081832886,0.5608228445053101,-0.2168879508972168,0.6036770939826965,0.5878287553787231,-0.2333180457353592,0.44277411699295044,0.5861674547195435,-0.24861380457878113,0.5998749136924744,0.5865630507469177,-0.2727977931499481,0.4458109438419342,0.5862181186676025,-0.28735437989234924,0.5965846180915833,0.5806268453598022,-0.22142569720745087,0.44906067848205566,0.5798664093017578,-0.23421616852283478,0.5569430589675903,0.5643365979194641,0.0067037977278232574,0.4994977116584778,0.564409077167511,-0.0068067023530602455,0.5701990723609924,0.7023332715034485,0.028530750423669815,0.4829607903957367,0.7016876339912415,0.008097254671156406,0.5841563940048218,0.8177968859672546,0.19312605261802673,0.4683937132358551,0.8127976655960083,0.18212150037288666,0.5783500671386719,0.8338922262191772,0.20137980580329895,0.4714621603488922,0.8260514140129089,0.19125142693519592,0.5994352102279663,0.8615573048591614,0.06554955244064331,0.4607108533382416,0.8565248250961304,0.053599439561367035
6,bend,a12_s09_e02,0.5344263911247253,0.31497475504875183,-0.42912667989730835,0.5397946834564209,0.30126187205314636,-0.4140065312385559,0.5424824953079224,0.30101820826530457,-0.4140171408653259,0.5458984971046448,0.30053070187568665,-0.4140339493751526,0.5277407169342041,0.3018508553504944,-0.41599828004837036,0.5231903791427612,0.3020265996456146,-0.41607242822647095,0.5193711519241333,0.3024638593196869,-0.41607147455215454,0.5499175190925598,0.30304962396621704,-0.28889644145965576,0.5138202905654907,0.3061845004558563,-0.29905614256858826,0.5405640602111816,0.32748955488204956,-0.37965717911720276,0.5265871286392212,0.3280940651893616,-0.38273173570632935,0.5791581869125366,0.3832436800003052,-0.17799906432628632,0.4866931438446045,0.3840646743774414,-0.1906711757183075,0.5894691944122314,0.4787837564945221,-0.11490050703287125,0.4691866934299469,0.47777116298675537,-0.13697251677513123,0.5998982191085815,0.5618517994880676,-0.21344883739948273,0.44917458295822144,0.5628532767295837,-0.2302923947572708,0.6036728620529175,0.5882456302642822,-0.2430814504623413,0.44294506311416626,0.5878497958183289,-0.2627105414867401,0.5997568368911743,0.5868085026741028,-0.2825010418891907,0.446215957403183,0.5880147814750671,-0.3008193373680115,0.5965198874473572,0.580847978591919,-0.23070967197418213,0.4493589401245117,0.5815823078155518,-0.247285395860672,0.557099461555481,0.5641640424728394,0.006817188113927841,0.49962130188941956,0.5643012523651123,-0.006921160966157913,0.5702065825462341,0.7020301818847656,0.02838098630309105,0.4831274151802063,0.7015602588653564,0.00816451944410801,0.5842023491859436,0.8177518248558044,0.19378319382667542,0.46843966841697693,0.8123905658721924,0.1834109127521515,0.5784901976585388,0.8338579535484314,0.20218133926391602,0.47159990668296814,0.8256286978721619,0.19279654324054718,0.5994846224784851,0.8615114688873291,0.0660429373383522,0.46070370078086853,0.8563945889472961,0.055374037474393845
7,bend,a12_s09_e02,0.5346891283988953,0.3174166679382324,-0.43457913398742676,0.5399646162986755,0.30373138189315796,-0.4198117256164551,0.5426337718963623,0.30328530073165894,-0.41982126235961914,0.5460710525512695,0.30282747745513916,-0.4198409914970398,0.5279966592788696,0.30476173758506775,-0.4221748411655426,0.5235757827758789,0.3048638701438904,-0.42224836349487305,0.5197317600250244,0.30512967705726624,-0.4222469925880432,0.5501230359077454,0.30481699109077454,-0.2940030097961426,0.5139307379722595,0.30797144770622253,-0.30598440766334534,0.5407173037528992,0.32965365052223206,-0.3845216631889343,0.5267745852470398,0.33016636967658997,-0.3881242573261261,0.5791569352149963,0.38332146406173706,-0.18101376295089722,0.4867521822452545,0.3843913972377777,-0.196531742811203,0.5897539854049683,0.47916680574417114,-0.11631248146295547,0.46884220838546753,0.4789449870586395,-0.14474782347679138,0.5999181270599365,0.5628403425216675,-0.21434743702411652,0.44928985834121704,0.5639575123786926,-0.23796939849853516,0.6036155819892883,0.5889868140220642,-0.24428477883338928,0.44327765703201294,0.58867347240448,-0.2705593705177307,0.5993618965148926,0.5874701738357544,-0.2836707532405853,0.44683414697647095,0.5889589190483093,-0.3085314929485321,0.5961605310440063,0.5813692212104797,-0.23157668113708496,0.45005759596824646,0.5824988484382629,-0.2547931373119354,0.5571235418319702,0.5639570355415344,0.006979384925216436,0.49968773126602173,0.5642299056053162,-0.00708335405215621,0.5702131390571594,0.7018477320671082,0.02451012283563614,0.48320919275283813,0.7015054821968079,0.00770633015781641,0.5842942595481873,0.8177529573440552,0.19244594871997833,0.46845921874046326,0.812165379524231,0.18351836502552032,0.5787333250045776,0.8338566422462463,0.2011212408542633,0.47166624665260315,0.8254089951515198,0.19296526908874512,0.5995317697525024,0.8615217208862305,0.06559555232524872,0.460692822933197,0.8563240766525269,0.05538605526089668
8,bend,a12_s09_e02,0.535201370716095,0.31911078095436096,-0.44016581773757935,0.5402359366416931,0.3055437207221985,-0.4254654049873352,0.5429126620292664,0.3049255609512329,-0.42547279596328735,0.5464052557945251,0.30447918176651,-0.4254935681819916,0.5283585786819458,0.3069162964820862,-0.4278189241886139,0.5241795778274536,0.30703067779541016,-0.427893728017807,0.5202448964118958,0.30703964829444885,-0.42788925766944885,0.5503314733505249,0.3064238429069519,-0.298903226852417,0.5141733884811401,0.3095369338989258,-0.3108503818511963,0.5409941077232361,0.33113691210746765,-0.3897378444671631,0.5272912979125977,0.33166447281837463,-0.3933444917201996,0.57916259765625,0.3834792375564575,-0.1841309815645218,0.4868098795413971,0.38482338190078735,-0.19998608529567719,0.5902389287948608,0.4794725477695465,-0.11788441985845566,0.4684654176235199,0.47996726632118225,-0.1473494917154312,0.5999373197555542,0.5644386410713196,-0.21436893939971924,0.4493967592716217,0.5648926496505737,-0.24028651416301727,0.6035746335983276,0.5902561545372009,-0.24393096566200256,0.4436471462249756,0.5895326137542725,-0.27284690737724304,0.5989792943000793,0.5887035727500916,-0.2835589051246643,0.4474489092826843,0.5898920297622681,-0.3108300566673279,0.5958130359649658,0.5823793411254883,-0.23156937956809998,0.45073264837265015,0.583321213722229,-0.257110059261322,0.557179868221283,0.563883900642395,0.007176545448601246,0.49980488419532776,0.5641959309577942,-0.007278247736394405,0.5702378153800964,0.7016805410385132,0.0239911749958992,0.48328766226768494,0.7014226317405701,0.006984108593314886,0.584334135055542,0.8177337050437927,0.19145014882087708,0.4684762954711914,0.8121217489242554,0.18135465681552887,0.5787870287895203,0.8338255286216736,0.20003727078437805,0.47169405221939087,0.825404942035675,0.19069337844848633,0.5996369123458862,0.8615200519561768,0.06472846120595932,0.4606892168521881,0.8562878966331482,0.052822262048721313
9,bend,a12_s09_e02,0.5355647206306458,0.32105594873428345,-0.4470944404602051,0.5404482483863831,0.30767256021499634,-0.4323095679283142,0.5431225299835205,0.30694398283958435,-0.43231329321861267,0.5466655492782593,0.306462824344635,-0.4323335587978363,0.5287051796913147,0.3087514340877533,-0.4347745478153229,0.5246616005897522,0.3086923658847809,-0.4348522126674652,0.5207191109657288,0.3084169328212738,-0.43484872579574585,0.5505213141441345,0.30824893712997437,-0.30482858419418335,0.5144022703170776,0.31066983938217163,-0.3174183964729309,0.5411399602890015,0.3329571783542633,-0.39627012610435486,0.5276296138763428,0.3332523703575134,-0.4000663161277771,0.5791926383972168,0.38355255126953125,-0.18850544095039368,0.48684701323509216,0.3851666748523712,-0.2051379233598709,0.5910108089447021,0.4799096882343292,-0.12125325202941895,0.46793514490127563,0.48057806491851807,-0.15336528420448303,0.6001331210136414,0.5664293169975281,-0.21681728959083557,0.4494183659553528,0.5659483075141907,-0.24669604003429413,0.6035864949226379,0.5915610194206238,-0.24646703898906708,0.44384765625,0.5905400514602661,-0.27959269285202026,0.5988270044326782,0.5899174809455872,-0.28603342175483704,0.4480029046535492,0.5907905101776123,-0.3170654773712158,0.5956442952156067,0.5834610462188721,-0.23393909633159637,0.45135194063186646,0.5840758681297302,-0.26319199800491333,0.5572592616081238,0.5638617873191833,0.007264724932610989,0.49996647238731384,0.564193844795227,-0.007366576232016087,0.5702501535415649,0.7016741037368774,0.023440908640623093,0.4833768904209137,0.7014290690422058,0.006912536919116974,0.5843632817268372,0.8177279829978943,0.1917714625597,0.46854907274246216,0.8121032118797302,0.18141977488994598,0.578879714012146,0.8337744474411011,0.2002371996641159,0.4718225598335266,0.8253562450408936,0.19078630208969116,0.5996416807174683,0.8614829778671265,0.06593361496925354,0.4606843590736389,0.8562728762626648,0.05318615585565567
10,bend,a12_s09_e02,0.5360985994338989,0.323665052652359,-0.4603031277656555,0.5407174825668335,0.3105620741844177,-0.44582003355026245,0.5434487462043762,0.3097493350505829,-0.4458237290382385,0.5470576882362366,0.30905285477638245,-0.4458487927913666,0.5292554497718811,0.31119614839553833,-0.44847622513771057,0.5251973867416382,0.3107960820198059,-0.44855761528015137,0.5214067697525024,0.3102792501449585,-0.44855618476867676,0.5508136749267578,0.3100588917732239,-0.3170357644557953,0.5146925449371338,0.312141478061676,-0.330392062664032,0.5414316654205322,0.3354649841785431,-0.4087026119232178,0.5283113121986389,0.3354937434196472,-0.4127276539802551,0.5792652368545532,0.3837502896785736,-0.19811688363552094,0.48689961433410645,0.38574615120887756,-0.21459686756134033,0.5920045375823975,0.4805366098880768,-0.13015824556350708,0.46765175461769104,0.48171183466911316,-0.16201050579547882,0.600374162197113,0.568126916885376,-0.22489745914936066,0.44948703050613403,0.5674257278442383,-0.2543694078922272,0.6035869121551514,0.5930404663085938,-0.2546178698539734,0.44415387511253357,0.5920416712760925,-0.28712132573127747,0.5984535813331604,0.591233491897583,-0.2941238284111023,0.4484700560569763,0.5921607613563538,-0.3248741626739502,0.5953080654144287,0.5845739245414734,-0.2419033944606781,0.4518989026546478,0.585163414478302,-0.2709425389766693,0.5575010776519775,0.5638551115989685,0.00730957230553031,0.5002289414405823,0.5641952157020569,-0.00741003081202507,0.5702724456787109,0.7016817927360535,0.023217879235744476,0.4834679961204529,0.7014379501342773,0.006917979568243027,0.5844398736953735,0.817732036113739,0.19214554131031036,0.468595415353775,0.8121286630630493,0.1817016899585724,0.5791124105453491,0.8337739109992981,0.20072953402996063,0.4718928933143616,0.8253887295722961,0.1911025494337082,0.5996680855751038,0.8614970445632935,0.06596790254116058,0.46066269278526306,0.8562787175178528,0.05328533798456192
11,bend,a12_s09_e02,0.536623477935791,0.32724034786224365,-0.48215919733047485,0.5410594344139099,0.31375789642333984,-0.467585951089859,0.5438581705093384,0.31312599778175354,-0.46758800745010376,0.5475035905838013,0.3123341202735901,-0.4676215648651123,0.529911994934082,0.314057320356369,-0.470444917678833,0.525719404220581,0.31365203857421875,-0.47053489089012146,0.5220645070075989,0.313155859708786,-0.47053462266921997,0.5511138439178467,0.3123973309993744,-0.3362892270088196,0.515072762966156,0.31454887986183167,-0.3506350517272949,0.541782796382904,0.33881986141204834,-0.4294655919075012,0.5290119051933289,0.3385390341281891,-0.4337915778160095,0.5793575048446655,0.38425999879837036,-0.21363428235054016,0.4869258403778076,0.3871085047721863,-0.2297808825969696,0.5928204655647278,0.4810809791088104,-0.1463494598865509,0.4670987129211426,0.4841423034667969,-0.1773577481508255,0.6005348563194275,0.5698860883712769,-0.24194307625293732,0.44943302869796753,0.569413959980011,-0.26976293325424194,0.6036144495010376,0.5947333574295044,-0.2724577784538269,0.4442462921142578,0.5939738154411316,-0.30273181200027466,0.5984443426132202,0.5928246974945068,-0.31220918893814087,0.44860273599624634,0.5940859317779541,-0.34088045358657837,0.5952988266944885,0.5859375,-0.2590944766998291,0.4519943296909332,0.5868843793869019,-0.28645068407058716,0.5576719045639038,0.5638015866279602,0.007325366139411926,0.5004969239234924,0.5641723871231079,-0.007424750365316868,0.5702883005142212,0.7016839981079102,0.019086504355072975,0.4836154580116272,0.7014272212982178,0.006711403373628855,0.5844515562057495,0.8177347183227539,0.18940630555152893,0.46859613060951233,0.8122981190681458,0.18077409267425537,0.5791760683059692,0.8337717652320862,0.19825349748134613,0.47185438871383667,0.8257259726524353,0.19010432064533234,0.5996816158294678,0.8615142703056335,0.0625138133764267,0.4606603980064392,0.856293261051178,0.051468126475811005
12,bend,a12_s09_e02,0.5367342233657837,0.32932737469673157,-0.4939059317111969,0.5411909222602844,0.31579530239105225,-0.4793904423713684,0.5440053343772888,0.3152664303779602,-0.4793921411037445,0.5476871728897095,0.31451839208602905,-0.4794307351112366,0.5301653146743774,0.31591734290122986,-0.4819518029689789,0.5259587168693542,0.31544578075408936,-0.4820461869239807,0.5223504304885864,0.31486672163009644,-0.482047975063324,0.5514553785324097,0.31411054730415344,-0.3471217751502991,0.5153712034225464,0.3155312240123749,-0.36023882031440735,0.5419625043869019,0.3406165838241577,-0.4408092498779297,0.5293138027191162,0.3401252329349518,-0.44478464126586914,0.5795390009880066,0.38473448157310486,-0.2226860225200653,0.48699507117271423,0.38774439692497253,-0.23803386092185974,0.5939346551895142,0.4816172420978546,-0.15794554352760315,0.46665626764297485,0.4852178394794464,-0.1864936351776123,0.6007028818130493,0.5710808038711548,-0.2545751929283142,0.44943302869796753,0.5705007910728455,-0.279056578874588,0.6036641001701355,0.5960755944252014,-0.28583770990371704,0.44434913992881775,0.5951837301254272,-0.3125022351741791,0.5984367728233337,0.5942159295082092,-0.32526496052742004,0.44882768392562866,0.5954554080963135,-0.35028332471847534,0.5952897667884827,0.5871317386627197,-0.27159857749938965,0.4522651731967926,0.5880617499351501,-0.29558736085891724,0.5578702688217163,0.5637250542640686,0.007411181926727295,0.5007797479629517,0.5641106963157654,-0.007508864160627127,0.5703129172325134,0.7017220258712769,0.01825186423957348,0.48396745324134827,0.7013896703720093,0.006678667850792408,0.5844975709915161,0.8178452849388123,0.18989135324954987,0.46859660744667053,0.81254643201828,0.18098628520965576,0.5792619585990906,0.83384108543396,0.1988258808851242,0.47182542085647583,0.8260710835456848,0.19035443663597107,0.5998066067695618,0.8616741895675659,0.06277384608983994,0.46065863966941833,0.8564397096633911,0.051330965012311935
13,bend,a12_s09_e02,0.5371088981628418,0.3308336138725281,-0.48597487807273865,0.5414963960647583,0.31723642349243164,-0.4720311760902405,0.5443857908248901,0.31668397784233093,-0.4720335602760315,0.5480867028236389,0.3160075843334198,-0.4720718264579773,0.5306726098060608,0.31720638275146484,-0.4744287133216858,0.5264295339584351,0.316756933927536,-0.4745168685913086,0.5228328704833984,0.31615814566612244,-0.474514901638031,0.5518375039100647,0.31548789143562317,-0.342335045337677,0.5158408880233765,0.3164011240005493,-0.35461288690567017,0.5422807931900024,0.34191837906837463,-0.4337443709373474,0.5297844409942627,0.3412182033061981,-0.4374712109565735,0.5797083973884583,0.3854065239429474,-0.2204631268978119,0.4871908724308014,0.38828641176223755,-0.23279301822185516,0.5951332449913025,0.4828941226005554,-0.15518084168434143,0.46647095680236816,0.48562517762184143,-0.18022270500659943,0.600864589214325,0.573077917098999,-0.24819281697273254,0.4495200216770172,0.5715622305870056,-0.27060678601264954,0.6042064428329468,0.5981248021125793,-0.27856236696243286,0.44455641508102417,0.5964870452880859,-0.30296096205711365,0.5987560749053955,0.5966430902481079,-0.3179006576538086,0.44901567697525024,0.5967748165130615,-0.3408794403076172,0.5954404473304749,0.589176595211029,-0.26506349444389343,0.4525250494480133,0.5890562534332275,-0.28715601563453674,0.5582035779953003,0.5636633634567261,0.007380352355539799,0.5011002421379089,0.5640358328819275,-0.007476917002350092,0.5703252553939819,0.7018152475357056,0.018165960907936096,0.4842281937599182,0.7013483047485352,0.00672954972833395,0.584517776966095,0.8178930282592773,0.1861136555671692,0.4685963988304138,0.8129445910453796,0.1773139238357544,0.5793397426605225,0.8338462114334106,0.19474899768829346,0.47178420424461365,0.8266913890838623,0.18615838885307312,0.5998698472976685,0.8617261052131653,0.05961652472615242,0.4606470465660095,0.8565874695777893,0.047742582857608795
14,bend,a12_s09_e02,0.5373501181602478,0.33257636427879333,-0.49016404151916504,0.5417343378067017,0.3191572427749634,-0.47613292932510376,0.5447056889533997,0.31842344999313354,-0.47613415122032166,0.5484470725059509,0.31772008538246155,-0.4761749804019928,0.5310555100440979,0.31916239857673645,-0.47889113426208496,0.5268298387527466,0.31858789920806885,-0.4789828360080719,0.5232386589050293,0.31786754727363586,-0.4789823591709137,0.5523049235343933,0.3171134889125824,-0.3461160659790039,0.5163529515266418,0.31764084100723267,-0.36001792550086975,0.5425528287887573,0.34362268447875977,-0.4378047585487366,0.5301432013511658,0.34278568625450134,-0.44200101494789124,0.5798381567001343,0.3859855830669403,-0.2233676165342331,0.4873219430446625,0.3894549012184143,-0.23800162971019745,0.5955997705459595,0.48311349749565125,-0.1566442847251892,0.4662889540195465,0.4861772358417511,-0.1869535744190216,0.601764440536499,0.573557436466217,-0.2473037987947464,0.44957685470581055,0.5737062096595764,-0.27400320768356323,0.605513334274292,0.5992991328239441,-0.27687129378318787,0.44471922516822815,0.5988332629203796,-0.305698424577713,0.6002625226974487,0.5979379415512085,-0.31626802682876587,0.4491123557090759,0.5992859601974487,-0.34320294857025146,0.5967523455619812,0.5902871489524841,-0.2642051875591278,0.45265069603919983,0.5912722945213318,-0.29034218192100525,0.5584307312965393,0.5634836554527283,0.00737283518537879,0.5013505220413208,0.5638221502304077,-0.007469331379979849,0.5703345537185669,0.7018691301345825,0.01666044257581234,0.4844094216823578,0.7013329267501831,0.00645857909694314,0.5845216512680054,0.8179224729537964,0.1817551553249359,0.46859121322631836,0.8133646845817566,0.17237143218517303,0.5793611407279968,0.8338504433631897,0.1902265101671219,0.47169560194015503,0.827273428440094,0.1808815896511078,0.5998882055282593,0.8618672490119934,0.0552421435713768,0.4606421887874603,0.8567954301834106,0.04226784408092499
15,bend,a12_s09_e02,0.5375102758407593,0.33345645666122437,-0.4854298233985901,0.5418955683708191,0.320325642824173,-0.4716116786003113,0.5449196100234985,0.319599449634552,-0.47161126136779785,0.5486489534378052,0.3189501464366913,-0.4716528058052063,0.5313863158226013,0.3200400471687317,-0.4742657542228699,0.5271996855735779,0.31931665539741516,-0.4743558466434479,0.5236514806747437,0.31847819685935974,-0.4743519723415375,0.5527070164680481,0.3184357285499573,-0.3435079753398895,0.5170382261276245,0.3181558847427368,-0.35681620240211487,0.5427132248878479,0.34454813599586487,-0.43383318185806274,0.5304172039031982,0.3435821235179901,-0.43784815073013306,0.5800498723983765,0.38684043288230896,-0.2224888801574707,0.4873875081539154,0.39058953523635864,-0.23561051487922668,0.5960999131202698,0.4839353561401367,-0.15464326739311218,0.46581655740737915,0.48711881041526794,-0.18441329896450043,0.6028914451599121,0.5754326581954956,-0.24282804131507874,0.4495602250099182,0.575302004814148,-0.2697550058364868,0.6073058843612671,0.6015423536300659,-0.2719748914241791,0.4447272717952728,0.6005190014839172,-0.3006881773471832,0.6026960611343384,0.600592851638794,-0.31136059761047363,0.4491237699985504,0.6011084914207458,-0.3383193612098694,0.5990439653396606,0.592822790145874,-0.25972235202789307,0.45267313718795776,0.5928964614868164,-0.28611916303634644,0.5585713386535645,0.5631149411201477,0.007061731070280075,0.501468300819397,0.5635690093040466,-0.0071588545106351376,0.5703352689743042,0.7018553018569946,0.010279363952577114,0.4844757914543152,0.7013819813728333,0.004780980758368969,0.5845242142677307,0.817966639995575,0.1684480607509613,0.4685612618923187,0.8139427304267883,0.16228604316711426,0.5793880820274353,0.8338650465011597,0.17617283761501312,0.4716479182243347,0.8281416296958923,0.16992752254009247,0.5998921394348145,0.8620460033416748,0.04156653955578804,0.46034711599349976,0.8569210171699524,0.03162633627653122
16,bend,a12_s09_e02,0.5383816957473755,0.33574771881103516,-0.4941408038139343,0.5426652431488037,0.3228503167629242,-0.4802793562412262,0.54593425989151,0.3221527338027954,-0.4802802503108978,0.5494616627693176,0.32144641876220703,-0.4803285002708435,0.5324972867965698,0.3222270905971527,-0.48318395018577576,0.5281416177749634,0.3211229741573334,-0.48327842354774475,0.5246841907501221,0.32012617588043213,-0.48327475786209106,0.5535274147987366,0.3206145167350769,-0.3515203893184662,0.5176889300346375,0.31932175159454346,-0.3658033609390259,0.5433369278907776,0.34723517298698425,-0.442251980304718,0.531414270401001,0.3459576666355133,-0.44655856490135193,0.5802251100540161,0.3877761960029602,-0.2290136069059372,0.48745402693748474,0.39238885045051575,-0.2433769404888153,0.5964570641517639,0.48459020256996155,-0.16064956784248352,0.46568211913108826,0.48879703879356384,-0.19260242581367493,0.6046098470687866,0.577075719833374,-0.2460288554430008,0.44964298605918884,0.5774553418159485,-0.27542251348495483,0.609228789806366,0.6030698418617249,-0.2745068669319153,0.44478535652160645,0.602992832660675,-0.30575019121170044,0.605204701423645,0.6023992300033569,-0.3136921525001526,0.4491853713989258,0.603676438331604,-0.34334710240364075,0.6018441915512085,0.5947296023368835,-0.2628664970397949,0.4527598023414612,0.5952035188674927,-0.29177629947662354,0.5586435198783875,0.5624828338623047,0.006833694875240326,0.5014808177947998,0.5631457567214966,-0.006931792013347149,0.5703440308570862,0.7018522620201111,0.004132907371968031,0.48451727628707886,0.701435387134552,0.0031191883608698845,0.5845397710800171,0.8179580569267273,0.16115102171897888,0.4685545861721039,0.8142743706703186,0.15659436583518982,0.579420804977417,0.8338121175765991,0.16886048018932343,0.4716278910636902,0.8286017775535583,0.16396091878414154,0.5998953580856323,0.8620889782905579,0.03415295481681824,0.46021413803100586,0.8570479154586792,0.025539278984069824
17,bend,a12_s09_e02,0.5397179126739502,0.3379509747028351,-0.4979645609855652,0.5439707040786743,0.3251475989818573,-0.48482003808021545,0.5473559498786926,0.32462581992149353,-0.484818696975708,0.5505648851394653,0.3240121006965637,-0.4848710894584656,0.53409343957901,0.3243578374385834,-0.48786377906799316,0.5297585129737854,0.32329633831977844,-0.4879593253135681,0.5261128544807434,0.32203781604766846,-0.48795509338378906,0.5544878840446472,0.3226434886455536,-0.35682958364486694,0.518576443195343,0.3206659257411957,-0.3716767728328705,0.5442862510681152,0.3496570885181427,-0.44594699144363403,0.5330138802528381,0.34837162494659424,-0.4504169821739197,0.58034747838974,0.38846537470817566,-0.23234298825263977,0.48750001192092896,0.39317843317985535,-0.2461310178041458,0.5970343351364136,0.4856705069541931,-0.16058503091335297,0.465679407119751,0.4906286597251892,-0.19243381917476654,0.6068020462989807,0.5793350338935852,-0.24375982582569122,0.4499557912349701,0.5783663988113403,-0.2736533284187317,0.6118935942649841,0.6054521203041077,-0.27192091941833496,0.44493985176086426,0.6043710112571716,-0.303212434053421,0.6078538298606873,0.6050106883049011,-0.31114527583122253,0.44927653670310974,0.6050723195075989,-0.34118548035621643,0.6045325994491577,0.5969513654708862,-0.2605816721916199,0.4529089331626892,0.5964761972427368,-0.29007238149642944,0.5587934851646423,0.5614770650863647,0.006328694522380829,0.5015202760696411,0.5623312592506409,-0.006428362336009741,0.5703374743461609,0.7016894221305847,-0.001055368920788169,0.4845655560493469,0.701433539390564,0.0007323251338675618,0.5845495462417603,0.8179388642311096,0.15265204012393951,0.46855664253234863,0.8146247863769531,0.14897891879081726,0.5794259905815125,0.8337587714195251,0.1600562036037445,0.47161632776260376,0.8290732502937317,0.15576845407485962,0.5998860001564026,0.8621304035186768,0.026235545054078102,0.4601137042045593,0.857161283493042,0.017259981483221054
18,bend,a12_s09_e02,0.5405948162078857,0.3395096957683563,-0.49962982535362244,0.5448387265205383,0.3267236053943634,-0.48654627799987793,0.54830402135849,0.32627975940704346,-0.4865421652793884,0.5513249635696411,0.32575756311416626,-0.48659294843673706,0.5349834561347961,0.3258589804172516,-0.4895005226135254,0.5307492017745972,0.32493856549263,-0.4895964562892914,0.5269594788551331,0.32365530729293823,-0.4895903468132019,0.5551465749740601,0.32395637035369873,-0.35901784896850586,0.5193057060241699,0.32210224866867065,-0.37349948287010193,0.5450069904327393,0.351155549287796,-0.4478082060813904,0.5340637564659119,0.350087970495224,-0.45216941833496094,0.5805731415748596,0.3894341289997101,-0.2338447868824005,0.4876144826412201,0.39434951543807983,-0.2486221343278885,0.5977691411972046,0.48722437024116516,-0.16075830161571503,0.4656628668308258,0.49181729555130005,-0.1959761530160904,0.6085618734359741,0.5824233293533325,-0.24213752150535583,0.45034605264663696,0.5799522995948792,-0.2759324312210083,0.6142293810844421,0.6079270839691162,-0.2704078257083893,0.4451357424259186,0.6066465973854065,-0.30479106307029724,0.610249400138855,0.6076225638389587,-0.30973508954048157,0.44947880506515503,0.6074796319007874,-0.3425215780735016,0.6068166494369507,0.5994417667388916,-0.2589492201805115,0.4532620310783386,0.5985516309738159,-0.2921482026576996,0.5590158700942993,0.560993492603302,0.006095226854085922,0.5015762448310852,0.5618833303451538,-0.006196953821927309,0.5703386664390564,0.701443612575531,-0.003270744578912854,0.4846521317958832,0.7014453411102295,-0.0009973832638934255,0.5846220254898071,0.817983865737915,0.1487438976764679,0.4685724377632141,0.8149083852767944,0.14528068900108337,0.5794415473937988,0.8337846398353577,0.1559506207704544,0.47161436080932617,0.8294591307640076,0.15186673402786255,0.5998917818069458,0.86249178647995,0.022770356386899948,0.4600105881690979,0.857196569442749,0.01354442723095417
19,bend,a12_s09_e02,0.5412053465843201,0.3404872715473175,-0.49821585416793823,0.5456165075302124,0.3277152478694916,-0.4853290915489197,0.5490963459014893,0.32737067341804504,-0.4853227138519287,0.5520039796829224,0.32697850465774536,-0.48537153005599976,0.5356669425964355,0.32668912410736084,-0.48810815811157227,0.5315121412277222,0.32580503821372986,-0.4882047176361084,0.5276283621788025,0.32450011372566223,-0.48819977045059204,0.5558026432991028,0.32516688108444214,-0.35898271203041077,0.520058274269104,0.32274630665779114,-0.3726561665534973,0.5455946922302246,0.3521939516067505,-0.4468061327934265,0.5348024368286133,0.35102221369743347,-0.4509379267692566,0.5808074474334717,0.3912913203239441,-0.23332417011260986,0.487741082906723,0.39532485604286194,-0.24902765452861786,0.5982471704483032,0.48867350816726685,-0.15900498628616333,0.465618759393692,0.495026171207428,-0.19715192914009094,0.609811544418335,0.5838072299957275,-0.2403382807970047,0.45115429162979126,0.5815256237983704,-0.27695363759994507,0.6159136891365051,0.6095055937767029,-0.2662135660648346,0.44550639390945435,0.6088526844978333,-0.3056741952896118,0.6119232773780823,0.609533965587616,-0.3046405613422394,0.44995445013046265,0.609852135181427,-0.3428918421268463,0.6083231568336487,0.6012632846832275,-0.25666359066963196,0.45407992601394653,0.6008087992668152,-0.29289671778678894,0.5590540766716003,0.5607025027275085,0.005828719586133957,0.5015801787376404,0.5615148544311523,-0.005937807261943817,0.5703421831130981,0.7012702226638794,-0.0073131388053298,0.4846747815608978,0.7014265656471252,-0.002236294327303767,0.5847601890563965,0.8179851770401001,0.14752523601055145,0.4686307907104492,0.8149083852767944,0.14541277289390564,0.5795178413391113,0.833782434463501,0.15512409806251526,0.47162503004074097,0.8294546008110046,0.15224120020866394,0.5998938679695129,0.8626335263252258,0.022828243672847748,0.46004733443260193,0.8571789860725403,0.014376578852534294
20,bend,a12_s09_e02,0.5419172644615173,0.3430682420730591,-0.507644772529602,0.5463491678237915,0.3299037516117096,-0.4948018193244934,0.5498659610748291,0.32938945293426514,-0.49479198455810547,0.5526477098464966,0.32895392179489136,-0.49484238028526306,0.5364497900009155,0.3289097845554352,-0.4980401396751404,0.532356321811676,0.3278484642505646,-0.49813947081565857,0.5283713340759277,0.3268689215183258,-0.49813446402549744,0.5562088489532471,0.3267175853252411,-0.36661195755004883,0.5207024216651917,0.32481276988983154,-0.38243603706359863,0.5461179614067078,0.3548349440097809,-0.4552335739135742,0.5355538725852966,0.35384976863861084,-0.4599854052066803,0.5808520317077637,0.39284226298332214,-0.23641082644462585,0.4878522455692291,0.39675483107566833,-0.2574087679386139,0.5987469553947449,0.49028730392456055,-0.1584700644016266,0.46556705236434937,0.49806246161460876,-0.20651927590370178,0.6108369827270508,0.5859937071800232,-0.23806700110435486,0.45181116461753845,0.5851908922195435,-0.2861962914466858,0.6172393560409546,0.6117374897003174,-0.2628660500049591,0.4458531439304352,0.6137084364891052,-0.31514739990234375,0.6131807565689087,0.6115494966506958,-0.30110791325569153,0.4504879415035248,0.6143953204154968,-0.352202445268631,0.6095434427261353,0.6034256219863892,-0.25421735644340515,0.4549010396003723,0.6054189801216125,-0.3019554615020752,0.5591915845870972,0.5605150461196899,0.0057679032906889915,0.5015997886657715,0.5613405108451843,-0.005879973527044058,0.5703767538070679,0.7010138630867004,-0.011275689117610455,0.4846770167350769,0.7014287710189819,-0.005625949241220951,0.5848841071128845,0.817987859249115,0.15165778994560242,0.46875324845314026,0.8148970007896423,0.1481495201587677,0.5796032547950745,0.8337830901145935,0.16002367436885834,0.47170162200927734,0.8293730020523071,0.15564565360546112,0.5999118089675903,0.862880527973175,0.02797664701938629,0.46018657088279724,0.8571450114250183,0.017530467361211777
21,bend,a12_s09_e02,0.5426515936851501,0.3470091223716736,-0.5120870471000671,0.5473551750183105,0.33340662717819214,-0.4995621144771576,0.5508006811141968,0.3325650095939636,-0.49954670667648315,0.5535434484481812,0.3317798674106598,-0.49959588050842285,0.5373564958572388,0.3325854539871216,-0.5030561685562134,0.5333012342453003,0.3313138782978058,-0.5031511187553406,0.5292163491249084,0.3303365111351013,-0.5031371116638184,0.5569576621055603,0.329152911901474,-0.37088674306869507,0.5214474201202393,0.3279377222061157,-0.38792386651039124,0.5466591119766235,0.3583186864852905,-0.4591856598854065,0.5362781286239624,0.35772064328193665,-0.46428433060646057,0.5809527039527893,0.39541587233543396,-0.23853662610054016,0.4879245162010193,0.3985261619091034,-0.26040059328079224,0.5989511609077454,0.49131953716278076,-0.15841226279735565,0.46558183431625366,0.4998939335346222,-0.20810094475746155,0.6113328337669373,0.5874471664428711,-0.235660120844841,0.45288482308387756,0.5872458219528198,-0.28680524230003357,0.6185858845710754,0.6135590076446533,-0.25960344076156616,0.44624820351600647,0.6164383292198181,-0.31510084867477417,0.6144947409629822,0.613782525062561,-0.29753047227859497,0.45110535621643066,0.6170586347579956,-0.3517778813838959,0.6107341051101685,0.6056398749351501,-0.2516648769378662,0.4559406340122223,0.6082496643066406,-0.30234092473983765,0.5593977570533752,0.5601345300674438,0.0056894682347774506,0.5016807317733765,0.5609798431396484,-0.005806312430649996,0.5704061985015869,0.7005653977394104,-0.020291471853852272,0.4847210943698883,0.7012830972671509,-0.012679641135036945,0.5849819183349609,0.8179813027381897,0.1449204981327057,0.4689004421234131,0.8147017955780029,0.14234454929828644,0.5796680450439453,0.8337839841842651,0.1536741405725479,0.4717575013637543,0.8289185762405396,0.15006934106349945,0.599913477897644,0.863185465335846,0.022262783721089363,0.46066588163375854,0.8571308255195618,0.01258977223187685
22,bend,a12_s09_e02,0.5433745384216309,0.3509937822818756,-0.5413841605186462,0.5482934713363647,0.3371114432811737,-0.5295371413230896,0.5515181422233582,0.33624622225761414,-0.5295209288597107,0.5543078184127808,0.335210382938385,-0.529579222202301,0.5382457971572876,0.3364696800708771,-0.5324212908744812,0.534131646156311,0.3353647291660309,-0.5325261950492859,0.5300992727279663,0.3342073857784271,-0.532524824142456,0.5577541589736938,0.3319159150123596,-0.3989073634147644,0.5222690105438232,0.3313137888908386,-0.4131321310997009,0.5473169684410095,0.3619782626628876,-0.48721784353256226,0.5369633436203003,0.3617587089538574,-0.4915377199649811,0.5813559293746948,0.3975135385990143,-0.2598997950553894,0.48839861154556274,0.40047213435173035,-0.278357595205307,0.599031925201416,0.4929112493991852,-0.18031491339206696,0.46563488245010376,0.502144455909729,-0.22380533814430237,0.6113258600234985,0.5895808935165405,-0.25401270389556885,0.45392030477523804,0.5900561809539795,-0.30147451162338257,0.6187861561775208,0.617324709892273,-0.2784954905509949,0.44673794507980347,0.6191665530204773,-0.3292568325996399,0.6146390438079834,0.6175991892814636,-0.3166518807411194,0.4517659544944763,0.6194826364517212,-0.36603638529777527,0.6107214689254761,0.6088278889656067,-0.27016714215278625,0.45692530274391174,0.6110324859619141,-0.31686145067214966,0.5596243739128113,0.5592367649078369,0.005521220155060291,0.5018807053565979,0.5604814291000366,-0.005637965630739927,0.5704602003097534,0.7001838088035583,-0.02709037996828556,0.48483046889305115,0.7009479999542236,-0.017664240673184395,0.5850769281387329,0.8178339004516602,0.14492790400981903,0.46907520294189453,0.8143564462661743,0.1434205025434494,0.5797511339187622,0.8335424065589905,0.15426775813102722,0.4718099534511566,0.828266441822052,0.15164066851139069,0.5999019145965576,0.8632955551147461,0.021387893706560135,0.46123021841049194,0.8571318984031677,0.012753565795719624
23,bend,a12_s09_e02,0.5434679388999939,0.35475170612335205,-0.5627194046974182,0.5484365820884705,0.340492844581604,-0.5513442158699036,0.5517082810401917,0.3399215042591095,-0.551319420337677,0.5544854402542114,0.33911600708961487,-0.5513802170753479,0.538485586643219,0.33952367305755615,-0.5538524389266968,0.534416913986206,0.3384299576282501,-0.5539663434028625,0.5305665731430054,0.3372498154640198,-0.5539664030075073,0.5582903623580933,0.33526939153671265,-0.4199337959289551,0.5229615569114685,0.3338538706302643,-0.4327218532562256,0.5473929047584534,0.36545330286026,-0.5079952478408813,0.5370676517486572,0.3651655316352844,-0.5119011998176575,0.581558346748352,0.3994773030281067,-0.2756199240684509,0.4887755811214447,0.4021354615688324,-0.29533159732818604,0.5991917848587036,0.49509379267692566,-0.19540204107761383,0.46563833951950073,0.5044559836387634,-0.24113829433918,0.6112356781959534,0.5920869708061218,-0.26600006222724915,0.45497217774391174,0.5942100882530212,-0.3179190754890442,0.6186017394065857,0.6217136979103088,-0.2908371090888977,0.44716182351112366,0.6220695972442627,-0.34631457924842834,0.6140830516815186,0.6218686699867249,-0.3288919925689697,0.45245352387428284,0.6222211718559265,-0.3826184570789337,0.6101555228233337,0.6127036213874817,-0.2819851338863373,0.4578344225883484,0.6146563291549683,-0.3330027461051941,0.5598360896110535,0.5583744049072266,0.005519053433090448,0.5020853281021118,0.5600084662437439,-0.005635863170027733,0.5704625844955444,0.699985682964325,-0.028124326840043068,0.48488670587539673,0.7008113265037537,-0.020004672929644585,0.5850809812545776,0.8176537156105042,0.1485213041305542,0.4693823456764221,0.8137417435646057,0.14594289660453796,0.5797390341758728,0.8332523107528687,0.1577533781528473,0.4721216559410095,0.827081561088562,0.1541571021080017,0.5999003052711487,0.8633226752281189,0.02457515336573124,0.46163684129714966,0.8571153283119202,0.015293849632143974
24,bend,a12_s09_e02,0.5434017181396484,0.357284814119339,-0.5717695951461792,0.5484155416488647,0.3429899215698242,-0.5604420900344849,0.5517691969871521,0.3424237370491028,-0.5604122877120972,0.5545346736907959,0.34166404604911804,-0.5604722499847412,0.5385461449623108,0.34179824590682983,-0.5623851418495178,0.5345159769058228,0.34059566259384155,-0.5625039935112,0.5307113528251648,0.33934831619262695,-0.5625026822090149,0.5585651397705078,0.33769655227661133,-0.4314553141593933,0.5232020616531372,0.33574050664901733,-0.44142478704452515,0.5473423004150391,0.367682546377182,-0.5182634592056274,0.5369293689727783,0.36749082803726196,-0.5213594436645508,0.5819083452224731,0.40342652797698975,-0.2900323271751404,0.48896270990371704,0.40516287088394165,-0.3031176030635834,0.5994992256164551,0.49887508153915405,-0.2145250141620636,0.4656826853752136,0.507527768611908,-0.24676945805549622,0.6110256910324097,0.5980256795883179,-0.2823833227157593,0.45539361238479614,0.5989665985107422,-0.32029303908348083,0.6181875467300415,0.6284281015396118,-0.30682113766670227,0.44743815064430237,0.6263551115989685,-0.3481043577194214,0.6139675378799438,0.6281388998031616,-0.34355470538139343,0.4531303942203522,0.6266379952430725,-0.383966326713562,0.6099606156349182,0.6199000477790833,-0.29765766859054565,0.45835185050964355,0.6196051239967346,-0.3352471888065338,0.5599634051322937,0.5572134852409363,0.005118283908814192,0.5023208260536194,0.5591211318969727,-0.005240381229668856,0.5704651474952698,0.6998326778411865,-0.03029666468501091,0.48495665192604065,0.7004339098930359,-0.028955519199371338,0.5850726366043091,0.8170680403709412,0.14295430481433868,0.4695162773132324,0.8133083581924438,0.13723275065422058,0.5797363519668579,0.8324576020240784,0.1522742509841919,0.47219863533973694,0.8262796401977539,0.14587053656578064,0.5996426343917847,0.8629162907600403,0.01785101927816868,0.46189355850219727,0.8568226099014282,0.005381653551012278
25,bend,a12_s09_e02,0.543343186378479,0.3618620038032532,-0.5966081619262695,0.5483742356300354,0.3483598530292511,-0.5851367115974426,0.5517495274543762,0.3478938937187195,-0.5851041674613953,0.5545345544815063,0.34697645902633667,-0.5851598978042603,0.5385605096817017,0.3466646075248718,-0.5867326855659485,0.53457111120224,0.34494197368621826,-0.5868586301803589,0.5307573080062866,0.34307926893234253,-0.5868642330169678,0.5588117241859436,0.34213826060295105,-0.45394420623779297,0.5232802033424377,0.3386403024196625,-0.46192318201065063,0.547298014163971,0.372362345457077,-0.5422207117080688,0.5368388295173645,0.3721776008605957,-0.5447540879249573,0.5823312997817993,0.4067726135253906,-0.30877357721328735,0.48899245262145996,0.407559871673584,-0.3190334439277649,0.5998210906982422,0.5030068159103394,-0.23465783894062042,0.4658098816871643,0.5099445581436157,-0.26135164499282837,0.6109143495559692,0.603609025478363,-0.3042854070663452,0.4559048116207123,0.6049718260765076,-0.3372878134250641,0.6170504689216614,0.6337713599205017,-0.33020710945129395,0.44867873191833496,0.6330299377441406,-0.3660658895969391,0.611388087272644,0.6322414875030518,-0.36688220500946045,0.4547133445739746,0.6334013342857361,-0.402592271566391,0.6080164909362793,0.6241545081138611,-0.3193378448486328,0.45941361784935,0.6258119940757751,-0.35240039229393005,0.5599873661994934,0.5566737055778503,0.004536998458206654,0.5024027228355408,0.5586616396903992,-0.004653827287256718,0.5704566240310669,0.6995798349380493,-0.03478897362947464,0.48497843742370605,0.7004324793815613,-0.03170211240649223,0.585063636302948,0.8167009949684143,0.14300335943698883,0.46957841515541077,0.8132306337356567,0.13891877233982086,0.5797536373138428,0.8318078517913818,0.15263912081718445,0.47237467765808105,0.8260430097579956,0.14783671498298645,0.5986186265945435,0.8626223206520081,0.01596629060804844,0.4618712365627289,0.8569273352622986,0.006340880878269672
26,bend,a12_s09_e02,0.5432904958724976,0.36525022983551025,-0.6083971261978149,0.548295259475708,0.35188958048820496,-0.5967745184898376,0.5516736507415771,0.35162824392318726,-0.5967385172843933,0.5544699430465698,0.3510814607143402,-0.5967963933944702,0.5384544730186462,0.3503076434135437,-0.5977611541748047,0.5344688892364502,0.34891852736473083,-0.597886860370636,0.5306493043899536,0.34711095690727234,-0.5978881120681763,0.5588661432266235,0.34630087018013,-0.4652661681175232,0.5232523083686829,0.3417680561542511,-0.4706194996833801,0.5472303032875061,0.3755784034729004,-0.5541282892227173,0.5365658402442932,0.3754991292953491,-0.5559086799621582,0.5827174186706543,0.4100905656814575,-0.32155749201774597,0.4891378879547119,0.4105421006679535,-0.32548972964286804,0.5998865962028503,0.5061164498329163,-0.2509065568447113,0.46597591042518616,0.5115026831626892,-0.2670918107032776,0.6093957424163818,0.6086620092391968,-0.32078877091407776,0.4562056064605713,0.610151469707489,-0.34381169080734253,0.6143935918807983,0.6375687122344971,-0.34785330295562744,0.4493500590324402,0.6381404995918274,-0.37290841341018677,0.6079383492469788,0.6358539462089539,-0.38444408774375916,0.45535755157470703,0.6382738351821899,-0.40983811020851135,0.6044055223464966,0.6276829242706299,-0.33556339144706726,0.46004432439804077,0.6297261714935303,-0.35914382338523865,0.5599719285964966,0.5565491914749146,0.003980535082519054,0.5024040341377258,0.5583991408348083,-0.004101262427866459,0.5704954862594604,0.6994921565055847,-0.03654547780752182,0.4850090444087982,0.700461208820343,-0.031241092830896378,0.5850172638893127,0.8166764378547668,0.14297199249267578,0.46960315108299255,0.8132848143577576,0.140634685754776,0.5797471404075623,0.831654965877533,0.15275368094444275,0.47249478101730347,0.8260608315467834,0.14957813918590546,0.5980027914047241,0.8626289963722229,0.01447309274226427,0.46169590950012207,0.8577436804771423,0.007919784635305405
27,bend,a12_s09_e02,0.5432759523391724,0.37011638283729553,-0.6257233023643494,0.5483753681182861,0.356242835521698,-0.6135768294334412,0.5517501831054688,0.3557434380054474,-0.6135415434837341,0.5545116662979126,0.35525524616241455,-0.6136043667793274,0.5386011004447937,0.3549406826496124,-0.6150021553039551,0.5345587730407715,0.35352960228919983,-0.6151303648948669,0.5307179093360901,0.3520570993423462,-0.6151374578475952,0.5588968396186829,0.3504659831523895,-0.4792565703392029,0.5234609842300415,0.3463224768638611,-0.4865720868110657,0.5471988916397095,0.3799113929271698,-0.5703780055046082,0.5364885926246643,0.3796883523464203,-0.5727589726448059,0.5828449726104736,0.41211041808128357,-0.33043646812438965,0.4892643988132477,0.4139308035373688,-0.3387935757637024,0.5998637676239014,0.509410560131073,-0.2584678828716278,0.4659918248653412,0.5146040916442871,-0.2833694815635681,0.6074931025505066,0.6123207807540894,-0.32642289996147156,0.4565669596195221,0.6148431897163391,-0.3591640591621399,0.611909806728363,0.6419001817703247,-0.353182315826416,0.44991469383239746,0.6439154148101807,-0.38838058710098267,0.6053240895271301,0.6398915648460388,-0.3902301490306854,0.4557883143424988,0.6438766121864319,-0.4253128170967102,0.6016506552696228,0.6309621930122375,-0.3413688838481903,0.4605492651462555,0.6339663863182068,-0.3745085895061493,0.5597364902496338,0.554830014705658,0.003931558690965176,0.5023756623268127,0.5576965808868408,-0.004048608243465424,0.5705760717391968,0.6987936496734619,-0.04088306799530983,0.4850567877292633,0.7004486918449402,-0.03376590460538864,0.58500736951828,0.8164612054824829,0.1397993266582489,0.46965938806533813,0.8132819533348083,0.13823693990707397,0.5798410773277283,0.8314091563224792,0.149725541472435,0.4725016951560974,0.8259743452072144,0.14735835790634155,0.5975407958030701,0.8623793721199036,0.009661130607128143,0.4617745876312256,0.8581100702285767,0.0033126533962786198
28,bend,a12_s09_e02,0.5427923202514648,0.3751121461391449,-0.6220374703407288,0.547904908657074,0.3611432611942291,-0.61138516664505,0.5514254570007324,0.36042627692222595,-0.6113518476486206,0.5543657541275024,0.35965287685394287,-0.6114288568496704,0.5378670692443848,0.36072784662246704,-0.611352801322937,0.5339120626449585,0.35959336161613464,-0.6114758253097534,0.5298845767974854,0.35827717185020447,-0.6114827990531921,0.5589073896408081,0.354702353477478,-0.4824661612510681,0.5234097242355347,0.3527236878871918,-0.4827975332736969,0.5470539331436157,0.3851858675479889,-0.5684036016464233,0.5360990762710571,0.38519206643104553,-0.5687624216079712,0.5834163427352905,0.4151535928249359,-0.33534058928489685,0.4895403981208801,0.4165080487728119,-0.3346606492996216,0.5995218753814697,0.5132099390029907,-0.2679433226585388,0.4661828577518463,0.5170390605926514,-0.2782808244228363,0.605575442314148,0.6157616376876831,-0.3324020504951477,0.4577058255672455,0.6186916828155518,-0.35257479548454285,0.609100341796875,0.6461499929428101,-0.35874590277671814,0.4514716565608978,0.6492702960968018,-0.38100677728652954,0.6025315523147583,0.6441133618354797,-0.39518219232559204,0.4575106203556061,0.6486408114433289,-0.4170680642127991,0.5988911390304565,0.6343705654144287,-0.3469124436378479,0.4622417986392975,0.6378343105316162,-0.3676427900791168,0.5594534873962402,0.5532006621360779,0.0033920861314982176,0.5023587942123413,0.5562075972557068,-0.0035049370490014553,0.5705753564834595,0.6974179148674011,-0.04469037055969238,0.4850638508796692,0.6997855305671692,-0.040355585515499115,0.5850082635879517,0.8162862062454224,0.1201639175415039,0.46971145272254944,0.8134285807609558,0.11841734498739243,0.579879641532898,0.8312305212020874,0.12839795649051666,0.47249025106430054,0.8262996673583984,0.12622684240341187,0.5973753333091736,0.86221843957901,-0.012257954105734825,0.4617798924446106,0.8585698008537292,-0.017671745270490646
29,bend,a12_s09_e02,0.5423461198806763,0.37993288040161133,-0.6318846344947815,0.5475384593009949,0.3663026690483093,-0.6211289763450623,0.5510959029197693,0.36555901169776917,-0.6210979223251343,0.5542117953300476,0.36468082666397095,-0.6211859583854675,0.5372347831726074,0.3657127022743225,-0.6211671829223633,0.5332009792327881,0.3646373450756073,-0.6212853193283081,0.5292173027992249,0.3633261024951935,-0.6212890148162842,0.5588786602020264,0.36009541153907776,-0.4922255575656891,0.5232932567596436,0.35844457149505615,-0.49256354570388794,0.5469442009925842,0.39026153087615967,-0.578189492225647,0.53561931848526,0.3895355463027954,-0.5785759687423706,0.5834776163101196,0.4193476736545563,-0.3454609215259552,0.48961782455444336,0.4209006428718567,-0.34205037355422974,0.5987672209739685,0.5174133777618408,-0.2819707989692688,0.4667465090751648,0.5202106833457947,-0.2874879539012909,0.6038192510604858,0.6206384301185608,-0.3459133803844452,0.45953625440597534,0.6230277419090271,-0.3604055941104889,0.6062968373298645,0.6520566940307617,-0.373565137386322,0.45382195711135864,0.6530311107635498,-0.3893200755119324,0.5990576148033142,0.6505358815193176,-0.40950697660446167,0.45953765511512756,0.6523978114128113,-0.4250996708869934,0.5958066582679749,0.6396691799163818,-0.36015602946281433,0.46401509642601013,0.6421381831169128,-0.37542080879211426,0.5590118169784546,0.5525321960449219,0.0022713609505444765,0.5023393034934998,0.5555267333984375,-0.002375170588493347,0.5704681277275085,0.6962351202964783,-0.05959482118487358,0.485128253698349,0.698912501335144,-0.039531465619802475,0.5851611495018005,0.8163350820541382,0.10760106891393661,0.46976393461227417,0.8134309649467468,0.1165333017706871,0.5806059837341309,0.83123379945755,0.11628603935241699,0.4724808633327484,0.8263670802116394,0.12422527372837067,0.5964847207069397,0.8621698021888733,-0.025646429508924484,0.4618080258369446,0.8586241602897644,-0.019060101360082626
30,bend,a12_s09_e02,0.5423359870910645,0.38612619042396545,-0.6558059453964233,0.5475227236747742,0.3731084167957306,-0.6437922120094299,0.5510741472244263,0.3723706901073456,-0.6437667012214661,0.5541887879371643,0.37139376997947693,-0.643866777420044,0.5372306704521179,0.3723779618740082,-0.6444448828697205,0.533146321773529,0.3709975481033325,-0.6445676684379578,0.5291903018951416,0.3694606423377991,-0.6445776224136353,0.5589587092399597,0.3661961853504181,-0.5097473859786987,0.5231693983078003,0.36482325196266174,-0.5128370523452759,0.5469308495521545,0.39680230617523193,-0.600276529788971,0.5355948209762573,0.3960949778556824,-0.6015001535415649,0.5834736824035645,0.4225619435310364,-0.3600746691226959,0.4896302819252014,0.4245592951774597,-0.35977986454963684,0.5980894565582275,0.5221531987190247,-0.3008507192134857,0.4675142765045166,0.5231710076332092,-0.31305983662605286,0.6019712686538696,0.6251062154769897,-0.36702340841293335,0.4602397382259369,0.6263959407806396,-0.3865243196487427,0.6041512489318848,0.6570002436637878,-0.39709702134132385,0.45516642928123474,0.6592288613319397,-0.41745638847351074,0.597605288028717,0.6553542613983154,-0.4329686760902405,0.4613097608089447,0.65798419713974,-0.45300665497779846,0.5946375727653503,0.6441181898117065,-0.3814452588558197,0.4655637741088867,0.6477939486503601,-0.40158143639564514,0.558962345123291,0.5521206259727478,0.00182141677942127,0.5024149417877197,0.5552161335945129,-0.0019057957688346505,0.5703781247138977,0.6953191161155701,-0.07519189268350601,0.485260546207428,0.6978310346603394,-0.04171048104763031,0.5853800773620605,0.8164418935775757,0.10492248833179474,0.4697803854942322,0.8136124014854431,0.12021283805370331,0.5814806222915649,0.8312494158744812,0.1150122880935669,0.47242337465286255,0.8265870213508606,0.1285327672958374,0.5956264138221741,0.862375795841217,-0.030045995488762856,0.4621086120605469,0.859002947807312,-0.017329741269350052
31,bend,a12_s09_e02,0.5426005125045776,0.3918614089488983,-0.6690565347671509,0.5479351878166199,0.37817198038101196,-0.6563003659248352,0.5514843463897705,0.3773031234741211,-0.6562798023223877,0.5544984340667725,0.37647196650505066,-0.6563845872879028,0.5376390218734741,0.3772750496864319,-0.657809853553772,0.5335788130760193,0.37584537267684937,-0.6579355001449585,0.5295590162277222,0.37450021505355835,-0.6579510569572449,0.5592333078384399,0.3715721368789673,-0.5193420052528381,0.5231589078903198,0.37018153071403503,-0.5266419649124146,0.5469740033149719,0.40291696786880493,-0.6124973893165588,0.5357314348220825,0.40220165252685547,-0.6149225831031799,0.5834683179855347,0.4261479079723358,-0.3678722679615021,0.48964977264404297,0.42800453305244446,-0.37357088923454285,0.5972791910171509,0.5271880626678467,-0.3105744421482086,0.46868497133255005,0.5278288125991821,-0.331920325756073,0.5999696850776672,0.6301379799842834,-0.37683337926864624,0.46099621057510376,0.6331312656402588,-0.40591272711753845,0.602438747882843,0.6614968776702881,-0.4074062705039978,0.45574522018432617,0.6646766066551208,-0.43770551681518555,0.596735417842865,0.6596834659576416,-0.4430473744869232,0.46283021569252014,0.6640675067901611,-0.47303643822669983,0.5937989354133606,0.6490508317947388,-0.39127400517463684,0.46708717942237854,0.6556495428085327,-0.42091360688209534,0.5588449239730835,0.5521079301834106,0.0019130352884531021,0.5024173855781555,0.5552888512611389,-0.0019800406880676746,0.5702490210533142,0.6950485110282898,-0.0769914761185646,0.48577624559402466,0.697388231754303,-0.05598464608192444,0.5854640603065491,0.8164821267127991,0.1050766110420227,0.4697800576686859,0.8136361837387085,0.11277178674936295,0.5815929770469666,0.8314083814620972,0.11529220640659332,0.47214779257774353,0.826623797416687,0.12175587564706802,0.5954132080078125,0.862408459186554,-0.02955935336649418,0.4622240662574768,0.8590397238731384,-0.02689618244767189
32,bend,a12_s09_e02,0.5426991581916809,0.40038666129112244,-0.6911999583244324,0.548067033290863,0.3860400915145874,-0.6787704825401306,0.5515992045402527,0.3849879503250122,-0.6787586212158203,0.5546239018440247,0.38353192806243896,-0.6788827180862427,0.5378791689872742,0.3850741982460022,-0.6802350282669067,0.5339003205299377,0.3836256265640259,-0.6803557872772217,0.5299555063247681,0.38180989027023315,-0.6803759336471558,0.5594168305397034,0.37726032733917236,-0.5397146940231323,0.5232654809951782,0.37704986333847046,-0.5458090901374817,0.5469841957092285,0.4102514386177063,-0.6332576274871826,0.5359061360359192,0.40983420610427856,-0.6353304982185364,0.583469569683075,0.4299735724925995,-0.3833910822868347,0.4896465241909027,0.4327661097049713,-0.3896006643772125,0.5966864824295044,0.5320348143577576,-0.3307727575302124,0.4706045091152191,0.5386922359466553,-0.35295018553733826,0.5977227091789246,0.6370158791542053,-0.40487462282180786,0.4611314833164215,0.6398609280586243,-0.43121472001075745,0.6000410914421082,0.6709526181221008,-0.43885430693626404,0.4560844302177429,0.6699439287185669,-0.4650190472602844,0.5937936902046204,0.6680587530136108,-0.47403964400291443,0.4645009934902191,0.6700497269630432,-0.5014154314994812,0.5908300280570984,0.6582543849945068,-0.4195651412010193,0.468452125787735,0.663173258304596,-0.44692325592041016,0.5583745837211609,0.5521743297576904,0.0018782798433676362,0.5022134780883789,0.5558189153671265,-0.00192919815890491,0.5702062845230103,0.6949975490570068,-0.09233872592449188,0.4857468008995056,0.6975201964378357,-0.05308029055595398,0.5854960680007935,0.8159675598144531,0.11288346350193024,0.46962180733680725,0.8142008185386658,0.12654657661914825,0.5815801024436951,0.8306626677513123,0.1231750100851059,0.47171440720558167,0.8268672227859497,0.13860449194908142,0.5952926278114319,0.8624070286750793,-0.019921889528632164,0.46228885650634766,0.8593568801879883,-0.017200078815221786
33,bend,a12_s09_e02,0.5428740978240967,0.4098683297634125,-0.6889292001724243,0.5484042167663574,0.3955802619457245,-0.6769440174102783,0.5519769191741943,0.39444705843925476,-0.6769315600395203,0.5551171898841858,0.39282968640327454,-0.6770552396774292,0.5382637977600098,0.39413315057754517,-0.678193211555481,0.5343313813209534,0.3921317160129547,-0.6783085465431213,0.5303715467453003,0.39000192284584045,-0.6783201694488525,0.5602573752403259,0.3857991099357605,-0.5400323271751404,0.5233715772628784,0.384220689535141,-0.5452814102172852,0.547120988368988,0.41933539509773254,-0.631706178188324,0.5361365675926208,0.41880765557289124,-0.633538007736206,0.5834654569625854,0.4364613890647888,-0.3844437003135681,0.48970508575439453,0.4400692582130432,-0.3884695768356323,0.5963422060012817,0.5382102727890015,-0.3334236145019531,0.47153711318969727,0.5477713346481323,-0.35153186321258545,0.5964481234550476,0.6461468935012817,-0.4018198847770691,0.4612375795841217,0.652294933795929,-0.4264138340950012,0.5987294912338257,0.6791108250617981,-0.4347905218601227,0.45607542991638184,0.6804583668708801,-0.45943060517311096,0.5922971963882446,0.6766538619995117,-0.46931353211402893,0.46548929810523987,0.6813451051712036,-0.4951852858066559,0.5893007516860962,0.6691145300865173,-0.41606584191322327,0.4693617820739746,0.6738490462303162,-0.44180306792259216,0.5580216646194458,0.5529747009277344,0.0018569004023447633,0.5022603273391724,0.5570613741874695,-0.0018960110610350966,0.5700445771217346,0.6950101256370544,-0.09306184947490692,0.48598867654800415,0.6976125836372375,-0.06028680130839348,0.5855113863945007,0.815937876701355,0.10950133949518204,0.46947216987609863,0.8152309656143188,0.12063560634851456,0.58155357837677,0.8306203484535217,0.12149007618427277,0.47133517265319824,0.8291105628013611,0.13157495856285095,0.5953092575073242,0.8623507022857666,-0.02226542867720127,0.46226197481155396,0.8595098853111267,-0.020498840138316154
34,bend,a12_s09_e02,0.5428711175918579,0.4165862500667572,-0.7088783383369446,0.5484119057655334,0.40268537402153015,-0.6975414156913757,0.5519941449165344,0.4017504155635834,-0.6975318193435669,0.5551198720932007,0.4005435109138489,-0.6976708173751831,0.5382948517799377,0.40117818117141724,-0.6982629299163818,0.534389078617096,0.39933860301971436,-0.6983741521835327,0.5304609537124634,0.3972657024860382,-0.6983923316001892,0.5603970885276794,0.3931087255477905,-0.560787558555603,0.5234657526016235,0.3903266489505768,-0.5633448958396912,0.5471163392066956,0.4261244833469391,-0.6513368487358093,0.5361256003379822,0.42503371834754944,-0.6523764729499817,0.5834090709686279,0.44150403141975403,-0.40300875902175903,0.4898700714111328,0.44454097747802734,-0.4023929238319397,0.5961508750915527,0.542245626449585,-0.35718950629234314,0.4728395342826843,0.5531938672065735,-0.36713749170303345,0.5957854390144348,0.6525786519050598,-0.4282153248786926,0.46216273307800293,0.6578985452651978,-0.4441182017326355,0.5983002185821533,0.6839958429336548,-0.4634339213371277,0.4566825032234192,0.6854660511016846,-0.4786927103996277,0.5917351245880127,0.6820212602615356,-0.49778541922569275,0.4662816524505615,0.6862561702728271,-0.5154427289962769,0.5886616706848145,0.6749659776687622,-0.44263869524002075,0.47034597396850586,0.6782888770103455,-0.4601448178291321,0.5578450560569763,0.554520845413208,0.0012144369538873434,0.5024800896644592,0.5586754679679871,-0.0012225836981087923,0.5700458288192749,0.6951246857643127,-0.08463346213102341,0.4856864809989929,0.698040783405304,-0.05441814661026001,0.5855503082275391,0.8159908652305603,0.1240430697798729,0.4693809151649475,0.8163808584213257,0.13992977142333984,0.5814187526702881,0.8306835293769836,0.13833990693092346,0.47129493951797485,0.8312995433807373,0.15202438831329346,0.5953707098960876,0.8629165887832642,-0.00719843665137887,0.4618526101112366,0.8599812388420105,0.0010290390346199274
35,bend,a12_s09_e02,0.5428432822227478,0.4232810437679291,-0.7407518625259399,0.5484026074409485,0.4093182682991028,-0.7287135124206543,0.5519831776618958,0.4083918035030365,-0.7287025451660156,0.5551067590713501,0.4071693420410156,-0.7288429141044617,0.5382876992225647,0.40842118859291077,-0.7301403284072876,0.5343776941299438,0.4068693518638611,-0.7302573323249817,0.5304494500160217,0.40497347712516785,-0.7302864193916321,0.5603795647621155,0.39970511198043823,-0.5867388248443604,0.5234682559967041,0.39686399698257446,-0.5927830934524536,0.5470845699310303,0.4324398636817932,-0.6811137199401855,0.5360690355300903,0.4313027262687683,-0.6831421852111816,0.5834051370620728,0.44777771830558777,-0.42286476492881775,0.48988276720046997,0.4496672451496124,-0.4285374581813812,0.5958402156829834,0.5495737791061401,-0.3792478144168854,0.4739547669887543,0.5592135190963745,-0.39924925565719604,0.5949116349220276,0.6552499532699585,-0.4540169835090637,0.46291249990463257,0.6628044247627258,-0.48213204741477966,0.5976695418357849,0.6858652234077454,-0.4914100766181946,0.45720213651657104,0.690350353717804,-0.520412802696228,0.5906330347061157,0.6841080188751221,-0.5257014036178589,0.466557115316391,0.6912829279899597,-0.5572509169578552,0.5872803330421448,0.6770510077476501,-0.4687623381614685,0.4706389009952545,0.6827042102813721,-0.49863290786743164,0.5578489303588867,0.5564189553260803,0.0012514533009380102,0.5029994249343872,0.5598286986351013,-0.001258826581761241,0.5705315470695496,0.6960622668266296,-0.05740920826792717,0.4856312870979309,0.6980684995651245,-0.05185037851333618,0.5855594873428345,0.8158970475196838,0.18228039145469666,0.4693825840950012,0.8164404034614563,0.17339101433753967,0.5810619592666626,0.8305442929267883,0.19793494045734406,0.47129708528518677,0.8314869403839111,0.18786053359508514,0.5956617593765259,0.8631189465522766,0.05361773818731308,0.4616960883140564,0.8608792424201965,0.03445480763912201
36,bend,a12_s09_e02,0.5427870750427246,0.42921754717826843,-0.7692417502403259,0.5483664274215698,0.41569915413856506,-0.7570587396621704,0.551956295967102,0.4144836366176605,-0.7570527195930481,0.5550780296325684,0.41304051876068115,-0.7571983337402344,0.5382824540138245,0.41511791944503784,-0.7588385343551636,0.5343676209449768,0.41353875398635864,-0.7589592933654785,0.530449628829956,0.4117433428764343,-0.7589940428733826,0.5603622198104858,0.4049965441226959,-0.6111880540847778,0.5234769582748413,0.40293294191360474,-0.6191795468330383,0.5470424294471741,0.4382675290107727,-0.7078744173049927,0.536037802696228,0.4370432496070862,-0.7104631662368774,0.5833226442337036,0.4510588049888611,-0.44206705689430237,0.4899234175682068,0.4540698826313019,-0.44906744360923767,0.5954298973083496,0.5538192987442017,-0.39810094237327576,0.47500282526016235,0.5640702843666077,-0.41964396834373474,0.5939456820487976,0.6582111120223999,-0.4722408354282379,0.46360087394714355,0.6649438142776489,-0.5052043199539185,0.5971099138259888,0.68924880027771,-0.5109519362449646,0.45763859152793884,0.6936690807342529,-0.545432448387146,0.5897873044013977,0.688101589679718,-0.5457086563110352,0.4665687680244446,0.6946544647216797,-0.5831222534179688,0.5860167741775513,0.6806830167770386,-0.487243115901947,0.4707857668399811,0.6857901215553284,-0.5221861600875854,0.5579676628112793,0.5584291815757751,0.001366497715935111,0.5038161873817444,0.561397910118103,-0.00134871038608253,0.5715565085411072,0.6985166072845459,-0.03848963975906372,0.4854260981082916,0.6992563009262085,-0.051102280616760254,0.5856308341026306,0.815899133682251,0.21481701731681824,0.46950244903564453,0.8164398670196533,0.19566331803798676,0.5808683633804321,0.8305493593215942,0.23167602717876434,0.47175854444503784,0.8315480947494507,0.21179859340190887,0.5963838696479797,0.8633561730384827,0.08680477738380432,0.461296409368515,0.861780047416687,0.05750744417309761
37,bend,a12_s09_e02,0.5428980588912964,0.4358694851398468,-0.7887944579124451,0.5484634041786194,0.4229826331138611,-0.7767351865768433,0.5520045757293701,0.4217539429664612,-0.7767307758331299,0.5551514029502869,0.41997605562210083,-0.7768792510032654,0.5384153127670288,0.4223790764808655,-0.7790505886077881,0.5345155000686646,0.42091426253318787,-0.7791723608970642,0.5305674076080322,0.4188786447048187,-0.7792105674743652,0.5603457689285278,0.41031327843666077,-0.6289377212524414,0.5234330892562866,0.4092395007610321,-0.6395232081413269,0.5470574498176575,0.44433048367500305,-0.726387619972229,0.5360541939735413,0.4439396858215332,-0.7297295928001404,0.5831338167190552,0.4544806480407715,-0.4567619860172272,0.4901134967803955,0.458558052778244,-0.46518436074256897,0.5954370498657227,0.5575459599494934,-0.41269150376319885,0.4761367440223694,0.5679866671562195,-0.43606430292129517,0.5932230949401855,0.6645277142524719,-0.4860517382621765,0.4644395709037781,0.6687657833099365,-0.5214132070541382,0.5958966612815857,0.6952735781669617,-0.5258891582489014,0.4581418037414551,0.6970833539962769,-0.5627321004867554,0.5883004665374756,0.694614589214325,-0.5605267882347107,0.4674904942512512,0.6986547112464905,-0.6010903120040894,0.5845543146133423,0.6860750317573547,-0.5010325312614441,0.47194820642471313,0.6903089284896851,-0.5386834740638733,0.5584803223609924,0.5601495504379272,0.0014845877885818481,0.5049195885658264,0.5625501871109009,-0.001441093860194087,0.5720633268356323,0.6993258595466614,-0.027731359004974365,0.4847285747528076,0.7009286284446716,-0.04644997790455818,0.5857700705528259,0.8159435391426086,0.23633870482444763,0.46960410475730896,0.8164266347885132,0.20932500064373016,0.5807753801345825,0.8305891156196594,0.2542554438114166,0.4722207486629486,0.83172208070755,0.2262677252292633,0.5968984365463257,0.8634650111198425,0.10902847349643707,0.46072959899902344,0.8625397086143494,0.07112786918878555
38,bend,a12_s09_e02,0.5428420305252075,0.4407459795475006,-0.8041060566902161,0.548457682132721,0.4275341331958771,-0.7911612391471863,0.5520026683807373,0.4263977110385895,-0.7911556959152222,0.5551679134368896,0.4247978925704956,-0.7913020849227905,0.5383818745613098,0.4269426465034485,-0.7933659553527832,0.5344651341438293,0.42556390166282654,-0.7934936285018921,0.5304968953132629,0.42380407452583313,-0.793531060218811,0.5603710412979126,0.41537460684776306,-0.6401840448379517,0.5231053829193115,0.4147508442401886,-0.6506995558738708,0.547020673751831,0.44965049624443054,-0.7407385110855103,0.5357863306999207,0.44981205463409424,-0.7440301179885864,0.5830807089805603,0.4602251648902893,-0.46293145418167114,0.49020639061927795,0.46407637000083923,-0.4786475598812103,0.5952353477478027,0.5637609958648682,-0.4208028316497803,0.477221816778183,0.5743843913078308,-0.4567442834377289,0.5913130044937134,0.6703897714614868,-0.494611918926239,0.4655930995941162,0.6759000420570374,-0.5457419157028198,0.5942056179046631,0.7002390623092651,-0.5349906086921692,0.45977821946144104,0.7036164402961731,-0.5895000100135803,0.5868086814880371,0.6994196772575378,-0.568580150604248,0.46910443902015686,0.7044788599014282,-0.6260689496994019,0.5831159949302673,0.6903847455978394,-0.5093705654144287,0.4734552800655365,0.6963768005371094,-0.5623911023139954,0.5587611794471741,0.5618464350700378,0.002735101617872715,0.5053545236587524,0.5634969472885132,-0.002652968978509307,0.5724972486495972,0.699893593788147,-0.027463268488645554,0.4835636019706726,0.7025763392448425,-0.055764418095350266,0.5859318375587463,0.8161879777908325,0.24327988922595978,0.46974214911460876,0.8162033557891846,0.2046165019273758,0.5805100202560425,0.8308833837509155,0.26185745000839233,0.4729982912540436,0.8316564559936523,0.22267508506774902,0.597711443901062,0.8636951446533203,0.11653212457895279,0.4598744511604309,0.8627434968948364,0.06567773222923279
39,bend,a12_s09_e02,0.543295681476593,0.4470081925392151,-0.7992212176322937,0.5489988327026367,0.4334121644496918,-0.7863276600837708,0.5524656176567078,0.4319670796394348,-0.7863158583641052,0.5556914210319519,0.4303589165210724,-0.7864577770233154,0.5387961268424988,0.43300408124923706,-0.789017379283905,0.5348322987556458,0.4313858449459076,-0.7891454696655273,0.5307731628417969,0.42950373888015747,-0.7891761660575867,0.5605312585830688,0.42140647768974304,-0.636647641658783,0.5229917764663696,0.4208301901817322,-0.6490491628646851,0.5473751425743103,0.4554493725299835,-0.7363184690475464,0.5359787940979004,0.45634275674819946,-0.7401634454727173,0.5831137895584106,0.46522751450538635,-0.46006983518600464,0.49019885063171387,0.4681478440761566,-0.4795758128166199,0.5951706767082214,0.5683925151824951,-0.4204881191253662,0.47805047035217285,0.5782292485237122,-0.4615519940853119,0.5898886919021606,0.6747850179672241,-0.4953884184360504,0.46623244881629944,0.6794843077659607,-0.5486661791801453,0.5929833650588989,0.7039850950241089,-0.5356346368789673,0.46113449335098267,0.7069575190544128,-0.5926152467727661,0.5857550501823425,0.7032176852226257,-0.5680387020111084,0.47006407380104065,0.7073668241500854,-0.6275359988212585,0.5821770429611206,0.6939228773117065,-0.5098821520805359,0.4741608202457428,0.6993099451065063,-0.564740777015686,0.5590025782585144,0.5622344613075256,0.0029178985860198736,0.5055432915687561,0.563800036907196,-0.0028312145732343197,0.5727404356002808,0.6999349594116211,-0.03465946763753891,0.48298630118370056,0.7026084065437317,-0.06035727262496948,0.5860360860824585,0.8162278532981873,0.22422392666339874,0.4703695774078369,0.8144825100898743,0.19917771220207214,0.5803922414779663,0.8309301137924194,0.24188044667243958,0.47460007667541504,0.8301900625228882,0.2172239124774933,0.5980512499809265,0.8638403415679932,0.09660691022872925,0.4596203863620758,0.8627119660377502,0.06294247508049011
40,bend,a12_s09_e02,0.543695330619812,0.4536236524581909,-0.7813644409179688,0.5494305491447449,0.4393601417541504,-0.7691236734390259,0.552837073802948,0.4379691183567047,-0.7691032290458679,0.5561509132385254,0.43609538674354553,-0.7692369222640991,0.5392904281616211,0.4391190707683563,-0.7717374563217163,0.5352591276168823,0.4377675950527191,-0.7718603610992432,0.5311042666435242,0.4359549582004547,-0.7718851566314697,0.5605977773666382,0.4266870617866516,-0.6243542432785034,0.5228959918022156,0.4271416962146759,-0.6365942358970642,0.5476276874542236,0.4614173173904419,-0.7203322649002075,0.5362610816955566,0.4623466432094574,-0.7241286039352417,0.5830461978912354,0.46797168254852295,-0.4517597556114197,0.49014797806739807,0.47326043248176575,-0.47187915444374084,0.594913125038147,0.5704590678215027,-0.4161999821662903,0.47801870107650757,0.5832412838935852,-0.460879385471344,0.5887274742126465,0.6773837208747864,-0.49194687604904175,0.46722477674484253,0.6846113204956055,-0.5454497337341309,0.5921770334243774,0.7066605091094971,-0.5314015746116638,0.4630911946296692,0.712162435054779,-0.5882708430290222,0.5845358371734619,0.7057726979255676,-0.5621620416641235,0.4717448353767395,0.7123664021492004,-0.6205639839172363,0.5809146165847778,0.6964110136032104,-0.5058096051216125,0.47563284635543823,0.7046021223068237,-0.5603324174880981,0.5590104460716248,0.5621057748794556,0.0030108424834907055,0.5057045221328735,0.5638150572776794,-0.0029262355528771877,0.572713315486908,0.6981608271598816,-0.0634179562330246,0.48302167654037476,0.7008942365646362,-0.07125814259052277,0.5859998464584351,0.8153693675994873,0.1828298270702362,0.4708419442176819,0.8126935958862305,0.1719462275505066,0.5800091028213501,0.8302732110023499,0.19986745715141296,0.4750714898109436,0.8283002376556396,0.1893685758113861,0.59808349609375,0.8636382222175598,0.052971579134464264,0.4596402645111084,0.8625022172927856,0.03505368530750275
41,bend,a12_s09_e02,0.5438026189804077,0.46090957522392273,-0.7712449431419373,0.549541711807251,0.44711363315582275,-0.7543010115623474,0.5530248284339905,0.4457207918167114,-0.7543201446533203,0.5563851594924927,0.4438949227333069,-0.7544612288475037,0.5394132733345032,0.44673049449920654,-0.7565611004829407,0.5354442000389099,0.4451961815357208,-0.7566858530044556,0.5312469005584717,0.4432915151119232,-0.7567397952079773,0.5606896877288818,0.43368688225746155,-0.6069116592407227,0.5228573679924011,0.4342970848083496,-0.617097020149231,0.5476822257041931,0.4684499204158783,-0.7053899168968201,0.5362806916236877,0.4692207872867584,-0.7086818814277649,0.5830346345901489,0.47300225496292114,-0.43852919340133667,0.4901280999183655,0.4780788719654083,-0.4559785723686218,0.5943444967269897,0.5769941806793213,-0.4026096761226654,0.4796176850795746,0.5891984701156616,-0.4466417729854584,0.5874757170677185,0.6817891001701355,-0.48007073998451233,0.4693911075592041,0.6908455491065979,-0.5297378897666931,0.5912312865257263,0.710938572883606,-0.5185827016830444,0.4646371304988861,0.7172716856002808,-0.5710425972938538,0.5834370851516724,0.710469663143158,-0.5485722422599792,0.47318053245544434,0.7176917791366577,-0.6020575165748596,0.5795772075653076,0.7016419172286987,-0.4936358332633972,0.47715264558792114,0.7103674411773682,-0.5439354777336121,0.5590525269508362,0.5626004338264465,0.0030225361697375774,0.5059283971786499,0.5641663670539856,-0.002942148130387068,0.5727013349533081,0.697388768196106,-0.10850323736667633,0.483059823513031,0.7000566124916077,-0.0925341472029686,0.5859848260879517,0.8153534531593323,0.10509829223155975,0.47093334794044495,0.8115034699440002,0.11414499580860138,0.5797860622406006,0.8304398655891418,0.11873344331979752,0.47512373328208923,0.8276280164718628,0.12724201381206512,0.5985528826713562,0.8636293411254883,-0.027149593457579613,0.45965784788131714,0.862060010433197,-0.022834133356809616
42,bend,a12_s09_e02,0.5443229079246521,0.46482938528060913,-0.7598589062690735,0.5500355958938599,0.4512970745563507,-0.747208297252655,0.5535842180252075,0.44987785816192627,-0.7471950054168701,0.5570031404495239,0.4481229782104492,-0.7473267316818237,0.5398808717727661,0.4508259892463684,-0.7495810985565186,0.5359662771224976,0.4493139088153839,-0.7496994137763977,0.5316866636276245,0.4474553167819977,-0.7497188448905945,0.561050534248352,0.43827688694000244,-0.608786940574646,0.522853672504425,0.4389490783214569,-0.620211124420166,0.5480984449386597,0.47219520807266235,-0.6992988586425781,0.5365985631942749,0.4727121591567993,-0.7027571797370911,0.5829700231552124,0.4762464165687561,-0.4435396194458008,0.490115225315094,0.48100507259368896,-0.4621436595916748,0.5938445925712585,0.5805598497390747,-0.4192921221256256,0.48193731904029846,0.592863917350769,-0.46038126945495605,0.5873287916183472,0.6851882338523865,-0.5004814863204956,0.4721856713294983,0.695609450340271,-0.5413328409194946,0.5912750959396362,0.7154960632324219,-0.5400660037994385,0.4665604531764984,0.7227652668952942,-0.5829124450683594,0.5834017992019653,0.7148573398590088,-0.5692678689956665,0.47482556104660034,0.7236670851707458,-0.6135437488555908,0.579407274723053,0.7068357467651367,-0.5140228271484375,0.4788270890712738,0.7154250741004944,-0.5554423928260803,0.5588841438293457,0.5627520084381104,0.0029238916467875242,0.5059913396835327,0.5641658306121826,-0.0028552631847560406,0.5725067853927612,0.6973463296890259,-0.11902809143066406,0.4840671420097351,0.6979392170906067,-0.09364621341228485,0.5860882997512817,0.8164436221122742,0.07754345238208771,0.4709153175354004,0.8106580376625061,0.10084698349237442,0.5799959301948547,0.8325300812721252,0.08918412774801254,0.4748625159263611,0.8270122408866882,0.11246154457330704,0.598825216293335,0.8638127446174622,-0.06122420355677605,0.45982474088668823,0.8612788915634155,-0.03948292136192322
43,bend,a12_s09_e02,0.5446894764900208,0.47112810611724854,-0.7552400827407837,0.5504676103591919,0.4575546085834503,-0.7435690760612488,0.554031252861023,0.45609205961227417,-0.7435482144355774,0.5574778914451599,0.45422330498695374,-0.7436767816543579,0.5401914715766907,0.4571874439716339,-0.7459610104560852,0.5362012982368469,0.45568257570266724,-0.7460747957229614,0.5319036245346069,0.45381346344947815,-0.7460870146751404,0.561313807964325,0.44303885102272034,-0.608895480632782,0.5227847099304199,0.4440098702907562,-0.6205703616142273,0.5484133958816528,0.4777790307998657,-0.6959831118583679,0.5367411971092224,0.47768983244895935,-0.6994714140892029,0.5829144716262817,0.4797496199607849,-0.4470120370388031,0.4901084899902344,0.4839458167552948,-0.46276435256004333,0.5931238532066345,0.5844213366508484,-0.4266280233860016,0.48405829071998596,0.5941516757011414,-0.4623379111289978,0.5868651270866394,0.6871956586837769,-0.5065335631370544,0.475893497467041,0.697708785533905,-0.5396245718002319,0.5911389589309692,0.7170579433441162,-0.5466171503067017,0.47024694085121155,0.7265347838401794,-0.5806689262390137,0.5830415487289429,0.7165825963020325,-0.5755149126052856,0.47834691405296326,0.7271474599838257,-0.6113227605819702,0.5790039896965027,0.7092219591140747,-0.5200148224830627,0.4823223948478699,0.7178792953491211,-0.5537832379341125,0.5586358308792114,0.5629459023475647,0.002418720629066229,0.5060912370681763,0.5641549229621887,-0.0023647116031497717,0.572012186050415,0.6951694488525391,-0.131119966506958,0.4850311875343323,0.6947432160377502,-0.08771764487028122,0.5860825777053833,0.8164753317832947,0.06323526054620743,0.470921128988266,0.8095076084136963,0.10355410724878311,0.5799959301948547,0.8328686952590942,0.07478455454111099,0.4748230576515198,0.8259757161140442,0.11469181627035141,0.5987494587898254,0.8638132810592651,-0.07608192414045334,0.4598320424556732,0.8600460886955261,-0.03571861609816551
44,bend,a12_s09_e02,0.5449771881103516,0.47676002979278564,-0.7536665201187134,0.5507007837295532,0.4633827805519104,-0.7427726984024048,0.5542813539505005,0.46200335025787354,-0.742745041847229,0.5577607750892639,0.4602447748184204,-0.7428688406944275,0.5402832627296448,0.46322256326675415,-0.745249330997467,0.5362459421157837,0.4618817865848541,-0.7453619241714478,0.5319255590438843,0.4602292478084564,-0.7453733682632446,0.5616921186447144,0.44839876890182495,-0.6091219186782837,0.5227251052856445,0.4505479633808136,-0.6211557984352112,0.5487278699874878,0.48342880606651306,-0.695732593536377,0.536901593208313,0.4831336736679077,-0.6993947625160217,0.583145022392273,0.4844660758972168,-0.44672638177871704,0.4900929033756256,0.486566424369812,-0.46586447954177856,0.5926874876022339,0.5894231200218201,-0.42783284187316895,0.48566359281539917,0.5967054963111877,-0.47027555108070374,0.5867632627487183,0.6907224059104919,-0.508999764919281,0.4777882695198059,0.7005042433738708,-0.5507039427757263,0.5907799005508423,0.7191702127456665,-0.5494680404663086,0.47250914573669434,0.7312136292457581,-0.593543291091919,0.5823590755462646,0.7183389663696289,-0.5773364305496216,0.4804612696170807,0.7319704294204712,-0.6225107312202454,0.578613817691803,0.711315929889679,-0.5221520662307739,0.48418885469436646,0.7216842770576477,-0.5643473863601685,0.5585722327232361,0.5631412267684937,0.0026561778504401445,0.5061196088790894,0.5641176700592041,-0.0026045828126370907,0.5717980265617371,0.6936231851577759,-0.14354464411735535,0.4854189455509186,0.692979633808136,-0.11431567370891571,0.5859202146530151,0.8155005574226379,0.06706365197896957,0.4709305763244629,0.808420717716217,0.08555842936038971,0.5796796679496765,0.8325759768486023,0.08031634986400604,0.4747752249240875,0.8257007002830505,0.09767360985279083,0.5987226963043213,0.8632100224494934,-0.06881240755319595,0.45993176102638245,0.8599087595939636,-0.05473101884126663
45,bend,a12_s09_e02,0.5452607274055481,0.4816717207431793,-0.7625869512557983,0.5510385036468506,0.4679326117038727,-0.7519639730453491,0.5546696782112122,0.46654003858566284,-0.7519322633743286,0.5581946969032288,0.4648505449295044,-0.7520530223846436,0.5404649376869202,0.4675895869731903,-0.7548934817314148,0.5363764762878418,0.46619829535484314,-0.7550040483474731,0.5320498943328857,0.4645563066005707,-0.7550264596939087,0.5620708465576172,0.45223334431648254,-0.6167317628860474,0.5227178335189819,0.45522838830947876,-0.630839467048645,0.5490462183952332,0.488210529088974,-0.7048504948616028,0.5371918082237244,0.4874606430530548,-0.7091926336288452,0.5832527875900269,0.48811909556388855,-0.4513958990573883,0.4900915026664734,0.4898388683795929,-0.4747476577758789,0.5920730829238892,0.5912305116653442,-0.4302811026573181,0.4865875840187073,0.5993972420692444,-0.4807474613189697,0.5866209864616394,0.6920567750930786,-0.5117146372795105,0.4801594614982605,0.7025884985923767,-0.5612788796424866,0.5906484723091125,0.7202379107475281,-0.5528432130813599,0.4750472605228424,0.7334358096122742,-0.6055444478988647,0.581713080406189,0.7194879651069641,-0.5814942121505737,0.4830973744392395,0.733369767665863,-0.6338554620742798,0.5778659582138062,0.7121222615242004,-0.5252195596694946,0.4869152009487152,0.7226134538650513,-0.5747575163841248,0.5582548975944519,0.5632086992263794,0.003551409114152193,0.5061103701591492,0.5641408562660217,-0.003502077655866742,0.5718078017234802,0.6929638385772705,-0.1239379271864891,0.4854629635810852,0.6933211088180542,-0.09776709973812103,0.5851864218711853,0.8136335611343384,0.09488234668970108,0.4709289073944092,0.8074254989624023,0.09660107642412186,0.577595591545105,0.8308939337730408,0.1017998456954956,0.4747619032859802,0.8246670365333557,0.09994102269411087,0.598130464553833,0.8626856207847595,-0.06290091574192047,0.45993322134017944,0.8600366711616516,-0.04501824080944061
46,bend,a12_s09_e02,0.545311450958252,0.48728999495506287,-0.7570949792861938,0.5511138439178467,0.4746301472187042,-0.7493939995765686,0.5547723770141602,0.4732053577899933,-0.7493399977684021,0.5582974553108215,0.4713578522205353,-0.7494509816169739,0.5404547452926636,0.47405120730400085,-0.7520172595977783,0.5363683104515076,0.4725307822227478,-0.7521088123321533,0.5320454239845276,0.470676064491272,-0.7521234750747681,0.5621371865272522,0.4579768478870392,-0.612218976020813,0.5226600766181946,0.46061769127845764,-0.6244189739227295,0.5491089224815369,0.49374574422836304,-0.7045292854309082,0.5372220277786255,0.492745578289032,-0.7082366943359375,0.5834057331085205,0.4922659993171692,-0.4486927092075348,0.4900847375392914,0.4929363429546356,-0.46846118569374084,0.5916208624839783,0.5951070785522461,-0.43159717321395874,0.48781639337539673,0.6029421091079712,-0.4725472331047058,0.5858268141746521,0.695356547832489,-0.5170375108718872,0.481722354888916,0.7050467729568481,-0.5512315034866333,0.5897178649902344,0.7231251001358032,-0.5593045949935913,0.4762282371520996,0.7367797493934631,-0.5944229364395142,0.5800675749778748,0.7228881120681763,-0.5865256190299988,0.4848496913909912,0.7362764477729797,-0.6229438185691833,0.5763027667999268,0.7144359350204468,-0.5301743745803833,0.4885304868221283,0.7257626056671143,-0.5647023320198059,0.5576950907707214,0.564063310623169,0.0031044778879731894,0.5061028003692627,0.5644101500511169,-0.0030539839062839746,0.5718052387237549,0.6930891275405884,-0.15223528444766998,0.484912633895874,0.6936151385307312,-0.08080829679965973,0.5847347974777222,0.8122926354408264,0.07120759040117264,0.4712781012058258,0.8059965372085571,0.12108083069324493,0.5774959325790405,0.8298400044441223,0.08576060831546783,0.4757544994354248,0.8218150734901428,0.13012899458408356,0.5975651741027832,0.861704409122467,-0.062485694885253906,0.4599936008453369,0.8597898483276367,-0.006800359580665827
47,bend,a12_s09_e02,0.5450444221496582,0.49319326877593994,-0.7521145939826965,0.5508912801742554,0.48140180110931396,-0.74715656042099,0.5546218752861023,0.4800160527229309,-0.7470816373825073,0.5582031011581421,0.4781152904033661,-0.7471864819526672,0.5401216149330139,0.48042917251586914,-0.7489584684371948,0.5359492301940918,0.47871097922325134,-0.7490459084510803,0.5316455960273743,0.4765916168689728,-0.7490441799163818,0.5621343851089478,0.4641056954860687,-0.6131922602653503,0.5222128033638,0.46571770310401917,-0.6229062080383301,0.5488991141319275,0.4994244873523712,-0.7037005424499512,0.5369852781295776,0.4981684982776642,-0.7056399583816528,0.5834082961082458,0.49575212597846985,-0.45367130637168884,0.49006229639053345,0.4950917661190033,-0.46837925910949707,0.5902794003486633,0.5982270836830139,-0.4441370368003845,0.48862791061401367,0.6067641377449036,-0.47668933868408203,0.584783673286438,0.6994482278823853,-0.5304177403450012,0.48366308212280273,0.7083376049995422,-0.5544441938400269,0.587942361831665,0.7285749316215515,-0.573776125907898,0.4785376191139221,0.7399186491966248,-0.5975337624549866,0.5783690214157104,0.7287330031394958,-0.5996885299682617,0.4874342978000641,0.7388861179351807,-0.6248053312301636,0.5747286677360535,0.7180171608924866,-0.5431429743766785,0.49079903960227966,0.7291402816772461,-0.5674260854721069,0.5576953887939453,0.5646575093269348,0.0021893843077123165,0.506148099899292,0.564622163772583,-0.002131443005055189,0.5717848539352417,0.6930192112922668,-0.1817002147436142,0.48490872979164124,0.6923387050628662,-0.07896660268306732,0.5843859314918518,0.8116034269332886,0.02564677968621254,0.47147029638290405,0.8027048110961914,0.12301210314035416,0.5775068998336792,0.8294748663902283,0.039109762758016586,0.475911945104599,0.8183410167694092,0.13430893421173096,0.596731424331665,0.8607470393180847,-0.1108105331659317,0.4599769711494446,0.8584409356117249,-0.0066664391197264194
48,bend,a12_s09_e02,0.5450888276100159,0.4990769028663635,-0.7395025491714478,0.5509781837463379,0.4878087639808655,-0.7334954142570496,0.5546795129776001,0.48644936084747314,-0.7334448099136353,0.5582570433616638,0.48460453748703003,-0.7335625886917114,0.5401508808135986,0.48666486144065857,-0.7356209754943848,0.5359674692153931,0.4846498668193817,-0.7357117533683777,0.5316545963287354,0.4822980463504791,-0.7357130646705627,0.562322735786438,0.46947112679481506,-0.6124095320701599,0.5221074819564819,0.4702482223510742,-0.6225258708000183,0.5489460229873657,0.5045497417449951,-0.6888605356216431,0.537127673625946,0.5037049651145935,-0.6916195750236511,0.5835314393043518,0.500225305557251,-0.4512820243835449,0.4901033341884613,0.4980161488056183,-0.4657317101955414,0.5892122983932495,0.6032488346099854,-0.4422813057899475,0.48964062333106995,0.6115895509719849,-0.47215867042541504,0.5840644240379333,0.7026702761650085,-0.524019181728363,0.4859620928764343,0.7118437886238098,-0.5482814908027649,0.5868766903877258,0.7321586012840271,-0.5657495260238647,0.4804409444332123,0.7425975799560547,-0.590746283531189,0.5770305395126343,0.7329131960868835,-0.5914518237113953,0.48964953422546387,0.741549551486969,-0.6185868978500366,0.573421835899353,0.7212010025978088,-0.5365092754364014,0.49303141236305237,0.7326818108558655,-0.5614295601844788,0.5576897263526917,0.564591646194458,0.0018518760334700346,0.5062522888183594,0.56414794921875,-0.0017902941908687353,0.5713926553726196,0.692330002784729,-0.17615053057670593,0.4855014383792877,0.6848856806755066,-0.12559840083122253,0.584227442741394,0.8111526966094971,0.017233924940228462,0.4715196490287781,0.8016957640647888,0.053851909935474396,0.5775492787361145,0.8292819857597351,0.028946492820978165,0.4759780764579773,0.8189427256584167,0.06430214643478394,0.5966583490371704,0.8594867587089539,-0.11911185085773468,0.4597281813621521,0.8573398590087891,-0.08017420768737793
49,bend,a12_s09_e02,0.5449145436286926,0.504142701625824,-0.7494710683822632,0.5508740544319153,0.49295827746391296,-0.7438651323318481,0.5546181797981262,0.4915677011013031,-0.7438296675682068,0.5582078099250793,0.4899440407752991,-0.7439612150192261,0.5399825572967529,0.4917899966239929,-0.7459841370582581,0.5357536673545837,0.48963266611099243,-0.7460834980010986,0.5314458608627319,0.4872068464756012,-0.7461012005805969,0.562435507774353,0.4759886562824249,-0.6224591135978699,0.5219535231590271,0.4746616780757904,-0.6322206854820251,0.5487877726554871,0.5094307661056519,-0.6972183585166931,0.5370839834213257,0.5088173747062683,-0.7001469135284424,0.5838099122047424,0.5042244791984558,-0.4610528349876404,0.4902244508266449,0.5013410449028015,-0.47581371665000916,0.5888048410415649,0.6064969301223755,-0.4545977711677551,0.4904208183288574,0.6153014302253723,-0.48448196053504944,0.5832245945930481,0.7049275636672974,-0.533582329750061,0.48774537444114685,0.7143047451972961,-0.5584945678710938,0.5860841274261475,0.7357893586158752,-0.5754235982894897,0.4829564094543457,0.745000422000885,-0.6022505164146423,0.5759586095809937,0.7356888651847839,-0.6007257699966431,0.4920525550842285,0.7439037561416626,-0.6289029121398926,0.5723642110824585,0.7235022187232971,-0.5461036562919617,0.4949728548526764,0.7354135513305664,-0.5715160965919495,0.5577269196510315,0.5645498037338257,0.001921005779877305,0.5064783096313477,0.5633041262626648,-0.0018495253752917051,0.5711286067962646,0.691964328289032,-0.15938329696655273,0.4875878691673279,0.6818653345108032,-0.1348728984594345,0.5839992761611938,0.8104603886604309,0.04024022817611694,0.47151821851730347,0.8018192052841187,0.05472434684634209,0.5774456262588501,0.828669548034668,0.05244157463312149,0.47594720125198364,0.8192787170410156,0.06627365201711655,0.5966042280197144,0.8581534028053284,-0.09660474210977554,0.4597086012363434,0.8558562994003296,-0.08250252902507782
50,bend,a12_s09_e02,0.5449123978614807,0.5103733539581299,-0.7987456321716309,0.5508666634559631,0.4981127381324768,-0.7908334732055664,0.5546137690544128,0.4966861307621002,-0.7907938957214355,0.5581957697868347,0.49480193853378296,-0.7909133434295654,0.5400362014770508,0.4973298907279968,-0.7935491800308228,0.5358265042304993,0.4954126179218292,-0.7936612367630005,0.5315128564834595,0.49310019612312317,-0.7936748266220093,0.5625484585762024,0.4814257025718689,-0.6597132086753845,0.5218890309333801,0.4809364378452301,-0.6720453500747681,0.5487833619117737,0.5148695707321167,-0.7416566014289856,0.5371338129043579,0.5145138502120972,-0.7454448938369751,0.5838626623153687,0.5071731805801392,-0.49121880531311035,0.4903048574924469,0.5070008039474487,-0.5086551904678345,0.5872646570205688,0.6100755333900452,-0.4894973337650299,0.49114495515823364,0.6209973096847534,-0.5296844840049744,0.5815215110778809,0.7085712552070618,-0.5729271173477173,0.4887546896934509,0.7193803787231445,-0.6083000898361206,0.5849025249481201,0.7412487268447876,-0.6176413297653198,0.4847026765346527,0.7486652731895447,-0.65498286485672,0.5745029449462891,0.7401161789894104,-0.6425364017486572,0.49327024817466736,0.7481916546821594,-0.682023823261261,0.5708352327346802,0.7285240888595581,-0.5857639908790588,0.4957359731197357,0.7416000962257385,-0.6220368146896362,0.5577893257141113,0.5642350912094116,0.0018875006353482604,0.5065287351608276,0.5631324052810669,-0.0018113956321030855,0.5710583925247192,0.6924049258232117,-0.17184355854988098,0.48815637826919556,0.6836464405059814,-0.11943861097097397,0.583945631980896,0.8104948401451111,0.041196178644895554,0.47146034240722656,0.8021256923675537,0.07821930944919586,0.577362596988678,0.8286738991737366,0.05448947101831436,0.47590532898902893,0.8193379640579224,0.09011177718639374,0.5966184735298157,0.8582744002342224,-0.10010651499032974,0.45965641736984253,0.855437695980072,-0.06268695741891861
51,bend,a12_s09_e02,0.5449003577232361,0.5163853168487549,-0.7966848611831665,0.5508318543434143,0.5040990114212036,-0.7887560129165649,0.554597020149231,0.5023938417434692,-0.788720965385437,0.5581811666488647,0.5003882050514221,-0.7888435125350952,0.540009617805481,0.5033621191978455,-0.7912386655807495,0.5357968807220459,0.5013383030891418,-0.7913503646850586,0.5314900875091553,0.499050498008728,-0.7913649082183838,0.5627740621566772,0.4868561923503876,-0.6583495736122131,0.5216295123100281,0.48685452342033386,-0.6696702241897583,0.5487808585166931,0.5205686092376709,-0.7397828102111816,0.5370979309082031,0.5198297500610352,-0.7432790398597717,0.5841746926307678,0.5117506384849548,-0.48843127489089966,0.4904699921607971,0.5108267664909363,-0.5063289999961853,0.5866388082504272,0.6136419177055359,-0.48527151346206665,0.49154171347618103,0.6242894530296326,-0.5237318277359009,0.580438494682312,0.7127252817153931,-0.568264901638031,0.48960772156715393,0.7222844362258911,-0.6020228266716003,0.5841821432113647,0.7468278408050537,-0.6122928857803345,0.48639219999313354,0.7512771487236023,-0.6484216451644897,0.5736714601516724,0.7444290518760681,-0.6371337175369263,0.49474483728408813,0.7508468627929688,-0.6753978729248047,0.5698156952857971,0.7342860102653503,-0.5809804201126099,0.4970671236515045,0.7451617121696472,-0.6157780289649963,0.5578644871711731,0.5636541843414307,0.002003649715334177,0.5065538883209229,0.5615821480751038,-0.0019137818599119782,0.5709148049354553,0.6924307346343994,-0.17951646447181702,0.4881986677646637,0.6826016902923584,-0.13193635642528534,0.5833582282066345,0.8082607984542847,0.03140786290168762,0.4714762568473816,0.8016873002052307,0.06491493433713913,0.5765623450279236,0.8273728489875793,0.04450642317533493,0.47592926025390625,0.8193351626396179,0.07655756175518036,0.5965785384178162,0.8580239415168762,-0.1106247678399086,0.45967841148376465,0.8544787764549255,-0.07780824601650238
52,bend,a12_s09_e02,0.5444667935371399,0.5233771204948425,-0.7788419127464294,0.5505807995796204,0.5112306475639343,-0.777944803237915,0.5544072389602661,0.5096009373664856,-0.7779502868652344,0.5580886602401733,0.5074381232261658,-0.7780972719192505,0.5397363305091858,0.510453999042511,-0.7772151231765747,0.5355358719825745,0.5086861252784729,-0.7772711515426636,0.5312508344650269,0.506572961807251,-0.7772752046585083,0.5629127025604248,0.49322840571403503,-0.6425573229789734,0.521026074886322,0.4946158826351166,-0.6561786532402039,0.548247218132019,0.5277720093727112,-0.7320871949195862,0.5364513397216797,0.5265684127807617,-0.7308260202407837,0.5842260122299194,0.5175170302391052,-0.47797125577926636,0.4905567765235901,0.5145462155342102,-0.5009841918945312,0.5855056047439575,0.6182441115379333,-0.47793859243392944,0.4919198453426361,0.6286300420761108,-0.5033873319625854,0.5792309045791626,0.719548761844635,-0.5565959215164185,0.4898708462715149,0.728118896484375,-0.5996716618537903,0.5836949944496155,0.7534911036491394,-0.5991248488426208,0.4872168004512787,0.7557095289230347,-0.640048623085022,0.5728585124015808,0.7511739134788513,-0.6227028965950012,0.49512678384780884,0.7546769380569458,-0.6599479913711548,0.5687929391860962,0.7444929480552673,-0.5683665871620178,0.49736613035202026,0.7488579154014587,-0.6132164001464844,0.5583221316337585,0.5613052845001221,0.0016926996177062392,0.506565511226654,0.5583124160766602,-0.0015893743839114904,0.5707165598869324,0.6924816370010376,-0.2182280719280243,0.4885902404785156,0.6788078546524048,-0.1802314817905426,0.5833685994148254,0.8083309531211853,-0.03596959263086319,0.4714218080043793,0.801578164100647,-0.005126511678099632,0.5764487385749817,0.8273670673370361,-0.02554265782237053,0.4758738577365875,0.8197547197341919,0.004904544446617365,0.5965648889541626,0.8579108715057373,-0.18085506558418274,0.4593992233276367,0.8538118600845337,-0.1449514478445053
53,bend,a12_s09_e02,0.5432193875312805,0.5326339602470398,-0.7267872095108032,0.5494212508201599,0.5216735601425171,-0.7226728796958923,0.5534511208534241,0.5201413035392761,-0.7226434946060181,0.5573459267616272,0.5179568529129028,-0.7227804064750671,0.538637638092041,0.5201340317726135,-0.7233472466468811,0.5346254706382751,0.5179935693740845,-0.7234192490577698,0.5306621789932251,0.5156041979789734,-0.7234119772911072,0.5629048943519592,0.5021436214447021,-0.6104644536972046,0.5208080410957336,0.5025582313537598,-0.6152282357215881,0.5471481084823608,0.5364457964897156,-0.6775974631309509,0.5354620218276978,0.5344275236129761,-0.6785914897918701,0.5842567682266235,0.5255491733551025,-0.4534738063812256,0.49059048295021057,0.519492506980896,-0.4607720375061035,0.5846856832504272,0.6232166290283203,-0.4513704180717468,0.4920148253440857,0.629932701587677,-0.4681200385093689,0.5789226293563843,0.7240616083145142,-0.5193646550178528,0.4905427098274231,0.7288597822189331,-0.5338643193244934,0.583585798740387,0.7572824358940125,-0.5578924417495728,0.48712047934532166,0.7575395703315735,-0.5730019807815552,0.572324275970459,0.7552812099456787,-0.5790313482284546,0.49558186531066895,0.7571976184844971,-0.5971880555152893,0.5683479309082031,0.7487723231315613,-0.5297934412956238,0.49799084663391113,0.7505608797073364,-0.5463285446166992,0.5586032867431641,0.5592180490493774,0.0013109344290569425,0.5066443085670471,0.5549827218055725,-0.0012067637871950865,0.5707019567489624,0.6926652193069458,-0.23144975304603577,0.48871058225631714,0.6782277822494507,-0.18657410144805908,0.5835142731666565,0.8097251057624817,-0.061085812747478485,0.4707435667514801,0.801720917224884,-0.0245596282184124,0.576507031917572,0.8285383582115173,-0.05122177675366402,0.4744839072227478,0.8207433819770813,-0.015417742542922497,0.5964995622634888,0.8578612208366394,-0.20093710720539093,0.4598531126976013,0.8535252809524536,-0.15862040221691132
54,bend,a12_s09_e02,0.5431385636329651,0.5402815341949463,-0.6803027391433716,0.5494018793106079,0.5299345850944519,-0.6768572926521301,0.5534118413925171,0.5285400152206421,-0.6768337488174438,0.5573004484176636,0.526633620262146,-0.6769710779190063,0.5385245680809021,0.528590977191925,-0.6777602434158325,0.5344915390014648,0.526515543460846,-0.6778219938278198,0.5305656790733337,0.5242458581924438,-0.677807629108429,0.5629029870033264,0.5115634799003601,-0.5728422403335571,0.5207204818725586,0.5110856890678406,-0.576839029788971,0.5471469759941101,0.5433879494667053,-0.6328573822975159,0.5354210138320923,0.5415385365486145,-0.6342183351516724,0.584309995174408,0.5305126309394836,-0.41939622163772583,0.49052461981773376,0.5239564776420593,-0.42797142267227173,0.5846148133277893,0.6295443177223206,-0.4087684750556946,0.4917182922363281,0.6329914331436157,-0.4300965666770935,0.5782974362373352,0.7295196056365967,-0.47850003838539124,0.4903944432735443,0.7328363060951233,-0.4901435375213623,0.5830415487289429,0.7615774273872375,-0.515704870223999,0.4872826039791107,0.7606313228607178,-0.5279042720794678,0.5717587471008301,0.7599988579750061,-0.5362623929977417,0.4958435595035553,0.7605326175689697,-0.5519688725471497,0.5680520534515381,0.7525801062583923,-0.4886905550956726,0.4980815052986145,0.7526677250862122,-0.5019489526748657,0.5585927367210388,0.5563466548919678,0.0012408456532284617,0.5063344240188599,0.5527086853981018,-0.001136535545811057,0.5707164406776428,0.6922071576118469,-0.23954792320728302,0.488766610622406,0.6759897470474243,-0.1980801224708557,0.5836466550827026,0.8104851841926575,-0.07611867785453796,0.4698146879673004,0.8018652200698853,-0.04573122784495354,0.5770037174224854,0.8296202421188354,-0.06647419184446335,0.4735652804374695,0.8215340375900269,-0.0370304249227047,0.5959147214889526,0.8569740056991577,-0.21033039689064026,0.4598626494407654,0.8531053066253662,-0.17611777782440186
55,bend,a12_s09_e02,0.5437376499176025,0.5463315844535828,-0.6088545322418213,0.5498347878456116,0.5356969237327576,-0.6074126362800598,0.553703248500824,0.5341430902481079,-0.6073921322822571,0.5574711561203003,0.5322927832603455,-0.6075119972229004,0.5391446352005005,0.5351667404174805,-0.6086499094963074,0.5350338816642761,0.5332008004188538,-0.608705997467041,0.5310799479484558,0.530978798866272,-0.6086981296539307,0.5630532503128052,0.5180814266204834,-0.5171942710876465,0.5207962393760681,0.5172368288040161,-0.5227934718132019,0.5478225946426392,0.5488470196723938,-0.5666771531105042,0.5364469289779663,0.5480594635009766,-0.5685577392578125,0.5842922925949097,0.5323814153671265,-0.37929245829582214,0.4905169904232025,0.5267563462257385,-0.38928136229515076,0.5844144821166992,0.6332250237464905,-0.3678279519081116,0.49150362610816956,0.6369518041610718,-0.39125069975852966,0.5776876211166382,0.7333371639251709,-0.424578994512558,0.4910034239292145,0.7382821440696716,-0.43649277091026306,0.5825534462928772,0.763972818851471,-0.45703497529029846,0.4880688786506653,0.7660305500030518,-0.4698689877986908,0.5711313486099243,0.7629069685935974,-0.47539710998535156,0.496934175491333,0.7656357288360596,-0.4909871220588684,0.5675333738327026,0.7547787427902222,-0.4334941804409027,0.4989762306213379,0.7562307119369507,-0.44668254256248474,0.5585125684738159,0.5562810897827148,0.0010153057519346476,0.506071150302887,0.553327202796936,-0.0009419980342499912,0.5707311034202576,0.691592276096344,-0.21880562603473663,0.4887472689151764,0.6759744882583618,-0.18146565556526184,0.5838605165481567,0.811737596988678,-0.07704497873783112,0.46910348534584045,0.802554190158844,-0.049354858696460724,0.5775943994522095,0.8306240439414978,-0.06906399130821228,0.47258439660072327,0.8224223852157593,-0.04207909479737282,0.5960443615913391,0.8570230603218079,-0.20039315521717072,0.459879070520401,0.8527917861938477,-0.16929490864276886
56,bend,a12_s09_e02,0.5437659621238708,0.556218683719635,-0.5983951091766357,0.5498262643814087,0.544244647026062,-0.5969244241714478,0.5536724925041199,0.5424203276634216,-0.5969122052192688,0.5574498176574707,0.5402432084083557,-0.597040593624115,0.5391594767570496,0.544023871421814,-0.5981878042221069,0.5350507497787476,0.5421024560928345,-0.5982439517974854,0.5311002731323242,0.5399149656295776,-0.5982407331466675,0.563201904296875,0.5272778272628784,-0.5092739462852478,0.5208677053451538,0.5264080166816711,-0.5150173902511597,0.5479933023452759,0.5587998628616333,-0.5573525428771973,0.5366778373718262,0.5586645007133484,-0.5592151284217834,0.5845505595207214,0.5413907766342163,-0.3727252185344696,0.490496963262558,0.5343037247657776,-0.38098931312561035,0.5834993124008179,0.6395439505577087,-0.3578479588031769,0.49134787917137146,0.6449724435806274,-0.3799084722995758,0.5773401260375977,0.73890620470047,-0.4094231128692627,0.49143871665000916,0.7424834966659546,-0.4244650900363922,0.581382155418396,0.7673742175102234,-0.4409598708152771,0.48804205656051636,0.7713040113449097,-0.4572708010673523,0.570576548576355,0.7668201923370361,-0.4590378701686859,0.49708446860313416,0.7712701559066772,-0.4775296151638031,0.56725013256073,0.7583655118942261,-0.4182586669921875,0.49938398599624634,0.7610335946083069,-0.4344266355037689,0.5583103895187378,0.5544630289077759,0.0009002984734252095,0.5051063895225525,0.552577793598175,-0.0008464391576126218,0.5707406401634216,0.6913810968399048,-0.20664909482002258,0.4887888431549072,0.6764541268348694,-0.1755099594593048,0.5839117765426636,0.8121501207351685,-0.06311748921871185,0.46880918741226196,0.8027677536010742,-0.043953292071819305,0.5780448317527771,0.8306235671043396,-0.05513749271631241,0.4721037745475769,0.8223680853843689,-0.036424875259399414,0.5966452956199646,0.8570396900177002,-0.18289926648139954,0.4601110816001892,0.8510484099388123,-0.1607794463634491
57,bend,a12_s09_e02,0.5437709093093872,0.5622092485427856,-0.43605661392211914,0.5498140454292297,0.5508150458335876,-0.4404221177101135,0.5536400079727173,0.5489955544471741,-0.4404093325138092,0.5574007630348206,0.5468367338180542,-0.4405006766319275,0.539193868637085,0.5506150126457214,-0.44180479645729065,0.5351198315620422,0.5486507415771484,-0.4418521523475647,0.5312010049819946,0.546369194984436,-0.44187378883361816,0.5632191300392151,0.533995509147644,-0.3895103335380554,0.520959198474884,0.5325137972831726,-0.39613524079322815,0.5480936169624329,0.5641857385635376,-0.40912169218063354,0.5367066264152527,0.5640687942504883,-0.4112134873867035,0.5847159624099731,0.5472139120101929,-0.29185107350349426,0.49060487747192383,0.5394871830940247,-0.3002207577228546,0.5821385979652405,0.6443497538566589,-0.28153353929519653,0.49123573303222656,0.6505483388900757,-0.30170828104019165,0.5756397247314453,0.7451789379119873,-0.304271399974823,0.49302491545677185,0.743793249130249,-0.3177153468132019,0.5793065428733826,0.7725235819816589,-0.3246614336967468,0.4889877736568451,0.7743637561798096,-0.3391273319721222,0.568928062915802,0.7722233533859253,-0.3361092209815979,0.4978276789188385,0.7751929759979248,-0.3506944477558136,0.5659323334693909,0.763511061668396,-0.30961722135543823,0.5006611347198486,0.7648162841796875,-0.3231714367866516,0.5582330822944641,0.5514390468597412,-0.0001760308223310858,0.5048949718475342,0.5506861209869385,6.786729500163347e-05,0.5707416534423828,0.6914200186729431,-0.1162034422159195,0.4885990619659424,0.677009642124176,-0.10321696102619171,0.5841183066368103,0.8128052949905396,-0.0386851504445076,0.46864333748817444,0.8039857149124146,-0.020659949630498886,0.5786048173904419,0.8299028277397156,-0.03179120272397995,0.4718639850616455,0.822264552116394,-0.015825826674699783,0.5966670513153076,0.8570923209190369,-0.12852659821510315,0.4608025550842285,0.8510066866874695,-0.11468450725078583
58,bend,a12_s09_e02,0.5438214540481567,0.5663235187530518,-0.5573084950447083,0.5498153567314148,0.5555668473243713,-0.5576673746109009,0.5536370873451233,0.5539271235466003,-0.557650625705719,0.5573830604553223,0.5519315004348755,-0.5577529668807983,0.5392507910728455,0.5551681518554688,-0.5594369173049927,0.535211443901062,0.5533456802368164,-0.5594979524612427,0.5313246846199036,0.5514288544654846,-0.5595089197158813,0.5632458329200745,0.5377299189567566,-0.4780266284942627,0.5210838317871094,0.5378952622413635,-0.4854988157749176,0.5481863021850586,0.5684100985527039,-0.518811821937561,0.5367817878723145,0.5682311654090881,-0.5211624503135681,0.5847842693328857,0.5504754185676575,-0.34468257427215576,0.4914815425872803,0.5446690917015076,-0.35559892654418945,0.5810431241989136,0.6498185992240906,-0.32121989130973816,0.4914446473121643,0.6528949737548828,-0.3458518087863922,0.5752485990524292,0.7479730248451233,-0.3616282343864441,0.4930853247642517,0.7454580068588257,-0.37942251563072205,0.578933835029602,0.7750663161277771,-0.38943102955818176,0.4889543056488037,0.775535523891449,-0.4083501696586609,0.5685030221939087,0.7751327157020569,-0.4071134030818939,0.49848899245262146,0.7764722108840942,-0.42744898796081543,0.5656962394714355,0.7661749720573425,-0.37004128098487854,0.5012020468711853,0.7673245072364807,-0.3882581293582916,0.5589083433151245,0.5512486696243286,-0.0008472387562505901,0.5049411058425903,0.5510280132293701,0.0007595840725116432,0.5707552433013916,0.6893095374107361,-0.14663265645503998,0.48857077956199646,0.6771895885467529,-0.12271531671285629,0.5842493176460266,0.8130428194999695,-0.033491350710392,0.4683395028114319,0.8062998056411743,-0.013352170586585999,0.578784167766571,0.8293474316596985,-0.0267658568918705,0.4712457060813904,0.823806881904602,-0.007052100263535976,0.5963113903999329,0.8571337461471558,-0.12874048948287964,0.4610660672187805,0.8514032363891602,-0.11630266904830933
59,bend,a12_s09_e02,0.5425843000411987,0.5737187266349792,-0.45344120264053345,0.5489764213562012,0.5650498270988464,-0.4591149687767029,0.5527909994125366,0.5635759830474854,-0.4591020941734314,0.5565571188926697,0.5617085695266724,-0.4591890275478363,0.5382678508758545,0.5642458200454712,-0.46016398072242737,0.5342875719070435,0.5622290968894958,-0.460214763879776,0.5305503010749817,0.5600650310516357,-0.46023550629615784,0.563033938407898,0.5464538931846619,-0.4092450737953186,0.5210450887680054,0.5443807244300842,-0.41402143239974976,0.5472756624221802,0.5742596983909607,-0.42616596817970276,0.5356609225273132,0.5737169981002808,-0.42767220735549927,0.5848708748817444,0.5593708157539368,-0.30209895968437195,0.49164921045303345,0.5473225116729736,-0.31093326210975647,0.5791545510292053,0.6591495871543884,-0.2849176228046417,0.4913765490055084,0.6542066931724548,-0.3014030158519745,0.5747326612472534,0.7533539533615112,-0.30623912811279297,0.4927062392234802,0.7481678128242493,-0.31756356358528137,0.5778700709342957,0.7811810374259949,-0.32666435837745667,0.4885721802711487,0.7776575088500977,-0.3386606276035309,0.5677174925804138,0.7813941240310669,-0.3389342725276947,0.49803394079208374,0.7794941067695618,-0.3514406979084015,0.5650447607040405,0.7740948796272278,-0.31210899353027344,0.5007555484771729,0.770657479763031,-0.32323557138442993,0.559622585773468,0.5518606901168823,-0.0014214619295671582,0.504958987236023,0.5503359436988831,0.0012735354248434305,0.5707406997680664,0.686499297618866,-0.10142220556735992,0.4886125922203064,0.6775344014167786,-0.09816432744264603,0.5843888521194458,0.8121034502983093,-0.024511978030204773,0.4681432843208313,0.8062588572502136,-0.009656636044383049,0.5788929462432861,0.8278799057006836,-0.025335442274808884,0.47048917412757874,0.823293149471283,-0.0046320692636072636,0.5951782464981079,0.8564652800559998,-0.11003614962100983,0.4617711007595062,0.8509006500244141,-0.09954741597175598
60,bend,a12_s09_e02,0.5398125052452087,0.5816853642463684,-0.5376190543174744,0.5464637875556946,0.572943925857544,-0.5409268736839294,0.5503845810890198,0.5715285539627075,-0.5409144163131714,0.55422043800354,0.5699093341827393,-0.5410176515579224,0.5360915064811707,0.5721028447151184,-0.541979193687439,0.5323673486709595,0.5701194405555725,-0.5420514345169067,0.5289195775985718,0.568132221698761,-0.5420779585838318,0.5618056058883667,0.5548108816146851,-0.4712032675743103,0.5204420685768127,0.5521743297576904,-0.47622188925743103,0.544577956199646,0.5815528631210327,-0.5026038885116577,0.5332915186882019,0.5803459286689758,-0.5041486024856567,0.5846688151359558,0.5656429529190063,-0.34029120206832886,0.49177783727645874,0.5525241494178772,-0.3507300317287445,0.5774160623550415,0.6665348410606384,-0.3132960796356201,0.49158334732055664,0.656977117061615,-0.3322422206401825,0.5739826560020447,0.7587602734565735,-0.33801642060279846,0.49272972345352173,0.7546072602272034,-0.3566535413265228,0.5770607590675354,0.785686731338501,-0.36218899488449097,0.48840785026550293,0.7822674512863159,-0.38263195753097534,0.5672489404678345,0.7861506342887878,-0.37885382771492004,0.49784573912620544,0.783964216709137,-0.39894503355026245,0.564627468585968,0.7791465520858765,-0.3457123637199402,0.5006217956542969,0.7754066586494446,-0.364023894071579,0.559610903263092,0.5522550344467163,-0.0013856154400855303,0.5049020648002625,0.550508439540863,0.0012502989266067743,0.5707494616508484,0.685823380947113,-0.09828819334506989,0.48877134919166565,0.6783279180526733,-0.09178471565246582,0.5842819213867188,0.8114213943481445,0.004136888310313225,0.46758413314819336,0.8064983487129211,0.01075744815170765,0.5788906812667847,0.8267768621444702,0.00805479846894741,0.46942344307899475,0.8235214352607727,0.01580895110964775,0.5935899019241333,0.8536307215690613,-0.09389744699001312,0.4618203639984131,0.8506527543067932,-0.0838577151298523
61,bend,a12_s09_e02,0.539689302444458,0.5887395739555359,-0.549095630645752,0.5458776354789734,0.5802720785140991,-0.559961199760437,0.5497164130210876,0.5785751938819885,-0.5600236654281616,0.553565263748169,0.5765561461448669,-0.5601358413696289,0.5361568331718445,0.5798882842063904,-0.5632144212722778,0.5325256586074829,0.5781059861183167,-0.5633823871612549,0.5289469361305237,0.5762388110160828,-0.5635605454444885,0.5613503456115723,0.5613402128219604,-0.5025617480278015,0.5211521983146667,0.5616035461425781,-0.5114099383354187,0.5445659160614014,0.5875442028045654,-0.5061451196670532,0.5335027575492859,0.5864790678024292,-0.5065038204193115,0.5843328237533569,0.5683759450912476,-0.3548470437526703,0.4920442998409271,0.5569707155227661,-0.35573381185531616,0.5757459402084351,0.6688960790634155,-0.32405978441238403,0.49186843633651733,0.658821702003479,-0.34986037015914917,0.5730432868003845,0.7607448101043701,-0.3545171320438385,0.49316757917404175,0.760869562625885,-0.377223402261734,0.5758615136146545,0.7872039675712585,-0.38116976618766785,0.4883674085140228,0.7873758673667908,-0.40648651123046875,0.566085934638977,0.7871783375740051,-0.400951087474823,0.4978245198726654,0.7892144322395325,-0.42580071091651917,0.5637123584747314,0.7802221775054932,-0.36358875036239624,0.5007014274597168,0.7800397276878357,-0.385966032743454,0.5583339333534241,0.5516263246536255,-0.0007646045996807516,0.5049587488174438,0.5507192015647888,0.0006777800153940916,0.5707115530967712,0.6840107440948486,-0.09084202349185944,0.48886972665786743,0.6807857155799866,-0.09051279723644257,0.5842999219894409,0.8114269971847534,0.03633422404527664,0.4673265814781189,0.8071633577346802,0.03449882194399834,0.5789845585823059,0.8265951871871948,0.043123915791511536,0.46908754110336304,0.823947012424469,0.04178738221526146,0.5933319926261902,0.8534485101699829,-0.06869015097618103,0.4620586037635803,0.8498607277870178,-0.07163920998573303
62,bend,a12_s09_e02,0.539852499961853,0.5915882587432861,-0.4960843026638031,0.5456898808479309,0.584130048751831,-0.5033895969390869,0.5493515729904175,0.5825055837631226,-0.5033801794052124,0.553078830242157,0.5806044936180115,-0.5034787058830261,0.5362222790718079,0.5839717984199524,-0.5048404932022095,0.5326317548751831,0.5822954773902893,-0.5049233436584473,0.5290332436561584,0.5805126428604126,-0.5049635171890259,0.5608636736869812,0.5640039443969727,-0.45053571462631226,0.5211529731750488,0.5654056668281555,-0.4562731683254242,0.5447340607643127,0.5900657176971436,-0.46532854437828064,0.5336476564407349,0.5886528491973877,-0.46708065271377563,0.5841710567474365,0.5683096647262573,-0.32578223943710327,0.4921330511569977,0.5598628520965576,-0.33532965183258057,0.5754073858261108,0.6714171171188354,-0.28744128346443176,0.4918603301048279,0.6615760922431946,-0.3043251037597656,0.572809100151062,0.7624568343162537,-0.2993679642677307,0.4937776029109955,0.7649723291397095,-0.3078095018863678,0.5753154754638672,0.7886146306991577,-0.31981712579727173,0.4892297685146332,0.7913793325424194,-0.33002421259880066,0.5656003355979919,0.7890292406082153,-0.3366050720214844,0.4984106421470642,0.7940407991409302,-0.3444616198539734,0.5635967254638672,0.7812848687171936,-0.30688178539276123,0.5016101598739624,0.7840712070465088,-0.31409725546836853,0.5582824945449829,0.5518494844436646,-0.0007679801201447845,0.5044815540313721,0.550345242023468,0.000674900715239346,0.5707157850265503,0.683952271938324,-0.07256720960140228,0.48808783292770386,0.6811226010322571,-0.0725688636302948,0.5841290950775146,0.8113468289375305,0.019066374748945236,0.46731701493263245,0.8083368539810181,0.024466387927532196,0.5790001749992371,0.8262894153594971,0.023897146806120872,0.46923279762268066,0.8272100687026978,0.031015116721391678,0.5926693677902222,0.8532819747924805,-0.07672878354787827,0.4617993235588074,0.8491955399513245,-0.0732545256614685
63,bend,a12_s09_e02,0.5400274395942688,0.5941019058227539,-0.4864443242549896,0.5456007719039917,0.5881933569908142,-0.4950679838657379,0.549073338508606,0.586595356464386,-0.49505090713500977,0.5526018142700195,0.5847231149673462,-0.4951353669166565,0.5363110303878784,0.5881140232086182,-0.49567756056785583,0.5328047871589661,0.5865880250930786,-0.4957655370235443,0.5295737385749817,0.584952712059021,-0.4958249628543854,0.5602527260780334,0.5683190822601318,-0.44607752561569214,0.5221366286277771,0.5704228281974792,-0.44817638397216797,0.5448176264762878,0.5909996032714844,-0.4572753310203552,0.5338690280914307,0.5897815823554993,-0.45807257294654846,0.5837694406509399,0.570552408695221,-0.3242207169532776,0.4923996031284332,0.5642905831336975,-0.32776933908462524,0.5742896199226379,0.6732301115989685,-0.28498852252960205,0.4918403625488281,0.665200412273407,-0.2882738709449768,0.5720720887184143,0.765813946723938,-0.3021410405635834,0.4950121343135834,0.768823504447937,-0.285441130399704,0.5736741423606873,0.7925862073898315,-0.3231554925441742,0.49019932746887207,0.7956454753875732,-0.3068898320198059,0.5639709234237671,0.7936097979545593,-0.3397201895713806,0.49898380041122437,0.7983291149139404,-0.32043033838272095,0.562776505947113,0.7844236493110657,-0.3096175491809845,0.5025558471679688,0.7879838347434998,-0.29127198457717896,0.5581440925598145,0.5503014922142029,-0.0008738742326386273,0.5042915940284729,0.5470216274261475,0.0007664014119654894,0.5706665515899658,0.6810123324394226,-0.07151108980178833,0.48782777786254883,0.6813220977783203,-0.07171934843063354,0.5839478373527527,0.8101965188980103,0.012766917236149311,0.46710771322250366,0.810767412185669,0.020148226991295815,0.5790008306503296,0.8257790803909302,0.01693800650537014,0.4692026674747467,0.8301735520362854,0.028544152155518532,0.5918646454811096,0.8524108529090881,-0.0841626301407814,0.4615297317504883,0.8490246534347534,-0.07893064618110657
64,bend,a12_s09_e02,0.5403579473495483,0.5984050035476685,-0.5237399339675903,0.5457350611686707,0.592961847782135,-0.5043154954910278,0.5491751432418823,0.5915260910987854,-0.5044315457344055,0.552604079246521,0.5897833704948425,-0.5047062635421753,0.5366922616958618,0.5929805636405945,-0.4977293908596039,0.5336551666259766,0.5917784571647644,-0.49752354621887207,0.5308642387390137,0.5904881954193115,-0.49731916189193726,0.5599434971809387,0.573563814163208,-0.4832412302494049,0.5245140790939331,0.5774100422859192,-0.4922358989715576,0.5456918478012085,0.5948927998542786,-0.4854710102081299,0.5350420475006104,0.5938786268234253,-0.4834788739681244,0.5834795236587524,0.5738909244537354,-0.33098500967025757,0.493236780166626,0.5680078268051147,-0.3450590670108795,0.5739892721176147,0.6746826767921448,-0.30227142572402954,0.4918549954891205,0.6681253910064697,-0.31842079758644104,0.5709593892097473,0.7679741382598877,-0.3235008716583252,0.4969780445098877,0.7722669839859009,-0.32689207792282104,0.5710541605949402,0.7930086255073547,-0.3492225110530853,0.4920312464237213,0.7993776798248291,-0.35433682799339294,0.5620940923690796,0.7947874665260315,-0.36865460872650146,0.5015000700950623,0.8015140891075134,-0.37154728174209595,0.5615724921226501,0.7856634259223938,-0.33236005902290344,0.5048173666000366,0.7912938594818115,-0.3346365988254547,0.5577009320259094,0.5450795292854309,-0.00034377319389022887,0.5043055415153503,0.5422868132591248,0.00027534354012459517,0.5706664323806763,0.6798091530799866,-0.07871789485216141,0.48657694458961487,0.6828196048736572,-0.0776926726102829,0.5837787985801697,0.8097583651542664,0.030050128698349,0.46693792939186096,0.8123471736907959,0.027642231434583664,0.578911304473877,0.8258378505706787,0.03560158237814903,0.46934041380882263,0.8303729295730591,0.03386563062667847,0.5919078588485718,0.8524733781814575,-0.07235229760408401,0.4613657593727112,0.8491212129592896,-0.07743949443101883
65,bend,a12_s09_e02,0.5405945181846619,0.5999951958656311,-0.5221079587936401,0.5458047389984131,0.5952168107032776,-0.5270647406578064,0.5492831468582153,0.593970537185669,-0.5270580053329468,0.552697479724884,0.5925349593162537,-0.5271707773208618,0.5369402170181274,0.5950535535812378,-0.5271793007850647,0.5340720415115356,0.5938286185264587,-0.5272320508956909,0.5313938856124878,0.5925683379173279,-0.527249276638031,0.5596030354499817,0.5771090388298035,-0.47781461477279663,0.5254071354866028,0.579809844493866,-0.48274025321006775,0.5462081432342529,0.5960433483123779,-0.48979878425598145,0.5355992913246155,0.5947933197021484,-0.4907833933830261,0.5833495259284973,0.575130820274353,-0.3409753143787384,0.49363160133361816,0.5678640007972717,-0.3489319384098053,0.5743354558944702,0.6767292618751526,-0.2928149104118347,0.491893470287323,0.6691296696662903,-0.30049335956573486,0.5699594616889954,0.7726938724517822,-0.30547553300857544,0.49890246987342834,0.7725857496261597,-0.2995375990867615,0.5690625905990601,0.7990716695785522,-0.329928457736969,0.4944010376930237,0.8011190295219421,-0.3243005871772766,0.5603989362716675,0.8001493215560913,-0.34862977266311646,0.5041399002075195,0.8034279942512512,-0.34073972702026367,0.5601476430892944,0.7908903360366821,-0.3139444589614868,0.5069720149040222,0.7923469543457031,-0.30673640966415405,0.5577366352081299,0.5408158898353577,-0.00034190365113317966,0.5043798685073853,0.536743700504303,0.0002749654231593013,0.5706645846366882,0.6769058108329773,-0.07688743621110916,0.48515287041664124,0.6828774213790894,-0.06816120445728302,0.583299994468689,0.80961012840271,0.03068796917796135,0.46694931387901306,0.8121813535690308,0.036355625838041306,0.5787461400032043,0.826185941696167,0.036235563457012177,0.46935945749282837,0.8299533724784851,0.04203097149729729,0.5926055908203125,0.8525558710098267,-0.06864698231220245,0.4613700807094574,0.8491076231002808,-0.0642588809132576
66,bend,a12_s09_e02,0.5415219068527222,0.602739155292511,-0.38230645656585693,0.5464833974838257,0.598541259765625,-0.3940731883049011,0.5497222542762756,0.5975134372711182,-0.39403143525123596,0.5528540015220642,0.5963112711906433,-0.39407774806022644,0.5380021333694458,0.5980120897293091,-0.39485862851142883,0.535305380821228,0.5966547131538391,-0.39493754506111145,0.5326763391494751,0.5952406525611877,-0.3950011134147644,0.5596004724502563,0.5821142196655273,-0.36877551674842834,0.527182400226593,0.5826542377471924,-0.37241366505622864,0.547412633895874,0.5984935164451599,-0.3620978891849518,0.5368379354476929,0.5967856645584106,-0.3633731007575989,0.5833414793014526,0.5778483748435974,-0.27361851930618286,0.4940299093723297,0.5686064958572388,-0.2784472703933716,0.5742232799530029,0.6787539720535278,-0.23196014761924744,0.4919931888580322,0.6711998581886292,-0.2406930923461914,0.5688919425010681,0.7754595875740051,-0.23683476448059082,0.50062096118927,0.7735551595687866,-0.22098155319690704,0.5666936635971069,0.8034441471099854,-0.2538093030452728,0.4966821074485779,0.8031870722770691,-0.23769664764404297,0.5582074522972107,0.8043063282966614,-0.26610082387924194,0.5069891214370728,0.805594265460968,-0.24468889832496643,0.5586138367652893,0.7937055826187134,-0.24272286891937256,0.5093103051185608,0.7937848567962646,-0.22394216060638428,0.5603373646736145,0.5417435169219971,-0.0003544182691257447,0.5042454600334167,0.536622941493988,0.00027402170235291123,0.5708319544792175,0.6763668656349182,-0.06585420668125153,0.48417752981185913,0.6828621625900269,-0.05507611110806465,0.5831550359725952,0.809093177318573,0.016905641183257103,0.46707504987716675,0.8119832277297974,0.023840058594942093,0.5786918997764587,0.8262174725532532,0.017300350591540337,0.469409704208374,0.829512357711792,0.02463487535715103,0.5930706262588501,0.8530135750770569,-0.0777546614408493,0.4616950452327728,0.848979651927948,-0.07001115381717682
67,bend,a12_s09_e02,0.5430435538291931,0.6081331968307495,-0.40041685104370117,0.5477418899536133,0.6028724908828735,-0.41269636154174805,0.5507331490516663,0.6016577482223511,-0.4126611351966858,0.5534785985946655,0.6003004908561707,-0.4126971662044525,0.5393038988113403,0.6026452779769897,-0.4136536717414856,0.5365673303604126,0.6013438105583191,-0.41374555230140686,0.5338938236236572,0.599912703037262,-0.41382598876953125,0.5596063733100891,0.5863943696022034,-0.38371631503105164,0.5284383296966553,0.5877925157546997,-0.3886308968067169,0.5489237308502197,0.6035847067832947,-0.37845849990844727,0.5385006666183472,0.6028660535812378,-0.3800808787345886,0.5832704901695251,0.5806257724761963,-0.2828608751296997,0.49477729201316833,0.5708797574043274,-0.2844698131084442,0.5737394094467163,0.6802836060523987,-0.2345118522644043,0.49258074164390564,0.6732240915298462,-0.24025288224220276,0.5683270692825317,0.7788771390914917,-0.23193123936653137,0.501201331615448,0.7762597799301147,-0.21690519154071808,0.5654274821281433,0.8078208565711975,-0.24876365065574646,0.497135728597641,0.80645352602005,-0.2336956262588501,0.5565695762634277,0.8077498078346252,-0.2623580992221832,0.5067485570907593,0.8090810775756836,-0.24259285628795624,0.5572383999824524,0.7969451546669006,-0.2382747381925583,0.5090876221656799,0.7973937392234802,-0.22086599469184875,0.5602386593818665,0.5391191840171814,-0.0003460438165348023,0.5042792558670044,0.5354756712913513,0.000250580400461331,0.5710785388946533,0.6763900518417358,-0.05824798345565796,0.48430174589157104,0.6823774576187134,-0.055538617074489594,0.5829046368598938,0.8088667988777161,0.019265299662947655,0.4677281379699707,0.8117353320121765,0.02568879723548889,0.5787035226821899,0.8262568712234497,0.021659424528479576,0.4695838391780853,0.8267017006874084,0.028431599959731102,0.5931347608566284,0.8530690670013428,-0.06666269898414612,0.462359756231308,0.8489823937416077,-0.0611216239631176
68,bend,a12_s09_e02,0.5448997020721436,0.6121010184288025,-0.44582071900367737,0.5493170619010925,0.6055158376693726,-0.4556571841239929,0.5521583557128906,0.6041553020477295,-0.4556264877319336,0.5546660423278809,0.6026428937911987,-0.45567870140075684,0.5406734943389893,0.6055783033370972,-0.4558454155921936,0.537753701210022,0.6042530536651611,-0.4559191167354584,0.5349164009094238,0.6027049422264099,-0.4559763967990875,0.5598158836364746,0.5894395112991333,-0.41183191537857056,0.529042661190033,0.5903045535087585,-0.41304120421409607,0.5506779551506042,0.6081830263137817,-0.41795817017555237,0.5401005148887634,0.6079450845718384,-0.41843876242637634,0.5834338665008545,0.584610104560852,-0.2974511981010437,0.49682164192199707,0.5765112042427063,-0.2940552532672882,0.5734996795654297,0.684286892414093,-0.25457608699798584,0.49314793944358826,0.6745519638061523,-0.24852566421031952,0.5674286484718323,0.7818263173103333,-0.27292877435684204,0.5027539134025574,0.7752619981765747,-0.24375827610492706,0.5647948384284973,0.8111318349838257,-0.2957458794116974,0.498476505279541,0.8048120141029358,-0.2649708092212677,0.5556628704071045,0.8106564283370972,-0.3103328049182892,0.5087226033210754,0.807657778263092,-0.2761187255382538,0.5565327405929565,0.7996240258216858,-0.2802886962890625,0.5122832655906677,0.7969023585319519,-0.24902558326721191,0.5608117580413818,0.5398484468460083,-0.0008947059395723045,0.5048377513885498,0.5365052819252014,0.0007814664277248085,0.5717512965202332,0.6761042475700378,-0.0726393610239029,0.48417919874191284,0.6816763281822205,-0.07325055450201035,0.5828612446784973,0.8084383010864258,-0.012335490435361862,0.46785107254981995,0.8116610646247864,-0.00540687283501029,0.5787009000778198,0.826570451259613,-0.010205229744315147,0.4696236550807953,0.8265148401260376,-0.002162559423595667,0.5941767692565918,0.8538835048675537,-0.10933203995227814,0.46309828758239746,0.8490074276924133,-0.101801797747612
69,bend,a12_s09_e02,0.5462411642074585,0.614232063293457,-0.42941075563430786,0.5508490204811096,0.6068660020828247,-0.4400251805782318,0.553621232509613,0.6054637432098389,-0.4399942457675934,0.5559989213943481,0.6039482355117798,-0.4400411546230316,0.5419883131980896,0.6069254279136658,-0.4406680464744568,0.5389214754104614,0.6055219173431396,-0.4407493472099304,0.5359582304954529,0.6039372086524963,-0.44082432985305786,0.5604394674301147,0.590869128704071,-0.40017056465148926,0.5299234986305237,0.5914390683174133,-0.40348610281944275,0.5517870783805847,0.6104995608329773,-0.40307265520095825,0.5411612391471863,0.6101962924003601,-0.40423399209976196,0.5834622979164124,0.5864153504371643,-0.2884168326854706,0.4973239004611969,0.5800060033798218,-0.2894325256347656,0.5733560919761658,0.68513023853302,-0.24232526123523712,0.4935777187347412,0.6750982403755188,-0.24842330813407898,0.5668162703514099,0.783208429813385,-0.25580352544784546,0.5037202835083008,0.7752084136009216,-0.2413775622844696,0.564994752407074,0.8116837739944458,-0.2757331132888794,0.4996105134487152,0.8051754236221313,-0.2612552344799042,0.555870532989502,0.8110576272010803,-0.28951388597488403,0.5097304582595825,0.8080154061317444,-0.270771861076355,0.5566720962524414,0.8003667593002319,-0.2627708315849304,0.513793408870697,0.7976968288421631,-0.24588267505168915,0.5607442855834961,0.5405160784721375,-0.0008879427914507687,0.504855751991272,0.5373183488845825,0.0007743141613900661,0.5719259977340698,0.6765736937522888,-0.07059606909751892,0.48467588424682617,0.681171715259552,-0.07653853297233582,0.5822643041610718,0.8082084655761719,-0.008921070024371147,0.4684399664402008,0.8102625012397766,-0.004750404041260481,0.577812910079956,0.8265842199325562,-0.006924657616764307,0.46966642141342163,0.8255825042724609,-0.0014959415420889854,0.5949336290359497,0.8539403080940247,-0.10599154233932495,0.4636434018611908,0.8493948578834534,-0.10122396796941757
70,bend,a12_s09_e02,0.5485596656799316,0.617148220539093,-0.5175215005874634,0.5531499981880188,0.6092641353607178,-0.5246148109436035,0.5557774305343628,0.6077476143836975,-0.5245703458786011,0.557975172996521,0.6061418652534485,-0.5246251821517944,0.5442348718643188,0.609666645526886,-0.5261742472648621,0.5409902334213257,0.6083362698554993,-0.5262733101844788,0.5378717184066772,0.6067675352096558,-0.5263460874557495,0.5613757371902466,0.592801034450531,-0.4606691300868988,0.5323339700698853,0.5938460230827332,-0.4675351083278656,0.5538551807403564,0.6127384305000305,-0.48127245903015137,0.5431874394416809,0.6132698059082031,-0.48348134756088257,0.5834659934043884,0.5867522358894348,-0.312375545501709,0.4989887773990631,0.5831587314605713,-0.3286263346672058,0.5729833841323853,0.6858806610107422,-0.2596229612827301,0.4942448139190674,0.6759479641914368,-0.2690730690956116,0.5663078427314758,0.7829219102859497,-0.27580559253692627,0.5064592361450195,0.7747629880905151,-0.26096010208129883,0.5648369193077087,0.8098913431167603,-0.2979632019996643,0.5043929815292358,0.804627001285553,-0.28892725706100464,0.5561438798904419,0.8109724521636963,-0.31409502029418945,0.5147144198417664,0.8075645565986633,-0.30255934596061707,0.5570813417434692,0.8004623651504517,-0.2837356925010681,0.5171601176261902,0.79831463098526,-0.26710906624794006,0.5604846477508545,0.5406396985054016,0.0003460373554844409,0.504675030708313,0.5379141569137573,-0.0004234188236296177,0.5719338655471802,0.6766931414604187,-0.07385899126529694,0.4847748875617981,0.6809145212173462,-0.08915151655673981,0.5819870829582214,0.8080116510391235,0.012587842531502247,0.46846097707748413,0.8093258142471313,-0.0010111471638083458,0.5773614645004272,0.8266010880470276,0.01636502891778946,0.46904659271240234,0.8245020508766174,0.0006899206200614572,0.5952670574188232,0.8539607524871826,-0.09202294051647186,0.4639649987220764,0.8494523763656616,-0.09798531234264374
71,bend,a12_s09_e02,0.5499227643013,0.6182008981704712,-0.3449094891548157,0.5544720888137817,0.6106159687042236,-0.35962170362472534,0.5570558309555054,0.6091668605804443,-0.3595826327800751,0.5592447519302368,0.6076020002365112,-0.3596171438694,0.5457289814949036,0.6109696626663208,-0.3630179166793823,0.5424769520759583,0.6097174882888794,-0.36310717463493347,0.5393000841140747,0.6082374453544617,-0.3632122576236725,0.5623549222946167,0.594330906867981,-0.3401792049407959,0.5338836312294006,0.5957146286964417,-0.35572975873947144,0.5549083948135376,0.614159345626831,-0.3259405493736267,0.5445305109024048,0.614420473575592,-0.33076414465904236,0.5835643410682678,0.5858857035636902,-0.2412370890378952,0.49982935190200806,0.5833244919776917,-0.2625267505645752,0.5729217529296875,0.6834691762924194,-0.17778262495994568,0.49438852071762085,0.6756786108016968,-0.22795112431049347,0.5664588809013367,0.7800090909004211,-0.17759303748607635,0.5088323354721069,0.7740848064422607,-0.21689578890800476,0.5662261247634888,0.7973775863647461,-0.1898358315229416,0.5079227089881897,0.804294764995575,-0.23473255336284637,0.5573031306266785,0.8087285757064819,-0.2022971361875534,0.520538866519928,0.8068080544471741,-0.23815837502479553,0.5592162609100342,0.7959429621696472,-0.18348649144172668,0.5241703987121582,0.7979519963264465,-0.21860723197460175,0.5598752498626709,0.5402891039848328,0.0014490762259811163,0.5038903951644897,0.5378995537757874,-0.0016408038791269064,0.5718879103660583,0.6767088770866394,-0.03774937987327576,0.48482781648635864,0.6808644533157349,-0.05147875100374222,0.581907331943512,0.8081019520759583,0.011294449679553509,0.4684976041316986,0.8092995882034302,-0.0006280310335569084,0.5768440961837769,0.8275623321533203,0.0129802031442523,0.4687814712524414,0.824504554271698,-3.133193604298867e-05,0.5959569215774536,0.854370653629303,-0.08192817866802216,0.46406182646751404,0.8510803580284119,-0.09637121856212616
72,bend,a12_s09_e02,0.5505334138870239,0.6197080612182617,-0.32506081461906433,0.5549653768539429,0.6119561791419983,-0.34028977155685425,0.5575435757637024,0.610424816608429,-0.34025388956069946,0.5597655177116394,0.6087451577186584,-0.3402959704399109,0.5463119745254517,0.6124249696731567,-0.3439463973045349,0.5430623292922974,0.6111770868301392,-0.34403175115585327,0.5398688316345215,0.609632670879364,-0.34412938356399536,0.5627597570419312,0.5950653553009033,-0.3248544931411743,0.5341871380805969,0.5964727401733398,-0.34142106771469116,0.5555065870285034,0.615648627281189,-0.3078569769859314,0.5452481508255005,0.6160248517990112,-0.31302422285079956,0.5836238861083984,0.5854173898696899,-0.22675736248493195,0.5003296136856079,0.582355260848999,-0.25476938486099243,0.5728327631950378,0.6828058362007141,-0.14049206674098969,0.49448418617248535,0.6744943261146545,-0.2252783477306366,0.5547081232070923,0.7190321087837219,-0.10991670936346054,0.5096428394317627,0.7724713087081909,-0.22335001826286316,0.5555981993675232,0.7335853576660156,-0.11671732366085052,0.5087491273880005,0.8031604886054993,-0.24175925552845,0.5516402721405029,0.7354114055633545,-0.1279539316892624,0.5217180252075195,0.8063204884529114,-0.2467927187681198,0.549240231513977,0.7267701625823975,-0.1142735704779625,0.5244170427322388,0.7968232035636902,-0.22583043575286865,0.5598524808883667,0.5397732853889465,0.0024506195914000273,0.5038609504699707,0.536848247051239,-0.002695148577913642,0.5718796253204346,0.6767341494560242,-0.028029924258589745,0.4852960705757141,0.6808965802192688,-0.04059502109885216,0.5819844007492065,0.8081767559051514,0.01213531382381916,0.46796226501464844,0.8103389143943787,0.0008919246611185372,0.5768524408340454,0.82871013879776,0.012680111452937126,0.46769410371780396,0.8269652724266052,0.0009852709481492639,0.596001923084259,0.8544345498085022,-0.07483391463756561,0.4639142155647278,0.853434145450592,-0.0951206386089325
73,bend,a12_s09_e02,0.5506157875061035,0.6187158226966858,-0.3326137363910675,0.5550300478935242,0.611217200756073,-0.3476787805557251,0.5576238036155701,0.6097126007080078,-0.3476468622684479,0.5598739981651306,0.6080568432807922,-0.34769490361213684,0.546340823173523,0.6115577816963196,-0.35049372911453247,0.5430611371994019,0.6102463006973267,-0.3505844473838806,0.5398491024971008,0.6086504459381104,-0.3506852090358734,0.5628359913825989,0.5943728685379028,-0.33058273792266846,0.5339683890342712,0.5954703688621521,-0.34362784028053284,0.5555533766746521,0.6146332621574402,-0.31472232937812805,0.5452486276626587,0.6148134469985962,-0.31884148716926575,0.5836333632469177,0.5848491787910461,-0.23385211825370789,0.5005391836166382,0.5815879106521606,-0.2551441490650177,0.5728496313095093,0.6814892292022705,-0.16502758860588074,0.49465474486351013,0.6737815141677856,-0.2255145013332367,0.5563820004463196,0.7206172347068787,-0.15010929107666016,0.5096823573112488,0.7708832621574402,-0.22001950442790985,0.5580496788024902,0.7463862895965576,-0.15964598953723907,0.5086730122566223,0.8011312484741211,-0.23683753609657288,0.5529918074607849,0.7489181160926819,-0.17172613739967346,0.5215142965316772,0.8043991923332214,-0.2413533478975296,0.555842936038971,0.7431908845901489,-0.1553448736667633,0.5241494178771973,0.7966424822807312,-0.2221948802471161,0.5598294734954834,0.5400189757347107,0.0024156267754733562,0.5038655996322632,0.5370675325393677,-0.0026651641819626093,0.5719078779220581,0.6768472194671631,-0.032575491815805435,0.4855131506919861,0.6810560822486877,-0.041788894683122635,0.5823601484298706,0.8086913228034973,0.010461700148880482,0.4675273895263672,0.8111362457275391,-0.00011582986917346716,0.5768915414810181,0.8297259211540222,0.008713647723197937,0.46715936064720154,0.8286241292953491,-0.0005970566999167204,0.5960444211959839,0.8545017242431641,-0.07759072631597519,0.4636375308036804,0.8545644283294678,-0.09416483342647552
74,bend,a12_s09_e02,0.5508119463920593,0.6169790029525757,-0.34362953901290894,0.5551507472991943,0.6096593141555786,-0.35791391134262085,0.5577108860015869,0.6082313060760498,-0.35788679122924805,0.5599412322044373,0.6066494584083557,-0.3579336106777191,0.546531081199646,0.6098633408546448,-0.36040207743644714,0.5432302951812744,0.6085389852523804,-0.3604920506477356,0.5399896502494812,0.606955349445343,-0.36058759689331055,0.5628442168235779,0.5930392146110535,-0.33798953890800476,0.5341099500656128,0.5942345261573792,-0.34973007440567017,0.5556817054748535,0.6132462024688721,-0.3246842920780182,0.5453494787216187,0.6133015751838684,-0.3284028172492981,0.5836366415023804,0.5841654539108276,-0.24332407116889954,0.5005785226821899,0.5802471041679382,-0.2600693106651306,0.5726215243339539,0.680676281452179,-0.19385647773742676,0.49500054121017456,0.6732536554336548,-0.22816792130470276,0.5576298832893372,0.7584002614021301,-0.19503040611743927,0.5097696185112,0.7691046595573425,-0.21487240493297577,0.5609198808670044,0.7823329567909241,-0.20915508270263672,0.5087676048278809,0.7995410561561584,-0.23053595423698425,0.553053617477417,0.7878769040107727,-0.22166356444358826,0.5210240483283997,0.8026713132858276,-0.23455896973609924,0.5561220645904541,0.7764120697975159,-0.20108075439929962,0.5230913162231445,0.7956088185310364,-0.21675077080726624,0.5593731999397278,0.5400912761688232,0.0024089287035167217,0.503745973110199,0.5373097658157349,-0.0026611958164721727,0.571902871131897,0.6769620180130005,-0.03184071183204651,0.4855195879936218,0.6811491250991821,-0.045123178511857986,0.5827549695968628,0.809524416923523,0.01023451890796423,0.4674966335296631,0.811321496963501,0.0002837216597981751,0.5769021511077881,0.8308098316192627,0.007842186838388443,0.46717196702957153,0.8285496234893799,0.00046248160651884973,0.5961417555809021,0.8548356890678406,-0.07509030401706696,0.463503897190094,0.8552039265632629,-0.08993823081254959
75,bend,a12_s09_e02,0.5506151914596558,0.6160827279090881,-0.3610517382621765,0.5549929738044739,0.6087388396263123,-0.3749617040157318,0.5576065182685852,0.6073532104492188,-0.3749309182167053,0.5598822832107544,0.6057761311531067,-0.37497079372406006,0.5462902188301086,0.6087790131568909,-0.37713414430618286,0.54300457239151,0.6074131727218628,-0.37722694873809814,0.5397813320159912,0.605815052986145,-0.37731999158859253,0.5628454089164734,0.5920313596725464,-0.3521696925163269,0.5337972044944763,0.5931757688522339,-0.3624888062477112,0.5556156635284424,0.6124048829078674,-0.34101879596710205,0.5451160669326782,0.6125690937042236,-0.34428006410598755,0.5836485624313354,0.583594024181366,-0.25504428148269653,0.5004228949546814,0.5795595049858093,-0.26883062720298767,0.5725508332252502,0.6806315779685974,-0.20422932505607605,0.4950709342956543,0.6710415482521057,-0.23648104071617126,0.5593858361244202,0.771476149559021,-0.19832542538642883,0.509595513343811,0.7669751644134521,-0.21945121884346008,0.5613612532615662,0.7968538403511047,-0.21670687198638916,0.5086514949798584,0.7969449162483215,-0.23527951538562775,0.553456723690033,0.7891291975975037,-0.23503661155700684,0.5204509496688843,0.7998825311660767,-0.2387973964214325,0.5559593439102173,0.7867492437362671,-0.20666305720806122,0.522278904914856,0.7928503751754761,-0.2211616039276123,0.5590385794639587,0.5400494337081909,0.002375273499637842,0.5035364031791687,0.537074625492096,-0.0026346631348133087,0.5718994736671448,0.6770559549331665,-0.03321167454123497,0.4855369031429291,0.6811259984970093,-0.04725761339068413,0.5829490423202515,0.8095875978469849,0.00978703424334526,0.4674437642097473,0.8114248514175415,0.0010757475392892957,0.5769118070602417,0.8308709263801575,0.007954146713018417,0.46715816855430603,0.8286057114601135,0.0019329618662595749,0.5961881279945374,0.8552731871604919,-0.07295258343219757,0.4634910225868225,0.8556460738182068,-0.08496136218309402
76,bend,a12_s09_e02,0.5509381294250488,0.6151339411735535,-0.3704293370246887,0.5553166270256042,0.6077233552932739,-0.38365471363067627,0.5579001903533936,0.6063321828842163,-0.38362014293670654,0.5601385831832886,0.6047508716583252,-0.383660227060318,0.5464668869972229,0.6077657341957092,-0.3859691321849823,0.5431065559387207,0.6063960194587708,-0.38605934381484985,0.53983473777771,0.6047975420951843,-0.38614434003829956,0.5629428625106812,0.5909776091575623,-0.3582111895084381,0.5339851975440979,0.5921043157577515,-0.3691202998161316,0.5557937622070312,0.6115376353263855,-0.3494563102722168,0.5452057123184204,0.6116132140159607,-0.3529036045074463,0.5836648941040039,0.5834353566169739,-0.26002904772758484,0.5003477334976196,0.5793482661247253,-0.2734439969062805,0.5723744630813599,0.6802961230278015,-0.21172818541526794,0.49546876549720764,0.6694689393043518,-0.24116022884845734,0.5604259967803955,0.7714069485664368,-0.21876633167266846,0.5098369121551514,0.7642379403114319,-0.22301840782165527,0.5617452263832092,0.7964287400245667,-0.23431698977947235,0.5086557269096375,0.7941410541534424,-0.23811201751232147,0.5540733933448792,0.7918848395347595,-0.24647727608680725,0.520696222782135,0.7958927154541016,-0.24229681491851807,0.5557054877281189,0.7864576578140259,-0.22527976334095,0.5223296880722046,0.7880522608757019,-0.22489246726036072,0.5582683086395264,0.5395637154579163,0.0023392424918711185,0.5032691955566406,0.5367244482040405,-0.0025949450209736824,0.5718661546707153,0.6775711178779602,-0.035495512187480927,0.48555150628089905,0.6811246871948242,-0.050882983952760696,0.5831935405731201,0.809862494468689,0.009244678542017937,0.4672934114933014,0.812228262424469,-0.0011328180553391576,0.5769297480583191,0.8314797878265381,0.007515989243984222,0.46706318855285645,0.8299102187156677,-0.0002530111523810774,0.5961970090866089,0.855739951133728,-0.07367885857820511,0.46320629119873047,0.8564179539680481,-0.0855908989906311
77,bend,a12_s09_e02,0.551016628742218,0.612623929977417,-0.45442089438438416,0.5554786920547485,0.6069786548614502,-0.4662463665008545,0.5580409169197083,0.6058736443519592,-0.4662129878997803,0.5602570176124573,0.6045318841934204,-0.46627020835876465,0.546681821346283,0.6065561175346375,-0.46839648485183716,0.543338418006897,0.6051955819129944,-0.4684937000274658,0.5400723218917847,0.603653073310852,-0.4685652256011963,0.562997579574585,0.590833306312561,-0.4249919056892395,0.5342060327529907,0.5912970304489136,-0.4352339804172516,0.5558021664619446,0.6087266206741333,-0.4267731308937073,0.5452281832695007,0.6083526015281677,-0.43000584840774536,0.5836726427078247,0.5824900269508362,-0.3051767647266388,0.5002762675285339,0.5754844546318054,-0.3165997862815857,0.5720004439353943,0.6792457699775696,-0.2619544267654419,0.49590978026390076,0.6659795641899109,-0.274967759847641,0.5610533356666565,0.7708728313446045,-0.27822837233543396,0.5099301338195801,0.76093590259552,-0.2619076371192932,0.562842071056366,0.7951743006706238,-0.2975922226905823,0.5087941884994507,0.7904142737388611,-0.27947160601615906,0.5543463230133057,0.7920811772346497,-0.312307745218277,0.5204508900642395,0.7922474145889282,-0.28902825713157654,0.5557921528816223,0.7859088778495789,-0.28566160798072815,0.5219789147377014,0.7839327454566956,-0.265708863735199,0.558046281337738,0.5393619537353516,0.002247822005301714,0.5031898617744446,0.5362302660942078,-0.002481028437614441,0.5718482732772827,0.6776067018508911,-0.039583247154951096,0.4855429530143738,0.6809676885604858,-0.06790148466825485,0.5836397409439087,0.8105071187019348,0.0065579586662352085,0.467271625995636,0.8124066591262817,-0.0023865553084760904,0.577086329460144,0.8325523138046265,0.005646494682878256,0.4670628011226654,0.8307809233665466,-0.00047662388533353806,0.5962467789649963,0.8560395836830139,-0.0868852362036705,0.4630442261695862,0.8566503524780273,-0.09487443417310715
78,bend,a12_s09_e02,0.550961971282959,0.6061551570892334,-0.547959566116333,0.555405855178833,0.6017577648162842,-0.5563638806343079,0.5579788684844971,0.6007338166236877,-0.5563325881958008,0.5602134466171265,0.5994848608970642,-0.5564090609550476,0.5467271208763123,0.601205050945282,-0.5593430399894714,0.543494701385498,0.5998755693435669,-0.5594453811645508,0.5403100252151489,0.5984674692153931,-0.5595079660415649,0.5629943013191223,0.5850275754928589,-0.4938753545284271,0.5343658328056335,0.5868815183639526,-0.5074854493141174,0.5557382702827454,0.6019924283027649,-0.5120887160301208,0.5451735258102417,0.6014907360076904,-0.5162980556488037,0.5835176706314087,0.5785980224609375,-0.3472115397453308,0.5002167224884033,0.5714821219444275,-0.3690568506717682,0.5715713500976562,0.675220251083374,-0.29765981435775757,0.4962264895439148,0.6624484658241272,-0.32913294434547424,0.561428964138031,0.7693244814872742,-0.3196776807308197,0.5098131895065308,0.7576465010643005,-0.33077362179756165,0.5631681680679321,0.7941750288009644,-0.34221628308296204,0.5087445378303528,0.7868773341178894,-0.35412973165512085,0.5546680688858032,0.7915590405464172,-0.35947170853614807,0.5202520489692688,0.7891110181808472,-0.3682960867881775,0.5557971596717834,0.78550124168396,-0.32836219668388367,0.5217016935348511,0.7803309559822083,-0.33676236867904663,0.5572207570075989,0.5386816263198853,0.0025520059280097485,0.5028309226036072,0.5356037616729736,-0.0027154148556292057,0.5718436241149902,0.67652827501297,-0.06615233421325684,0.4855442941188812,0.6805417537689209,-0.09048999845981598,0.5841904878616333,0.8108273148536682,0.004068476613610983,0.4672757685184479,0.8123905658721924,-0.0036444906145334244,0.5776175260543823,0.8330656290054321,0.004503033123910427,0.46708813309669495,0.8312431573867798,-0.0004328737559262663,0.5964087247848511,0.8564396500587463,-0.10593809932470322,0.46285480260849,0.8568058609962463,-0.11019094288349152
79,bend,a12_s09_e02,0.5510163307189941,0.601341187953949,-0.5998372435569763,0.555611252784729,0.5956536531448364,-0.605713963508606,0.5582539439201355,0.5943899154663086,-0.6056824922561646,0.560559093952179,0.5929726362228394,-0.6057726740837097,0.5468588471412659,0.5953084826469421,-0.6085023880004883,0.5436645150184631,0.5938689708709717,-0.6086040735244751,0.540520966053009,0.5924591422080994,-0.6086497902870178,0.5632686614990234,0.5778829455375671,-0.5310494303703308,0.5344878435134888,0.58088219165802,-0.5435751676559448,0.555766224861145,0.597787618637085,-0.5594276189804077,0.5451080203056335,0.5974200963973999,-0.5633066892623901,0.5834864377975464,0.5756351947784424,-0.36898255348205566,0.5002312064170837,0.5688689351081848,-0.39412567019462585,0.571456789970398,0.6728731989860535,-0.30924713611602783,0.4965883195400238,0.6612178087234497,-0.3509276509284973,0.5616577863693237,0.7667525410652161,-0.3294517993927002,0.5096905827522278,0.7555866837501526,-0.36193329095840454,0.5634580850601196,0.794019341468811,-0.35338351130485535,0.5086941123008728,0.7853068709373474,-0.38809651136398315,0.554902195930481,0.7914483547210693,-0.3726304769515991,0.5199877023696899,0.7872931361198425,-0.40613096952438354,0.5559655427932739,0.7844456434249878,-0.3388718068599701,0.5214896202087402,0.7783902883529663,-0.36962026357650757,0.5565877556800842,0.5375253558158875,0.002919923048466444,0.5027053952217102,0.5347726941108704,-0.003009606385603547,0.5718026161193848,0.6758751273155212,-0.08841737359762192,0.4855489134788513,0.6794167757034302,-0.11049795150756836,0.5844548940658569,0.8115217685699463,0.0021303752437233925,0.46727752685546875,0.812271773815155,-0.008176099509000778,0.5780819058418274,0.833482563495636,0.004039126448333263,0.46707096695899963,0.8311374187469482,-0.003241391386836767,0.5966453552246094,0.8566064238548279,-0.11547915637493134,0.46288537979125977,0.8567611575126648,-0.12395404279232025
80,bend,a12_s09_e02,0.5526666045188904,0.5920993685722351,-0.6155902147293091,0.5570700764656067,0.5853949785232544,-0.6211754679679871,0.5596968531608582,0.5838181376457214,-0.621148943901062,0.5620194673538208,0.5822868347167969,-0.6212491989135742,0.5483058094978333,0.5858112573623657,-0.6243269443511963,0.545112133026123,0.5845715999603271,-0.6244203448295593,0.5419766902923584,0.5834648013114929,-0.6244483590126038,0.5642862319946289,0.56777024269104,-0.5444046854972839,0.5360586643218994,0.5723284482955933,-0.5583010911941528,0.5571013689041138,0.5887399315834045,-0.5742934942245483,0.5459619760513306,0.5890734791755676,-0.5786000490188599,0.5835102796554565,0.5703348517417908,-0.3810511529445648,0.5002104043960571,0.5636378526687622,-0.40556058287620544,0.5714458227157593,0.6695384979248047,-0.322849303483963,0.4969143271446228,0.6574705839157104,-0.3637671172618866,0.5618631839752197,0.7619431614875793,-0.34820571541786194,0.5095888376235962,0.7526974081993103,-0.3831140697002411,0.5636588335037231,0.790336012840271,-0.37440580129623413,0.5086232423782349,0.7823227643966675,-0.41139474511146545,0.5548489093780518,0.7891409993171692,-0.39537495374679565,0.5199614763259888,0.7846522927284241,-0.4323795437812805,0.5557156801223755,0.7812728881835938,-0.3583311438560486,0.5213322639465332,0.7753847241401672,-0.39223596453666687,0.5555890798568726,0.5361780524253845,0.0034046792425215244,0.5023499727249146,0.5342251658439636,-0.003417984116822481,0.571768581867218,0.6753707528114319,-0.09609347581863403,0.48559799790382385,0.6792051196098328,-0.1169101819396019,0.5847165584564209,0.8115509748458862,0.005783167667686939,0.46724575757980347,0.8122589588165283,-0.007734457962214947,0.5784304141998291,0.8334733247756958,0.009925644844770432,0.46692824363708496,0.8314496278762817,-0.00256252265535295,0.5970295667648315,0.8566074371337891,-0.11161627620458603,0.4628799855709076,0.8569914102554321,-0.12807467579841614
81,bend,a12_s09_e02,0.5529623627662659,0.5889164805412292,-0.6267493963241577,0.5574915409088135,0.5817241668701172,-0.6320779919624329,0.560197114944458,0.580109715461731,-0.6320508122444153,0.5626441240310669,0.5784391164779663,-0.6321377158164978,0.5485600233078003,0.5821028351783752,-0.6349788308143616,0.5452867746353149,0.5807871222496033,-0.6350834369659424,0.5420910716056824,0.579468309879303,-0.635130763053894,0.5650454163551331,0.5638090968132019,-0.5517783164978027,0.5360435247421265,0.5680565237998962,-0.5646556615829468,0.5573365688323975,0.5863362550735474,-0.5842936635017395,0.5459337830543518,0.5866388082504272,-0.5882824063301086,0.5840014815330505,0.5672875642776489,-0.38564303517341614,0.5003315210342407,0.5595452785491943,-0.4130000174045563,0.5714165568351746,0.6673254370689392,-0.33299165964126587,0.4968925416469574,0.6560688018798828,-0.381521999835968,0.561924159526825,0.7594796419143677,-0.3667426109313965,0.509506106376648,0.7514878511428833,-0.41341519355773926,0.5631288886070251,0.7881547808647156,-0.3940487205982208,0.5085494518280029,0.7806059122085571,-0.44413676857948303,0.5543885827064514,0.7872176766395569,-0.414764404296875,0.5198495984077454,0.7831689715385437,-0.4656742513179779,0.5553113222122192,0.7790261507034302,-0.37685614824295044,0.5212194323539734,0.7739455103874207,-0.42286697030067444,0.5570553541183472,0.5463228821754456,0.003437018720433116,0.5027394890785217,0.5343688130378723,-0.0034390974324196577,0.5717654824256897,0.6761913299560547,-0.11007730662822723,0.48563915491104126,0.6787957549095154,-0.13559234142303467,0.5849127769470215,0.8124561905860901,-0.0015948647633194923,0.4666460156440735,0.8139851093292236,-0.022580202668905258,0.5786839127540588,0.8342265486717224,0.0028930590488016605,0.4662851393222809,0.8341108560562134,-0.016723792999982834,0.5972877740859985,0.8571850061416626,-0.1258375644683838,0.46297121047973633,0.857627809047699,-0.14748288691043854
82,bend,a12_s09_e02,0.5538545846939087,0.5856951475143433,-0.5902408361434937,0.5584501624107361,0.5781645178794861,-0.5958006978034973,0.561247706413269,0.5767480731010437,-0.5957719087600708,0.5637941956520081,0.5752597451210022,-0.5958577990531921,0.5492937564849854,0.5781798958778381,-0.5989459753036499,0.545941948890686,0.5767601728439331,-0.5990363359451294,0.5426682233810425,0.5753138661384583,-0.5990710854530334,0.5663992166519165,0.5614494681358337,-0.5205752849578857,0.5364728569984436,0.5636431574821472,-0.5340635776519775,0.5581524968147278,0.5841163396835327,-0.549746572971344,0.5466123819351196,0.5839254260063171,-0.5540017485618591,0.5843909978866577,0.5656309127807617,-0.36349013447761536,0.5003604888916016,0.5580976009368896,-0.38827207684516907,0.5709408521652222,0.6647706627845764,-0.3125089108943939,0.4968537390232086,0.6535812020301819,-0.3537308871746063,0.5617307424545288,0.757140576839447,-0.35426026582717896,0.5093754529953003,0.7485387325286865,-0.38651496171951294,0.562095582485199,0.7856556177139282,-0.3819887638092041,0.5084686279296875,0.7767314314842224,-0.4171060621738434,0.5529409050941467,0.7844333052635193,-0.4018474221229553,0.5198158621788025,0.7799727320671082,-0.43624234199523926,0.5543745756149292,0.7756737470626831,-0.36411264538764954,0.5211318731307983,0.770824134349823,-0.39497101306915283,0.556168794631958,0.5456082820892334,0.0033483703155070543,0.5022323131561279,0.5343107581138611,-0.0033311001025140285,0.5717114210128784,0.6758815050125122,-0.10940484702587128,0.485678106546402,0.6768341660499573,-0.14341387152671814,0.5849051475524902,0.8121924996376038,-0.008860931731760502,0.4665849804878235,0.8134117722511292,-0.03709924966096878,0.5786847472190857,0.8333488702774048,-0.005185815971344709,0.4662947654724121,0.8340536952018738,-0.031705185770988464,0.596949577331543,0.8571845889091492,-0.13286712765693665,0.46306711435317993,0.8575809597969055,-0.15925408899784088
83,bend,a12_s09_e02,0.5537552833557129,0.5800638794898987,-0.6153253316879272,0.558577835559845,0.5718492865562439,-0.6207528114318848,0.5615234971046448,0.5704674124717712,-0.6207084655761719,0.5642526149749756,0.5689905285835266,-0.6207805275917053,0.5492204427719116,0.571658730506897,-0.6231926083564758,0.5458378791809082,0.5700972676277161,-0.6232931017875671,0.5425541400909424,0.5684800744056702,-0.6233198046684265,0.5674180388450623,0.5551872253417969,-0.5415048003196716,0.5364434719085693,0.5569842457771301,-0.5520514249801636,0.5581046342849731,0.5798478722572327,-0.5732317566871643,0.5465443730354309,0.5789600014686584,-0.5766514539718628,0.5856351852416992,0.5609728097915649,-0.3795894384384155,0.5003256797790527,0.5494699478149414,-0.3992047607898712,0.5705631375312805,0.6606164574623108,-0.32552456855773926,0.49670153856277466,0.650721549987793,-0.3622560501098633,0.5611876249313354,0.7524811625480652,-0.366322785615921,0.5088582038879395,0.7440863847732544,-0.39799004793167114,0.560030996799469,0.7811998724937439,-0.3949921727180481,0.5076702833175659,0.7706552147865295,-0.4300316870212555,0.5515167117118835,0.7801076769828796,-0.4162132740020752,0.5189304947853088,0.774934709072113,-0.45109739899635315,0.5532297492027283,0.7709206342697144,-0.37636202573776245,0.5205712914466858,0.7656128406524658,-0.4072452485561371,0.5561832189559937,0.545520007610321,0.0031689652241766453,0.502299964427948,0.5337883234024048,-0.0031240961980074644,0.5709539651870728,0.675061821937561,-0.11962970346212387,0.48637256026268005,0.6737717986106873,-0.14512741565704346,0.584959864616394,0.8122015595436096,-0.014101119711995125,0.4665891230106354,0.8117458820343018,-0.037940431386232376,0.5787903070449829,0.8333006501197815,-0.010291754268109798,0.46626830101013184,0.8333615064620972,-0.032830558717250824,0.5968548059463501,0.8573102951049805,-0.14288415014743805,0.4632817804813385,0.8569561839103699,-0.16569869220256805
84,bend,a12_s09_e02,0.5549939274787903,0.5742015242576599,-0.6254765391349792,0.5603247880935669,0.5649394392967224,-0.6296392679214478,0.5632259249687195,0.5635988712310791,-0.6295949220657349,0.5658354759216309,0.5621543526649475,-0.629679262638092,0.5508612394332886,0.5648189187049866,-0.633264422416687,0.5472283959388733,0.5632359981536865,-0.6333723664283752,0.5436388254165649,0.5615305304527283,-0.6334001421928406,0.5690470933914185,0.5486907362937927,-0.547225832939148,0.5373315215110779,0.5503237843513489,-0.5632143616676331,0.5587894320487976,0.574711263179779,-0.5825456976890564,0.5474718809127808,0.5745276808738708,-0.5875836610794067,0.5861009955406189,0.555691123008728,-0.38429832458496094,0.5006469488143921,0.544688880443573,-0.4125770926475525,0.5702746510505676,0.6548305153846741,-0.3284763991832733,0.4967050552368164,0.6484988927841187,-0.3870239853858948,0.5607191920280457,0.7464309930801392,-0.36690816283226013,0.5083287954330444,0.7414541244506836,-0.41962432861328125,0.5594918131828308,0.7751034498214722,-0.394658625125885,0.5070778131484985,0.7669395208358765,-0.45203351974487305,0.5508904457092285,0.7744950652122498,-0.4161219596862793,0.5184992551803589,0.7709148526191711,-0.47190696001052856,0.5519503355026245,0.7656019926071167,-0.37714529037475586,0.5199235677719116,0.7618846893310547,-0.4284902513027191,0.5553978681564331,0.543519139289856,0.0036381545942276716,0.5020962953567505,0.5336264967918396,-0.0035748276859521866,0.5703994631767273,0.6744180917739868,-0.13063092529773712,0.4862905442714691,0.6735871434211731,-0.14550334215164185,0.5850127935409546,0.8127458691596985,-0.01987304911017418,0.4669225811958313,0.8087835311889648,-0.03787500783801079,0.5787997245788574,0.8334537148475647,-0.01524595357477665,0.46677669882774353,0.8299778699874878,-0.03262708708643913,0.5976558327674866,0.859021008014679,-0.14747831225395203,0.4634552001953125,0.8566275835037231,-0.1656496822834015
85,bend,a12_s09_e02,0.5558406114578247,0.5678777694702148,-0.5952826142311096,0.5613447427749634,0.5587289333343506,-0.5998418927192688,0.5641995668411255,0.5575573444366455,-0.5997954607009888,0.5667508840560913,0.5561451315879822,-0.5998792052268982,0.5517739653587341,0.5578629970550537,-0.6032522916793823,0.5479509234428406,0.5559465885162354,-0.6033496260643005,0.5442363619804382,0.5538680553436279,-0.6033645868301392,0.5703235864639282,0.5419546365737915,-0.5239304900169373,0.5382672548294067,0.5411813259124756,-0.538729190826416,0.5593120455741882,0.5691572427749634,-0.5548849701881409,0.5480695962905884,0.5684643387794495,-0.5596278309822083,0.5867301225662231,0.5530452132225037,-0.36995556950569153,0.5008155703544617,0.5401646494865417,-0.3956215977668762,0.5695810317993164,0.6503874063491821,-0.31645241379737854,0.49671363830566406,0.6449323892593384,-0.36978429555892944,0.5607312917709351,0.74156254529953,-0.35019469261169434,0.5078828930854797,0.7373589873313904,-0.3956296443939209,0.5596178770065308,0.7698758244514465,-0.3761923909187317,0.506485641002655,0.7626761198043823,-0.42549341917037964,0.5508717894554138,0.7688587307929993,-0.39566659927368164,0.5181136131286621,0.7660464644432068,-0.4428471028804779,0.5517274141311646,0.7601605653762817,-0.35956957936286926,0.5196407437324524,0.757460355758667,-0.40340885519981384,0.5545974373817444,0.5410071015357971,0.0036176214925944805,0.5013787150382996,0.5333049893379211,-0.0035601716954261065,0.5700238943099976,0.6744674444198608,-0.13324463367462158,0.4858261048793793,0.6718510985374451,-0.1483914852142334,0.5850759744644165,0.8130601644515991,-0.0331612192094326,0.46708598732948303,0.8070688843727112,-0.0502154715359211,0.5789438486099243,0.8334382772445679,-0.02908220887184143,0.46706682443618774,0.829169511795044,-0.0455474928021431,0.5977145433425903,0.8601289987564087,-0.1584009975194931,0.46331292390823364,0.8562148809432983,-0.17498204112052917
86,bend,a12_s09_e02,0.5577764511108398,0.5600616931915283,-0.5939049124717712,0.5633447170257568,0.5506149530410767,-0.5970296859741211,0.5662053823471069,0.5491191744804382,-0.5969875454902649,0.5687354207038879,0.5472800731658936,-0.5970779657363892,0.5534338355064392,0.5496699810028076,-0.600568413734436,0.5494009256362915,0.5473906397819519,-0.6006635427474976,0.545606255531311,0.5449203848838806,-0.6006773710250854,0.5720031261444092,0.5321222543716431,-0.5178568959236145,0.5398496389389038,0.5320906043052673,-0.5330688953399658,0.5607322454452515,0.5614403486251831,-0.5528175234794617,0.5491955876350403,0.5608494877815247,-0.5577191114425659,0.5875884294509888,0.5458787679672241,-0.36629730463027954,0.5012648105621338,0.5357716679573059,-0.39285871386528015,0.5694400072097778,0.641717791557312,-0.3174275755882263,0.496989905834198,0.640367329120636,-0.37664225697517395,0.5607954263687134,0.7341140508651733,-0.3555203378200531,0.5078797936439514,0.73384690284729,-0.40657463669776917,0.5595778226852417,0.7633798122406006,-0.3812867999076843,0.5064322352409363,0.7591050863265991,-0.436568021774292,0.5509330630302429,0.76277756690979,-0.4000523090362549,0.5179848670959473,0.7618286609649658,-0.4541343152523041,0.5516216158866882,0.7544766664505005,-0.36448317766189575,0.519615113735199,0.7540163397789001,-0.4145258367061615,0.554409384727478,0.5422465801239014,0.0036350630689412355,0.5012559294700623,0.5345786809921265,-0.003581645432859659,0.5699518918991089,0.6751407980918884,-0.15537457168102264,0.4839932918548584,0.6722046732902527,-0.15420415997505188,0.5850467085838318,0.8126888275146484,-0.05252397805452347,0.4672226905822754,0.8065046072006226,-0.06022058054804802,0.5786585211753845,0.8325088024139404,-0.04798080772161484,0.46726328134536743,0.8286977410316467,-0.05602193623781204,0.5977262258529663,0.8604078888893127,-0.17892779409885406,0.46322789788246155,0.8562013506889343,-0.18670569360256195
87,bend,a12_s09_e02,0.5589594841003418,0.5503580570220947,-0.626761257648468,0.564949631690979,0.5396942496299744,-0.6267082691192627,0.5680234432220459,0.5382703542709351,-0.6266689300537109,0.5707470178604126,0.5365003347396851,-0.6267760992050171,0.5545556545257568,0.5386604070663452,-0.630645215511322,0.5504132509231567,0.5364802479743958,-0.6307482123374939,0.5465343594551086,0.5340756773948669,-0.6307722330093384,0.5738884210586548,0.5233586430549622,-0.534514844417572,0.5409096479415894,0.5220114588737488,-0.5515661239624023,0.562066376209259,0.5527182221412659,-0.5820337533950806,0.5503692030906677,0.5515472292900085,-0.5874009132385254,0.5880600810050964,0.5383481979370117,-0.3774070143699646,0.5025995969772339,0.5290178656578064,-0.41175922751426697,0.5694606900215149,0.6312340497970581,-0.33538663387298584,0.4977784752845764,0.6333006024360657,-0.4064212739467621,0.5616569519042969,0.7266162037849426,-0.38638168573379517,0.509067952632904,0.7261014580726624,-0.4474058747291565,0.5597196817398071,0.7567178606987,-0.4144744277000427,0.5073114633560181,0.7533369660377502,-0.48043298721313477,0.5512770414352417,0.7560053467750549,-0.434797465801239,0.5187323093414307,0.7558892369270325,-0.49943190813064575,0.5516816973686218,0.7476972937583923,-0.39632079005241394,0.5209795236587524,0.7485847473144531,-0.45600253343582153,0.5543109774589539,0.5447701215744019,0.0037515070289373398,0.5012603998184204,0.537301778793335,-0.003697843523696065,0.5698204040527344,0.6786962747573853,-0.1592034101486206,0.4833095669746399,0.6754502058029175,-0.1463453769683838,0.5849974155426025,0.812112033367157,-0.0431845597922802,0.46763625741004944,0.8061702251434326,-0.04804914817214012,0.5783533453941345,0.8313755393028259,-0.037771813571453094,0.46813449263572693,0.8280120491981506,-0.04379155859351158,0.5973728895187378,0.8603856563568115,-0.1707998365163803,0.46294984221458435,0.8562125563621521,-0.17288587987422943
88,bend,a12_s09_e02,0.5587264895439148,0.5394872426986694,-0.6120709180831909,0.5646184086799622,0.5282402634620667,-0.6120649576187134,0.5678754448890686,0.5270349979400635,-0.612031102180481,0.5708538889884949,0.5254537463188171,-0.6121427416801453,0.5542334914207458,0.5273044109344482,-0.6159586310386658,0.5501888394355774,0.5253974795341492,-0.6160551905632019,0.5463777780532837,0.5232041478157043,-0.6160772442817688,0.5742940306663513,0.5136793851852417,-0.5244787931442261,0.5405910611152649,0.5112066864967346,-0.5404124855995178,0.5623118281364441,0.5427560210227966,-0.5684416890144348,0.5504437685012817,0.5417620539665222,-0.5738236308097839,0.5890001058578491,0.5290836095809937,-0.37135595083236694,0.5030183792114258,0.518774688243866,-0.4041164815425873,0.5694757103919983,0.6253629922866821,-0.32884058356285095,0.4985663890838623,0.6276246905326843,-0.39760562777519226,0.5624847412109375,0.7217638492584229,-0.3738684058189392,0.5128721594810486,0.7186535000801086,-0.4347243905067444,0.5607596039772034,0.7520064115524292,-0.40048712491989136,0.509878396987915,0.7480450868606567,-0.4662533402442932,0.5517971515655518,0.7505719661712646,-0.42035922408103943,0.5205941796302795,0.7496774792671204,-0.4847370684146881,0.5520109534263611,0.7420724630355835,-0.3833767771720886,0.5242874622344971,0.7429813742637634,-0.4429410994052887,0.5542052388191223,0.5495293140411377,0.003874285612255335,0.501386284828186,0.5422646999359131,-0.003821107791736722,0.5698338150978088,0.681570827960968,-0.16462382674217224,0.48334264755249023,0.677049994468689,-0.15022686123847961,0.5848156213760376,0.8113973140716553,-0.046688683331012726,0.4683168828487396,0.8055673241615295,-0.04723319038748741,0.5779702663421631,0.8292259573936462,-0.04080737382173538,0.4698648452758789,0.826582133769989,-0.042483434081077576,0.5972992181777954,0.8603364825248718,-0.17151668667793274,0.4626838266849518,0.8561740517616272,-0.17312926054000854
89,bend,a12_s09_e02,0.5585079193115234,0.5303215384483337,-0.6172729134559631,0.5644723773002625,0.5190972089767456,-0.6163243651390076,0.5678536295890808,0.5179406404495239,-0.6162906289100647,0.5709573030471802,0.516357421875,-0.6164066791534424,0.5539851188659668,0.5175086855888367,-0.619902491569519,0.5499876737594604,0.5154232382774353,-0.6200043559074402,0.5462203025817871,0.5133257508277893,-0.6200224161148071,0.574780285358429,0.5034883618354797,-0.523354172706604,0.5403982400894165,0.5014938712120056,-0.539618194103241,0.5622060298919678,0.5353081822395325,-0.5725311040878296,0.5503100752830505,0.5335716605186462,-0.5777823328971863,0.5893676280975342,0.5237576961517334,-0.37051278352737427,0.5032687187194824,0.5124388337135315,-0.4056228697299957,0.5694904327392578,0.6204671263694763,-0.32692572474479675,0.49880948662757874,0.6182673573493958,-0.40012115240097046,0.5629375576972961,0.7156017422676086,-0.36731603741645813,0.513323962688446,0.7114827036857605,-0.4374536871910095,0.5613447427749634,0.7456467151641846,-0.3929978907108307,0.5100554823875427,0.7404460310935974,-0.4691861569881439,0.5524568557739258,0.7437196969985962,-0.413236528635025,0.5207201242446899,0.7418276071548462,-0.4877912104129791,0.5521522760391235,0.7347785234451294,-0.37672334909439087,0.5247443318367004,0.7350772023200989,-0.44559940695762634,0.5535708665847778,0.5561888217926025,0.004408688750118017,0.501596987247467,0.546292245388031,-0.004366367124021053,0.5698379278182983,0.6841636896133423,-0.17975163459777832,0.48333540558815,0.6771250367164612,-0.18126806616783142,0.5843676924705505,0.8110486268997192,-0.0669553354382515,0.4684496521949768,0.8058570623397827,-0.07828119397163391,0.5771878957748413,0.8290978074073792,-0.06155520677566528,0.4704832136631012,0.8266296982765198,-0.07349343597888947,0.5977184772491455,0.859944760799408,-0.19204698503017426,0.46203702688217163,0.8560659885406494,-0.20869438350200653
90,bend,a12_s09_e02,0.5590158700942993,0.5227712988853455,-0.5867889523506165,0.5656114816665649,0.5116826891899109,-0.5849316716194153,0.5691735148429871,0.5104808211326599,-0.5849049091339111,0.572340726852417,0.5088216662406921,-0.5850332379341125,0.5546549558639526,0.5096566081047058,-0.5880059003829956,0.5505755543708801,0.5070931315422058,-0.5880857706069946,0.5467602014541626,0.5043270587921143,-0.5880858898162842,0.5759619474411011,0.49588680267333984,-0.49693194031715393,0.5402397513389587,0.491991251707077,-0.5114901065826416,0.5623210668563843,0.5280842185020447,-0.5449644327163696,0.5504150390625,0.5261010527610779,-0.5497058033943176,0.5898884534835815,0.5184006094932556,-0.36063921451568604,0.5032278299331665,0.5066420435905457,-0.38852474093437195,0.5697519779205322,0.6181584596633911,-0.32461535930633545,0.4993579387664795,0.6116124391555786,-0.38948503136634827,0.5639104843139648,0.7139975428581238,-0.3553043007850647,0.5131841897964478,0.7061386704444885,-0.41631922125816345,0.563201367855072,0.7440376877784729,-0.3792077302932739,0.509939968585968,0.7354647517204285,-0.44350942969322205,0.5532049536705017,0.7399373650550842,-0.3981223702430725,0.5206281542778015,0.7365779280662537,-0.46151700615882874,0.5524677038192749,0.7307203412055969,-0.36295706033706665,0.5245876908302307,0.729270339012146,-0.4234159588813782,0.5532066226005554,0.5572320222854614,0.004236533772200346,0.5017439126968384,0.5464147925376892,-0.00421051075682044,0.5696200132369995,0.6846923232078552,-0.16210564970970154,0.48339882493019104,0.6771226525306702,-0.16326065361499786,0.5839325189590454,0.809458315372467,-0.057019978761672974,0.46778392791748047,0.8105078935623169,-0.06684167683124542,0.5764633417129517,0.8272905349731445,-0.05191350728273392,0.47014838457107544,0.8308055996894836,-0.062339283525943756,0.5977115631103516,0.8600155711174011,-0.17590905725955963,0.46143215894699097,0.8554144501686096,-0.18926016986370087
91,bend,a12_s09_e02,0.5593926310539246,0.5111574530601501,-0.6525176763534546,0.5659188628196716,0.49882829189300537,-0.6484366059303284,0.5694900155067444,0.4976690411567688,-0.6484278440475464,0.5727569460868835,0.4962424039840698,-0.64858078956604,0.5548740029335022,0.4974375367164612,-0.651489794254303,0.5508025884628296,0.49533480405807495,-0.6515750885009766,0.5470508337020874,0.49299192428588867,-0.651584267616272,0.5765804052352905,0.48559239506721497,-0.5443546175956726,0.5401226282119751,0.4825585186481476,-0.5578206181526184,0.5624344348907471,0.5167734026908875,-0.6050978302955627,0.550769031047821,0.5149966478347778,-0.6094834208488464,0.5906761288642883,0.5092403292655945,-0.3971252739429474,0.5033622980117798,0.5012480616569519,-0.4186441898345947,0.5709522366523743,0.6128512024879456,-0.37069451808929443,0.49987873435020447,0.6079007387161255,-0.41086211800575256,0.5659177303314209,0.7121874690055847,-0.424203485250473,0.5130050778388977,0.7022629976272583,-0.4553984999656677,0.5651472806930542,0.7423143982887268,-0.4563462734222412,0.509840726852417,0.7306835055351257,-0.48986563086509705,0.5543235540390015,0.736294686794281,-0.47908949851989746,0.5205522775650024,0.7313192486763,-0.513058066368103,0.5532194972038269,0.7264205813407898,-0.4344302713871002,0.5243533253669739,0.7233424782752991,-0.4656265377998352,0.5532357096672058,0.5580097436904907,0.004179361276328564,0.5019577741622925,0.5481124520301819,-0.004135762341320515,0.5693072080612183,0.6869202256202698,-0.17002305388450623,0.4834391474723816,0.6771974563598633,-0.16848959028720856,0.5837064981460571,0.8092943429946899,-0.05153351277112961,0.46752768754959106,0.811470627784729,-0.05963602662086487,0.5760482549667358,0.8269892334938049,-0.046099819242954254,0.47008833289146423,0.8315218687057495,-0.05501966550946236,0.5976358652114868,0.8613874316215515,-0.1791602224111557,0.4612888693809509,0.8533914685249329,-0.18751093745231628
92,bend,a12_s09_e02,0.5618271231651306,0.5003643035888672,-0.6702556610107422,0.5678392648696899,0.48842379450798035,-0.6636571288108826,0.5712395906448364,0.4873673617839813,-0.6636466383934021,0.5742678642272949,0.4859992265701294,-0.6637914776802063,0.5568308234214783,0.4869242012500763,-0.6679422855377197,0.5526872873306274,0.48488542437553406,-0.6680378913879395,0.5489476919174194,0.48243942856788635,-0.6680541038513184,0.5774498581886292,0.47505953907966614,-0.5509971976280212,0.5414679050445557,0.47311699390411377,-0.5702791213989258,0.5642924308776855,0.5061999559402466,-0.6200576424598694,0.5525359511375427,0.5047023892402649,-0.6261218786239624,0.5911980271339417,0.5038301944732666,-0.4017392694950104,0.5035544633865356,0.4931560754776001,-0.43542128801345825,0.5734280347824097,0.6087631583213806,-0.3816635012626648,0.4999519884586334,0.6038461327552795,-0.43962201476097107,0.5686063170433044,0.706745445728302,-0.45028582215309143,0.5137470960617065,0.6989529132843018,-0.49606412649154663,0.5670045614242554,0.7382341027259827,-0.48586612939834595,0.5111261606216431,0.7266560792922974,-0.5345048308372498,0.5558470487594604,0.7312766909599304,-0.5089411735534668,0.5219393968582153,0.7270694971084595,-0.5563622117042542,0.5547396540641785,0.720160186290741,-0.46110859513282776,0.5252403020858765,0.7186605930328369,-0.5057712197303772,0.5532405972480774,0.5617477893829346,0.005811488255858421,0.5019620656967163,0.5541431307792664,-0.005756251513957977,0.569301187992096,0.6871432662010193,-0.18568488955497742,0.48347052931785583,0.6814082860946655,-0.17416465282440186,0.5834328532218933,0.8084994554519653,-0.049923576414585114,0.4669174551963806,0.8140574097633362,-0.059305958449840546,0.5751309394836426,0.8258763551712036,-0.04354816675186157,0.47007307410240173,0.8326338529586792,-0.05160229280591011,0.5976465344429016,0.8616950511932373,-0.1791173666715622,0.461351215839386,0.8531063795089722,-0.18513216078281403
93,bend,a12_s09_e02,0.5616007447242737,0.49148836731910706,-0.6599341630935669,0.5677018761634827,0.48021090030670166,-0.6538692116737366,0.5709563493728638,0.47927528619766235,-0.6538611650466919,0.5739461183547974,0.4779528081417084,-0.6540045142173767,0.5567529201507568,0.47807011008262634,-0.6591354608535767,0.552672266960144,0.47579172253608704,-0.659241259098053,0.5488890409469604,0.4732021391391754,-0.6592639088630676,0.5773393511772156,0.4667228162288666,-0.5431462526321411,0.5412941575050354,0.4625132977962494,-0.5665941834449768,0.5641744136810303,0.4984157979488373,-0.6100884675979614,0.5525386333465576,0.49638938903808594,-0.6174448728561401,0.5911225080490112,0.4986768364906311,-0.3953879177570343,0.5034822821617126,0.4840175211429596,-0.4373728334903717,0.574567437171936,0.601733922958374,-0.3742927312850952,0.5005658864974976,0.5956969857215881,-0.4432855546474457,0.5690435767173767,0.699162483215332,-0.4395882487297058,0.5154918432235718,0.6918150186538696,-0.49719637632369995,0.5671061277389526,0.7298629879951477,-0.47410163283348083,0.5136913657188416,0.7195322513580322,-0.5361255407333374,0.5561111569404602,0.7241829037666321,-0.49701982736587524,0.5233699083328247,0.7214565277099609,-0.556007981300354,0.5551697611808777,0.7126957774162292,-0.45021334290504456,0.5262140035629272,0.7125394344329834,-0.5059505701065063,0.5530382990837097,0.5641552805900574,0.007394698914140463,0.5020740628242493,0.5583692193031311,-0.00734899053350091,0.5695188641548157,0.6910232901573181,-0.17322559654712677,0.4835810661315918,0.6824477910995483,-0.17430780827999115,0.583398699760437,0.8085482716560364,-0.035961754620075226,0.4674294590950012,0.8123281002044678,-0.05014561489224434,0.5750099420547485,0.8260429501533508,-0.02808140218257904,0.47140058875083923,0.8283008337020874,-0.04152187705039978,0.5977492928504944,0.8619747161865234,-0.1618329882621765,0.4619472026824951,0.851419985294342,-0.18053004145622253
94,bend,a12_s09_e02,0.5625367164611816,0.48166802525520325,-0.6457217335700989,0.5688602328300476,0.4686068296432495,-0.6394370198249817,0.5719894170761108,0.4676268994808197,-0.6394294500350952,0.574932336807251,0.46630534529685974,-0.6395686864852905,0.5577234029769897,0.4675782024860382,-0.6450909972190857,0.5535887479782104,0.46593615412712097,-0.6451987028121948,0.5496684312820435,0.46395477652549744,-0.6452241539955139,0.5778451561927795,0.4575183093547821,-0.5286177396774292,0.5411803722381592,0.45393162965774536,-0.5572882890701294,0.5650752782821655,0.48953524231910706,-0.5961559414863586,0.5535172820091248,0.48805493116378784,-0.6040534377098083,0.591035783290863,0.4934190511703491,-0.3806385397911072,0.5034612417221069,0.4788210690021515,-0.4334617257118225,0.5762381553649902,0.5974682569503784,-0.3629720211029053,0.5020599365234375,0.5898556113243103,-0.4394304156303406,0.5701656341552734,0.6944607496261597,-0.4156160354614258,0.5166314840316772,0.688390851020813,-0.49143701791763306,0.5680156946182251,0.7245258092880249,-0.44772085547447205,0.5151970982551575,0.7166125178337097,-0.5300203561782837,0.5575461983680725,0.7199522852897644,-0.4708200991153717,0.5241601467132568,0.7185153961181641,-0.549307107925415,0.5566843748092651,0.7085820436477661,-0.426107257604599,0.5269378423690796,0.7090661525726318,-0.499685674905777,0.5529415607452393,0.5673248171806335,0.015037791803479195,0.5016877055168152,0.5628408193588257,-0.015042008832097054,0.5696170330047607,0.6935908198356628,-0.1509842425584793,0.4838389456272125,0.6845893263816833,-0.16876377165317535,0.582903265953064,0.8085677623748779,0.0001889767445391044,0.4675087034702301,0.8118986487388611,-0.0371137373149395,0.5740855932235718,0.8259226083755493,0.009050264954566956,0.47128310799598694,0.8278496861457825,-0.028811141848564148,0.5978190302848816,0.8621619939804077,-0.11221212148666382,0.46295422315597534,0.849677324295044,-0.16479772329330444
95,bend,a12_s09_e02,0.562976062297821,0.47268787026405334,-0.6496554613113403,0.5689390897750854,0.46089041233062744,-0.6415892243385315,0.5721251368522644,0.46007612347602844,-0.6415968537330627,0.5750142335891724,0.4587664306163788,-0.6417475342750549,0.5581682920455933,0.45947885513305664,-0.6485589146614075,0.5541426539421082,0.4579526484012604,-0.6486647129058838,0.5500870943069458,0.4558427631855011,-0.6486926674842834,0.5778793096542358,0.45001932978630066,-0.527032196521759,0.5410913228988647,0.4465371370315552,-0.5563700795173645,0.5654696226119995,0.480649471282959,-0.5978453755378723,0.5541171431541443,0.48060673475265503,-0.607315182685852,0.5909792184829712,0.4894128441810608,-0.3756977915763855,0.5037909746170044,0.4747374355792999,-0.437747061252594,0.5772883296012878,0.594237744808197,-0.358403742313385,0.5033403635025024,0.5843744874000549,-0.4413689076900482,0.5704416036605835,0.6913226246833801,-0.408820241689682,0.5168267488479614,0.6839495897293091,-0.49720901250839233,0.568588376045227,0.7186476588249207,-0.44128742814064026,0.5148582458496094,0.711588978767395,-0.5377758741378784,0.5587495565414429,0.7150151133537292,-0.46740689873695374,0.5239208936691284,0.7136742472648621,-0.5585211515426636,0.5573280453681946,0.7047328352928162,-0.4202233850955963,0.5267852544784546,0.7044855952262878,-0.5062424540519714,0.5529336929321289,0.5677700638771057,0.02080129273235798,0.5016950964927673,0.5644305944442749,-0.020793583244085312,0.5701166391372681,0.6955496072769165,-0.10251079499721527,0.4844502806663513,0.6868101954460144,-0.15963830053806305,0.5824429988861084,0.8077794313430786,0.05409872531890869,0.4675500988960266,0.8117431998252869,-0.014500816352665424,0.5733501315116882,0.8241570591926575,0.06315566599369049,0.471123069524765,0.8278915286064148,-0.005751938559114933,0.5978180170059204,0.862057089805603,-0.05603382736444473,0.46382850408554077,0.8482391834259033,-0.14268234372138977
96,bend,a12_s09_e02,0.5638279914855957,0.4618017077445984,-0.6762458086013794,0.569329559803009,0.4508185088634491,-0.6656838655471802,0.5724533200263977,0.4499607980251312,-0.6657077074050903,0.5752704739570618,0.44863060116767883,-0.6658623814582825,0.5591235160827637,0.4492446184158325,-0.6749709248542786,0.5549258589744568,0.44735440611839294,-0.6750741004943848,0.5506903529167175,0.4449900686740875,-0.6751113533973694,0.5777472257614136,0.4396841824054718,-0.5378818511962891,0.5410746932029724,0.43625351786613464,-0.5802572965621948,0.5656198263168335,0.4696076810359955,-0.6211584806442261,0.5550852417945862,0.4694257378578186,-0.6336880326271057,0.5908983945846558,0.4804590046405792,-0.3797115087509155,0.504299521446228,0.4702959358692169,-0.46610814332962036,0.5779423117637634,0.5849507451057434,-0.35511094331741333,0.5044687986373901,0.5797925591468811,-0.47495055198669434,0.5705869793891907,0.683702826499939,-0.4241160750389099,0.5171006321907043,0.6766870617866516,-0.538844108581543,0.5691899061203003,0.7100443243980408,-0.45914363861083984,0.5147992372512817,0.702885627746582,-0.583926796913147,0.559567928314209,0.7061888575553894,-0.48913708329200745,0.5237783193588257,0.704724133014679,-0.6055885553359985,0.557723343372345,0.6976640820503235,-0.4376286566257477,0.5266987681388855,0.6969465613365173,-0.5485519170761108,0.5528513789176941,0.5680425763130188,0.027963250875473022,0.5016824007034302,0.5654681324958801,-0.027974287047982216,0.570761501789093,0.6954073309898376,-0.05710912495851517,0.48622313141822815,0.6870795488357544,-0.1582663357257843,0.5820606350898743,0.8078014850616455,0.11809647083282471,0.4675670266151428,0.811905562877655,-0.005546445958316326,0.5728363394737244,0.8234333395957947,0.1285913586616516,0.4700719714164734,0.8279315233230591,0.0038385249208658934,0.5978416204452515,0.8616037964820862,0.005829802714288235,0.46490544080734253,0.8478405475616455,-0.1401890516281128
97,bend,a12_s09_e02,0.5637248754501343,0.4514659643173218,-0.6738532781600952,0.5692974925041199,0.4391882121562958,-0.663641631603241,0.5723809003829956,0.4384690225124359,-0.6636672616004944,0.5752824544906616,0.4373643100261688,-0.6638220548629761,0.5596635937690735,0.4376004636287689,-0.6727342009544373,0.5555264949798584,0.435799777507782,-0.6728361248970032,0.551325261592865,0.43376287817955017,-0.6728665828704834,0.57791668176651,0.43047502636909485,-0.5367512702941895,0.541102409362793,0.4257790446281433,-0.5779749155044556,0.5654855966567993,0.46057626605033875,-0.6188807487487793,0.5550445318222046,0.45902010798454285,-0.6311313509941101,0.5908724665641785,0.47135159373283386,-0.3785323202610016,0.504286527633667,0.46369150280952454,-0.46410951018333435,0.5786260962486267,0.5783783197402954,-0.34836357831954956,0.5049425363540649,0.5747057795524597,-0.4682804048061371,0.5706883668899536,0.6783457398414612,-0.41518598794937134,0.5179781913757324,0.6708997488021851,-0.5294345021247864,0.5692986249923706,0.7052815556526184,-0.4486605226993561,0.5156041383743286,0.6959781646728516,-0.5734664797782898,0.5597569942474365,0.700967013835907,-0.47777995467185974,0.5241373777389526,0.6973830461502075,-0.5948256850242615,0.5578131675720215,0.6920349597930908,-0.4279842972755432,0.5269240140914917,0.6895621418952942,-0.5387179851531982,0.5527046918869019,0.5672800540924072,0.029975537210702896,0.5011900663375854,0.5646358728408813,-0.030004208907485008,0.571299135684967,0.6950256824493408,-0.05352749302983284,0.4873972535133362,0.6869143843650818,-0.15837091207504272,0.5820223689079285,0.8078622817993164,0.11297173798084259,0.46756711602211,0.8118311166763306,-0.015456045977771282,0.5729100704193115,0.8236287236213684,0.12257927656173706,0.46862465143203735,0.8279626965522766,-0.007004790939390659,0.5979781746864319,0.8614060878753662,-0.0007409072713926435,0.4652465283870697,0.8480548858642578,-0.1491544395685196
98,bend,a12_s09_e02,0.5637654662132263,0.4413048028945923,-0.6744663715362549,0.5692617297172546,0.4284815192222595,-0.6640284061431885,0.5723162889480591,0.42767080664634705,-0.6640558242797852,0.5752540230751038,0.42651399970054626,-0.664210855960846,0.5598438382148743,0.4276096224784851,-0.6728674173355103,0.5558652877807617,0.42608851194381714,-0.6729698777198792,0.5515434741973877,0.42399439215660095,-0.6730037927627563,0.5778375864028931,0.42115887999534607,-0.5363545417785645,0.5410743951797485,0.4170835316181183,-0.576263964176178,0.5654433965682983,0.4506765902042389,-0.6192976236343384,0.555130124092102,0.45054739713668823,-0.6311541795730591,0.5907319784164429,0.46420612931251526,-0.3779284358024597,0.5041616559028625,0.45692333579063416,-0.4622071385383606,0.5794166326522827,0.5708652138710022,-0.34473320841789246,0.5057649612426758,0.5705841183662415,-0.4638420641422272,0.5706548690795898,0.6697800159454346,-0.41291356086730957,0.5188083648681641,0.666477620601654,-0.5266410112380981,0.569332480430603,0.6974578499794006,-0.4468913972377777,0.5161157846450806,0.6912702918052673,-0.5705375075340271,0.5603604912757874,0.6940077543258667,-0.47679486870765686,0.5247315168380737,0.6927515268325806,-0.5921134352684021,0.5584470629692078,0.685137927532196,-0.426077663898468,0.5271738767623901,0.6851790547370911,-0.5358895659446716,0.552661657333374,0.5664158463478088,0.02916961908340454,0.5009559392929077,0.5631079077720642,-0.029204607009887695,0.5713540315628052,0.6943832635879517,-0.04893099144101143,0.4879625737667084,0.68686443567276,-0.15574228763580322,0.5819666981697083,0.8077468872070312,0.122489333152771,0.4677828848361969,0.8112030029296875,-0.013270626775920391,0.5728961229324341,0.8233070373535156,0.13249346613883972,0.46821895241737366,0.8276112675666809,-0.004821974318474531,0.5978051424026489,0.8611000776290894,0.006920171435922384,0.4654476046562195,0.8481666445732117,-0.15019066631793976
99,bend,a12_s09_e02,0.563698410987854,0.43044498562812805,-0.6703999042510986,0.5691536664962769,0.4180590808391571,-0.6599869728088379,0.5722039937973022,0.4174080193042755,-0.6600174307823181,0.575140118598938,0.4164741337299347,-0.6601763367652893,0.5596734285354614,0.4168842136859894,-0.6683478355407715,0.555648148059845,0.415066659450531,-0.6684504151344299,0.5514954328536987,0.4130806028842926,-0.6684896945953369,0.5777661800384521,0.410455584526062,-0.5351028442382812,0.5410262942314148,0.40824800729751587,-0.5716911554336548,0.5653735995292664,0.4404151737689972,-0.6158478856086731,0.5550702810287476,0.44117504358291626,-0.6270501613616943,0.5903088450431824,0.45630064606666565,-0.3753439486026764,0.5039944052696228,0.4506855905056,-0.4600037932395935,0.5800459384918213,0.5669973492622375,-0.34058618545532227,0.507029116153717,0.5667950510978699,-0.4595872759819031,0.570697546005249,0.6640973687171936,-0.4107392430305481,0.5200638175010681,0.6607964634895325,-0.5216180086135864,0.5693755745887756,0.6924456357955933,-0.44414931535720825,0.517017662525177,0.6862784028053284,-0.5652369260787964,0.5605472326278687,0.6891146898269653,-0.47327715158462524,0.5258757472038269,0.6879608631134033,-0.5868515372276306,0.5585288405418396,0.6803003549575806,-0.42333492636680603,0.5281494855880737,0.6799027919769287,-0.5308388471603394,0.5522521734237671,0.5658490061759949,0.0288931243121624,0.5004059076309204,0.5623767375946045,-0.028932619839906693,0.5713471174240112,0.6935400366783142,-0.05627143383026123,0.48817843198776245,0.6866336464881897,-0.15951062738895416,0.5819414258003235,0.807199239730835,0.11544592678546906,0.4679805636405945,0.8111050724983215,-0.01805444434285164,0.5729148387908936,0.8223385214805603,0.12563945353031158,0.4681583344936371,0.827609121799469,-0.010537929832935333,0.5974485874176025,0.8602376580238342,0.0013448239769786596,0.46555018424987793,0.8482570052146912,-0.157629132270813
100,bend,a12_s09_e02,0.5635571479797363,0.4199450612068176,-0.6685433387756348,0.5688427686691284,0.407920777797699,-0.6576501131057739,0.5717455148696899,0.4070097506046295,-0.6576770544052124,0.5746876001358032,0.40587106347084045,-0.6578350067138672,0.5591425895690918,0.4066448509693146,-0.6652141213417053,0.5547047853469849,0.404658704996109,-0.6653229594230652,0.5503883361816406,0.40244531631469727,-0.6653633117675781,0.577576220035553,0.3997233211994171,-0.5340284705162048,0.5408971309661865,0.39733240008354187,-0.5701344609260559,0.5652247667312622,0.4294886291027069,-0.6143295764923096,0.5549672245979309,0.429729163646698,-0.6244415044784546,0.5898874998092651,0.449667364358902,-0.37316566705703735,0.5036684274673462,0.44406479597091675,-0.45724231004714966,0.5803695917129517,0.560172438621521,-0.3359665274620056,0.5074230432510376,0.5580790042877197,-0.45500069856643677,0.570715069770813,0.6590408086776733,-0.40520206093788147,0.5209671258926392,0.6551039218902588,-0.5161259770393372,0.5694867372512817,0.6886753439903259,-0.4395994544029236,0.5177667140960693,0.6797125935554504,-0.5590200424194336,0.5604051351547241,0.6847715973854065,-0.4728386402130127,0.5266367197036743,0.6819645762443542,-0.580906093120575,0.5584588646888733,0.6757565140724182,-0.41904568672180176,0.5290302038192749,0.6737616658210754,-0.5253633260726929,0.5504092574119568,0.5652431845664978,0.02816128171980381,0.4991658329963684,0.5623090863227844,-0.02821177802979946,0.5712067484855652,0.6932608485221863,-0.05496447533369064,0.48807597160339355,0.6863981485366821,-0.1510940045118332,0.5819443464279175,0.8071971535682678,0.12383991479873657,0.46810680627822876,0.8110822439193726,-0.00653868680819869,0.5729177594184875,0.8218434453010559,0.134699285030365,0.4683085083961487,0.8275588750839233,0.0019671476911753416,0.5972977876663208,0.8592455983161926,0.009823493659496307,0.4654609262943268,0.8493683934211731,-0.14658042788505554
101,bend,a12_s09_e02,0.5634185075759888,0.40869852900505066,-0.6638826131820679,0.568336009979248,0.39643409848213196,-0.6552437543869019,0.5711313486099243,0.39562666416168213,-0.6552505493164062,0.5740485787391663,0.39484626054763794,-0.6553940176963806,0.5585435032844543,0.395567923784256,-0.6637197136878967,0.5538631677627563,0.3938838839530945,-0.6638139486312866,0.5494512915611267,0.39187729358673096,-0.6638355851173401,0.5770758390426636,0.3898598849773407,-0.5274413824081421,0.5406976342201233,0.387063592672348,-0.5556975603103638,0.5650520324707031,0.4190217852592468,-0.6109655499458313,0.5547059178352356,0.41808903217315674,-0.6211703419685364,0.5898298025131226,0.44482681155204773,-0.37302035093307495,0.5030759572982788,0.4390571415424347,-0.4526679515838623,0.5807912349700928,0.5530008673667908,-0.336981862783432,0.5072014927864075,0.5493600964546204,-0.443060964345932,0.5712271928787231,0.6527547240257263,-0.4061617851257324,0.5211465954780579,0.6462889313697815,-0.5121686458587646,0.5696807503700256,0.6820576190948486,-0.4411916136741638,0.5178316831588745,0.6732556819915771,-0.552108883857727,0.5602993965148926,0.6776057481765747,-0.4726155698299408,0.5265690088272095,0.6749769449234009,-0.5712971091270447,0.5584143400192261,0.6700515151023865,-0.4198921322822571,0.5291270613670349,0.6673526763916016,-0.519611656665802,0.5501290559768677,0.5617821216583252,0.0266367606818676,0.49896135926246643,0.5601517558097839,-0.02666805125772953,0.571067214012146,0.6932041049003601,-0.04918629303574562,0.4880081117153168,0.6861588358879089,-0.13945657014846802,0.5819589495658875,0.8078486323356628,0.12507033348083496,0.4680955410003662,0.8125593066215515,0.000917850702535361,0.5729360580444336,0.8218926787376404,0.13530585169792175,0.46831145882606506,0.8290660381317139,0.008984958752989769,0.5972917079925537,0.8592878580093384,0.008204659447073936,0.46468764543533325,0.8513296246528625,-0.14044860005378723
102,bend,a12_s09_e02,0.5629073977470398,0.39858728647232056,-0.6562541723251343,0.567720353603363,0.38600820302963257,-0.6432290077209473,0.5702407360076904,0.3855396807193756,-0.6432467699050903,0.5731886625289917,0.38475316762924194,-0.6433881521224976,0.5574949979782104,0.38517263531684875,-0.6482771039009094,0.552642822265625,0.383720338344574,-0.6483877897262573,0.5483576059341431,0.38195064663887024,-0.6484278440475464,0.5762438178062439,0.38080474734306335,-0.5147144198417664,0.5405629873275757,0.3784710466861725,-0.5357574224472046,0.5647615194320679,0.40947267413139343,-0.6033668518066406,0.5541723966598511,0.40905246138572693,-0.6098912954330444,0.5897460579872131,0.43951335549354553,-0.36797279119491577,0.5025392770767212,0.43415966629981995,-0.42791396379470825,0.5809024572372437,0.545825183391571,-0.32969287037849426,0.5069970488548279,0.5460006594657898,-0.41830354928970337,0.5715569853782654,0.6458384990692139,-0.39626720547676086,0.5208126306533813,0.6374053359031677,-0.48444756865501404,0.5700587630271912,0.675392210483551,-0.429918110370636,0.5176500082015991,0.6661590337753296,-0.52335125207901,0.560577392578125,0.6710371375083923,-0.46166515350341797,0.5264135599136353,0.6664285063743591,-0.5477250814437866,0.558616042137146,0.662991464138031,-0.40986713767051697,0.5289961695671082,0.6588044762611389,-0.49450811743736267,0.5501980781555176,0.5595951080322266,0.02393384277820587,0.4990287721157074,0.5591264963150024,-0.02400009147822857,0.570918083190918,0.6932704448699951,-0.04273642599582672,0.48798424005508423,0.6870585680007935,-0.1087552160024643,0.5821500420570374,0.809237539768219,0.13409513235092163,0.46833834052085876,0.8126199245452881,0.03760983794927597,0.5733274817466736,0.8236798644065857,0.14420081675052643,0.46867793798446655,0.8299474716186523,0.04586087912321091,0.5972293615341187,0.8596981167793274,0.014813780784606934,0.46258679032325745,0.85191410779953,-0.10222379863262177
103,bend,a12_s09_e02,0.5627633333206177,0.3868925869464874,-0.6053050756454468,0.5676771402359009,0.37283051013946533,-0.5907184481620789,0.5701555013656616,0.37248319387435913,-0.5907410979270935,0.5730088949203491,0.37214913964271545,-0.5908622145652771,0.5570050477981567,0.3718782365322113,-0.596978485584259,0.5521179437637329,0.3704901337623596,-0.5971054434776306,0.5478208065032959,0.36899182200431824,-0.5971511006355286,0.5756205916404724,0.3711157441139221,-0.4649113118648529,0.5404297709465027,0.36673179268836975,-0.49305564165115356,0.564732551574707,0.3987974226474762,-0.5542086362838745,0.5539159774780273,0.398956298828125,-0.5626674890518188,0.5896857976913452,0.43357616662979126,-0.32283294200897217,0.5025395750999451,0.4278978705406189,-0.4000132083892822,0.5810002684593201,0.5397967100143433,-0.27402248978614807,0.5069097280502319,0.5414469838142395,-0.38891592621803284,0.5719038248062134,0.6367343068122864,-0.334977924823761,0.5206112265586853,0.6293434500694275,-0.4488371014595032,0.5709627866744995,0.667131245136261,-0.3645692467689514,0.5178261995315552,0.6589924693107605,-0.48746809363365173,0.5624970197677612,0.6633974313735962,-0.39618441462516785,0.5264096856117249,0.6582012176513672,-0.5115668773651123,0.5602136850357056,0.6530386805534363,-0.3486586809158325,0.528985857963562,0.6495646834373474,-0.45886802673339844,0.5503350496292114,0.5608437657356262,0.024779552593827248,0.4990635812282562,0.5596538782119751,-0.024836834520101547,0.5706102252006531,0.6965533494949341,-0.023415623232722282,0.4879510998725891,0.6884663105010986,-0.11746138334274292,0.5829938054084778,0.8130096793174744,0.16117271780967712,0.4693733751773834,0.8114010691642761,0.03322916105389595,0.5746752023696899,0.8271798491477966,0.17180995643138885,0.4692023694515228,0.8276262879371643,0.04215025156736374,0.5972685217857361,0.8600884079933167,0.048040833324193954,0.462731271982193,0.8528187870979309,-0.10097186267375946
104,bend,a12_s09_e02,0.5621494054794312,0.3762649595737457,-0.5764792561531067,0.5673324465751648,0.36370623111724854,-0.5619350671768188,0.569881796836853,0.36339709162712097,-0.5619553923606873,0.5724745988845825,0.36316177248954773,-0.5620666146278381,0.5562260746955872,0.3619398772716522,-0.5682060718536377,0.5512439608573914,0.3606105446815491,-0.5683221817016602,0.5469192266464233,0.3593158423900604,-0.5683658123016357,0.5744861364364624,0.363434374332428,-0.43761810660362244,0.5397767424583435,0.3581007122993469,-0.46572333574295044,0.5644892454147339,0.3894769251346588,-0.5260159969329834,0.5528867840766907,0.3896384835243225,-0.5344785451889038,0.5893110632896423,0.4280991852283478,-0.2978580594062805,0.5016114711761475,0.42262253165245056,-0.3756188452243805,0.5809388160705566,0.533128023147583,-0.2470814734697342,0.5064101815223694,0.5369524359703064,-0.36308011412620544,0.5722693204879761,0.6297575831413269,-0.31303563714027405,0.5208701491355896,0.6235160827636719,-0.4238729476928711,0.5715705156326294,0.6595364809036255,-0.34314796328544617,0.5194618701934814,0.6544411182403564,-0.4624505639076233,0.563345193862915,0.6569756865501404,-0.37473687529563904,0.5278750658035278,0.6531375646591187,-0.4859461784362793,0.5612295269966125,0.6455879807472229,-0.326861172914505,0.5302633047103882,0.6432344317436218,-0.433525025844574,0.5502275824546814,0.5613295435905457,0.024454860016703606,0.4990532398223877,0.5601164698600769,-0.02450583688914776,0.570569634437561,0.6967600584030151,-0.01708720438182354,0.48787403106689453,0.6892729997634888,-0.10196244716644287,0.5833680033683777,0.8129621744155884,0.16600438952445984,0.4701274037361145,0.81047123670578,0.052207835018634796,0.5754530429840088,0.8270941972732544,0.1765659600496292,0.47005343437194824,0.8264582753181458,0.061491478234529495,0.5972135663032532,0.8600822687149048,0.05335146188735962,0.4627622663974762,0.8533172607421875,-0.07753400504589081
105,bend,a12_s09_e02,0.5614427924156189,0.3665963113307953,-0.538396418094635,0.56658935546875,0.3545573651790619,-0.5232666730880737,0.5692049264907837,0.3547280728816986,-0.5232750773429871,0.5713600516319275,0.35460302233695984,-0.5233653783798218,0.5556592345237732,0.3523308038711548,-0.5305014848709106,0.5508700013160706,0.35099348425865173,-0.5306103229522705,0.5466249585151672,0.34967929124832153,-0.5306528210639954,0.5727821588516235,0.35576102137565613,-0.40100860595703125,0.5392755270004272,0.35018351674079895,-0.43363648653030396,0.5640326738357544,0.38044410943984985,-0.4892374575138092,0.5521648526191711,0.37967821955680847,-0.4989567697048187,0.58847576379776,0.42246904969215393,-0.26833879947662354,0.500913679599762,0.41861286759376526,-0.3516749143600464,0.5808622241020203,0.5225383043289185,-0.21793869137763977,0.5044008493423462,0.5274128317832947,-0.34448114037513733,0.5728217959403992,0.6214563250541687,-0.28984159231185913,0.5208669304847717,0.6166624426841736,-0.405661404132843,0.572590172290802,0.6485341191291809,-0.32033079862594604,0.520267128944397,0.6458323001861572,-0.44353145360946655,0.564663827419281,0.6478425860404968,-0.3518787622451782,0.5285459756851196,0.6459212899208069,-0.465984582901001,0.562850832939148,0.6375623345375061,-0.30394843220710754,0.5309076905250549,0.6352683305740356,-0.41476908326148987,0.550269603729248,0.5642308592796326,0.023777300491929054,0.499330997467041,0.5617856979370117,-0.023844975978136063,0.5704325437545776,0.6983361840248108,0.011653780937194824,0.4877120852470398,0.6909732818603516,-0.06686122715473175,0.5835359692573547,0.8127966523170471,0.1900928020477295,0.47046026587486267,0.8110202550888062,0.07971713691949844,0.5760357975959778,0.8269843459129333,0.20041175186634064,0.47039929032325745,0.8277269601821899,0.08796092122793198,0.5972123742103577,0.8593825697898865,0.08313509821891785,0.4625066816806793,0.8535680174827576,-0.045617155730724335
106,bend,a12_s09_e02,0.5604234337806702,0.3567144572734833,-0.5198216438293457,0.5659167766571045,0.34413251280784607,-0.5036341547966003,0.5686331391334534,0.34433478116989136,-0.5036424398422241,0.5705971717834473,0.3442500829696655,-0.5037214159965515,0.5547884106636047,0.34203460812568665,-0.5108215808868408,0.5501725673675537,0.34068095684051514,-0.5109270811080933,0.5460159778594971,0.339554101228714,-0.5109739899635315,0.5721195936203003,0.3472796082496643,-0.37973615527153015,0.5387777090072632,0.3421151041984558,-0.4123823046684265,0.5634572505950928,0.3701268434524536,-0.4704234004020691,0.5510269403457642,0.3685656189918518,-0.4801290035247803,0.5880156755447388,0.4178570806980133,-0.24704284965991974,0.5001260638237,0.4146898686885834,-0.338854044675827,0.5807905793190002,0.5164026618003845,-0.19646497070789337,0.5012029409408569,0.52112877368927,-0.3391231894493103,0.5729379057884216,0.6158221960067749,-0.2701680064201355,0.5213388204574585,0.6097585558891296,-0.4019852578639984,0.5729169249534607,0.6424299478530884,-0.3001723885536194,0.5220804810523987,0.6379116773605347,-0.4409632086753845,0.5654762983322144,0.6417188048362732,-0.33241114020347595,0.5305073261260986,0.6383704543113708,-0.4604467749595642,0.5637754797935486,0.6329010128974915,-0.2846381962299347,0.5326768159866333,0.6284078359603882,-0.4097752571105957,0.5504342317581177,0.5666466951370239,0.023600686341524124,0.49960193037986755,0.5626553297042847,-0.023663092404603958,0.5704677700996399,0.7008607387542725,0.013926799409091473,0.48764529824256897,0.6930650472640991,-0.05770158767700195,0.5836392045021057,0.8139358758926392,0.19910918176174164,0.4705328047275543,0.8110185861587524,0.10549692809581757,0.5762976408004761,0.8276296257972717,0.20997509360313416,0.47074419260025024,0.8280710577964783,0.11551369726657867,0.5972558259963989,0.859384298324585,0.09230078011751175,0.462228387594223,0.8536540269851685,-0.017326373606920242
107,bend,a12_s09_e02,0.5594889521598816,0.34635213017463684,-0.5092946290969849,0.5650043487548828,0.3345165550708771,-0.4916267991065979,0.5678390860557556,0.3348166346549988,-0.49163708090782166,0.569678783416748,0.3351210951805115,-0.4917105734348297,0.5538506507873535,0.3327547609806061,-0.4999113082885742,0.5492072701454163,0.331983745098114,-0.5000139474868774,0.5450447797775269,0.33144059777259827,-0.500064492225647,0.5707783699035645,0.33944717049598694,-0.366584837436676,0.5378274917602539,0.33521944284439087,-0.4042581617832184,0.5627138018608093,0.36035096645355225,-0.46006250381469727,0.5499300360679626,0.3592793047428131,-0.47122734785079956,0.5864460468292236,0.4121539890766144,-0.23756320774555206,0.49946340918540955,0.4110361337661743,-0.33839982748031616,0.5807440280914307,0.5117306113243103,-0.19178958237171173,0.4998871386051178,0.5163880586624146,-0.34377819299697876,0.5731397867202759,0.6105082035064697,-0.26902198791503906,0.5217248797416687,0.602508544921875,-0.40798187255859375,0.5739477276802063,0.6364777088165283,-0.2986755669116974,0.5222444534301758,0.6295770406723022,-0.44808048009872437,0.566828727722168,0.6354135870933533,-0.3312680125236511,0.5309594869613647,0.6300765872001648,-0.4674522280693054,0.5647994875907898,0.6275680661201477,-0.2839495837688446,0.5332108736038208,0.6217790842056274,-0.41590961813926697,0.5504897832870483,0.5676704049110413,0.023866409435868263,0.4999757409095764,0.5632023215293884,-0.023934070020914078,0.5703951120376587,0.7020266056060791,0.024404942989349365,0.4876163601875305,0.69350665807724,-0.07072587311267853,0.5837620496749878,0.8146582841873169,0.22006723284721375,0.4708613455295563,0.8097787499427795,0.10297556221485138,0.5765917301177979,0.8283265233039856,0.23155775666236877,0.47156938910484314,0.8271178603172302,0.11397840827703476,0.5972559452056885,0.8595475554466248,0.11100737005472183,0.4622410833835602,0.8536884784698486,-0.021252769976854324
108,bend,a12_s09_e02,0.5578921437263489,0.34066036343574524,-0.5034440755844116,0.5635002255439758,0.32898399233818054,-0.48579850792884827,0.5664088129997253,0.329465389251709,-0.48579859733581543,0.5681933164596558,0.32970041036605835,-0.4858711361885071,0.5523070096969604,0.32658472657203674,-0.49392324686050415,0.5477572083473206,0.32569172978401184,-0.49402785301208496,0.5437840223312378,0.3249456584453583,-0.49407821893692017,0.5695366859436035,0.3342053294181824,-0.36139047145843506,0.5365712642669678,0.3292890787124634,-0.398578405380249,0.5611473917961121,0.3552343249320984,-0.45454278588294983,0.5483910441398621,0.3535389006137848,-0.4655825197696686,0.5855001211166382,0.4093049168586731,-0.2330990731716156,0.4990256428718567,0.40709617733955383,-0.3320017457008362,0.5805797576904297,0.5088738799095154,-0.1851232498884201,0.4992353916168213,0.5121156573295593,-0.3378908038139343,0.5730949640274048,0.6057807803153992,-0.26397940516471863,0.5222688913345337,0.5945872664451599,-0.4048435091972351,0.574345588684082,0.6323596835136414,-0.29322385787963867,0.5227440595626831,0.6204622387886047,-0.44477933645248413,0.5674042701721191,0.6308186054229736,-0.32681727409362793,0.5314983129501343,0.6208065748214722,-0.46377691626548767,0.5651428699493408,0.6229601502418518,-0.27919769287109375,0.5338454246520996,0.613057017326355,-0.41256648302078247,0.5505300760269165,0.5660412907600403,0.023744214326143265,0.5000911951065063,0.5614732503890991,-0.023807335644960403,0.5700538754463196,0.7013539671897888,0.028342265635728836,0.48759007453918457,0.6931055188179016,-0.06432951986789703,0.5840390920639038,0.8146182298660278,0.21714425086975098,0.4708632528781891,0.8089914321899414,0.10268779844045639,0.577768862247467,0.8277760148048401,0.2279130518436432,0.4717070460319519,0.8253135085105896,0.11288058757781982,0.5967503786087036,0.859253466129303,0.10570745170116425,0.462256520986557,0.8536279201507568,-0.022517016157507896
109,bend,a12_s09_e02,0.5571478009223938,0.33460551500320435,-0.5088339447975159,0.5626377463340759,0.3223315477371216,-0.4910827577114105,0.5655099153518677,0.32280075550079346,-0.4910799562931061,0.5672951340675354,0.3230733275413513,-0.491157203912735,0.5513567328453064,0.31970319151878357,-0.49944305419921875,0.546966552734375,0.3187301456928253,-0.49954500794410706,0.542855441570282,0.31814759969711304,-0.49959439039230347,0.5684465169906616,0.3286016881465912,-0.36549103260040283,0.5351821184158325,0.32305315136909485,-0.40390148758888245,0.5604056119918823,0.34994885325431824,-0.4594481885433197,0.5477589964866638,0.3484959006309509,-0.47082406282424927,0.5846765041351318,0.4060511291027069,-0.23763827979564667,0.49813780188560486,0.40307170152664185,-0.33594149351119995,0.5800222158432007,0.5060840249061584,-0.19076263904571533,0.49886554479599,0.5075761675834656,-0.34311550855636597,0.5730768442153931,0.6012876629829407,-0.27118760347366333,0.5223797559738159,0.5869525671005249,-0.4097163677215576,0.5741978883743286,0.6278570294380188,-0.3007970154285431,0.5229021906852722,0.6137592792510986,-0.44985565543174744,0.5672728419303894,0.6264985799789429,-0.3348597586154938,0.531486451625824,0.614051878452301,-0.46871867775917053,0.5651403665542603,0.6186481714248657,-0.28670448064804077,0.5339046716690063,0.6061435341835022,-0.41751664876937866,0.5507290363311768,0.5646226406097412,0.023659687489271164,0.5002635717391968,0.5601405501365662,-0.023727739229798317,0.5700504779815674,0.7017942667007446,0.035316746681928635,0.4875423014163971,0.6933363080024719,-0.0544525571167469,0.5840656161308289,0.814651608467102,0.23356576263904572,0.4708521366119385,0.8090225458145142,0.12002484500408173,0.5784054398536682,0.8279196619987488,0.2451341599225998,0.4720316529273987,0.8252449035644531,0.13072307407855988,0.5965064167976379,0.8589445352554321,0.12126900255680084,0.4619625508785248,0.8543885946273804,-0.006642558611929417
110,bend,a12_s09_e02,0.555984616279602,0.33000504970550537,-0.49489298462867737,0.561398446559906,0.31712475419044495,-0.4767919182777405,0.5642357468605042,0.31767380237579346,-0.4767845571041107,0.5659371614456177,0.318048894405365,-0.47685328125953674,0.5501230359077454,0.3146109879016876,-0.4856085181236267,0.5459177494049072,0.3136528730392456,-0.485708624124527,0.5416862368583679,0.3131176829338074,-0.48576250672340393,0.5670311450958252,0.3239539563655853,-0.3499661386013031,0.5338658094406128,0.31853029131889343,-0.39002254605293274,0.5592137575149536,0.34596529603004456,-0.44497251510620117,0.5465811491012573,0.3447176516056061,-0.4568461775779724,0.584044337272644,0.4034067690372467,-0.223442941904068,0.4972158968448639,0.3992716670036316,-0.32247495651245117,0.5793026685714722,0.5008937120437622,-0.17411834001541138,0.4985586702823639,0.5018151998519897,-0.33107250928878784,0.5733240842819214,0.5956192016601562,-0.2626431882381439,0.5223091840744019,0.5810911059379578,-0.4037364423274994,0.5741816163063049,0.6229146718978882,-0.293230801820755,0.5232465863227844,0.6072847843170166,-0.4451102316379547,0.5677840113639832,0.6214802265167236,-0.3287077844142914,0.5317522883415222,0.6070253849029541,-0.4637760519981384,0.5658965706825256,0.612999677658081,-0.2789158225059509,0.5339326858520508,0.5986698269844055,-0.4114763140678406,0.5521516799926758,0.5626060366630554,0.022165056318044662,0.5005327463150024,0.5582516193389893,-0.022257570177316666,0.5699780583381653,0.7015228271484375,0.026170313358306885,0.48752960562705994,0.6933769583702087,-0.04881475120782852,0.5840829610824585,0.8145124316215515,0.22950518131256104,0.47085005044937134,0.8091374039649963,0.13266095519065857,0.5790752172470093,0.8271863460540771,0.24153418838977814,0.47249969840049744,0.8246777653694153,0.14387817680835724,0.5961804389953613,0.8589379787445068,0.11434128135442734,0.4617675840854645,0.8549163937568665,0.005606016609817743
111,bend,a12_s09_e02,0.5548503994941711,0.3244386315345764,-0.4791712164878845,0.559994637966156,0.3114737868309021,-0.46052080392837524,0.5627133846282959,0.3120982348918915,-0.4605201780796051,0.564415454864502,0.31255123019218445,-0.4605833888053894,0.5487784147262573,0.3093615472316742,-0.4694534242153168,0.5445685386657715,0.30856335163116455,-0.4695501923561096,0.540328860282898,0.30810853838920593,-0.4696072041988373,0.5654532313346863,0.31884342432022095,-0.33101513981819153,0.5323955416679382,0.3143666684627533,-0.3718833327293396,0.558107316493988,0.340938925743103,-0.42838650941848755,0.545642614364624,0.3401530086994171,-0.4404829442501068,0.5837345123291016,0.40087345242500305,-0.20489855110645294,0.4962250292301178,0.3962169587612152,-0.30354875326156616,0.5788477659225464,0.49653467535972595,-0.1559109091758728,0.4980151057243347,0.49463528394699097,-0.3126813769340515,0.5734914541244507,0.5875905156135559,-0.2556533217430115,0.5217307806015015,0.5738272070884705,-0.395846426486969,0.574104368686676,0.6145070195198059,-0.2876899838447571,0.5231307744979858,0.6004265546798706,-0.4383074641227722,0.5680913329124451,0.6140621900558472,-0.32449644804000854,0.5316804647445679,0.600449800491333,-0.4569796621799469,0.5664647817611694,0.6053879857063293,-0.27257034182548523,0.5337990522384644,0.5914015173912048,-0.4037659168243408,0.5531286001205444,0.5604369044303894,0.021478477865457535,0.5006269812583923,0.5560301542282104,-0.021570924669504166,0.5699176788330078,0.7019314169883728,0.03288768231868744,0.4875209927558899,0.6934465169906616,-0.0365617461502552,0.5840819478034973,0.8144749999046326,0.23346808552742004,0.47083720564842224,0.8092185258865356,0.14003241062164307,0.5792750716209412,0.8271170258522034,0.24536612629890442,0.47250643372535706,0.824506402015686,0.1507468819618225,0.5961673259735107,0.8592060208320618,0.11834448575973511,0.46170228719711304,0.8550926446914673,0.012551724910736084
112,bend,a12_s09_e02,0.5528311729431152,0.3190727233886719,-0.4686417579650879,0.5581162571907043,0.3062826991081238,-0.449965238571167,0.5609920024871826,0.30704039335250854,-0.44996756315231323,0.5627769231796265,0.3075680732727051,-0.450030654668808,0.5466240644454956,0.3040871322154999,-0.45728960633277893,0.5424960851669312,0.30330905318260193,-0.45738711953163147,0.5382999181747437,0.30287110805511475,-0.4574436545372009,0.5641524195671082,0.3139649033546448,-0.3211400508880615,0.5306549072265625,0.3091070055961609,-0.3548545837402344,0.5564519166946411,0.3359963595867157,-0.41843166947364807,0.5437049269676208,0.33525580167770386,-0.42847007513046265,0.5834604501724243,0.3973061442375183,-0.19778653979301453,0.4952326714992523,0.3928845524787903,-0.28531041741371155,0.5785450339317322,0.49213171005249023,-0.14889037609100342,0.49711641669273376,0.4901179075241089,-0.2938138544559479,0.5734679102897644,0.5823509097099304,-0.24534539878368378,0.5215190649032593,0.5685168504714966,-0.38369208574295044,0.5740516185760498,0.609754741191864,-0.2771872282028198,0.5230599641799927,0.594893753528595,-0.4260914921760559,0.5682030320167542,0.6094375252723694,-0.31387805938720703,0.531735360622406,0.5950753092765808,-0.4451406002044678,0.5664778351783752,0.6005046367645264,-0.26203152537345886,0.5337740182876587,0.5860207080841064,-0.3919832408428192,0.5538644194602966,0.5594328045845032,0.020143898203969002,0.5006955862045288,0.5547069311141968,-0.020233262330293655,0.5697697401046753,0.7023541331291199,0.035714291036129,0.4873989224433899,0.6945327520370483,-0.02597980573773384,0.5842009782791138,0.8156248331069946,0.2281665802001953,0.470254123210907,0.81229168176651,0.13937228918075562,0.5797777771949768,0.828100323677063,0.23928432166576385,0.4719666838645935,0.8286951184272766,0.14867635071277618,0.5962535738945007,0.8595615029335022,0.11271321773529053,0.4611853063106537,0.855184018611908,0.00984390452504158
113,bend,a12_s09_e02,0.5506075024604797,0.3142985701560974,-0.445338636636734,0.556012749671936,0.30171263217926025,-0.42480403184890747,0.5590847730636597,0.30244186520576477,-0.4248233437538147,0.5609753727912903,0.30297568440437317,-0.4248797297477722,0.5444830656051636,0.2997486889362335,-0.4316686689853668,0.5404387712478638,0.29910433292388916,-0.4317496418952942,0.5363293290138245,0.2988118529319763,-0.4317993223667145,0.5625468492507935,0.30960050225257874,-0.2921673357486725,0.529104471206665,0.3053705394268036,-0.32418444752693176,0.5544841885566711,0.3314565122127533,-0.3945508599281311,0.5416650176048279,0.3307725489139557,-0.40405550599098206,0.5828288793563843,0.3944462537765503,-0.17654350399971008,0.4941830635070801,0.39086857438087463,-0.25869303941726685,0.578438937664032,0.4886128008365631,-0.14209024608135223,0.49596086144447327,0.4874136745929718,-0.2841588258743286,0.5737618207931519,0.575943648815155,-0.25431087613105774,0.5206960439682007,0.5597409009933472,-0.3936610519886017,0.574209451675415,0.6040375232696533,-0.28956854343414307,0.5230382680892944,0.587566614151001,-0.43807849287986755,0.5689040422439575,0.6030360460281372,-0.32599422335624695,0.5317573547363281,0.5861092209815979,-0.45660194754600525,0.5669954419136047,0.5937195420265198,-0.27134251594543457,0.5337041020393372,0.5781641006469727,-0.4021354615688324,0.5545846819877625,0.5591457486152649,0.02004050835967064,0.5011339783668518,0.5544223785400391,-0.020123569294810295,0.5695871114730835,0.7027372717857361,0.047536127269268036,0.4873642921447754,0.6953632831573486,-0.02516857720911503,0.5842111110687256,0.8158764243125916,0.24350042641162872,0.47016653418540955,0.8140355348587036,0.1411202847957611,0.5797176361083984,0.828833818435669,0.2548556327819824,0.47191134095191956,0.8302768468856812,0.15023745596408844,0.5967481732368469,0.8598943948745728,0.1253751516342163,0.4612034857273102,0.8563475012779236,0.008888558484613895
114,bend,a12_s09_e02,0.548575758934021,0.3107561767101288,-0.3976873755455017,0.5538414716720581,0.29828891158103943,-0.3767242729663849,0.5571041703224182,0.2989555597305298,-0.37675195932388306,0.5591219663619995,0.2994491159915924,-0.3767840564250946,0.5421890020370483,0.2965793013572693,-0.3842674195766449,0.5381658673286438,0.29608193039894104,-0.3843352496623993,0.5341395735740662,0.29604917764663696,-0.38439202308654785,0.5609703660011292,0.3060437738895416,-0.24380263686180115,0.5272203683853149,0.30333849787712097,-0.27851685881614685,0.5528899431228638,0.3280423879623413,-0.34689605236053467,0.5397812128067017,0.32795843482017517,-0.35711079835891724,0.5824370980262756,0.39164403080940247,-0.13189619779586792,0.49338141083717346,0.3887731730937958,-0.22087755799293518,0.5783417224884033,0.4857490360736847,-0.113259457051754,0.49336671829223633,0.4825062155723572,-0.24603120982646942,0.5737434029579163,0.5679290294647217,-0.2545260190963745,0.520447850227356,0.5507546067237854,-0.35703912377357483,0.5741822719573975,0.5954877734184265,-0.29373297095298767,0.5235110521316528,0.5792984366416931,-0.4031440317630768,0.5687426328659058,0.5935356020927429,-0.3293773829936981,0.5324071645736694,0.576881468296051,-0.41995564103126526,0.5668739080429077,0.5853241086006165,-0.2720792293548584,0.5338653922080994,0.5686444044113159,-0.36491018533706665,0.5557112097740173,0.5592848062515259,0.02028285525739193,0.5016874074935913,0.5545381903648376,-0.020352646708488464,0.5694118738174438,0.7031679153442383,0.06760169565677643,0.48708876967430115,0.6967355608940125,-0.02001097798347473,0.5841515064239502,0.8159996867179871,0.2572285830974579,0.4699828624725342,0.8169556260108948,0.13923059403896332,0.5792803168296814,0.8297417759895325,0.2679642140865326,0.4717257618904114,0.8335466384887695,0.14735355973243713,0.5973668694496155,0.8601965308189392,0.1381443291902542,0.4611629545688629,0.8588759303092957,0.005292289890348911
115,bend,a12_s09_e02,0.5468323230743408,0.30765610933303833,-0.35556143522262573,0.5517332553863525,0.2957867383956909,-0.3350217938423157,0.5551255941390991,0.2964688241481781,-0.3350521922111511,0.5572398900985718,0.2968544363975525,-0.33507150411605835,0.5402884483337402,0.2940983474254608,-0.34150320291519165,0.5363296270370483,0.29378849267959595,-0.341549813747406,0.5323039889335632,0.29372766613960266,-0.34159475564956665,0.559221625328064,0.3029870092868805,-0.20587000250816345,0.5258240103721619,0.3008822202682495,-0.23516221344470978,0.5513993501663208,0.3248937427997589,-0.3063170909881592,0.5383166074752808,0.3252348303794861,-0.314933180809021,0.5819734930992126,0.3895662724971771,-0.10621476173400879,0.4926258623600006,0.3859041631221771,-0.1781751960515976,0.5783942341804504,0.4830484390258789,-0.10258718580007553,0.49113211035728455,0.4779721796512604,-0.20903317630290985,0.5737254619598389,0.5630263090133667,-0.2562609314918518,0.5197867751121521,0.5423287153244019,-0.3324645459651947,0.5741499662399292,0.5893873572349548,-0.29805806279182434,0.5234501957893372,0.5698383450508118,-0.37862229347229004,0.5686780214309692,0.5865383744239807,-0.33212462067604065,0.5323920845985413,0.5659974217414856,-0.3963416516780853,0.5667167901992798,0.5795219540596008,-0.27334290742874146,0.5338510274887085,0.5580669641494751,-0.341074675321579,0.5563522577285767,0.5595871806144714,0.01905466988682747,0.502097487449646,0.5546149015426636,-0.01909618452191353,0.5694056749343872,0.7038635015487671,0.06806571036577225,0.486981064081192,0.6978558301925659,-0.008895600214600563,0.5841507911682129,0.815999448299408,0.2565068006515503,0.4698387682437897,0.8171992897987366,0.14862145483493805,0.5790937542915344,0.8302573561668396,0.26679080724716187,0.4717470109462738,0.8340028524398804,0.1558595895767212,0.5976812243461609,0.8603785037994385,0.1340177357196808,0.460368812084198,0.8594714403152466,0.012133580632507801
116,bend,a12_s09_e02,0.5444044470787048,0.3053707480430603,-0.32680386304855347,0.5493944883346558,0.2936474084854126,-0.30687451362609863,0.553057074546814,0.29432016611099243,-0.3068985342979431,0.5553731322288513,0.2946528196334839,-0.3069024682044983,0.5379585027694702,0.29203757643699646,-0.31139031052589417,0.5338502526283264,0.2918028235435486,-0.31142663955688477,0.5299177169799805,0.29171139001846313,-0.31145694851875305,0.5576069355010986,0.30026280879974365,-0.18047809600830078,0.5235193967819214,0.29867279529571533,-0.2010648250579834,0.5494502186775208,0.3228685259819031,-0.2786095142364502,0.5359553694725037,0.3229956030845642,-0.28468775749206543,0.5811821818351746,0.38817447423934937,-0.08615638315677643,0.49174565076828003,0.38399413228034973,-0.1443852335214615,0.5786586999893188,0.4796428680419922,-0.08780858665704727,0.4880301356315613,0.4750835597515106,-0.17776891589164734,0.5737577676773071,0.5590553283691406,-0.2448473870754242,0.5196241140365601,0.5368603467941284,-0.3095018267631531,0.5740886330604553,0.5845115184783936,-0.2884148955345154,0.523682177066803,0.5642616748809814,-0.35482075810432434,0.5685170888900757,0.5805801153182983,-0.32045978307724,0.5326403379440308,0.5596635341644287,-0.37172427773475647,0.5665544271469116,0.5737295746803284,-0.26121383905410767,0.5338336229324341,0.5520178079605103,-0.31780746579170227,0.5569590330123901,0.5595463514328003,0.016888614743947983,0.5022534728050232,0.5546092987060547,-0.016918757930397987,0.5693734288215637,0.7039190530776978,0.06563352048397064,0.4869728684425354,0.6981577277183533,-0.005715415813028812,0.5842108726501465,0.8163785338401794,0.24425563216209412,0.46935325860977173,0.8175545930862427,0.14290443062782288,0.5790581107139587,0.8313338756561279,0.2537948489189148,0.47146064043045044,0.834633469581604,0.14947712421417236,0.597931981086731,0.8609895706176758,0.12203119695186615,0.4601110816001892,0.860126256942749,0.007010293658822775
117,bend,a12_s09_e02,0.5423954129219055,0.3022157549858093,-0.276147723197937,0.547110378742218,0.290958046913147,-0.2554228901863098,0.5508295297622681,0.29154980182647705,-0.2554533779621124,0.5534814596176147,0.29185721278190613,-0.2554483413696289,0.5358657836914062,0.28970927000045776,-0.2586839199066162,0.5317205786705017,0.28966522216796875,-0.25870656967163086,0.5279026031494141,0.28968918323516846,-0.2587345540523529,0.5557730197906494,0.29748809337615967,-0.13027426600456238,0.5216797590255737,0.2969376742839813,-0.14488747715950012,0.5478111505508423,0.32001903653144836,-0.22893783450126648,0.5342611074447632,0.32038161158561707,-0.23328936100006104,0.5805819630622864,0.38638079166412354,-0.04548365995287895,0.4912880063056946,0.38202840089797974,-0.0949595719575882,0.5791643261909485,0.4753583073616028,-0.05403893440961838,0.4843929708003998,0.4713016152381897,-0.14084401726722717,0.5750535726547241,0.551791250705719,-0.21300020813941956,0.5186875462532043,0.5301024913787842,-0.2865407466888428,0.574478030204773,0.5781373381614685,-0.25605493783950806,0.5237200260162354,0.5559819936752319,-0.3324534595012665,0.5689188838005066,0.5730236172676086,-0.28680065274238586,0.5326040983200073,0.5513702630996704,-0.34748783707618713,0.5672709345817566,0.5655919909477234,-0.22893841564655304,0.5329930186271667,0.5435888767242432,-0.294569730758667,0.5570688247680664,0.5597092509269714,0.015168160200119019,0.502256453037262,0.5549047589302063,-0.01518799178302288,0.5693131685256958,0.703850507736206,0.05470452830195427,0.4869687557220459,0.6984794735908508,-0.007104289717972279,0.5842503309249878,0.8163537979125977,0.23790781199932098,0.4691108763217926,0.8177114725112915,0.1499926596879959,0.5790307521820068,0.8314839601516724,0.24782602488994598,0.47132477164268494,0.8345680236816406,0.15741850435733795,0.5981266498565674,0.8612673878669739,0.11925534904003143,0.4601399004459381,0.8604546785354614,0.014625946059823036
118,bend,a12_s09_e02,0.5403028726577759,0.3000429570674896,-0.2419617623090744,0.5450796484947205,0.2890659272670746,-0.22108471393585205,0.5487634539604187,0.2895754873752594,-0.22111685574054718,0.5518108606338501,0.28994429111480713,-0.22110457718372345,0.5337960720062256,0.288028359413147,-0.22320477664470673,0.5295038819313049,0.2879985570907593,-0.2232235223054886,0.5260056853294373,0.28810277581214905,-0.2232423722743988,0.5539971590042114,0.29577091336250305,-0.09929582476615906,0.5196053981781006,0.29517069458961487,-0.10834550857543945,0.5461146235466003,0.3182802200317383,-0.19643326103687286,0.5322381258010864,0.3184657394886017,-0.19921837747097015,0.5798969864845276,0.3853718936443329,-0.028347516432404518,0.4905530512332916,0.3814975619316101,-0.06292211264371872,0.5795747637748718,0.47170448303222656,-0.061951421201229095,0.48144498467445374,0.4684988856315613,-0.12954607605934143,0.5756939053535461,0.5461065769195557,-0.23062393069267273,0.5171740055084229,0.5230174660682678,-0.2974821925163269,0.5745645761489868,0.5721731185913086,-0.27417904138565063,0.5237225294113159,0.5488237142562866,-0.3456401824951172,0.5690964460372925,0.566841721534729,-0.30403923988342285,0.5325160026550293,0.5444142818450928,-0.35902702808380127,0.5676496624946594,0.5593407154083252,-0.24611106514930725,0.5321636199951172,0.5367228388786316,-0.3055834472179413,0.5573309659957886,0.559812605381012,0.009650401771068573,0.5022553205490112,0.5549551844596863,-0.009645337238907814,0.569236159324646,0.7037951946258545,0.03264794871211052,0.4869596064090729,0.6983534097671509,-0.003463480621576309,0.5842685103416443,0.815861165523529,0.21441569924354553,0.46903881430625916,0.8175477385520935,0.157853364944458,0.5790107250213623,0.8314354419708252,0.22402885556221008,0.4713071882724762,0.8337391018867493,0.1656918227672577,0.5981238484382629,0.861238420009613,0.08676955848932266,0.4609716534614563,0.8604886531829834,0.02386796474456787
119,bend,a12_s09_e02,0.5385788679122925,0.2989376187324524,-0.20635899901390076,0.5433059930801392,0.28810131549835205,-0.185696542263031,0.5469342470169067,0.288474977016449,-0.18573161959648132,0.5502525568008423,0.28883790969848633,-0.1857219785451889,0.5319413542747498,0.2871875762939453,-0.18688099086284637,0.5275707840919495,0.28717225790023804,-0.186892569065094,0.5243055820465088,0.28738924860954285,-0.18689782917499542,0.5524953007698059,0.29443079233169556,-0.06914340704679489,0.5177489519119263,0.2945079803466797,-0.07352040708065033,0.5446487665176392,0.3170017600059509,-0.16296926140785217,0.5305582880973816,0.317534863948822,-0.1643831580877304,0.5795849561691284,0.38449662923812866,-0.00797789916396141,0.49017611145973206,0.38085317611694336,-0.03183148056268692,0.5806765556335449,0.46966928243637085,-0.04636702686548233,0.47910118103027344,0.4668656587600708,-0.09479894489049911,0.576362669467926,0.5404542088508606,-0.21489784121513367,0.5162837505340576,0.5196975469589233,-0.25960031151771545,0.5745828747749329,0.5655772686004639,-0.26126009225845337,0.5237166285514832,0.5448589324951172,-0.3075224757194519,0.5691404342651367,0.5605344772338867,-0.2879182696342468,0.5321551561355591,0.5398281216621399,-0.3196306526660919,0.5678071975708008,0.553083598613739,-0.2296130210161209,0.5311434268951416,0.5325292348861694,-0.2672947347164154,0.5575345158576965,0.5598456859588623,0.005161256529390812,0.5022974014282227,0.5550525188446045,-0.005128951743245125,0.5691396594047546,0.7036434412002563,0.009470883756875992,0.486799955368042,0.6983571648597717,-0.0005554736126214266,0.5843191742897034,0.8158177733421326,0.18860723078250885,0.4690113663673401,0.8175152540206909,0.16435186564922333,0.5790215730667114,0.8313647508621216,0.19821923971176147,0.4713051915168762,0.8334264755249023,0.17277291417121887,0.5981506109237671,0.8612371683120728,0.0625021904706955,0.46093839406967163,0.8604053854942322,0.03409480303525925
120,bend,a12_s09_e02,0.5358558297157288,0.29827389121055603,-0.2094283103942871,0.5402930974960327,0.2877092957496643,-0.18932655453681946,0.5438825488090515,0.28804048895835876,-0.18936216831207275,0.5474023222923279,0.28844279050827026,-0.18935701251029968,0.5289385914802551,0.28693467378616333,-0.19032496213912964,0.524919331073761,0.28709179162979126,-0.19033844769001007,0.522080659866333,0.28728628158569336,-0.1903492510318756,0.5501642823219299,0.29387569427490234,-0.07378498464822769,0.5158780217170715,0.2946082353591919,-0.0772167444229126,0.5421081781387329,0.3161206841468811,-0.1662207543849945,0.5279944539070129,0.3164958953857422,-0.16733288764953613,0.5783161520957947,0.38278043270111084,-0.005977069027721882,0.4900873601436615,0.37992796301841736,-0.032941970974206924,0.5815034508705139,0.46646741032600403,-0.022615497931838036,0.47783422470092773,0.46509644389152527,-0.08305282890796661,0.5766514539718628,0.5353841781616211,-0.169669970870018,0.5157950520515442,0.5181635022163391,-0.2343001365661621,0.5745693445205688,0.5605430006980896,-0.21145565807819366,0.5238403677940369,0.5421029329299927,-0.2799299359321594,0.5691505670547485,0.5560293197631836,-0.23857569694519043,0.5320942401885986,0.5368901491165161,-0.2918422222137451,0.5678672194480896,0.548163652420044,-0.18396349251270294,0.5306738018989563,0.5298035144805908,-0.24149703979492188,0.5574854612350464,0.5600761771202087,0.005238268058747053,0.5022701621055603,0.5553176999092102,-0.005214252974838018,0.569048285484314,0.7033969759941101,0.010952407494187355,0.4865635335445404,0.6982744932174683,-0.001752857817336917,0.5843387842178345,0.8154541254043579,0.18353112041950226,0.4689747393131256,0.8174263834953308,0.16017571091651917,0.5789659023284912,0.8308583498001099,0.1925482302904129,0.47130832076072693,0.8319437503814697,0.1684742420911789,0.5981711745262146,0.8609820604324341,0.05853722244501114,0.46081456542015076,0.8600887656211853,0.03145561367273331
121,bend,a12_s09_e02,0.5338305830955505,0.2987281084060669,-0.20070958137512207,0.5379194617271423,0.287990927696228,-0.18043801188468933,0.5413881540298462,0.28831619024276733,-0.18047121167182922,0.5446552038192749,0.28869402408599854,-0.18046662211418152,0.5267962217330933,0.287259578704834,-0.18148091435432434,0.522990345954895,0.28749167919158936,-0.1814902126789093,0.520175039768219,0.28768986463546753,-0.18148815631866455,0.5476848483085632,0.2940937876701355,-0.06454123556613922,0.5139533877372742,0.29516834020614624,-0.06799092143774033,0.539997935295105,0.31601372361183167,-0.1572769433259964,0.5261407494544983,0.31638064980506897,-0.15840676426887512,0.5772901773452759,0.3813268840312958,-0.0006906071794219315,0.4895082414150238,0.37928903102874756,-0.02480785921216011,0.5824263691902161,0.4646800756454468,-0.02436928264796734,0.47682181000709534,0.46476423740386963,-0.07921016961336136,0.576700747013092,0.5310559868812561,-0.17789843678474426,0.515187680721283,0.5162345170974731,-0.23505377769470215,0.5741575360298157,0.5561142563819885,-0.22154423594474792,0.5238279104232788,0.5395890474319458,-0.2823861837387085,0.5687960386276245,0.5507444143295288,-0.24828651547431946,0.5320154428482056,0.5344308018684387,-0.29407626390457153,0.5677510499954224,0.5426076650619507,-0.19206473231315613,0.5303926467895508,0.5276639461517334,-0.24236218631267548,0.5574321150779724,0.5601052641868591,0.0038453717716038227,0.5022743344306946,0.5557190775871277,-0.0038156311493366957,0.568992555141449,0.7026343941688538,0.007499841507524252,0.48631542921066284,0.6982287764549255,-0.0005900789983570576,0.5845206379890442,0.8153078556060791,0.1793452352285385,0.4689716398715973,0.8176222443580627,0.1627735048532486,0.5789992213249207,0.8308000564575195,0.18853969871997833,0.4713827669620514,0.8317297697067261,0.17122681438922882,0.5983618497848511,0.8609388470649719,0.05482155829668045,0.4604814052581787,0.8600307703018188,0.03592956066131592
122,bend,a12_s09_e02,0.5315558910369873,0.299651563167572,-0.18282338976860046,0.5356945991516113,0.28858324885368347,-0.16263854503631592,0.5391346216201782,0.2888607382774353,-0.16267164051532745,0.5423020720481873,0.2891480624675751,-0.1626635044813156,0.5246115326881409,0.2881099581718445,-0.1628233939409256,0.5209948420524597,0.28835031390190125,-0.16282683610916138,0.5180683732032776,0.28861168026924133,-0.16281366348266602,0.5457689166069031,0.2946334779262543,-0.04882895573973656,0.5121978521347046,0.2964044511318207,-0.04842720180749893,0.5380439758300781,0.31639495491981506,-0.14040875434875488,0.5242375731468201,0.3169892430305481,-0.14041414856910706,0.5766509771347046,0.38095611333847046,0.0075445412658154964,0.48901134729385376,0.3796893060207367,-0.010727054439485073,0.5831629633903503,0.4633866548538208,-0.031928651034832,0.47602686285972595,0.46460190415382385,-0.07527202367782593,0.5766511559486389,0.5271729826927185,-0.19519028067588806,0.5143494009971619,0.5145372152328491,-0.23881319165229797,0.5735604166984558,0.5522587299346924,-0.24043425917625427,0.5237768292427063,0.5373987555503845,-0.28755953907966614,0.5678404569625854,0.5459988117218018,-0.2665523886680603,0.5317807197570801,0.5326834917068481,-0.2982564866542816,0.5669156908988953,0.537973940372467,-0.20915761590003967,0.5299859642982483,0.5260240435600281,-0.24609537422657013,0.5573893189430237,0.560362696647644,0.0027968413196504116,0.5022729635238647,0.5564768314361572,-0.0027692397125065327,0.568996787071228,0.7026105523109436,0.0011737135937437415,0.4858258366584778,0.6982929110527039,-0.00024880055570974946,0.584906816482544,0.816214919090271,0.17772285640239716,0.4689532220363617,0.8175952434539795,0.167741596698761,0.5791378617286682,0.8318678736686707,0.18759053945541382,0.47138267755508423,0.8311924338340759,0.176853209733963,0.5987893342971802,0.8613786101341248,0.05469486862421036,0.4603757858276367,0.8599847555160522,0.043320491909980774
123,bend,a12_s09_e02,0.5294432640075684,0.29990652203559875,-0.1903795599937439,0.5335525870323181,0.2886735200881958,-0.17077741026878357,0.537082850933075,0.2889021635055542,-0.17080573737621307,0.5402271747589111,0.2890671193599701,-0.17079772055149078,0.5224148035049438,0.28847411274909973,-0.16988910734653473,0.5190989971160889,0.2887730300426483,-0.16989485919475555,0.515999436378479,0.28913256525993347,-0.16988517343997955,0.5442307591438293,0.2945691645145416,-0.058499835431575775,0.5105549097061157,0.29735517501831055,-0.05308469384908676,0.536663830280304,0.31654995679855347,-0.14850077033042908,0.5226240754127502,0.31729334592819214,-0.1470804214477539,0.5762303471565247,0.3808133900165558,-0.0030658585019409657,0.4886106848716736,0.380275160074234,-0.011636932380497456,0.58399498462677,0.4629713296890259,-0.04253283888101578,0.47560858726501465,0.4652462303638458,-0.07249579578638077,0.5766280889511108,0.5255894064903259,-0.20479853451251984,0.5137407183647156,0.5147506594657898,-0.2384953796863556,0.5731390118598938,0.5503727793693542,-0.2477927953004837,0.5237715840339661,0.5371774435043335,-0.28748542070388794,0.566830575466156,0.5439234972000122,-0.27618417143821716,0.531650722026825,0.5324400663375854,-0.29881376028060913,0.5659033060073853,0.5360878705978394,-0.2190224677324295,0.5296647548675537,0.5258947014808655,-0.2462109625339508,0.5573757290840149,0.5608717203140259,7.845336949685588e-05,0.502210259437561,0.5581665635108948,-6.099582606111653e-05,0.5689923167228699,0.7027496695518494,-0.003734475700184703,0.48515453934669495,0.6990891098976135,0.002346764085814357,0.5850354433059692,0.816977858543396,0.18027302622795105,0.4689919054508209,0.8176671862602234,0.17639562487602234,0.5793731808662415,0.8323312997817993,0.19083043932914734,0.47177577018737793,0.8311022520065308,0.18614846467971802,0.5987907648086548,0.8615516424179077,0.057742875069379807,0.46005702018737793,0.8599475622177124,0.053494490683078766
124,bend,a12_s09_e02,0.5279505252838135,0.3002830445766449,-0.19007238745689392,0.5318535566329956,0.28905996680259705,-0.17030498385429382,0.5354107618331909,0.28921711444854736,-0.17033050954341888,0.5385480523109436,0.2893153429031372,-0.17031683027744293,0.5208286643028259,0.28905025124549866,-0.1694752275943756,0.5175691843032837,0.28938138484954834,-0.16948162019252777,0.5142744779586792,0.28988346457481384,-0.16947036981582642,0.5428441166877747,0.29494795203208923,-0.05730416625738144,0.5089934468269348,0.2980136573314667,-0.052054114639759064,0.5355597734451294,0.3167075514793396,-0.14798583090305328,0.5214506387710571,0.317726731300354,-0.14658908545970917,0.5757598876953125,0.38100746273994446,-0.0007527027046307921,0.48821744322776794,0.3805280029773712,-0.013419674709439278,0.5851083397865295,0.46237581968307495,-0.046918537467718124,0.47538885474205017,0.465861976146698,-0.07729127258062363,0.5765930414199829,0.5233581066131592,-0.2123984843492508,0.5126208066940308,0.5144174695014954,-0.24368694424629211,0.5727930068969727,0.5480571389198303,-0.2619171440601349,0.5235305428504944,0.5363684296607971,-0.29298853874206543,0.5662356615066528,0.5412688851356506,-0.28573304414749146,0.5311487317085266,0.5315079092979431,-0.3040986657142639,0.565398097038269,0.5337186455726624,-0.22516818344593048,0.5288212299346924,0.5249912142753601,-0.251300573348999,0.5573458075523376,0.5616201758384705,0.0007111146114766598,0.5021001696586609,0.5590361952781677,-0.0006981157930567861,0.5689902305603027,0.7033541798591614,6.180330092320219e-05,0.4848994314670563,0.699105441570282,0.002245204523205757,0.585137665271759,0.8182535171508789,0.18166737258434296,0.469104140996933,0.8173572421073914,0.1765943020582199,0.5795137286186218,0.8331314325332642,0.19195502996444702,0.47226062417030334,0.8304330110549927,0.18634870648384094,0.5988706350326538,0.8616951107978821,0.05910886079072952,0.45968928933143616,0.8593469262123108,0.054447442293167114
125,bend,a12_s09_e02,0.526935875415802,0.30043676495552063,-0.1974833756685257,0.530823826789856,0.2891138195991516,-0.17760175466537476,0.5343544483184814,0.28915926814079285,-0.17763002216815948,0.5374301671981812,0.28915366530418396,-0.17761649191379547,0.5197914838790894,0.2894343435764313,-0.17749325931072235,0.5165577530860901,0.28985166549682617,-0.17750237882137299,0.5131104588508606,0.2904703915119171,-0.1774938404560089,0.541772186756134,0.2946496605873108,-0.06307222694158554,0.507783830165863,0.29836374521255493,-0.060994505882263184,0.5348182320594788,0.3167038559913635,-0.15469905734062195,0.520477294921875,0.31807151436805725,-0.15421916544437408,0.5752186179161072,0.38092613220214844,-0.0028373789973556995,0.4876067042350769,0.38089293241500854,-0.02253408171236515,0.5861677527427673,0.46158790588378906,-0.04628857225179672,0.4753430485725403,0.4669231176376343,-0.08723524957895279,0.5765475630760193,0.5222651362419128,-0.2133519947528839,0.5120728015899658,0.5148490071296692,-0.2539086937904358,0.5723444223403931,0.5464079976081848,-0.26273274421691895,0.5234925150871277,0.536393404006958,-0.3030359148979187,0.5655669569969177,0.5400750637054443,-0.2863844037055969,0.531058669090271,0.5318868160247803,-0.31455424427986145,0.564803421497345,0.5325917601585388,-0.22693434357643127,0.5286360383033752,0.5254501104354858,-0.2615227997303009,0.557334840297699,0.562231719493866,0.001568154082633555,0.5018538236618042,0.560034453868866,-0.00155926332809031,0.5689378976821899,0.7035804986953735,0.0023709568195044994,0.4848390519618988,0.69931560754776,0.003495511133223772,0.5851374864578247,0.81879723072052,0.1836681365966797,0.46924853324890137,0.8171783685684204,0.17863915860652924,0.5795208811759949,0.8334160447120667,0.19388897716999054,0.4726654589176178,0.8299591541290283,0.18846197426319122,0.5989438891410828,0.8617281317710876,0.060979556292295456,0.4596616327762604,0.8592150807380676,0.055996835231781006
126,bend,a12_s09_e02,0.5262196063995361,0.3010120987892151,-0.20461659133434296,0.5299807190895081,0.2895187437534332,-0.18493248522281647,0.5334439873695374,0.28951019048690796,-0.1849619597196579,0.5364246964454651,0.28947025537490845,-0.18495437502861023,0.5190515518188477,0.2899128496646881,-0.184655100107193,0.515742838382721,0.29029420018196106,-0.18466591835021973,0.512271523475647,0.29068681597709656,-0.18465811014175415,0.5405634641647339,0.2949320375919342,-0.07137740403413773,0.5068768858909607,0.29941147565841675,-0.06851319968700409,0.5340481996536255,0.3171842694282532,-0.16213753819465637,0.519766092300415,0.3186146020889282,-0.16143858432769775,0.5743692517280579,0.38116368651390076,-0.009670567698776722,0.4866899847984314,0.38110440969467163,-0.02546851336956024,0.5880925059318542,0.46049338579177856,-0.039825793355703354,0.4749675691127777,0.46697625517845154,-0.08148012310266495,0.5765203833580017,0.5203757882118225,-0.19785811007022858,0.5110743045806885,0.5148404240608215,-0.2457263171672821,0.572167158126831,0.543880045413971,-0.2437770813703537,0.5229251384735107,0.5353010892868042,-0.29446595907211304,0.5652539134025574,0.5377724766731262,-0.2677534818649292,0.5304527282714844,0.530602216720581,-0.30660074949264526,0.5645709037780762,0.5304840803146362,-0.21066971123218536,0.5279385447502136,0.5244728922843933,-0.2535376250743866,0.557262122631073,0.5632439851760864,0.0010915695456787944,0.5015330910682678,0.5611466765403748,-0.001086111064068973,0.568757176399231,0.703725278377533,0.001573412329889834,0.4847347140312195,0.7001732587814331,0.005140319466590881,0.5851295590400696,0.8188452124595642,0.18287213146686554,0.46944934129714966,0.8171617388725281,0.1799640953540802,0.5795682668685913,0.8333832621574402,0.1931455135345459,0.4731597900390625,0.829949140548706,0.18977566063404083,0.5988622307777405,0.8616810441017151,0.06120022013783455,0.4594708979129791,0.8591979146003723,0.058783430606126785
127,bend,a12_s09_e02,0.5252785086631775,0.3011593520641327,-0.2142128199338913,0.529028594493866,0.2899419963359833,-0.19459988176822662,0.5325195789337158,0.28996801376342773,-0.19462832808494568,0.5354772210121155,0.28995221853256226,-0.19462108612060547,0.5181998014450073,0.29000672698020935,-0.1943388730287552,0.5149412155151367,0.2907260060310364,-0.1943504512310028,0.5116041898727417,0.29161933064460754,-0.1943405121564865,0.5396831631660461,0.29537951946258545,-0.08030655980110168,0.506278395652771,0.3011229634284973,-0.077663853764534,0.5332847833633423,0.31760895252227783,-0.17142876982688904,0.5191095471382141,0.3187559247016907,-0.17083008587360382,0.5734910368919373,0.3813944458961487,-0.016422871500253677,0.4857192933559418,0.38120296597480774,-0.028614327311515808,0.590460479259491,0.46092718839645386,-0.04152478650212288,0.4741186201572418,0.46718788146972656,-0.07871976494789124,0.5766162872314453,0.5180681943893433,-0.1974245309829712,0.5098217129707336,0.5152450799942017,-0.24570384621620178,0.5721325874328613,0.5398309826850891,-0.24287550151348114,0.5210629105567932,0.5350971817970276,-0.29400908946990967,0.5651504993438721,0.5341604351997375,-0.26633644104003906,0.5285258889198303,0.5301312208175659,-0.30780744552612305,0.564501941204071,0.5273074507713318,-0.20970360934734344,0.5261131525039673,0.5240695476531982,-0.2542303800582886,0.5572527050971985,0.5641632080078125,8.345391688635573e-05,0.5014565587043762,0.5623626112937927,-8.812911983113736e-05,0.5685650706291199,0.7039288878440857,0.002466699806973338,0.484677255153656,0.7012693881988525,0.010077476501464844,0.5851396322250366,0.8189231753349304,0.18236076831817627,0.46962088346481323,0.8170308470726013,0.18647511303424835,0.5798927545547485,0.833367645740509,0.19240759313106537,0.47367987036705017,0.8295541405677795,0.19642964005470276,0.5986095666885376,0.8615697026252747,0.060125552117824554,0.4594112038612366,0.8591840863227844,0.06702645868062973
128,bend,a12_s09_e02,0.5244274735450745,0.3014802038669586,-0.22055938839912415,0.5280659198760986,0.2902064025402069,-0.2003113478422165,0.5316017866134644,0.2902792990207672,-0.20034220814704895,0.5345664024353027,0.29028046131134033,-0.20034146308898926,0.5171019434928894,0.2906182110309601,-0.20158620178699493,0.5138119459152222,0.29175594449043274,-0.20160381495952606,0.5104795694351196,0.2930782735347748,-0.20160698890686035,0.5387455224990845,0.295675665140152,-0.08222601562738419,0.5052971839904785,0.3031325340270996,-0.08691664040088654,0.5327429175376892,0.3178153336048126,-0.17673999071121216,0.518527090549469,0.3192208409309387,-0.1780886948108673,0.5728453993797302,0.381598562002182,-0.019923556596040726,0.48516297340393066,0.38143303990364075,-0.03640267997980118,0.5932337045669556,0.46031489968299866,-0.042345743626356125,0.4730095863342285,0.46821603178977966,-0.08117762953042984,0.576644778251648,0.5160613656044006,-0.19447456300258636,0.5080356001853943,0.514447033405304,-0.24772898852825165,0.5719647407531738,0.5373867154121399,-0.23908142745494843,0.5191109776496887,0.5331969857215881,-0.295504629611969,0.5647972822189331,0.5314536094665527,-0.26112768054008484,0.5268428921699524,0.5275015830993652,-0.310039758682251,0.5643120408058167,0.5242764949798584,-0.20585128664970398,0.5245277285575867,0.5217323899269104,-0.2563932240009308,0.5572311878204346,0.5643575191497803,-5.169662108528428e-05,0.5014440417289734,0.5625254511833191,4.254759551258758e-05,0.5685217976570129,0.7040202617645264,0.0031204770784825087,0.4846412241458893,0.7014789581298828,0.011487352661788464,0.5850815176963806,0.8188766837120056,0.1809886395931244,0.4696464538574219,0.8168572187423706,0.18564733862876892,0.5798906087875366,0.8332478404045105,0.19071665406227112,0.4737669825553894,0.8294174075126648,0.1954338103532791,0.5983494520187378,0.8615180850028992,0.058453965932130814,0.4594189524650574,0.8590934872627258,0.06645412743091583
129,bend,a12_s09_e02,0.5227116346359253,0.3030834496021271,-0.2421099841594696,0.5265201330184937,0.2908318340778351,-0.22318987548351288,0.5300201177597046,0.29058006405830383,-0.2232104241847992,0.5331354141235352,0.2904406487941742,-0.22320494055747986,0.5157303214073181,0.29260098934173584,-0.22249731421470642,0.5123903751373291,0.29402002692222595,-0.22251348197460175,0.5091066360473633,0.29530271887779236,-0.22249488532543182,0.5377694964408875,0.2963092029094696,-0.10727380216121674,0.5044006109237671,0.3051551282405853,-0.10315410792827606,0.5312656164169312,0.3187388479709625,-0.19855156540870667,0.5171700716018677,0.320353239774704,-0.19749994575977325,0.5720875859260559,0.38171273469924927,-0.03409383445978165,0.4842628836631775,0.38270652294158936,-0.04068337008357048,0.595744252204895,0.4598466455936432,-0.04546567425131798,0.47177067399024963,0.47030821442604065,-0.0850188285112381,0.5772162675857544,0.5151548981666565,-0.19632650911808014,0.5062167048454285,0.5136538147926331,-0.2511500418186188,0.5719380378723145,0.535811722278595,-0.24331232905387878,0.5173549652099609,0.5316839218139648,-0.29889410734176636,0.5647820234298706,0.5296955108642578,-0.265840619802475,0.5254086256027222,0.5255052447319031,-0.313430517911911,0.5643507242202759,0.5228798389434814,-0.2093968689441681,0.5231066942214966,0.5198423862457275,-0.25975579023361206,0.5572136044502258,0.564402163028717,-0.0001673850929364562,0.5014302730560303,0.5626991391181946,0.00014736752200406045,0.5684853792190552,0.7040941119194031,0.0033050328493118286,0.4846324324607849,0.7015520930290222,0.014547407627105713,0.5850474834442139,0.8190495371818542,0.1810307502746582,0.46968039870262146,0.8168392181396484,0.1893511861562729,0.5798704624176025,0.8333419561386108,0.19048643112182617,0.4738558828830719,0.8294187188148499,0.19925805926322937,0.598361611366272,0.861716628074646,0.05795174837112427,0.4594026505947113,0.8590718507766724,0.07066244632005692
130,bend,a12_s09_e02,0.5211189985275269,0.30393141508102417,-0.2567998170852661,0.5251237750053406,0.29120931029319763,-0.23826079070568085,0.528622031211853,0.29078739881515503,-0.2382798194885254,0.5318213701248169,0.2905545234680176,-0.23826968669891357,0.5144155025482178,0.2935970425605774,-0.23694631457328796,0.5110507607460022,0.29509416222572327,-0.23696394264698029,0.5078370571136475,0.2963637113571167,-0.23695115745067596,0.5368563532829285,0.29680249094963074,-0.12363287061452866,0.5036059021949768,0.30623379349708557,-0.11650709807872772,0.5298451781272888,0.3191656172275543,-0.21369287371635437,0.5158858299255371,0.320848673582077,-0.21179726719856262,0.5716688632965088,0.38173678517341614,-0.048489343374967575,0.4837551712989807,0.38401466608047485,-0.05118619278073311,0.5970005989074707,0.4601376950740814,-0.06376021355390549,0.47052472829818726,0.47345656156539917,-0.08985956013202667,0.5777036547660828,0.5151085257530212,-0.22166697680950165,0.5055621862411499,0.513480544090271,-0.2538565397262573,0.5718666315078735,0.5350738763809204,-0.268150269985199,0.5169190764427185,0.5307146310806274,-0.3011195659637451,0.5647910833358765,0.5288716554641724,-0.28861984610557556,0.5250415205955505,0.5243173837661743,-0.31660252809524536,0.5645288825035095,0.5220779180526733,-0.2325417548418045,0.5227417945861816,0.5189210176467896,-0.26254117488861084,0.5572105050086975,0.5644495487213135,-0.000491523474920541,0.5014146566390991,0.5629292726516724,0.00046089611714705825,0.5684818625450134,0.7041954398155212,0.006342745386064053,0.48463502526283264,0.7017885446548462,0.01793256588280201,0.5850361585617065,0.8190343379974365,0.18197304010391235,0.46968117356300354,0.8168474435806274,0.19199372828006744,0.5798872113227844,0.8333200812339783,0.19160398840904236,0.4739506244659424,0.8297930955886841,0.20187680423259735,0.5983763337135315,0.8617217540740967,0.05902460217475891,0.45922398567199707,0.8591533303260803,0.07330963760614395
131,bend,a12_s09_e02,0.5207411646842957,0.3045150637626648,-0.26970726251602173,0.5246063470840454,0.29149767756462097,-0.25134819746017456,0.5280843377113342,0.2909253239631653,-0.25136131048202515,0.5312010645866394,0.2906193733215332,-0.25134962797164917,0.5139583945274353,0.2942861318588257,-0.25029104948043823,0.5106757879257202,0.2958117723464966,-0.25031569600105286,0.5074788331985474,0.297122597694397,-0.25030621886253357,0.5361307263374329,0.29703494906425476,-0.1359376311302185,0.5032383799552917,0.3069860637187958,-0.13005967438220978,0.5293894410133362,0.31948211789131165,-0.22616836428642273,0.5154412984848022,0.3213346302509308,-0.22461898624897003,0.5715698003768921,0.3818008303642273,-0.05643744394183159,0.4833531379699707,0.38483789563179016,-0.06348661333322525,0.5974301099777222,0.4605523347854614,-0.06850295513868332,0.46992865204811096,0.47567829489707947,-0.09219785034656525,0.5778124332427979,0.5161556005477905,-0.22669200599193573,0.505083441734314,0.5137479305267334,-0.2549978494644165,0.5716961622238159,0.5357142686843872,-0.2725125253200531,0.5166143178939819,0.5307432413101196,-0.30228036642074585,0.5647578835487366,0.52923583984375,-0.29375433921813965,0.524633526802063,0.5242756605148315,-0.31742215156555176,0.5645627379417419,0.5226449370384216,-0.23773160576820374,0.5222154855728149,0.518939733505249,-0.2635444402694702,0.5571939945220947,0.5644199848175049,-0.0002865891146939248,0.5013731122016907,0.5629285573959351,0.0002553519152570516,0.5683969259262085,0.7039953470230103,0.012905101291835308,0.48469510674476624,0.7017917633056641,0.018362443894147873,0.5849847197532654,0.8189611434936523,0.18256595730781555,0.4696424901485443,0.8174446225166321,0.18955421447753906,0.5799177289009094,0.8332287669181824,0.19228266179561615,0.4739428460597992,0.8309103846549988,0.19906030595302582,0.598373293876648,0.8614984750747681,0.05945262312889099,0.45916420221328735,0.8594880700111389,0.06874559819698334
132,bend,a12_s09_e02,0.5204323530197144,0.3047837018966675,-0.27965185046195984,0.5242136716842651,0.2915824055671692,-0.2612076699733734,0.5276973843574524,0.2909744083881378,-0.2612210214138031,0.530754029750824,0.2907148003578186,-0.26120588183403015,0.5135447978973389,0.2945336401462555,-0.2604978382587433,0.5103198289871216,0.296040803194046,-0.2605263590812683,0.5071252584457397,0.29739612340927124,-0.260524719953537,0.5356316566467285,0.29709118604660034,-0.14454887807369232,0.502790093421936,0.30728015303611755,-0.14030176401138306,0.5290669202804565,0.3196079134941101,-0.23562555015087128,0.5150821805000305,0.3216400742530823,-0.23453077673912048,0.5714282393455505,0.381891667842865,-0.061860840767621994,0.4830175042152405,0.3859047591686249,-0.07504621893167496,0.5971746444702148,0.4607991576194763,-0.07431371510028839,0.46956029534339905,0.47741633653640747,-0.1021697074174881,0.5778712034225464,0.5169585943222046,-0.2380179613828659,0.5046626329421997,0.514205276966095,-0.2652738094329834,0.5715375542640686,0.5367700457572937,-0.28399521112442017,0.5161722898483276,0.5318579077720642,-0.31261566281318665,0.5647252202033997,0.5301835536956787,-0.3064653277397156,0.5240956544876099,0.5256173610687256,-0.32789096236228943,0.5645738840103149,0.5235631465911865,-0.24968695640563965,0.521631121635437,0.5200955867767334,-0.2736285328865051,0.557183563709259,0.5644043684005737,0.0006535626598633826,0.5013628602027893,0.5629537105560303,-0.0007043844670988619,0.5682982802391052,0.7039581537246704,0.021106800064444542,0.48469680547714233,0.7018709778785706,0.01813686266541481,0.5849040746688843,0.818575918674469,0.1916390210390091,0.46963590383529663,0.8179048299789429,0.19139297306537628,0.5799171924591064,0.8327373266220093,0.20077688992023468,0.4739462733268738,0.8312607407569885,0.20104923844337463,0.5983882546424866,0.86123126745224,0.06589499861001968,0.45917803049087524,0.8598863482475281,0.06896509230136871
133,bend,a12_s09_e02,0.519779622554779,0.30499979853630066,-0.2858487069606781,0.523556649684906,0.29167211055755615,-0.2670525908470154,0.527039647102356,0.2910076379776001,-0.2670649290084839,0.5300875902175903,0.2907933294773102,-0.2670479118824005,0.5128852128982544,0.2947640120983124,-0.2662123143672943,0.5096960663795471,0.29627561569213867,-0.2662423551082611,0.5064462423324585,0.2976735532283783,-0.26624077558517456,0.5350135564804077,0.29716986417770386,-0.14944344758987427,0.5021220445632935,0.3075430989265442,-0.1447683423757553,0.5285131335258484,0.3197597861289978,-0.2416866272687912,0.5144675374031067,0.3219238519668579,-0.24044761061668396,0.5713018178939819,0.3819366693496704,-0.06726770102977753,0.4826689660549164,0.3869752883911133,-0.08027657866477966,0.5966367721557617,0.46193280816078186,-0.07990939915180206,0.46944132447242737,0.4793012738227844,-0.11047057807445526,0.5778573155403137,0.5177600383758545,-0.24643687903881073,0.5043688416481018,0.5156413912773132,-0.27812081575393677,0.5712766647338867,0.5380608439445496,-0.2934611439704895,0.5150319337844849,0.5346649289131165,-0.3268047869205475,0.5645490884780884,0.5314366221427917,-0.31741636991500854,0.5227293968200684,0.5273105502128601,-0.3425280451774597,0.5644954442977905,0.5247920155525208,-0.2587553560733795,0.5204775929450989,0.5214857459068298,-0.28691375255584717,0.5572489500045776,0.5644368529319763,0.001898202346637845,0.5014564394950867,0.5635371804237366,-0.001962491776794195,0.5682968497276306,0.703973650932312,0.024647289887070656,0.48471298813819885,0.7024164199829102,0.018861817196011543,0.5847538709640503,0.818445086479187,0.20249612629413605,0.4696875512599945,0.8182037472724915,0.19878976047039032,0.5797801613807678,0.8324256539344788,0.2121795117855072,0.4741593897342682,0.8314391374588013,0.20906534790992737,0.5984042882919312,0.8609456419944763,0.07641509920358658,0.45925283432006836,0.8603487610816956,0.07560934126377106
134,bend,a12_s09_e02,0.5187400579452515,0.30547934770584106,-0.2952447235584259,0.5227116346359253,0.2919219434261322,-0.27686628699302673,0.5262798070907593,0.291178822517395,-0.2768755555152893,0.5294338464736938,0.2909137010574341,-0.27685195207595825,0.5118509531021118,0.2951190173625946,-0.2755897641181946,0.5087168216705322,0.29662007093429565,-0.27562612295150757,0.5054048299789429,0.2980195879936218,-0.27562859654426575,0.534672200679779,0.29724904894828796,-0.16027162969112396,0.5013149976730347,0.3078184425830841,-0.1536344587802887,0.5278581380844116,0.32015177607536316,-0.2514951527118683,0.5135365724563599,0.32244256138801575,-0.24968981742858887,0.5713576078414917,0.38204720616340637,-0.07759179174900055,0.4824250340461731,0.38767728209495544,-0.08560971170663834,0.5962749719619751,0.463987797498703,-0.08498355746269226,0.4692161977291107,0.48036426305770874,-0.11312311887741089,0.5770728588104248,0.5184553861618042,-0.2477579414844513,0.5028082132339478,0.5187844038009644,-0.28469857573509216,0.5705806016921997,0.539973258972168,-0.2945336699485779,0.5122671723365784,0.5412400960922241,-0.33361726999282837,0.563328742980957,0.5318870544433594,-0.3197110593318939,0.519402265548706,0.5327383279800415,-0.3511439561843872,0.5632199645042419,0.5253375768661499,-0.2604105770587921,0.5172865986824036,0.5254337191581726,-0.294467031955719,0.557300329208374,0.5644310712814331,0.002193131484091282,0.5015274286270142,0.5637175440788269,-0.0022613585460931063,0.5682941675186157,0.7038401365280151,0.026867195963859558,0.48485714197158813,0.702404797077179,0.020075935870409012,0.5845791101455688,0.8182269334793091,0.20232483744621277,0.4697997570037842,0.8181197643280029,0.1993204951286316,0.5795613527297974,0.8318382501602173,0.2115633487701416,0.47431936860084534,0.831125020980835,0.209303617477417,0.5981611013412476,0.8599990606307983,0.07471390068531036,0.4594852924346924,0.8602265119552612,0.07531910389661789
135,bend,a12_s09_e02,0.5181882977485657,0.30553802847862244,-0.2882640063762665,0.5220434069633484,0.29194891452789307,-0.2694056034088135,0.525610089302063,0.29122939705848694,-0.2694147527217865,0.5287796258926392,0.2910076975822449,-0.26938900351524353,0.5111783146858215,0.2952289879322052,-0.2681383192539215,0.5080732107162476,0.2967751920223236,-0.26817166805267334,0.504605770111084,0.2982635796070099,-0.26817047595977783,0.5341082811355591,0.29736247658729553,-0.1528400331735611,0.500446081161499,0.308206707239151,-0.14617130160331726,0.5274859666824341,0.3202084004878998,-0.24478676915168762,0.5130109190940857,0.32271596789360046,-0.2429262101650238,0.5713936686515808,0.38209405541419983,-0.07489673793315887,0.48205962777137756,0.38828083872795105,-0.08099906146526337,0.5952713489532471,0.46519070863723755,-0.0890205129981041,0.4689013361930847,0.48130184412002563,-0.11230512708425522,0.5769857168197632,0.5201296210289001,-0.258983314037323,0.5010308623313904,0.524064838886261,-0.28700774908065796,0.5706424713134766,0.5452568531036377,-0.307813823223114,0.5096825361251831,0.5504536032676697,-0.3365726172924042,0.563340425491333,0.5367372035980225,-0.3347589373588562,0.5164357423782349,0.5414530038833618,-0.35505998134613037,0.5631389617919922,0.5292516350746155,-0.27271902561187744,0.5146850347518921,0.5322879552841187,-0.29734402894973755,0.5573781728744507,0.564315140247345,0.0022032333072274923,0.5015981793403625,0.5637885332107544,-0.0022702200803905725,0.5683309435844421,0.7035216093063354,0.025640839710831642,0.48495689034461975,0.702495813369751,0.018701566383242607,0.5843856334686279,0.8181864023208618,0.2008853405714035,0.46981996297836304,0.8181038498878479,0.19681470096111298,0.579349160194397,0.8317792415618896,0.20926780998706818,0.47446927428245544,0.8311135768890381,0.20657820999622345,0.5981196165084839,0.8598256707191467,0.06778593361377716,0.4594658315181732,0.860215961933136,0.07265108078718185
136,bend,a12_s09_e02,0.5172098875045776,0.3066100478172302,-0.282108873128891,0.521057665348053,0.292697012424469,-0.26363426446914673,0.5245835781097412,0.29183873534202576,-0.2636474072933197,0.5279316306114197,0.291425883769989,-0.26362282037734985,0.5102291703224182,0.2965247333049774,-0.2623780071735382,0.507072925567627,0.29812324047088623,-0.2624097466468811,0.5036007165908813,0.29965540766716003,-0.26241105794906616,0.5335385203361511,0.2975235879421234,-0.14806370437145233,0.4997326731681824,0.30942556262016296,-0.14123187959194183,0.5268035531044006,0.3210158944129944,-0.2387831211090088,0.5122944116592407,0.3239598870277405,-0.23694464564323425,0.5713827610015869,0.3822269141674042,-0.06970902532339096,0.4819912910461426,0.3887540102005005,-0.07770433276891708,0.5922837257385254,0.4683873951435089,-0.08346348255872726,0.4687674939632416,0.481672465801239,-0.10908671468496323,0.5770875215530396,0.5279766321182251,-0.24875882267951965,0.4984985888004303,0.5294687151908875,-0.2821444571018219,0.5715857148170471,0.5544957518577576,-0.29612141847610474,0.506075382232666,0.5563119053840637,-0.3310515284538269,0.5642675161361694,0.5475019216537476,-0.3223557472229004,0.5126303434371948,0.5478693246841431,-0.34925857186317444,0.5638316869735718,0.5390768647193909,-0.2620617151260376,0.5113605260848999,0.5384818911552429,-0.2922002077102661,0.5574126839637756,0.5642497539520264,0.0022176518104970455,0.5016251802444458,0.5637848973274231,-0.002283727750182152,0.5683982968330383,0.7033846974372864,0.020817836746573448,0.48502907156944275,0.7030293941497803,0.018111420795321465,0.5843122601509094,0.8181790113449097,0.19461321830749512,0.4698007106781006,0.8181496858596802,0.19547230005264282,0.5792592763900757,0.8317540884017944,0.2028367519378662,0.4744647145271301,0.831104040145874,0.20536112785339355,0.5981184244155884,0.8598292469978333,0.061516840010881424,0.4594850540161133,0.860192596912384,0.07112408429384232
137,bend,a12_s09_e02,0.5164613723754883,0.3066488802433014,-0.29303476214408875,0.5200570225715637,0.29273906350135803,-0.2756323218345642,0.5235298871994019,0.29185664653778076,-0.275642067193985,0.5269184112548828,0.29150640964508057,-0.2756187617778778,0.5093532204627991,0.2967347204685211,-0.2741914987564087,0.5061361789703369,0.2984292805194855,-0.27423062920570374,0.5026518702507019,0.30011576414108276,-0.27424800395965576,0.5327877402305603,0.29754921793937683,-0.16066566109657288,0.49895721673965454,0.31020382046699524,-0.1530783325433731,0.5263142585754395,0.3210611641407013,-0.24959293007850647,0.5118333101272583,0.32408657670021057,-0.24750904738903046,0.5713934898376465,0.3823227882385254,-0.07524066418409348,0.4820021986961365,0.38887307047843933,-0.08555085957050323,0.5885635614395142,0.47051888704299927,-0.0804973691701889,0.46878188848495483,0.4818924367427826,-0.10794742405414581,0.5775494575500488,0.5379006266593933,-0.23281748592853546,0.49648937582969666,0.5358790159225464,-0.27086636424064636,0.5733150243759155,0.56367027759552,-0.2764543890953064,0.5022906064987183,0.5636789798736572,-0.3169441223144531,0.5659998655319214,0.5575129985809326,-0.3091156780719757,0.5093327760696411,0.5565289258956909,-0.3411087989807129,0.5652328729629517,0.5498735308647156,-0.24868173897266388,0.5086920261383057,0.5464507937431335,-0.28322169184684753,0.5572906136512756,0.5636802911758423,0.0032739383168518543,0.5015740990638733,0.5637472867965698,-0.0033506702166050673,0.5684510469436646,0.7031694650650024,0.020218830555677414,0.48505815863609314,0.7034937143325806,0.016231665387749672,0.5842994451522827,0.8181873559951782,0.1944671869277954,0.46979936957359314,0.8182647228240967,0.19442078471183777,0.579231858253479,0.8317901492118835,0.20273566246032715,0.4744587540626526,0.8310979604721069,0.20423734188079834,0.5981467962265015,0.8598712086677551,0.06149753928184509,0.4594927430152893,0.8601818680763245,0.06944289058446884
138,bend,a12_s09_e02,0.5155697464942932,0.3067771792411804,-0.3143782615661621,0.5189980864524841,0.2928648591041565,-0.29807865619659424,0.5224822759628296,0.29192814230918884,-0.2980801463127136,0.5258756875991821,0.2915560305118561,-0.2980682849884033,0.5085300803184509,0.29710516333580017,-0.29741352796554565,0.5053030252456665,0.29888448119163513,-0.29746025800704956,0.5017846822738647,0.3007202446460724,-0.29749101400375366,0.5319848656654358,0.2975400686264038,-0.18296465277671814,0.4983016848564148,0.31072983145713806,-0.1791713535785675,0.5254942178726196,0.3210820257663727,-0.2701680660247803,0.5112991333007812,0.3241366744041443,-0.26916176080703735,0.5713536739349365,0.38237372040748596,-0.08493627607822418,0.48200827836990356,0.38899633288383484,-0.10828737914562225,0.5859900712966919,0.4707764685153961,-0.05224474146962166,0.4688870310783386,0.4821349084377289,-0.10961316525936127,0.578472375869751,0.5458157062530518,-0.1683317869901657,0.49398094415664673,0.5437039136886597,-0.25040751695632935,0.5769367814064026,0.5729303359985352,-0.203054279088974,0.4982864260673523,0.5707221627235413,-0.29160457849502563,0.5704333186149597,0.5696394443511963,-0.23737677931785583,0.5057768821716309,0.5646753907203674,-0.31517860293388367,0.5686827898025513,0.5627750754356384,-0.1839168220758438,0.5057966113090515,0.5543859004974365,-0.2619013786315918,0.5568071007728577,0.5630154013633728,0.006898173131048679,0.5013530850410461,0.5633395910263062,-0.007010376546531916,0.5684515237808228,0.7027179002761841,0.022065002471208572,0.48508983850479126,0.7034803032875061,0.008900237269699574,0.5842353701591492,0.8181802034378052,0.19199572503566742,0.469766765832901,0.818440854549408,0.18294093012809753,0.5790155529975891,0.8317991495132446,0.1996021866798401,0.4742545187473297,0.8310988545417786,0.19233430922031403,0.5981684923171997,0.859915554523468,0.059150487184524536,0.4594935476779938,0.8601843118667603,0.05586451292037964
139,bend,a12_s09_e02,0.5147470235824585,0.30704179406166077,-0.354424387216568,0.5180072784423828,0.29312068223953247,-0.33827853202819824,0.5215394496917725,0.2920610010623932,-0.33826929330825806,0.5249389410018921,0.29158005118370056,-0.33825868368148804,0.5078115463256836,0.29778286814689636,-0.3383975327014923,0.5046157240867615,0.29963427782058716,-0.3384585380554199,0.5010802745819092,0.3016420304775238,-0.3384920656681061,0.5312637090682983,0.2974444627761841,-0.21990565955638885,0.49791908264160156,0.3113342523574829,-0.21999061107635498,0.5248368382453918,0.3210865557193756,-0.30866485834121704,0.5107854604721069,0.3242262303829193,-0.30878496170043945,0.5713676810264587,0.3823287785053253,-0.1109905019402504,0.48200544714927673,0.3891957402229309,-0.14465856552124023,0.5850350260734558,0.4721253216266632,-0.05767778679728508,0.46903786063194275,0.48296627402305603,-0.1276516169309616,0.5814815759658813,0.5521010160446167,-0.17571847140789032,0.4913381040096283,0.5536061525344849,-0.24599997699260712,0.583065390586853,0.5794757008552551,-0.2088029384613037,0.4935669004917145,0.5799967646598816,-0.2842947840690613,0.5772522687911987,0.5769674181938171,-0.24491457641124725,0.5010068416595459,0.5771506428718567,-0.3093111217021942,0.5746105313301086,0.5705209374427795,-0.19192016124725342,0.5018092393875122,0.5683678388595581,-0.2575361728668213,0.556782603263855,0.5630481243133545,0.01074741967022419,0.5013571977615356,0.5633557438850403,-0.010886261239647865,0.5685053467750549,0.7027844190597534,0.026844829320907593,0.48499536514282227,0.7036544680595398,0.0026317730080336332,0.5842022895812988,0.8182938098907471,0.20220701396465302,0.4696792662143707,0.8188246488571167,0.1800839602947235,0.5788400173187256,0.8319826126098633,0.21083267033100128,0.4741993546485901,0.8311969041824341,0.18981720507144928,0.5983651876449585,0.8604371547698975,0.07156871259212494,0.4593774676322937,0.8604373931884766,0.051979996263980865
140,bend,a12_s09_e02,0.5138752460479736,0.3078727722167969,-0.3556542992591858,0.5169673562049866,0.2938843071460724,-0.33996179699897766,0.5206915140151978,0.2925625443458557,-0.33995354175567627,0.5241212844848633,0.2918601632118225,-0.33994239568710327,0.5069732666015625,0.29904890060424805,-0.33963915705680847,0.5037566423416138,0.3009079098701477,-0.33969393372535706,0.5003225207328796,0.30307790637016296,-0.33972424268722534,0.5307031273841858,0.2974647879600525,-0.22381046414375305,0.49751967191696167,0.31200867891311646,-0.22199030220508575,0.5242063999176025,0.3212169110774994,-0.3107476830482483,0.5102413296699524,0.32473263144493103,-0.31030339002609253,0.5713783502578735,0.3822750747203827,-0.11694203317165375,0.48191675543785095,0.389274924993515,-0.14754626154899597,0.583854079246521,0.4746742844581604,-0.05973333865404129,0.469330370426178,0.4836166799068451,-0.12264455854892731,0.5856265425682068,0.5588438510894775,-0.16850820183753967,0.4866213798522949,0.5606938004493713,-0.22148895263671875,0.58788001537323,0.5852528214454651,-0.19966134428977966,0.48746639490127563,0.5883033275604248,-0.25657039880752563,0.5814858078956604,0.583176851272583,-0.2369239777326584,0.4949985146522522,0.5855323076248169,-0.2845340669155121,0.5788933038711548,0.5764527916908264,-0.18495655059814453,0.4966566562652588,0.5773724317550659,-0.2340025156736374,0.5566496849060059,0.5632511377334595,0.012414423748850822,0.5013624429702759,0.5640304684638977,-0.012556982226669788,0.5687163472175598,0.7029330730438232,0.02752043306827545,0.4849039912223816,0.7040116786956787,0.0005108792101964355,0.584169864654541,0.8183053731918335,0.20700569450855255,0.46966275572776794,0.818900465965271,0.1811288446187973,0.5786901116371155,0.8320510983467102,0.21630100905895233,0.47419700026512146,0.8311919569969177,0.19090233743190765,0.5986786484718323,0.8610642552375793,0.07914070785045624,0.4593278765678406,0.8605850338935852,0.05401848629117012
141,bend,a12_s09_e02,0.5132446885108948,0.3089200556278229,-0.374236136674881,0.5162883996963501,0.29482653737068176,-0.35908445715904236,0.5201719999313354,0.293251097202301,-0.3590766191482544,0.5236695408821106,0.29233455657958984,-0.3590734302997589,0.5064558982849121,0.30017536878585815,-0.35845622420310974,0.5032074451446533,0.3019595146179199,-0.3585163950920105,0.4998752474784851,0.30411016941070557,-0.3585456907749176,0.5304533839225769,0.2974790036678314,-0.24422046542167664,0.49730825424194336,0.31241482496261597,-0.24097314476966858,0.523694634437561,0.32169389724731445,-0.3296879827976227,0.5098088979721069,0.32543429732322693,-0.3288395404815674,0.5713803768157959,0.38224926590919495,-0.138118177652359,0.4818967878818512,0.3895110487937927,-0.1593455821275711,0.5829786062240601,0.4752897024154663,-0.07390771806240082,0.46974435448646545,0.48547080159187317,-0.11989057064056396,0.5893499851226807,0.5607838034629822,-0.17513346672058105,0.48092347383499146,0.5669040679931641,-0.20260819792747498,0.5921422243118286,0.5881701111793518,-0.204959899187088,0.4799877107143402,0.5940294861793518,-0.23483550548553467,0.5849491357803345,0.5862751007080078,-0.2426149547100067,0.48711514472961426,0.5916767716407776,-0.2659573256969452,0.5820806622505188,0.5785561203956604,-0.1914876401424408,0.48969441652297974,0.5831574201583862,-0.21614594757556915,0.5567091107368469,0.5632112622261047,0.011545728892087936,0.5014766454696655,0.5647315979003906,-0.01167312916368246,0.5687745809555054,0.7029356360435486,0.027143532410264015,0.4848940968513489,0.7044466733932495,0.0017390704015269876,0.5841435790061951,0.8183294534683228,0.20447957515716553,0.46964725852012634,0.8189756870269775,0.18149752914905548,0.5786759853363037,0.8321037888526917,0.21367165446281433,0.4742569923400879,0.8311881422996521,0.1916690617799759,0.5987489819526672,0.8612354397773743,0.07666955143213272,0.4591314196586609,0.8606704473495483,0.05448002368211746
142,bend,a12_s09_e02,0.5123326778411865,0.30957645177841187,-0.38161203265190125,0.5154099464416504,0.29531481862068176,-0.3679102957248688,0.5194419622421265,0.2935912311077118,-0.3679043650627136,0.5230628252029419,0.2925757169723511,-0.3679046928882599,0.5057641267776489,0.3006404638290405,-0.3661651015281677,0.5024725794792175,0.3023872673511505,-0.36622554063796997,0.49933958053588867,0.30447331070899963,-0.366252064704895,0.5301796197891235,0.2974854111671448,-0.25749993324279785,0.4970260262489319,0.3124680817127228,-0.2486715018749237,0.5229477286338806,0.32202330231666565,-0.3383602499961853,0.5091668367385864,0.32582250237464905,-0.3359437584877014,0.5714083909988403,0.3822677731513977,-0.15391993522644043,0.4817536771297455,0.3898462653160095,-0.16238480806350708,0.5834513306617737,0.4784272611141205,-0.08812472224235535,0.47019433975219727,0.48934945464134216,-0.11430469900369644,0.5925900340080261,0.5668221712112427,-0.17705568671226501,0.4743090271949768,0.5729392170906067,-0.19313976168632507,0.5952612161636353,0.5930900573730469,-0.20457661151885986,0.4728977084159851,0.5996000170707703,-0.22349324822425842,0.5887030959129333,0.5920382738113403,-0.24137826263904572,0.47840768098831177,0.597554624080658,-0.25775963068008423,0.5857261419296265,0.5841302871704102,-0.1927289366722107,0.48076432943344116,0.5891360640525818,-0.20795786380767822,0.5566418170928955,0.5633851885795593,0.009386041201651096,0.5013327598571777,0.5656392574310303,-0.00954532902687788,0.568764865398407,0.7030009031295776,0.020022541284561157,0.4846629500389099,0.705451250076294,0.0023722006008028984,0.5840458273887634,0.8182438015937805,0.2015399932861328,0.4696599841117859,0.8189828395843506,0.18474790453910828,0.5786756873130798,0.8319015502929688,0.21127215027809143,0.474588543176651,0.8311848044395447,0.19525428116321564,0.5987033247947693,0.8613578081130981,0.07561711221933365,0.4588542878627777,0.8606749176979065,0.059153519570827484
143,bend,a12_s09_e02,0.5121458768844604,0.31004106998443604,-0.3810776472091675,0.5152866244316101,0.2956398129463196,-0.36794328689575195,0.5193217396736145,0.2938765287399292,-0.36794525384902954,0.522963285446167,0.2927994430065155,-0.3679604232311249,0.5056326985359192,0.3008632957935333,-0.36571571230888367,0.5023607015609741,0.302530437707901,-0.36577585339546204,0.499215304851532,0.3045695126056671,-0.3657970726490021,0.5301192998886108,0.29749995470046997,-0.2602986693382263,0.49698108434677124,0.31244975328445435,-0.2486550360918045,0.5226508975028992,0.32227852940559387,-0.3388192653656006,0.5089463591575623,0.3260904550552368,-0.3356005847454071,0.5714145302772522,0.38223034143447876,-0.1625513732433319,0.4816945493221283,0.39000409841537476,-0.15819275379180908,0.5836480855941772,0.47869911789894104,-0.10134842246770859,0.47068676352500916,0.4901323616504669,-0.10397106409072876,0.5955938100814819,0.5650985836982727,-0.1831616759300232,0.46917182207107544,0.574740469455719,-0.1835731416940689,0.5989205837249756,0.5920812487602234,-0.2109181433916092,0.4636581838130951,0.6013527512550354,-0.2126903086900711,0.5931403636932373,0.5912229418754578,-0.24769985675811768,0.46817246079444885,0.6007751226425171,-0.2504943609237671,0.589772641658783,0.5835694670677185,-0.198756605386734,0.47163063287734985,0.5926252603530884,-0.20030725002288818,0.5566474795341492,0.5627027153968811,0.004383898805826902,0.5012211799621582,0.5656304955482483,-0.004542934708297253,0.5687568187713623,0.7028303742408752,0.006555106490850449,0.48458391427993774,0.7055339813232422,0.00270132371224463,0.5839534997940063,0.8181165456771851,0.18151360750198364,0.4696809649467468,0.8187689185142517,0.18419449031352997,0.5786784887313843,0.831747829914093,0.19037804007530212,0.4748489260673523,0.8310188055038452,0.19411584734916687,0.5985647439956665,0.8612804412841797,0.05242485553026199,0.4586772322654724,0.8601062893867493,0.05826351046562195
144,bend,a12_s09_e02,0.5120192766189575,0.31048136949539185,-0.38707032799720764,0.5152316689491272,0.2960233986377716,-0.3741176426410675,0.5192938446998596,0.294248104095459,-0.37412029504776,0.5229519009590149,0.2931191623210907,-0.37414151430130005,0.5055633783340454,0.3010643720626831,-0.3717009425163269,0.5023185014724731,0.30262380838394165,-0.37176668643951416,0.49916592240333557,0.3045961558818817,-0.37178662419319153,0.5301517248153687,0.2975608706474304,-0.2664088308811188,0.4969843327999115,0.31241318583488464,-0.2538018524646759,0.5224280953407288,0.3226247727870941,-0.3447655439376831,0.5087834596633911,0.32635635137557983,-0.34125861525535583,0.5714196562767029,0.3820558190345764,-0.16855265200138092,0.4816164970397949,0.39037296175956726,-0.16046760976314545,0.5838800668716431,0.4781356751918793,-0.10941736400127411,0.4706957936286926,0.4912876784801483,-0.10385910421609879,0.5986568331718445,0.5619031190872192,-0.18384043872356415,0.4640730917453766,0.5762642025947571,-0.18645420670509338,0.6026479005813599,0.5895625948905945,-0.2170141041278839,0.45756998658180237,0.6020015478134155,-0.2155982255935669,0.5981079339981079,0.588495671749115,-0.25259751081466675,0.4610539376735687,0.6018775701522827,-0.2533099055290222,0.5950355529785156,0.5810660123825073,-0.20001515746116638,0.4650649130344391,0.5936248302459717,-0.2033141851425171,0.5567212700843811,0.5622007846832275,0.001692745485343039,0.5010701417922974,0.56560218334198,-0.0018453660886734724,0.5687439441680908,0.7027601599693298,-0.0005740986089222133,0.4845511019229889,0.7055143117904663,0.003294051392003894,0.5839303731918335,0.8180949091911316,0.17095310986042023,0.4697112441062927,0.8185669779777527,0.17986321449279785,0.5787351727485657,0.8316488862037659,0.1795136034488678,0.4749962389469147,0.8309761881828308,0.18898548185825348,0.5984461903572083,0.8612793684005737,0.04124687239527702,0.45865997672080994,0.8596763610839844,0.053622834384441376
145,bend,a12_s09_e02,0.511900782585144,0.31057867407798767,-0.37727785110473633,0.5152421593666077,0.29609546065330505,-0.3646535277366638,0.5192994475364685,0.29434633255004883,-0.3646557629108429,0.5229741334915161,0.2932101786136627,-0.3646758198738098,0.5055339932441711,0.30104488134384155,-0.3619993329048157,0.5023166537284851,0.302578330039978,-0.36205747723579407,0.4991435408592224,0.3045276403427124,-0.36207249760627747,0.530215859413147,0.2975722551345825,-0.2584298849105835,0.49700337648391724,0.31240394711494446,-0.2446553260087967,0.5222716331481934,0.32270124554634094,-0.3354061245918274,0.5086475610733032,0.3264114260673523,-0.3315967321395874,0.571424126625061,0.38179701566696167,-0.16170327365398407,0.48150330781936646,0.39050206542015076,-0.15251538157463074,0.5840353965759277,0.4777899384498596,-0.10391447693109512,0.47028857469558716,0.4917331039905548,-0.0949379950761795,0.6013031005859375,0.5603798627853394,-0.1845632940530777,0.4597860872745514,0.5757965445518494,-0.17451640963554382,0.6055952310562134,0.5881690382957458,-0.2118155062198639,0.4533911347389221,0.6005891561508179,-0.2019968032836914,0.6011296510696411,0.5869607925415039,-0.24886126816272736,0.45604991912841797,0.6008979082107544,-0.24045756459236145,0.5980557203292847,0.5799007415771484,-0.20055320858955383,0.4599800705909729,0.593290388584137,-0.1917525976896286,0.5567210912704468,0.5613706707954407,0.0007707333425059915,0.500713586807251,0.5649698972702026,-0.0009201866341754794,0.5687128305435181,0.7026708126068115,-0.005147852934896946,0.48455438017845154,0.7049475312232971,0.0019288456533104181,0.583918571472168,0.818155825138092,0.15962347388267517,0.4697532057762146,0.8183917999267578,0.16944363713264465,0.5787617564201355,0.8317033052444458,0.16746464371681213,0.47504353523254395,0.8309327960014343,0.17769068479537964,0.5983704328536987,0.8612898588180542,0.029173975810408592,0.45873355865478516,0.8593860864639282,0.04234021157026291
146,bend,a12_s09_e02,0.511972188949585,0.3106003701686859,-0.37965500354766846,0.5153748393058777,0.296108603477478,-0.36713773012161255,0.5194226503372192,0.29438555240631104,-0.36713725328445435,0.5230880975723267,0.29324737191200256,-0.3671613037586212,0.5055850744247437,0.3010137677192688,-0.3645372986793518,0.5023969411849976,0.30255281925201416,-0.36459410190582275,0.4992167353630066,0.30450502038002014,-0.36460691690444946,0.5302795767784119,0.2975837290287018,-0.26107969880104065,0.49705976247787476,0.31223514676094055,-0.2476700097322464,0.5223335027694702,0.32274118065834045,-0.3378540575504303,0.5086838006973267,0.3264307975769043,-0.3341164290904999,0.5714594125747681,0.38153430819511414,-0.16354568302631378,0.4815024733543396,0.39049381017684937,-0.15467800199985504,0.5844256281852722,0.47769689559936523,-0.10365930944681168,0.4695950448513031,0.49125856161117554,-0.09729783236980438,0.603056013584137,0.5591806173324585,-0.18394312262535095,0.45723843574523926,0.5732009410858154,-0.17983607947826385,0.6074804067611694,0.5869613289833069,-0.20948943495750427,0.45158880949020386,0.5981378555297852,-0.2079697847366333,0.6032358407974243,0.5855708718299866,-0.2466699630022049,0.45451122522354126,0.5984001755714417,-0.2457718402147293,0.6001139283180237,0.5786005258560181,-0.1998470574617386,0.45819583535194397,0.5908344984054565,-0.1968081295490265,0.556715726852417,0.5605840682983398,0.00046734348870813847,0.5004436373710632,0.5642271041870117,-0.0006122059421613812,0.5686937570571899,0.7025079131126404,-0.007320384494960308,0.48457232117652893,0.7044032216072083,0.0008229256491176784,0.583914041519165,0.8181591033935547,0.15703411400318146,0.46990442276000977,0.817676305770874,0.16675832867622375,0.5787848234176636,0.8317071795463562,0.164828360080719,0.475238174200058,0.8302633762359619,0.17501261830329895,0.5982977151870728,0.8612520694732666,0.02660529688000679,0.4588322043418884,0.8587566614151001,0.04002678766846657
147,bend,a12_s09_e02,0.5120823383331299,0.3104407489299774,-0.39404699206352234,0.5154871940612793,0.295902281999588,-0.3812430202960968,0.5195214748382568,0.2943539619445801,-0.3812410235404968,0.5231693983078003,0.2932644188404083,-0.38127315044403076,0.5056806802749634,0.30030250549316406,-0.3785785734653473,0.5024910569190979,0.3017749786376953,-0.37863582372665405,0.49930161237716675,0.3034588098526001,-0.3786427676677704,0.5303081274032593,0.2975247800350189,-0.273608535528183,0.4971032738685608,0.31142380833625793,-0.2599840760231018,0.522392749786377,0.3227273225784302,-0.3517826199531555,0.5087329149246216,0.32631582021713257,-0.3479709029197693,0.5714771747589111,0.3812694549560547,-0.1744844615459442,0.4814973473548889,0.3905288577079773,-0.16378705203533173,0.5850621461868286,0.4768659174442291,-0.11454527080059052,0.4684533476829529,0.49096357822418213,-0.10546685755252838,0.6042056679725647,0.55846107006073,-0.18997511267662048,0.45477357506752014,0.5729649662971497,-0.19030329585075378,0.6085759401321411,0.5860366225242615,-0.20962455868721008,0.4497830271720886,0.5974180102348328,-0.2200288027524948,0.6046436429023743,0.5845953822135925,-0.25104397535324097,0.45223474502563477,0.5981394052505493,-0.25631970167160034,0.6016963124275208,0.5776612758636475,-0.206405371427536,0.455571711063385,0.5909788608551025,-0.2064865529537201,0.5567151308059692,0.5596743822097778,-0.00021373387426137924,0.5004185438156128,0.5629785656929016,7.900078344391659e-05,0.5686928629875183,0.7020196318626404,-0.009747912175953388,0.484595388174057,0.703754186630249,0.0009679897921159863,0.5838805437088013,0.8181555867195129,0.15304073691368103,0.46996086835861206,0.8175025582313538,0.16426526010036469,0.578781008720398,0.8317009210586548,0.1606273502111435,0.4752753674983978,0.830122709274292,0.1721712052822113,0.598190426826477,0.8609704375267029,0.021399974822998047,0.4589449465274811,0.8584553599357605,0.036819376051425934
148,bend,a12_s09_e02,0.5123754739761353,0.3096488416194916,-0.38143736124038696,0.5159833431243896,0.2954954504966736,-0.36818239092826843,0.5198420882225037,0.294188916683197,-0.36818233132362366,0.5233923196792603,0.29319608211517334,-0.3682062327861786,0.5059195160865784,0.29920095205307007,-0.365825355052948,0.502771258354187,0.30056852102279663,-0.3658776879310608,0.49953970313072205,0.30204910039901733,-0.36588597297668457,0.5303722023963928,0.2974143326282501,-0.2608453929424286,0.4971655011177063,0.31063318252563477,-0.24850495159626007,0.5224441289901733,0.3223136365413666,-0.33932480216026306,0.508831799030304,0.3256172835826874,-0.3359299898147583,0.5714881420135498,0.38096919655799866,-0.16486674547195435,0.4814937710762024,0.39045414328575134,-0.15644323825836182,0.5855626463890076,0.47565537691116333,-0.10832160711288452,0.4675830900669098,0.48969972133636475,-0.10000140964984894,0.6042587161064148,0.558012843132019,-0.18911199271678925,0.45286235213279724,0.571442723274231,-0.18256014585494995,0.6087759137153625,0.5855726003646851,-0.21251694858074188,0.4482884407043457,0.5960835814476013,-0.21120703220367432,0.6047741770744324,0.5838531851768494,-0.2514552175998688,0.45100122690200806,0.5964714288711548,-0.24951377511024475,0.6017662286758423,0.5768865346908569,-0.20544826984405518,0.45405489206314087,0.5892890095710754,-0.19981035590171814,0.5567613840103149,0.5586913824081421,-0.0004287708434276283,0.5004401206970215,0.5618217587471008,0.0003001224831677973,0.5686902403831482,0.7015683054924011,-0.010586329735815525,0.48466697335243225,0.7032259702682495,0.0003036869165953249,0.5838754177093506,0.8181540966033936,0.15021871030330658,0.470020592212677,0.8174511194229126,0.16089707612991333,0.5787956714630127,0.8317033052444458,0.15750737488269806,0.4753175377845764,0.8300819396972656,0.1685570478439331,0.5981670618057251,0.860883891582489,0.017901506274938583,0.4590652585029602,0.8582675457000732,0.03331428021192551
149,bend,a12_s09_e02,0.5124374032020569,0.3088095486164093,-0.3769955039024353,0.5161334872245789,0.2950288951396942,-0.3636917471885681,0.5199587345123291,0.2939426004886627,-0.363692045211792,0.523494303226471,0.2930612862110138,-0.36371490359306335,0.505932092666626,0.29800134897232056,-0.36128002405166626,0.5027886629104614,0.29921114444732666,-0.36132997274398804,0.49956879019737244,0.30053192377090454,-0.36133652925491333,0.5304814577102661,0.2972204089164734,-0.2570042312145233,0.4971837103366852,0.30930885672569275,-0.24429011344909668,0.5225002765655518,0.3219827711582184,-0.3351826071739197,0.508870005607605,0.32499438524246216,-0.33170413970947266,0.5714935064315796,0.38075390458106995,-0.16236791014671326,0.48149222135543823,0.3903876543045044,-0.1532587707042694,0.5859781503677368,0.47488710284233093,-0.10614949464797974,0.4671567380428314,0.4886217415332794,-0.09674979746341705,0.6042553186416626,0.5577614307403564,-0.18792662024497986,0.4521656930446625,0.5705105662345886,-0.17999327182769775,0.6087011694908142,0.5852953195571899,-0.21283948421478271,0.4477301239967346,0.5952180624008179,-0.20870277285575867,0.6045315861701965,0.5833772420883179,-0.2507546544075012,0.45061081647872925,0.5953273773193359,-0.247142031788826,0.6015608906745911,0.5763838887214661,-0.20414850115776062,0.45355597138404846,0.5881458520889282,-0.19738730788230896,0.5567764639854431,0.5581266283988953,-0.0006061827298253775,0.500444769859314,0.5609709024429321,0.00047998473746702075,0.5686858892440796,0.7012335658073425,-0.010521178133785725,0.4846881330013275,0.7027799487113953,0.00030939243151806295,0.5838715434074402,0.8181525468826294,0.14903667569160461,0.47007766366004944,0.8172948360443115,0.15991522371768951,0.578809380531311,0.8317205905914307,0.15614645183086395,0.47534704208374023,0.8299790620803833,0.16742271184921265,0.5981585383415222,0.860740065574646,0.016298513859510422,0.45921236276626587,0.8580418229103088,0.032151661813259125
150,bend,a12_s09_e02,0.5124893188476562,0.3079474866390228,-0.37422746419906616,0.5164433717727661,0.2946016192436218,-0.36184829473495483,0.5202109813690186,0.2936871349811554,-0.3618485927581787,0.5237108469009399,0.29290953278541565,-0.36188071966171265,0.5060616731643677,0.29697301983833313,-0.3586745858192444,0.5029736161231995,0.2979796528816223,-0.35871976613998413,0.49973130226135254,0.29920247197151184,-0.358722060918808,0.5306766629219055,0.29706043004989624,-0.2536090314388275,0.4973796010017395,0.30822455883026123,-0.24336203932762146,0.5225417613983154,0.3215627074241638,-0.33484041690826416,0.5088973045349121,0.324255108833313,-0.3301905691623688,0.5715116262435913,0.3805488348007202,-0.15856122970581055,0.4815104901790619,0.390232652425766,-0.15092900395393372,0.5861595869064331,0.47461995482444763,-0.10429016500711441,0.46710795164108276,0.48766234517097473,-0.09196114540100098,0.6038280725479126,0.5574566721916199,-0.184753879904747,0.45240896940231323,0.5699068307876587,-0.17483125627040863,0.6080212593078613,0.5849506855010986,-0.2103775292634964,0.4476085603237152,0.5946647524833679,-0.2035767287015915,0.603748619556427,0.5830270051956177,-0.24761220812797546,0.450552374124527,0.5945743322372437,-0.24177055060863495,0.6008070707321167,0.5760484337806702,-0.20082275569438934,0.45363861322402954,0.5873731970787048,-0.19214095175266266,0.5568049550056458,0.5578171610832214,-0.0006760687101632357,0.5004538297653198,0.5605592131614685,0.0005492104100994766,0.5686604976654053,0.7008769512176514,-0.010778093710541725,0.4847179055213928,0.7024658918380737,-0.0001236334501300007,0.5838688015937805,0.8181458115577698,0.14923986792564392,0.47010016441345215,0.8172608613967896,0.15919511020183563,0.5788701772689819,0.831739604473114,0.15649759769439697,0.4753548204898834,0.8299371600151062,0.1667984127998352,0.5981470346450806,0.8606116771697998,0.017280632629990578,0.4593353271484375,0.8579716086387634,0.031912632286548615
151,bend,a12_s09_e02,0.5125391483306885,0.3071512281894684,-0.378304660320282,0.5167416334152222,0.29420194029808044,-0.3654662072658539,0.5205049514770508,0.293413370847702,-0.3654650151729584,0.5240058302879333,0.2927353084087372,-0.36549463868141174,0.5061535239219666,0.296127051115036,-0.36273321509361267,0.5030811429023743,0.2969798743724823,-0.36278846859931946,0.49980300664901733,0.29812726378440857,-0.3627944588661194,0.5309792160987854,0.29686975479125977,-0.2592376172542572,0.4974871277809143,0.3071615397930145,-0.2471248209476471,0.5225545763969421,0.32118159532546997,-0.33763885498046875,0.5089230537414551,0.3236614167690277,-0.3337847888469696,0.5715150833129883,0.38049614429473877,-0.16495783627033234,0.48150715231895447,0.390161395072937,-0.15426869690418243,0.5861758589744568,0.47459977865219116,-0.10837657749652863,0.4671251177787781,0.4874632954597473,-0.09456022083759308,0.6030994057655334,0.5574598908424377,-0.1849207878112793,0.4534316062927246,0.5696962475776672,-0.18057778477668762,0.6069978475570679,0.5850477814674377,-0.21193067729473114,0.4488503038883209,0.5945140719413757,-0.20966503024101257,0.6026456952095032,0.5834789872169495,-0.24878379702568054,0.4513782858848572,0.594680905342102,-0.24693147838115692,0.5997727513313293,0.576375424861908,-0.2009529173374176,0.4544488489627838,0.5876625180244446,-0.19739216566085815,0.5568229556083679,0.557376503944397,-0.000614077493082732,0.5004478693008423,0.5600932240486145,0.00048482505371794105,0.5686588287353516,0.700573742389679,-0.01224327739328146,0.4847349226474762,0.7022689580917358,-0.0010757638374343514,0.5838735699653625,0.8181514143943787,0.14515888690948486,0.47010278701782227,0.817272961139679,0.1564534604549408,0.5789271593093872,0.8318142294883728,0.15218764543533325,0.47534283995628357,0.8299568891525269,0.1638706773519516,0.598145604133606,0.8606210350990295,0.013446604833006859,0.4593636095523834,0.8579800128936768,0.02904450334608555
152,bend,a12_s09_e02,0.5136195421218872,0.3065011203289032,-0.38479143381118774,0.5179553031921387,0.2937691807746887,-0.3709248900413513,0.5216709971427917,0.2931326925754547,-0.37092822790145874,0.5251208543777466,0.29256054759025574,-0.3709583580493927,0.5069460272789001,0.2952859699726105,-0.3688815236091614,0.5039190053939819,0.29590877890586853,-0.368941992521286,0.5006939172744751,0.29694291949272156,-0.3689531087875366,0.5316299200057983,0.29678860306739807,-0.2623307406902313,0.4979761242866516,0.3061233460903168,-0.2524503767490387,0.523217499256134,0.3209511637687683,-0.34285688400268555,0.5094345808029175,0.3232845664024353,-0.34003597497940063,0.5715199112892151,0.3804990351200104,-0.16783498227596283,0.4815124571323395,0.3900603652000427,-0.15914669632911682,0.5860952734947205,0.4748014807701111,-0.11357109248638153,0.46715158224105835,0.4873882532119751,-0.10402444750070572,0.6027732491493225,0.5581479668617249,-0.1946915239095688,0.45425423979759216,0.5696296095848083,-0.18420645594596863,0.6064801812171936,0.5857774615287781,-0.22189006209373474,0.449849933385849,0.5945208072662354,-0.21164460480213165,0.6019455194473267,0.5844963788986206,-0.25930696725845337,0.45253077149391174,0.5947561860084534,-0.25236308574676514,0.5991516709327698,0.5773513913154602,-0.21090832352638245,0.45563235878944397,0.587647557258606,-0.20221516489982605,0.5567594766616821,0.5572367310523987,-0.0005844874540343881,0.5004029870033264,0.5599734783172607,0.00045460480032488704,0.5686590075492859,0.7004640698432922,-0.010468484833836555,0.4847484529018402,0.7020860314369202,-0.0010584942065179348,0.5838739275932312,0.8181965351104736,0.14879733324050903,0.4700985848903656,0.8173064589500427,0.1586908996105194,0.5789300799369812,0.8319714069366455,0.1559460461139679,0.47531700134277344,0.8299872279167175,0.16632787883281708,0.5982107520103455,0.860657274723053,0.01673254184424877,0.4594036638736725,0.8580071330070496,0.03051161766052246
153,bend,a12_s09_e02,0.5141684412956238,0.3063463866710663,-0.3906196355819702,0.5186556577682495,0.29362013936042786,-0.3765140175819397,0.5224359631538391,0.29303112626075745,-0.3765166401863098,0.5259602069854736,0.29251235723495483,-0.376541405916214,0.5073729753494263,0.2949616312980652,-0.375040739774704,0.5043756365776062,0.29546865820884705,-0.3751089870929718,0.5011662244796753,0.2964383363723755,-0.3751295506954193,0.5322616696357727,0.2967687249183655,-0.2663162350654602,0.498370498418808,0.305562287569046,-0.25885820388793945,0.5236663818359375,0.3209056556224823,-0.3478304147720337,0.5097285509109497,0.32317909598350525,-0.34579941630363464,0.5715130567550659,0.38050079345703125,-0.16985628008842468,0.4815019965171814,0.3900183439254761,-0.1646871268749237,0.5857212543487549,0.4751414358615875,-0.11402425915002823,0.46737733483314514,0.48787814378738403,-0.1100362166762352,0.6010833978652954,0.5598870515823364,-0.1975574791431427,0.4553409218788147,0.5703944563865662,-0.19036436080932617,0.6045845746994019,0.5871274471282959,-0.22462792694568634,0.4510723650455475,0.595336377620697,-0.21816082298755646,0.6004125475883484,0.5864732265472412,-0.26194143295288086,0.45409074425697327,0.5956712961196899,-0.2587534785270691,0.5973191261291504,0.5791564583778381,-0.21367378532886505,0.45714133977890015,0.588270366191864,-0.20817896723747253,0.5567570924758911,0.5572385191917419,-0.0004056402831338346,0.5003796815872192,0.5600069165229797,0.0002713993890210986,0.5686579346656799,0.7003799676895142,-0.007226478308439255,0.4847505986690521,0.7020501494407654,-0.001036336412653327,0.5839124321937561,0.818229079246521,0.1557459682226181,0.4700795114040375,0.8174135088920593,0.16256189346313477,0.5790501832962036,0.8320620656013489,0.16323819756507874,0.4752759039402008,0.8301092982292175,0.17052656412124634,0.5982424020767212,0.8608288168907166,0.02285240963101387,0.4594241976737976,0.8581225872039795,0.031748153269290924
154,bend,a12_s09_e02,0.5148847699165344,0.3061840832233429,-0.3895048499107361,0.5194823741912842,0.29348665475845337,-0.37557172775268555,0.523281455039978,0.29293912649154663,-0.37556231021881104,0.5269126892089844,0.2924632728099823,-0.37558770179748535,0.5079569816589355,0.2947196662425995,-0.3724478483200073,0.5049430131912231,0.2951502203941345,-0.37250199913978577,0.501888632774353,0.29603731632232666,-0.37250053882598877,0.532952070236206,0.2967633903026581,-0.26567476987838745,0.4988850951194763,0.30509328842163086,-0.2537359595298767,0.5242474675178528,0.3208310902118683,-0.34701257944107056,0.5101444125175476,0.32306772470474243,-0.3428190350532532,0.5715166330337524,0.38066816329956055,-0.16852401196956635,0.4814634919166565,0.3899630904197693,-0.16144731640815735,0.5852450728416443,0.47692975401878357,-0.10899902880191803,0.4680976867675781,0.48953551054000854,-0.10956814140081406,0.5978296399116516,0.5630826950073242,-0.19109442830085754,0.45663294196128845,0.5732033252716064,-0.1874232143163681,0.6011546850204468,0.5888574719429016,-0.21744711697101593,0.4511938691139221,0.5973337888717651,-0.215615913271904,0.5962666273117065,0.5882559418678284,-0.2540666460990906,0.4542554020881653,0.5977414846420288,-0.2547960877418518,0.5930831432342529,0.5810878276824951,-0.20684731006622314,0.45747846364974976,0.5902822613716125,-0.20469900965690613,0.5564449429512024,0.5574120879173279,0.000494382344186306,0.5000266432762146,0.56044602394104,-0.0006369920447468758,0.5686704516410828,0.7003843784332275,-0.003525795880705118,0.4847421646118164,0.7020943760871887,-0.0009217862971127033,0.5839132070541382,0.8182259202003479,0.15874889492988586,0.4700734615325928,0.8175269961357117,0.1649244874715805,0.5790522694587708,0.832065761089325,0.16623654961585999,0.47528353333473206,0.8301859498023987,0.17318099737167358,0.5982625484466553,0.8609592914581299,0.028079619631171227,0.4593782424926758,0.858201265335083,0.03535398468375206
155,bend,a12_s09_e02,0.5156150460243225,0.3061816990375519,-0.3892369568347931,0.5202893018722534,0.29343923926353455,-0.37471574544906616,0.5240925550460815,0.29290613532066345,-0.37471872568130493,0.5278200507164001,0.2924509644508362,-0.37473177909851074,0.5085423588752747,0.2946735918521881,-0.37131577730178833,0.5054649710655212,0.2951037287712097,-0.3713521659374237,0.5025906562805176,0.29597243666648865,-0.37132927775382996,0.5335620045661926,0.29676368832588196,-0.2655138373374939,0.49938416481018066,0.3049520254135132,-0.25115540623664856,0.5249341130256653,0.32082921266555786,-0.3462086319923401,0.510633647441864,0.323076993227005,-0.34060871601104736,0.5715191960334778,0.38088467717170715,-0.1663992553949356,0.4813813269138336,0.38996031880378723,-0.16032817959785461,0.5843261480331421,0.4776002764701843,-0.10863244533538818,0.46898403763771057,0.49007394909858704,-0.10863924026489258,0.5941099524497986,0.562590479850769,-0.19708992540836334,0.4605258107185364,0.5733309984207153,-0.1879088580608368,0.5976501107215881,0.5886951684951782,-0.22533288598060608,0.45456498861312866,0.598551332950592,-0.21662911772727966,0.5912619233131409,0.587810754776001,-0.2618418037891388,0.45936518907546997,0.598740816116333,-0.25513797998428345,0.5878202319145203,0.5806378126144409,-0.21301689743995667,0.4629144072532654,0.590692937374115,-0.20493125915527344,0.5561140775680542,0.5574265718460083,0.000783003750257194,0.499626487493515,0.5606223940849304,-0.0009262139210477471,0.5687172412872314,0.7003898620605469,0.0006060284795239568,0.48471707105636597,0.7022705078125,0.0004574445483740419,0.5839195847511292,0.8182276487350464,0.16166210174560547,0.4700358510017395,0.8175328969955444,0.16800764203071594,0.5790799856185913,0.8320980072021484,0.16894671320915222,0.4752846360206604,0.8301982879638672,0.17620709538459778,0.5982699394226074,0.8610787987709045,0.03138827532529831,0.45931491255760193,0.8582130074501038,0.03953685611486435
156,bend,a12_s09_e02,0.5164221525192261,0.30622825026512146,-0.3561120927333832,0.5211054086685181,0.2934400141239166,-0.3416025936603546,0.5249031782150269,0.29290691018104553,-0.3416091501712799,0.5287153124809265,0.29245883226394653,-0.3416118025779724,0.5092684030532837,0.29470813274383545,-0.34087198972702026,0.5060425400733948,0.29516494274139404,-0.3409267067909241,0.5034379363059998,0.29605385661125183,-0.34094682335853577,0.5341435670852661,0.2968166172504425,-0.23275411128997803,0.5000401735305786,0.3049735128879547,-0.22864870727062225,0.5256946086883545,0.3209088444709778,-0.31359028816223145,0.5113388895988464,0.32321926951408386,-0.3122670650482178,0.5715216398239136,0.3808925747871399,-0.13919177651405334,0.4813807010650635,0.3898720443248749,-0.14414644241333008,0.5837881565093994,0.47753700613975525,-0.08479368686676025,0.4700019955635071,0.4900158941745758,-0.09056353569030762,0.5902769565582275,0.562821626663208,-0.18218044936656952,0.4649958610534668,0.5730177164077759,-0.17264172434806824,0.5940713882446289,0.5890304446220398,-0.21197859942913055,0.4596942961215973,0.5981929898262024,-0.20267553627490997,0.5863943696022034,0.5877771973609924,-0.24787676334381104,0.46517807245254517,0.598348081111908,-0.239383727312088,0.5832993984222412,0.5805761218070984,-0.1980811208486557,0.46832865476608276,0.5903681516647339,-0.18869702517986298,0.5556570291519165,0.5578820705413818,0.0018924344331026077,0.4995650351047516,0.5610419511795044,-0.002034013392403722,0.5688668489456177,0.7008248567581177,0.001034909626469016,0.48466262221336365,0.7028607130050659,0.00047773635014891624,0.5840812921524048,0.8183280825614929,0.1656147986650467,0.47000932693481445,0.8175739049911499,0.1717955321073532,0.5792000889778137,0.8322795033454895,0.17332914471626282,0.475346177816391,0.8302000761032104,0.18054655194282532,0.5985276699066162,0.8613736033439636,0.03640921041369438,0.45917922258377075,0.8582793474197388,0.04492003470659256
157,bend,a12_s09_e02,0.5170419812202454,0.3064664900302887,-0.3269684910774231,0.5217217803001404,0.2934604287147522,-0.3123721480369568,0.5254953503608704,0.29293331503868103,-0.3123827874660492,0.5293600559234619,0.29250356554985046,-0.3123745322227478,0.5098935961723328,0.2947341501712799,-0.31174561381340027,0.5065036416053772,0.29519712924957275,-0.31179362535476685,0.5040920972824097,0.2960771918296814,-0.311818391084671,0.5345762968063354,0.29695117473602295,-0.20436403155326843,0.5005801916122437,0.30502063035964966,-0.20022621750831604,0.5262689590454102,0.3211316764354706,-0.2849763035774231,0.5119494199752808,0.32358404994010925,-0.2838612198829651,0.5715824365615845,0.38099756836891174,-0.11825697124004364,0.48138004541397095,0.3898281157016754,-0.11949904263019562,0.5836224555969238,0.47755348682403564,-0.08176074922084808,0.4712498188018799,0.4899582266807556,-0.06908204406499863,0.5857142806053162,0.5625537037849426,-0.194112166762352,0.47061532735824585,0.5727813243865967,-0.15579824149608612,0.5884503126144409,0.5891069769859314,-0.22917231917381287,0.4672265946865082,0.5979706645011902,-0.18733009696006775,0.5813172459602356,0.5876515507698059,-0.2631165385246277,0.47272151708602905,0.598050057888031,-0.2224433422088623,0.5786082744598389,0.580402672290802,-0.20977437496185303,0.47558560967445374,0.5901404619216919,-0.17116513848304749,0.5555034875869751,0.5592043399810791,0.0019276138627901673,0.49957042932510376,0.562194287776947,-0.002066035522148013,0.5689786672592163,0.701537549495697,0.0010291137732565403,0.4846297800540924,0.7036418914794922,0.0011160962749272585,0.5841800570487976,0.8184735774993896,0.16880188882350922,0.4699254035949707,0.8177270889282227,0.17569658160209656,0.5792641639709473,0.8323716521263123,0.177022323012352,0.47534817457199097,0.8302143216133118,0.18481984734535217,0.5986233353614807,0.861407458782196,0.04092029854655266,0.45896559953689575,0.8583396077156067,0.051011741161346436
158,bend,a12_s09_e02,0.5174354314804077,0.3065861165523529,-0.32608693838119507,0.5221050977706909,0.29346370697021484,-0.3116561472415924,0.5258690118789673,0.2929401099681854,-0.31167060136795044,0.5297747254371643,0.29251864552497864,-0.3116617500782013,0.5102308988571167,0.29474642872810364,-0.310901403427124,0.5067577958106995,0.29521432518959045,-0.31094664335250854,0.5044136643409729,0.29611361026763916,-0.3109719753265381,0.5349007248878479,0.2970202565193176,-0.20495133101940155,0.5008699893951416,0.30505791306495667,-0.2000625878572464,0.5266627073287964,0.32120534777641296,-0.2846137285232544,0.5122725367546082,0.323794960975647,-0.2833133339881897,0.571623682975769,0.3810475766658783,-0.12095463275909424,0.48137909173965454,0.389824241399765,-0.11874978244304657,0.583286702632904,0.47753337025642395,-0.08532742410898209,0.4718753397464752,0.49031174182891846,-0.06754239648580551,0.5796639919281006,0.5623690485954285,-0.2018962800502777,0.473599910736084,0.5730270743370056,-0.15451179444789886,0.58063143491745,0.5890031456947327,-0.23773691058158875,0.47159838676452637,0.5986127257347107,-0.18639972805976868,0.5737996101379395,0.5875252485275269,-0.2705782651901245,0.47749385237693787,0.5980772376060486,-0.2204059362411499,0.5714378356933594,0.5802520513534546,-0.21685323119163513,0.480051189661026,0.5900856256484985,-0.1693558692932129,0.5553263425827026,0.5596800446510315,0.0018195000011473894,0.4996728003025055,0.562687337398529,-0.0019529613200575113,0.5690450072288513,0.7016456127166748,0.0008776656468398869,0.4846542477607727,0.7039292454719543,0.002581765642389655,0.584263026714325,0.8184967637062073,0.16880282759666443,0.4699181020259857,0.8177939057350159,0.17666013538837433,0.579314112663269,0.8323720097541809,0.17704419791698456,0.47534841299057007,0.8301703929901123,0.18582774698734283,0.5986512303352356,0.8614370226860046,0.041690755635499954,0.4589439928531647,0.8584590554237366,0.05384101718664169
159,bend,a12_s09_e02,0.5177236795425415,0.3066156208515167,-0.3302786946296692,0.5223451852798462,0.29346248507499695,-0.3156726360321045,0.5261037945747375,0.292940229177475,-0.3156886398792267,0.5300281643867493,0.29252034425735474,-0.3156808316707611,0.5104407072067261,0.2947692275047302,-0.31480783224105835,0.5069237947463989,0.295244038105011,-0.3148520588874817,0.5046133995056152,0.29614999890327454,-0.31487488746643066,0.5351089835166931,0.2970355749130249,-0.20874527096748352,0.5010882616043091,0.30508750677108765,-0.20347853004932404,0.5269752144813538,0.3212125599384308,-0.2888096868991852,0.5125089883804321,0.32390183210372925,-0.287408709526062,0.5716837644577026,0.3810496926307678,-0.1257757544517517,0.4813932478427887,0.3897757828235626,-0.12189142405986786,0.5831478834152222,0.47733813524246216,-0.0899837464094162,0.4718932509422302,0.4903459846973419,-0.07596997916698456,0.5760436654090881,0.5620628595352173,-0.2165103256702423,0.47632351517677307,0.5729800462722778,-0.15563657879829407,0.575877845287323,0.5888737440109253,-0.2538357675075531,0.4749285578727722,0.5988546013832092,-0.19654330611228943,0.5680686235427856,0.5866779088973999,-0.28573018312454224,0.48200851678848267,0.5979235172271729,-0.22317072749137878,0.565750777721405,0.579635500907898,-0.23096120357513428,0.484673410654068,0.5900380611419678,-0.17470911145210266,0.5552172064781189,0.5597987771034241,0.0013962407829239964,0.49976128339767456,0.5628604292869568,-0.0015197950415313244,0.5690638422966003,0.7016464471817017,0.003013934940099716,0.48479002714157104,0.7040749192237854,0.007665713783353567,0.5842821598052979,0.8185327649116516,0.17135629057884216,0.4698869585990906,0.8179833889007568,0.18081893026828766,0.5793148279190063,0.8323746919631958,0.1796816885471344,0.4752727448940277,0.830187976360321,0.19008120894432068,0.5986707806587219,0.8615283966064453,0.04529285803437233,0.45896387100219727,0.8587387800216675,0.059442710131406784
