frame_index,label,video_id,l0_x,l0_y,l0_z,l1_x,l1_y,l1_z,l2_x,l2_y,l2_z,l3_x,l3_y,l3_z,l4_x,l4_y,l4_z,l5_x,l5_y,l5_z,l6_x,l6_y,l6_z,l7_x,l7_y,l7_z,l8_x,l8_y,l8_z,l9_x,l9_y,l9_z,l10_x,l10_y,l10_z,l11_x,l11_y,l11_z,l12_x,l12_y,l12_z,l13_x,l13_y,l13_z,l14_x,l14_y,l14_z,l15_x,l15_y,l15_z,l16_x,l16_y,l16_z,l17_x,l17_y,l17_z,l18_x,l18_y,l18_z,l19_x,l19_y,l19_z,l20_x,l20_y,l20_z,l21_x,l21_y,l21_z,l22_x,l22_y,l22_z,l23_x,l23_y,l23_z,l24_x,l24_y,l24_z,l25_x,l25_y,l25_z,l26_x,l26_y,l26_z,l27_x,l27_y,l27_z,l28_x,l28_y,l28_z,l29_x,l29_y,l29_z,l30_x,l30_y,l30_z,l31_x,l31_y,l31_z,l32_x,l32_y,l32_z
0,draw_x,a06_s07_e03,0.5678887367248535,0.293186217546463,-0.45845848321914673,0.5752807855606079,0.28001144528388977,-0.44237861037254333,0.5790373682975769,0.2802676856517792,-0.4423679709434509,0.5822670459747314,0.28039631247520447,-0.4423677921295166,0.5611853003501892,0.2785927951335907,-0.44410476088523865,0.5567723512649536,0.27818235754966736,-0.4441550374031067,0.5525175333023071,0.27756085991859436,-0.44416671991348267,0.5870913863182068,0.2848692834377289,-0.31125131249427795,0.5474316477775574,0.28057125210762024,-0.3201054036617279,0.5749448537826538,0.310770720243454,-0.4064694344997406,0.5596502423286438,0.30890509486198425,-0.40917259454727173,0.6196057796478271,0.37358492612838745,-0.1996300369501114,0.5122050642967224,0.37286174297332764,-0.20758824050426483,0.6396592259407043,0.47210559248924255,-0.13491801917552948,0.49471616744995117,0.4801097512245178,-0.14649364352226257,0.6480127573013306,0.5633357167243958,-0.25362709164619446,0.4904393255710602,0.5708792209625244,-0.25165224075317383,0.649631917476654,0.59068363904953,-0.2897927463054657,0.4866790175437927,0.6013423204421997,-0.2874082028865814,0.6440471410751343,0.5877500176429749,-0.32925164699554443,0.4953170716762543,0.5994229912757874,-0.3281387984752655,0.6410714983940125,0.581389844417572,-0.2710992097854614,0.49840205907821655,0.5905174612998962,-0.2694266140460968,0.5972354412078857,0.5696440935134888,0.0009282265091314912,0.5385485887527466,0.5692464113235474,-0.0010073577286675572,0.6056385040283203,0.7074093222618103,0.04888761788606644,0.5331148505210876,0.7148672938346863,0.030878186225891113,0.6097691059112549,0.8278787136077881,0.29569271206855774,0.5315080285072327,0.8341169357299805,0.2579444348812103,0.602558434009552,0.8443155288696289,0.3117084205150604,0.5395471453666687,0.8460597395896912,0.27161911129951477,0.6278898119926453,0.8854050040245056,0.17471688985824585,0.5126631855964661,0.8875864744186401,0.12903811037540436
1,draw_x,a06_s07_e03,0.5679176449775696,0.29469993710517883,-0.4502575397491455,0.5750852823257446,0.2812383472919464,-0.43476906418800354,0.5787209272384644,0.28140419721603394,-0.4347366690635681,0.5821808576583862,0.28161466121673584,-0.43471139669418335,0.5614358186721802,0.27990448474884033,-0.4370567202568054,0.5569523572921753,0.27939143776893616,-0.43712562322616577,0.5526904463768005,0.27893689274787903,-0.4371413588523865,0.5866985321044922,0.2860383987426758,-0.30633002519607544,0.547385036945343,0.28234249353408813,-0.31757572293281555,0.5747630596160889,0.3110158145427704,-0.39919671416282654,0.5596508383750916,0.30933278799057007,-0.40266507863998413,0.6196573376655579,0.3729931116104126,-0.1954861283302307,0.5119036436080933,0.37251201272010803,-0.20461590588092804,0.6397878527641296,0.4715997278690338,-0.11794909089803696,0.49439820647239685,0.4800888001918793,-0.13984642922878265,0.6482449173927307,0.5633487701416016,-0.22197289764881134,0.49031099677085876,0.5709238648414612,-0.24015724658966064,0.6497381925582886,0.5905936360359192,-0.2535199522972107,0.48658767342567444,0.6013777852058411,-0.2735825181007385,0.6441219449043274,0.587489664554596,-0.2936018109321594,0.49526625871658325,0.5994201302528381,-0.31453120708465576,0.6412284970283508,0.5811649560928345,-0.23915860056877136,0.4983294904232025,0.5905088782310486,-0.25784844160079956,0.5974463224411011,0.5696132183074951,0.0005672018742188811,0.5385591387748718,0.5693651437759399,-0.0006602307548746467,0.6052106618881226,0.7073817849159241,0.039019130170345306,0.5331146717071533,0.7146967649459839,0.031225908547639847,0.6097697019577026,0.8293505311012268,0.25339576601982117,0.5312823057174683,0.8339641690254211,0.24469681084156036,0.6026273965835571,0.8454581499099731,0.26577621698379517,0.5394157767295837,0.8461408615112305,0.25652649998664856,0.6277738809585571,0.8853482007980347,0.13032716512680054,0.5123599171638489,0.8875420093536377,0.11931459605693817
2,draw_x,a06_s07_e03,0.5679911375045776,0.2955144941806793,-0.45186156034469604,0.5749792456626892,0.28188660740852356,-0.4366384446620941,0.5785542726516724,0.28200143575668335,-0.4365948736667633,0.5821327567100525,0.28225088119506836,-0.43656134605407715,0.5616970658302307,0.28059330582618713,-0.4393898546695709,0.5571700930595398,0.2800377905368805,-0.43947315216064453,0.5528980493545532,0.2796531617641449,-0.43949180841445923,0.5863837003707886,0.2866095304489136,-0.308348685503006,0.5473619103431702,0.2832493782043457,-0.321190744638443,0.5746741890907288,0.31115958094596863,-0.40081316232681274,0.559667706489563,0.30958759784698486,-0.40489140152931213,0.6197060942649841,0.37254598736763,-0.19687330722808838,0.5115989446640015,0.37243133783340454,-0.2063003033399582,0.640030026435852,0.4711417853832245,-0.12095997482538223,0.4941962659358978,0.48008832335472107,-0.14031890034675598,0.6485317945480347,0.5633344054222107,-0.2271718531847,0.49015671014785767,0.5709695219993591,-0.24209673702716827,0.6498949527740479,0.5904751420021057,-0.259676992893219,0.48646312952041626,0.6014177799224854,-0.27617597579956055,0.6442717909812927,0.5872058868408203,-0.29984480142593384,0.4952070713043213,0.5994198322296143,-0.3171132504940033,0.6414740681648254,0.5809195637702942,-0.24445900321006775,0.498262494802475,0.5905072689056396,-0.2598138749599457,0.5975183248519897,0.5695496797561646,0.0002677358570508659,0.5385577082633972,0.5694253444671631,-0.00036662505590356886,0.6048036217689514,0.7073805332183838,0.038286007940769196,0.5331129431724548,0.7145741581916809,0.03169342875480652,0.6097690463066101,0.8300164937973022,0.2560711205005646,0.5311639904975891,0.8338786363601685,0.24357207119464874,0.6026719808578491,0.8460671305656433,0.268954873085022,0.5393310785293579,0.8462387919425964,0.25539499521255493,0.6276799440383911,0.885258138179779,0.13322123885154724,0.5122443437576294,0.8875118494033813,0.11792820692062378
3,draw_x,a06_s07_e03,0.5680475831031799,0.296099454164505,-0.44645947217941284,0.5749016404151917,0.2823566198348999,-0.4310625493526459,0.5784401893615723,0.28244099020957947,-0.4310227036476135,0.5821003913879395,0.28271088004112244,-0.43098998069763184,0.5618837475776672,0.28107330203056335,-0.4337707459926605,0.5573228597640991,0.28048190474510193,-0.4338478446006775,0.5530276894569397,0.28012630343437195,-0.4338648319244385,0.5861987471580505,0.2870141863822937,-0.3035005033016205,0.5473411083221436,0.283783882856369,-0.3170068562030792,0.5745953917503357,0.3113168179988861,-0.39573097229003906,0.5596827864646912,0.30983766913414,-0.399783194065094,0.619743287563324,0.37226736545562744,-0.19341984391212463,0.5114390850067139,0.3723277151584625,-0.20386290550231934,0.640119194984436,0.47088444232940674,-0.11373712867498398,0.4940762519836426,0.4800763726234436,-0.13838520646095276,0.6486855745315552,0.5633373856544495,-0.21576154232025146,0.4900719225406647,0.570982813835144,-0.23807260394096375,0.6499741077423096,0.5904392600059509,-0.24685916304588318,0.48642516136169434,0.6014261245727539,-0.2713826894760132,0.6443325281143188,0.5871226191520691,-0.28701621294021606,0.49518370628356934,0.5994070172309875,-0.31226271390914917,0.6415812373161316,0.5808414220809937,-0.2329098880290985,0.4982186257839203,0.5904898047447205,-0.25574907660484314,0.5977102518081665,0.5695229768753052,0.00019539492495823652,0.538594126701355,0.5694679617881775,-0.00029795250156894326,0.6045856475830078,0.7073802947998047,0.03831945359706879,0.5331149697303772,0.7144631743431091,0.03169550374150276,0.6097614765167236,0.8304040431976318,0.2516326308250427,0.5310128331184387,0.8337799310684204,0.23832988739013672,0.6026894450187683,0.8463292717933655,0.2639439105987549,0.5392496585845947,0.8463128805160522,0.24970170855522156,0.6275883913040161,0.8851755261421204,0.12890920042991638,0.5120840072631836,0.8874503970146179,0.1133444532752037
4,draw_x,a06_s07_e03,0.5680835247039795,0.296514630317688,-0.44442686438560486,0.5748327970504761,0.28269127011299133,-0.4289933741092682,0.5783404111862183,0.2827568054199219,-0.4289560317993164,0.582064151763916,0.2830319404602051,-0.4289249777793884,0.561998724937439,0.28141722083091736,-0.4316958487033844,0.5574149489402771,0.2808012366294861,-0.4317696690559387,0.5531017184257507,0.28045591711997986,-0.4317856431007385,0.5860565304756165,0.28729575872421265,-0.3014492690563202,0.5473192930221558,0.2841578423976898,-0.3151949644088745,0.5745359063148499,0.3114699423313141,-0.3936726748943329,0.5596936345100403,0.3100714385509491,-0.39773592352867126,0.6197571754455566,0.37202316522598267,-0.1914905458688736,0.5112272500991821,0.37226706743240356,-0.20265579223632812,0.6401909589767456,0.47055384516716003,-0.11158306896686554,0.49392375349998474,0.48007839918136597,-0.13770031929016113,0.6487805247306824,0.563301146030426,-0.21402795612812042,0.4899924695491791,0.5709908604621887,-0.2370341271162033,0.6500312685966492,0.590323269367218,-0.24527236819267273,0.48640933632850647,0.6014345288276672,-0.2702958285808563,0.644363522529602,0.5869255661964417,-0.28526124358177185,0.4951796531677246,0.5993759036064148,-0.3109505772590637,0.6416293382644653,0.5806783437728882,-0.231136292219162,0.4982074797153473,0.5904589891433716,-0.2545982599258423,0.5977984070777893,0.5695154666900635,0.00014441793609876186,0.5386021137237549,0.5695483088493347,-0.00024892104556784034,0.6044690608978271,0.7073665857315063,0.0376134067773819,0.5331201553344727,0.7143281698226929,0.031583692878484726,0.6097592115402222,0.8307316303253174,0.24970555305480957,0.5309353470802307,0.8337050676345825,0.23553121089935303,0.6027174592018127,0.8465425372123718,0.26197290420532227,0.5391895771026611,0.8463460803031921,0.2467954456806183,0.627497136592865,0.8850866556167603,0.12767378985881805,0.5119903087615967,0.8874409794807434,0.11072245985269547
5,draw_x,a06_s07_e03,0.5681041479110718,0.2967347502708435,-0.4436890184879303,0.574772298336029,0.28288501501083374,-0.42825832962989807,0.5782626867294312,0.2829376459121704,-0.42822209000587463,0.5820356607437134,0.28321442008018494,-0.4281911849975586,0.5620678663253784,0.2816176116466522,-0.4309045374393463,0.5574643611907959,0.2809852361679077,-0.43097585439682007,0.5531371831893921,0.2806438207626343,-0.4309919774532318,0.5859636664390564,0.28745773434638977,-0.30064624547958374,0.5472897291183472,0.2843526601791382,-0.31421902775764465,0.5744813680648804,0.31155338883399963,-0.392901211977005,0.5596959590911865,0.3102080225944519,-0.39689692854881287,0.6197882890701294,0.37177056074142456,-0.1905258446931839,0.5111292004585266,0.3721829652786255,-0.20207209885120392,0.6402031779289246,0.47032448649406433,-0.11040042340755463,0.49382323026657104,0.4800683856010437,-0.1375519186258316,0.648841917514801,0.5632773637771606,-0.21285387873649597,0.48992544412612915,0.5710741877555847,-0.2366946041584015,0.6500797271728516,0.5902239680290222,-0.24405336380004883,0.4864060878753662,0.6014589667320251,-0.2699325978755951,0.6443835496902466,0.5867973566055298,-0.2840133011341095,0.4951780438423157,0.599365770816803,-0.3104519248008728,0.641655445098877,0.5805860161781311,-0.22994831204414368,0.4981955587863922,0.5904540419578552,-0.2541795074939728,0.5978630781173706,0.569511353969574,0.00010986570123350248,0.5386101007461548,0.5695976614952087,-0.00021551728423219174,0.6043311953544617,0.7073535919189453,0.038248442113399506,0.5331444144248962,0.7140640616416931,0.031569525599479675,0.6097551584243774,0.8308451175689697,0.2508292496204376,0.530876100063324,0.8336129784584045,0.2347978800535202,0.602728009223938,0.8466113805770874,0.26309317350387573,0.5391582250595093,0.8463732004165649,0.24607188999652863,0.6274405121803284,0.8849952816963196,0.12881720066070557,0.5118805766105652,0.8874263763427734,0.10986113548278809
6,draw_x,a06_s07_e03,0.5681821703910828,0.2969227731227875,-0.4443472921848297,0.5747517347335815,0.2830182611942291,-0.42882832884788513,0.5782378315925598,0.2830584943294525,-0.4287930130958557,0.5820261240005493,0.2833339273929596,-0.4287632405757904,0.5622024536132812,0.2817601263523102,-0.4314640164375305,0.5575913786888123,0.28112056851387024,-0.4315339922904968,0.5532264709472656,0.28077155351638794,-0.4315493106842041,0.5858839154243469,0.2875533401966095,-0.30080705881118774,0.5472825765609741,0.2844938635826111,-0.3142974078655243,0.5744645595550537,0.31164202094078064,-0.3934100270271301,0.5597357749938965,0.3103289306163788,-0.39738768339157104,0.6198047399520874,0.3716610372066498,-0.19050489366054535,0.5110579133033752,0.37215712666511536,-0.20196159183979034,0.6402105093002319,0.47020044922828674,-0.11030001938343048,0.4937744140625,0.4800744652748108,-0.1373758614063263,0.6488613486289978,0.5632711052894592,-0.21307358145713806,0.48988446593284607,0.5711953043937683,-0.23659686744213104,0.6500962972640991,0.5901631116867065,-0.2443554401397705,0.48640555143356323,0.6015157103538513,-0.26993703842163086,0.6443868279457092,0.586707353591919,-0.2844651937484741,0.49517709016799927,0.5993664264678955,-0.3105908930301666,0.641661524772644,0.5805134177207947,-0.2302219569683075,0.4981917440891266,0.5904568433761597,-0.25412994623184204,0.5979229211807251,0.5694885849952698,5.457529186969623e-05,0.5386144518852234,0.569625198841095,-0.0001619251852389425,0.6042443513870239,0.7073457837104797,0.038703713566064835,0.5331565737724304,0.7139589786529541,0.03159758076071739,0.6097545027732849,0.8309577703475952,0.2520528733730316,0.5308245420455933,0.8335695266723633,0.23549363017082214,0.6027363538742065,0.8466712832450867,0.2643568813800812,0.5391422510147095,0.8464449048042297,0.24680845439434052,0.6274023056030273,0.8849762678146362,0.12943126261234283,0.511802077293396,0.8874217867851257,0.1100555807352066
7,draw_x,a06_s07_e03,0.5682521462440491,0.2970038652420044,-0.4405001997947693,0.5747390985488892,0.2830794155597687,-0.42497605085372925,0.5782263875007629,0.2831179201602936,-0.4249395728111267,0.5820223093032837,0.283399373292923,-0.4249061942100525,0.5623153448104858,0.2818123996257782,-0.42780137062072754,0.5576972365379333,0.28117144107818604,-0.42786988615989685,0.5533134937286377,0.2808170020580292,-0.427884966135025,0.5858265161514282,0.28761962056159973,-0.29735514521598816,0.5472775101661682,0.2845345735549927,-0.31167614459991455,0.5744501948356628,0.31168240308761597,-0.3897353410720825,0.5597655177116394,0.31038618087768555,-0.39397478103637695,0.6198145151138306,0.3715481162071228,-0.18760202825069427,0.5109773874282837,0.37211859226226807,-0.20036303997039795,0.640224039554596,0.4700944721698761,-0.10628388822078705,0.49377304315567017,0.4801035225391388,-0.1360079050064087,0.6488667726516724,0.5632545351982117,-0.20778372883796692,0.4898841381072998,0.5712555646896362,-0.23449726402759552,0.6501139998435974,0.5900866389274597,-0.23857489228248596,0.48643937706947327,0.6015270948410034,-0.2676182687282562,0.6443893313407898,0.5866215825080872,-0.2784825563430786,0.4951763153076172,0.5993662476539612,-0.30818742513656616,0.6416629552841187,0.5804589986801147,-0.2248305082321167,0.49818944931030273,0.5904607176780701,-0.2519906163215637,0.5979739427566528,0.5694835186004639,4.755491318064742e-05,0.5386300683021545,0.5696729421615601,-0.00015535428246948868,0.604193389415741,0.7073162794113159,0.03900795057415962,0.5331786870956421,0.7138267159461975,0.031501732766628265,0.6097498536109924,0.8310253620147705,0.25055643916130066,0.5307931303977966,0.8335304260253906,0.2333941012620926,0.6027384996414185,0.8467172980308533,0.2626360058784485,0.539122462272644,0.8464810252189636,0.24451646208763123,0.6273583769798279,0.8849552273750305,0.1284557580947876,0.5117435455322266,0.8874141573905945,0.10837189853191376
8,draw_x,a06_s07_e03,0.5682820081710815,0.29706424474716187,-0.4411129355430603,0.5747172832489014,0.2831268608570099,-0.42561477422714233,0.5782071352005005,0.2831668555736542,-0.42557963728904724,0.582014262676239,0.2834552526473999,-0.42554816603660583,0.5623732805252075,0.28184691071510315,-0.4283107817173004,0.5577545762062073,0.2812020480632782,-0.4283791184425354,0.5533580780029297,0.280840128660202,-0.42839446663856506,0.5857890844345093,0.2876743972301483,-0.2980143427848816,0.5472747087478638,0.2845515012741089,-0.31180113554000854,0.5744293928146362,0.31171557307243347,-0.3903876543045044,0.5597814917564392,0.3104231059551239,-0.3944551348686218,0.6198427081108093,0.3714253306388855,-0.18829578161239624,0.5109655261039734,0.3720833361148834,-0.2004106491804123,0.6402315497398376,0.46998029947280884,-0.10845978558063507,0.4937680661678314,0.4801081120967865,-0.13624504208564758,0.6488833427429199,0.5631640553474426,-0.21082857251167297,0.4898921847343445,0.5713066458702087,-0.2348054200410843,0.6501381993293762,0.5899521112442017,-0.24197807908058167,0.48650795221328735,0.6015432476997375,-0.26794442534446716,0.6444000005722046,0.5864718556404114,-0.2818331718444824,0.495181143283844,0.5993708372116089,-0.3084770739078522,0.641675591468811,0.5803542733192444,-0.22787979245185852,0.49818816781044006,0.5904737710952759,-0.2522962689399719,0.5980218052864075,0.5694671869277954,2.881411319322069e-06,0.5386511087417603,0.5696807503700256,-0.00011106198508059606,0.6040894985198975,0.70729660987854,0.03922117501497269,0.533218502998352,0.7135639786720276,0.0315474309027195,0.6097476482391357,0.8310906887054443,0.24936847388744354,0.5307813882827759,0.8334246277809143,0.23338858783245087,0.6027451753616333,0.8467801809310913,0.26129236817359924,0.5391178131103516,0.8464913964271545,0.24450437724590302,0.6273183226585388,0.8849205374717712,0.12707355618476868,0.5116893649101257,0.8873764872550964,0.10843026638031006
9,draw_x,a06_s07_e03,0.5683861970901489,0.2971467673778534,-0.44167834520339966,0.5747142434120178,0.2831801176071167,-0.42613524198532104,0.5782057642936707,0.2832179665565491,-0.4261001646518707,0.5820117592811584,0.2835093140602112,-0.426069438457489,0.5625019669532776,0.2818872332572937,-0.4288995862007141,0.5578882694244385,0.2812367379665375,-0.42896780371665955,0.5534576177597046,0.28086212277412415,-0.4289829134941101,0.5857523679733276,0.28770801424980164,-0.29829859733581543,0.5472723245620728,0.2845621109008789,-0.312115877866745,0.5744266510009766,0.31176719069480896,-0.3908542990684509,0.5598477721214294,0.3104688227176666,-0.3950064778327942,0.6198461055755615,0.37133029103279114,-0.1884077936410904,0.5109137892723083,0.3720586895942688,-0.20054645836353302,0.6402332186698914,0.469881147146225,-0.10791023820638657,0.4937613606452942,0.4801139533519745,-0.1363721787929535,0.6488847136497498,0.5630887150764465,-0.2092403620481491,0.4899192750453949,0.5713176131248474,-0.23544001579284668,0.6501454710960388,0.5898498296737671,-0.24003136157989502,0.4865875244140625,0.601546049118042,-0.2686931788921356,0.6444019675254822,0.5863669514656067,-0.28007397055625916,0.49519577622413635,0.5993687510490417,-0.3092425465583801,0.6416775584220886,0.5802780389785767,-0.22633664309978485,0.4981907904148102,0.5904749631881714,-0.2529425024986267,0.5980678796768188,0.5693976879119873,1.0729836503742263e-05,0.5386749505996704,0.5696852803230286,-0.00011912507761735469,0.604046642780304,0.7072591781616211,0.03931464999914169,0.5332354307174683,0.7133967280387878,0.03147036209702492,0.6097469329833984,0.83113032579422,0.24770554900169373,0.5307703018188477,0.833398163318634,0.23257052898406982,0.6027570962905884,0.8468230962753296,0.25945284962654114,0.5391149520874023,0.8465645909309387,0.24360612034797668,0.6272962689399719,0.8848852515220642,0.12496187537908554,0.5116726160049438,0.887354850769043,0.1074918881058693
10,draw_x,a06_s07_e03,0.5685232877731323,0.29714256525039673,-0.44211119413375854,0.5747146010398865,0.2831767797470093,-0.4265090525150299,0.5782208442687988,0.2832152247428894,-0.4264739453792572,0.582018256187439,0.28350767493247986,-0.426443874835968,0.5626280307769775,0.2818831205368042,-0.4293179512023926,0.557998776435852,0.2812342941761017,-0.4293861985206604,0.553540050983429,0.2808569073677063,-0.42940106987953186,0.585731565952301,0.28770911693573,-0.29845842719078064,0.5472703576087952,0.2845556437969208,-0.3123062551021576,0.574425458908081,0.31175556778907776,-0.3912166357040405,0.5599185824394226,0.3104637861251831,-0.395419180393219,0.6198486685752869,0.3712373673915863,-0.18842510879039764,0.5108817219734192,0.3720380961894989,-0.20072877407073975,0.6402349472045898,0.4698302447795868,-0.10677268356084824,0.4937477111816406,0.48011621832847595,-0.1369699239730835,0.6488832831382751,0.5630449652671814,-0.2065291702747345,0.48993009328842163,0.5713970065116882,-0.23580138385295868,0.6501498818397522,0.5897552371025085,-0.23706546425819397,0.4866597056388855,0.6015703082084656,-0.26919469237327576,0.6444042921066284,0.5862529873847961,-0.2770352065563202,0.49522289633750916,0.5993787050247192,-0.30979567766189575,0.6416777968406677,0.5802011489868164,-0.22355306148529053,0.4982050359249115,0.5904964804649353,-0.2533544898033142,0.5981324911117554,0.5692940950393677,1.9545896066119894e-05,0.5386982560157776,0.5696882009506226,-0.0001285208563786,0.6040411591529846,0.7072492241859436,0.03899218887090683,0.5332472920417786,0.7133365273475647,0.03149402141571045,0.6097375154495239,0.8311567902565002,0.2476358711719513,0.5307394862174988,0.8332799673080444,0.2336364984512329,0.6027588844299316,0.8468548655509949,0.25952762365341187,0.5390817523002625,0.8465543985366821,0.24486660957336426,0.6272631883621216,0.8848638534545898,0.12528084218502045,0.5116488337516785,0.8873245120048523,0.1082698255777359
11,draw_x,a06_s07_e03,0.5688456296920776,0.29713720083236694,-0.4435952305793762,0.5747755169868469,0.28317469358444214,-0.42789405584335327,0.5783456563949585,0.2832132875919342,-0.42785754799842834,0.5820793509483337,0.2835061848163605,-0.42782822251319885,0.5629094839096069,0.281880646944046,-0.43104615807533264,0.5582709908485413,0.28123241662979126,-0.4311172068119049,0.5537472367286682,0.280852735042572,-0.4311327338218689,0.585729718208313,0.2877090275287628,-0.2994179427623749,0.5472833514213562,0.2845495045185089,-0.31497982144355774,0.574463427066803,0.311752051115036,-0.3925449848175049,0.5601630806922913,0.3104640543460846,-0.3972368836402893,0.6198599338531494,0.37114396691322327,-0.18911369144916534,0.5108815431594849,0.37198999524116516,-0.2035556137561798,0.640236496925354,0.46978315711021423,-0.10784467309713364,0.49373045563697815,0.4800928831100464,-0.14065952599048615,0.6488794088363647,0.5629976391792297,-0.20804981887340546,0.4899371266365051,0.5714020133018494,-0.2378172129392624,0.650156557559967,0.5896738171577454,-0.23873892426490784,0.4867238402366638,0.6015777587890625,-0.2709093391895294,0.6444063186645508,0.5861679315567017,-0.2787402868270874,0.4952310621738434,0.5993919372558594,-0.31133121252059937,0.6416741609573364,0.5801451802253723,-0.2250979244709015,0.4982070326805115,0.590513288974762,-0.2552432417869568,0.5981568098068237,0.5692581534385681,9.955182031262666e-05,0.5387037396430969,0.5696675181388855,-0.00020939562818966806,0.6039782762527466,0.7072458267211914,0.039057739078998566,0.5332959294319153,0.7131707668304443,0.031681764870882034,0.6097260117530823,0.8312209844589233,0.24845726788043976,0.5307300090789795,0.8332270979881287,0.23403704166412354,0.6027573347091675,0.8469396829605103,0.26046010851860046,0.5390752553939819,0.8465576171875,0.24529187381267548,0.6272579431533813,0.8848532438278198,0.12609174847602844,0.5116463303565979,0.8872715830802917,0.10945296287536621
12,draw_x,a06_s07_e03,0.5691541433334351,0.29709115624427795,-0.44177213311195374,0.574871301651001,0.28312984108924866,-0.42604246735572815,0.5785073041915894,0.2831711769104004,-0.42600560188293457,0.5821584463119507,0.2834738492965698,-0.4259752631187439,0.5632015466690063,0.28185078501701355,-0.42927175760269165,0.5585436224937439,0.28121620416641235,-0.4293420910835266,0.553960382938385,0.2808264493942261,-0.4293559491634369,0.5857278108596802,0.28769901394844055,-0.2978897988796234,0.5473052263259888,0.28453028202056885,-0.31399840116500854,0.5745117664337158,0.31169453263282776,-0.39088141918182373,0.5603969097137451,0.31043481826782227,-0.39569559693336487,0.6198629140853882,0.3710598051548004,-0.18809738755226135,0.5108937621116638,0.37180328369140625,-0.2032090127468109,0.6402379274368286,0.46975091099739075,-0.1057998314499855,0.49371862411499023,0.4799204170703888,-0.14043429493904114,0.6488772630691528,0.562946081161499,-0.20435670018196106,0.48993808031082153,0.5713514685630798,-0.23688557744026184,0.6501612067222595,0.5895944237709045,-0.23455187678337097,0.48674044013023376,0.6015194654464722,-0.26978352665901184,0.6444079875946045,0.5860887169837952,-0.2746356129646301,0.49525347352027893,0.5993160605430603,-0.3100501000881195,0.6416705250740051,0.5800901055335999,-0.22137360274791718,0.49822163581848145,0.5904554724693298,-0.25424617528915405,0.5981851816177368,0.5692020654678345,0.00024122264585457742,0.538720965385437,0.5695879459381104,-0.0003528198867570609,0.6039764285087585,0.7072455883026123,0.038238584995269775,0.5333210825920105,0.7131205797195435,0.0315607413649559,0.6097218990325928,0.8313198685646057,0.24415910243988037,0.5307244062423706,0.8332206606864929,0.23388728499412537,0.6027587056159973,0.847089409828186,0.25572580099105835,0.539072573184967,0.8466246128082275,0.24513272941112518,0.6272464990615845,0.8848384022712708,0.12149299681186676,0.5116433501243591,0.8872634768486023,0.10937909036874771
13,draw_x,a06_s07_e03,0.5694736242294312,0.2970349192619324,-0.44138073921203613,0.5750110149383545,0.28308144211769104,-0.42544522881507874,0.5787181854248047,0.2831302881240845,-0.4254086911678314,0.582266628742218,0.28344446420669556,-0.42537814378738403,0.5635176301002502,0.2818203568458557,-0.4287584722042084,0.558842658996582,0.2812022566795349,-0.42882856726646423,0.5541950464248657,0.2808062434196472,-0.4288412630558014,0.5857306718826294,0.2876962125301361,-0.2968164086341858,0.5473407506942749,0.2845212519168854,-0.3135553300380707,0.5745789408683777,0.31165263056755066,-0.390412837266922,0.5606383085250854,0.3104148805141449,-0.39534565806388855,0.6198669075965881,0.37101247906684875,-0.18655458092689514,0.5109184980392456,0.3717203438282013,-0.2032071053981781,0.6402390003204346,0.4697476625442505,-0.10351810604333878,0.4937137961387634,0.47990891337394714,-0.1407865583896637,0.6488548517227173,0.5629358887672424,-0.20306971669197083,0.48993077874183655,0.5711324214935303,-0.2372932881116867,0.6501648426055908,0.5895645022392273,-0.23350068926811218,0.4867435395717621,0.6011940240859985,-0.2703607976436615,0.6444036364555359,0.5860489010810852,-0.27364659309387207,0.49534010887145996,0.5989755392074585,-0.31022024154663086,0.641647458076477,0.5800611972808838,-0.2201845645904541,0.49828487634658813,0.5902044177055359,-0.25449758768081665,0.5981887578964233,0.5691577196121216,0.0006527252844534814,0.5387395620346069,0.5694588422775269,-0.0007672709762118757,0.6039639711380005,0.7072492837905884,0.03831558674573898,0.5333376526832581,0.7131001353263855,0.030823681503534317,0.6097002029418945,0.8313968777656555,0.24589546024799347,0.5306986570358276,0.8332141041755676,0.23341307044029236,0.6027446985244751,0.8471709489822388,0.2577168941497803,0.539040207862854,0.8466395139694214,0.2446763515472412,0.6272421479225159,0.8848317861557007,0.12345032393932343,0.5116409063339233,0.8872554302215576,0.10861393064260483
14,draw_x,a06_s07_e03,0.5699394941329956,0.296882688999176,-0.43171223998069763,0.575313925743103,0.28297585248947144,-0.41615572571754456,0.5791201591491699,0.2830509543418884,-0.41611751914024353,0.5824877023696899,0.28337833285331726,-0.41608405113220215,0.5639702081680298,0.28175726532936096,-0.4186926484107971,0.559296727180481,0.281177818775177,-0.418754905462265,0.5546227097511292,0.2807830274105072,-0.4187629818916321,0.5858296751976013,0.2876926362514496,-0.28969720005989075,0.5476570725440979,0.2845151722431183,-0.3030696213245392,0.5747401118278503,0.3115033209323883,-0.3816598653793335,0.5610580444335938,0.31034761667251587,-0.385642409324646,0.6198861002922058,0.3710002303123474,-0.18188467621803284,0.5125473737716675,0.37042444944381714,-0.19179370999336243,0.6403447389602661,0.4696139097213745,-0.09923897683620453,0.4942774772644043,0.4748325049877167,-0.12450595945119858,0.6490746736526489,0.5628398060798645,-0.1969245970249176,0.49197477102279663,0.5585764646530151,-0.2209928333759308,0.6502923369407654,0.5894767642021179,-0.22636906802654266,0.48848286271095276,0.5914298295974731,-0.2528737783432007,0.6445796489715576,0.5859405398368835,-0.26700395345687866,0.49652212858200073,0.5887374877929688,-0.2935025691986084,0.6418904066085815,0.5799523591995239,-0.21406039595603943,0.4996010363101959,0.5791274905204773,-0.23861947655677795,0.5982391834259033,0.5689661502838135,0.0006477152346633375,0.5389282703399658,0.5690832734107971,-0.000762208946980536,0.6039565801620483,0.7072545886039734,0.04081084951758385,0.5333976149559021,0.7130894064903259,0.028172865509986877,0.6096866726875305,0.8313647508621216,0.2457636296749115,0.5306636095046997,0.8331968784332275,0.21982932090759277,0.6027290225028992,0.847139298915863,0.2571161091327667,0.5390326380729675,0.8466600775718689,0.2296278178691864,0.6272249221801758,0.8847588896751404,0.12180279195308685,0.511613667011261,0.8872287273406982,0.09255842864513397
15,draw_x,a06_s07_e03,0.5703377723693848,0.29682913422584534,-0.4453659653663635,0.5755490660667419,0.28293576836586,-0.4299951493740082,0.5794232487678528,0.28302574157714844,-0.429953396320343,0.5826750993728638,0.2833614647388458,-0.42993155121803284,0.5643061399459839,0.2817315459251404,-0.4321247637271881,0.5596221089363098,0.28116902709007263,-0.43218937516212463,0.5549157857894897,0.2807736098766327,-0.432198703289032,0.585909366607666,0.2876979410648346,-0.30206209421157837,0.5478583574295044,0.2845231592655182,-0.3137398064136505,0.5749213695526123,0.31148043274879456,-0.39465710520744324,0.5614513754844666,0.31034332513809204,-0.3981717824935913,0.6198891997337341,0.37099871039390564,-0.19049136340618134,0.5138484239578247,0.36961880326271057,-0.19659310579299927,0.6403651833534241,0.4694841504096985,-0.10814641416072845,0.4943024516105652,0.47252002358436584,-0.1250593364238739,0.6493354439735413,0.5627237558364868,-0.20477204024791718,0.49383941292762756,0.5525839328765869,-0.22212080657482147,0.6504199504852295,0.5893814563751221,-0.2343323677778244,0.4915386140346527,0.5864060521125793,-0.25496014952659607,0.6448110342025757,0.5859014391899109,-0.27609989047050476,0.49858665466308594,0.5824295282363892,-0.29638075828552246,0.6422346234321594,0.5799081325531006,-0.22224195301532745,0.5015066862106323,0.5714005827903748,-0.24032416939735413,0.5982726216316223,0.568673849105835,0.0006467860657721758,0.5391005277633667,0.5687206983566284,-0.0007611734326928854,0.6039606332778931,0.7072535157203674,0.04813099652528763,0.5334082245826721,0.7131248116493225,0.026674577966332436,0.6096512079238892,0.8312543034553528,0.25654587149620056,0.5306330919265747,0.8331515192985535,0.2171092927455902,0.6027077436447144,0.8470441102981567,0.2681485116481781,0.5390286445617676,0.8466666340827942,0.22675839066505432,0.6271971464157104,0.8846690654754639,0.12966367602348328,0.5115763545036316,0.8872013688087463,0.08664314448833466
16,draw_x,a06_s07_e03,0.5706164836883545,0.29677915573120117,-0.44793397188186646,0.5757495760917664,0.2828969955444336,-0.43225353956222534,0.5796477198600769,0.28299012780189514,-0.43220916390419006,0.5828295350074768,0.2833302617073059,-0.43218451738357544,0.5645803213119507,0.28171098232269287,-0.43448296189308167,0.5598939657211304,0.2811602056026459,-0.43455275893211365,0.5551754236221313,0.28076162934303284,-0.434565931558609,0.585960328578949,0.2876948118209839,-0.3033594489097595,0.5480038523674011,0.28451964259147644,-0.3153464198112488,0.5750597715377808,0.3114423453807831,-0.39687567949295044,0.5616929531097412,0.3103233873844147,-0.4004998803138733,0.6199047565460205,0.3709961175918579,-0.19058716297149658,0.5142751932144165,0.36924999952316284,-0.19796277582645416,0.640643298625946,0.4691976010799408,-0.10850618034601212,0.4943253993988037,0.47123560309410095,-0.12979952991008759,0.6495357751846313,0.5624746084213257,-0.2096146047115326,0.4958743155002594,0.5470516085624695,-0.23116350173950195,0.6504746079444885,0.5893404483795166,-0.2408786565065384,0.4949086606502533,0.5821458101272583,-0.265536904335022,0.6449280381202698,0.5858315825462341,-0.2826496660709381,0.502265214920044,0.576684296131134,-0.3037194609642029,0.6424486637115479,0.5797799825668335,-0.22730624675750732,0.5048568844795227,0.5647470951080322,-0.24757727980613708,0.5983576774597168,0.5686303377151489,0.0006575302104465663,0.5393120050430298,0.5687013864517212,-0.000771191029343754,0.604002833366394,0.7072793245315552,0.05373319983482361,0.5334019660949707,0.7133898138999939,0.02557271346449852,0.609643280506134,0.8312492966651917,0.2694673240184784,0.5305819511413574,0.8331154584884644,0.2168104201555252,0.6027122735977173,0.8470430374145508,0.28185731172561646,0.5390220880508423,0.8466984629631042,0.22651204466819763,0.627142608165741,0.8845515847206116,0.14280061423778534,0.5114856958389282,0.8871785998344421,0.0850410982966423
17,draw_x,a06_s07_e03,0.5708171129226685,0.2967568635940552,-0.4424644112586975,0.5758575797080994,0.2828659117221832,-0.4259375035762787,0.5797585844993591,0.2829561233520508,-0.425891637802124,0.5829156637191772,0.2832959294319153,-0.4258597493171692,0.5647174119949341,0.2817021906375885,-0.42826786637306213,0.5600203275680542,0.2811570465564728,-0.4283373951911926,0.5553041100502014,0.2807566523551941,-0.428351491689682,0.5859748125076294,0.287689745426178,-0.2955072522163391,0.5481191277503967,0.2845381498336792,-0.30803632736206055,0.5751809477806091,0.3114287555217743,-0.39115384221076965,0.5619057416915894,0.310322105884552,-0.3948666751384735,0.6199080348014832,0.3709949851036072,-0.18048648536205292,0.514552891254425,0.3691650927066803,-0.19459359347820282,0.6408664584159851,0.4688952565193176,-0.09860508143901825,0.4943807125091553,0.4710935354232788,-0.13085176050662994,0.6497248411178589,0.5622577667236328,-0.20599265396595,0.49859723448753357,0.5437028408050537,-0.23167522251605988,0.6505615711212158,0.5892936587333679,-0.23795290291309357,0.49999937415122986,0.5776302814483643,-0.26609164476394653,0.645160973072052,0.585796058177948,-0.2796885371208191,0.5073972344398499,0.5696143507957458,-0.3045768737792969,0.6427873373031616,0.5797287821769714,-0.2238616943359375,0.5089226365089417,0.5579864382743835,-0.2484847605228424,0.5983931422233582,0.5686540603637695,0.0009185288799926639,0.5393695831298828,0.5687284469604492,-0.0010288257617503405,0.604088544845581,0.7073560953140259,0.05275076627731323,0.5334137678146362,0.7137284874916077,0.021874355152249336,0.6096407175064087,0.8312476873397827,0.2689790427684784,0.530545175075531,0.8331087827682495,0.21319106221199036,0.6027148962020874,0.8470386862754822,0.28141480684280396,0.5390108823776245,0.8467885255813599,0.22281184792518616,0.6271348595619202,0.8844984173774719,0.1424235999584198,0.5114706754684448,0.8871718049049377,0.07983701676130295
18,draw_x,a06_s07_e03,0.570842444896698,0.2967485189437866,-0.45131850242614746,0.5758769512176514,0.2828603982925415,-0.43427467346191406,0.5797805190086365,0.28295257687568665,-0.43423566222190857,0.582952618598938,0.28329235315322876,-0.43421489000320435,0.5647221803665161,0.2816973328590393,-0.4365921914577484,0.5600209832191467,0.28115782141685486,-0.436666339635849,0.5553121566772461,0.2807576060295105,-0.43668174743652344,0.5859894156455994,0.28769055008888245,-0.3003029227256775,0.5481431484222412,0.28457018733024597,-0.31260839104652405,0.5752225518226624,0.3114275336265564,-0.3987799286842346,0.5619357824325562,0.3103252649307251,-0.40248313546180725,0.6199108362197876,0.37098759412765503,-0.18165592849254608,0.5147086381912231,0.3691442310810089,-0.19776487350463867,0.6409056186676025,0.4685555100440979,-0.09896017611026764,0.4948503077030182,0.4703410565853119,-0.1445261538028717,0.6500275731086731,0.5619909763336182,-0.21218518912792206,0.5020495653152466,0.5380548238754272,-0.25870731472969055,0.6506699919700623,0.589131772518158,-0.24511948227882385,0.5045241117477417,0.5724126100540161,-0.2959097921848297,0.6453829407691956,0.5857020020484924,-0.2875295579433441,0.511170506477356,0.5626580715179443,-0.33135858178138733,0.6430939435958862,0.5796524882316589,-0.23058536648750305,0.5123432874679565,0.5510091781616211,-0.2740550637245178,0.59839928150177,0.5684916973114014,0.00173322728369385,0.5394241809844971,0.5685243010520935,-0.0018375521758571267,0.6041377782821655,0.7073544859886169,0.051483988761901855,0.5334457755088806,0.7137950658798218,0.016466815024614334,0.6096401810646057,0.8311917185783386,0.27048689126968384,0.5304829478263855,0.8331060409545898,0.21077601611614227,0.602715790271759,0.8469746112823486,0.28324025869369507,0.5389784574508667,0.846908688545227,0.22050459682941437,0.6271312832832336,0.8844865560531616,0.14206896722316742,0.5114344954490662,0.88719242811203,0.07415993511676788
19,draw_x,a06_s07_e03,0.5707353353500366,0.2967471778392792,-0.4390721321105957,0.5758265256881714,0.2828771770000458,-0.42120975255966187,0.5797216296195984,0.282967746257782,-0.4211764931678772,0.5829519033432007,0.2833132743835449,-0.42115697264671326,0.5645877122879028,0.2817210555076599,-0.42310160398483276,0.5598756074905396,0.2811874449253082,-0.42317384481430054,0.5552335381507874,0.28080692887306213,-0.42318907380104065,0.5860154628753662,0.2877825200557709,-0.286084920167923,0.548143744468689,0.2847294509410858,-0.29720282554626465,0.5752220749855042,0.31146833300590515,-0.3863312602043152,0.5618717670440674,0.31035950779914856,-0.38964754343032837,0.6199987530708313,0.3709840476512909,-0.16832700371742249,0.514799177646637,0.36914876103401184,-0.18772903084754944,0.6409561634063721,0.468416690826416,-0.09435651451349258,0.49527788162231445,0.46931540966033936,-0.16168352961540222,0.6506162881851196,0.5617050528526306,-0.20951461791992188,0.5058783292770386,0.5295376181602478,-0.312594473361969,0.6508821845054626,0.5889459252357483,-0.24363775551319122,0.5098549723625183,0.5611117482185364,-0.35511791706085205,0.6457112431526184,0.5856243371963501,-0.2856634259223938,0.5165277123451233,0.5505647659301758,-0.38539230823516846,0.6435694694519043,0.579600989818573,-0.2277357280254364,0.51722651720047,0.5406472086906433,-0.3267234265804291,0.5984439849853516,0.5684874057769775,0.002358286641538143,0.53960120677948,0.568548321723938,-0.0024584298953413963,0.6043055653572083,0.7073567509651184,0.050832413136959076,0.5334750413894653,0.7139316201210022,0.014632722362875938,0.6096596717834473,0.8311848044395447,0.27113351225852966,0.5304594039916992,0.8331077694892883,0.2096436768770218,0.6027325987815857,0.8469493985176086,0.28403812646865845,0.5389739274978638,0.8469803333282471,0.21950030326843262,0.6271254420280457,0.8844810724258423,0.1425955444574356,0.5113766193389893,0.8872045874595642,0.07281845062971115
20,draw_x,a06_s07_e03,0.570428729057312,0.2968473732471466,-0.451944500207901,0.575719952583313,0.28302425146102905,-0.43457847833633423,0.5795804858207703,0.28312379121780396,-0.4345528185367584,0.5829342007637024,0.28348255157470703,-0.434550940990448,0.5642771124839783,0.28184711933135986,-0.4352777898311615,0.5595424771308899,0.28130462765693665,-0.43534335494041443,0.5550441145896912,0.28095996379852295,-0.43534359335899353,0.5860323905944824,0.2880786955356598,-0.29705920815467834,0.5481411218643188,0.28502950072288513,-0.3007286489009857,0.5751878023147583,0.3117489814758301,-0.39853399991989136,0.5616596937179565,0.31054171919822693,-0.4003771245479584,0.6200391054153442,0.37106001377105713,-0.17749273777008057,0.5154345035552979,0.3689737915992737,-0.18999704718589783,0.6410595178604126,0.46814051270484924,-0.11339795589447021,0.49599194526672363,0.464978963136673,-0.17152604460716248,0.6510927081108093,0.5613936185836792,-0.22422978281974792,0.5081811547279358,0.5210714936256409,-0.32564428448677063,0.6510481238365173,0.5886989235877991,-0.25851473212242126,0.5132459402084351,0.5502122044563293,-0.36767369508743286,0.6459689140319824,0.585500955581665,-0.3005911409854889,0.5193634629249573,0.5404877066612244,-0.3991539478302002,0.6439315676689148,0.5794783234596252,-0.24229729175567627,0.5195910930633545,0.5313864946365356,-0.34065303206443787,0.5985895991325378,0.5683375597000122,0.0024252724833786488,0.540093183517456,0.5683578848838806,-0.0025218308437615633,0.6044897437095642,0.7073278427124023,0.05549328401684761,0.5334785580635071,0.7139381170272827,0.01599685661494732,0.6097078323364258,0.8311767578125,0.2859519422054291,0.5304420590400696,0.8330329060554504,0.21213655173778534,0.6027806401252747,0.8469362258911133,0.29944542050361633,0.5389854907989502,0.8469560146331787,0.22205884754657745,0.6271198987960815,0.8844699263572693,0.15404126048088074,0.5112513303756714,0.8872506022453308,0.07428083568811417
21,draw_x,a06_s07_e03,0.5700169801712036,0.2968795597553253,-0.41709551215171814,0.5756093263626099,0.2830645740032196,-0.3993108570575714,0.5794059038162231,0.28316250443458557,-0.39928531646728516,0.5829061269760132,0.28352051973342896,-0.39927250146865845,0.5638988018035889,0.28193750977516174,-0.40002328157424927,0.5590883493423462,0.2814163863658905,-0.4000760614871979,0.5547384023666382,0.28113916516304016,-0.40008020401000977,0.5860809683799744,0.2883056104183197,-0.2642166018486023,0.5481078624725342,0.2855464220046997,-0.2702026963233948,0.5751457810401917,0.3118937313556671,-0.3646030128002167,0.5613739490509033,0.3106967806816101,-0.3665429949760437,0.6201457977294922,0.3710981011390686,-0.15027134120464325,0.5160856246948242,0.3688427209854126,-0.16996119916439056,0.6411904096603394,0.4676203727722168,-0.0839528813958168,0.4981599748134613,0.4627574384212494,-0.1873859018087387,0.651330828666687,0.560114860534668,-0.19047975540161133,0.5177327394485474,0.5106646418571472,-0.3818192481994629,0.6511248350143433,0.5880670547485352,-0.22445258498191833,0.5230130553245544,0.5351888537406921,-0.4309620261192322,0.6460811495780945,0.5849903225898743,-0.26440274715423584,0.5295806527137756,0.5271393060684204,-0.4574364125728607,0.6440635919570923,0.5788504481315613,-0.20748770236968994,0.5294570922851562,0.5183761715888977,-0.39586007595062256,0.5986407995223999,0.568333089351654,0.0026370068080723286,0.5404906272888184,0.5681549906730652,-0.0027255425229668617,0.6045483946800232,0.707320511341095,0.057207703590393066,0.5334481000900269,0.714164674282074,0.01690514385700226,0.6097185015678406,0.8309716582298279,0.2901795208454132,0.5304160714149475,0.8330221176147461,0.21317705512046814,0.6027817130088806,0.8467201590538025,0.30395737290382385,0.5389750599861145,0.8469370007514954,0.22317972779273987,0.6271165609359741,0.8843885660171509,0.16185536980628967,0.5110794305801392,0.8873693943023682,0.07601551711559296
22,draw_x,a06_s07_e03,0.5696789026260376,0.2968774437904358,-0.42406001687049866,0.5755279660224915,0.2830631136894226,-0.4064486622810364,0.5792500376701355,0.28315743803977966,-0.4064211845397949,0.5828761458396912,0.2835058569908142,-0.4064103066921234,0.5636094808578491,0.28195828199386597,-0.407548725605011,0.5587412714958191,0.28145715594291687,-0.40760812163352966,0.5545105934143066,0.2812279462814331,-0.40761899948120117,0.5861680507659912,0.28831541538238525,-0.2702699601650238,0.5481034517288208,0.28580617904663086,-0.2776993215084076,0.5751245021820068,0.3118942379951477,-0.37103503942489624,0.561160683631897,0.31073662638664246,-0.37343090772628784,0.6203474402427673,0.3710974454879761,-0.15208488702774048,0.5165942907333374,0.3687783181667328,-0.1770438551902771,0.6413239240646362,0.4673907458782196,-0.07848947495222092,0.5013411641120911,0.46139347553253174,-0.21365928649902344,0.6517109274864197,0.5599495768547058,-0.17733293771743774,0.5271685719490051,0.5000373125076294,-0.41759219765663147,0.6512868404388428,0.5878117680549622,-0.2093452662229538,0.5317674875259399,0.523192822933197,-0.4684782922267914,0.6461812257766724,0.584804892539978,-0.24930302798748016,0.5372477173805237,0.5135297179222107,-0.4931073784828186,0.6441916227340698,0.5787295699119568,-0.19414249062538147,0.5365532636642456,0.5048162937164307,-0.4309364855289459,0.5986943244934082,0.5682802796363831,0.0031925011426210403,0.540499746799469,0.5679975748062134,-0.0032756500877439976,0.6045611500740051,0.7072433829307556,0.05589132383465767,0.5333487391471863,0.7145522832870483,0.017451390624046326,0.609725296497345,0.8308600783348083,0.2974768877029419,0.5303550958633423,0.8333110809326172,0.22078187763690948,0.6027824878692627,0.8466081619262695,0.312503457069397,0.5388921499252319,0.8472645878791809,0.23221942782402039,0.6271117925643921,0.8843732476234436,0.17038008570671082,0.5108984708786011,0.8877791166305542,0.08041565120220184
23,draw_x,a06_s07_e03,0.5695762038230896,0.29687511920928955,-0.42348822951316833,0.5755067467689514,0.28306081891059875,-0.4058845639228821,0.5791553854942322,0.28314799070358276,-0.40585532784461975,0.5828526616096497,0.28347817063331604,-0.40584906935691833,0.5635289549827576,0.28198033571243286,-0.40719032287597656,0.5586318373680115,0.2814997732639313,-0.40725287795066833,0.5544390678405762,0.2813102900981903,-0.40727025270462036,0.5862051248550415,0.28831005096435547,-0.2676914632320404,0.5481067895889282,0.2860352694988251,-0.2759536802768707,0.5751218199729919,0.3118670582771301,-0.3692055642604828,0.5610883831977844,0.31075772643089294,-0.37193045020103455,0.62037193775177,0.3709881603717804,-0.1470801830291748,0.5170993804931641,0.3684267997741699,-0.1790849268436432,0.6412094831466675,0.46703729033470154,-0.07126251608133316,0.5067877173423767,0.45953530073165894,-0.24570655822753906,0.6517044901847839,0.5599942803382874,-0.15751108527183533,0.5352307558059692,0.4852226972579956,-0.47432106733322144,0.6512631773948669,0.5877974033355713,-0.18476472795009613,0.543363094329834,0.5070032477378845,-0.5278595685958862,0.6461824178695679,0.5847998261451721,-0.22399787604808807,0.5484377145767212,0.49395179748535156,-0.547379195690155,0.6442006826400757,0.5787277817726135,-0.1733883023262024,0.5456173419952393,0.48585206270217896,-0.4863331913948059,0.598739743232727,0.5679212808609009,0.0035085820127278566,0.5404996275901794,0.566752016544342,-0.003598009468987584,0.604564368724823,0.7072432041168213,0.04805586487054825,0.5331578254699707,0.7148889899253845,0.017889905720949173,0.6097358465194702,0.830881655216217,0.291841596364975,0.5303481817245483,0.8340471982955933,0.23295772075653076,0.6028016805648804,0.8466095328330994,0.30670565366744995,0.5388837456703186,0.8480371832847595,0.24572603404521942,0.627099871635437,0.8843799829483032,0.1639716923236847,0.5106679797172546,0.8883087635040283,0.09511535614728928
24,draw_x,a06_s07_e03,0.5694792866706848,0.2968464493751526,-0.40661749243736267,0.5754884481430054,0.2830466330051422,-0.38900047540664673,0.5790191888809204,0.28313085436820984,-0.3889625668525696,0.5827673077583313,0.28344494104385376,-0.3889497220516205,0.5634821653366089,0.2819908857345581,-0.3907368779182434,0.5585418939590454,0.28153085708618164,-0.39079421758651733,0.5543735027313232,0.28137049078941345,-0.390802264213562,0.5862080454826355,0.28831014037132263,-0.25122472643852234,0.5481070280075073,0.28634151816368103,-0.261653870344162,0.575114369392395,0.31178218126296997,-0.3522496819496155,0.5610154271125793,0.3107602298259735,-0.35571202635765076,0.6203223466873169,0.370701402425766,-0.13825839757919312,0.5173007249832153,0.36802780628204346,-0.17175517976284027,0.640658974647522,0.4665326178073883,-0.06879165768623352,0.5095983743667603,0.4570719599723816,-0.27093762159347534,0.6515117287635803,0.5600713491439819,-0.14150670170783997,0.5400644540786743,0.45999759435653687,-0.5192838311195374,0.6511090397834778,0.5878287553787231,-0.16373713314533234,0.5464016199111938,0.4780047833919525,-0.572877824306488,0.6460551023483276,0.5848522782325745,-0.20091834664344788,0.5500048398971558,0.466025710105896,-0.5855323672294617,0.6440479755401611,0.5787960886955261,-0.15572357177734375,0.5473181009292603,0.45843854546546936,-0.5293498039245605,0.5987461805343628,0.5673092007637024,0.003682006150484085,0.5404764413833618,0.5664364099502563,-0.003780091879889369,0.6045656800270081,0.7072422504425049,0.04250031337141991,0.5330146551132202,0.7150861620903015,0.018075929954648018,0.6097361445426941,0.8308684825897217,0.29144951701164246,0.5303236246109009,0.8348268270492554,0.23158106207847595,0.6028116345405579,0.8465232849121094,0.30479511618614197,0.5388230085372925,0.8490776419639587,0.2439115047454834,0.6269702911376953,0.8843737244606018,0.1621982604265213,0.5105330348014832,0.8885374069213867,0.096047043800354
25,draw_x,a06_s07_e03,0.5694730877876282,0.2967091500759125,-0.37697118520736694,0.575487494468689,0.28296124935150146,-0.35881251096725464,0.5789934992790222,0.283023476600647,-0.3587619960308075,0.5827573537826538,0.28329068422317505,-0.35872647166252136,0.5634812116622925,0.28198567032814026,-0.360531747341156,0.5585300326347351,0.28153228759765625,-0.3605775535106659,0.5543571710586548,0.2813785970211029,-0.36059144139289856,0.5862120389938354,0.28823548555374146,-0.22228996455669403,0.5481077432632446,0.286430686712265,-0.23267261683940887,0.5751239061355591,0.31155234575271606,-0.3233061134815216,0.5610136985778809,0.3107118308544159,-0.32677266001701355,0.6202853918075562,0.37026044726371765,-0.11416146904230118,0.5175799131393433,0.3659994900226593,-0.15677028894424438,0.6405359506607056,0.4660564363002777,-0.051102764904499054,0.5092282295227051,0.4449682831764221,-0.2643789052963257,0.6514917612075806,0.5601203441619873,-0.12231244891881943,0.5478705763816833,0.4531983733177185,-0.49868208169937134,0.6510723233222961,0.5878300070762634,-0.14436396956443787,0.5599085092544556,0.4699125587940216,-0.5513277649879456,0.6459680795669556,0.5848566293716431,-0.1807021200656891,0.567579448223114,0.4602665603160858,-0.5605219006538391,0.6439619064331055,0.5788118839263916,-0.13621893525123596,0.5601198673248291,0.45067298412323,-0.5066882967948914,0.598724901676178,0.5661574602127075,0.0041603390127420425,0.5404552221298218,0.5653288960456848,-0.0042630755342543125,0.6045645475387573,0.7071676850318909,0.036844801157712936,0.5328176021575928,0.7151567339897156,0.018355660140514374,0.609735369682312,0.8308366537094116,0.282024085521698,0.5303155183792114,0.8353966474533081,0.23023788630962372,0.6028129458427429,0.8464022874832153,0.296375572681427,0.5388189554214478,0.8498204350471497,0.2423064261674881,0.6269127130508423,0.8843705058097839,0.15441465377807617,0.5105292797088623,0.8886526823043823,0.09586451202630997
26,draw_x,a06_s07_e03,0.5696378946304321,0.29656946659088135,-0.3586219549179077,0.5755540728569031,0.2828608751296997,-0.3396301865577698,0.5790232419967651,0.28288161754608154,-0.3395725190639496,0.5827933549880981,0.2831162214279175,-0.33952003717422485,0.5636032223701477,0.2819768488407135,-0.342490017414093,0.5586351156234741,0.2815307676792145,-0.3425319194793701,0.5543947815895081,0.28137990832328796,-0.34254390001296997,0.586230993270874,0.28812509775161743,-0.20277881622314453,0.5481100082397461,0.2864603102207184,-0.21811659634113312,0.5752393007278442,0.31135326623916626,-0.3051454424858093,0.5612152814865112,0.31059548258781433,-0.31001633405685425,0.6199967265129089,0.3697778582572937,-0.0977761298418045,0.5175522565841675,0.3650398254394531,-0.14986053109169006,0.640377402305603,0.46590283513069153,-0.03454867750406265,0.5124462842941284,0.4424716830253601,-0.2710301876068115,0.6513737440109253,0.5607119798660278,-0.09606225043535233,0.5574217438697815,0.43862950801849365,-0.4984375834465027,0.6509653329849243,0.5879555940628052,-0.11388851702213287,0.5741651654243469,0.45113080739974976,-0.5484968423843384,0.6458860039710999,0.5851032733917236,-0.1484704613685608,0.5777994394302368,0.441015362739563,-0.5512475371360779,0.6438929438591003,0.5791380405426025,-0.10897158086299896,0.5689961910247803,0.4344746172428131,-0.5033771991729736,0.598558783531189,0.5657699704170227,0.006220084615051746,0.5403425693511963,0.5652292966842651,-0.006346884183585644,0.6045520901679993,0.7071967720985413,0.034751828759908676,0.5326293706893921,0.7152402400970459,0.018551209941506386,0.6097422242164612,0.8308266401290894,0.27546364068984985,0.5302773118019104,0.8357746601104736,0.2306201159954071,0.6028870344161987,0.8463346362113953,0.28983229398727417,0.5387607216835022,0.850327730178833,0.243000790476799,0.6268932819366455,0.8843747973442078,0.150461807847023,0.5105664730072021,0.8886802792549133,0.09929296374320984
27,draw_x,a06_s07_e03,0.5698615312576294,0.29626768827438354,-0.362346351146698,0.5756727457046509,0.2826380729675293,-0.3416007161140442,0.5791158676147461,0.2826165556907654,-0.34155112504959106,0.5828729867935181,0.2828323543071747,-0.34150949120521545,0.5637956261634827,0.28188556432724,-0.3454856276512146,0.5588167309761047,0.28145715594291687,-0.34551453590393066,0.554475724697113,0.2813204228878021,-0.34550580382347107,0.5862336754798889,0.2879599332809448,-0.19876286387443542,0.5481019616127014,0.2864490747451782,-0.21872690320014954,0.5753439664840698,0.31105366349220276,-0.3069221079349518,0.5613498091697693,0.310305118560791,-0.31314021348953247,0.6193945407867432,0.3696897625923157,-0.09741052240133286,0.517352819442749,0.36449500918388367,-0.15120670199394226,0.6399291753768921,0.46592873334884644,-0.03288889303803444,0.5214585065841675,0.43811213970184326,-0.2772752046585083,0.6509188413619995,0.5616624355316162,-0.07239074259996414,0.5784056782722473,0.42495009303092957,-0.48463207483291626,0.6507788896560669,0.5884330868721008,-0.0838065892457962,0.600723922252655,0.42886826395988464,-0.5307119488716125,0.6456807851791382,0.585856556892395,-0.11847655475139618,0.6040716767311096,0.4238680303096771,-0.5281037092208862,0.6435884237289429,0.5799219012260437,-0.0845060795545578,0.59157794713974,0.42041531205177307,-0.4870041310787201,0.5985569357872009,0.5656165480613708,0.006296201143413782,0.5401611924171448,0.565250813961029,-0.006423551589250565,0.6045042276382446,0.7074252963066101,0.027054045349359512,0.5326176881790161,0.7153484225273132,0.02366572991013527,0.6097524762153625,0.8307806849479675,0.2680265009403229,0.5302661657333374,0.8360055088996887,0.24781784415245056,0.602920651435852,0.8461644053459167,0.28260016441345215,0.5387420654296875,0.8506473898887634,0.26137253642082214,0.6268414258956909,0.8843795657157898,0.1419340819120407,0.510576069355011,0.888683021068573,0.11890218406915665
28,draw_x,a06_s07_e03,0.5698745846748352,0.29589641094207764,-0.3658108115196228,0.5756915807723999,0.2823512852191925,-0.3448736071586609,0.5791276693344116,0.2823120951652527,-0.3448287844657898,0.5828912854194641,0.2825091481208801,-0.3447920083999634,0.5638195276260376,0.28171268105506897,-0.3489803075790405,0.5588463544845581,0.2813219428062439,-0.34901362657546997,0.5544981956481934,0.2812066376209259,-0.34899455308914185,0.5862365961074829,0.2877569794654846,-0.19999472796916962,0.5480868816375732,0.28642910718917847,-0.22086302936077118,0.5753709077835083,0.3106762766838074,-0.3097606599330902,0.5613501071929932,0.30992069840431213,-0.3162636458873749,0.6192756295204163,0.36964520812034607,-0.09534405171871185,0.5173393487930298,0.3640424609184265,-0.14761562645435333,0.639923095703125,0.4662228524684906,-0.02222510427236557,0.5215119123458862,0.43684637546539307,-0.26521116495132446,0.650562047958374,0.56181800365448,-0.049562834203243256,0.5706397294998169,0.41131460666656494,-0.4604409635066986,0.6506431698799133,0.5884498953819275,-0.057787686586380005,0.5898368954658508,0.4091617166996002,-0.5049229264259338,0.6455386877059937,0.5859005451202393,-0.09373776614665985,0.5911393165588379,0.40504950284957886,-0.5076011419296265,0.6433621644973755,0.5800108313560486,-0.06188173219561577,0.5835543274879456,0.4037712812423706,-0.4634855389595032,0.5985576510429382,0.56561279296875,0.006207494996488094,0.5400282740592957,0.5652654767036438,-0.0063333166763186455,0.6045042276382446,0.7077230215072632,0.0279015451669693,0.5325943231582642,0.7154748439788818,0.024969782680273056,0.6097640991210938,0.8307479023933411,0.2691258192062378,0.5302432775497437,0.8361434936523438,0.24899046123027802,0.6029894948005676,0.8459991812705994,0.2846861481666565,0.5387160778045654,0.8507675528526306,0.2623438835144043,0.6268145442008972,0.8843585252761841,0.1422257423400879,0.5105711221694946,0.8886964917182922,0.11889185756444931
29,draw_x,a06_s07_e03,0.5698739886283875,0.2956564724445343,-0.361232727766037,0.5757008790969849,0.28218400478363037,-0.33960312604904175,0.5791313052177429,0.28217172622680664,-0.339568167924881,0.5829002261161804,0.282388299703598,-0.3395380973815918,0.563826858997345,0.28157997131347656,-0.34462860226631165,0.558855414390564,0.28122514486312866,-0.3446542024612427,0.5545085668563843,0.28112563490867615,-0.34462690353393555,0.5862388610839844,0.28775134682655334,-0.19363179802894592,0.5480659604072571,0.2864336371421814,-0.21879129111766815,0.5753750801086426,0.31055161356925964,-0.3049139082431793,0.5613293051719666,0.3097623884677887,-0.31269946694374084,0.6192381978034973,0.36971405148506165,-0.09339720010757446,0.5173115730285645,0.36394068598747253,-0.1501263678073883,0.6397961378097534,0.46638619899749756,-0.026209020987153053,0.5242803692817688,0.43334951996803284,-0.27776724100112915,0.6502588987350464,0.5621815919876099,-0.05159837752580643,0.5787190198898315,0.40067073702812195,-0.46780475974082947,0.650518536567688,0.5884726643562317,-0.05992480367422104,0.596255898475647,0.39939069747924805,-0.5122817754745483,0.6453268527984619,0.585928738117218,-0.0960654467344284,0.5983207821846008,0.39927083253860474,-0.5068759918212891,0.6430306434631348,0.5800782442092896,-0.06383873522281647,0.5915032625198364,0.3981724977493286,-0.4693920612335205,0.5985644459724426,0.5657775402069092,0.006177952513098717,0.5399631261825562,0.5654020309448242,-0.006301712244749069,0.6044999957084656,0.7080876231193542,0.029461126774549484,0.5325919985771179,0.7156307697296143,0.02897447720170021,0.6097681522369385,0.8307198882102966,0.272901326417923,0.5301997065544128,0.8362158536911011,0.2564786970615387,0.6030239462852478,0.845869243144989,0.28897804021835327,0.5386209487915039,0.8508049249649048,0.2701270580291748,0.6267895698547363,0.8843433856964111,0.1461866945028305,0.5105329751968384,0.8886973857879639,0.12750010192394257
30,draw_x,a06_s07_e03,0.5698072910308838,0.2956461012363434,-0.36699098348617554,0.5756953358650208,0.28218138217926025,-0.3462815284729004,0.5791031122207642,0.282175749540329,-0.34625327587127686,0.5828835368156433,0.28241440653800964,-0.346230149269104,0.5638105869293213,0.2815551161766052,-0.3512194752693176,0.5588439106941223,0.28120315074920654,-0.3512433171272278,0.554507851600647,0.2811032831668854,-0.3511984646320343,0.5862378478050232,0.28780728578567505,-0.20273466408252716,0.5480221509933472,0.28643307089805603,-0.22739918529987335,0.5753527879714966,0.31057223677635193,-0.31136077642440796,0.5612456202507019,0.30975034832954407,-0.3190358281135559,0.6191096901893616,0.3697719871997833,-0.10222017765045166,0.5172916650772095,0.3638896942138672,-0.14734819531440735,0.639420747756958,0.46643149852752686,-0.029406871646642685,0.5299188494682312,0.42952826619148254,-0.2090517282485962,0.6498209238052368,0.5625085234642029,-0.05098683759570122,0.5762650966644287,0.39374393224716187,-0.3135829567909241,0.6503349542617798,0.5884989500045776,-0.05743303894996643,0.5989574193954468,0.3922169506549835,-0.3432096540927887,0.645041823387146,0.5859836339950562,-0.09599022567272186,0.6008957028388977,0.3929186463356018,-0.3402116894721985,0.6426159143447876,0.5801904797554016,-0.06395712494850159,0.5880038142204285,0.3914555609226227,-0.31454387307167053,0.5985666513442993,0.5658068060874939,0.005704297684133053,0.5398751497268677,0.5654186606407166,-0.0058190408162772655,0.604508101940155,0.7084295153617859,0.029850110411643982,0.5325924158096313,0.7157033681869507,0.0274119284003973,0.6097811460494995,0.8307209014892578,0.2724935710430145,0.5301753282546997,0.8363193869590759,0.2526642680168152,0.6030939221382141,0.8458582162857056,0.28802967071533203,0.5385811924934387,0.8509399890899658,0.2665168344974518,0.6267756223678589,0.8843404650688171,0.14577119052410126,0.5104964971542358,0.8886959552764893,0.12151207029819489
31,draw_x,a06_s07_e03,0.5697165131568909,0.29553472995758057,-0.3410702049732208,0.5756963491439819,0.2821715772151947,-0.3185962736606598,0.5791031122207642,0.2821812927722931,-0.31857115030288696,0.582884669303894,0.28246021270751953,-0.31854990124702454,0.5638000965118408,0.281491756439209,-0.3238365054130554,0.5588418841362,0.28115418553352356,-0.3238537311553955,0.5545101761817932,0.2810632884502411,-0.32382673025131226,0.5862873196601868,0.2880215048789978,-0.17311373353004456,0.548014760017395,0.2864437997341156,-0.19913923740386963,0.5753212571144104,0.3105735778808594,-0.28526124358177185,0.5609825849533081,0.3097076714038849,-0.2934315800666809,0.6191046237945557,0.36970004439353943,-0.08107327669858932,0.5179528594017029,0.3632599413394928,-0.14498797059059143,0.6394529342651367,0.46545782685279846,-0.025865918025374413,0.5332130789756775,0.40693509578704834,-0.31389275193214417,0.6496712565422058,0.5625059008598328,-0.04157504066824913,0.5856340527534485,0.3770187795162201,-0.5315514802932739,0.6502741575241089,0.5885061621665955,-0.04973716288805008,0.6039503812789917,0.37764284014701843,-0.5836918950080872,0.6448556184768677,0.5859944820404053,-0.08596672117710114,0.6065611243247986,0.37445926666259766,-0.5718185305595398,0.6422963738441467,0.5801922678947449,-0.053627289831638336,0.5989277958869934,0.3772014379501343,-0.5331608653068542,0.5985721945762634,0.5657169222831726,0.005762235261499882,0.5398844480514526,0.5653901696205139,-0.005881891585886478,0.6044521331787109,0.7086156606674194,0.02823413535952568,0.5326004028320312,0.7157148718833923,0.027990221977233887,0.6097872257232666,0.8307029008865356,0.27249303460121155,0.5301687717437744,0.8363233208656311,0.25121739506721497,0.6031443476676941,0.8457995057106018,0.28801634907722473,0.5385549068450928,0.850936770439148,0.26460176706314087,0.6267269849777222,0.8843327164649963,0.1458694338798523,0.5104821920394897,0.888687789440155,0.122029148042202
32,draw_x,a06_s07_e03,0.5689435601234436,0.2955337166786194,-0.34282878041267395,0.5754701495170593,0.2822035551071167,-0.3212255835533142,0.5788906812667847,0.2822572886943817,-0.3211987614631653,0.5826928019523621,0.28256580233573914,-0.3211786448955536,0.5631731748580933,0.2815477252006531,-0.32495373487472534,0.5584818124771118,0.28125983476638794,-0.32497161626815796,0.5542827844619751,0.28127288818359375,-0.3249301612377167,0.5863010287284851,0.28816795349121094,-0.1790599673986435,0.5479212403297424,0.2868907153606415,-0.1988021731376648,0.5750499963760376,0.3108330965042114,-0.2885376214981079,0.5603593587875366,0.3098461925983429,-0.294871062040329,0.6192792057991028,0.3700160086154938,-0.08759988844394684,0.5184592604637146,0.3632954955101013,-0.13252368569374084,0.6394966840744019,0.46541354060173035,-0.023671012371778488,0.5306064486503601,0.4109860062599182,-0.28589504957199097,0.6495211124420166,0.5625966191291809,-0.02702370658516884,0.5768045783042908,0.37003815174102783,-0.5003407597541809,0.6502135396003723,0.5885390043258667,-0.031123947352170944,0.5933631658554077,0.3661646544933319,-0.548467755317688,0.6447597742080688,0.5860537886619568,-0.06774226576089859,0.5956169366836548,0.3646151125431061,-0.5401328802108765,0.6421385407447815,0.5802582502365112,-0.038388822227716446,0.5887160301208496,0.36781224608421326,-0.5033733248710632,0.5985874533653259,0.5657204389572144,0.0051470668986439705,0.5398892164230347,0.5653863549232483,-0.005303067620843649,0.6044610142707825,0.7087116241455078,0.02868019975721836,0.5326324701309204,0.7157180309295654,0.0277814082801342,0.6098068356513977,0.8306726813316345,0.26373884081840515,0.5301464796066284,0.8363496661186218,0.24690572917461395,0.6032257080078125,0.8457338809967041,0.2776464521884918,0.5385131239891052,0.8509906530380249,0.25888317823410034,0.6267008781433105,0.8842795491218567,0.13525260984897614,0.5104600191116333,0.8886657953262329,0.11840884387493134
33,draw_x,a06_s07_e03,0.5685969591140747,0.29552432894706726,-0.3544735312461853,0.5753597021102905,0.28225862979888916,-0.3333945870399475,0.5787505507469177,0.28238189220428467,-0.333357036113739,0.5825543999671936,0.28275206685066223,-0.33333295583724976,0.562943696975708,0.2815728187561035,-0.33741334080696106,0.5583115220069885,0.2813035547733307,-0.337441086769104,0.5541786551475525,0.2813510000705719,-0.33741143345832825,0.5863019824028015,0.2883724272251129,-0.191575825214386,0.5478500723838806,0.2871107757091522,-0.20993712544441223,0.5749110579490662,0.3111149072647095,-0.3000105619430542,0.5600742697715759,0.3100077211856842,-0.3059397339820862,0.6192941069602966,0.371496319770813,-0.0938519686460495,0.5186977386474609,0.36251363158226013,-0.15488353371620178,0.6395018696784973,0.46656274795532227,-0.022072454914450645,0.5335094332695007,0.40129706263542175,-0.2863044738769531,0.6492231488227844,0.5626400113105774,-0.014078016392886639,0.5944563150405884,0.3635213077068329,-0.4431661069393158,0.6501203775405884,0.5885749459266663,-0.016024259850382805,0.6114788055419922,0.3531723618507385,-0.4840914309024811,0.644687294960022,0.5860955119132996,-0.05331224203109741,0.6131420731544495,0.3494124114513397,-0.46257638931274414,0.6420193910598755,0.5802934169769287,-0.02598896063864231,0.6055538654327393,0.3544975221157074,-0.43859201669692993,0.5985888242721558,0.5657259225845337,0.007061941083520651,0.5398995876312256,0.5654268860816956,-0.007238117046654224,0.6044797897338867,0.7089349627494812,0.01635132171213627,0.5326374769210815,0.7158006429672241,0.023991137742996216,0.6098167300224304,0.8306627869606018,0.2534818947315216,0.5301209688186646,0.8363339304924011,0.24687917530536652,0.6032422184944153,0.8456982374191284,0.268070250749588,0.5384300947189331,0.8509629964828491,0.2597525715827942,0.6266921162605286,0.8842759728431702,0.12555725872516632,0.5104761123657227,0.8886491060256958,0.11826078593730927
34,draw_x,a06_s07_e03,0.5681793689727783,0.29551589488983154,-0.34506362676620483,0.5751694440841675,0.2822718322277069,-0.3221290409564972,0.5784905552864075,0.2824181318283081,-0.32208073139190674,0.5822047591209412,0.282810777425766,-0.3220547139644623,0.5625947713851929,0.28158649802207947,-0.32647979259490967,0.5579195022583008,0.281320720911026,-0.32651257514953613,0.5538448095321655,0.2813733220100403,-0.32650357484817505,0.5862228870391846,0.2884746789932251,-0.18006961047649384,0.5475879907608032,0.2871624827384949,-0.20063309371471405,0.5746582746505737,0.3112327456474304,-0.2910195291042328,0.5595560669898987,0.3100679814815521,-0.2976360619068146,0.6188424229621887,0.3716629147529602,-0.08837218582630157,0.5190094113349915,0.3607848584651947,-0.16427811980247498,0.6394749283790588,0.46656283736228943,-0.03181543946266174,0.534385621547699,0.3897433578968048,-0.36542344093322754,0.6491971015930176,0.5623973608016968,-0.042062316089868546,0.5976017117500305,0.3474571108818054,-0.5766576528549194,0.6501254439353943,0.5885763168334961,-0.05037378519773483,0.6153091192245483,0.3380953371524811,-0.6335834264755249,0.644688069820404,0.5860916376113892,-0.08859259635210037,0.617293119430542,0.33245688676834106,-0.617172122001648,0.6420124173164368,0.5802534222602844,-0.055146634578704834,0.6102609038352966,0.3379792869091034,-0.5765902400016785,0.5985385775566101,0.5657272934913635,0.007990646176040173,0.5398987531661987,0.5654626488685608,-0.008159702643752098,0.6045399904251099,0.7092806696891785,0.0010071557480841875,0.5326374769210815,0.7159383296966553,0.024534929543733597,0.6098189949989319,0.8306829929351807,0.24315616488456726,0.5301005840301514,0.8363314867019653,0.2522042989730835,0.6032465696334839,0.8456954956054688,0.25878411531448364,0.5383836030960083,0.850958526134491,0.26655784249305725,0.6266840696334839,0.8842728137969971,0.11716475337743759,0.5104764699935913,0.8886479139328003,0.1277180016040802
35,draw_x,a06_s07_e03,0.5681459903717041,0.29540959000587463,-0.3381476104259491,0.5751615166664124,0.28219375014305115,-0.31470435857772827,0.5784424543380737,0.2823469936847687,-0.31465625762939453,0.5821001529693604,0.2827373147010803,-0.31462913751602173,0.5625854730606079,0.2815600633621216,-0.3190891742706299,0.5578274130821228,0.281281054019928,-0.31912243366241455,0.5537105798721313,0.28131017088890076,-0.31912297010421753,0.5861283540725708,0.2883950173854828,-0.17252855002880096,0.5474092364311218,0.2870211601257324,-0.19298507273197174,0.5745733976364136,0.311057984828949,-0.28417709469795227,0.5594042539596558,0.3100166320800781,-0.2907971739768982,0.6182249784469604,0.3716380000114441,-0.08207862824201584,0.5191115140914917,0.35922038555145264,-0.16498787701129913,0.6394738554954529,0.46655401587486267,-0.03249102458357811,0.5354746580123901,0.38514137268066406,-0.3657363951206207,0.6492275595664978,0.5621690154075623,-0.0517229363322258,0.5998640060424805,0.3374873399734497,-0.5708697438240051,0.6501997709274292,0.5885790586471558,-0.06185836344957352,0.618625819683075,0.32652753591537476,-0.6278312802314758,0.6447815895080566,0.5860912203788757,-0.09798189997673035,0.6200641393661499,0.3220691382884979,-0.6123127937316895,0.6420890688896179,0.580216109752655,-0.06435169279575348,0.6136085391044617,0.32635387778282166,-0.5710679292678833,0.598486602306366,0.5655927062034607,0.008649187162518501,0.5398983359336853,0.5654700398445129,-0.00880699884146452,0.6045742630958557,0.7093004584312439,-0.001401017070747912,0.5326379537582397,0.7159370183944702,0.02450922317802906,0.609805703163147,0.8306681513786316,0.24171993136405945,0.5300956964492798,0.8362206220626831,0.2521510720252991,0.6032053232192993,0.8456572890281677,0.2575528025627136,0.5383738279342651,0.8508656620979309,0.2666471600532532,0.6266616582870483,0.8842700123786926,0.1157590001821518,0.510478138923645,0.888613760471344,0.12736020982265472
36,draw_x,a06_s07_e03,0.5679153203964233,0.29515230655670166,-0.34157317876815796,0.5750128626823425,0.281919002532959,-0.31868216395378113,0.5782042145729065,0.28207311034202576,-0.31862854957580566,0.5817230939865112,0.2824632525444031,-0.318604052066803,0.5623992681503296,0.28138822317123413,-0.3227488398551941,0.5575884580612183,0.2810896039009094,-0.32278379797935486,0.5534722805023193,0.28108349442481995,-0.3227853775024414,0.5857377052307129,0.28818899393081665,-0.17860908806324005,0.5471831560134888,0.28656497597694397,-0.19739675521850586,0.5743713974952698,0.310651570558548,-0.28828543424606323,0.5591545104980469,0.3097614347934723,-0.2944573163986206,0.617727518081665,0.3713897168636322,-0.086509108543396,0.5191984176635742,0.35809895396232605,-0.17250850796699524,0.6394962072372437,0.46673884987831116,-0.03628475219011307,0.5404616594314575,0.3779885172843933,-0.37006431818008423,0.64934241771698,0.5620975494384766,-0.05138828232884407,0.6047416925430298,0.324247807264328,-0.5630530714988708,0.6503671407699585,0.5885869264602661,-0.06165265291929245,0.6232510805130005,0.3159736096858978,-0.6199610233306885,0.6449689865112305,0.5860905051231384,-0.09580043703317642,0.6251897215843201,0.3123634159564972,-0.604000985622406,0.6422691941261292,0.5801820755004883,-0.06323225796222687,0.618523895740509,0.3164987564086914,-0.5632885694503784,0.5984788537025452,0.5654937624931335,0.009246768429875374,0.5399537682533264,0.5654772520065308,-0.009398342110216618,0.6045956611633301,0.7093627452850342,-0.0005303708603605628,0.5326377153396606,0.7160165309906006,0.02450239285826683,0.6098083257675171,0.8306680917739868,0.24444952607154846,0.5300869345664978,0.836211621761322,0.2546185553073883,0.6032086610794067,0.8456532955169678,0.26050153374671936,0.5383514165878296,0.850853681564331,0.2695605754852295,0.6266540288925171,0.8842684626579285,0.11766757816076279,0.5104891657829285,0.888612687587738,0.12861977517604828
37,draw_x,a06_s07_e03,0.5679198503494263,0.2948339879512787,-0.3430030047893524,0.5749850869178772,0.28158140182495117,-0.32008618116378784,0.5781365633010864,0.28173011541366577,-0.32003143429756165,0.5816453099250793,0.282118022441864,-0.32001543045043945,0.5623904466629028,0.2811413109302521,-0.32411161065101624,0.5575801134109497,0.2808127999305725,-0.3241479694843292,0.5534597635269165,0.2807774841785431,-0.3241494297981262,0.585639476776123,0.28788501024246216,-0.18094328045845032,0.5470488667488098,0.28600451350212097,-0.19904273748397827,0.5744083523750305,0.31013521552085876,-0.29007819294929504,0.5591595768928528,0.3092382848262787,-0.2960825264453888,0.6177189350128174,0.37138107419013977,-0.08789137750864029,0.519234836101532,0.3575810492038727,-0.1783575713634491,0.639516294002533,0.46770477294921875,-0.03714241459965706,0.5455878376960754,0.37288808822631836,-0.3704879879951477,0.6493860483169556,0.5620241165161133,-0.04999449849128723,0.6088520288467407,0.3152943253517151,-0.5468882918357849,0.6504458785057068,0.588588535785675,-0.060937512665987015,0.627155065536499,0.3091195523738861,-0.6035809516906738,0.645138144493103,0.5860660076141357,-0.09418512880802155,0.6296449899673462,0.3068033456802368,-0.5883306860923767,0.6424294114112854,0.580094039440155,-0.061658043414354324,0.6232720613479614,0.31033948063850403,-0.5477105379104614,0.5984882116317749,0.5654332041740417,0.010540494695305824,0.5399852395057678,0.5654765963554382,-0.0106727983802557,0.6046432256698608,0.7095546722412109,-0.0005155048565939069,0.5326464176177979,0.7160797715187073,0.023246057331562042,0.6098015904426575,0.8306785821914673,0.24338901042938232,0.5300736427307129,0.8361846208572388,0.25379955768585205,0.6032041311264038,0.84566730260849,0.2595733106136322,0.5382800102233887,0.8508318662643433,0.26873061060905457,0.6266424655914307,0.8842664361000061,0.11512702703475952,0.5104880332946777,0.8886086940765381,0.12667369842529297
38,draw_x,a06_s07_e03,0.5681424140930176,0.29469576478004456,-0.3457096517086029,0.5749863982200623,0.2814023792743683,-0.3231005072593689,0.57813560962677,0.28150928020477295,-0.32304805517196655,0.5816431641578674,0.2818603515625,-0.32303404808044434,0.5624462366104126,0.2809942960739136,-0.3271491527557373,0.5576637983322144,0.2806256413459778,-0.327185720205307,0.5535382032394409,0.28055164217948914,-0.32718658447265625,0.5855730772018433,0.287455290555954,-0.18387842178344727,0.5470241904258728,0.2853691279888153,-0.20241889357566833,0.5746108293533325,0.30966389179229736,-0.2927027940750122,0.5595265626907349,0.30873334407806396,-0.2987673580646515,0.617836594581604,0.3712107837200165,-0.08932942897081375,0.5193083882331848,0.3567555844783783,-0.18182221055030823,0.6395233869552612,0.46820876002311707,-0.03742265701293945,0.5446985960006714,0.37471455335617065,-0.3715991675853729,0.6494741439819336,0.5619996786117554,-0.04214247688651085,0.6096533536911011,0.31067588925361633,-0.5431936383247375,0.6505904793739319,0.5885859131813049,-0.05140022560954094,0.6290343999862671,0.3009062707424164,-0.5993295907974243,0.6453078985214233,0.586002767086029,-0.08471108973026276,0.631764829158783,0.2980044484138489,-0.58277827501297,0.642562210559845,0.5799738168716431,-0.053617559373378754,0.6244536638259888,0.30349433422088623,-0.5436315536499023,0.5985114574432373,0.5653784871101379,0.010533294640481472,0.5400646924972534,0.5654529333114624,-0.010664601810276508,0.6047233939170837,0.7097315192222595,-0.004516771994531155,0.5326606035232544,0.7161215543746948,0.021294213831424713,0.6097985506057739,0.8307111263275146,0.23731446266174316,0.5300663709640503,0.8361565470695496,0.25292640924453735,0.6031967997550964,0.8457033634185791,0.25341862440109253,0.53825843334198,0.850794792175293,0.2678031623363495,0.6266361474990845,0.8842653632164001,0.1084020733833313,0.5104905366897583,0.8886041641235352,0.1257397085428238
39,draw_x,a06_s07_e03,0.5681854486465454,0.29428592324256897,-0.347377210855484,0.57497239112854,0.2809663712978363,-0.32495951652526855,0.5781058073043823,0.2810478210449219,-0.3249087929725647,0.5815809369087219,0.28135040402412415,-0.32489338517189026,0.562462329864502,0.28051212430000305,-0.328998863697052,0.5577221512794495,0.28007403016090393,-0.32903507351875305,0.5536174178123474,0.27991122007369995,-0.3290337026119232,0.5852434039115906,0.28659069538116455,-0.18472647666931152,0.5470184087753296,0.2841208279132843,-0.20424363017082214,0.5747286081314087,0.3091120421886444,-0.2939169108867645,0.5596541166305542,0.3080146908760071,-0.3002071976661682,0.6178411245346069,0.37101390957832336,-0.09022607654333115,0.5194117426872253,0.3560306429862976,-0.18430526554584503,0.639239490032196,0.4683934450149536,-0.03820837289094925,0.5485004782676697,0.3746086359024048,-0.360460102558136,0.6494759917259216,0.5619947910308838,-0.041228875517845154,0.6133275628089905,0.30379781126976013,-0.5173969268798828,0.6506248712539673,0.588573157787323,-0.051287900656461716,0.6322056651115417,0.29265204071998596,-0.5749462246894836,0.6453835368156433,0.5859488844871521,-0.08477895706892014,0.6340187788009644,0.2908271551132202,-0.5535050630569458,0.6426073312759399,0.5798813700675964,-0.0529596209526062,0.6271878480911255,0.29677051305770874,-0.5167430639266968,0.5985375046730042,0.5653389096260071,0.01079198345541954,0.5401000380516052,0.5654467344284058,-0.010919295251369476,0.6048280596733093,0.7098304033279419,-0.0014983948785811663,0.5326674580574036,0.7161439657211304,0.02067185565829277,0.6097966432571411,0.8307348489761353,0.23985806107521057,0.530060350894928,0.836137056350708,0.2530442774295807,0.6031634211540222,0.8457377552986145,0.25586947798728943,0.5382276773452759,0.8507891893386841,0.26822429895401,0.6266312599182129,0.8842591643333435,0.11092976480722427,0.5104905366897583,0.8885963559150696,0.12610529363155365
40,draw_x,a06_s07_e03,0.5682045221328735,0.2940688729286194,-0.3286665081977844,0.5749276876449585,0.2808205783367157,-0.30591800808906555,0.5780421495437622,0.2808777391910553,-0.30587655305862427,0.581438422203064,0.28116220235824585,-0.3058636486530304,0.5624714493751526,0.2802663743495941,-0.3098207712173462,0.5577854514122009,0.27974462509155273,-0.30985474586486816,0.553695797920227,0.2794601023197174,-0.3098791539669037,0.5848098993301392,0.28601741790771484,-0.17077383399009705,0.5469948053359985,0.28326332569122314,-0.1874043047428131,0.5747452974319458,0.3085170388221741,-0.2773527503013611,0.5597529411315918,0.307361900806427,-0.282853901386261,0.6178489923477173,0.37048324942588806,-0.0826481431722641,0.5194993615150452,0.35566985607147217,-0.18051625788211823,0.638899028301239,0.46838700771331787,-0.04058710113167763,0.5518764853477478,0.36322206258773804,-0.36886364221572876,0.6494975090026855,0.5613653063774109,-0.05037688463926315,0.6157005429267883,0.29481351375579834,-0.5226160287857056,0.650694727897644,0.5884023308753967,-0.06393595784902573,0.633902907371521,0.2864340841770172,-0.5791067481040955,0.6455320119857788,0.585626482963562,-0.09465368837118149,0.6359232664108276,0.2840280532836914,-0.5608895421028137,0.6427561044692993,0.5793216228485107,-0.0621722936630249,0.6297751665115356,0.28878071904182434,-0.5225107669830322,0.5985868573188782,0.5653379559516907,0.011036258190870285,0.5401959419250488,0.5654943585395813,-0.011156709864735603,0.6049157381057739,0.710090696811676,-0.005757189355790615,0.5326834917068481,0.7161767482757568,0.020579669624567032,0.6097840070724487,0.8309127688407898,0.2318733036518097,0.5300525426864624,0.8361107110977173,0.25395840406417847,0.6031172275543213,0.8458801507949829,0.24783280491828918,0.5382170081138611,0.8507682085037231,0.26960331201553345,0.626625657081604,0.8842723965644836,0.1050267443060875,0.5104886293411255,0.8885892629623413,0.13040927052497864
41,draw_x,a06_s07_e03,0.5681939125061035,0.2940775752067566,-0.32097727060317993,0.5747873187065125,0.2808275818824768,-0.29849669337272644,0.5778701901435852,0.2808791697025299,-0.29845255613327026,0.5811258554458618,0.2811630070209503,-0.29842957854270935,0.5624626874923706,0.28025567531585693,-0.3018970489501953,0.5577877759933472,0.27970054745674133,-0.30192917585372925,0.553700864315033,0.2793755531311035,-0.30196279287338257,0.5841966867446899,0.28598424792289734,-0.16495159268379211,0.5469158291816711,0.2828950583934784,-0.17892958223819733,0.5747396349906921,0.30851906538009644,-0.2702837288379669,0.5597553849220276,0.3073548674583435,-0.27497148513793945,0.61781245470047,0.3700309991836548,-0.07772590219974518,0.5195521712303162,0.3544732630252838,-0.17934051156044006,0.6387587785720825,0.46838173270225525,-0.042971931397914886,0.5521063804626465,0.35918906331062317,-0.3650750517845154,0.6496540307998657,0.5602550506591797,-0.06595636159181595,0.6168166399002075,0.2893139719963074,-0.5205353498458862,0.6508548855781555,0.58812016248703,-0.08174029737710953,0.6342849731445312,0.28140491247177124,-0.5755728483200073,0.6458383798599243,0.5851828455924988,-0.1131405457854271,0.6367759108543396,0.27913185954093933,-0.5597278475761414,0.6430903077125549,0.5785446763038635,-0.07827874273061752,0.6310108304023743,0.2832016050815582,-0.5210784077644348,0.5985986590385437,0.5652751326560974,0.011459560133516788,0.5402804017066956,0.5654969811439514,-0.011569726280868053,0.6050423383712769,0.7101582288742065,-0.009309383109211922,0.5327112674713135,0.7161780595779419,0.02065342850983143,0.6097833514213562,0.830923855304718,0.2264549434185028,0.5300477147102356,0.8361051082611084,0.25543147325515747,0.6030940413475037,0.845880925655365,0.2422192394733429,0.5382075309753418,0.8507612943649292,0.27127936482429504,0.626620888710022,0.8842723965644836,0.09909267723560333,0.5104893445968628,0.8885872960090637,0.132339209318161
42,draw_x,a06_s07_e03,0.5682029128074646,0.2941269874572754,-0.31630009412765503,0.5747288465499878,0.2808661162853241,-0.2937382459640503,0.5777867436408997,0.2809047996997833,-0.2936916649341583,0.580946683883667,0.28118228912353516,-0.29365935921669006,0.5624816417694092,0.28025493025779724,-0.2971968650817871,0.5578290224075317,0.2796696424484253,-0.29722708463668823,0.5537468194961548,0.27928778529167175,-0.2972565293312073,0.5838205814361572,0.28598785400390625,-0.1603754609823227,0.5468899607658386,0.2825070023536682,-0.17438463866710663,0.5747746229171753,0.3085242211818695,-0.2657175660133362,0.5598376393318176,0.3073645234107971,-0.27037274837493896,0.6178057193756104,0.3696790337562561,-0.07407183945178986,0.5196386575698853,0.35399091243743896,-0.17787986993789673,0.6387692093849182,0.46835628151893616,-0.050766587257385254,0.5531445741653442,0.3586162328720093,-0.36607104539871216,0.6499049067497253,0.5592188239097595,-0.09082381427288055,0.616524338722229,0.2875193953514099,-0.5216505527496338,0.6510761976242065,0.5878260731697083,-0.10836158692836761,0.6338096857070923,0.2791701853275299,-0.5771484971046448,0.646088719367981,0.5847486853599548,-0.13949528336524963,0.6362632513046265,0.2768252491950989,-0.561969518661499,0.6433757543563843,0.5778624415397644,-0.10321016609668732,0.630528450012207,0.28089484572410583,-0.5221918821334839,0.5985997319221497,0.5652430653572083,0.0121225006878376,0.5402994751930237,0.5655338168144226,-0.012230142951011658,0.6051821112632751,0.7103010416030884,-0.00927845947444439,0.5327178835868835,0.7161886692047119,0.020520519465208054,0.6097806692123413,0.8310233354568481,0.2230343520641327,0.5300425291061401,0.836100161075592,0.2550082802772522,0.6030558347702026,0.8460037708282471,0.238337904214859,0.5382001996040344,0.8507554531097412,0.27055028080940247,0.626619279384613,0.8842712044715881,0.0951278954744339,0.510488748550415,0.88858562707901,0.1309673935174942
43,draw_x,a06_s07_e03,0.5682331323623657,0.2942226231098175,-0.31328150629997253,0.5747144818305969,0.2809501588344574,-0.2909368574619293,0.5777584314346313,0.2809687852859497,-0.29089105129241943,0.5808612108230591,0.28123295307159424,-0.29085537791252136,0.5625817775726318,0.2802642583847046,-0.29407501220703125,0.5579599142074585,0.279659241437912,-0.2941041588783264,0.5538691282272339,0.2792324423789978,-0.29413336515426636,0.5836259126663208,0.28599628806114197,-0.15815596282482147,0.5468651056289673,0.28212541341781616,-0.17061887681484222,0.5748270750045776,0.3085409700870514,-0.2628432512283325,0.5599506497383118,0.3073714077472687,-0.2670338749885559,0.617798388004303,0.36880043148994446,-0.07245860993862152,0.5197638273239136,0.3533739447593689,-0.17197975516319275,0.6387725472450256,0.46812161803245544,-0.054441314190626144,0.5539594888687134,0.3579959571361542,-0.3618973195552826,0.6503441333770752,0.5582424998283386,-0.09777706116437912,0.6173255443572998,0.28564172983169556,-0.5210649967193604,0.6513813138008118,0.5874079465866089,-0.11515959352254868,0.6342100501060486,0.27625736594200134,-0.5757125020027161,0.6463527083396912,0.5841877460479736,-0.14620520174503326,0.6366819143295288,0.2739345133304596,-0.5615707039833069,0.643673300743103,0.5770784020423889,-0.11006506532430649,0.6310549974441528,0.2784796953201294,-0.5220504999160767,0.5985993146896362,0.5651836395263672,0.012112665921449661,0.5403604507446289,0.5655425190925598,-0.01221996545791626,0.605297327041626,0.7103360891342163,-0.01084544975310564,0.5327199697494507,0.7161850333213806,0.02055342122912407,0.609775185585022,0.831123948097229,0.2172318994998932,0.530038595199585,0.836094081401825,0.2540033757686615,0.6030251383781433,0.846175491809845,0.23208066821098328,0.5381981134414673,0.8507416844367981,0.26957187056541443,0.6266165375709534,0.8842686414718628,0.08943937718868256,0.5104869604110718,0.888579249382019,0.13024163246154785
44,draw_x,a06_s07_e03,0.5682835578918457,0.2943321168422699,-0.31218305230140686,0.5747066736221313,0.28104132413864136,-0.2899346649646759,0.5777364373207092,0.2810405194759369,-0.28988945484161377,0.5807924270629883,0.28129151463508606,-0.28985166549682617,0.5626968741416931,0.2802768349647522,-0.29300230741500854,0.5580977201461792,0.27964988350868225,-0.29303011298179626,0.5540001392364502,0.27917560935020447,-0.2930583357810974,0.5834683775901794,0.2860068082809448,-0.1572341024875641,0.5468572378158569,0.28182968497276306,-0.16933274269104004,0.5748807191848755,0.3085581064224243,-0.26172512769699097,0.560100793838501,0.3073776960372925,-0.26579639315605164,0.6177936792373657,0.3683209717273712,-0.07141543924808502,0.5198429822921753,0.35294681787490845,-0.1684180200099945,0.6387766003608704,0.4679488241672516,-0.05573682114481926,0.5547821521759033,0.357597291469574,-0.3593212068080902,0.6506290435791016,0.5576257705688477,-0.10118158161640167,0.6176785826683044,0.28499075770378113,-0.5190359354019165,0.6515933275222778,0.5871002674102783,-0.1185830682516098,0.6345283389091492,0.2750537097454071,-0.5740362405776978,0.6465446352958679,0.5837931036949158,-0.14962664246559143,0.6368616819381714,0.27258995175361633,-0.5592555403709412,0.6438837051391602,0.576551616191864,-0.11345484107732773,0.6312419772148132,0.2773548364639282,-0.5195140242576599,0.5986005663871765,0.5650961995124817,0.01219998486340046,0.5404032468795776,0.5655508041381836,-0.012307623401284218,0.6054714322090149,0.710368275642395,-0.013536174781620502,0.5327236652374268,0.7161855101585388,0.019940216094255447,0.6097749471664429,0.8312424421310425,0.2153678834438324,0.5300475358963013,0.8360921740531921,0.2514785826206207,0.6030155420303345,0.846330463886261,0.23031672835350037,0.5382240414619446,0.8507364392280579,0.2667979300022125,0.6266141533851624,0.8842679262161255,0.08758541196584702,0.5104703307151794,0.8885800838470459,0.12835314869880676
45,draw_x,a06_s07_e03,0.5684000849723816,0.29449695348739624,-0.30717793107032776,0.574706494808197,0.28118178248405457,-0.28471046686172485,0.5777329206466675,0.28116312623023987,-0.28466761112213135,0.5807772874832153,0.28139305114746094,-0.28462499380111694,0.5628575682640076,0.28030818700790405,-0.2880456745624542,0.558254599571228,0.2796483337879181,-0.2880726754665375,0.5541425943374634,0.279145210981369,-0.2881016731262207,0.5834223628044128,0.28604719042778015,-0.1513005644083023,0.5468529462814331,0.2816610634326935,-0.16462305188179016,0.5750024318695068,0.30865028500556946,-0.25645214319229126,0.5603115558624268,0.30743253231048584,-0.26085954904556274,0.617766797542572,0.3679092526435852,-0.06650149077177048,0.5199472904205322,0.3526722192764282,-0.16397874057292938,0.6387794613838196,0.46791306138038635,-0.05610234662890434,0.5547247529029846,0.3583308756351471,-0.3583093583583832,0.6507523059844971,0.557253897190094,-0.10741430521011353,0.6171640753746033,0.2852780222892761,-0.518558919429779,0.6517118215560913,0.5869362354278564,-0.12531740963459015,0.6342430710792542,0.2754645049571991,-0.5733855962753296,0.6466531157493591,0.5835459232330322,-0.15597288310527802,0.6365684270858765,0.2728075385093689,-0.5591641664505005,0.6440000534057617,0.5762214064598083,-0.11973985284566879,0.6308811902999878,0.27743270993232727,-0.519264817237854,0.598601758480072,0.5650209784507751,0.012417756021022797,0.5404497981071472,0.5655719041824341,-0.01252826489508152,0.6055487394332886,0.7103757858276367,-0.013348683714866638,0.532729983329773,0.7161852717399597,0.018704542890191078,0.609770655632019,0.8312413096427917,0.21617190539836884,0.5300551652908325,0.8360888957977295,0.24824590981006622,0.6029911637306213,0.8463315367698669,0.2311725914478302,0.5382386445999146,0.8507311344146729,0.2632601857185364,0.6266095042228699,0.8842416405677795,0.08912792801856995,0.5104606747627258,0.8885733485221863,0.12521210312843323
46,draw_x,a06_s07_e03,0.5684045553207397,0.29445329308509827,-0.3037463128566742,0.5746639370918274,0.2811782658100128,-0.2812376320362091,0.5776797533035278,0.281159371137619,-0.2811967730522156,0.5806957483291626,0.28138959407806396,-0.281162828207016,0.5628575086593628,0.2802795171737671,-0.28432896733283997,0.5582578778266907,0.2795940339565277,-0.2843550443649292,0.5541447997093201,0.279074102640152,-0.2843843102455139,0.5833185911178589,0.2860310971736908,-0.1492617428302765,0.5468441247940063,0.2816201150417328,-0.16164900362491608,0.5750049352645874,0.30853649973869324,-0.25376588106155396,0.5603165626525879,0.307346910238266,-0.257934033870697,0.6177657246589661,0.36782997846603394,-0.06639019399881363,0.5199979543685913,0.35268256068229675,-0.15993328392505646,0.6387811899185181,0.4679027199745178,-0.05087568610906601,0.5542157888412476,0.358960896730423,-0.3572174906730652,0.6508031487464905,0.5571430921554565,-0.08930467069149017,0.6169199347496033,0.2862708270549774,-0.5164748430252075,0.6517699360847473,0.5868421792984009,-0.106529101729393,0.6339712738990784,0.2774023711681366,-0.5718288421630859,0.6467419862747192,0.5834506154060364,-0.1362462043762207,0.6363362073898315,0.27496567368507385,-0.556374728679657,0.6440863609313965,0.576127827167511,-0.10130776464939117,0.630647599697113,0.27932336926460266,-0.5169680118560791,0.5986022353172302,0.5650165677070618,0.01239971537142992,0.5404577851295471,0.5656117796897888,-0.012511828914284706,0.6055967807769775,0.7104321122169495,-0.012970536947250366,0.5327380299568176,0.7161797285079956,0.020013801753520966,0.6097515821456909,0.83125239610672,0.2196195125579834,0.5300537347793579,0.8360854983329773,0.24922096729278564,0.6029514074325562,0.8463667631149292,0.23471370339393616,0.5382362604141235,0.8507260084152222,0.26431652903556824,0.6265944242477417,0.8842142820358276,0.0922900140285492,0.5104353427886963,0.8885713815689087,0.1275923252105713
47,draw_x,a06_s07_e03,0.5684077739715576,0.2942460775375366,-0.30934613943099976,0.5746572613716125,0.28108280897140503,-0.2869322896003723,0.5776683688163757,0.28107956051826477,-0.2868899703025818,0.5806830525398254,0.28132399916648865,-0.2868543267250061,0.562860369682312,0.2800552248954773,-0.2902992069721222,0.5582733154296875,0.2793015241622925,-0.29032599925994873,0.5541728138923645,0.2787178158760071,-0.29034626483917236,0.5833058953285217,0.28597012162208557,-0.1530279964208603,0.5468396544456482,0.28140291571617126,-0.16723720729351044,0.5749977827072144,0.3082979917526245,-0.2584972083568573,0.5603196024894714,0.30694591999053955,-0.26318883895874023,0.617766261100769,0.36780452728271484,-0.06822773069143295,0.5200167298316956,0.35265403985977173,-0.16168223321437836,0.638717532157898,0.4678798019886017,-0.04758179560303688,0.5535832643508911,0.3599138557910919,-0.35853615403175354,0.650783360004425,0.5571120381355286,-0.07191897183656693,0.617343008518219,0.2873401939868927,-0.5145975947380066,0.6517711877822876,0.586786687374115,-0.08724699914455414,0.6341153383255005,0.2790563702583313,-0.5703269243240356,0.6467474699020386,0.583390474319458,-0.11867623031139374,0.6364220380783081,0.27680203318595886,-0.5538840293884277,0.6440873146057129,0.5760710835456848,-0.08412530273199081,0.6309671998023987,0.28088557720184326,-0.5148431658744812,0.598608136177063,0.5649904012680054,0.012381312437355518,0.5404614210128784,0.5656159520149231,-0.012492043897509575,0.6057037711143494,0.7104658484458923,-0.012290960177779198,0.5327752828598022,0.7161731719970703,0.021263130009174347,0.6097358465194702,0.831264078617096,0.21992531418800354,0.5300278663635254,0.8360836505889893,0.25269055366516113,0.602907121181488,0.846368670463562,0.23487098515033722,0.5381899476051331,0.8507241010665894,0.26810887455940247,0.6265876889228821,0.8842119574546814,0.09243820607662201,0.5104108452796936,0.8885696530342102,0.13027796149253845
48,draw_x,a06_s07_e03,0.5684679746627808,0.29404428601264954,-0.3360358774662018,0.574674129486084,0.2809421718120575,-0.31391817331314087,0.5776888728141785,0.280953973531723,-0.31386932730674744,0.5807303786277771,0.281210333108902,-0.3138561546802521,0.5628769993782043,0.2798938453197479,-0.31770291924476624,0.5582993030548096,0.2791450321674347,-0.3177390694618225,0.5542037487030029,0.2785736322402954,-0.31775233149528503,0.5833804607391357,0.2857740521430969,-0.17881307005882263,0.5468543171882629,0.2813609540462494,-0.19475117325782776,0.5750576257705688,0.30807313323020935,-0.2844715416431427,0.5603785514831543,0.30670058727264404,-0.28979116678237915,0.6178542375564575,0.3677462935447693,-0.0871986523270607,0.5200207829475403,0.3526773750782013,-0.17981593310832977,0.6386721134185791,0.46787214279174805,-0.04762518033385277,0.5532681941986084,0.3606873154640198,-0.36429673433303833,0.6506231427192688,0.5572847723960876,-0.06016549468040466,0.6167985200881958,0.2903374433517456,-0.514583945274353,0.6517369151115417,0.5867986679077148,-0.07246822118759155,0.6338670253753662,0.2820270359516144,-0.5702640414237976,0.6467196345329285,0.5834233164787292,-0.10507933050394058,0.6361007690429688,0.27968934178352356,-0.5535054802894592,0.6440362930297852,0.5761641263961792,-0.0721471905708313,0.6305097341537476,0.28383415937423706,-0.5148075819015503,0.5986112356185913,0.5649723410606384,0.012361612170934677,0.5404609441757202,0.5656054615974426,-0.01247214712202549,0.6057220101356506,0.7105457186698914,-0.003740282729268074,0.5327874422073364,0.7161536812782288,0.021798191592097282,0.6097232699394226,0.8312374353408813,0.23495468497276306,0.5300240516662598,0.8360499739646912,0.25443148612976074,0.6028396487236023,0.8463491201400757,0.2509402930736542,0.5381812453269958,0.8506805896759033,0.2700590491294861,0.626584529876709,0.8841925263404846,0.10917385667562485,0.5104090571403503,0.888566792011261,0.13120247423648834
49,draw_x,a06_s07_e03,0.5684716105461121,0.29395419359207153,-0.36282438039779663,0.5746860504150391,0.28079497814178467,-0.34104856848716736,0.5777302384376526,0.28082308173179626,-0.3409903645515442,0.5808514952659607,0.28108981251716614,-0.34098225831985474,0.562842071056366,0.2798148989677429,-0.34439533948898315,0.558271586894989,0.2791080176830292,-0.34443923830986023,0.554172933101654,0.2785678505897522,-0.3444407284259796,0.5837256908416748,0.28567421436309814,-0.2063971757888794,0.5468571186065674,0.2814466059207916,-0.2205541878938675,0.5751520395278931,0.3080637753009796,-0.3116062581539154,0.5603817701339722,0.3067014515399933,-0.3164564073085785,0.6183248162269592,0.3680315911769867,-0.11205817759037018,0.5200151205062866,0.35281702876091003,-0.19384071230888367,0.6387196779251099,0.4685113728046417,-0.058550409972667694,0.5531657934188843,0.3629017472267151,-0.3617299199104309,0.6505323648452759,0.5582160353660583,-0.06338261067867279,0.616624116897583,0.2939007580280304,-0.48340004682540894,0.6517108082771301,0.5868760943412781,-0.07571394741535187,0.6334845423698425,0.2826417088508606,-0.5356163382530212,0.6466811299324036,0.5835462212562561,-0.1089479923248291,0.6356978416442871,0.28002023696899414,-0.518325686454773,0.6439658999443054,0.5765485167503357,-0.07546619325876236,0.6300387978553772,0.28587213158607483,-0.48312586545944214,0.5986224412918091,0.5650222897529602,0.011740910820662975,0.5404564142227173,0.565607488155365,-0.011852474883198738,0.605736255645752,0.710703432559967,0.004649847745895386,0.5328192114830017,0.7161598205566406,0.023224761709570885,0.6097164750099182,0.8312486410140991,0.24228611588478088,0.5300204157829285,0.8360472917556763,0.2559613585472107,0.6028331518173218,0.8463698625564575,0.25799429416656494,0.5381788015365601,0.8506763577461243,0.27147531509399414,0.6265820264816284,0.88419109582901,0.11352258920669556,0.5104108452796936,0.8885651230812073,0.13129004836082458
50,draw_x,a06_s07_e03,0.5685885548591614,0.29377490282058716,-0.3541340231895447,0.5747436285018921,0.28064483404159546,-0.33197683095932007,0.5778061747550964,0.28069940209388733,-0.3319224715232849,0.5810244083404541,0.2809915542602539,-0.331909716129303,0.5628626942634583,0.2797521650791168,-0.33548441529273987,0.5582889914512634,0.2790827453136444,-0.335523784160614,0.5541869401931763,0.278564989566803,-0.3355298638343811,0.5841964483261108,0.28566110134124756,-0.19662217795848846,0.5468796491622925,0.2815549671649933,-0.21152517199516296,0.5752785801887512,0.308013916015625,-0.30259549617767334,0.5604947805404663,0.3066350817680359,-0.3076537251472473,0.6183996200561523,0.36805927753448486,-0.10418577492237091,0.5199773907661438,0.353153258562088,-0.18829293549060822,0.638862133026123,0.4685450792312622,-0.05706509202718735,0.5495361089706421,0.3691372573375702,-0.3646951913833618,0.650513231754303,0.558343231678009,-0.06026649475097656,0.6139906644821167,0.3015731871128082,-0.5233381390571594,0.6517106294631958,0.5868877172470093,-0.07144694030284882,0.6325493454933167,0.2895784080028534,-0.5788048505783081,0.6466740369796753,0.5835654139518738,-0.10481840372085571,0.635157585144043,0.285113126039505,-0.5619033575057983,0.643950343132019,0.5766312479972839,-0.07202642410993576,0.6287835836410522,0.29157084226608276,-0.5234417915344238,0.5986239314079285,0.5650099515914917,0.01127162016928196,0.5404559373855591,0.565578818321228,-0.011388516053557396,0.6057420969009399,0.710710883140564,0.003831157460808754,0.5328392386436462,0.7161604166030884,0.023414287716150284,0.6097159385681152,0.8312547206878662,0.24162617325782776,0.5300188064575195,0.836032509803772,0.2555449604988098,0.6028316020965576,0.8463706374168396,0.2572980225086212,0.538178563117981,0.8506603240966797,0.27078646421432495,0.626571774482727,0.8841914534568787,0.11305296421051025,0.5104096531867981,0.8885409235954285,0.1291995346546173
51,draw_x,a06_s07_e03,0.5687519311904907,0.29377248883247375,-0.3481817841529846,0.5748157501220703,0.28061869740486145,-0.3259197175502777,0.577863335609436,0.2806841731071472,-0.3258664309978485,0.5811504125595093,0.2809840142726898,-0.32584959268569946,0.5629174709320068,0.27974894642829895,-0.32946640253067017,0.5583025217056274,0.2790800631046295,-0.32950326800346375,0.5541897416114807,0.27857643365859985,-0.32951119542121887,0.5845301747322083,0.2857499420642853,-0.19068318605422974,0.5468862056732178,0.28196802735328674,-0.2056773453950882,0.5753427743911743,0.3080928921699524,-0.29666265845298767,0.5605937838554382,0.30675065517425537,-0.3017534017562866,0.6183928847312927,0.3684134781360626,-0.09947535395622253,0.5198959112167358,0.35420355200767517,-0.18612776696681976,0.6389989256858826,0.46856871247291565,-0.056939881294965744,0.549119234085083,0.3697759807109833,-0.37330564856529236,0.6505122780799866,0.5583771467208862,-0.06203588843345642,0.6122880578041077,0.30925843119621277,-0.549302875995636,0.6517109870910645,0.5869022607803345,-0.07356385886669159,0.6304569244384766,0.3005470931529999,-0.6053131818771362,0.6466735601425171,0.5835762023925781,-0.10620399564504623,0.6330180168151855,0.2971764802932739,-0.5900618433952332,0.6439509987831116,0.5766611695289612,-0.07367129623889923,0.6266330480575562,0.3015963137149811,-0.5497682690620422,0.5986106991767883,0.5650281310081482,0.011344402097165585,0.540410041809082,0.565657377243042,-0.01146309357136488,0.605745792388916,0.7107361555099487,0.004068809561431408,0.5328439474105835,0.7161611318588257,0.023741284385323524,0.6096870303153992,0.8312450051307678,0.2434118688106537,0.5300036668777466,0.8360051512718201,0.2553357183933258,0.6027891635894775,0.8463636040687561,0.2592931091785431,0.5381618142127991,0.8506333827972412,0.2705896198749542,0.6265433430671692,0.884190559387207,0.11672675609588623,0.5104104280471802,0.888533353805542,0.12917722761631012
52,draw_x,a06_s07_e03,0.5689443349838257,0.2938593029975891,-0.3405313789844513,0.574926495552063,0.2806495130062103,-0.31802019476890564,0.5779649615287781,0.2807427644729614,-0.31796973943710327,0.5812758803367615,0.28106504678726196,-0.317941278219223,0.562991738319397,0.27981507778167725,-0.3214285671710968,0.5583151578903198,0.2791837453842163,-0.3214574456214905,0.5541912913322449,0.2787568271160126,-0.32146257162094116,0.5847712159156799,0.28604552149772644,-0.18020065128803253,0.5469090342521667,0.28262659907341003,-0.19548465311527252,0.5754095315933228,0.3084859848022461,-0.2880590260028839,0.5606863498687744,0.307355672121048,-0.29317644238471985,0.6183850765228271,0.3684491813182831,-0.09054116904735565,0.5198985934257507,0.3546055257320404,-0.17610695958137512,0.6391704678535461,0.46856391429901123,-0.05377284809947014,0.5476088523864746,0.37209659814834595,-0.37025144696235657,0.6505157947540283,0.5583823919296265,-0.06613306701183319,0.6102597117424011,0.3165305554866791,-0.5583456754684448,0.6517152190208435,0.5869027376174927,-0.07886587083339691,0.6281639933586121,0.30830445885658264,-0.6154170632362366,0.6466675400733948,0.5835731625556946,-0.11210654675960541,0.6304572820663452,0.30400899052619934,-0.6004299521446228,0.6439460515975952,0.5766674876213074,-0.07816965878009796,0.6241615414619446,0.30786964297294617,-0.5589166879653931,0.5986060500144958,0.5650462508201599,0.011286948807537556,0.5403992533683777,0.5658352375030518,-0.011404482647776604,0.605749785900116,0.7107431292533875,0.003526169341057539,0.5328601002693176,0.7161571979522705,0.024842998012900352,0.6096677780151367,0.8312378525733948,0.2432318478822708,0.5299917459487915,0.8359851837158203,0.25562888383865356,0.6027767658233643,0.8463563919067383,0.259091854095459,0.5381420254707336,0.8506099581718445,0.2707422971725464,0.6265124082565308,0.8841881155967712,0.11655516922473907,0.510421633720398,0.8885291814804077,0.12968602776527405
53,draw_x,a06_s07_e03,0.5689380764961243,0.29402416944503784,-0.3481684625148773,0.5749301314353943,0.2808856964111328,-0.32546356320381165,0.5779691338539124,0.2809971868991852,-0.3254086375236511,0.581292450428009,0.2813195586204529,-0.3253853917121887,0.5629799962043762,0.2801554799079895,-0.3299905061721802,0.5582823753356934,0.27963122725486755,-0.3300272822380066,0.5541540384292603,0.2793413996696472,-0.3300207555294037,0.5849774479866028,0.2864150404930115,-0.18460796773433685,0.5469163656234741,0.2838640511035919,-0.2053167074918747,0.5753828287124634,0.3089040517807007,-0.2944006025791168,0.5606781244277954,0.30792298913002014,-0.30111780762672424,0.6183859705924988,0.3689737021923065,-0.0912477970123291,0.5198922157287598,0.3563404381275177,-0.17703358829021454,0.639240562915802,0.46854275465011597,-0.04315424710512161,0.5441232323646545,0.3822717070579529,-0.3691922724246979,0.6504778861999512,0.5584631562232971,-0.05040336400270462,0.6051226854324341,0.3292157053947449,-0.5638155937194824,0.6517089009284973,0.5869206190109253,-0.06005724146962166,0.6234179735183716,0.3184717893600464,-0.6207408308982849,0.6466081738471985,0.5836455821990967,-0.0944397896528244,0.6246317625045776,0.314846396446228,-0.6055710911750793,0.6438614130020142,0.5768729448318481,-0.06220301240682602,0.6184059381484985,0.31909626722335815,-0.5643671751022339,0.598617672920227,0.5652016401290894,0.011179247871041298,0.5403932929039001,0.5661119222640991,-0.011300799436867237,0.6057533025741577,0.710732638835907,0.004194468725472689,0.5328794717788696,0.7161573767662048,0.024829458445310593,0.6096657514572144,0.8311741948127747,0.24632540345191956,0.5299896597862244,0.8359807729721069,0.2551502585411072,0.602773904800415,0.8462398648262024,0.2622518837451935,0.5381392240524292,0.8506056666374207,0.2699615955352783,0.626465916633606,0.8841668963432312,0.11937929689884186,0.5104306936264038,0.8885266780853271,0.12795880436897278
54,draw_x,a06_s07_e03,0.5689042806625366,0.29476165771484375,-0.3460035026073456,0.5749369859695435,0.2817220389842987,-0.32342880964279175,0.577989935874939,0.28186219930648804,-0.32337474822998047,0.5813366174697876,0.28215306997299194,-0.32335230708122253,0.5629760026931763,0.28097426891326904,-0.32766684889793396,0.5582728981971741,0.28058281540870667,-0.3277024030685425,0.5541421175003052,0.28043678402900696,-0.3277015686035156,0.5852491855621338,0.2874470055103302,-0.18202199041843414,0.5469372272491455,0.28558218479156494,-0.20325389504432678,0.5753026008605957,0.3107250928878784,-0.29336482286453247,0.5606526136398315,0.30967673659324646,-0.299135684967041,0.6182023286819458,0.3704184591770172,-0.08970870077610016,0.5198927521705627,0.3569069802761078,-0.17566797137260437,0.6392408013343811,0.4680100083351135,-0.045041557401418686,0.5398653745651245,0.3824295103549957,-0.37541723251342773,0.6504252552986145,0.5585351586341858,-0.07044307142496109,0.600906491279602,0.3412584960460663,-0.5856469869613647,0.6517050266265869,0.5869386196136475,-0.08303306996822357,0.6182538270950317,0.33217334747314453,-0.6430103182792664,0.6465407609939575,0.5836717486381531,-0.11779943853616714,0.619971752166748,0.3255022466182709,-0.629206120967865,0.6437474489212036,0.5769302248954773,-0.08283960819244385,0.6134745478630066,0.33027857542037964,-0.5865499377250671,0.5986566543579102,0.5653892159461975,0.011029860004782677,0.5404193997383118,0.5663682222366333,-0.011153376661241055,0.6057555079460144,0.7107515931129456,0.004092506133019924,0.5328858494758606,0.7161710262298584,0.02542668953537941,0.6096636056900024,0.8310881853103638,0.24604859948158264,0.5299879312515259,0.8359643220901489,0.2558039128780365,0.6027716994285583,0.8461093902587891,0.26206618547439575,0.5381404161453247,0.8505674004554749,0.2706134021282196,0.6264411807060242,0.8841421008110046,0.1207655668258667,0.5104326605796814,0.8885143995285034,0.13031980395317078
55,draw_x,a06_s07_e03,0.5688844919204712,0.2952285706996918,-0.34541329741477966,0.57494056224823,0.28231799602508545,-0.3220048248767853,0.5780078172683716,0.2825313210487366,-0.3219507336616516,0.5814059376716614,0.28285491466522217,-0.3219258785247803,0.5629671812057495,0.2814715802669525,-0.3272397220134735,0.558272123336792,0.2811721861362457,-0.3272736668586731,0.5541430711746216,0.2811427414417267,-0.32728976011276245,0.5854760408401489,0.2883214056491852,-0.17715230584144592,0.5470062494277954,0.28688058257102966,-0.2020975649356842,0.5752557516098022,0.3117638826370239,-0.2907598614692688,0.5606454610824585,0.3106403946876526,-0.2989216446876526,0.618333101272583,0.3718356192111969,-0.08302179723978043,0.5199008584022522,0.35832884907722473,-0.17445990443229675,0.6392816305160522,0.4679359197616577,-0.03256309777498245,0.5403413772583008,0.38418346643447876,-0.3732026517391205,0.650373101234436,0.5589017271995544,-0.04676877334713936,0.6014862656593323,0.3515741527080536,-0.5791091918945312,0.6516667604446411,0.5869916677474976,-0.0556066520512104,0.617414116859436,0.3422022759914398,-0.6356326341629028,0.6464707255363464,0.5837885737419128,-0.09018921852111816,0.6189014911651611,0.3363989293575287,-0.6212298274040222,0.6436637043952942,0.5771790146827698,-0.05872545763850212,0.6129232048988342,0.3411623239517212,-0.5798741579055786,0.5987073183059692,0.5656620860099792,0.011201038025319576,0.5404371619224548,0.5666257739067078,-0.011331269517540932,0.6057576537132263,0.7108160853385925,0.0075127137824893,0.5329059958457947,0.7161716818809509,0.025504957884550095,0.6096619367599487,0.8310867547988892,0.24706871807575226,0.529973030090332,0.8359266519546509,0.2557200491428375,0.6027689576148987,0.8461037874221802,0.2627175450325012,0.5381249189376831,0.8505458235740662,0.2705877423286438,0.6264339089393616,0.8841398358345032,0.12252168357372284,0.5104506015777588,0.8884772658348083,0.1302834451198578
56,draw_x,a06_s07_e03,0.5688866972923279,0.2953181564807892,-0.31891658902168274,0.574994683265686,0.2824612259864807,-0.295320987701416,0.5781272649765015,0.28271007537841797,-0.295285165309906,0.5815967321395874,0.2830452620983124,-0.2952588200569153,0.5629794597625732,0.2815747559070587,-0.30130240321159363,0.5583023428916931,0.28131505846977234,-0.30132630467414856,0.5541890859603882,0.2813240587711334,-0.3013073801994324,0.5857822299003601,0.2886802554130554,-0.15170761942863464,0.5471178293228149,0.28726285696029663,-0.1812465488910675,0.575251579284668,0.31200456619262695,-0.264504075050354,0.5606470704078674,0.31075769662857056,-0.2737569510936737,0.6183657050132751,0.3719760775566101,-0.06153014302253723,0.5199034214019775,0.35993584990501404,-0.14542962610721588,0.639258623123169,0.46679890155792236,-0.012196734547615051,0.5371431708335876,0.39287069439888,-0.3331719636917114,0.6503214240074158,0.5591875314712524,-0.030474672093987465,0.5967884063720703,0.36288943886756897,-0.545805037021637,0.6516559720039368,0.5870411396026611,-0.0385550782084465,0.6121832728385925,0.35739997029304504,-0.5976459383964539,0.6464393138885498,0.5839846730232239,-0.07357902079820633,0.6146005988121033,0.351128488779068,-0.5842508673667908,0.6436173915863037,0.5775407552719116,-0.04266655445098877,0.6083927750587463,0.35654202103614807,-0.5467228293418884,0.5987599492073059,0.5657042264938354,0.011200830340385437,0.5404901504516602,0.5666386485099792,-0.011331431567668915,0.6057563424110413,0.7108075022697449,0.02213096059858799,0.5329234600067139,0.7160884737968445,0.022507885470986366,0.6096686124801636,0.8310447335243225,0.2572888135910034,0.529955267906189,0.8359023928642273,0.24055489897727966,0.6027976274490356,0.846035897731781,0.27222225069999695,0.5381008386611938,0.850536584854126,0.2538478672504425,0.626427948474884,0.8840847015380859,0.13505297899246216,0.510487973690033,0.888416588306427,0.11520694196224213
57,draw_x,a06_s07_e03,0.5687981843948364,0.29531532526016235,-0.359205037355423,0.574994683265686,0.2824555039405823,-0.33783385157585144,0.5781329274177551,0.2827143669128418,-0.33781975507736206,0.5816256403923035,0.2830629348754883,-0.3378109931945801,0.5629116892814636,0.28156882524490356,-0.34106484055519104,0.5582727789878845,0.2813032865524292,-0.3410852551460266,0.554179847240448,0.2813110947608948,-0.3410349488258362,0.5859534740447998,0.28867876529693604,-0.19278058409690857,0.5471524596214294,0.28723379969596863,-0.2113856077194214,0.5751687288284302,0.31196168065071106,-0.3039180338382721,0.5604864954948425,0.3107360303401947,-0.3097951114177704,0.6187522411346436,0.3719246983528137,-0.09969207644462585,0.5197756290435791,0.361962229013443,-0.13796699047088623,0.6394225358963013,0.46675997972488403,-0.01357579417526722,0.5318563580513,0.4223061203956604,-0.27036625146865845,0.6503385305404663,0.5598351955413818,-0.04100070148706436,0.5700528025627136,0.380523681640625,-0.48793238401412964,0.6516662836074829,0.5871070623397827,-0.05077655240893364,0.5810617208480835,0.37444373965263367,-0.5336980223655701,0.6464377641677856,0.5842373371124268,-0.08531607687473297,0.5800199508666992,0.36018460988998413,-0.5297127962112427,0.6436148881912231,0.5780795812606812,-0.05304064601659775,0.5764910578727722,0.36672475934028625,-0.4925524592399597,0.598785936832428,0.565839409828186,0.005383851006627083,0.5404852032661438,0.5666356682777405,-0.005538940895348787,0.6057276129722595,0.7107278108596802,0.03122483193874359,0.5329593420028687,0.716015100479126,0.026963138952851295,0.6097019910812378,0.8310388326644897,0.26320770382881165,0.529951274394989,0.8358984589576721,0.24302537739276886,0.6029161214828491,0.8460198044776917,0.2767851948738098,0.5380973219871521,0.8505327701568604,0.2567315101623535,0.6264238953590393,0.8840663433074951,0.13432130217552185,0.5104968547821045,0.8884032964706421,0.11602197587490082
58,draw_x,a06_s07_e03,0.5688068270683289,0.29531291127204895,-0.330690860748291,0.5750197172164917,0.2824503183364868,-0.30895134806632996,0.5781720280647278,0.2827185094356537,-0.3089222311973572,0.5816873908042908,0.28307777643203735,-0.30889320373535156,0.5629182457923889,0.28154513239860535,-0.31279435753822327,0.5582903027534485,0.2812919616699219,-0.31281059980392456,0.5542130470275879,0.2813023030757904,-0.3127750754356384,0.5860474705696106,0.2887011170387268,-0.16625136137008667,0.547217071056366,0.2871888279914856,-0.18717637658119202,0.5751663446426392,0.3119427561759949,-0.2761610746383667,0.5604811310768127,0.3107229471206665,-0.28275245428085327,0.6190105676651001,0.37150824069976807,-0.07559333741664886,0.5196976065635681,0.36224979162216187,-0.13710933923721313,0.6394994258880615,0.46640416979789734,-0.01850512996315956,0.5290715098381042,0.4147130250930786,-0.309711217880249,0.6503368616104126,0.5599273443222046,-0.04125178977847099,0.5807667374610901,0.37360313534736633,-0.49784055352211,0.6516686677932739,0.5871332883834839,-0.05021997168660164,0.595235288143158,0.37280920147895813,-0.5360280275344849,0.6463844180107117,0.5843188762664795,-0.08497859537601471,0.5956723093986511,0.3672279119491577,-0.5321667194366455,0.6435109376907349,0.5782193541526794,-0.05310216546058655,0.5909695625305176,0.370117723941803,-0.5015860795974731,0.5987936854362488,0.5658368468284607,0.005784765817224979,0.540477991104126,0.5666236877441406,-0.005936822853982449,0.6056812405586243,0.7107164263725281,0.028476258739829063,0.5329819917678833,0.7159856557846069,0.026808232069015503,0.6097133159637451,0.8310537338256836,0.264085054397583,0.5299397706985474,0.8358947038650513,0.24352863430976868,0.6029598116874695,0.8460184931755066,0.2786659598350525,0.538070023059845,0.850527822971344,0.2571354806423187,0.6264193058013916,0.8840757608413696,0.14036062359809875,0.5105385184288025,0.8883975148200989,0.11768456548452377
59,draw_x,a06_s07_e03,0.5688773393630981,0.2953129708766937,-0.3223792314529419,0.575042724609375,0.2824455797672272,-0.3008277416229248,0.5781832337379456,0.28271540999412537,-0.3007901608943939,0.5817112922668457,0.28307467699050903,-0.30075669288635254,0.5629652738571167,0.28154057264328003,-0.30563193559646606,0.5583615303039551,0.28128209710121155,-0.3056516945362091,0.554309606552124,0.2812894284725189,-0.3056313395500183,0.5860497951507568,0.2886933386325836,-0.15849669277668,0.5472652316093445,0.28714534640312195,-0.18327920138835907,0.5751708745956421,0.3119213283061981,-0.26760584115982056,0.5605562329292297,0.310700923204422,-0.2753695547580719,0.6190391778945923,0.3704833388328552,-0.0650419145822525,0.5192480683326721,0.36214011907577515,-0.14013619720935822,0.6395010352134705,0.46514463424682617,-0.013186687603592873,0.5292878150939941,0.4086214005947113,-0.3218829035758972,0.6503586173057556,0.5599293112754822,-0.037049490958452225,0.5809279680252075,0.3791969120502472,-0.5518588423728943,0.6516846418380737,0.5871372818946838,-0.04544610157608986,0.5971232652664185,0.3799719214439392,-0.6023963093757629,0.6463755369186401,0.5843349695205688,-0.0800008624792099,0.5994009375572205,0.3784952461719513,-0.5934162735939026,0.6434887647628784,0.5782797336578369,-0.04880426824092865,0.5934215784072876,0.3789325952529907,-0.5542201995849609,0.5988079309463501,0.5658175349235535,0.006891523953527212,0.5404595136642456,0.5666032433509827,-0.007046873215585947,0.6056799292564392,0.7106286883354187,0.03349264711141586,0.5329910516738892,0.715873122215271,0.027460992336273193,0.6097558736801147,0.8310908079147339,0.2681576609611511,0.5299367308616638,0.8358478546142578,0.2439298927783966,0.6030300259590149,0.8460565209388733,0.28279802203178406,0.5380680561065674,0.8504976630210876,0.2573910355567932,0.6264182925224304,0.8840838074684143,0.14617745578289032,0.5105399489402771,0.8883782029151917,0.12039618194103241
60,draw_x,a06_s07_e03,0.5688901543617249,0.29532328248023987,-0.33791035413742065,0.5750513672828674,0.28244128823280334,-0.3162155747413635,0.5781874060630798,0.28271248936653137,-0.3161977231502533,0.5817335247993469,0.28307315707206726,-0.31617817282676697,0.5629700422286987,0.28153419494628906,-0.3218044936656952,0.558371901512146,0.2812740206718445,-0.32182103395462036,0.5543288588523865,0.28127866983413696,-0.3217877149581909,0.5860525369644165,0.28869208693504333,-0.16978731751441956,0.5472785830497742,0.287117600440979,-0.1988477259874344,0.5751708149909973,0.31189319491386414,-0.2813991904258728,0.5605612397193909,0.31068265438079834,-0.2903490662574768,0.6190300583839417,0.37042155861854553,-0.0705270990729332,0.5185900926589966,0.3636533319950104,-0.1426355540752411,0.639276385307312,0.4651576280593872,-0.01747041754424572,0.5290073156356812,0.426239937543869,-0.300163596868515,0.6503581404685974,0.5599676966667175,-0.040766067802906036,0.5731968283653259,0.3892287015914917,-0.5280267000198364,0.6516845226287842,0.5871403813362122,-0.04996717721223831,0.5895823240280151,0.3897377848625183,-0.5764743089675903,0.6463745832443237,0.5843554139137268,-0.08409645408391953,0.5909757614135742,0.3871854245662689,-0.5730839967727661,0.6434866189956665,0.578340470790863,-0.05252045392990112,0.5850643515586853,0.3888852298259735,-0.5321694016456604,0.5988191366195679,0.5661739110946655,0.007117350585758686,0.5403815507888794,0.5668242573738098,-0.007264507003128529,0.6056747436523438,0.7106178402900696,0.03612745180726051,0.5329961180686951,0.7158673405647278,0.028554493561387062,0.6097592115402222,0.8310654163360596,0.27388128638267517,0.5299309492111206,0.8358400464057922,0.24898581206798553,0.6030362248420715,0.8460177779197693,0.28841283917427063,0.538065493106842,0.8504804968833923,0.26208361983299255,0.6264155507087708,0.8840774297714233,0.14713165163993835,0.5105592012405396,0.8883683681488037,0.12073032557964325
61,draw_x,a06_s07_e03,0.5691162943840027,0.2953139543533325,-0.3425115942955017,0.5751288533210754,0.2823798954486847,-0.3213092088699341,0.5782600045204163,0.28264573216438293,-0.3212847113609314,0.5818896889686584,0.28300195932388306,-0.321264386177063,0.5631279349327087,0.2814975678920746,-0.326898992061615,0.5585206747055054,0.2812538743019104,-0.3269209861755371,0.5544707179069519,0.2812570035457611,-0.3268950581550598,0.586087703704834,0.28865230083465576,-0.17599503695964813,0.5473216772079468,0.28709203004837036,-0.20486554503440857,0.5752600431442261,0.3118022084236145,-0.2862060070037842,0.560768723487854,0.3106081187725067,-0.2951136529445648,0.6190308928489685,0.37041518092155457,-0.07458336651325226,0.5180009603500366,0.36412137746810913,-0.14448182284832,0.6392765045166016,0.4651702344417572,-0.018028412014245987,0.525029182434082,0.4337034225463867,-0.30435556173324585,0.6503633260726929,0.5600569248199463,-0.042822182178497314,0.5702100396156311,0.3998264670372009,-0.5303233861923218,0.6516839861869812,0.5871438384056091,-0.05189047008752823,0.5869626402854919,0.3963151276111603,-0.5781123638153076,0.6463841199874878,0.5843678116798401,-0.08643434941768646,0.5879566073417664,0.39526352286338806,-0.5773307681083679,0.6435157060623169,0.5783851742744446,-0.05466987565159798,0.5819604992866516,0.39497634768486023,-0.5355254411697388,0.5988227128982544,0.5665591955184937,0.0072903381660580635,0.5403178930282593,0.5670498013496399,-0.0074354722164571285,0.6056734323501587,0.7106615900993347,0.03653370216488838,0.5330029726028442,0.7158656716346741,0.03184523060917854,0.6097607016563416,0.8310584425926208,0.2764049768447876,0.5299280881881714,0.8357546925544739,0.25850969552993774,0.6030365228652954,0.8459547758102417,0.2912484109401703,0.5380642414093018,0.8503676652908325,0.27248939871788025,0.6264134645462036,0.8840866088867188,0.15041139721870422,0.5105674266815186,0.8883464932441711,0.13097374141216278
62,draw_x,a06_s07_e03,0.5692392587661743,0.2953055202960968,-0.35008591413497925,0.5751721858978271,0.28228384256362915,-0.3295648694038391,0.5782849788665771,0.2825366258621216,-0.32952114939689636,0.5819605588912964,0.2828890383243561,-0.3294830024242401,0.563226044178009,0.28145328164100647,-0.3338187038898468,0.5585969686508179,0.281223326921463,-0.3338504433631897,0.5545333623886108,0.2812240719795227,-0.3338356912136078,0.5861063003540039,0.28853923082351685,-0.18690699338912964,0.5473731756210327,0.2870695888996124,-0.20922648906707764,0.5753163695335388,0.31167125701904297,-0.2946311831474304,0.5608823299407959,0.310475617647171,-0.301582396030426,0.619066596031189,0.37015846371650696,-0.08426124602556229,0.5176994204521179,0.3639984428882599,-0.1460384726524353,0.6395178437232971,0.465254008769989,-0.019557081162929535,0.5214059352874756,0.43673115968704224,-0.3015584349632263,0.6503950953483582,0.5600524544715881,-0.06080524995923042,0.56937175989151,0.408456951379776,-0.5314543843269348,0.6516849994659424,0.5871409773826599,-0.07157261669635773,0.5878092050552368,0.40645843744277954,-0.5806562900543213,0.6464076042175293,0.5843713283538818,-0.10581430047750473,0.5894628167152405,0.40210145711898804,-0.5772570967674255,0.6435860395431519,0.5783882141113281,-0.07266891002655029,0.5832083225250244,0.4009307026863098,-0.5354703664779663,0.5988527536392212,0.5665584802627563,0.007408791221678257,0.540317177772522,0.5671166777610779,-0.007552499882876873,0.6056763529777527,0.7105089426040649,0.032990776002407074,0.5330119729042053,0.7158469557762146,0.032158926129341125,0.6097645163536072,0.8309942483901978,0.27194809913635254,0.5299255847930908,0.8357506990432739,0.2590600252151489,0.6030367612838745,0.8458935022354126,0.2870107591152191,0.5380622148513794,0.8503616452217102,0.27321743965148926,0.6264110803604126,0.884036660194397,0.1459898054599762,0.5105867981910706,0.8883442282676697,0.13277959823608398
63,draw_x,a06_s07_e03,0.5693987607955933,0.29526057839393616,-0.3550645411014557,0.575227677822113,0.28219228982925415,-0.3341347575187683,0.5783419609069824,0.2824535369873047,-0.3340871036052704,0.5820752382278442,0.2828207314014435,-0.33404651284217834,0.5633379220962524,0.2813607156276703,-0.3385252356529236,0.5586905479431152,0.2811385691165924,-0.33855557441711426,0.5546023845672607,0.28113240003585815,-0.3385407328605652,0.5861403346061707,0.2885163724422455,-0.1908469796180725,0.5474004745483398,0.287020742893219,-0.21336352825164795,0.5753892064094543,0.31152331829071045,-0.2995176315307617,0.5610252618789673,0.3103131353855133,-0.30648335814476013,0.6190288662910461,0.36974841356277466,-0.08871816098690033,0.5169717073440552,0.36427441239356995,-0.14698781073093414,0.6395035982131958,0.4651585817337036,-0.020901566371321678,0.5224403738975525,0.43524110317230225,-0.29045209288597107,0.650422990322113,0.5600529909133911,-0.06126686930656433,0.5719490051269531,0.41428142786026,-0.5057851076126099,0.6516848802566528,0.5871431231498718,-0.07147647440433502,0.5910865664482117,0.41512832045555115,-0.5523343086242676,0.6464270353317261,0.5843825936317444,-0.10593356192111969,0.5919186472892761,0.399267315864563,-0.546798586845398,0.6436449289321899,0.5784239172935486,-0.07319341599941254,0.5863202810287476,0.4112304747104645,-0.5076397657394409,0.5988922715187073,0.5665501952171326,0.007513666059821844,0.5402911305427551,0.5671593546867371,-0.007655621971935034,0.6056739091873169,0.7103583216667175,0.031215477734804153,0.5330387949943542,0.7157730460166931,0.03241536393761635,0.6097684502601624,0.8309199213981628,0.26962366700172424,0.5299357771873474,0.8357085585594177,0.26069897413253784,0.6030335426330566,0.8458417654037476,0.28455305099487305,0.5380863547325134,0.8503522276878357,0.274968683719635,0.626410186290741,0.8840112090110779,0.14401626586914062,0.5105937719345093,0.888332188129425,0.1344994604587555
64,draw_x,a06_s07_e03,0.5698838233947754,0.29526498913764954,-0.35460129380226135,0.5753932595252991,0.2821873426437378,-0.334449827671051,0.578574538230896,0.2824491858482361,-0.33439427614212036,0.5823572874069214,0.2828157842159271,-0.3343440294265747,0.5637044906616211,0.28132957220077515,-0.3388269245624542,0.5590552091598511,0.2810925245285034,-0.33886510133743286,0.55482417345047,0.28107234835624695,-0.33886340260505676,0.5862226486206055,0.2885171175003052,-0.19456177949905396,0.547563910484314,0.2869701087474823,-0.21700051426887512,0.5755566358566284,0.3114984333515167,-0.3000127673149109,0.561594545841217,0.3102818429470062,-0.30691105127334595,0.6190290451049805,0.3696064054965973,-0.09070094674825668,0.5167851448059082,0.3642461895942688,-0.14898431301116943,0.6395066380500793,0.46516838669776917,-0.023863041773438454,0.5183216333389282,0.44193750619888306,-0.28256136178970337,0.6504291892051697,0.5601483583450317,-0.08621819317340851,0.5655649304389954,0.4275640547275543,-0.5013272762298584,0.6516461968421936,0.5871430039405823,-0.10216182470321655,0.5836953520774841,0.4320380985736847,-0.549430251121521,0.6464003324508667,0.5843846797943115,-0.13602319359779358,0.5839582681655884,0.4229274392127991,-0.5480315089225769,0.6436446905136108,0.5784275531768799,-0.0988757535815239,0.5785333514213562,0.42161956429481506,-0.5045274496078491,0.5988847017288208,0.5665491819381714,0.0082069281488657,0.5402909517288208,0.5672093033790588,-0.00834422092884779,0.6056639552116394,0.7100690603256226,0.032185520976781845,0.5330429673194885,0.7156829237937927,0.03183203563094139,0.6097658276557922,0.8309181332588196,0.2693130373954773,0.5299371480941772,0.8357179760932922,0.2540762722492218,0.603005588054657,0.8458494544029236,0.28302115201950073,0.5380836725234985,0.8503970503807068,0.26787930727005005,0.6264085173606873,0.8839876651763916,0.14283901453018188,0.5106093883514404,0.8883389234542847,0.12947961688041687
65,draw_x,a06_s07_e03,0.5700997114181519,0.2952684760093689,-0.35348305106163025,0.5754653215408325,0.28217995166778564,-0.33237704634666443,0.578665554523468,0.28244203329086304,-0.33233699202537537,0.5824819207191467,0.2828126847743988,-0.33231109380722046,0.5638410449028015,0.2813210189342499,-0.3380609452724457,0.5591799020767212,0.281084805727005,-0.3380802571773529,0.5549129247665405,0.28106293082237244,-0.3380398750305176,0.586277961730957,0.2885119318962097,-0.19253459572792053,0.5477902889251709,0.28695687651634216,-0.2140134572982788,0.5756947994232178,0.3114815652370453,-0.2985615134239197,0.561930775642395,0.3102571368217468,-0.306000292301178,0.6190629005432129,0.3693636357784271,-0.08990003168582916,0.516889214515686,0.3641873896121979,-0.14603279531002045,0.63951176404953,0.46457192301750183,-0.024379925802350044,0.5139747262001038,0.44084402918815613,-0.2615243196487427,0.6506667137145996,0.5602169632911682,-0.09506984800100327,0.559592068195343,0.43978315591812134,-0.47497281432151794,0.6516580581665039,0.5871603488922119,-0.11493297666311264,0.5771352052688599,0.4505995213985443,-0.5230990052223206,0.6464115381240845,0.5844069719314575,-0.1485489159822464,0.5805675983428955,0.4399203360080719,-0.526382565498352,0.643728494644165,0.5784432291984558,-0.10804732143878937,0.5735600590705872,0.43404141068458557,-0.4794328212738037,0.5988875031471252,0.5663188099861145,0.008627085015177727,0.5403991341590881,0.566834032535553,-0.008760683238506317,0.605664074420929,0.7096397876739502,0.034511055797338486,0.5330483913421631,0.7156323790550232,0.0232439823448658,0.6097661256790161,0.8309629559516907,0.26345059275627136,0.5299427509307861,0.8359155058860779,0.22679993510246277,0.6029724478721619,0.8459190726280212,0.2757854461669922,0.5380856394767761,0.8506866097450256,0.23882119357585907,0.6264211535453796,0.8840018510818481,0.13905784487724304,0.5106016993522644,0.8884723782539368,0.09892448037862778
66,draw_x,a06_s07_e03,0.5701074004173279,0.29542577266693115,-0.36320042610168457,0.5754686594009399,0.28222811222076416,-0.3442794680595398,0.5786694288253784,0.2825161814689636,-0.34422916173934937,0.5824849605560303,0.2829180955886841,-0.3441886305809021,0.5638441443443298,0.28133341670036316,-0.34757477045059204,0.5591815114021301,0.28109773993492126,-0.347614049911499,0.5549230575561523,0.28107205033302307,-0.34761959314346313,0.5862837433815002,0.2886541485786438,-0.20823577046394348,0.547906219959259,0.28696349263191223,-0.2244662046432495,0.5757136940956116,0.31167465448379517,-0.3098266124725342,0.5619698762893677,0.3105183243751526,-0.31511467695236206,0.6192759871482849,0.3694072663784027,-0.10277906805276871,0.51705002784729,0.3641853630542755,-0.14982560276985168,0.6395211219787598,0.464388906955719,-0.038090478628873825,0.5122734308242798,0.44351866841316223,-0.2596806287765503,0.6506785154342651,0.5599324703216553,-0.11478455364704132,0.5542552471160889,0.45389795303344727,-0.47897395491600037,0.6516427993774414,0.5871458649635315,-0.13765206933021545,0.567621111869812,0.4695598781108856,-0.5288737416267395,0.6464112401008606,0.5843023657798767,-0.17291685938835144,0.5766888856887817,0.4612221419811249,-0.5364596843719482,0.6437433958053589,0.5781109929084778,-0.128604918718338,0.5704622268676758,0.45319095253944397,-0.4860718250274658,0.598913311958313,0.5663831830024719,0.008359449915587902,0.5405905842781067,0.5668371319770813,-0.008477791212499142,0.6056379675865173,0.7091912627220154,0.04022974520921707,0.533058226108551,0.7155213952064514,0.023337427526712418,0.6097699403762817,0.830973207950592,0.2659241855144501,0.5299476981163025,0.8359423875808716,0.2286364585161209,0.6029607057571411,0.8459778428077698,0.27843567728996277,0.5380874276161194,0.8507909178733826,0.24065525829792023,0.6264271140098572,0.8840168714523315,0.14056432247161865,0.510603666305542,0.8885052800178528,0.09833001345396042
67,draw_x,a06_s07_e03,0.5701500177383423,0.29558065533638,-0.4028749465942383,0.5754820108413696,0.2822888493537903,-0.3848160207271576,0.578680157661438,0.282604843378067,-0.3847748339176178,0.5825016498565674,0.2830367386341095,-0.38475748896598816,0.5638592839241028,0.2813524603843689,-0.38774314522743225,0.5591967105865479,0.28111937642097473,-0.38780003786087036,0.5549589395523071,0.2810949385166168,-0.38780564069747925,0.5862859487533569,0.28878873586654663,-0.24637484550476074,0.5479981303215027,0.28700029850006104,-0.2622482180595398,0.5757418274879456,0.31186071038246155,-0.3483861982822418,0.561997652053833,0.3107537627220154,-0.35336706042289734,0.6194211840629578,0.369473934173584,-0.1343831568956375,0.5170621871948242,0.36502063274383545,-0.17245706915855408,0.639441967010498,0.464326411485672,-0.0629926323890686,0.5119055509567261,0.452968567609787,-0.2678232789039612,0.6506769061088562,0.559635579586029,-0.13970594108104706,0.5470903515815735,0.46236279606819153,-0.4918416142463684,0.6516336798667908,0.5871116518974304,-0.16339869797229767,0.5540821552276611,0.4805379807949066,-0.5418420433998108,0.6464155912399292,0.5842338800430298,-0.20020350813865662,0.5626223087310791,0.4690733850002289,-0.5525408983230591,0.643755316734314,0.5779811143875122,-0.15404565632343292,0.5585814714431763,0.46102187037467957,-0.4942759871482849,0.5989595055580139,0.5666769742965698,0.007578772958368063,0.540607213973999,0.5670268535614014,-0.007683739066123962,0.6056262254714966,0.7091745734214783,0.04617369920015335,0.5330958366394043,0.715516209602356,0.023127052932977676,0.6097700595855713,0.831093966960907,0.27894407510757446,0.5299510359764099,0.835949182510376,0.23000676929950714,0.6029566526412964,0.8461437225341797,0.2925451993942261,0.5380873680114746,0.8508141040802002,0.24207310378551483,0.6264604926109314,0.8840286731719971,0.15184316039085388,0.5106037259101868,0.8885316252708435,0.09684989601373672
68,draw_x,a06_s07_e03,0.5701728463172913,0.29570141434669495,-0.38968080282211304,0.5754899382591248,0.2823357582092285,-0.37114664912223816,0.5786827802658081,0.28266462683677673,-0.37111222743988037,0.5825099945068359,0.28311267495155334,-0.37109047174453735,0.5638699531555176,0.28137102723121643,-0.3738945722579956,0.5592077374458313,0.28113967180252075,-0.37394750118255615,0.5549889802932739,0.28111714124679565,-0.37395715713500977,0.5862905979156494,0.28888505697250366,-0.23313160240650177,0.5481600761413574,0.28702232241630554,-0.24823573231697083,0.5757578611373901,0.31197693943977356,-0.33566945791244507,0.562000036239624,0.31092768907546997,-0.34039175510406494,0.6195250153541565,0.36947235465049744,-0.12097644805908203,0.5172052979469299,0.36547574400901794,-0.16716402769088745,0.6394475698471069,0.4641174077987671,-0.05274244397878647,0.5096794962882996,0.45432528853416443,-0.24882785975933075,0.650938868522644,0.5591407418251038,-0.1342231035232544,0.5384570956230164,0.47386234998703003,-0.4843420088291168,0.6517215967178345,0.5870036482810974,-0.16114529967308044,0.5461333394050598,0.4963000416755676,-0.5380145311355591,0.6465868949890137,0.5840374231338501,-0.1995626837015152,0.5537293553352356,0.48410704731941223,-0.5531852841377258,0.6440207958221436,0.5775638818740845,-0.14975331723690033,0.5505120754241943,0.47620144486427307,-0.49389034509658813,0.5990998148918152,0.5668478608131409,0.007537969388067722,0.540708065032959,0.5667796730995178,-0.007638005074113607,0.6056221723556519,0.7091261744499207,0.04386264085769653,0.5331360101699829,0.7155198454856873,0.018848074600100517,0.6097897291183472,0.8312244415283203,0.2780316472053528,0.5299512147903442,0.8359823226928711,0.22265179455280304,0.6029666662216187,0.8463643193244934,0.2919158637523651,0.5380769968032837,0.8508861064910889,0.23418788611888885,0.6265181303024292,0.8840832114219666,0.15157780051231384,0.5106009244918823,0.8885858654975891,0.08741326630115509
69,draw_x,a06_s07_e03,0.5702229142189026,0.2957606613636017,-0.3860887587070465,0.5755243897438049,0.28235018253326416,-0.36837565898895264,0.5787307024002075,0.2826796770095825,-0.36833903193473816,0.5825748443603516,0.2831299602985382,-0.3683128356933594,0.563886821269989,0.28138038516044617,-0.3703535199165344,0.5592260956764221,0.2811492085456848,-0.3704052269458771,0.5550290942192078,0.28112301230430603,-0.3704204261302948,0.5863435864448547,0.28889307379722595,-0.23314866423606873,0.5483497977256775,0.2870154082775116,-0.2449166476726532,0.5758047103881836,0.3119896352291107,-0.33301305770874023,0.5620281100273132,0.31096962094306946,-0.33677002787590027,0.6199645400047302,0.36949339509010315,-0.11758285760879517,0.5175157785415649,0.3655165135860443,-0.16569869220256805,0.6396663188934326,0.46412938833236694,-0.0505826473236084,0.5059247612953186,0.45209500193595886,-0.22077342867851257,0.6512266397476196,0.5588445663452148,-0.12928226590156555,0.5329139232635498,0.48391667008399963,-0.43820494413375854,0.651811420917511,0.5869248509407043,-0.15728631615638733,0.5407989025115967,0.5073152184486389,-0.49014386534690857,0.6467076539993286,0.5838950276374817,-0.19625379145145416,0.5471527576446533,0.49533575773239136,-0.5113857388496399,0.6442179679870605,0.5773103833198547,-0.1452651470899582,0.5449435710906982,0.487257182598114,-0.4503084719181061,0.5992734432220459,0.566890299320221,0.0075682527385652065,0.540834903717041,0.5662636160850525,-0.007669238839298487,0.6056214570999146,0.7089653611183167,0.04889633506536484,0.5332055687904358,0.7155052423477173,0.013013866730034351,0.6098239421844482,0.8312962055206299,0.28036028146743774,0.529957115650177,0.8361390829086304,0.2066211700439453,0.6029809713363647,0.846494734287262,0.29412317276000977,0.5380715131759644,0.8511104583740234,0.2170143574476242,0.6266191601753235,0.8841453194618225,0.15410450100898743,0.5106233954429626,0.8886758685112,0.06873922049999237
70,draw_x,a06_s07_e03,0.5702836513519287,0.295778751373291,-0.3920055329799652,0.5755922198295593,0.28235021233558655,-0.37459713220596313,0.5788193941116333,0.2826799750328064,-0.3745555281639099,0.5826852321624756,0.2831312119960785,-0.3745257556438446,0.56391441822052,0.28138017654418945,-0.37601885199546814,0.5592548847198486,0.28115081787109375,-0.37607312202453613,0.5550797581672668,0.2811242341995239,-0.37608546018600464,0.5864459276199341,0.28890541195869446,-0.24066726863384247,0.5485242605209351,0.2870105504989624,-0.25018030405044556,0.5758887529373169,0.31199535727500916,-0.33966153860092163,0.5620627999305725,0.3109859228134155,-0.34263646602630615,0.6205551624298096,0.36963170766830444,-0.12441752105951309,0.5177122354507446,0.3656911253929138,-0.1638946533203125,0.6402890086174011,0.4642588198184967,-0.051122866570949554,0.5033141374588013,0.45110782980918884,-0.21057721972465515,0.6516545414924622,0.5584825277328491,-0.1441953480243683,0.5255724191665649,0.4910582900047302,-0.41928601264953613,0.6519770622253418,0.5867360234260559,-0.17465580999851227,0.5303841233253479,0.5160011649131775,-0.47014689445495605,0.646842360496521,0.5835649967193604,-0.21408288180828094,0.5385352373123169,0.5057998895645142,-0.49251851439476013,0.644410252571106,0.5768436193466187,-0.16065062582492828,0.5384286046028137,0.49715736508369446,-0.43180614709854126,0.5995064973831177,0.5670425295829773,0.007477566599845886,0.5411516427993774,0.5662544369697571,-0.007568915840238333,0.605658233165741,0.7089626789093018,0.052224256098270416,0.5332828164100647,0.7154931426048279,0.01225388515740633,0.6098252534866333,0.8313398957252502,0.28204822540283203,0.5299570560455322,0.8361350893974304,0.20473651587963104,0.6029685735702515,0.8465522527694702,0.29561376571655273,0.538064181804657,0.8511103391647339,0.2148415595293045,0.6266510486602783,0.8842195868492126,0.1552657186985016,0.5106722116470337,0.8886762261390686,0.06653492897748947
71,draw_x,a06_s07_e03,0.5703062415122986,0.29578229784965515,-0.3855515420436859,0.5756374001502991,0.28234902024269104,-0.3678601384162903,0.5788710117340088,0.28267914056777954,-0.3678184151649475,0.5827520489692688,0.28313082456588745,-0.3677831292152405,0.5639184713363647,0.2813800573348999,-0.36942118406295776,0.5592669248580933,0.28115639090538025,-0.36947101354599,0.5551267266273499,0.2811337411403656,-0.3694799840450287,0.5865217447280884,0.2889108657836914,-0.23504361510276794,0.5486467480659485,0.28701168298721313,-0.2442590445280075,0.5759608745574951,0.31199389696121216,-0.3335152268409729,0.5620740652084351,0.3109823763370514,-0.33658283948898315,0.6210240125656128,0.36977383494377136,-0.12271352112293243,0.5177699327468872,0.3658994734287262,-0.1554381549358368,0.6408274173736572,0.4644011855125427,-0.05210811644792557,0.5009820461273193,0.4510418176651001,-0.19477735459804535,0.6518397331237793,0.5580207705497742,-0.15427161753177643,0.521487832069397,0.4966939389705658,-0.4033493995666504,0.6521070003509521,0.5865606069564819,-0.18648847937583923,0.5252188444137573,0.5214697122573853,-0.45356255769729614,0.6469539999961853,0.583292543888092,-0.22554323077201843,0.5339626669883728,0.5121185779571533,-0.4764510989189148,0.6445350646972656,0.5764541029930115,-0.17075501382350922,0.5343459248542786,0.5025724172592163,-0.416085809469223,0.5996219515800476,0.5676328539848328,0.006976468954235315,0.541634738445282,0.5663527846336365,-0.00705491378903389,0.6056885719299316,0.7089574933052063,0.05665628984570503,0.5333859324455261,0.7153648138046265,0.01248130388557911,0.6098309755325317,0.8313162326812744,0.28104647994041443,0.529961347579956,0.8360615968704224,0.19892039895057678,0.6029629111289978,0.8465107083320618,0.2942805588245392,0.5380643606185913,0.8510908484458923,0.208306223154068,0.6266854405403137,0.8842601776123047,0.15457883477210999,0.5106837749481201,0.8886402249336243,0.06192789226770401
72,draw_x,a06_s07_e03,0.5702824592590332,0.2957819700241089,-0.3852180242538452,0.5756424069404602,0.28234341740608215,-0.3679026961326599,0.5788754820823669,0.2826738655567169,-0.3678647577762604,0.5827614068984985,0.2831263840198517,-0.3678293824195862,0.5638903379440308,0.2813802659511566,-0.3688606321811676,0.5592600107192993,0.28116217255592346,-0.3689078688621521,0.5551317930221558,0.28114745020866394,-0.36891621351242065,0.5865752100944519,0.28891074657440186,-0.23653018474578857,0.5487005114555359,0.2870175540447235,-0.24352410435676575,0.5759700536727905,0.311991423368454,-0.3339409828186035,0.5620444416999817,0.3109775483608246,-0.33621811866760254,0.6212537288665771,0.3699135482311249,-0.12480243295431137,0.5178203582763672,0.36611446738243103,-0.15135179460048676,0.6412292718887329,0.4647420346736908,-0.055426906794309616,0.4989108145236969,0.45289918780326843,-0.1817469596862793,0.6519507169723511,0.557880699634552,-0.16529187560081482,0.5176803469657898,0.502194881439209,-0.38514864444732666,0.652163028717041,0.586484968662262,-0.1991765797138214,0.5216838121414185,0.5276265144348145,-0.4347829818725586,0.6470046043395996,0.5831969976425171,-0.23810355365276337,0.5312397480010986,0.5195371508598328,-0.4589729309082031,0.6446157693862915,0.5763556361198425,-0.18196319043636322,0.5317100286483765,0.5096848607063293,-0.398298442363739,0.5997622013092041,0.568206250667572,0.00629029143601656,0.5419410467147827,0.5667210221290588,-0.006361535284668207,0.6057490110397339,0.7089725732803345,0.05695144459605217,0.5334424376487732,0.7153613567352295,0.013504224829375744,0.6098363399505615,0.8313021063804626,0.282278835773468,0.5299669504165649,0.835789144039154,0.20426586270332336,0.6029596924781799,0.8464978933334351,0.29555127024650574,0.5380663275718689,0.8507673144340515,0.21428100764751434,0.6267036199569702,0.8842623829841614,0.1565127819776535,0.5107493996620178,0.8885449767112732,0.06861425936222076
73,draw_x,a06_s07_e03,0.570275068283081,0.295756071805954,-0.38500887155532837,0.5756770372390747,0.2823191285133362,-0.36617153882980347,0.5789140462875366,0.28263822197914124,-0.36612454056739807,0.58281409740448,0.28307920694351196,-0.36609843373298645,0.5638816356658936,0.2813805639743805,-0.367538183927536,0.5592547059059143,0.28116950392723083,-0.3675738573074341,0.5551373958587646,0.28116628527641296,-0.3675840497016907,0.5866860151290894,0.2888790965080261,-0.23244576156139374,0.5487509965896606,0.2870241105556488,-0.24054861068725586,0.5759932994842529,0.3119376003742218,-0.3313625454902649,0.5620315670967102,0.31094518303871155,-0.3354833722114563,0.6214735507965088,0.37006834149360657,-0.12318213284015656,0.5180168747901917,0.3660993278026581,-0.138450026512146,0.641615629196167,0.4650110900402069,-0.054692160338163376,0.4979192614555359,0.45304447412490845,-0.1427365243434906,0.6520124673843384,0.5578679442405701,-0.16446581482887268,0.5112249851226807,0.511717677116394,-0.3216553330421448,0.6522267460823059,0.5864065885543823,-0.1972014158964157,0.5149279832839966,0.5400267839431763,-0.36678546667099,0.6470493078231812,0.5831345319747925,-0.23692524433135986,0.523827075958252,0.5325144529342651,-0.3947807252407074,0.6446933150291443,0.5763419270515442,-0.1815367341041565,0.5249913334846497,0.5234490036964417,-0.3359072208404541,0.5999048948287964,0.5689012408256531,0.004435435403138399,0.5419839024543762,0.5673083662986755,-0.004512278828769922,0.6057491302490234,0.7091041803359985,0.05634348839521408,0.5334939956665039,0.7153571844100952,0.013747031800448895,0.6098377108573914,0.8314228653907776,0.2720567584037781,0.5299854874610901,0.8356715440750122,0.20473606884479523,0.6029614210128784,0.8466112613677979,0.2844071090221405,0.538074791431427,0.8506680130958557,0.21459412574768066,0.6267024278640747,0.8842658400535583,0.14471584558486938,0.5107985734939575,0.8884700536727905,0.07029898464679718
74,draw_x,a06_s07_e03,0.5702726244926453,0.2957453429698944,-0.3850649893283844,0.575727105140686,0.2822958528995514,-0.36708253622055054,0.5789533853530884,0.2825940251350403,-0.36704641580581665,0.5828628540039062,0.2830105423927307,-0.3670126795768738,0.5638800859451294,0.28138378262519836,-0.36807185411453247,0.5592506527900696,0.2811810076236725,-0.36811432242393494,0.5551425218582153,0.28119030594825745,-0.36812540888786316,0.5867593884468079,0.28881797194480896,-0.23578302562236786,0.5487625002861023,0.2870274484157562,-0.24225696921348572,0.5760136246681213,0.31188562512397766,-0.3334266245365143,0.562017560005188,0.310932457447052,-0.33608412742614746,0.6216409802436829,0.37022361159324646,-0.12664733827114105,0.5180251598358154,0.3661864399909973,-0.14187848567962646,0.6418678164482117,0.46553876996040344,-0.057182975113391876,0.4978504776954651,0.4569235146045685,-0.15023872256278992,0.6520966291427612,0.5578699707984924,-0.16851940751075745,0.5100316405296326,0.5174939632415771,-0.32985982298851013,0.6523189544677734,0.586379885673523,-0.20117175579071045,0.5131343007087708,0.5476071238517761,-0.3754623532295227,0.6471433043479919,0.5831178426742554,-0.24112741649150848,0.5222225785255432,0.5391018390655518,-0.4038485884666443,0.6448399424552917,0.576343834400177,-0.18577241897583008,0.5236898064613342,0.5300437808036804,-0.3442523777484894,0.5999833345413208,0.5693180561065674,0.0037203929387032986,0.5420292615890503,0.5681361556053162,-0.0038006312679499388,0.6057606339454651,0.7092019319534302,0.05424801632761955,0.5335269570350647,0.7153947949409485,0.01392015628516674,0.6098495125770569,0.8314894437789917,0.27097639441490173,0.5300012826919556,0.8355892896652222,0.20553067326545715,0.6030147075653076,0.8467207551002502,0.28338950872421265,0.5381057858467102,0.8506214022636414,0.21541015803813934,0.6266926527023315,0.8842772245407104,0.14360655844211578,0.5108640193939209,0.8884021043777466,0.07121947407722473
75,draw_x,a06_s07_e03,0.5702729821205139,0.2956911623477936,-0.40137606859207153,0.5757832527160645,0.28223976492881775,-0.3836490511894226,0.5789951086044312,0.28250187635421753,-0.3836151361465454,0.5829087495803833,0.2828754484653473,-0.3835741877555847,0.5638812184333801,0.28138187527656555,-0.384568452835083,0.5592490434646606,0.2811813950538635,-0.38462647795677185,0.5551474094390869,0.2811938524246216,-0.3846387267112732,0.5868123173713684,0.2886798679828644,-0.25150907039642334,0.5487671494483948,0.2870261073112488,-0.25823599100112915,0.5760327577590942,0.3117171823978424,-0.3501737713813782,0.5620056390762329,0.3108629882335663,-0.35232752561569214,0.6217318773269653,0.370300829410553,-0.1390886902809143,0.518000602722168,0.36634203791618347,-0.15230238437652588,0.6419392824172974,0.46596091985702515,-0.06837154179811478,0.4975374639034271,0.4599151611328125,-0.15373487770557404,0.6521443128585815,0.5579310655593872,-0.18359562754631042,0.5059648752212524,0.5200214982032776,-0.32626843452453613,0.652393639087677,0.5863794088363647,-0.21629337966442108,0.5077553987503052,0.552463710308075,-0.370466411113739,0.6471843123435974,0.5831212997436523,-0.25732138752937317,0.5167485475540161,0.5444620251655579,-0.4004535675048828,0.6448925733566284,0.5763859152793884,-0.20145153999328613,0.5188859701156616,0.5337954163551331,-0.3410446345806122,0.6000251770019531,0.5694372653961182,0.0036553870886564255,0.5420510768890381,0.5685158371925354,-0.003740923013538122,0.6057833433151245,0.7092483043670654,0.05277390033006668,0.5336409211158752,0.7153922319412231,0.010677764192223549,0.6098474860191345,0.831567645072937,0.2710530459880829,0.5300553441047668,0.8355817794799805,0.1994655728340149,0.6030102968215942,0.8468243479728699,0.2836867570877075,0.5381584167480469,0.8506209850311279,0.20870128273963928,0.626683235168457,0.8842836618423462,0.1437808871269226,0.5109359622001648,0.88836270570755,0.062473129481077194
76,draw_x,a06_s07_e03,0.5702788829803467,0.295650839805603,-0.43461960554122925,0.5758415460586548,0.2821808159351349,-0.41687989234924316,0.579039454460144,0.2824001610279083,-0.4168435037136078,0.5829555988311768,0.2827175259590149,-0.4168062210083008,0.5638907551765442,0.28137922286987305,-0.4182087481021881,0.5592504143714905,0.28118154406547546,-0.4182800352573395,0.5551535487174988,0.2811967134475708,-0.4182932376861572,0.5868536829948425,0.2884921729564667,-0.28194111585617065,0.5487707257270813,0.28702491521835327,-0.29017239809036255,0.5760548710823059,0.3115585446357727,-0.3822806179523468,0.562005341053009,0.31081071496009827,-0.38475534319877625,0.6218053698539734,0.37041378021240234,-0.1637718379497528,0.5179680585861206,0.3668622374534607,-0.17963197827339172,0.6420195698738098,0.4662778675556183,-0.08893881738185883,0.497216135263443,0.46540361642837524,-0.15575191378593445,0.6521267890930176,0.5581334829330444,-0.2043413668870926,0.5037328004837036,0.528222918510437,-0.30640101432800293,0.6523969769477844,0.586405873298645,-0.23703765869140625,0.5051887631416321,0.5614093542098999,-0.34806275367736816,0.6471870541572571,0.583154022693634,-0.2792852520942688,0.5129432082176208,0.5522374510765076,-0.3811386525630951,0.6448951959609985,0.57649827003479,-0.22278288006782532,0.5150980949401855,0.5405673980712891,-0.3217669725418091,0.6000283360481262,0.5695043802261353,0.0035056688357144594,0.5420451760292053,0.5689057111740112,-0.0035996832884848118,0.6058289408683777,0.7093746066093445,0.05233331397175789,0.5336734652519226,0.7154569625854492,0.011233820579946041,0.6098510026931763,0.8316447138786316,0.27799004316329956,0.5300633311271667,0.8355560302734375,0.20209375023841858,0.6030271053314209,0.8469219207763672,0.2912050485610962,0.5381689667701721,0.8505962491035461,0.2120925933122635,0.6266598105430603,0.884286105632782,0.14850208163261414,0.5109924674034119,0.888318657875061,0.0672135204076767
77,draw_x,a06_s07_e03,0.5702860951423645,0.29559963941574097,-0.44206172227859497,0.5758868455886841,0.2821270227432251,-0.42530542612075806,0.5790703892707825,0.2823158800601959,-0.4252684712409973,0.5829866528511047,0.28259149193763733,-0.42523568868637085,0.5639067888259888,0.28137511014938354,-0.4266088604927063,0.5592550039291382,0.281180739402771,-0.42667356133461,0.5551642775535583,0.28119736909866333,-0.42668724060058594,0.5868841409683228,0.28835809230804443,-0.2935837507247925,0.548774242401123,0.2870206832885742,-0.3011849522590637,0.5760775208473206,0.3113784193992615,-0.3905034363269806,0.562006413936615,0.3107380270957947,-0.3927803635597229,0.6218372583389282,0.37047427892684937,-0.17705890536308289,0.5178362131118774,0.36714866757392883,-0.18717554211616516,0.642123818397522,0.4663703143596649,-0.09879504889249802,0.49606555700302124,0.4674457609653473,-0.13006536662578583,0.6520735621452332,0.5582354664802551,-0.20941558480262756,0.5014451742172241,0.5361863374710083,-0.24051454663276672,0.6523990631103516,0.5865057110786438,-0.24121245741844177,0.5027270317077637,0.5690551996231079,-0.27599185705184937,0.6471928358078003,0.5832803845405579,-0.28354811668395996,0.5104782581329346,0.5608507990837097,-0.31223946809768677,0.6448985934257507,0.5766831636428833,-0.22774291038513184,0.5123037099838257,0.54951411485672,-0.2561698257923126,0.6000839471817017,0.5695447325706482,0.0027506921906024218,0.5420652031898499,0.5691933035850525,-0.002843609545379877,0.6059136986732483,0.7093753218650818,0.05373505502939224,0.5336938500404358,0.7154818773269653,0.011627883650362492,0.6098525524139404,0.8316462635993958,0.28108280897140503,0.5300689339637756,0.8355182409286499,0.20382782816886902,0.6030431985855103,0.8469330668449402,0.2944284975528717,0.5381705164909363,0.8505858182907104,0.21364298462867737,0.6266220211982727,0.8842788934707642,0.15226177871227264,0.5110002756118774,0.888205349445343,0.06817197799682617
78,draw_x,a06_s07_e03,0.5702815651893616,0.29559430480003357,-0.4592020511627197,0.575901985168457,0.28211939334869385,-0.4428223669528961,0.579075813293457,0.2822975516319275,-0.4427831172943115,0.5829914808273315,0.2825550436973572,-0.4427548944950104,0.5639079213142395,0.2813786268234253,-0.44409871101379395,0.5592547655105591,0.2811878025531769,-0.4441693425178528,0.5551673769950867,0.2812091112136841,-0.4441831111907959,0.586905837059021,0.2883036434650421,-0.31002193689346313,0.5487824082374573,0.28701961040496826,-0.3173275291919708,0.5760828256607056,0.3113156259059906,-0.4069906175136566,0.5620013475418091,0.31072235107421875,-0.40919238328933716,0.6218909621238708,0.37048232555389404,-0.18975874781608582,0.5178305506706238,0.367270290851593,-0.19826844334602356,0.6422331929206848,0.46646711230278015,-0.1068468913435936,0.4961186945438385,0.46759456396102905,-0.1287451684474945,0.6520498991012573,0.5582399964332581,-0.2135694921016693,0.4994272291660309,0.5373191833496094,-0.23149731755256653,0.6524069905281067,0.5865393280982971,-0.24445652961730957,0.49973052740097046,0.5704391002655029,-0.26575884222984314,0.6472136378288269,0.5833312273025513,-0.28783783316612244,0.507466197013855,0.5641058683395386,-0.30351731181144714,0.6449174284934998,0.5767658352851868,-0.2321764975786209,0.5097566843032837,0.5524308085441589,-0.24754509329795837,0.6001089215278625,0.5694886445999146,0.002149964217096567,0.5420351624488831,0.5691894888877869,-0.002246131654828787,0.6059306859970093,0.7093839645385742,0.05326492711901665,0.5337012410163879,0.7155188322067261,0.011861814185976982,0.6098567843437195,0.8316447734832764,0.28136157989501953,0.53007972240448,0.835518479347229,0.20428013801574707,0.6030563116073608,0.8469260334968567,0.29469990730285645,0.5381794571876526,0.8505890965461731,0.21468102931976318,0.6266125440597534,0.8842675089836121,0.15211078524589539,0.5110050439834595,0.8882020115852356,0.06963138282299042
79,draw_x,a06_s07_e03,0.5702199339866638,0.29559260606765747,-0.45554107427597046,0.5759110450744629,0.2821163535118103,-0.43927454948425293,0.5790817737579346,0.28229257464408875,-0.4392372965812683,0.5829962491989136,0.28254494071006775,-0.43920713663101196,0.5638882517814636,0.2813839912414551,-0.4403923451900482,0.5592397451400757,0.2811976969242096,-0.4404597282409668,0.5551713705062866,0.2812259793281555,-0.44047075510025024,0.5869107246398926,0.288282573223114,-0.30736035108566284,0.5487855672836304,0.28702035546302795,-0.3140046000480652,0.5760830044746399,0.31128495931625366,-0.4037157893180847,0.5619485974311829,0.3107151985168457,-0.4057183861732483,0.6219255328178406,0.3704931139945984,-0.18837080895900726,0.5178318619728088,0.36735981702804565,-0.19590641558170319,0.6423764228820801,0.4664687216281891,-0.10580410063266754,0.49611228704452515,0.4678511321544647,-0.1231960877776146,0.6520335078239441,0.5581897497177124,-0.21109652519226074,0.49782419204711914,0.5367709398269653,-0.22404929995536804,0.6524289846420288,0.5865415334701538,-0.241397887468338,0.49710798263549805,0.5713380575180054,-0.2576161026954651,0.6472516655921936,0.5833386778831482,-0.2845863401889801,0.5050432085990906,0.5655543804168701,-0.2955150604248047,0.6449410915374756,0.5767810344696045,-0.2295730859041214,0.5078606009483337,0.5532619953155518,-0.24018192291259766,0.6001143455505371,0.5694586634635925,0.0018889557104557753,0.5419885516166687,0.5692293643951416,-0.0019868542440235615,0.6059595346450806,0.7093862891197205,0.0528901144862175,0.5337175130844116,0.715564489364624,0.01211139839142561,0.6098575592041016,0.8316494226455688,0.2790606617927551,0.5300872325897217,0.8354800343513489,0.2051602154970169,0.6030564904212952,0.846943199634552,0.29179519414901733,0.538192868232727,0.8505539298057556,0.21514657139778137,0.6265982389450073,0.8842464685440063,0.14835591614246368,0.5110099911689758,0.8881438970565796,0.06966843456029892
80,draw_x,a06_s07_e03,0.5701414346694946,0.2955705523490906,-0.4651225507259369,0.5759175419807434,0.28209665417671204,-0.44942575693130493,0.5790789723396301,0.2822682559490204,-0.449390172958374,0.5829890966415405,0.2825080454349518,-0.4493679106235504,0.563858687877655,0.2813819646835327,-0.45027583837509155,0.5592045783996582,0.2811966836452484,-0.450343519449234,0.5551667213439941,0.2812265455722809,-0.4503536820411682,0.5869167447090149,0.2882271409034729,-0.31881797313690186,0.5487905144691467,0.28700879216194153,-0.32410839200019836,0.5760741233825684,0.3111797273159027,-0.41362929344177246,0.5618609189987183,0.3106611967086792,-0.4152500629425049,0.6219675540924072,0.3705294728279114,-0.20049527287483215,0.5178217887878418,0.3674349784851074,-0.20316186547279358,0.6424440741539001,0.4665333926677704,-0.11770067363977432,0.4962378144264221,0.4689663350582123,-0.12821455299854279,0.6520277261734009,0.5582813620567322,-0.2186957597732544,0.4972592890262604,0.5409579873085022,-0.22800078988075256,0.6524358987808228,0.5866177082061768,-0.2486095130443573,0.4950888156890869,0.5751453042030334,-0.26104602217674255,0.6472564935684204,0.5834587812423706,-0.29161396622657776,0.5027194023132324,0.5704633593559265,-0.30023401975631714,0.6449441313743591,0.5769463181495667,-0.23692241311073303,0.5058537721633911,0.5588809251785278,-0.24476328492164612,0.6001189947128296,0.5693095922470093,0.0013596185017377138,0.5418236255645752,0.5691679120063782,-0.0014585034223273396,0.6059622168540955,0.7092911005020142,0.053272001445293427,0.5337268114089966,0.7155577540397644,0.01242365874350071,0.6098682880401611,0.831631064414978,0.2788974642753601,0.5300897359848022,0.8354647159576416,0.2057931125164032,0.6030805110931396,0.8469427227973938,0.2914067506790161,0.5381966233253479,0.8505522608757019,0.2158447504043579,0.6265677809715271,0.8842310309410095,0.1476278007030487,0.5110138654708862,0.8880542516708374,0.07029493153095245
81,draw_x,a06_s07_e03,0.5701273679733276,0.29556846618652344,-0.4706496298313141,0.575922429561615,0.28209245204925537,-0.4548131823539734,0.5790830850601196,0.28226491808891296,-0.45477789640426636,0.582992672920227,0.28249892592430115,-0.45475441217422485,0.5638511776924133,0.2813883125782013,-0.4558079242706299,0.5591956377029419,0.28120529651641846,-0.4558749794960022,0.5551690459251404,0.2812398672103882,-0.45588135719299316,0.5869229435920715,0.288192480802536,-0.32247936725616455,0.5487948060035706,0.28700849413871765,-0.32863038778305054,0.5760771036148071,0.3111513555049896,-0.41850295662879944,0.5618362426757812,0.31065383553504944,-0.42035728693008423,0.6219984889030457,0.3705804646015167,-0.20179006457328796,0.5178118944168091,0.36748212575912476,-0.20592768490314484,0.6424899101257324,0.4666147530078888,-0.11612699180841446,0.49618300795555115,0.4687710404396057,-0.12791313230991364,0.6520168781280518,0.5583254098892212,-0.21619141101837158,0.49705466628074646,0.5399595499038696,-0.22693471610546112,0.6524391174316406,0.5866506099700928,-0.2454199492931366,0.49325451254844666,0.574282705783844,-0.25958019495010376,0.6472602486610413,0.5835102796554565,-0.2889938950538635,0.501086950302124,0.5700111389160156,-0.2993040084838867,0.644945502281189,0.5770266652107239,-0.2345835417509079,0.5045375227928162,0.5584781765937805,-0.24387986958026886,0.6001092791557312,0.5691221356391907,0.0013238403480499983,0.5415739417076111,0.5689809322357178,-0.0014244612539187074,0.6059499382972717,0.7092199921607971,0.05305224657058716,0.5337348580360413,0.7155243158340454,0.012472989037632942,0.6098676919937134,0.8316287398338318,0.2784865200519562,0.5300922989845276,0.8354368209838867,0.20607924461364746,0.6030768156051636,0.8469445705413818,0.2908453643321991,0.5381970405578613,0.8505257368087769,0.21590042114257812,0.626542329788208,0.8841898441314697,0.14664168655872345,0.5110167860984802,0.8879686594009399,0.07059288024902344
82,draw_x,a06_s07_e03,0.5699898600578308,0.2955705523490906,-0.47738227248191833,0.5759111642837524,0.2820909917354584,-0.4620473384857178,0.5790613889694214,0.28226175904273987,-0.46200990676879883,0.5829582214355469,0.28249451518058777,-0.46198949217796326,0.5637383460998535,0.28141382336616516,-0.46292844414711,0.5591045022010803,0.2812316119670868,-0.4629986882209778,0.5551303625106812,0.28127560019493103,-0.46300753951072693,0.5869288444519043,0.2881733179092407,-0.3298066258430481,0.548791766166687,0.28700923919677734,-0.3352809548377991,0.5760476589202881,0.3111392855644226,-0.42496228218078613,0.5617079138755798,0.3106479048728943,-0.42665329575538635,0.6220365166664124,0.3705856204032898,-0.20686762034893036,0.517737627029419,0.3675311505794525,-0.21047715842723846,0.6424903869628906,0.46670472621917725,-0.11810638010501862,0.49634450674057007,0.4692712426185608,-0.12918028235435486,0.6519676446914673,0.5588704347610474,-0.21595518290996552,0.4963270127773285,0.5444319248199463,-0.22768035531044006,0.652421772480011,0.587058424949646,-0.24443380534648895,0.49222350120544434,0.5770136117935181,-0.2598448395729065,0.647228479385376,0.5840052366256714,-0.28826072812080383,0.5000471472740173,0.572909951210022,-0.3006364703178406,0.6449030041694641,0.5774837136268616,-0.23432990908622742,0.5036067962646484,0.5622653961181641,-0.2450633943080902,0.6001120209693909,0.5687686800956726,0.0012207025429233909,0.5413179397583008,0.5686767101287842,-0.001325893448665738,0.6059502363204956,0.7091698050498962,0.049152739346027374,0.5337413549423218,0.7154526114463806,0.014456754550337791,0.6098686456680298,0.8315858840942383,0.27607661485671997,0.5300941467285156,0.8354339003562927,0.21413905918598175,0.6030745506286621,0.8469144105911255,0.2887309789657593,0.5381911396980286,0.8505037426948547,0.22422266006469727,0.6265352964401245,0.8841791152954102,0.1443730741739273,0.5110275745391846,0.8879490494728088,0.07848311960697174
83,draw_x,a06_s07_e03,0.5698201060295105,0.29557153582572937,-0.4775029718875885,0.5758838057518005,0.2820917069911957,-0.46198755502700806,0.5790219306945801,0.28226137161254883,-0.4619526267051697,0.5828935503959656,0.2824932634830475,-0.4619321823120117,0.5636208057403564,0.28143903613090515,-0.4627593457698822,0.5590137243270874,0.28125736117362976,-0.4628280699253082,0.5550903081893921,0.2813105285167694,-0.46283620595932007,0.5869346857070923,0.28816893696784973,-0.3293183445930481,0.5487909317016602,0.28701257705688477,-0.33427444100379944,0.5759990215301514,0.31112608313560486,-0.42501264810562134,0.5615671873092651,0.31064197421073914,-0.42654743790626526,0.6220679879188538,0.3706075847148895,-0.20647494494915009,0.517720639705658,0.3676719069480896,-0.2094956636428833,0.6425496339797974,0.46677619218826294,-0.11873193085193634,0.4964858591556549,0.46997901797294617,-0.12743374705314636,0.6519610285758972,0.5589959025382996,-0.21746210753917694,0.49561309814453125,0.5441283583641052,-0.2263251096010208,0.652421236038208,0.5871792435646057,-0.2460034340620041,0.4912263751029968,0.5762045383453369,-0.258632093667984,0.6472301483154297,0.584149956703186,-0.28989312052726746,0.49894967675209045,0.5718596577644348,-0.2993438243865967,0.6449063420295715,0.5776268243789673,-0.2359345257282257,0.5025380849838257,0.5611440539360046,-0.24369120597839355,0.6001033782958984,0.5686535239219666,0.0010779080912470818,0.5411133170127869,0.5685875415802002,-0.0011854874901473522,0.6059514284133911,0.7091103792190552,0.04810165613889694,0.5337455868721008,0.7154110670089722,0.01542429905384779,0.6098695993423462,0.8315935730934143,0.2739950716495514,0.5300958156585693,0.835430383682251,0.21639609336853027,0.6030756235122681,0.8469465970993042,0.28660479187965393,0.5381919145584106,0.8505008816719055,0.22644150257110596,0.626533567905426,0.8841781616210938,0.14196863770484924,0.5110392570495605,0.8879430890083313,0.08018689602613449
84,draw_x,a06_s07_e03,0.5697199702262878,0.29557645320892334,-0.4676520824432373,0.5758710503578186,0.28209754824638367,-0.45202797651290894,0.5790057182312012,0.2822651267051697,-0.45199403166770935,0.582868218421936,0.28249549865722656,-0.4519720673561096,0.5635395050048828,0.28147950768470764,-0.4527718424797058,0.5589481592178345,0.28130224347114563,-0.4528365731239319,0.5550578236579895,0.2813701331615448,-0.4528450071811676,0.586938738822937,0.28816357254981995,-0.32082077860832214,0.5487896203994751,0.2870359420776367,-0.3256021738052368,0.575975775718689,0.3111191987991333,-0.41580072045326233,0.5614796876907349,0.3106342852115631,-0.41731271147727966,0.6221123933792114,0.3706190288066864,-0.20123836398124695,0.5177217721939087,0.36776813864707947,-0.20417174696922302,0.6426364779472351,0.46687471866607666,-0.11512552201747894,0.4965185225009918,0.47007378935813904,-0.12115246057510376,0.6519489288330078,0.5591447353363037,-0.21291474997997284,0.4943675100803375,0.5429430603981018,-0.21840742230415344,0.6524204611778259,0.5873419046401978,-0.24145951867103577,0.4896431565284729,0.5750166773796082,-0.2501780092716217,0.6472216844558716,0.584353506565094,-0.2846840023994446,0.49755921959877014,0.5703198909759521,-0.29051876068115234,0.6448942422866821,0.5778070092201233,-0.23106899857521057,0.5011974573135376,0.5593420267105103,-0.23573169112205505,0.600104033946991,0.5686330199241638,0.0009902953170239925,0.5410402417182922,0.5685815811157227,-0.001097557251341641,0.6059667468070984,0.7090947031974792,0.047547902911901474,0.5337519645690918,0.7153827548027039,0.015585802495479584,0.6098706126213074,0.8315895199775696,0.2723696827888489,0.5300987362861633,0.8354081511497498,0.21591725945472717,0.6030668616294861,0.8469470143318176,0.28499677777290344,0.5381938815116882,0.850456178188324,0.22593264281749725,0.6265315413475037,0.8841772079467773,0.14148272573947906,0.5110472440719604,0.8879304528236389,0.07984350621700287
85,draw_x,a06_s07_e03,0.5696218013763428,0.29565370082855225,-0.48639917373657227,0.5758437514305115,0.2821590304374695,-0.47073712944984436,0.5789792537689209,0.2823210060596466,-0.47070056200027466,0.5828219056129456,0.28255540132522583,-0.47067680954933167,0.5634422302246094,0.28159376978874207,-0.4711466431617737,0.5588897466659546,0.28141772747039795,-0.47121620178222656,0.5550290942192078,0.2815144658088684,-0.47121843695640564,0.5869436264038086,0.288177490234375,-0.3362255394458771,0.5487907528877258,0.2871001958847046,-0.33999595046043396,0.5759450793266296,0.3111514449119568,-0.4333253800868988,0.561421275138855,0.3106655180454254,-0.4344814419746399,0.6221345067024231,0.3706251382827759,-0.21084432303905487,0.517721951007843,0.3678611218929291,-0.21008655428886414,0.6427119970321655,0.4669329822063446,-0.11898773908615112,0.49654078483581543,0.4696856737136841,-0.12162864208221436,0.6519467234611511,0.5591819882392883,-0.21381399035453796,0.49301305413246155,0.5406038165092468,-0.21840722858905792,0.6524245142936707,0.5873782634735107,-0.2411436289548874,0.4883364140987396,0.5722131133079529,-0.2493257075548172,0.6472203135490417,0.5843854546546936,-0.2852199673652649,0.4965304732322693,0.5673383474349976,-0.28962498903274536,0.6448871493339539,0.5778502225875854,-0.2321893721818924,0.5001269578933716,0.5562863945960999,-0.23544302582740784,0.6000781059265137,0.5685797333717346,0.0009190947748720646,0.5409592390060425,0.5685046911239624,-0.0010301272850483656,0.6059608459472656,0.7090967297554016,0.0481877438724041,0.5337581634521484,0.7153783440589905,0.014293007552623749,0.6098695993423462,0.8315685987472534,0.2741696238517761,0.5301038026809692,0.8353978991508484,0.21465635299682617,0.6030670404434204,0.8469460606575012,0.28678205609321594,0.5381946563720703,0.8504476547241211,0.22448083758354187,0.626489520072937,0.8841725587844849,0.14198602735996246,0.5110541582107544,0.8879261612892151,0.07659061998128891
86,draw_x,a06_s07_e03,0.569595456123352,0.2957287132740021,-0.4787047505378723,0.5758355855941772,0.28220587968826294,-0.46293631196022034,0.5789691209793091,0.28235918283462524,-0.4629010558128357,0.5828064680099487,0.28258970379829407,-0.4628741145133972,0.5634037852287292,0.281684935092926,-0.46330395340919495,0.5588714480400085,0.28151264786720276,-0.46336913108825684,0.5550234317779541,0.2816311717033386,-0.4633725583553314,0.5869529843330383,0.2881770431995392,-0.32910051941871643,0.5487970113754272,0.28717824816703796,-0.3327754735946655,0.5759432911872864,0.3111801743507385,-0.42597848176956177,0.5614177584648132,0.31069591641426086,-0.4270970821380615,0.6222106218338013,0.37063056230545044,-0.20524045825004578,0.5178685188293457,0.36785411834716797,-0.20634233951568604,0.6428383588790894,0.4670513868331909,-0.11542986333370209,0.4964427351951599,0.46921223402023315,-0.116388700902462,0.6519066095352173,0.5592290163040161,-0.21157261729240417,0.49237051606178284,0.5391305088996887,-0.21435435116291046,0.6524258852005005,0.5874360203742981,-0.23932087421417236,0.48754167556762695,0.5706374049186707,-0.2456541359424591,0.6472134590148926,0.5844439268112183,-0.28304511308670044,0.4961997866630554,0.56575608253479,-0.2856484651565552,0.6448612809181213,0.5779151320457458,-0.2298574000597,0.49988943338394165,0.5546289682388306,-0.23132853209972382,0.6000641584396362,0.568576455116272,0.0009100731695070863,0.5409379601478577,0.5684977173805237,-0.0010212843772023916,0.605949342250824,0.7090967297554016,0.05008617788553238,0.5337685346603394,0.7153926491737366,0.013242010958492756,0.6098619103431702,0.8315494656562805,0.27765321731567383,0.530107319355011,0.8354083299636841,0.21049964427947998,0.6030309796333313,0.8469260931015015,0.2904667556285858,0.538195788860321,0.8504535555839539,0.21991702914237976,0.6264876127243042,0.8841709494590759,0.1460992395877838,0.5110703110694885,0.8879212737083435,0.07160530239343643
87,draw_x,a06_s07_e03,0.5695916414260864,0.2957760691642761,-0.47634226083755493,0.5758378505706787,0.28222280740737915,-0.46069106459617615,0.5789690613746643,0.2823742926120758,-0.46065783500671387,0.5828046798706055,0.2826034128665924,-0.460629940032959,0.5634019374847412,0.28171804547309875,-0.4606987535953522,0.5588691234588623,0.2815445363521576,-0.4607602655887604,0.5550237894058228,0.28166621923446655,-0.4607623219490051,0.5869745016098022,0.28817465901374817,-0.32730159163475037,0.5488173961639404,0.2871972322463989,-0.32956740260124207,0.5759438872337341,0.3111947178840637,-0.4238126873970032,0.5614147186279297,0.3107127845287323,-0.42448657751083374,0.6223067045211792,0.37063276767730713,-0.20408931374549866,0.5180371403694153,0.3677547872066498,-0.2056962251663208,0.6428943872451782,0.46709010004997253,-0.1141837015748024,0.49631842970848083,0.46645766496658325,-0.10649174451828003,0.651875376701355,0.5592322945594788,-0.21053984761238098,0.49159517884254456,0.5385695099830627,-0.20213882625102997,0.6524264216423035,0.5874386429786682,-0.23838770389556885,0.4865366816520691,0.5699997544288635,-0.23203837871551514,0.6472069025039673,0.5844444036483765,-0.2826913297176361,0.4954993724822998,0.5649356245994568,-0.27224481105804443,0.6448463797569275,0.5779203176498413,-0.22870373725891113,0.4992446005344391,0.5540500283241272,-0.21914546191692352,0.6000458002090454,0.5685510039329529,0.0007464989903382957,0.5409349203109741,0.5683844685554504,-0.0008588324417360127,0.6059504747390747,0.7090973258018494,0.05072203278541565,0.5338409543037415,0.7153347730636597,0.011450374498963356,0.6098616123199463,0.8315244913101196,0.27733856439590454,0.5301091074943542,0.8353570699691772,0.20479683578014374,0.603023111820221,0.8469053506851196,0.2898758053779602,0.5381919741630554,0.8504206538200378,0.21374230086803436,0.626484215259552,0.8841592669487,0.14529284834861755,0.5110738277435303,0.8879052400588989,0.06545095145702362
88,draw_x,a06_s07_e03,0.5695578455924988,0.2958489656448364,-0.4727477431297302,0.5758358240127563,0.28227558732032776,-0.45695823431015015,0.5789655447006226,0.2824293076992035,-0.45692533254623413,0.582791268825531,0.28266939520835876,-0.4568977355957031,0.5633678436279297,0.28178420662879944,-0.4571654796600342,0.5588489770889282,0.2816046476364136,-0.45722779631614685,0.5550179481506348,0.28174158930778503,-0.45723146200180054,0.5869954824447632,0.288193017244339,-0.3237355351448059,0.5488371253013611,0.28723984956741333,-0.3283018171787262,0.5759421586990356,0.3112305700778961,-0.4203263819217682,0.5613994002342224,0.3107459247112274,-0.4212612211704254,0.6223732233047485,0.3706358075141907,-0.20163825154304504,0.5183321237564087,0.3676907420158386,-0.198629692196846,0.6429237127304077,0.4670954644680023,-0.11322544515132904,0.496140718460083,0.4628969430923462,-0.10513550043106079,0.6518446207046509,0.5592280030250549,-0.2096729278564453,0.490806519985199,0.5332471132278442,-0.2045021504163742,0.6524274945259094,0.5874350070953369,-0.23581263422966003,0.48545533418655396,0.5631079077720642,-0.2348882257938385,0.647183358669281,0.5844328999519348,-0.28015556931495667,0.49437299370765686,0.5606517791748047,-0.2743331789970398,0.644795298576355,0.5779217481613159,-0.2278309166431427,0.49829307198524475,0.5496761202812195,-0.22143423557281494,0.6000181436538696,0.5685480833053589,0.0006345994188450277,0.540931761264801,0.5683084726333618,-0.0007464479422196746,0.6059447526931763,0.7090803980827332,0.05654235929250717,0.5339196920394897,0.715233564376831,0.008752941153943539,0.6098536252975464,0.8314390778541565,0.2806018590927124,0.5301088690757751,0.8351551294326782,0.19767563045024872,0.603003978729248,0.8468379974365234,0.2929943799972534,0.5381847023963928,0.8502848744392395,0.20625543594360352,0.6264578104019165,0.8841453194618225,0.14851276576519012,0.5110951662063599,0.8877408504486084,0.05726947635412216
89,draw_x,a06_s07_e03,0.5694876909255981,0.295937180519104,-0.4677330553531647,0.5758303999900818,0.2823528051376343,-0.45159727334976196,0.5789608955383301,0.2825038731098175,-0.4515659809112549,0.5827693343162537,0.2827538549900055,-0.45152631402015686,0.5633112192153931,0.2818814218044281,-0.4501001238822937,0.5588172674179077,0.2816902697086334,-0.4501599669456482,0.5550041198730469,0.28184160590171814,-0.45015811920166016,0.5870299339294434,0.28821706771850586,-0.317058801651001,0.5488744974136353,0.2872873842716217,-0.31427711248397827,0.5759333372116089,0.31128212809562683,-0.41542983055114746,0.5613692402839661,0.3107842803001404,-0.41437846422195435,0.6225314140319824,0.3706350326538086,-0.19793441891670227,0.5187208652496338,0.3674704134464264,-0.18584857881069183,0.6429797410964966,0.46710100769996643,-0.11252085864543915,0.4953722059726715,0.4554227292537689,-0.1103227287530899,0.6517858505249023,0.5592090487480164,-0.20918481051921844,0.49007707834243774,0.5220712423324585,-0.2165389508008957,0.6524275541305542,0.5874327421188354,-0.23567907512187958,0.48372524976730347,0.5502527356147766,-0.24935957789421082,0.6470831632614136,0.5844029784202576,-0.2798476219177246,0.493161678314209,0.5478852987289429,-0.28495895862579346,0.6446176767349243,0.5778936743736267,-0.22731530666351318,0.497335284948349,0.5381761193275452,-0.2332007884979248,0.5999979972839355,0.5685302019119263,0.00034940268960781395,0.5409300923347473,0.5682150721549988,-0.000466248020529747,0.6059209704399109,0.7090809941291809,0.05810019373893738,0.5339952707290649,0.7151946425437927,0.008963579311966896,0.609846830368042,0.8314183354377747,0.2843579947948456,0.5301215052604675,0.8349052667617798,0.19835393130779266,0.6029970645904541,0.8468014597892761,0.2969933748245239,0.5381943583488464,0.8499898314476013,0.20700716972351074,0.6264442801475525,0.8841439485549927,0.15222913026809692,0.5111849904060364,0.8875957727432251,0.05808928608894348
90,draw_x,a06_s07_e03,0.569493293762207,0.29607003927230835,-0.45880842208862305,0.5758489370346069,0.28245845437049866,-0.44202327728271484,0.5789754390716553,0.28261083364486694,-0.4419967234134674,0.5827715396881104,0.2828747630119324,-0.44195762276649475,0.5633095502853394,0.28199073672294617,-0.44066208600997925,0.5588189959526062,0.28179171681404114,-0.4407254755496979,0.5550090074539185,0.2819538116455078,-0.44072508811950684,0.5870929956436157,0.28825345635414124,-0.30652597546577454,0.5489204525947571,0.2873593866825104,-0.3044548034667969,0.575961709022522,0.31139737367630005,-0.40653467178344727,0.5613811016082764,0.31088292598724365,-0.40574389696121216,0.6227403879165649,0.3706427216529846,-0.19156397879123688,0.5188856720924377,0.3674856126308441,-0.18001922965049744,0.6429766416549683,0.46708568930625916,-0.11211331933736801,0.4951671063899994,0.45256665349006653,-0.1193578690290451,0.651664137840271,0.5591078996658325,-0.20705680549144745,0.4888615608215332,0.5135590434074402,-0.25995463132858276,0.6523997187614441,0.5873390436172485,-0.23317155241966248,0.48190322518348694,0.5395990014076233,-0.295875608921051,0.6469076871871948,0.5842831134796143,-0.2767017185688019,0.49097806215286255,0.536561906337738,-0.3311770260334015,0.6443663835525513,0.577807605266571,-0.22500960528850555,0.4952591359615326,0.5279568433761597,-0.2767455279827118,0.599980890750885,0.5685319900512695,0.00019138042989652604,0.5409482717514038,0.5682101845741272,-0.0003121950721833855,0.6059066653251648,0.7090004682540894,0.06111621856689453,0.5340012311935425,0.7150704860687256,0.007785149849951267,0.6098237037658691,0.831285297870636,0.2911902368068695,0.530124306678772,0.8342248201370239,0.19620847702026367,0.602988064289093,0.8466311097145081,0.3043140470981598,0.5382058620452881,0.8491261005401611,0.2048143893480301,0.6264032125473022,0.8841099143028259,0.1602654606103897,0.5112237930297852,0.8873472809791565,0.05562494322657585
91,draw_x,a06_s07_e03,0.5694912672042847,0.29612404108047485,-0.45904383063316345,0.5758665800094604,0.2825067639350891,-0.44224199652671814,0.5789917707443237,0.28266820311546326,-0.4422142505645752,0.5827746987342834,0.28295356035232544,-0.4421774744987488,0.5633069276809692,0.2820356488227844,-0.44095906615257263,0.5588173270225525,0.28183045983314514,-0.4410267472267151,0.5550090670585632,0.28199532628059387,-0.44102591276168823,0.5871568918228149,0.2883051335811615,-0.3063516318798065,0.5489460229873657,0.28738507628440857,-0.3040747344493866,0.5759772062301636,0.31145578622817993,-0.40669187903404236,0.5613808631896973,0.3109325170516968,-0.4060395658016205,0.6228513121604919,0.370700478553772,-0.1922191083431244,0.5189595818519592,0.36747679114341736,-0.17997093498706818,0.6428979635238647,0.467050164937973,-0.12334315478801727,0.4942281246185303,0.4456862211227417,-0.14750948548316956,0.6515294909477234,0.5588684678077698,-0.21864399313926697,0.48639798164367676,0.49867552518844604,-0.31502509117126465,0.6523705720901489,0.5872836709022522,-0.24659033119678497,0.47988182306289673,0.5241125226020813,-0.3548625111579895,0.6467519998550415,0.5841737389564514,-0.2890579104423523,0.4871439039707184,0.5210420489311218,-0.3885643482208252,0.6441153287887573,0.5776353478431702,-0.23625361919403076,0.49171462655067444,0.5126935839653015,-0.331933856010437,0.599976658821106,0.5685448050498962,-0.0004671975038945675,0.5409882068634033,0.5681416392326355,0.000334560580085963,0.605754017829895,0.7089486718177795,0.06343591958284378,0.5340059995651245,0.7148764729499817,0.006187715567648411,0.6098125576972961,0.8312029242515564,0.3019062280654907,0.5301452279090881,0.8336403965950012,0.19641335308551788,0.6029866933822632,0.8464959859848022,0.31594598293304443,0.5382369756698608,0.8483424782752991,0.20526476204395294,0.6263661980628967,0.8840810656547546,0.17140351235866547,0.5112613439559937,0.8870722055435181,0.055715978145599365
92,draw_x,a06_s07_e03,0.5695372819900513,0.2961491346359253,-0.4516214430332184,0.5759391784667969,0.28252920508384705,-0.433957576751709,0.5790449380874634,0.282705157995224,-0.43393176794052124,0.5828148126602173,0.28301098942756653,-0.4339241087436676,0.5633345246315002,0.28203970193862915,-0.4333867132663727,0.5588363409042358,0.2818368971347809,-0.43347659707069397,0.5550245046615601,0.2820033133029938,-0.4334792494773865,0.5872124433517456,0.28836536407470703,-0.2971738278865814,0.5489490032196045,0.28738918900489807,-0.29819101095199585,0.5760215520858765,0.31150293350219727,-0.39897748827934265,0.5613983273506165,0.31097209453582764,-0.3994433879852295,0.6228553056716919,0.3707408607006073,-0.19068017601966858,0.5187749862670898,0.36798951029777527,-0.1820790320634842,0.6427890062332153,0.46703019738197327,-0.1450035274028778,0.4929305613040924,0.44700172543525696,-0.2388855516910553,0.6514516472816467,0.558771550655365,-0.2588365972042084,0.48482394218444824,0.48781463503837585,-0.4909861981868744,0.652331531047821,0.5872308015823364,-0.2950698137283325,0.4787699282169342,0.5082717537879944,-0.5474659204483032,0.6466237306594849,0.5840912461280823,-0.334433913230896,0.48559460043907166,0.5011696219444275,-0.5764408111572266,0.6439276933670044,0.5775535106658936,-0.27593308687210083,0.4901224970817566,0.49389412999153137,-0.508895754814148,0.5999885201454163,0.5685012340545654,-0.00045087197213433683,0.5410128831863403,0.5680611729621887,0.00031922536436468363,0.6056955456733704,0.7089345455169678,0.047359250485897064,0.53401118516922,0.7148086428642273,0.00883430615067482,0.6098054647445679,0.8309877514839172,0.297895610332489,0.5301609039306641,0.8334062695503235,0.21040430665016174,0.6029870510101318,0.8461865782737732,0.3103340268135071,0.5382679104804993,0.8479430675506592,0.22113344073295593,0.6263574361801147,0.8840588927268982,0.16773149371147156,0.5112878680229187,0.8869627714157104,0.06991080194711685
93,draw_x,a06_s07_e03,0.5696485042572021,0.2962441146373749,-0.4335555136203766,0.5760365128517151,0.2825752794742584,-0.41503992676734924,0.5790992975234985,0.2827620208263397,-0.4150065779685974,0.5828578472137451,0.2830847203731537,-0.4149894118309021,0.5634204149246216,0.2820526659488678,-0.4153236746788025,0.5588779449462891,0.2818412780761719,-0.41541537642478943,0.555057168006897,0.2820104658603668,-0.4154142737388611,0.5872382521629333,0.28841641545295715,-0.27671942114830017,0.5489526987075806,0.2873927354812622,-0.2816811501979828,0.5760789513587952,0.31160932779312134,-0.38034287095069885,0.5614471435546875,0.3110501170158386,-0.38206392526626587,0.6228588819503784,0.37077105045318604,-0.17096631228923798,0.5182919502258301,0.3683379888534546,-0.1753554791212082,0.6427228450775146,0.46707838773727417,-0.13661256432533264,0.49004635214805603,0.4474732279777527,-0.2556922435760498,0.6514254808425903,0.5587958097457886,-0.24151518940925598,0.4842350482940674,0.472774475812912,-0.535064160823822,0.6522794961929321,0.5872249603271484,-0.2754490375518799,0.47850021719932556,0.4886355698108673,-0.594759464263916,0.646455705165863,0.5840585827827454,-0.3146952986717224,0.4856666028499603,0.47830072045326233,-0.6187096834182739,0.6437314748764038,0.577526330947876,-0.25839218497276306,0.48999762535095215,0.4716781973838806,-0.5512527227401733,0.5999934077262878,0.5684987306594849,1.8839597032638267e-05,0.5410127639770508,0.568032443523407,-0.00015877738769631833,0.6056408882141113,0.7090483903884888,0.033845704048871994,0.534014105796814,0.7148070931434631,0.01429724134504795,0.6098043322563171,0.8309831023216248,0.2842288911342621,0.5301747918128967,0.8333561420440674,0.22610118985176086,0.6030086278915405,0.8461426496505737,0.2993081510066986,0.5383116602897644,0.8478750586509705,0.23816680908203125,0.6263529658317566,0.8840507864952087,0.15352115035057068,0.5113180875778198,0.8869580626487732,0.08900105208158493
94,draw_x,a06_s07_e03,0.5698825120925903,0.29633283615112305,-0.44807368516921997,0.5762056708335876,0.2826126515865326,-0.4286155700683594,0.5791876912117004,0.28280773758888245,-0.4285343587398529,0.5829282402992249,0.28314393758773804,-0.4285071790218353,0.5637000799179077,0.2820639908313751,-0.43075090646743774,0.5590276718139648,0.2818466126918793,-0.43088752031326294,0.5551514029502869,0.2820141017436981,-0.4308638572692871,0.5872427225112915,0.2884262204170227,-0.28118783235549927,0.5489597320556641,0.2873849868774414,-0.2993869185447693,0.5761415958404541,0.3116426467895508,-0.3925296664237976,0.5615100264549255,0.3110825717449188,-0.3972131907939911,0.6228190064430237,0.37076857686042786,-0.17264577746391296,0.5168958306312561,0.3684309124946594,-0.19395872950553894,0.6426628828048706,0.4673489034175873,-0.1350550651550293,0.4845565855503082,0.4586673676967621,-0.29470348358154297,0.6514201164245605,0.5589936375617981,-0.23993173241615295,0.483612596988678,0.45546862483024597,-0.5781116485595703,0.6522648334503174,0.5872335433959961,-0.27132970094680786,0.4785062372684479,0.4643671214580536,-0.6370164155960083,0.6464230418205261,0.5840643644332886,-0.30935728549957275,0.4859214723110199,0.4473720192909241,-0.654437243938446,0.643699049949646,0.5775696039199829,-0.25574737787246704,0.48987993597984314,0.4440701901912689,-0.5912412405014038,0.5999844074249268,0.5684930086135864,0.0009953127009794116,0.5409921407699585,0.5680005550384521,-0.0011688278755173087,0.6056225299835205,0.7092820405960083,0.03271178901195526,0.5339364409446716,0.7150949835777283,0.02409062348306179,0.6098164319992065,0.831203818321228,0.2843044400215149,0.5301770567893982,0.8333873152732849,0.24384143948554993,0.6030696630477905,0.8463684916496277,0.29983702301979065,0.5383236408233643,0.8478947877883911,0.2570280134677887,0.626358151435852,0.8840981125831604,0.1547292172908783,0.5113231539726257,0.8869617581367493,0.1100584864616394
95,draw_x,a06_s07_e03,0.5700308680534363,0.29665863513946533,-0.44141849875450134,0.5762892961502075,0.2828527092933655,-0.42310434579849243,0.5792444348335266,0.2830578088760376,-0.4230351448059082,0.5829829573631287,0.2834043502807617,-0.4230011999607086,0.5638548135757446,0.28219205141067505,-0.42475613951683044,0.5591317415237427,0.2819329500198364,-0.4248660206794739,0.5552226305007935,0.2820567190647125,-0.42484980821609497,0.5872489213943481,0.2885015308856964,-0.28044986724853516,0.5489626526832581,0.28739500045776367,-0.29301610589027405,0.5761776566505432,0.3118566572666168,-0.38606420159339905,0.5615657567977905,0.3111976683139801,-0.3899548053741455,0.6227737665176392,0.37077197432518005,-0.16517318785190582,0.5157880187034607,0.3682052195072174,-0.1895029991865158,0.6426227688789368,0.46801483631134033,-0.10943058878183365,0.48135295510292053,0.4567769169807434,-0.29331979155540466,0.6514148116111755,0.55958491563797,-0.2079823762178421,0.48298969864845276,0.4425651431083679,-0.5925933122634888,0.6522641181945801,0.5873143076896667,-0.2359154224395752,0.478363573551178,0.4482421278953552,-0.6534268856048584,0.6463916301727295,0.5841267704963684,-0.27241891622543335,0.48643454909324646,0.43273594975471497,-0.6700817942619324,0.6436276435852051,0.577724814414978,-0.2226468324661255,0.4904652535915375,0.4306010901927948,-0.6059088706970215,0.5997719168663025,0.5686005353927612,0.0019741214346140623,0.5408045649528503,0.5682181715965271,-0.002161923795938492,0.6056123971939087,0.70946204662323,0.036788832396268845,0.5338674783706665,0.7154541015625,0.02469775453209877,0.6098267436027527,0.8311941623687744,0.29589390754699707,0.5301796793937683,0.8334259390830994,0.24510279297828674,0.603087842464447,0.8463369011878967,0.3129134476184845,0.5383285284042358,0.8479388952255249,0.2585987448692322,0.6263558268547058,0.8840940594673157,0.17062415182590485,0.511388897895813,0.8869852423667908,0.1123584732413292
96,draw_x,a06_s07_e03,0.5701977610588074,0.2967645823955536,-0.409586101770401,0.576379120349884,0.28293484449386597,-0.3913434147834778,0.5793150663375854,0.2831421494483948,-0.3912770450115204,0.5830684900283813,0.28348875045776367,-0.39123207330703735,0.5640381574630737,0.2822513282299042,-0.39330360293388367,0.5592842698097229,0.28198564052581787,-0.393388032913208,0.5553268790245056,0.2820896804332733,-0.3933766186237335,0.5872602462768555,0.28855231404304504,-0.25151413679122925,0.5489878058433533,0.2874653935432434,-0.2651008367538452,0.5762417316436768,0.311903178691864,-0.35525399446487427,0.5616623163223267,0.31121090054512024,-0.3595600426197052,0.6227032542228699,0.3707253634929657,-0.1401965618133545,0.5157164335250854,0.36734288930892944,-0.16966243088245392,0.6424384713172913,0.4678080379962921,-0.07744114100933075,0.4804810881614685,0.44431552290916443,-0.2959551215171814,0.6514114737510681,0.5597038865089417,-0.1563737392425537,0.4835818409919739,0.4208347499370575,-0.595534086227417,0.6522634029388428,0.5873294472694397,-0.17874270677566528,0.4793141782283783,0.4251987636089325,-0.6551106572151184,0.6463692784309387,0.584145188331604,-0.21473188698291779,0.48894375562667847,0.4158722460269928,-0.6659042835235596,0.6435854434967041,0.5777694582939148,-0.17010198533535004,0.4923928380012512,0.41494235396385193,-0.6065510511398315,0.5995158553123474,0.5685943961143494,0.003078881185501814,0.5405657291412354,0.5682468414306641,-0.0032649096101522446,0.6056019067764282,0.7094961404800415,0.04549924284219742,0.5337747931480408,0.7154501676559448,0.02309470623731613,0.6098487377166748,0.8312229514122009,0.295637309551239,0.5302122235298157,0.8334725499153137,0.23588046431541443,0.6031089425086975,0.8463707566261292,0.31149938702583313,0.5383903980255127,0.8480275273323059,0.24780802428722382,0.626354455947876,0.8840920329093933,0.17103829979896545,0.5114139318466187,0.8869884610176086,0.10100555419921875
97,draw_x,a06_s07_e03,0.5702061057090759,0.29678431153297424,-0.3986879885196686,0.5763998627662659,0.28294315934181213,-0.3800579905509949,0.5793286561965942,0.2831524610519409,-0.37999293208122253,0.583076536655426,0.2835032343864441,-0.3799439072608948,0.5640605688095093,0.2822635769844055,-0.3811860680580139,0.5593115091323853,0.2819993793964386,-0.38126131892204285,0.5553476810455322,0.28210175037384033,-0.3812420964241028,0.5872677564620972,0.28856751322746277,-0.2422175109386444,0.5490029454231262,0.2875114381313324,-0.25200244784355164,0.5762444734573364,0.3119063079357147,-0.3456500172615051,0.5616608262062073,0.3112145960330963,-0.3488169312477112,0.6226654052734375,0.37070390582084656,-0.1368250697851181,0.515741229057312,0.3667433559894562,-0.156794473528862,0.6420204639434814,0.4676049053668976,-0.07520364224910736,0.4799821376800537,0.4334539771080017,-0.2923424541950226,0.6513900756835938,0.5600117444992065,-0.14570386707782745,0.48331695795059204,0.4011061489582062,-0.587814211845398,0.6522578001022339,0.587388277053833,-0.16549347341060638,0.4807289242744446,0.40372106432914734,-0.6459338068962097,0.6463367938995361,0.5842676758766174,-0.20063698291778564,0.48976510763168335,0.3942902684211731,-0.6530648469924927,0.6435382962226868,0.5779634118080139,-0.15868034958839417,0.492550790309906,0.39372098445892334,-0.5977128744125366,0.599463939666748,0.568608820438385,0.0031985852401703596,0.5405692458152771,0.5684834122657776,-0.0033858593087643385,0.6055882573127747,0.7094635367393494,0.05916641280055046,0.5337573289871216,0.7154203057289124,0.024862609803676605,0.6098679304122925,0.8312210440635681,0.30232205986976624,0.5302139520645142,0.8334817886352539,0.23167908191680908,0.6031627655029297,0.8463693857192993,0.31756260991096497,0.5383924841880798,0.8480789065361023,0.24333250522613525,0.6263509392738342,0.8840767741203308,0.17825575172901154,0.5114189386367798,0.8869836926460266,0.09797336161136627
98,draw_x,a06_s07_e03,0.5702141523361206,0.2967987358570099,-0.3720870316028595,0.5764596462249756,0.2829618453979492,-0.3528588116168976,0.5793811082839966,0.2831931710243225,-0.3527933955192566,0.5831208229064941,0.283572793006897,-0.35274189710617065,0.5641454458236694,0.2822688817977905,-0.35380861163139343,0.5593634843826294,0.28199031949043274,-0.35387182235717773,0.5553798079490662,0.2820582985877991,-0.3538548946380615,0.5872843265533447,0.2886161506175995,-0.21492263674736023,0.5490186810493469,0.28744739294052124,-0.22391721606254578,0.5762468576431274,0.3119102120399475,-0.31926050782203674,0.5616579651832581,0.3111801743507385,-0.3222276270389557,0.6225442886352539,0.37064316868782043,-0.11347109079360962,0.5159892439842224,0.3637349009513855,-0.14019742608070374,0.6418424844741821,0.46745356917381287,-0.05977291986346245,0.4795053005218506,0.40955373644828796,-0.2910858988761902,0.6513032913208008,0.5601628422737122,-0.12930700182914734,0.48347774147987366,0.3842228949069977,-0.5823489427566528,0.6522427797317505,0.5874221920967102,-0.14953766763210297,0.48199692368507385,0.3901028037071228,-0.6421656012535095,0.6462386846542358,0.5843401551246643,-0.18557003140449524,0.4929293990135193,0.3861808478832245,-0.6463534832000732,0.6433753967285156,0.5780789256095886,-0.14296676218509674,0.4955883026123047,0.3861684501171112,-0.5917460918426514,0.5994447469711304,0.5685707330703735,0.0034859576262533665,0.5405680537223816,0.5685207843780518,-0.003663819981738925,0.6055481433868408,0.7094821929931641,0.05810488015413284,0.533727765083313,0.7154413461685181,0.02527446672320366,0.6098711490631104,0.8312169313430786,0.30183011293411255,0.5302287340164185,0.8336161375045776,0.23097822070121765,0.6031693816184998,0.8463559746742249,0.31715643405914307,0.5384277105331421,0.8482305407524109,0.24298591911792755,0.6263443231582642,0.884072482585907,0.17759691178798676,0.5114232301712036,0.8869975209236145,0.09942612797021866
99,draw_x,a06_s07_e03,0.5702676773071289,0.2968125343322754,-0.3597598671913147,0.5765488743782043,0.2829936146736145,-0.3400581479072571,0.5794760584831238,0.2832498252391815,-0.3399941027164459,0.5832036137580872,0.2836555540561676,-0.33994635939598083,0.5642677545547485,0.2822752296924591,-0.34140241146087646,0.5594330430030823,0.281989723443985,-0.341458797454834,0.5554161071777344,0.2820318937301636,-0.34143728017807007,0.5873127579689026,0.2886909246444702,-0.20173391699790955,0.5490788221359253,0.287414014339447,-0.2121332883834839,0.5762717723846436,0.3119185268878937,-0.30678144097328186,0.561674952507019,0.3111693263053894,-0.3101887106895447,0.6224399209022522,0.3705470860004425,-0.1010342687368393,0.5167455673217773,0.3615773320198059,-0.13659663498401642,0.641596794128418,0.46711042523384094,-0.05087525397539139,0.47894287109375,0.39417126774787903,-0.30117911100387573,0.6512514352798462,0.5603603720664978,-0.12060121446847916,0.483079195022583,0.373811274766922,-0.5986989736557007,0.6522266268730164,0.5874480605125427,-0.14063209295272827,0.48207220435142517,0.37717536091804504,-0.6611064672470093,0.6461654305458069,0.5844157338142395,-0.17750374972820282,0.4921075701713562,0.3720865845680237,-0.6639147996902466,0.6432768106460571,0.578201413154602,-0.1347876638174057,0.4948079586029053,0.3748187720775604,-0.6081739664077759,0.5993194580078125,0.5684100985527039,0.003951061051338911,0.5403384566307068,0.5683403015136719,-0.004114777315407991,0.605527400970459,0.7095927596092224,0.057345420122146606,0.5335270166397095,0.7154636383056641,0.02505560591816902,0.6098747253417969,0.8312176465988159,0.2998751401901245,0.5302250981330872,0.8336633443832397,0.23181983828544617,0.6031706929206848,0.8463497161865234,0.3150334060192108,0.5384301543235779,0.8483081459999084,0.24420559406280518,0.6263426542282104,0.8840705752372742,0.17474311590194702,0.5114219784736633,0.8870096206665039,0.10114923864603043
100,draw_x,a06_s07_e03,0.5702323913574219,0.2968783676624298,-0.38458865880966187,0.5765523314476013,0.28311607241630554,-0.3654698133468628,0.5794834494590759,0.28340163826942444,-0.3654080331325531,0.58320152759552,0.28383055329322815,-0.3653647005558014,0.5642491579055786,0.2823083698749542,-0.366047203540802,0.5594269037246704,0.2820013761520386,-0.3661171495914459,0.555401086807251,0.28203535079956055,-0.3660995364189148,0.587319552898407,0.28877928853034973,-0.22757408022880554,0.5490821003913879,0.2873910665512085,-0.2340252697467804,0.5762530565261841,0.31193605065345764,-0.331625372171402,0.5616244673728943,0.31117331981658936,-0.3339560925960541,0.622294008731842,0.37041231989860535,-0.12423602491617203,0.5171053409576416,0.3605216145515442,-0.14545190334320068,0.6415663957595825,0.4671383798122406,-0.06533092260360718,0.4789080023765564,0.3948608636856079,-0.2992997169494629,0.6511917114257812,0.5608885884284973,-0.1470959484577179,0.47811684012413025,0.35613641142845154,-0.591107964515686,0.6522058844566345,0.5876103043556213,-0.16963914036750793,0.4795340597629547,0.35308679938316345,-0.652542233467102,0.6460444331169128,0.5846975445747375,-0.2061973512172699,0.48697948455810547,0.3451424539089203,-0.6582966446876526,0.6431059837341309,0.5785650610923767,-0.16149476170539856,0.48860254883766174,0.3489284813404083,-0.6017191410064697,0.5992811322212219,0.5682010054588318,0.0034313369542360306,0.5401923656463623,0.5680574178695679,-0.0036160640884190798,0.6054805517196655,0.709631621837616,0.05010421201586723,0.5333195328712463,0.7156314253807068,0.0279829204082489,0.609877347946167,0.8312113285064697,0.29906564950942993,0.5301840901374817,0.8337031006813049,0.24147848784923553,0.6031829118728638,0.84630286693573,0.3147279620170593,0.5384175777435303,0.8483718037605286,0.2547358274459839,0.6263091564178467,0.8840686678886414,0.17405839264392853,0.5114167928695679,0.887019157409668,0.1129174679517746
101,draw_x,a06_s07_e03,0.5701926946640015,0.29684022068977356,-0.3555040955543518,0.576555609703064,0.2831215262413025,-0.3347354829311371,0.5794870853424072,0.28341132402420044,-0.334689199924469,0.5831899046897888,0.28387248516082764,-0.3346591591835022,0.5642495155334473,0.2822128236293793,-0.3358044922351837,0.5594279766082764,0.28184983134269714,-0.33586040139198303,0.5553997755050659,0.2818180322647095,-0.33584052324295044,0.587320864200592,0.2888135612010956,-0.19627991318702698,0.549102783203125,0.2870120406150818,-0.2044067084789276,0.5762089490890503,0.3118581175804138,-0.30268755555152893,0.5614720582962036,0.31100812554359436,-0.305534690618515,0.6220040321350098,0.3700847327709198,-0.10164757817983627,0.5176435112953186,0.35876408219337463,-0.13112689554691315,0.6414310932159424,0.4670318067073822,-0.06262274086475372,0.47941717505455017,0.38882771134376526,-0.3028835654258728,0.6511343717575073,0.5611137747764587,-0.13969622552394867,0.4758245050907135,0.34235015511512756,-0.6060951948165894,0.6521764397621155,0.5876541137695312,-0.16152486205101013,0.4780953824520111,0.33881819248199463,-0.6711127161979675,0.6459137201309204,0.5848312377929688,-0.1973966658115387,0.4843231737613678,0.3317294418811798,-0.6751567125320435,0.6429346203804016,0.5788273215293884,-0.15389342606067657,0.4852732717990875,0.3342406153678894,-0.6169986724853516,0.5991573333740234,0.5676921010017395,0.003412639256566763,0.5398666858673096,0.567115843296051,-0.0035960394889116287,0.6053813695907593,0.7096325755119324,0.04170310124754906,0.5332142114639282,0.7156457901000977,0.027134692296385765,0.6098774671554565,0.8311745524406433,0.2913404703140259,0.5301454663276672,0.8337815999984741,0.23927564918994904,0.6031845808029175,0.8462015986442566,0.3076125979423523,0.5384021997451782,0.8484755754470825,0.2522919476032257,0.6262742280960083,0.8840669393539429,0.16721467673778534,0.5114176869392395,0.8870519399642944,0.10962726920843124
102,draw_x,a06_s07_e03,0.570055365562439,0.2968442738056183,-0.367922842502594,0.5765045881271362,0.28313419222831726,-0.3471619188785553,0.5794350504875183,0.28344476222991943,-0.3471129238605499,0.5830126404762268,0.28392890095710754,-0.34708598256111145,0.5642167329788208,0.28216058015823364,-0.347018301486969,0.5594216585159302,0.2817344069480896,-0.3470842242240906,0.5553874373435974,0.281643271446228,-0.3470752239227295,0.5872754454612732,0.28888237476348877,-0.20923039317131042,0.5491793155670166,0.28664344549179077,-0.21152321994304657,0.5761010646820068,0.3118555247783661,-0.3155989348888397,0.5613434910774231,0.3109646737575531,-0.31688544154167175,0.6218364834785461,0.3699414134025574,-0.11531271040439606,0.5181644558906555,0.358052521944046,-0.1318345069885254,0.6414739489555359,0.46699434518814087,-0.07412709295749664,0.4784315228462219,0.38403934240341187,-0.2998640239238739,0.651087760925293,0.5611952543258667,-0.1471187174320221,0.4754484295845032,0.3269038796424866,-0.5885454416275024,0.6521178483963013,0.5876738429069519,-0.17017358541488647,0.4780307412147522,0.3127596080303192,-0.6521860957145691,0.6457465887069702,0.5848790407180786,-0.20894663035869598,0.4832433760166168,0.3048388361930847,-0.6560390591621399,0.6427606344223022,0.5789555907249451,-0.16264019906520844,0.4838694930076599,0.31130915880203247,-0.5994238257408142,0.5990272760391235,0.5673067569732666,0.0024645556695759296,0.5395295023918152,0.5663123726844788,-0.00265898066572845,0.6052625775337219,0.7096678018569946,0.03979324549436569,0.5330963134765625,0.7156935334205627,0.02635824680328369,0.6098713874816895,0.8311541676521301,0.2909984290599823,0.5301399230957031,0.8338406085968018,0.23811852931976318,0.6031724810600281,0.846100389957428,0.3073771297931671,0.5384191274642944,0.848486065864563,0.25058603286743164,0.626236617565155,0.88409823179245,0.16602744162082672,0.5114172101020813,0.8871330618858337,0.10711300373077393
103,draw_x,a06_s07_e03,0.5700722932815552,0.296941339969635,-0.3570667803287506,0.5765036940574646,0.28322547674179077,-0.3364495635032654,0.5794373750686646,0.283539742231369,-0.3363947868347168,0.5829914808273315,0.2840050160884857,-0.3363598585128784,0.564231276512146,0.2821626663208008,-0.33451375365257263,0.5595168471336365,0.28172582387924194,-0.33457815647125244,0.5554419159889221,0.2816128730773926,-0.334568053483963,0.5872765183448792,0.288985937833786,-0.2023732215166092,0.5493341088294983,0.2865466773509979,-0.19629161059856415,0.5761045217514038,0.31192195415496826,-0.30675119161605835,0.5614219903945923,0.3109804689884186,-0.30556899309158325,0.6218356490135193,0.3699316680431366,-0.11512766033411026,0.5188970565795898,0.3578348159790039,-0.11862391233444214,0.6415867805480957,0.4670496881008148,-0.0742890015244484,0.47854796051979065,0.3771584928035736,-0.28970959782600403,0.6509854197502136,0.5618309378623962,-0.1486806720495224,0.4751833379268646,0.30972084403038025,-0.5677531361579895,0.6520578861236572,0.5880171060562134,-0.1708415448665619,0.47781872749328613,0.2955360412597656,-0.628653883934021,0.6455274820327759,0.5851560831069946,-0.20599687099456787,0.4832703173160553,0.2892995774745941,-0.6383730173110962,0.6425272226333618,0.5792062282562256,-0.16272538900375366,0.48398351669311523,0.29571908712387085,-0.5791780948638916,0.598937451839447,0.567130982875824,0.0004971986636519432,0.5393888354301453,0.5660842657089233,-0.0007180290995165706,0.6051976084709167,0.7096585035324097,0.03646077215671539,0.5329604744911194,0.715769350528717,0.02489383891224861,0.609853982925415,0.8311464786529541,0.2881387770175934,0.5301738381385803,0.833846926689148,0.23189768195152283,0.6031389832496643,0.8460614085197449,0.30466631054878235,0.5386243462562561,0.8484697937965393,0.24420757591724396,0.6262120008468628,0.8841487765312195,0.16307510435581207,0.5114152431488037,0.887135922908783,0.1034027561545372
104,draw_x,a06_s07_e03,0.5700534582138062,0.2972758114337921,-0.3424842357635498,0.576455295085907,0.2834778130054474,-0.32190898060798645,0.5794225931167603,0.283719003200531,-0.32185912132263184,0.5829262137413025,0.28410083055496216,-0.3218231201171875,0.5641729235649109,0.2824215590953827,-0.3192327916622162,0.5595171451568604,0.28192371129989624,-0.31928783655166626,0.5554141998291016,0.2817525565624237,-0.3192729353904724,0.5872759222984314,0.2890578806400299,-0.189982607960701,0.5493934154510498,0.28655558824539185,-0.17995713651180267,0.5761088132858276,0.31206172704696655,-0.2931515872478485,0.5614529848098755,0.3111425042152405,-0.2907872796058655,0.6218584775924683,0.3698669373989105,-0.10630492866039276,0.5195350050926208,0.35673996806144714,-0.10177589952945709,0.6416069865226746,0.4670078456401825,-0.07119128108024597,0.47877177596092224,0.37145814299583435,-0.264232873916626,0.6509543657302856,0.5619350075721741,-0.13307617604732513,0.4757481515407562,0.2989330291748047,-0.5236393213272095,0.6520226001739502,0.5881490707397461,-0.15407031774520874,0.47786372900009155,0.28113192319869995,-0.5850108861923218,0.6453326344490051,0.5852028727531433,-0.1883234828710556,0.48354896903038025,0.27586671710014343,-0.5832191705703735,0.6423583030700684,0.5792302489280701,-0.14661113917827606,0.4845283031463623,0.2830883264541626,-0.5325756669044495,0.5988657474517822,0.5670589804649353,-0.001360159134492278,0.5392981171607971,0.5658310055732727,0.0011302048806101084,0.605166494846344,0.7096598148345947,0.030259933322668076,0.5328575372695923,0.7157745361328125,0.023466937243938446,0.6098228096961975,0.8311435580253601,0.2811902165412903,0.53022301197052,0.8338749408721924,0.22787484526634216,0.6031051278114319,0.846049964427948,0.2976943850517273,0.5387810468673706,0.8484572172164917,0.2401755154132843,0.6261932849884033,0.8842276334762573,0.1562579870223999,0.5114045143127441,0.8871933221817017,0.10054193437099457
105,draw_x,a06_s07_e03,0.5699893832206726,0.297322154045105,-0.33605262637138367,0.5763425230979919,0.28354185819625854,-0.3157269358634949,0.5793684720993042,0.2837587893009186,-0.31567081809043884,0.5827851295471191,0.2841157615184784,-0.3156309723854065,0.5640501976013184,0.28248995542526245,-0.3125525414943695,0.5594918131828308,0.28196632862091064,-0.3126075565814972,0.5553226470947266,0.2817838490009308,-0.3125942647457123,0.5872694849967957,0.2890881597995758,-0.18512028455734253,0.5493975877761841,0.2865535616874695,-0.1729256957769394,0.5761164426803589,0.31206414103507996,-0.2872905433177948,0.5614575147628784,0.3111397624015808,-0.2842978835105896,0.6218860745429993,0.3698539137840271,-0.10081718862056732,0.5197316408157349,0.3555356562137604,-0.09569648653268814,0.641660213470459,0.46701014041900635,-0.06474607437849045,0.47782644629478455,0.36820918321609497,-0.25360676646232605,0.6508609056472778,0.561955451965332,-0.12118203938007355,0.47594013810157776,0.2935429811477661,-0.5067747831344604,0.6519230008125305,0.588204562664032,-0.14178995788097382,0.47796282172203064,0.27425822615623474,-0.5677869915962219,0.645142674446106,0.585224986076355,-0.1759544014930725,0.4838588833808899,0.2691604495048523,-0.56435626745224,0.6421889662742615,0.5792445540428162,-0.13467569649219513,0.4850237965583801,0.27584201097488403,-0.5150494575500488,0.5988032817840576,0.5669779181480408,-0.0021186580415815115,0.5392575860023499,0.5656429529190063,0.001889445586130023,0.6051318049430847,0.7096615433692932,0.03221963718533516,0.5327618718147278,0.7157571315765381,0.02307998575270176,0.6097005009651184,0.8311023712158203,0.2824111580848694,0.5302239656448364,0.8339958786964417,0.22485601902008057,0.6029287576675415,0.8460039496421814,0.29864782094955444,0.5388190746307373,0.8484708666801453,0.23700904846191406,0.6261425018310547,0.884233295917511,0.1567308008670807,0.5113309025764465,0.8872276544570923,0.09769783914089203
106,draw_x,a06_s07_e03,0.5699042081832886,0.2973855435848236,-0.332306444644928,0.5762408971786499,0.2836228013038635,-0.3115985095500946,0.5793138742446899,0.2838134765625,-0.3115414083003998,0.5826497077941895,0.2841366231441498,-0.3115004003047943,0.5639409422874451,0.28260818123817444,-0.308867484331131,0.5594428777694702,0.2820540964603424,-0.3089214265346527,0.5551998019218445,0.2818378806114197,-0.3089117705821991,0.5872636437416077,0.2891446352005005,-0.18010996282100677,0.5494035482406616,0.2865539491176605,-0.1701360046863556,0.5761257410049438,0.31207525730133057,-0.2832689881324768,0.5614567995071411,0.31114253401756287,-0.280921995639801,0.6218860745429993,0.36985158920288086,-0.09604455530643463,0.5198407173156738,0.3545990586280823,-0.09745360910892487,0.6417096853256226,0.4668923616409302,-0.061267875134944916,0.4775794446468353,0.3644779622554779,-0.2576906085014343,0.6505449414253235,0.5619581341743469,-0.11706770956516266,0.47623515129089355,0.2902544438838959,-0.5124818682670593,0.6516971588134766,0.5882149338722229,-0.13753612339496613,0.4780578017234802,0.2710482180118561,-0.5736625790596008,0.6447693109512329,0.585244357585907,-0.17158181965351105,0.4840512275695801,0.26574817299842834,-0.5707685947418213,0.6418264508247375,0.5792600512504578,-0.13062754273414612,0.4853195250034332,0.2721121609210968,-0.5209168195724487,0.5987025499343872,0.5669476389884949,-0.001961193745955825,0.539253830909729,0.5655933022499084,0.001737263286486268,0.6050757765769958,0.7096609473228455,0.03945593908429146,0.5327482223510742,0.7156451940536499,0.021924132481217384,0.609592616558075,0.8309468626976013,0.2907564043998718,0.5302187204360962,0.8341013789176941,0.22287249565124512,0.6027995347976685,0.8458346724510193,0.3073332905769348,0.5388209223747253,0.8484801650047302,0.2350030243396759,0.6260348558425903,0.8842247128486633,0.1673612743616104,0.5112768411636353,0.8872413039207458,0.0950649082660675
107,draw_x,a06_s07_e03,0.5697081089019775,0.2973799705505371,-0.31578290462493896,0.5760371088981628,0.28363028168678284,-0.29516810178756714,0.5791798233985901,0.28382304310798645,-0.29511386156082153,0.5824090242385864,0.2841431200504303,-0.2950702905654907,0.5637778043746948,0.28263387084007263,-0.2921256422996521,0.5593279600143433,0.2820850610733032,-0.29217663407325745,0.5550370216369629,0.28186455368995667,-0.29216712713241577,0.5872148275375366,0.28917303681373596,-0.16634692251682281,0.5494030117988586,0.28658705949783325,-0.15501491725444794,0.5761229395866394,0.3120402991771698,-0.2679882347583771,0.5614027976989746,0.3111204504966736,-0.2652333378791809,0.6218876242637634,0.3698495030403137,-0.08649416267871857,0.5200755596160889,0.35450753569602966,-0.08696192502975464,0.6417642831802368,0.46646231412887573,-0.0552007332444191,0.47771701216697693,0.36254411935806274,-0.25333887338638306,0.6504544019699097,0.5616419911384583,-0.10949762910604477,0.47644200921058655,0.288656622171402,-0.5072364807128906,0.6515839099884033,0.5881255865097046,-0.12899474799633026,0.47810664772987366,0.2687307298183441,-0.5680691003799438,0.6444990038871765,0.5851688981056213,-0.1623038798570633,0.48419874906539917,0.2638818919658661,-0.5645032525062561,0.6415807008743286,0.579200804233551,-0.12267086654901505,0.48554182052612305,0.2701627016067505,-0.5156523585319519,0.5986471176147461,0.5668976902961731,-0.0018460501451045275,0.5392578840255737,0.565525233745575,0.00162611436098814,0.6050103306770325,0.7095087170600891,0.04396221786737442,0.5327382683753967,0.7154037356376648,0.016973700374364853,0.6094950437545776,0.8307458162307739,0.2904054522514343,0.5301991701126099,0.8341896533966064,0.20851214230060577,0.6026553511619568,0.8455854058265686,0.30666524171829224,0.5388170480728149,0.8485023379325867,0.21961577236652374,0.625982403755188,0.8841941356658936,0.16717404127120972,0.5112618803977966,0.8871985673904419,0.07926101237535477
108,draw_x,a06_s07_e03,0.5697082281112671,0.2973797917366028,-0.317595899105072,0.5760337114334106,0.2836366891860962,-0.2967054545879364,0.5791783332824707,0.2838299870491028,-0.2966475486755371,0.5823909640312195,0.2841506898403168,-0.29660314321517944,0.5637785196304321,0.2826467454433441,-0.29435497522354126,0.559354305267334,0.28209346532821655,-0.29440534114837646,0.5550406575202942,0.2818668782711029,-0.2943955063819885,0.5872147679328918,0.2891959846019745,-0.16629110276699066,0.5494290590286255,0.286591500043869,-0.1581442654132843,0.576156735420227,0.3120249807834625,-0.26911893486976624,0.5614216923713684,0.3110975921154022,-0.267291396856308,0.6218876838684082,0.3698476552963257,-0.08463744074106216,0.5201231241226196,0.3542250990867615,-0.09151077270507812,0.6417744159698486,0.4662482440471649,-0.05045030266046524,0.47775372862815857,0.36110925674438477,-0.2555893659591675,0.6504032611846924,0.5614084005355835,-0.10202797502279282,0.4765408933162689,0.2868282198905945,-0.5126352310180664,0.6515146493911743,0.5880361199378967,-0.12060020118951797,0.47812262177467346,0.26760923862457275,-0.5733104944229126,0.6444023847579956,0.5851148962974548,-0.15386232733726501,0.48425760865211487,0.262683629989624,-0.5706574320793152,0.6414908766746521,0.5791589617729187,-0.11513714492321014,0.48565635085105896,0.2688230276107788,-0.5212703943252563,0.5985748767852783,0.5668635964393616,-0.0016074336599558592,0.5392389297485352,0.5654898285865784,0.0013799124862998724,0.6049796938896179,0.709450364112854,0.04731512442231178,0.5327157974243164,0.7153500914573669,0.015086619183421135,0.6093791723251343,0.8306751251220703,0.29059523344039917,0.530167818069458,0.8342854976654053,0.2068246603012085,0.6025004386901855,0.8455317616462708,0.3067168593406677,0.5387930274009705,0.8485538959503174,0.21798273921012878,0.6259270906448364,0.8841726779937744,0.16751980781555176,0.5111863017082214,0.8872012495994568,0.07706297934055328
109,draw_x,a06_s07_e03,0.5697091221809387,0.297382652759552,-0.32206064462661743,0.5760338306427002,0.2836720049381256,-0.30108481645584106,0.5791800022125244,0.28385958075523376,-0.30102652311325073,0.5823888182640076,0.28416433930397034,-0.3009834587574005,0.5637803077697754,0.2826811671257019,-0.2988376319408417,0.5593737363815308,0.2821188271045685,-0.2988895773887634,0.5550428628921509,0.2818754315376282,-0.2988794445991516,0.5872243642807007,0.2892536520957947,-0.16959959268569946,0.5494467616081238,0.2866024971008301,-0.16192367672920227,0.5762016773223877,0.3120294511318207,-0.27311447262763977,0.5614482164382935,0.31109875440597534,-0.27143728733062744,0.62188321352005,0.36984607577323914,-0.08618540316820145,0.5202140808105469,0.3539866507053375,-0.09342316538095474,0.6417920589447021,0.4661661684513092,-0.04933999851346016,0.47788238525390625,0.3598484694957733,-0.25738656520843506,0.6503158807754517,0.5613374710083008,-0.1008063331246376,0.47665905952453613,0.2861500680446625,-0.5126899480819702,0.6514284014701843,0.5879689455032349,-0.11933214962482452,0.4782610535621643,0.2682304382324219,-0.5734907984733582,0.6442564725875854,0.5850509405136108,-0.15294095873832703,0.48440828919410706,0.26313936710357666,-0.5701660513877869,0.6413559913635254,0.5791124105453491,-0.11402209848165512,0.48571091890335083,0.26894837617874146,-0.5210705995559692,0.598534345626831,0.5667539238929749,-0.0015478922287002206,0.539238452911377,0.5654281973838806,0.0013153624022379518,0.6048986911773682,0.7094147801399231,0.047216810286045074,0.5326929688453674,0.7153226137161255,0.015198707580566406,0.6092664003372192,0.8305894136428833,0.29065752029418945,0.5301544666290283,0.8343114852905273,0.21006543934345245,0.6023756861686707,0.8454238772392273,0.3067496716976166,0.5387713313102722,0.8485601544380188,0.22153505682945251,0.6258670091629028,0.8841374516487122,0.16760538518428802,0.5111637711524963,0.887202799320221,0.08018909394741058
110,draw_x,a06_s07_e03,0.569722056388855,0.2973648011684418,-0.3205859363079071,0.5760461091995239,0.28367820382118225,-0.2995550334453583,0.5792033672332764,0.2838672399520874,-0.29949480295181274,0.5824075937271118,0.28417059779167175,-0.29945123195648193,0.5637879967689514,0.28268569707870483,-0.2972898483276367,0.5593971610069275,0.2821228802204132,-0.29734286665916443,0.5550464391708374,0.2818760573863983,-0.2973378300666809,0.5872868299484253,0.2892623245716095,-0.16817507147789001,0.5494821071624756,0.2866016626358032,-0.16034717857837677,0.5762852430343628,0.31202104687690735,-0.2716839611530304,0.5614858865737915,0.31108060479164124,-0.26997292041778564,0.621889054775238,0.36982545256614685,-0.08492864668369293,0.5202690362930298,0.3536272644996643,-0.09441778063774109,0.6418329477310181,0.46605637669563293,-0.05000147968530655,0.4779859483242035,0.35927194356918335,-0.2601923644542694,0.6502955555915833,0.5611456036567688,-0.10347266495227814,0.47667956352233887,0.2877054810523987,-0.5151525139808655,0.6513867378234863,0.5878861546516418,-0.12260279804468155,0.4783708453178406,0.27020347118377686,-0.575445294380188,0.6442236304283142,0.5849751830101013,-0.15614858269691467,0.4846711754798889,0.26467159390449524,-0.5738753080368042,0.641334056854248,0.5790470838546753,-0.11678673326969147,0.48596104979515076,0.2703881859779358,-0.5239623785018921,0.5985040068626404,0.5666844248771667,-0.001469224807806313,0.5392351150512695,0.5653725266456604,0.0012347704032436013,0.6048543453216553,0.7093943357467651,0.050206881016492844,0.5326899290084839,0.7152906656265259,0.015202239155769348,0.609198272228241,0.8303423523902893,0.2964954972267151,0.5301463603973389,0.8343722224235535,0.21099546551704407,0.602281391620636,0.8451637625694275,0.31280264258384705,0.5387586951255798,0.8485861420631409,0.22255413234233856,0.625839352607727,0.884101152420044,0.17397238314151764,0.511100709438324,0.8872399926185608,0.08086280524730682
111,draw_x,a06_s07_e03,0.5697418451309204,0.2974105477333069,-0.3245790898799896,0.5760863423347473,0.2837867736816406,-0.3033556342124939,0.5792394876480103,0.28396958112716675,-0.30329468846321106,0.5824335813522339,0.28423264622688293,-0.3032519519329071,0.5638197064399719,0.28277698159217834,-0.3013300597667694,0.5594431161880493,0.2821912467479706,-0.3013848662376404,0.5550682544708252,0.2818969190120697,-0.3013799786567688,0.5873498916625977,0.28937479853630066,-0.17076271772384644,0.5495545864105225,0.2866036295890808,-0.16408711671829224,0.5763397812843323,0.31208381056785583,-0.27524441480636597,0.5615066289901733,0.3111426532268524,-0.2738674283027649,0.6218870878219604,0.3698458969593048,-0.08684317767620087,0.5203958749771118,0.35354694724082947,-0.09782363474369049,0.6418359875679016,0.4660552442073822,-0.052875399589538574,0.4781535267829895,0.35982704162597656,-0.2723901867866516,0.6502393484115601,0.5611413717269897,-0.10796032845973969,0.47747182846069336,0.28952205181121826,-0.529136061668396,0.6513231992721558,0.5878839492797852,-0.12744948267936707,0.4790215492248535,0.2724619209766388,-0.5916808843612671,0.6442052125930786,0.5849734544754028,-0.161174476146698,0.48541727662086487,0.26700013875961304,-0.5864572525024414,0.6413196921348572,0.5790458917617798,-0.12140031903982162,0.48678845167160034,0.2730919122695923,-0.5371383428573608,0.598434567451477,0.5666795372962952,-0.0013121861265972257,0.5392201542854309,0.5653720498085022,0.0010765136685222387,0.6048399806022644,0.7093969583511353,0.05139670521020889,0.5326869487762451,0.7152803540229797,0.015053488314151764,0.6091758012771606,0.8302968144416809,0.29926207661628723,0.5301295518875122,0.8344365358352661,0.21116586029529572,0.602262020111084,0.8451355695724487,0.3156305253505707,0.5387054681777954,0.8486476540565491,0.22270989418029785,0.6258331537246704,0.8841001391410828,0.17602655291557312,0.5110491514205933,0.8873512744903564,0.08046597987413406
112,draw_x,a06_s07_e03,0.5697500109672546,0.2974325120449066,-0.32533589005470276,0.5760911703109741,0.28385689854621887,-0.3042491376399994,0.5792454481124878,0.2840445339679718,-0.30418676137924194,0.5824339389801025,0.28427854180336,-0.30414316058158875,0.5638247728347778,0.282827764749527,-0.3016396164894104,0.5594597458839417,0.2822268307209015,-0.30169469118118286,0.5550799369812012,0.28190264105796814,-0.30168789625167847,0.5873699188232422,0.2894860506057739,-0.17264747619628906,0.5496348142623901,0.2866019904613495,-0.16324110329151154,0.576403021812439,0.31213027238845825,-0.2764711380004883,0.5615455508232117,0.31115737557411194,-0.2743472754955292,0.6218886375427246,0.36985939741134644,-0.08893583714962006,0.520528256893158,0.3536067306995392,-0.09489627927541733,0.641929566860199,0.4662160575389862,-0.05415722727775574,0.4783153533935547,0.36186185479164124,-0.264373779296875,0.6501801609992981,0.5611745119094849,-0.10915355384349823,0.4784237742424011,0.29069772362709045,-0.5166047811508179,0.6512596607208252,0.5879220962524414,-0.12887433171272278,0.48014289140701294,0.27485331892967224,-0.5786675214767456,0.6441717743873596,0.5850040912628174,-0.16232900321483612,0.48684874176979065,0.2691316604614258,-0.5727831721305847,0.6412906050682068,0.5790644884109497,-0.12247052043676376,0.4882151186466217,0.2753034830093384,-0.5241957902908325,0.5984244346618652,0.5666958093643188,-0.0013649486936628819,0.5392269492149353,0.5654194951057434,0.001131194643676281,0.6048110723495483,0.7094018459320068,0.05088064819574356,0.5327125191688538,0.7152845859527588,0.01596171408891678,0.6091728806495667,0.8302087783813477,0.3004198968410492,0.5301415324211121,0.8345453143119812,0.21574875712394714,0.6022598147392273,0.8449938893318176,0.31707605719566345,0.5387048125267029,0.8487440347671509,0.22790363430976868,0.6258262991905212,0.8841391801834106,0.1777031123638153,0.5110489726066589,0.8874466419219971,0.08623773604631424
113,draw_x,a06_s07_e03,0.5697945356369019,0.2974570095539093,-0.32782652974128723,0.5761221647262573,0.2839496433734894,-0.3069218099117279,0.5792748928070068,0.2841525375843048,-0.30685955286026,0.5824497938156128,0.2843591570854187,-0.30681613087654114,0.5638471841812134,0.2828654944896698,-0.3043833076953888,0.5594967603683472,0.28224706649780273,-0.304439902305603,0.5550990700721741,0.2819053828716278,-0.3044329583644867,0.5874205827713013,0.28967493772506714,-0.1751575767993927,0.5497605204582214,0.2865758240222931,-0.16632774472236633,0.5764942169189453,0.3121815621852875,-0.2788543105125427,0.5615984201431274,0.3111721873283386,-0.27686482667922974,0.6219141483306885,0.3699108362197876,-0.09033758193254471,0.5207353830337524,0.35399341583251953,-0.0967404693365097,0.6420409083366394,0.4664219617843628,-0.0545312762260437,0.47966617345809937,0.36208775639533997,-0.2643266022205353,0.6501723527908325,0.5611386895179749,-0.11120858043432236,0.4807499349117279,0.2942720353603363,-0.5175111889839172,0.6512347459793091,0.5879220962524414,-0.1310679316520691,0.4828001856803894,0.27877277135849,-0.5791975259780884,0.6441688537597656,0.5850017666816711,-0.1645919531583786,0.48928508162498474,0.27292296290397644,-0.5747746229171753,0.641288161277771,0.5790597796440125,-0.12454377114772797,0.4905417561531067,0.27900800108909607,-0.5254877805709839,0.598415732383728,0.5667436122894287,-0.001381254056468606,0.5392254590988159,0.5655020475387573,0.0011490309843793511,0.6048015356063843,0.7094369530677795,0.05056124925613403,0.5327482223510742,0.7152830958366394,0.01613791659474373,0.6091862916946411,0.8298730254173279,0.2997511029243469,0.5301485061645508,0.8345509171485901,0.21580252051353455,0.6022581458091736,0.8446604609489441,0.3163169026374817,0.5386947989463806,0.8487083315849304,0.22792398929595947,0.625820517539978,0.8841053247451782,0.17700958251953125,0.5111175179481506,0.8874479532241821,0.08650289475917816
114,draw_x,a06_s07_e03,0.5698257684707642,0.29754018783569336,-0.3238939940929413,0.576144814491272,0.2840891480445862,-0.30355870723724365,0.57929527759552,0.28431761264801025,-0.30349451303482056,0.5824564695358276,0.284505158662796,-0.303447425365448,0.5638737678527832,0.28294461965560913,-0.30101853609085083,0.5595325827598572,0.28230541944503784,-0.3010728657245636,0.555139422416687,0.2819184362888336,-0.3010665774345398,0.587464451789856,0.2899365723133087,-0.17388752102851868,0.5499445199966431,0.28657305240631104,-0.16518303751945496,0.5765597224235535,0.3122970461845398,-0.2756437659263611,0.5616797804832458,0.3112656772136688,-0.2736330032348633,0.6219170093536377,0.36993151903152466,-0.08952844887971878,0.5211001634597778,0.3545563817024231,-0.09687826037406921,0.6420295834541321,0.4664250612258911,-0.0538100004196167,0.4819037914276123,0.36497801542282104,-0.2643299400806427,0.6501708030700684,0.561131477355957,-0.10926113277673721,0.482767254114151,0.29643183946609497,-0.5204573273658752,0.6512303352355957,0.5879359841346741,-0.1284533143043518,0.48513704538345337,0.27905458211898804,-0.5818995833396912,0.6442108154296875,0.5850088596343994,-0.16171731054782867,0.49138134717941284,0.2743983268737793,-0.5777981877326965,0.6413310766220093,0.5790606141090393,-0.12240253388881683,0.492605060338974,0.27949315309524536,-0.5285508036613464,0.5984086990356445,0.566818356513977,-0.001269695581868291,0.5392249822616577,0.5655797123908997,0.0010382162872701883,0.6047967672348022,0.7095335125923157,0.050890594720840454,0.5328241586685181,0.7152817249298096,0.016181016340851784,0.6092270612716675,0.8297520875930786,0.295921266078949,0.5301641225814819,0.8345591425895691,0.21135926246643066,0.602286696434021,0.844591498374939,0.3116728663444519,0.538699209690094,0.8487117290496826,0.222874253988266,0.6258174180984497,0.8840646147727966,0.17478211224079132,0.5111144781112671,0.887453019618988,0.08338572084903717
115,draw_x,a06_s07_e03,0.5698468089103699,0.2975831627845764,-0.3212277889251709,0.5761497020721436,0.28417789936065674,-0.30127254128456116,0.579302191734314,0.28441864252090454,-0.3012087643146515,0.5824571251869202,0.2845921218395233,-0.3011605739593506,0.5638930201530457,0.28301796317100525,-0.29866376519203186,0.5595580339431763,0.2823599576950073,-0.29871660470962524,0.5551731586456299,0.28192758560180664,-0.2987127900123596,0.5874959826469421,0.29007023572921753,-0.17296019196510315,0.5500901937484741,0.28653475642204285,-0.16392721235752106,0.5766338109970093,0.31237784028053284,-0.2733535170555115,0.5618166327476501,0.31130918860435486,-0.27121978998184204,0.6219090223312378,0.36994314193725586,-0.08799441158771515,0.5215184688568115,0.35511359572410583,-0.09611404687166214,0.641986608505249,0.4662455916404724,-0.05074150115251541,0.48410096764564514,0.37135979533195496,-0.2623448967933655,0.6502209901809692,0.5610969662666321,-0.10445083677768707,0.4848930239677429,0.30642810463905334,-0.5205830931663513,0.6512974500656128,0.5879363417625427,-0.12265060096979141,0.48816531896591187,0.2868398129940033,-0.5817275047302246,0.6444239020347595,0.58500736951828,-0.15574359893798828,0.4938611090183258,0.2805439829826355,-0.5781742334365845,0.6415319442749023,0.5790589451789856,-0.11736737191677094,0.4952060282230377,0.2884802520275116,-0.5287395119667053,0.5984029173851013,0.5668898224830627,-0.0012262251693755388,0.5392648577690125,0.5656130909919739,0.0009964029304683208,0.6048145890235901,0.7095511555671692,0.04910614341497421,0.5329337120056152,0.7152733206748962,0.016210058704018593,0.6092683672904968,0.829725444316864,0.284882515668869,0.5301947593688965,0.8345807790756226,0.21002142131328583,0.6023610234260559,0.8445833921432495,0.29982084035873413,0.5387002229690552,0.8487246632575989,0.22141365706920624,0.6258136630058289,0.8840550184249878,0.1639011949300766,0.5111187100410461,0.887455940246582,0.08288872241973877
116,draw_x,a06_s07_e03,0.5698541402816772,0.29759129881858826,-0.32334691286087036,0.5761516094207764,0.28420692682266235,-0.3032260537147522,0.5793091654777527,0.28445661067962646,-0.3031633496284485,0.5824579000473022,0.28462111949920654,-0.3031163811683655,0.5639151334762573,0.2830377519130707,-0.30073243379592896,0.5595914125442505,0.28237438201904297,-0.30078667402267456,0.5552396178245544,0.2819305658340454,-0.3007819354534149,0.5875328779220581,0.29009106755256653,-0.17397566139698029,0.5501432418823242,0.2865155339241028,-0.16465717554092407,0.5766626596450806,0.3124138414859772,-0.27501580119132996,0.5618301033973694,0.31133729219436646,-0.27314719557762146,0.6218180656433105,0.3699420988559723,-0.08735935389995575,0.5216487050056458,0.3552749454975128,-0.09706232696771622,0.6417962312698364,0.4655594229698181,-0.04598241299390793,0.4860702455043793,0.3794187009334564,-0.2652284502983093,0.6502565145492554,0.5608252882957458,-0.09927384555339813,0.4876178801059723,0.32306161522865295,-0.534643292427063,0.6513431668281555,0.5878767371177673,-0.11655493825674057,0.4913252294063568,0.3022822439670563,-0.5950804352760315,0.6445654630661011,0.5849887132644653,-0.14957575500011444,0.49644556641578674,0.29572001099586487,-0.5937446355819702,0.6416542530059814,0.5790480375289917,-0.11192812025547028,0.4980056881904602,0.3034527897834778,-0.5429595112800598,0.5983842611312866,0.5671119689941406,-0.000876910868100822,0.539265513420105,0.565858006477356,0.0006528928643092513,0.6049330830574036,0.7096479535102844,0.05219607427716255,0.5329976081848145,0.7152751684188843,0.017695842310786247,0.6093098521232605,0.8295806646347046,0.287723183631897,0.5302131175994873,0.8345838785171509,0.21095781028270721,0.6024059057235718,0.8445062637329102,0.3023269474506378,0.5387019515037537,0.8487251996994019,0.22244349122047424,0.6258078813552856,0.8839865922927856,0.16812679171562195,0.5111223459243774,0.887456476688385,0.08492964506149292
117,draw_x,a06_s07_e03,0.5699125528335571,0.29771149158477783,-0.341469943523407,0.5762320160865784,0.2843067944049835,-0.3220770061016083,0.5794048309326172,0.28455063700675964,-0.3220016360282898,0.5825515389442444,0.28469279408454895,-0.3219384551048279,0.5639723539352417,0.28317707777023315,-0.3200138807296753,0.559651792049408,0.28252995014190674,-0.3200719654560089,0.5552998781204224,0.2820310592651367,-0.32005780935287476,0.587672770023346,0.2901076674461365,-0.19000177085399628,0.5501471161842346,0.286546915769577,-0.18382897973060608,0.5767160058021545,0.31254300475120544,-0.2915812134742737,0.561866283416748,0.31146177649497986,-0.29032859206199646,0.6218175292015076,0.37010231614112854,-0.09448383748531342,0.5216847062110901,0.35528886318206787,-0.110740527510643,0.64180588722229,0.46556127071380615,-0.047352660447359085,0.4866126477718353,0.38687488436698914,-0.27532607316970825,0.6503810286521912,0.5606399178504944,-0.10052713006734848,0.4901956617832184,0.3358207643032074,-0.5534597039222717,0.6514586806297302,0.587821900844574,-0.11772254854440689,0.49543309211730957,0.3165559470653534,-0.6142746806144714,0.6447398662567139,0.5849065184593201,-0.15117748081684113,0.500697910785675,0.30974218249320984,-0.6132417321205139,0.6417876482009888,0.5789342522621155,-0.11317906528711319,0.5021986365318298,0.3169194161891937,-0.5614873170852661,0.5983166694641113,0.567556619644165,-0.0005294530419632792,0.5392640233039856,0.566471517086029,0.00030249400879256427,0.6051396131515503,0.7096779346466064,0.06001780554652214,0.53306645154953,0.7153218388557434,0.021402515470981598,0.6093374490737915,0.8293885588645935,0.303824245929718,0.5302188396453857,0.8345901966094971,0.2186572253704071,0.6024282574653625,0.8443816900253296,0.319537878036499,0.5386830568313599,0.8487285375595093,0.23075954616069794,0.6258051991462708,0.883879542350769,0.1842130869626999,0.5112054944038391,0.8874486088752747,0.09237778931856155
118,draw_x,a06_s07_e03,0.5700322985649109,0.2980080842971802,-0.3417279124259949,0.5763793587684631,0.2844958007335663,-0.3219717741012573,0.5795425176620483,0.28472423553466797,-0.32189616560935974,0.5826760530471802,0.2848469316959381,-0.32183027267456055,0.5640729665756226,0.2833791673183441,-0.32074370980262756,0.5597385168075562,0.28272685408592224,-0.32079923152923584,0.5554001331329346,0.2821512222290039,-0.32078230381011963,0.587783932685852,0.2901155352592468,-0.18861481547355652,0.5501323938369751,0.28657153248786926,-0.18630196154117584,0.576754093170166,0.312887966632843,-0.2912243604660034,0.5619305968284607,0.31177136301994324,-0.2910057306289673,0.6217108368873596,0.37023669481277466,-0.09254834800958633,0.5215784311294556,0.35501450300216675,-0.11447441577911377,0.6418067812919617,0.46556219458580017,-0.039687469601631165,0.4867466390132904,0.391703724861145,-0.27997878193855286,0.6504615545272827,0.5605907440185547,-0.09452623873949051,0.4926985204219818,0.34070318937301636,-0.5583169460296631,0.6515120267868042,0.5878127813339233,-0.11181454360485077,0.5003576278686523,0.3268757462501526,-0.6190760135650635,0.6449059247970581,0.5849038362503052,-0.14583978056907654,0.5063671469688416,0.3193110227584839,-0.6180965900421143,0.6419388055801392,0.5789301991462708,-0.10737161338329315,0.5074664354324341,0.3247661888599396,-0.5661924481391907,0.5983022451400757,0.5678600072860718,0.0006122606573626399,0.5392937064170837,0.5671131014823914,-0.0008227677899412811,0.6053103804588318,0.7097219228744507,0.06388845294713974,0.5330930352210999,0.7154290676116943,0.02198163792490959,0.6093524694442749,0.8291794061660767,0.30497249960899353,0.5302245616912842,0.8346437215805054,0.21884191036224365,0.602441132068634,0.8442485332489014,0.3203911781311035,0.5386670827865601,0.8488032817840576,0.23086361587047577,0.6258026361465454,0.8837465047836304,0.18481098115444183,0.5112110376358032,0.8874499201774597,0.09183883666992188
119,draw_x,a06_s07_e03,0.5703347325325012,0.298027902841568,-0.34158188104629517,0.5766500234603882,0.2845213711261749,-0.3218706548213959,0.5797768831253052,0.28474271297454834,-0.3217974901199341,0.5829137563705444,0.2848585546016693,-0.32174038887023926,0.5642717480659485,0.2833956778049469,-0.31900399923324585,0.5598862767219543,0.2827456295490265,-0.31906017661094666,0.555587887763977,0.2821711301803589,-0.3190476596355438,0.5879947543144226,0.29011839628219604,-0.18150845170021057,0.5501137971878052,0.28659412264823914,-0.18476970493793488,0.5770041942596436,0.3129299283027649,-0.2876359224319458,0.5622442960739136,0.3117816150188446,-0.29063504934310913,0.6215152144432068,0.3702984154224396,-0.07928463071584702,0.5208863019943237,0.35442253947257996,-0.11853949725627899,0.6418172121047974,0.4654390513896942,-0.029429638758301735,0.489713191986084,0.3911966383457184,-0.2970241904258728,0.650578498840332,0.560165286064148,-0.09013073146343231,0.4977445602416992,0.3518373370170593,-0.5924696922302246,0.6515777707099915,0.5877141356468201,-0.1074034795165062,0.5037704706192017,0.34550297260284424,-0.6555002927780151,0.6451753377914429,0.5848637819290161,-0.14331477880477905,0.5114613175392151,0.33862510323524475,-0.6550562381744385,0.642248272895813,0.5788483023643494,-0.10372211039066315,0.5128628015518188,0.34274765849113464,-0.6007161736488342,0.5982840061187744,0.5679515600204468,0.002819215413182974,0.5393004417419434,0.5673571228981018,-0.0029884050600230694,0.6054612994194031,0.709778904914856,0.06215326860547066,0.5331259965896606,0.7155303955078125,0.02191595360636711,0.6094127893447876,0.8291019201278687,0.3034655749797821,0.5302351117134094,0.8347545266151428,0.21962404251098633,0.6024850010871887,0.8442171812057495,0.3189752697944641,0.5386577844619751,0.8489094376564026,0.2316267490386963,0.6258112192153931,0.8836451172828674,0.18305110931396484,0.51136314868927,0.8874622583389282,0.09194786101579666
120,draw_x,a06_s07_e03,0.5705028176307678,0.29803159832954407,-0.3351512551307678,0.5767999887466431,0.28456103801727295,-0.31710299849510193,0.5799070000648499,0.28478604555130005,-0.3170361816883087,0.5830358266830444,0.2849023640155792,-0.3169861137866974,0.5644732713699341,0.28340664505958557,-0.3184969127178192,0.5601124167442322,0.2827526330947876,-0.318540096282959,0.5558573007583618,0.2821754813194275,-0.3185138404369354,0.5881669521331787,0.2901459038257599,-0.1776001751422882,0.5501164197921753,0.2866206765174866,-0.187744140625,0.5770323276519775,0.31299006938934326,-0.2806389033794403,0.5623165369033813,0.31181228160858154,-0.2869550585746765,0.621372401714325,0.3705095648765564,-0.07519061118364334,0.5207877159118652,0.3544389307498932,-0.13139083981513977,0.64175945520401,0.46493053436279297,-0.02526666596531868,0.4942442774772644,0.39081811904907227,-0.326898992061615,0.6506589651107788,0.5596697926521301,-0.07977388799190521,0.5059374570846558,0.36733099818229675,-0.6312986612319946,0.6516104340553284,0.5875837802886963,-0.09410763531923294,0.5089070200920105,0.3593984842300415,-0.6940595507621765,0.6453765034675598,0.5848203897476196,-0.13093914091587067,0.5164812207221985,0.35439804196357727,-0.6942028403282166,0.6425107717514038,0.5787765979766846,-0.09334287792444229,0.5187429189682007,0.36007845401763916,-0.6399121880531311,0.5982782244682312,0.5679681301116943,0.006109622772783041,0.5393009185791016,0.5673958659172058,-0.0062641664408147335,0.6055372953414917,0.7097904682159424,0.06641601771116257,0.5331555604934692,0.7156245112419128,0.021262630820274353,0.6094381809234619,0.8288898468017578,0.3042263686656952,0.5302425622940063,0.8348018527030945,0.21683712303638458,0.602486252784729,0.8440926671028137,0.31964728236198425,0.5386319756507874,0.8489506840705872,0.22841282188892365,0.6258195638656616,0.8835281133651733,0.1857917755842209,0.5114070177078247,0.8874638080596924,0.08820247650146484
121,draw_x,a06_s07_e03,0.5708217024803162,0.29803022742271423,-0.335313618183136,0.5769973993301392,0.28459030389785767,-0.3170473277568817,0.5800849199295044,0.2848176658153534,-0.3169800639152527,0.5832173824310303,0.28493404388427734,-0.31692689657211304,0.5647566914558411,0.2834152579307556,-0.3188678026199341,0.5605741143226624,0.2827606797218323,-0.31891196966171265,0.5563215017318726,0.2821783721446991,-0.31888777017593384,0.5883243083953857,0.2901541292667389,-0.1777668595314026,0.5501333475112915,0.2866165339946747,-0.19233514368534088,0.5771733522415161,0.3129953145980835,-0.28079384565353394,0.5626147985458374,0.3117251694202423,-0.2869689166545868,0.6213294863700867,0.37054216861724854,-0.07456417381763458,0.5199164152145386,0.3557712733745575,-0.131892591714859,0.6417630910873413,0.46435466408729553,-0.017099320888519287,0.49467143416404724,0.40246960520744324,-0.31349214911460876,0.650788426399231,0.5594015121459961,-0.07131771743297577,0.5091291069984436,0.37769874930381775,-0.6037701368331909,0.6516665816307068,0.5874820351600647,-0.08563128113746643,0.5139228105545044,0.36824408173561096,-0.6644589900970459,0.6455121636390686,0.584743320941925,-0.122028648853302,0.5217325091362,0.36173826456069946,-0.6642056703567505,0.6426712274551392,0.5786721706390381,-0.08472293615341187,0.5231812000274658,0.36597204208374023,-0.6113564968109131,0.598314106464386,0.5679664611816406,0.006742686964571476,0.5393750667572021,0.5674402117729187,-0.006882622838020325,0.6056317090988159,0.7098079323768616,0.06478278338909149,0.5331631898880005,0.7156636714935303,0.021183639764785767,0.6094717979431152,0.8288235068321228,0.30350106954574585,0.5302494168281555,0.8349369764328003,0.21683184802532196,0.6024949550628662,0.844071090221405,0.31895560026168823,0.5386172533035278,0.849064826965332,0.22840754687786102,0.6258370280265808,0.8834865689277649,0.18560972809791565,0.5114169716835022,0.8874822854995728,0.08818196505308151
122,draw_x,a06_s07_e03,0.5712563991546631,0.29806238412857056,-0.33072569966316223,0.577277660369873,0.28477394580841064,-0.31199660897254944,0.5803064703941345,0.2850077450275421,-0.3119414448738098,0.5834764242172241,0.28515663743019104,-0.31189388036727905,0.5652061700820923,0.2835259735584259,-0.316873162984848,0.5610803961753845,0.2828415334224701,-0.3169078230857849,0.5568796992301941,0.28224658966064453,-0.3168830871582031,0.5884438157081604,0.29032132029533386,-0.17213258147239685,0.5501836538314819,0.28667885065078735,-0.19222436845302582,0.5773574709892273,0.3130892515182495,-0.27585482597351074,0.5629968643188477,0.31175005435943604,-0.2841053903102875,0.6213292479515076,0.37057116627693176,-0.06877804547548294,0.5191743969917297,0.3585098087787628,-0.1349741816520691,0.6417650580406189,0.46422240138053894,-0.00978933461010456,0.49904894828796387,0.41154706478118896,-0.3186335563659668,0.6508671045303345,0.5592211484909058,-0.06189288571476936,0.5161237120628357,0.38309746980667114,-0.606623649597168,0.6516899466514587,0.5874068140983582,-0.07501920312643051,0.5212645530700684,0.37470605969429016,-0.6663014888763428,0.6456352472305298,0.5846980214118958,-0.11074992269277573,0.5265372395515442,0.36880290508270264,-0.6669860482215881,0.6428345441818237,0.5786259174346924,-0.07497680187225342,0.5278371572494507,0.3717869818210602,-0.6142229437828064,0.5983667969703674,0.5679517388343811,0.008246894925832748,0.5393866896629333,0.567478597164154,-0.00837699044495821,0.6056340932846069,0.709811270236969,0.06365574896335602,0.5331732034683228,0.715711772441864,0.02181914635002613,0.6094791293144226,0.8286235332489014,0.30286893248558044,0.5302470326423645,0.8349445462226868,0.22287717461585999,0.6024995446205139,0.8438482880592346,0.31819602847099304,0.538555920124054,0.8490639328956604,0.2351394146680832,0.6258363127708435,0.8834100365638733,0.18462908267974854,0.51143878698349,0.8874842524528503,0.09544020891189575
123,draw_x,a06_s07_e03,0.5716516971588135,0.29806795716285706,-0.32642224431037903,0.5775333642959595,0.284892201423645,-0.30720260739326477,0.5804769992828369,0.2851211428642273,-0.307161420583725,0.583671510219574,0.2852914035320282,-0.3071209192276001,0.5656574368476868,0.2836110293865204,-0.31333693861961365,0.5615001916885376,0.28291258215904236,-0.313366562128067,0.5573366284370422,0.28232523798942566,-0.31334513425827026,0.5884963870048523,0.29045790433883667,-0.16834518313407898,0.5502203106880188,0.2867432236671448,-0.1922380030155182,0.5774877071380615,0.31312990188598633,-0.272077351808548,0.5632866621017456,0.31176063418388367,-0.2811276614665985,0.6213098168373108,0.3706122040748596,-0.06741208583116531,0.5183237195014954,0.3605502247810364,-0.13249342143535614,0.6417474150657654,0.4642159342765808,-0.006707115564495325,0.5029695630073547,0.4225178360939026,-0.30956315994262695,0.6509109139442444,0.55922532081604,-0.05778033658862114,0.5204506516456604,0.39226633310317993,-0.5947396755218506,0.65170818567276,0.5873939394950867,-0.07017512619495392,0.5255879163742065,0.38429853320121765,-0.6641814112663269,0.6457347869873047,0.584694504737854,-0.10513949394226074,0.5292170643806458,0.3781570494174957,-0.6565276384353638,0.642969012260437,0.5786345601081848,-0.07054675370454788,0.5303734540939331,0.3807361423969269,-0.6028760671615601,0.5984005331993103,0.5679509043693542,0.008614721707999706,0.5394187569618225,0.5675173401832581,-0.008743394166231155,0.6056370139122009,0.7098156809806824,0.06307082623243332,0.5331868529319763,0.7157331109046936,0.022426076233386993,0.6095091104507446,0.8286187052726746,0.2936978340148926,0.5302481055259705,0.835002601146698,0.222513347864151,0.6025517582893372,0.8438423275947571,0.30792325735092163,0.5385362505912781,0.849097490310669,0.2346111536026001,0.6258498430252075,0.8834022879600525,0.17730769515037537,0.511444628238678,0.8874909281730652,0.09527693688869476
124,draw_x,a06_s07_e03,0.5719492435455322,0.2980591654777527,-0.3262694180011749,0.5777284502983093,0.2849159240722656,-0.3067784011363983,0.5806103944778442,0.28514572978019714,-0.30673977732658386,0.5838468670845032,0.28533416986465454,-0.3067000210285187,0.5659972429275513,0.2836175262928009,-0.31305214762687683,0.5618304014205933,0.282917857170105,-0.3130795359611511,0.5577159523963928,0.28234294056892395,-0.31305834650993347,0.5885492563247681,0.2905440628528595,-0.1685657799243927,0.5502718687057495,0.2867988348007202,-0.19502106308937073,0.5775956511497498,0.3131353259086609,-0.2723982632160187,0.5634846091270447,0.3117433488368988,-0.2811204791069031,0.6212735176086426,0.3707275688648224,-0.06941511482000351,0.5177661180496216,0.36251381039619446,-0.13408686220645905,0.641592264175415,0.46425309777259827,-0.00866619311273098,0.5059993863105774,0.4312075972557068,-0.3061886131763458,0.6509312987327576,0.5593143105506897,-0.05755440518260002,0.52724289894104,0.39847812056541443,-0.5896726846694946,0.6517146825790405,0.5873897671699524,-0.0696086436510086,0.5319541692733765,0.39435139298439026,-0.6571211814880371,0.6457817554473877,0.5846989750862122,-0.10402397066354752,0.5351203083992004,0.38850173354148865,-0.6544922590255737,0.643036425113678,0.5786893963813782,-0.07003086060285568,0.5358814001083374,0.38974255323410034,-0.5984037518501282,0.5984174013137817,0.5679866075515747,0.008736974559724331,0.5394993424415588,0.5676002502441406,-0.008868967182934284,0.6056338548660278,0.7098578810691833,0.06288713961839676,0.5332292914390564,0.7157401442527771,0.023604754358530045,0.6095114946365356,0.8286110758781433,0.28896892070770264,0.5302421450614929,0.835068941116333,0.2237343043088913,0.6025539040565491,0.8438328504562378,0.30289843678474426,0.5384668111801147,0.8491947650909424,0.23575031757354736,0.6258469820022583,0.8834010362625122,0.17261432111263275,0.5114416480064392,0.8875042200088501,0.09734763950109482
125,draw_x,a06_s07_e03,0.5722838044166565,0.2977146506309509,-0.3385452926158905,0.5779654383659363,0.28477782011032104,-0.31836777925491333,0.5807816386222839,0.2850339114665985,-0.31833145022392273,0.5840779542922974,0.285275399684906,-0.3182957172393799,0.5663535594940186,0.283325731754303,-0.3249266743659973,0.5621058940887451,0.2826635539531708,-0.32495659589767456,0.5579695105552673,0.2821546792984009,-0.3249453008174896,0.5886124968528748,0.29055291414260864,-0.17858146131038666,0.550306499004364,0.28678619861602783,-0.20986799895763397,0.577750563621521,0.3130798637866974,-0.28421467542648315,0.5636736750602722,0.3115949034690857,-0.2940903306007385,0.62125563621521,0.37073129415512085,-0.08231072127819061,0.5172635316848755,0.36392223834991455,-0.14503063261508942,0.6413892507553101,0.46407097578048706,-0.01526760496199131,0.5106778740882874,0.4334728419780731,-0.3078702688217163,0.6509352922439575,0.5593745112419128,-0.06471364200115204,0.5441854000091553,0.40714508295059204,-0.5752459764480591,0.6517043113708496,0.5873905420303345,-0.07817356288433075,0.5559015274047852,0.399476557970047,-0.6290368437767029,0.6457886099815369,0.5847215056419373,-0.1125127300620079,0.5570143461227417,0.38925498723983765,-0.6272450685501099,0.6430677175521851,0.5787627100944519,-0.07752136141061783,0.5546673536300659,0.3990207016468048,-0.580358624458313,0.5984758734703064,0.5679932832717896,0.008487110957503319,0.539580225944519,0.5676128268241882,-0.008624215610325336,0.6056236624717712,0.7098932266235352,0.051584500819444656,0.5332411527633667,0.715743362903595,0.0312693789601326,0.6095139980316162,0.828623354434967,0.27915602922439575,0.5302139520645142,0.835077166557312,0.24495768547058105,0.6025416254997253,0.8438267111778259,0.2930150032043457,0.5384089350700378,0.8492012619972229,0.25821733474731445,0.6258440613746643,0.8834163546562195,0.16034048795700073,0.5114654898643494,0.8875299096107483,0.1218482255935669
126,draw_x,a06_s07_e03,0.5725506544113159,0.2975189983844757,-0.337802916765213,0.5781610608100891,0.28467443585395813,-0.31808075308799744,0.5809316039085388,0.2849481701850891,-0.31803685426712036,0.5843172073364258,0.2852264642715454,-0.317992627620697,0.5666589736938477,0.28311726450920105,-0.3235328793525696,0.5623348355293274,0.2824689745903015,-0.3235669732093811,0.5581938624382019,0.28199389576911926,-0.32356008887290955,0.5887075066566467,0.29053252935409546,-0.17970910668373108,0.5504136681556702,0.2867242097854614,-0.2067248821258545,0.5779029726982117,0.31304118037223816,-0.2838902175426483,0.5639921426773071,0.31142887473106384,-0.29241663217544556,0.6212483644485474,0.37071627378463745,-0.08116355538368225,0.5173125863075256,0.36364278197288513,-0.1411343514919281,0.6414209604263306,0.4641017019748688,-0.010372502729296684,0.5104587078094482,0.43969911336898804,-0.28788283467292786,0.6509526371955872,0.5593274831771851,-0.060883671045303345,0.5455579161643982,0.42172306776046753,-0.5315862894058228,0.6517022252082825,0.5873726606369019,-0.07440640032291412,0.5584986209869385,0.42146047949790955,-0.5818513631820679,0.6458042860031128,0.5847123265266418,-0.10827571153640747,0.5610017776489258,0.41410985589027405,-0.5832029581069946,0.6431097388267517,0.5787639617919922,-0.07320709526538849,0.5579202175140381,0.41388118267059326,-0.5364769697189331,0.5985046029090881,0.5678486227989197,0.008988391607999802,0.5396494269371033,0.5675615668296814,-0.009117860347032547,0.605624794960022,0.7098983526229858,0.0503283254802227,0.533244252204895,0.7157463431358337,0.029340460896492004,0.6095278263092041,0.828665554523468,0.273107647895813,0.5301847457885742,0.8350984454154968,0.23516547679901123,0.6025303602218628,0.843860924243927,0.2862545847892761,0.538394033908844,0.8492099046707153,0.2469661980867386,0.6259192228317261,0.8835276961326599,0.15475742518901825,0.511395275592804,0.8875353336334229,0.11245761811733246
127,draw_x,a06_s07_e03,0.5727471709251404,0.2972866892814636,-0.3384518027305603,0.5782766938209534,0.2844793200492859,-0.3191090226173401,0.5810083150863647,0.28478190302848816,-0.31905874609947205,0.5844451785087585,0.28511154651641846,-0.31900638341903687,0.5668474435806274,0.28286078572273254,-0.32409968972206116,0.5624881982803345,0.2822587192058563,-0.32413747906684875,0.5583481788635254,0.2818380892276764,-0.3241380751132965,0.5887843370437622,0.29050692915916443,-0.18144840002059937,0.5505399703979492,0.2867096960544586,-0.20654842257499695,0.5780271291732788,0.3129710257053375,-0.28467193245887756,0.5642968416213989,0.31132569909095764,-0.29256442189216614,0.6212432980537415,0.37071290612220764,-0.0800999253988266,0.5174539089202881,0.363425612449646,-0.140571728348732,0.6413781642913818,0.4639214277267456,-0.010071096010506153,0.5103804469108582,0.4401528537273407,-0.27785366773605347,0.6509965658187866,0.5593195557594299,-0.0641038566827774,0.5464692115783691,0.4289763271808624,-0.5194563865661621,0.6517063975334167,0.5873627066612244,-0.07504145801067352,0.5589856505393982,0.4349578022956848,-0.5708264112472534,0.6458276510238647,0.5847037434577942,-0.10853828489780426,0.56205153465271,0.42735427618026733,-0.5737132430076599,0.643157422542572,0.5787643790245056,-0.07631182670593262,0.5591747760772705,0.424404501914978,-0.5247647762298584,0.5985186100006104,0.5676306486129761,0.009537169709801674,0.5397241115570068,0.5674631595611572,-0.009656271897256374,0.6056290864944458,0.7098617553710938,0.04813941568136215,0.5332785844802856,0.7157410979270935,0.023798730224370956,0.6095307469367981,0.8287734389305115,0.27011531591415405,0.5301739573478699,0.8352043032646179,0.22304293513298035,0.6024545431137085,0.8440214395523071,0.2830984592437744,0.5383786559104919,0.8492876291275024,0.23414698243141174,0.6259467005729675,0.883635401725769,0.1502147614955902,0.5113556385040283,0.8876092433929443,0.09524819254875183
128,draw_x,a06_s07_e03,0.5731841325759888,0.29709556698799133,-0.33882275223731995,0.5785219073295593,0.28427213430404663,-0.3191642463207245,0.5812198519706726,0.284620076417923,-0.31911033391952515,0.5847593545913696,0.28499868512153625,-0.3190518021583557,0.5672426819801331,0.28256919980049133,-0.3238320052623749,0.5627803206443787,0.28199177980422974,-0.3238707482814789,0.5586050748825073,0.28160732984542847,-0.3238770365715027,0.5889068841934204,0.29047447443008423,-0.1811143457889557,0.5506857633590698,0.28662264347076416,-0.20445092022418976,0.5782926678657532,0.3128848969936371,-0.2848307192325592,0.5648417472839355,0.31118085980415344,-0.2922878861427307,0.6212369203567505,0.3706511855125427,-0.07561786472797394,0.5174822211265564,0.36331596970558167,-0.13944002985954285,0.6412950158119202,0.46303361654281616,-0.00813722051680088,0.5094724893569946,0.43886545300483704,-0.2734295129776001,0.6510781049728394,0.5592618584632874,-0.07189498841762543,0.5475471615791321,0.43361714482307434,-0.5146685838699341,0.6517088413238525,0.5873382091522217,-0.09144431352615356,0.560045599937439,0.4479888379573822,-0.56781005859375,0.6458436250686646,0.5846685171127319,-0.12653405964374542,0.5680356621742249,0.4376084506511688,-0.5706731081008911,0.6432040333747864,0.5787422060966492,-0.08543380349874496,0.5648089647293091,0.4327153265476227,-0.5195501446723938,0.5985775589942932,0.5675126314163208,0.009813887998461723,0.5399090051651001,0.5674365758895874,-0.009920580312609673,0.6056308150291443,0.7098553776741028,0.0439247265458107,0.5332829356193542,0.715750515460968,0.020183298736810684,0.6095319986343384,0.8288926482200623,0.27066537737846375,0.5301735401153564,0.8352606892585754,0.22119614481925964,0.6023231148719788,0.8441402316093445,0.2840666174888611,0.5383738279342651,0.8493245840072632,0.23248636722564697,0.6259648203849792,0.8838852047920227,0.14987562596797943,0.5113505721092224,0.8876631855964661,0.09093960374593735
129,draw_x,a06_s07_e03,0.573451817035675,0.29682618379592896,-0.3391449451446533,0.5786864161491394,0.28403088450431824,-0.3191092610359192,0.5813583135604858,0.28443819284439087,-0.31905537843704224,0.584956169128418,0.2848740816116333,-0.31899553537368774,0.5675090551376343,0.28220435976982117,-0.32377904653549194,0.5629845261573792,0.281639039516449,-0.3238164782524109,0.558759331703186,0.28127816319465637,-0.32382649183273315,0.5889615416526794,0.2904280722141266,-0.18088774383068085,0.5507842302322388,0.2864505648612976,-0.20414355397224426,0.5784488916397095,0.3127792477607727,-0.2851249575614929,0.5651329159736633,0.31104791164398193,-0.29260993003845215,0.621216893196106,0.37061887979507446,-0.07538799196481705,0.5174826979637146,0.36345067620277405,-0.13992568850517273,0.6412843465805054,0.46299347281455994,-0.00972340814769268,0.5095494389533997,0.44057896733283997,-0.2665363848209381,0.6510859131813049,0.5589930415153503,-0.08143505454063416,0.5519028306007385,0.44066840410232544,-0.49876895546913147,0.6517109870910645,0.5872911810874939,-0.1041235700249672,0.5646399855613708,0.45480701327323914,-0.5512475371360779,0.6458461880683899,0.5846081376075745,-0.13945789635181427,0.5724112391471863,0.44472983479499817,-0.5561636686325073,0.6432108283042908,0.5786775946617126,-0.09534774720668793,0.5681991577148438,0.43844518065452576,-0.5042742490768433,0.5986251831054688,0.5674935579299927,0.010001575574278831,0.5400144457817078,0.5674360990524292,-0.010097810998558998,0.6056302785873413,0.7098472118377686,0.04310319572687149,0.5332800149917603,0.7157527208328247,0.01910414919257164,0.6095279455184937,0.8290013074874878,0.2709689438343048,0.530152440071106,0.8353327512741089,0.22118337452411652,0.6022235155105591,0.8442487120628357,0.2844538688659668,0.538345992565155,0.8493761420249939,0.23254568874835968,0.625991702079773,0.884134829044342,0.1495760828256607,0.5113502740859985,0.8877062201499939,0.09068159013986588
130,draw_x,a06_s07_e03,0.573675811290741,0.29676297307014465,-0.3448289930820465,0.5788129568099976,0.283955454826355,-0.3242601752281189,0.5814836621284485,0.2843834161758423,-0.3242108225822449,0.5851260423660278,0.284839004278183,-0.324155330657959,0.5676981210708618,0.2820626199245453,-0.32905057072639465,0.5631236433982849,0.2814902067184448,-0.32908686995506287,0.5588624477386475,0.2811371088027954,-0.3291051983833313,0.5890086889266968,0.2904159426689148,-0.18480779230594635,0.550840437412262,0.28638002276420593,-0.2089463472366333,0.5785664319992065,0.3127635717391968,-0.29065755009651184,0.5653330683708191,0.3110447824001312,-0.29814785718917847,0.6212077736854553,0.37063995003700256,-0.07940922677516937,0.517504096031189,0.3636939227581024,-0.14269986748695374,0.6412628889083862,0.4631986618041992,-0.010412054136395454,0.5106054544448853,0.44417887926101685,-0.2556700110435486,0.6510621309280396,0.5588537454605103,-0.08964437991380692,0.5542105436325073,0.45243269205093384,-0.47953858971595764,0.65166175365448,0.587256133556366,-0.11372609436511993,0.5691177248954773,0.46750175952911377,-0.5314501523971558,0.6458206176757812,0.5845101475715637,-0.1492420732975006,0.576939046382904,0.45954057574272156,-0.5402905941009521,0.6432016491889954,0.5785364508628845,-0.10372018814086914,0.5713650584220886,0.4513563811779022,-0.48666077852249146,0.5986968278884888,0.5675614476203918,0.00992927048355341,0.540330708026886,0.567430853843689,-0.010024279356002808,0.6056188344955444,0.7098502516746521,0.04406691715121269,0.5332825183868408,0.7157922983169556,0.019085826352238655,0.6095255613327026,0.8290733098983765,0.27318665385246277,0.5301334261894226,0.835364043712616,0.2229287177324295,0.6021848917007446,0.8442877531051636,0.2868897318840027,0.5383301973342896,0.8494213223457336,0.23458147048950195,0.6259961128234863,0.8843067288398743,0.15207639336585999,0.5113205909729004,0.8878791332244873,0.09080928564071655
131,draw_x,a06_s07_e03,0.5738251209259033,0.296762615442276,-0.3604430854320526,0.5789074897766113,0.2839505970478058,-0.339810311794281,0.581588864326477,0.28438079357147217,-0.33976471424102783,0.5852560997009277,0.2848382294178009,-0.33971866965293884,0.5678383708000183,0.2820242643356323,-0.3442014455795288,0.5632284283638,0.28142884373664856,-0.3442400395870209,0.5589381456375122,0.2810616195201874,-0.34425535798072815,0.589040219783783,0.2904157340526581,-0.19898635149002075,0.5508665442466736,0.2863161265850067,-0.22164089977741241,0.5786312818527222,0.3127659857273102,-0.3058299422264099,0.5654166340827942,0.3110628128051758,-0.3127734065055847,0.6211942434310913,0.3707437813282013,-0.09460051357746124,0.5174614787101746,0.3639843761920929,-0.1488770842552185,0.6412386298179626,0.46349892020225525,-0.026901479810476303,0.5123082399368286,0.4475097358226776,-0.24991855025291443,0.6510298848152161,0.558837354183197,-0.10629173368215561,0.5571996569633484,0.4587605595588684,-0.46657758951187134,0.6515625715255737,0.5872509479522705,-0.1304323822259903,0.5731222629547119,0.4762921929359436,-0.5167943835258484,0.6457749605178833,0.5844494104385376,-0.16580498218536377,0.5813330411911011,0.4684382379055023,-0.5272575616836548,0.6431846618652344,0.5784499645233154,-0.12020353227853775,0.5763634443283081,0.46072664856910706,-0.4743482172489166,0.598709225654602,0.567693829536438,0.009712016209959984,0.5404319763183594,0.5674776434898376,-0.009792780503630638,0.6056123971939087,0.7098214626312256,0.04465183615684509,0.5332856178283691,0.7157990336418152,0.02038070186972618,0.6095239520072937,0.8290728330612183,0.27439945936203003,0.5301311612129211,0.8353607058525085,0.22891561686992645,0.6021839380264282,0.8442593812942505,0.28815048933029175,0.5383252501487732,0.849412202835083,0.24101443588733673,0.6259735226631165,0.884319007396698,0.1513543426990509,0.5113170146942139,0.887883186340332,0.09602198004722595
132,draw_x,a06_s07_e03,0.5739034414291382,0.2967532277107239,-0.36166083812713623,0.5789579749107361,0.2839129567146301,-0.34125402569770813,0.5816568732261658,0.2843552529811859,-0.3412115275859833,0.5853528380393982,0.2848223149776459,-0.3411724865436554,0.5678915977478027,0.28196316957473755,-0.34528714418411255,0.5632621049880981,0.28136903047561646,-0.3453260362148285,0.5589599013328552,0.2810080349445343,-0.34533801674842834,0.5890637636184692,0.290413498878479,-0.20213541388511658,0.5508735179901123,0.28629496693611145,-0.2231556922197342,0.57867431640625,0.31276649236679077,-0.3078528046607971,0.5654536485671997,0.3110767602920532,-0.31430062651634216,0.6211905479431152,0.3708057999610901,-0.10009284317493439,0.5174700021743774,0.36430823802948,-0.14918850362300873,0.6412278413772583,0.46375247836112976,-0.03367871418595314,0.5139631032943726,0.44871968030929565,-0.24679966270923615,0.651063084602356,0.5588438510894775,-0.1077161654829979,0.5576419234275818,0.46140187978744507,-0.4635326862335205,0.6515623331069946,0.5872494578361511,-0.13057078421115875,0.5725654363632202,0.48066216707229614,-0.512778639793396,0.6457853317260742,0.584442138671875,-0.16573211550712585,0.5818036794662476,0.47210556268692017,-0.5237108469009399,0.6432135701179504,0.578443706035614,-0.12143135070800781,0.5769868493080139,0.4643796384334564,-0.4717256426811218,0.5987430214881897,0.5679610967636108,0.00945335254073143,0.5405906438827515,0.567611813545227,-0.009529603645205498,0.6056126356124878,0.7099129557609558,0.04514143615961075,0.5332847833633423,0.7159767746925354,0.019449284300208092,0.609498918056488,0.8291446566581726,0.2751387357711792,0.5300875306129456,0.8354184627532959,0.22618305683135986,0.6021786332130432,0.8442932367324829,0.2889775037765503,0.5382899045944214,0.8494718074798584,0.2379029095172882,0.6259635090827942,0.8844369053840637,0.15236511826515198,0.5112243890762329,0.887951135635376,0.09237029403448105
133,draw_x,a06_s07_e03,0.5739189386367798,0.29673516750335693,-0.3568441867828369,0.5789734125137329,0.2838570475578308,-0.3365534245967865,0.5816755890846252,0.2843140661716461,-0.33650892972946167,0.5853815674781799,0.28479430079460144,-0.3364652991294861,0.5678949356079102,0.2818869352340698,-0.34049472212791443,0.5632623434066772,0.2813049256801605,-0.34053337574005127,0.5589597821235657,0.28095659613609314,-0.34054356813430786,0.5890785455703735,0.29040923714637756,-0.19778349995613098,0.5508794784545898,0.28628459572792053,-0.2186136245727539,0.5786904692649841,0.3127651512622833,-0.3031511604785919,0.5654575228691101,0.31108394265174866,-0.30950847268104553,0.6212100982666016,0.37088197469711304,-0.09567112475633621,0.5174905061721802,0.3644721210002899,-0.14749816060066223,0.6412270069122314,0.46395960450172424,-0.031322918832302094,0.5147479772567749,0.4506748914718628,-0.2389245331287384,0.6510760188102722,0.5589309930801392,-0.10546771436929703,0.5569151639938354,0.46715912222862244,-0.4557099938392639,0.6515392065048218,0.5872963070869446,-0.12982341647148132,0.572422444820404,0.48903462290763855,-0.5062869787216187,0.6457871794700623,0.584446907043457,-0.16517725586891174,0.5819745659828186,0.47909435629844666,-0.5186728835105896,0.6432416439056396,0.5784485936164856,-0.11946971714496613,0.5773209929466248,0.47152644395828247,-0.46429309248924255,0.5987917184829712,0.5687313079833984,0.009346900507807732,0.5408858060836792,0.5679627656936646,-0.009413355961441994,0.6056305766105652,0.7099208235740662,0.0453532338142395,0.5332793593406677,0.7162114381790161,0.019468296319246292,0.6094725131988525,0.8291189670562744,0.2756783068180084,0.5300857424736023,0.8354246616363525,0.22641916573047638,0.6021519899368286,0.8442721962928772,0.2895418405532837,0.5382919311523438,0.8494781851768494,0.23827581107616425,0.6259430050849915,0.8844706416130066,0.15304093062877655,0.5111173391342163,0.8880169987678528,0.09282262623310089
134,draw_x,a06_s07_e03,0.5739052891731262,0.2967322766780853,-0.3489678204059601,0.5789742469787598,0.28380584716796875,-0.3280102014541626,0.5816790461540222,0.28426849842071533,-0.32798486948013306,0.5853822231292725,0.2847576141357422,-0.3279447853565216,0.5678611993789673,0.2818501889705658,-0.3312739431858063,0.5632174015045166,0.2812854051589966,-0.33130043745040894,0.5589231252670288,0.280947744846344,-0.33132845163345337,0.589084267616272,0.2903973460197449,-0.1904449760913849,0.550885796546936,0.2862831652164459,-0.2077336609363556,0.5786957740783691,0.31276386976242065,-0.29608893394470215,0.5654233694076538,0.3111041486263275,-0.301325261592865,0.6212126612663269,0.3709820508956909,-0.08899369090795517,0.5176917314529419,0.36449137330055237,-0.14031389355659485,0.6412805318832397,0.4640752673149109,-0.029317453503608704,0.5161533951759338,0.4504949152469635,-0.2229296863079071,0.6510798931121826,0.5590660572052002,-0.11115293204784393,0.5585994720458984,0.47542136907577515,-0.4308791160583496,0.6515190005302429,0.5873372554779053,-0.14011527597904205,0.5750428438186646,0.5005508065223694,-0.4819793701171875,0.6457830667495728,0.5844452977180481,-0.17572778463363647,0.5833379626274109,0.4883142411708832,-0.49651727080345154,0.6432450413703918,0.5784466862678528,-0.12584351003170013,0.579936683177948,0.4812057912349701,-0.4399551749229431,0.5988937616348267,0.5695965886116028,0.009189923293888569,0.5413089990615845,0.5679906606674194,-0.009243728592991829,0.60564124584198,0.7099310159683228,0.04544133320450783,0.5332841873168945,0.7163046598434448,0.019514620304107666,0.6094360947608948,0.8291226029396057,0.2758850157260895,0.5300742387771606,0.8354332447052002,0.22638154029846191,0.602132260799408,0.8442752361297607,0.2897195518016815,0.5382677316665649,0.8494948148727417,0.23824290931224823,0.6259130835533142,0.884497880935669,0.1532801389694214,0.5110857486724854,0.8880234956741333,0.09277679771184921
135,draw_x,a06_s07_e03,0.5738910436630249,0.296721875667572,-0.34824854135513306,0.5789755582809448,0.2837214767932892,-0.32743269205093384,0.5816817283630371,0.28420108556747437,-0.32741037011146545,0.585382878780365,0.2847081124782562,-0.3273712396621704,0.5678330659866333,0.28176385164260864,-0.3304961323738098,0.563170313835144,0.28121867775917053,-0.3305211663246155,0.558879017829895,0.28090035915374756,-0.33055591583251953,0.5890912413597107,0.2903790771961212,-0.1901818960905075,0.5508864521980286,0.2862749397754669,-0.20715537667274475,0.5786956548690796,0.31275540590286255,-0.29580315947532654,0.5653622150421143,0.3111039102077484,-0.3006172776222229,0.6212177872657776,0.37106963992118835,-0.08845095336437225,0.5179376006126404,0.3644690215587616,-0.1402718722820282,0.6413873434066772,0.46418988704681396,-0.029165754094719887,0.5168249607086182,0.450158029794693,-0.21888594329357147,0.6511204838752747,0.5591402649879456,-0.11301635205745697,0.5609719753265381,0.4793890118598938,-0.41675958037376404,0.6515187621116638,0.5873708128929138,-0.1424756944179535,0.5772181153297424,0.5056890249252319,-0.46666184067726135,0.6457895636558533,0.5844463109970093,-0.1782349944114685,0.5855008959770203,0.49345260858535767,-0.48197150230407715,0.6432742476463318,0.5784447193145752,-0.1279045194387436,0.5824196934700012,0.48613113164901733,-0.4258004128932953,0.5989878177642822,0.5699445009231567,0.009149313904345036,0.541478157043457,0.5679876208305359,-0.009206455200910568,0.6056415438652039,0.7099087834358215,0.046348366886377335,0.533286988735199,0.7163302898406982,0.019077248871326447,0.6093974113464355,0.8291948437690735,0.27612850069999695,0.5300698280334473,0.8355855941772461,0.22196677327156067,0.6021131873130798,0.8443775773048401,0.2900175452232361,0.5382561683654785,0.8497477173805237,0.23338040709495544,0.6259104013442993,0.8845106363296509,0.1534787118434906,0.5110732316970825,0.8880510926246643,0.08816958218812943
136,draw_x,a06_s07_e03,0.573889434337616,0.29670146107673645,-0.348052054643631,0.578982412815094,0.28362545371055603,-0.3273661732673645,0.5816898941993713,0.28411567211151123,-0.327340304851532,0.5853990912437439,0.2846367657184601,-0.32730019092559814,0.5678289532661438,0.28168895840644836,-0.3305399715900421,0.5631539225578308,0.28116270899772644,-0.3305663466453552,0.5588620901107788,0.28086036443710327,-0.3306002914905548,0.589103639125824,0.29034239053726196,-0.19021394848823547,0.550890326499939,0.28625646233558655,-0.2076083868741989,0.5786983370780945,0.31272774934768677,-0.2954452931880951,0.5653284788131714,0.31109189987182617,-0.3004944622516632,0.6212254762649536,0.37112435698509216,-0.08751313388347626,0.5181679129600525,0.36444976925849915,-0.1415751874446869,0.6416267156600952,0.4644233286380768,-0.024208879098296165,0.5173619389533997,0.4501711130142212,-0.21675606071949005,0.6512103080749512,0.5593964457511902,-0.1094495877623558,0.5632225871086121,0.48194417357444763,-0.40701112151145935,0.6515220403671265,0.5874324440956116,-0.13754968345165253,0.579499363899231,0.5087192058563232,-0.4560289978981018,0.6458144783973694,0.5844652652740479,-0.17347227036952972,0.5879493951797485,0.49701035022735596,-0.4715554118156433,0.6433374285697937,0.5784482955932617,-0.12425518035888672,0.585632860660553,0.4899041950702667,-0.41590481996536255,0.5991363525390625,0.570198655128479,0.009325549006462097,0.541596531867981,0.5679879784584045,-0.009380212053656578,0.6056487560272217,0.7099044919013977,0.04999891296029091,0.5332744717597961,0.7163757085800171,0.01800284907221794,0.6093308925628662,0.8293372392654419,0.27825501561164856,0.5300655961036682,0.83567875623703,0.2174810916185379,0.6020838022232056,0.844577968120575,0.29200655221939087,0.5382529497146606,0.8498777747154236,0.22860713303089142,0.6259055137634277,0.884546160697937,0.1562049239873886,0.5109438300132751,0.8880784511566162,0.0835791677236557
137,draw_x,a06_s07_e03,0.5738884210586548,0.29669392108917236,-0.36646151542663574,0.5789910554885864,0.2835596203804016,-0.3465808629989624,0.5817005634307861,0.2840532958507538,-0.34654536843299866,0.5854178071022034,0.2845819592475891,-0.3465130925178528,0.5678249001502991,0.2816442847251892,-0.35033926367759705,0.5631372928619385,0.28113090991973877,-0.3503749370574951,0.5588439702987671,0.2808396518230438,-0.35040897130966187,0.589111864566803,0.29030609130859375,-0.20891931653022766,0.5508900284767151,0.2862430214881897,-0.2282956838607788,0.5787006616592407,0.3127204179763794,-0.31296730041503906,0.5652886033058167,0.3110906183719635,-0.31879785656929016,0.6212461590766907,0.371174693107605,-0.09754104167222977,0.5182948112487793,0.36447376012802124,-0.15665790438652039,0.6420713663101196,0.46507543325424194,-0.027155747637152672,0.518150806427002,0.45235803723335266,-0.20953631401062012,0.6512708067893982,0.5595596432685852,-0.12077058851718903,0.5670274496078491,0.4912399649620056,-0.3776134252548218,0.6515212655067444,0.5874735116958618,-0.15111687779426575,0.5822252035140991,0.5140129327774048,-0.42484816908836365,0.6458183526992798,0.5844764113426208,-0.18822474777698517,0.5896384119987488,0.5028985738754272,-0.442950963973999,0.6433554887771606,0.5784488916397095,-0.1365034282207489,0.5876045227050781,0.4966137707233429,-0.3868473470211029,0.5992823839187622,0.5702837109565735,0.009340264834463596,0.5416145324707031,0.5679670572280884,-0.009396025910973549,0.6056544780731201,0.7099234461784363,0.055600207298994064,0.5332465767860413,0.7166559100151062,0.01807682029902935,0.6092961430549622,0.8294513821601868,0.28699594736099243,0.5300606489181519,0.8357658982276917,0.21794858574867249,0.6020790934562683,0.8447192311286926,0.3011859655380249,0.5382512807846069,0.8500108122825623,0.2291877567768097,0.6258870959281921,0.8845490217208862,0.16555321216583252,0.5108678340911865,0.8880842924118042,0.08421091735363007
138,draw_x,a06_s07_e03,0.5738869309425354,0.29668086767196655,-0.3736003637313843,0.5789927840232849,0.2834870219230652,-0.3541015088558197,0.581703782081604,0.2839939296245575,-0.354064404964447,0.5854210257530212,0.2845379114151001,-0.3540346026420593,0.5678219795227051,0.2815808355808258,-0.3577573895454407,0.5631281733512878,0.28108081221580505,-0.35779786109924316,0.5588346719741821,0.2808035612106323,-0.3578316569328308,0.5891201496124268,0.29027673602104187,-0.21727254986763,0.5508887767791748,0.2862248420715332,-0.2360769510269165,0.5786968469619751,0.31271716952323914,-0.32030367851257324,0.5652463436126709,0.3110845685005188,-0.3260062634944916,0.6212475895881653,0.37121477723121643,-0.1032516211271286,0.5183364152908325,0.3646307587623596,-0.16298463940620422,0.6422063112258911,0.4662459194660187,-0.030495673418045044,0.5181295871734619,0.4566505253314972,-0.20911526679992676,0.651281476020813,0.5597642660140991,-0.12665213644504547,0.5674370527267456,0.4958668351173401,-0.37664368748664856,0.6515183448791504,0.5875284671783447,-0.15722699463367462,0.5824268460273743,0.5170976519584656,-0.42390552163124084,0.6458406448364258,0.5845068693161011,-0.1948341429233551,0.5897454023361206,0.5061262249946594,-0.4422938823699951,0.6433953046798706,0.5784698724746704,-0.14273108541965485,0.5876383781433105,0.4999784529209137,-0.3859561085700989,0.599324643611908,0.5703424215316772,0.00942334346473217,0.5416454076766968,0.5678524374961853,-0.009480945765972137,0.6056470274925232,0.7099295258522034,0.05931159853935242,0.5332322120666504,0.7168167233467102,0.018020033836364746,0.6092682480812073,0.8299357891082764,0.28840431571006775,0.5300567150115967,0.8360241651535034,0.21579042077064514,0.6020763516426086,0.8453470468521118,0.30237966775894165,0.5382484197616577,0.8503797054290771,0.22677668929100037,0.6258854269981384,0.8846076130867004,0.16697587072849274,0.5107430219650269,0.8881284594535828,0.08118478953838348
139,draw_x,a06_s07_e03,0.5738863945007324,0.29668134450912476,-0.3812464773654938,0.5789972543716431,0.2834712564945221,-0.36154788732528687,0.581709623336792,0.28398555517196655,-0.36150962114334106,0.5854239463806152,0.2845345735549927,-0.361478716135025,0.5678198337554932,0.2815634310245514,-0.3652534782886505,0.5631258487701416,0.2810678482055664,-0.36529555916786194,0.5588325262069702,0.28079673647880554,-0.3653329014778137,0.5891180634498596,0.29027411341667175,-0.22418412566184998,0.5508862733840942,0.2862212359905243,-0.2431126832962036,0.5786957144737244,0.31274205446243286,-0.3278098404407501,0.5652212500572205,0.3111012876033783,-0.3335222601890564,0.6212983727455139,0.3714611232280731,-0.10813913494348526,0.5183691382408142,0.3648670017719269,-0.17025071382522583,0.6425831317901611,0.46708419919013977,-0.03429536148905754,0.5179409384727478,0.45976635813713074,-0.21129223704338074,0.6512846946716309,0.5600336790084839,-0.13249416649341583,0.5670109987258911,0.4986502230167389,-0.3730485737323761,0.6515207290649414,0.5876142978668213,-0.16364261507987976,0.5828171968460083,0.5212385058403015,-0.4199831485748291,0.6459131240844727,0.5845380425453186,-0.20151348412036896,0.5903404951095581,0.509707510471344,-0.43900221586227417,0.6434701681137085,0.5784895420074463,-0.14872825145721436,0.5881607532501221,0.5030311942100525,-0.3822990953922272,0.59932941198349,0.5706915259361267,0.009630883112549782,0.5417015552520752,0.5678461790084839,-0.0096897566691041,0.6056490540504456,0.7100135087966919,0.06052364036440849,0.5332134962081909,0.7170501947402954,0.018207643181085587,0.6092199087142944,0.8302608728408813,0.2893984019756317,0.5300548076629639,0.836202085018158,0.21587929129600525,0.6020582914352417,0.8457471132278442,0.3032763600349426,0.5382457971572876,0.8506244421005249,0.22698330879211426,0.6258851289749146,0.8846498131752014,0.1677260845899582,0.5106845498085022,0.8881792426109314,0.0823034793138504
140,draw_x,a06_s07_e03,0.5738791823387146,0.2967691421508789,-0.4014577269554138,0.5789993405342102,0.28347355127334595,-0.3820053040981293,0.581713080406189,0.2839890420436859,-0.38196831941604614,0.5854240655899048,0.2845408320426941,-0.38194793462753296,0.5678080916404724,0.28157180547714233,-0.3857971131801605,0.5631113648414612,0.2810794413089752,-0.3858444392681122,0.5588247776031494,0.28081467747688293,-0.3858867287635803,0.589098334312439,0.2902850806713104,-0.24514532089233398,0.5508819818496704,0.2862379848957062,-0.26375097036361694,0.5786874890327454,0.31293198466300964,-0.3480454087257385,0.5651856660842896,0.3113052546977997,-0.35366418957710266,0.6214619874954224,0.37181007862091064,-0.12534277141094208,0.5184723734855652,0.36529600620269775,-0.1884012669324875,0.6427353620529175,0.46827322244644165,-0.04422102868556976,0.5191396474838257,0.4656062722206116,-0.20930106937885284,0.6512886881828308,0.5601076483726501,-0.13991200923919678,0.5727289915084839,0.5065681338310242,-0.3448551893234253,0.651509165763855,0.5876201391220093,-0.1712709367275238,0.5879796743392944,0.526904821395874,-0.389346182346344,0.6459407806396484,0.5845353603363037,-0.2091304063796997,0.5947200655937195,0.5160247087478638,-0.4092434048652649,0.6435166597366333,0.5784439444541931,-0.15613554418087006,0.5925338268280029,0.5093500018119812,-0.3535565137863159,0.599383533000946,0.5708191394805908,0.00941934809088707,0.541714072227478,0.5678021907806396,-0.009475374594330788,0.605618417263031,0.7101426720619202,0.06573820859193802,0.533175528049469,0.7172297835350037,0.024279791861772537,0.6092137098312378,0.8303348422050476,0.29953622817993164,0.5300493836402893,0.8362075090408325,0.22597196698188782,0.6020714044570923,0.8458484411239624,0.31415849924087524,0.5382434725761414,0.8506342768669128,0.2377827912569046,0.6258755922317505,0.8846436738967896,0.18062397837638855,0.5106457471847534,0.8881927728652954,0.09351754188537598
141,draw_x,a06_s07_e03,0.5737701654434204,0.2968839406967163,-0.4130944609642029,0.5789891481399536,0.2834736108779907,-0.3939116299152374,0.5817061066627502,0.2839908003807068,-0.39387229084968567,0.5853983163833618,0.28454670310020447,-0.3938533365726471,0.5677381753921509,0.28158271312713623,-0.39738553762435913,0.5630369186401367,0.2810942828655243,-0.3974364697933197,0.5587835907936096,0.2808404266834259,-0.39748191833496094,0.5890587568283081,0.2902947962284088,-0.25718557834625244,0.5508738160133362,0.28625136613845825,-0.27418723702430725,0.5786221623420715,0.3131580352783203,-0.35962289571762085,0.5650313496589661,0.31153440475463867,-0.3647899329662323,0.6215845346450806,0.37206533551216125,-0.13607053458690643,0.5185432434082031,0.36560362577438354,-0.1979646235704422,0.6428664922714233,0.4693125784397125,-0.055217672139406204,0.5195746421813965,0.46765339374542236,-0.21140146255493164,0.6512941718101501,0.560295045375824,-0.15247394144535065,0.5757095813751221,0.5100143551826477,-0.3407473564147949,0.6515089273452759,0.587650716304779,-0.18485277891159058,0.5898891687393188,0.5299343466758728,-0.3850158751010895,0.6460152864456177,0.5845324993133545,-0.222555473446846,0.5965439677238464,0.5195745825767517,-0.40494704246520996,0.6436133980751038,0.5783801674842834,-0.1687713861465454,0.5944263935089111,0.5129213333129883,-0.3492768108844757,0.5994396805763245,0.5709116458892822,0.008720515295863152,0.5417636632919312,0.5677930116653442,-0.008778128772974014,0.6055760979652405,0.7103230357170105,0.06734946370124817,0.533149778842926,0.7173948884010315,0.03191642090678215,0.6092110276222229,0.8305228352546692,0.30650651454925537,0.530023992061615,0.8361749053001404,0.2425210177898407,0.6020960211753845,0.8459987640380859,0.3218110203742981,0.5382274985313416,0.8505685925483704,0.2554839253425598,0.625874400138855,0.8846585154533386,0.18813763558864594,0.5106414556503296,0.8882009983062744,0.11190006881952286
142,draw_x,a06_s07_e03,0.5736896991729736,0.29689672589302063,-0.4254356026649475,0.5789870023727417,0.2834654450416565,-0.4072762131690979,0.5817078351974487,0.2839847505092621,-0.4072345793247223,0.5853949189186096,0.28454405069351196,-0.40722155570983887,0.5676931142807007,0.2815830409526825,-0.41061925888061523,0.5629717111587524,0.2810964286327362,-0.4106768071651459,0.5587396621704102,0.28084757924079895,-0.410719633102417,0.5890426635742188,0.29028889536857605,-0.27246326208114624,0.5508611798286438,0.28625160455703735,-0.2887248992919922,0.5785713791847229,0.3132176399230957,-0.37238946557044983,0.5648674964904785,0.3116432726383209,-0.3773556351661682,0.621768593788147,0.37215152382850647,-0.15150286257266998,0.5186070203781128,0.36588481068611145,-0.20830225944519043,0.642890453338623,0.4701002538204193,-0.07233969867229462,0.5195842385292053,0.46888208389282227,-0.21439841389656067,0.6512818932533264,0.5606024265289307,-0.16778498888015747,0.5747975707054138,0.5137141346931458,-0.3467232584953308,0.6514996290206909,0.5877199769020081,-0.20009152591228485,0.588760256767273,0.5336758494377136,-0.39030328392982483,0.6460546851158142,0.5845339298248291,-0.237522691488266,0.5951781272888184,0.523252546787262,-0.4111303687095642,0.6436353325843811,0.5783159136772156,-0.18397179245948792,0.5928260087966919,0.5162561535835266,-0.35571810603141785,0.5994635820388794,0.5709283351898193,0.0074125537648797035,0.5417802333831787,0.5676121115684509,-0.00747727369889617,0.6055349111557007,0.7103255987167358,0.07085812836885452,0.5331762433052063,0.7173587083816528,0.03535091131925583,0.6092111468315125,0.8305054306983948,0.3058507740497589,0.5299962162971497,0.836159348487854,0.2407851666212082,0.6021729707717896,0.8459585309028625,0.32067713141441345,0.5381737947463989,0.8505513072013855,0.25313475728034973,0.6258309483528137,0.8845725655555725,0.18643371760845184,0.5106378197669983,0.8881679177284241,0.10980194807052612
143,draw_x,a06_s07_e03,0.5735489130020142,0.2970372140407562,-0.4143621325492859,0.578972339630127,0.2834739089012146,-0.3956478536128998,0.581702709197998,0.28399336338043213,-0.3956105411052704,0.5853770971298218,0.2845569849014282,-0.39559251070022583,0.5675516724586487,0.2816513776779175,-0.3988198935985565,0.5627954006195068,0.2811899781227112,-0.3988707959651947,0.5586115717887878,0.28098389506340027,-0.3989163041114807,0.5890239477157593,0.29029321670532227,-0.2605290710926056,0.550835132598877,0.2863657772541046,-0.27599021792411804,0.578497588634491,0.3134278655052185,-0.3614084720611572,0.5646426677703857,0.31200334429740906,-0.36612778902053833,0.6219922304153442,0.37220922112464905,-0.140162855386734,0.518805205821991,0.3660435974597931,-0.1985248625278473,0.6429876089096069,0.4704429507255554,-0.06173500418663025,0.5198622345924377,0.4693683683872223,-0.20838996767997742,0.65130615234375,0.5606614351272583,-0.15744592249393463,0.5748944282531738,0.5146133303642273,-0.3352605700492859,0.6514992117881775,0.5877267122268677,-0.18910691142082214,0.5886330008506775,0.5349704027175903,-0.3790262043476105,0.6461251974105835,0.5844901204109192,-0.22703644633293152,0.595306932926178,0.5248450040817261,-0.39986249804496765,0.6436986923217773,0.5780921578407288,-0.17379215359687805,0.5930206775665283,0.517861008644104,-0.3441789150238037,0.5995751619338989,0.5709289312362671,0.007213628385215998,0.5419090986251831,0.5672927498817444,-0.007275470998138189,0.605522096157074,0.7103281021118164,0.0693209320306778,0.5332123041152954,0.7173367142677307,0.03336142748594284,0.6092402935028076,0.8303539156913757,0.30363792181015015,0.5299933552742004,0.8360996842384338,0.23768456280231476,0.6022403240203857,0.8457995057106018,0.3182981610298157,0.5381696820259094,0.850501298904419,0.24981412291526794,0.6258293986320496,0.8845139145851135,0.18361809849739075,0.5106514692306519,0.8881178498268127,0.10611291974782944
144,draw_x,a06_s07_e03,0.5734861493110657,0.29719632863998413,-0.4201517105102539,0.5789666771888733,0.28349971771240234,-0.4018577039241791,0.5817028284072876,0.2840196192264557,-0.4018206000328064,0.5853725671768188,0.28458887338638306,-0.40180569887161255,0.567474901676178,0.2817344069480896,-0.40509551763534546,0.562701404094696,0.2812918722629547,-0.40514832735061646,0.558538556098938,0.2811158299446106,-0.40519729256629944,0.5890133380889893,0.290307879447937,-0.2669219672679901,0.5508076548576355,0.28647902607917786,-0.28247886896133423,0.5784519910812378,0.31364068388938904,-0.3670169711112976,0.564521849155426,0.3123405873775482,-0.37176254391670227,0.6220982074737549,0.372237890958786,-0.14421996474266052,0.5189275145530701,0.3661237955093384,-0.20419363677501678,0.6430158615112305,0.4706011116504669,-0.06275121867656708,0.5201848745346069,0.4699931740760803,-0.20996145904064178,0.6513082981109619,0.5606998801231384,-0.15766474604606628,0.5759585499763489,0.5156190991401672,-0.3317888677120209,0.6514984369277954,0.5877304077148438,-0.18917086720466614,0.5891473293304443,0.5359281301498413,-0.37472400069236755,0.6461828947067261,0.5844722986221313,-0.22696170210838318,0.5959253907203674,0.5258544087409973,-0.3958466649055481,0.6437474489212036,0.5779857635498047,-0.17399747669696808,0.5938819646835327,0.518993616104126,-0.3406539261341095,0.5996121168136597,0.5709404349327087,0.007042214274406433,0.5419374704360962,0.5671603083610535,-0.00710210669785738,0.6054710745811462,0.7103026509284973,0.07100692391395569,0.5332140922546387,0.7172625064849854,0.034790050238370895,0.6092606782913208,0.8302713632583618,0.3065462112426758,0.5299922227859497,0.8357179760932922,0.24114187061786652,0.6022756695747375,0.8457372784614563,0.32141420245170593,0.5381731390953064,0.850119948387146,0.2535519003868103,0.6258209347724915,0.8844741582870483,0.18678316473960876,0.5106789469718933,0.8879057765007019,0.10951597988605499
145,draw_x,a06_s07_e03,0.5734626054763794,0.2973737418651581,-0.42239442467689514,0.5789636373519897,0.28355535864830017,-0.40434783697128296,0.5817030668258667,0.28407180309295654,-0.4043101668357849,0.5853688716888428,0.2846427261829376,-0.4042949676513672,0.5674428939819336,0.2818296253681183,-0.40770071744918823,0.5626627206802368,0.28138911724090576,-0.40775418281555176,0.558508038520813,0.28122007846832275,-0.40780559182167053,0.5890008211135864,0.2903268039226532,-0.26950591802597046,0.5507895946502686,0.2865661084651947,-0.2855616807937622,0.5784281492233276,0.3138326108455658,-0.36914852261543274,0.5644770264625549,0.3125859200954437,-0.37403982877731323,0.6221507787704468,0.37224194407463074,-0.14556990563869476,0.5190273523330688,0.3661471903324127,-0.206743523478508,0.6430147886276245,0.4706229567527771,-0.0619867667555809,0.5203020572662354,0.4701233208179474,-0.21003535389900208,0.6513106226921082,0.5608378052711487,-0.1560433804988861,0.5762751698493958,0.5159274935722351,-0.3272906243801117,0.6514953374862671,0.5877394080162048,-0.18719494342803955,0.5892894268035889,0.5361692905426025,-0.36963146924972534,0.6462461352348328,0.5844674706459045,-0.22497622668743134,0.5960546731948853,0.5263230204582214,-0.390878826379776,0.6438092589378357,0.5779463052749634,-0.17237047851085663,0.5940715074539185,0.5195256471633911,-0.33604758977890015,0.5996161699295044,0.5709346532821655,0.006944873370230198,0.5419410467147827,0.5669710636138916,-0.007004545070230961,0.6054153442382812,0.7102460861206055,0.06992390751838684,0.5332160592079163,0.7171249985694885,0.03626803308725357,0.6092609167098999,0.8302695155143738,0.3047282099723816,0.5300111770629883,0.835378885269165,0.24574053287506104,0.6022930145263672,0.8457234501838684,0.3194999098777771,0.5381790399551392,0.8496562242507935,0.2585793137550354,0.6258191466331482,0.8844639658927917,0.18471257388591766,0.5108380913734436,0.8877630233764648,0.11456930637359619
146,draw_x,a06_s07_e03,0.5734595656394958,0.29752352833747864,-0.4189704358577728,0.578964114189148,0.2836136817932129,-0.4007428288459778,0.5817055106163025,0.2841256856918335,-0.4007069170475006,0.5853689312934875,0.28469544649124146,-0.4006909430027008,0.5674393177032471,0.28190502524375916,-0.4041505753993988,0.5626592636108398,0.28145983815193176,-0.4042014181613922,0.5585049390792847,0.2812882363796234,-0.40425339341163635,0.5889917612075806,0.2903415858745575,-0.2653021812438965,0.5507829785346985,0.28661057353019714,-0.28169387578964233,0.578420102596283,0.313973069190979,-0.3655220866203308,0.5644629597663879,0.3127308785915375,-0.3705134093761444,0.6221621632575989,0.372236430644989,-0.1415885090827942,0.5190740823745728,0.36614230275154114,-0.2038145512342453,0.6430020928382874,0.47060588002204895,-0.059179872274398804,0.5203865766525269,0.46968692541122437,-0.208405539393425,0.6513362526893616,0.5608835816383362,-0.15396995842456818,0.5760111808776855,0.5155231356620789,-0.32630205154418945,0.6515073776245117,0.5877543091773987,-0.18510298430919647,0.5890487432479858,0.5365094542503357,-0.36901962757110596,0.6463813781738281,0.5844659209251404,-0.2231605350971222,0.5958917737007141,0.5268877744674683,-0.3901413083076477,0.6439461708068848,0.5779157876968384,-0.170428067445755,0.5939968824386597,0.5198681354522705,-0.33506137132644653,0.5996230840682983,0.570932149887085,0.0069764829240739346,0.5419386625289917,0.5668102502822876,-0.007034963462501764,0.6053804755210876,0.7102457880973816,0.06915327906608582,0.5332112312316895,0.7170906662940979,0.03578384965658188,0.6092582941055298,0.8302661776542664,0.3041430413722992,0.5300169587135315,0.8351402282714844,0.24826066195964813,0.6022925972938538,0.8457096219062805,0.3190525472164154,0.5381776094436646,0.8493249416351318,0.2614561915397644,0.6258174180984497,0.8844404220581055,0.18415991961956024,0.5109426379203796,0.887660562992096,0.11715279519557953
147,draw_x,a06_s07_e03,0.5734570622444153,0.29764893651008606,-0.4173722267150879,0.5789657831192017,0.28366369009017944,-0.3991302251815796,0.5817090272903442,0.28417685627937317,-0.39909490942955017,0.5853694677352905,0.2847496271133423,-0.3990779221057892,0.5674351453781128,0.28195294737815857,-0.40249595046043396,0.562656044960022,0.2814995050430298,-0.40254563093185425,0.5585004091262817,0.28132352232933044,-0.40259891748428345,0.5889822244644165,0.2903617322444916,-0.26372936367988586,0.5507732033729553,0.2866295278072357,-0.27996036410331726,0.5784037113189697,0.314101904630661,-0.36392849683761597,0.5644388794898987,0.3128356635570526,-0.36887896060943604,0.6221638917922974,0.37222394347190857,-0.1400987207889557,0.5190802812576294,0.3661292493343353,-0.20212359726428986,0.6429417729377747,0.47059163451194763,-0.05796854943037033,0.5204766392707825,0.4694374203681946,-0.20626215636730194,0.6513360738754272,0.5610252022743225,-0.15391680598258972,0.57597815990448,0.5152901411056519,-0.3238683342933655,0.651508092880249,0.5877842307090759,-0.18535655736923218,0.5888888835906982,0.5364607572555542,-0.36665016412734985,0.646479070186615,0.5844703316688538,-0.22359152138233185,0.5957545042037964,0.5270256400108337,-0.387862890958786,0.6440438032150269,0.5779121518135071,-0.17048247158527374,0.5939584374427795,0.5199630856513977,-0.33264097571372986,0.5996256470680237,0.5708927512168884,0.006983555853366852,0.5419371724128723,0.5666825771331787,-0.007041392382234335,0.6053236722946167,0.7102470397949219,0.06860482692718506,0.5332105159759521,0.7170810103416443,0.03601832315325737,0.6092589497566223,0.8302645087242126,0.3035157322883606,0.530043363571167,0.8349354267120361,0.2513177990913391,0.6023052930831909,0.8456917405128479,0.3184703588485718,0.5381835699081421,0.8490163683891296,0.26480770111083984,0.6258138418197632,0.8844164609909058,0.18352057039737701,0.5110365748405457,0.8875646591186523,0.12059726566076279
148,draw_x,a06_s07_e03,0.5734544396400452,0.29776448011398315,-0.4145733714103699,0.5789674520492554,0.28371331095695496,-0.3959748148918152,0.5817121267318726,0.2842250466346741,-0.3959380090236664,0.5853694677352905,0.2847980558872223,-0.39591947197914124,0.5674312710762024,0.2819945216178894,-0.39933642745018005,0.5626510381698608,0.2815275192260742,-0.3993860185146332,0.5584923624992371,0.2813434898853302,-0.3994317352771759,0.5889679193496704,0.2903681695461273,-0.26007476449012756,0.5507606267929077,0.2866312265396118,-0.27657151222229004,0.5783790946006775,0.31419017910957336,-0.3610706627368927,0.5644094347953796,0.312916100025177,-0.36610010266304016,0.6221657395362854,0.3721843957901001,-0.13956297934055328,0.519087016582489,0.3661058247089386,-0.1994035392999649,0.642860472202301,0.47057288885116577,-0.054447073489427567,0.5205460786819458,0.4691610634326935,-0.20147566497325897,0.6513379216194153,0.5610703825950623,-0.15332116186618805,0.5755110383033752,0.5148051977157593,-0.3189745545387268,0.6515153050422668,0.5877877473831177,-0.1840546429157257,0.5885511040687561,0.536324679851532,-0.3615928590297699,0.6465616226196289,0.584467351436615,-0.2216760665178299,0.5954317450523376,0.5271796584129333,-0.3828662633895874,0.6441234350204468,0.577903151512146,-0.16934339702129364,0.593588650226593,0.5199668407440186,-0.32776176929473877,0.59968501329422,0.5707873106002808,0.0073256706818938255,0.541977047920227,0.5664633512496948,-0.007382688578218222,0.6053069233894348,0.710235059261322,0.06562823802232742,0.5332103967666626,0.7170206308364868,0.035653285682201385,0.6092650890350342,0.8302642703056335,0.29849642515182495,0.5300934910774231,0.8347532749176025,0.2508579194545746,0.6023188829421997,0.845682680606842,0.31319695711135864,0.5382367968559265,0.848779559135437,0.26426878571510315,0.6258383989334106,0.8844158053398132,0.17802293598651886,0.5111269354820251,0.8875094056129456,0.12060775607824326
149,draw_x,a06_s07_e03,0.573451817035675,0.29783016443252563,-0.4087875485420227,0.5789691805839539,0.28374138474464417,-0.39020782709121704,0.5817152261734009,0.2842514216899872,-0.39017385244369507,0.5853700041770935,0.2848237156867981,-0.39015233516693115,0.5674276947975159,0.2820203900337219,-0.3936823010444641,0.5626481771469116,0.28154614567756653,-0.3937271237373352,0.5584868788719177,0.2813582420349121,-0.39378106594085693,0.5889579653739929,0.29036933183670044,-0.25510892271995544,0.5507498979568481,0.28663453459739685,-0.2719023525714874,0.5783636569976807,0.3142419159412384,-0.3555712103843689,0.564387321472168,0.3129560053348541,-0.3606608808040619,0.6221644878387451,0.37210527062416077,-0.13353201746940613,0.5190931558609009,0.36608588695526123,-0.19611325860023499,0.6427692770957947,0.4705227017402649,-0.050525765866041183,0.520532488822937,0.4688701033592224,-0.19962966442108154,0.6513398885726929,0.5610870122909546,-0.15240657329559326,0.5749598741531372,0.5140509605407715,-0.3222472667694092,0.6515299677848816,0.5877946019172668,-0.18370896577835083,0.5882685780525208,0.5363652110099792,-0.3655088543891907,0.6466506123542786,0.5844669342041016,-0.2206304520368576,0.5950642824172974,0.527461588382721,-0.3866886496543884,0.6442128419876099,0.5778998136520386,-0.1691712886095047,0.5934547781944275,0.5199366211891174,-0.33119338750839233,0.599847137928009,0.5706983208656311,0.007559783756732941,0.5421042442321777,0.566244900226593,-0.007614594884216785,0.6052982807159424,0.7102357149124146,0.06307388842105865,0.5332103967666626,0.7168862223625183,0.03544455021619797,0.6092649698257446,0.8302993774414062,0.29462793469429016,0.5301066040992737,0.8345777988433838,0.24873843789100647,0.6023291349411011,0.8456971645355225,0.30905917286872864,0.5382488965988159,0.8485682010650635,0.26187482476234436,0.6258374452590942,0.8844050765037537,0.17313715815544128,0.5111667513847351,0.8874481916427612,0.11809629201889038
150,draw_x,a06_s07_e03,0.573451578617096,0.2978772819042206,-0.40108031034469604,0.5789748430252075,0.28376737236976624,-0.38269805908203125,0.5817276239395142,0.28427398204803467,-0.3826637268066406,0.5853810906410217,0.2848447263240814,-0.3826371431350708,0.5674246549606323,0.28204840421676636,-0.38592728972435,0.5626444220542908,0.28156933188438416,-0.3859691321849823,0.558483362197876,0.28137844800949097,-0.38602539896965027,0.588956892490387,0.2903738021850586,-0.24852128326892853,0.5507388710975647,0.2866385579109192,-0.2643771469593048,0.5783599019050598,0.314278244972229,-0.3481902480125427,0.5643831491470337,0.31298351287841797,-0.35300323367118835,0.6221322417259216,0.372042715549469,-0.12727221846580505,0.5191000699996948,0.36601778864860535,-0.18925240635871887,0.6426275372505188,0.47044846415519714,-0.04707204923033714,0.5203267335891724,0.46816137433052063,-0.19714926183223724,0.6513322591781616,0.5610838532447815,-0.15104356408119202,0.5742624402046204,0.5134022831916809,-0.32330626249313354,0.6515345573425293,0.587791383266449,-0.18355360627174377,0.5878918766975403,0.5357083082199097,-0.36677709221839905,0.646708607673645,0.5844586491584778,-0.22021973133087158,0.594687283039093,0.5271970629692078,-0.3874755799770355,0.6442899107933044,0.5778950452804565,-0.1681658923625946,0.5933352112770081,0.5194700956344604,-0.3320607542991638,0.5999108552932739,0.5705000162124634,0.007599836681038141,0.5421469211578369,0.5660375356674194,-0.007653842214494944,0.6052548289299011,0.710235595703125,0.060277946293354034,0.533210813999176,0.7168242931365967,0.03517786040902138,0.6092652678489685,0.8303239345550537,0.28926706314086914,0.5301136374473572,0.8344822525978088,0.24828214943408966,0.6023350358009338,0.8456971049308777,0.3033680319786072,0.5382806062698364,0.8485303521156311,0.26137346029281616,0.6258643865585327,0.8843995332717896,0.16832707822322845,0.5111602544784546,0.8873142600059509,0.11834238469600677
151,draw_x,a06_s07_e03,0.5734548568725586,0.2979210615158081,-0.4022755026817322,0.5789764523506165,0.2837910056114197,-0.384280264377594,0.5817314386367798,0.28428971767425537,-0.38424330949783325,0.5853835940361023,0.2848556339740753,-0.384215384721756,0.567422091960907,0.28209784626960754,-0.38766714930534363,0.5626410245895386,0.2816224992275238,-0.38770991563796997,0.5584782361984253,0.28143563866615295,-0.3877670168876648,0.588951587677002,0.29037535190582275,-0.25005367398262024,0.5507317781448364,0.2866869270801544,-0.26666566729545593,0.5783568620681763,0.31430721282958984,-0.3491811156272888,0.5643773674964905,0.3130360245704651,-0.35415488481521606,0.6221312880516052,0.37196075916290283,-0.12725313007831573,0.5191315412521362,0.3659343123435974,-0.1900295913219452,0.6426225900650024,0.4702465832233429,-0.044741105288267136,0.5199627876281738,0.4672265648841858,-0.19603219628334045,0.6513749361038208,0.5609825253486633,-0.14787891507148743,0.5726454257965088,0.5135642290115356,-0.31644174456596375,0.651603639125824,0.5877466201782227,-0.17992225289344788,0.5865667462348938,0.5370389819145203,-0.35898488759994507,0.6468135714530945,0.584404706954956,-0.21804773807525635,0.5933071970939636,0.5288712978363037,-0.3802700638771057,0.6443775296211243,0.5778329968452454,-0.16528229415416718,0.592121422290802,0.5208636522293091,-0.32516610622406006,0.6000578999519348,0.5700230002403259,0.008063956163823605,0.5422566533088684,0.5653837323188782,-0.00811862014234066,0.60521399974823,0.7101439833641052,0.05762506648898125,0.5332422256469727,0.7165269255638123,0.035011228173971176,0.6092560887336731,0.8303231000900269,0.2828638255596161,0.5301244854927063,0.8342911005020142,0.24798350036144257,0.602333664894104,0.8456774353981018,0.29655009508132935,0.5383000373840332,0.8483747243881226,0.2611003518104553,0.6258808970451355,0.8844007253646851,0.1608373075723648,0.5111821889877319,0.887225866317749,0.11806484311819077
152,draw_x,a06_s07_e03,0.573472261428833,0.2979578673839569,-0.41298016905784607,0.578984260559082,0.2838115096092224,-0.3950820565223694,0.5817455649375916,0.284300833940506,-0.39504462480545044,0.5853989124298096,0.28486111760139465,-0.39502376317977905,0.5674213767051697,0.28215712308883667,-0.39877158403396606,0.5626376867294312,0.2816958427429199,-0.3988231420516968,0.5584737062454224,0.28152045607566833,-0.398878276348114,0.5889502763748169,0.29037290811538696,-0.2593104839324951,0.5507293939590454,0.2867363393306732,-0.2773856818675995,0.5783587098121643,0.3143291473388672,-0.3591307997703552,0.5643764734268188,0.3130837678909302,-0.3645731210708618,0.6221321821212769,0.3719278872013092,-0.13206765055656433,0.5191158056259155,0.36599960923194885,-0.19632327556610107,0.6426209807395935,0.4701957106590271,-0.04586019739508629,0.5192686319351196,0.4672057032585144,-0.19665253162384033,0.6515755653381348,0.5608695149421692,-0.14879260957241058,0.5703145265579224,0.5158619284629822,-0.32134681940078735,0.6517549753189087,0.5876012444496155,-0.18042312562465668,0.5839706659317017,0.5395517945289612,-0.3646014332771301,0.6469818353652954,0.5842674374580383,-0.21930691599845886,0.590499997138977,0.5322456955909729,-0.38424772024154663,0.6445752382278442,0.577722430229187,-0.16611088812351227,0.5892906188964844,0.5243149995803833,-0.32986605167388916,0.6001459360122681,0.569642186164856,0.008209120482206345,0.5423000454902649,0.5649108290672302,-0.008265282958745956,0.6051672697067261,0.7101178765296936,0.05673166364431381,0.5332556962966919,0.7163411378860474,0.03217170387506485,0.6092531681060791,0.8303233981132507,0.2845739722251892,0.5301294326782227,0.8342021107673645,0.24544015526771545,0.602332592010498,0.8456452488899231,0.2985612154006958,0.5382997989654541,0.8483361005783081,0.25847622752189636,0.6258960366249084,0.8843997716903687,0.16296319663524628,0.5112099647521973,0.8872072100639343,0.11429687589406967
153,draw_x,a06_s07_e03,0.5735381841659546,0.29796355962753296,-0.4089280664920807,0.5789982080459595,0.28381508588790894,-0.39082518219947815,0.5817649364471436,0.28430256247520447,-0.3907896876335144,0.5854157209396362,0.2848600745201111,-0.39076659083366394,0.5674365162849426,0.2821713089942932,-0.3953370749950409,0.5626481771469116,0.28171756863594055,-0.39538508653640747,0.5584779977798462,0.28154605627059937,-0.39543816447257996,0.5889456868171692,0.2903606593608856,-0.2537461817264557,0.5507282614707947,0.2867511212825775,-0.27560141682624817,0.5783708095550537,0.3143342435359955,-0.35451433062553406,0.5643982887268066,0.31308725476264954,-0.36089175939559937,0.6221214532852173,0.37183019518852234,-0.12388517707586288,0.5191200375556946,0.36600223183631897,-0.1946788728237152,0.642627477645874,0.4698069989681244,-0.038655564188957214,0.5182110071182251,0.4661688506603241,-0.1959778368473053,0.6518346071243286,0.560684323310852,-0.14545691013336182,0.5664164423942566,0.5183410048484802,-0.32066982984542847,0.6518913507461548,0.5873894095420837,-0.17730803787708282,0.5787023901939392,0.543281614780426,-0.3640715777873993,0.6471149325370789,0.5841179490089417,-0.21760818362236023,0.5860973000526428,0.5359724164009094,-0.3847585916519165,0.6447553038597107,0.5776425004005432,-0.16334612667560577,0.5847991108894348,0.5277215242385864,-0.3293339014053345,0.6005056500434875,0.5689110159873962,0.009686184115707874,0.542481541633606,0.5642240047454834,-0.009735404513776302,0.6051458120346069,0.710094690322876,0.053750574588775635,0.5332973003387451,0.7159035801887512,0.025784257799386978,0.6092506051063538,0.8304920792579651,0.2782774865627289,0.5301299691200256,0.8341876268386841,0.23626360297203064,0.602317214012146,0.8457407355308533,0.29175275564193726,0.5382853746414185,0.8483416438102722,0.24871376156806946,0.6259081959724426,0.884471595287323,0.15523052215576172,0.5112106204032898,0.8872043490409851,0.1033157929778099
154,draw_x,a06_s07_e03,0.5736103653907776,0.2979690730571747,-0.40461301803588867,0.5790115594863892,0.2838182747364044,-0.3867326080799103,0.5817874073982239,0.2843036949634552,-0.3866937458515167,0.5854395627975464,0.2848568856716156,-0.3866659700870514,0.5674473643302917,0.2821882963180542,-0.39119619131088257,0.5626551508903503,0.28174400329589844,-0.3912431597709656,0.5584808588027954,0.2815805673599243,-0.39129117131233215,0.5889440774917603,0.29032641649246216,-0.2499174326658249,0.5507280230522156,0.28677481412887573,-0.2716216444969177,0.578386664390564,0.3143388330936432,-0.35023823380470276,0.5644334554672241,0.3130904734134674,-0.3565123975276947,0.6221154928207397,0.3717128336429596,-0.11938171088695526,0.5191236734390259,0.36606988310813904,-0.19034919142723083,0.6425825357437134,0.46912238001823425,-0.03387395665049553,0.5163151025772095,0.4648762345314026,-0.19457969069480896,0.6520593762397766,0.5604417324066162,-0.1385941207408905,0.5626322627067566,0.5191060900688171,-0.32287612557411194,0.6520378589630127,0.5871936082839966,-0.16946770250797272,0.5726884007453918,0.5463050603866577,-0.36635836958885193,0.647237241268158,0.5839629769325256,-0.21045950055122375,0.5820006132125854,0.5393176674842834,-0.38726356625556946,0.6448909044265747,0.5775517225265503,-0.15651533007621765,0.5809691548347473,0.5303040146827698,-0.3316715657711029,0.6012095212936401,0.568102240562439,0.010587427765130997,0.5428447127342224,0.5634207129478455,-0.010632420890033245,0.6051493883132935,0.7100834250450134,0.045587748289108276,0.5334089398384094,0.7154982686042786,0.01970747299492359,0.6092499494552612,0.8310238122940063,0.26124122738838196,0.5301302671432495,0.8341792225837708,0.2257876843214035,0.602315366268158,0.8462579846382141,0.27357590198516846,0.5382587313652039,0.8483573794364929,0.23755541443824768,0.62596595287323,0.8846129775047302,0.13528849184513092,0.5112413167953491,0.8872014284133911,0.0915256217122078
155,draw_x,a06_s07_e03,0.5736730694770813,0.2979792058467865,-0.41232481598854065,0.5790246725082397,0.2838248908519745,-0.3958638608455658,0.5818116664886475,0.2843056917190552,-0.3958221673965454,0.5854718089103699,0.28485360741615295,-0.3957997262477875,0.5674536228179932,0.2822187542915344,-0.4001707434654236,0.562656044960022,0.2817727029323578,-0.40022140741348267,0.5584791898727417,0.28160589933395386,-0.4002622961997986,0.5889430642127991,0.2902355194091797,-0.26202693581581116,0.5507296323776245,0.28677794337272644,-0.2831451892852783,0.5784239768981934,0.31433919072151184,-0.35857754945755005,0.5644700527191162,0.31309375166893005,-0.36484917998313904,0.6221219301223755,0.3715870976448059,-0.13092055916786194,0.5191264152526855,0.3661056160926819,-0.19616425037384033,0.6425817608833313,0.4690590798854828,-0.04086114838719368,0.5142859816551208,0.4646282494068146,-0.1927739679813385,0.6522132158279419,0.5604115724563599,-0.14340859651565552,0.5590763688087463,0.5270211100578308,-0.3114418387413025,0.652126669883728,0.5871096253395081,-0.17323186993598938,0.5688589215278625,0.5561074018478394,-0.3524286150932312,0.6472561359405518,0.5838936567306519,-0.21459177136421204,0.5779486894607544,0.547219455242157,-0.3749992251396179,0.6448947191238403,0.5775228142738342,-0.16127704083919525,0.5766728520393372,0.5370350480079651,-0.3206254839897156,0.6017528772354126,0.567996621131897,0.01058877818286419,0.5433167219161987,0.5634928941726685,-0.010635987855494022,0.6052027344703674,0.7100897431373596,0.0512605719268322,0.5336216688156128,0.7149956822395325,0.01870274357497692,0.6092506647109985,0.8314759135246277,0.2683613896369934,0.5301188230514526,0.8342921137809753,0.2141083925962448,0.6023088693618774,0.8467664122581482,0.28098443150520325,0.5381561517715454,0.8486258387565613,0.224821537733078,0.6260285377502441,0.8846613764762878,0.14442342519760132,0.5112903118133545,0.8872501850128174,0.0806628093123436
156,draw_x,a06_s07_e03,0.5737207531929016,0.2979751527309418,-0.4374273717403412,0.5790380239486694,0.28381913900375366,-0.42069917917251587,0.5818449258804321,0.284279465675354,-0.4206540584564209,0.5855286717414856,0.2848082482814789,-0.4206410050392151,0.5674594640731812,0.28222399950027466,-0.4248172640800476,0.5626561045646667,0.2817780077457428,-0.42487984895706177,0.558477520942688,0.2816113233566284,-0.4249146580696106,0.5889614820480347,0.29015955328941345,-0.28378826379776,0.5507358908653259,0.2867783010005951,-0.3043939173221588,0.5784744620323181,0.3143114447593689,-0.3827563524246216,0.5645046830177307,0.31307607889175415,-0.38887161016464233,0.6221674084663391,0.3715856671333313,-0.14815862476825714,0.5190781354904175,0.36619672179222107,-0.21108460426330566,0.6425937414169312,0.469072550535202,-0.05498529225587845,0.5116119384765625,0.4644584059715271,-0.1970873475074768,0.6523178219795227,0.5602018237113953,-0.16002842783927917,0.5520020127296448,0.5319381356239319,-0.3195544183254242,0.6522864699363708,0.5869454741477966,-0.19068656861782074,0.561202883720398,0.5626941323280334,-0.3614434599876404,0.6472715139389038,0.5837623476982117,-0.2334117889404297,0.5706685781478882,0.5537249445915222,-0.38864827156066895,0.6449004411697388,0.5774556994438171,-0.1783452033996582,0.5686005353927612,0.5421931147575378,-0.3308955430984497,0.6021509766578674,0.5679295063018799,0.01108253188431263,0.5436025857925415,0.5638628005981445,-0.011131420731544495,0.605273962020874,0.7100735306739807,0.061999350786209106,0.5338472127914429,0.7147086262702942,0.016190653666853905,0.6092537641525269,0.8322442770004272,0.28251931071281433,0.5301017165184021,0.8344439268112183,0.21551206707954407,0.6022895574569702,0.8475722074508667,0.2955348789691925,0.5379769206047058,0.8487498760223389,0.22656449675559998,0.6261078119277954,0.8847396969795227,0.15535713732242584,0.5113786458969116,0.8874180912971497,0.07895473390817642
157,draw_x,a06_s07_e03,0.5738093256950378,0.29797714948654175,-0.41857075691223145,0.5790597796440125,0.2838183343410492,-0.40314507484436035,0.5819064974784851,0.28426694869995117,-0.403107225894928,0.5856174230575562,0.2847839593887329,-0.4030836224555969,0.5674797296524048,0.28222784399986267,-0.40587788820266724,0.5626760125160217,0.2817840576171875,-0.4059305191040039,0.5584943890571594,0.28161779046058655,-0.40595245361328125,0.5890012383460999,0.2901427149772644,-0.2734608054161072,0.5507808923721313,0.28678151965141296,-0.287386029958725,0.5785619616508484,0.3143075108528137,-0.36639851331710815,0.5646017789840698,0.3130783438682556,-0.3707457184791565,0.6224133372306824,0.3716167211532593,-0.14294901490211487,0.5192111134529114,0.36621591448783875,-0.18746544420719147,0.6425952315330505,0.4691028594970703,-0.04748951271176338,0.5090869665145874,0.46389123797416687,-0.1723998785018921,0.6523473858833313,0.5598571300506592,-0.15644747018814087,0.5446597933769226,0.5332220196723938,-0.30966898798942566,0.6523934006690979,0.5868015289306641,-0.18744777143001556,0.5532969236373901,0.5648900866508484,-0.3522289991378784,0.6473264694213867,0.5835942029953003,-0.232195645570755,0.5627781748771667,0.555720329284668,-0.3791487216949463,0.644904375076294,0.5773234963417053,-0.17538614571094513,0.5603100657463074,0.5436007976531982,-0.32136979699134827,0.6025277376174927,0.5679340958595276,0.010500961914658546,0.5440973043441772,0.5643558502197266,-0.010549272410571575,0.6054016351699829,0.710052490234375,0.05605737119913101,0.5341411828994751,0.7146295309066772,0.017360657453536987,0.6092724204063416,0.8326676487922668,0.2679543197154999,0.5301117897033691,0.8344939351081848,0.216700941324234,0.6022909283638,0.8480543494224548,0.28002771735191345,0.5379654169082642,0.8488119840621948,0.22770032286643982,0.6261494159698486,0.8847407698631287,0.14134006202220917,0.5113878846168518,0.887445330619812,0.08243724703788757
158,draw_x,a06_s07_e03,0.5738672018051147,0.2979775667190552,-0.44602665305137634,0.5790806412696838,0.2838191092014313,-0.4303135871887207,0.5819608569145203,0.28426238894462585,-0.4302617907524109,0.585696816444397,0.2847732603549957,-0.43023866415023804,0.5675033330917358,0.28223365545272827,-0.43316811323165894,0.5627055764198303,0.2817896604537964,-0.43323445320129395,0.5585225820541382,0.28162384033203125,-0.4332691729068756,0.589034914970398,0.29011115431785583,-0.29720818996429443,0.5508170127868652,0.28676167130470276,-0.3122555613517761,0.5786325335502625,0.3142849802970886,-0.3928265869617462,0.5646504759788513,0.31306955218315125,-0.397306352853775,0.6224721670150757,0.3716324269771576,-0.16418689489364624,0.5192047357559204,0.36632293462753296,-0.20838233828544617,0.6426461338996887,0.4691365957260132,-0.06906114518642426,0.5064631700515747,0.4646771550178528,-0.17918655276298523,0.6524685621261597,0.55980384349823,-0.17476364970207214,0.5387979745864868,0.5392577052116394,-0.30106157064437866,0.6525273323059082,0.5867826342582703,-0.20668792724609375,0.5469564199447632,0.5705936551094055,-0.3418208062648773,0.6474088430404663,0.5835739970207214,-0.24907788634300232,0.5560216903686523,0.5627321600914001,-0.3715651035308838,0.644950270652771,0.577316403388977,-0.1929803192615509,0.5535907745361328,0.5505321621894836,-0.3133809566497803,0.6026769876480103,0.5679274201393127,0.009810762479901314,0.5441185832023621,0.5646962523460388,-0.009877616539597511,0.6054834127426147,0.7100797891616821,0.059575699269771576,0.534185528755188,0.7146285176277161,0.018317261710762978,0.609276533126831,0.8332128524780273,0.27508074045181274,0.5301038026809692,0.8345086574554443,0.21843278408050537,0.6022695302963257,0.8486821055412292,0.28745806217193604,0.5379317998886108,0.8488348722457886,0.2290625274181366,0.6261521577835083,0.8847395777702332,0.1465722620487213,0.5114158987998962,0.8874509930610657,0.08371926844120026
159,draw_x,a06_s07_e03,0.5740809440612793,0.29794740676879883,-0.4823666512966156,0.5791717171669006,0.28381243348121643,-0.46592411398887634,0.5821367502212524,0.2842411398887634,-0.465858519077301,0.585874617099762,0.2847388684749603,-0.4658370614051819,0.5676524043083191,0.28223732113838196,-0.4696979522705078,0.5628690719604492,0.28179314732551575,-0.4697835445404053,0.5586380362510681,0.2816241979598999,-0.46981948614120483,0.589065670967102,0.29001951217651367,-0.3280651271343231,0.5508719682693481,0.2867029309272766,-0.34772902727127075,0.5787819623947144,0.31415855884552,-0.4274587035179138,0.5648183226585388,0.3129766285419464,-0.4332556128501892,0.6224849820137024,0.3716479241847992,-0.18964426219463348,0.5188047289848328,0.3668850064277649,-0.2383718490600586,0.6426796913146973,0.46892616152763367,-0.09110550582408905,0.5027963519096375,0.4679432213306427,-0.1925608217716217,0.6526397466659546,0.5596201419830322,-0.19324389100074768,0.530998170375824,0.5447531938552856,-0.3038480579853058,0.6526167392730713,0.5867697596549988,-0.22433848679065704,0.5354233980178833,0.5759814381599426,-0.343159943819046,0.6476264595985413,0.5835568904876709,-0.26662999391555786,0.5449618101119995,0.5697231888771057,-0.37333160638809204,0.6452459692955017,0.577304482460022,-0.2113812267780304,0.5446594953536987,0.5582148432731628,-0.315951406955719,0.6029118299484253,0.5678356885910034,0.009805960580706596,0.5441656112670898,0.5649098753929138,-0.009873772040009499,0.6056844592094421,0.7101031541824341,0.06893439590930939,0.5341796278953552,0.7146995067596436,0.018601039424538612,0.6093139052391052,0.8332825899124146,0.3006759583950043,0.5301088094711304,0.8345739245414734,0.22083263099193573,0.6022859215736389,0.8487600088119507,0.3149968981742859,0.5379303693771362,0.8489648699760437,0.23193642497062683,0.6261686086654663,0.8847374320030212,0.1748056262731552,0.5114182829856873,0.8875534534454346,0.08589260280132294
160,draw_x,a06_s07_e03,0.5745508670806885,0.29794034361839294,-0.5228549838066101,0.579348623752594,0.28381451964378357,-0.5057759881019592,0.5824357271194458,0.2842380106449127,-0.505706787109375,0.5861077308654785,0.2847276031970978,-0.5056989192962646,0.568030595779419,0.28224143385887146,-0.5102815628051758,0.5632859468460083,0.28179746866226196,-0.5103831887245178,0.5589560866355896,0.2816249430179596,-0.5104161500930786,0.5890715718269348,0.28992345929145813,-0.3643457293510437,0.5509702563285828,0.28664126992225647,-0.38758236169815063,0.5790097713470459,0.314065545797348,-0.4667580723762512,0.5652477741241455,0.3128860890865326,-0.47360220551490784,0.6224828362464905,0.3716617822647095,-0.2222054898738861,0.5175420045852661,0.3683531582355499,-0.2733457684516907,0.6426799297332764,0.4688897728919983,-0.1223599761724472,0.4994112551212311,0.4711889326572418,-0.22587504982948303,0.6527713537216187,0.5596104860305786,-0.22069784998893738,0.5241619348526001,0.5479570627212524,-0.3221472501754761,0.6527119874954224,0.5867950320243835,-0.2517266273498535,0.5269385576248169,0.580149233341217,-0.3589238226413727,0.6478592157363892,0.5835680365562439,-0.29442694783210754,0.5359300374984741,0.574024498462677,-0.3933132588863373,0.6455377340316772,0.5773071050643921,-0.23877108097076416,0.5365264415740967,0.5620566010475159,-0.3354598879814148,0.6028831601142883,0.5677852630615234,0.010330161079764366,0.5438037514686584,0.5649453997612,-0.01041654497385025,0.6057227849960327,0.7100630402565002,0.0719182938337326,0.534177839756012,0.7147333025932312,0.018045928329229355,0.6092982888221741,0.8335656523704529,0.3092828392982483,0.5301104784011841,0.8346394896507263,0.22295331954956055,0.6022270917892456,0.8490970730781555,0.3239949345588684,0.5379290580749512,0.8490248918533325,0.2343885898590088,0.6262180209159851,0.8847338557243347,0.18229970335960388,0.5115158557891846,0.8876528143882751,0.08760211616754532
161,draw_x,a06_s07_e03,0.574897825717926,0.2979462444782257,-0.5050747990608215,0.5794914364814758,0.28383442759513855,-0.48836883902549744,0.5826824307441711,0.28424519300460815,-0.4883130192756653,0.5862795114517212,0.28472939133644104,-0.48830729722976685,0.5683637261390686,0.2822452783584595,-0.49299779534339905,0.5636515021324158,0.28179731965065,-0.4930880069732666,0.559255063533783,0.28160861134529114,-0.49310821294784546,0.5890715718269348,0.2898440659046173,-0.3509953022003174,0.5510410666465759,0.28644874691963196,-0.3740498125553131,0.579135537147522,0.3140096962451935,-0.45052045583724976,0.565528929233551,0.3128209710121155,-0.4573081135749817,0.6224621534347534,0.37163257598876953,-0.2211161106824875,0.5156697630882263,0.36994943022727966,-0.2586321234703064,0.6426697969436646,0.4683724045753479,-0.1291036307811737,0.49620142579078674,0.4750213027000427,-0.22394225001335144,0.6529590487480164,0.5595285892486572,-0.22938069701194763,0.5116605162620544,0.5551536679267883,-0.30024203658103943,0.6529423594474792,0.5867955088615417,-0.2602394223213196,0.5128796100616455,0.5885540246963501,-0.3345743715763092,0.6482495069503784,0.5835686326026917,-0.3024565577507019,0.5207887887954712,0.583111047744751,-0.3719151020050049,0.6460007429122925,0.5773025751113892,-0.24738097190856934,0.5227242708206177,0.571450412273407,-0.31548553705215454,0.6024749875068665,0.5676872134208679,0.009377171285450459,0.5429447889328003,0.5660730600357056,-0.009478442370891571,0.6058259010314941,0.7098506093025208,0.048774175345897675,0.5341799259185791,0.7148779034614563,0.018490934744477272,0.6092990636825562,0.8337134718894958,0.27081260085105896,0.530126690864563,0.8347323536872864,0.22823503613471985,0.6022214889526367,0.8493537306785583,0.28374552726745605,0.5379348397254944,0.8492127060890198,0.2400892674922943,0.6262788772583008,0.8847631216049194,0.141592875123024,0.5115242600440979,0.8876993060112,0.0948924869298935
162,draw_x,a06_s07_e03,0.5752344131469727,0.2979854643344879,-0.49438396096229553,0.5796853303909302,0.28387194871902466,-0.4777851104736328,0.5829960703849792,0.28426072001457214,-0.4777379035949707,0.5864648818969727,0.2847333252429962,-0.4777291417121887,0.5687662363052368,0.2822532057762146,-0.48256319761276245,0.5640548467636108,0.2817975580692291,-0.4826452136039734,0.559576153755188,0.28158318996429443,-0.48266521096229553,0.5890704393386841,0.2897023558616638,-0.3410434126853943,0.5510995388031006,0.2861437201499939,-0.3645738959312439,0.5792491436004639,0.31396904587745667,-0.4399488568305969,0.5658507347106934,0.3127656877040863,-0.44688528776168823,0.622434675693512,0.37159648537635803,-0.21630772948265076,0.5132060647010803,0.3712100088596344,-0.2487984150648117,0.642587423324585,0.46813276410102844,-0.12854377925395966,0.4945506453514099,0.47663336992263794,-0.19835558533668518,0.6530386209487915,0.5595022439956665,-0.23317265510559082,0.5051254630088806,0.560005247592926,-0.28692060708999634,0.6531358361244202,0.5868176817893982,-0.2651417553424835,0.5051829814910889,0.5919675230979919,-0.3214055001735687,0.648652195930481,0.5835931897163391,-0.3072424530982971,0.5129233598709106,0.5874741673469543,-0.3607560396194458,0.6464232206344604,0.5773079991340637,-0.25143367052078247,0.5152738690376282,0.5770936608314514,-0.3032868504524231,0.6020634770393372,0.5676871538162231,0.006904754787683487,0.5424442291259766,0.5675180554389954,-0.007005835883319378,0.6058540940284729,0.709793746471405,0.045109424740076065,0.5341823697090149,0.7153264284133911,0.02358577586710453,0.6092764735221863,0.8337485790252686,0.2684601843357086,0.5301337242126465,0.8347386717796326,0.2410488873720169,0.6020812392234802,0.8494119644165039,0.2815680205821991,0.5379580855369568,0.8492634892463684,0.2535032033920288,0.6263371706008911,0.8848321437835693,0.14118888974189758,0.51152503490448,0.8876997232437134,0.11098866164684296
163,draw_x,a06_s07_e03,0.5752618312835693,0.29798972606658936,-0.48126283288002014,0.5797025561332703,0.2838878929615021,-0.46412691473960876,0.5830656886100769,0.28426969051361084,-0.46407604217529297,0.586506724357605,0.2847387492656708,-0.4640656113624573,0.5688241124153137,0.28225675225257874,-0.46832942962646484,0.5641355514526367,0.28178757429122925,-0.4684084951877594,0.5596371293067932,0.28153976798057556,-0.46844321489334106,0.5890673398971558,0.28965118527412415,-0.3268807530403137,0.551134467124939,0.2859267592430115,-0.3484891355037689,0.579251766204834,0.31389108300209045,-0.42650848627090454,0.5658689737319946,0.31265175342559814,-0.4327548146247864,0.6224208474159241,0.37156549096107483,-0.20160333812236786,0.5128241777420044,0.3716258704662323,-0.24067902565002441,0.6424924731254578,0.4679810106754303,-0.11219416558742523,0.4929109215736389,0.47628432512283325,-0.16909272968769073,0.6530529260635376,0.5593856573104858,-0.2146494835615158,0.5007715821266174,0.5628966689109802,-0.2610929608345032,0.6533096432685852,0.5868170261383057,-0.24561819434165955,0.5007414221763611,0.5939423441886902,-0.29415029287338257,0.6489615440368652,0.5835926532745361,-0.28736069798469543,0.5091960430145264,0.5902482867240906,-0.33258485794067383,0.6466584801673889,0.5773048996925354,-0.23265883326530457,0.5116731524467468,0.5802194476127625,-0.2771539092063904,0.6018674969673157,0.5677277445793152,0.005891532637178898,0.5422109365463257,0.5686554312705994,-0.0059899212792515755,0.6058853268623352,0.7097848057746887,0.03825584426522255,0.5341883897781372,0.715576708316803,0.02376740798354149,0.6092333793640137,0.8337838053703308,0.2577056288719177,0.530139684677124,0.8347421884536743,0.23982346057891846,0.6018354296684265,0.8494049310684204,0.27055299282073975,0.5379835367202759,0.8492721915245056,0.25221291184425354,0.6263805627822876,0.8851161599159241,0.1320807784795761,0.5116124153137207,0.8876965045928955,0.11071719229221344
164,draw_x,a06_s07_e03,0.5752590894699097,0.2979933023452759,-0.4757600724697113,0.579704761505127,0.2839040756225586,-0.45857295393943787,0.5830813050270081,0.2842806279659271,-0.4585157036781311,0.5865168571472168,0.28474774956703186,-0.4585033059120178,0.5688279867172241,0.28225934505462646,-0.46260833740234375,0.564149022102356,0.2817761301994324,-0.462686151266098,0.5596489310264587,0.28149744868278503,-0.4627247452735901,0.5890674591064453,0.2896212339401245,-0.3217907249927521,0.551171600818634,0.28572705388069153,-0.3426568806171417,0.5792507529258728,0.31382283568382263,-0.4213455617427826,0.565868079662323,0.3125353753566742,-0.4273611009120941,0.6224209070205688,0.37154558300971985,-0.19568465650081635,0.5128858685493469,0.3716031610965729,-0.22719605267047882,0.6424912214279175,0.4678598940372467,-0.10512089729309082,0.4930810034275055,0.4757307767868042,-0.15639206767082214,0.6531162261962891,0.5593216419219971,-0.2073698490858078,0.49798470735549927,0.5634561777114868,-0.25329235196113586,0.6534644365310669,0.5868161916732788,-0.2381347417831421,0.4968871474266052,0.5937937498092651,-0.28660351037979126,0.6492045521736145,0.5835914015769958,-0.28002315759658813,0.5052805542945862,0.5910620093345642,-0.3267267346382141,0.6468847393989563,0.5773001313209534,-0.22544987499713898,0.5079742074012756,0.5823948979377747,-0.27022236585617065,0.6018081307411194,0.567771852016449,0.004514668602496386,0.5422081351280212,0.5689820647239685,-0.004611478187143803,0.6058861017227173,0.7097699642181396,0.03411398082971573,0.534203827381134,0.7156625986099243,0.027028759941458702,0.6092168688774109,0.8340492248535156,0.2532230019569397,0.530142068862915,0.8346276879310608,0.24777591228485107,0.6017929315567017,0.849699854850769,0.2659532427787781,0.5380038619041443,0.8492295742034912,0.26068130135536194,0.6264158487319946,0.885380208492279,0.12647347152233124,0.5116900205612183,0.8875739574432373,0.12047650665044785
165,draw_x,a06_s07_e03,0.5752583146095276,0.2980208098888397,-0.47295522689819336,0.579707145690918,0.2839398980140686,-0.4571731984615326,0.5831137299537659,0.28430935740470886,-0.45713290572166443,0.5865367650985718,0.2847733497619629,-0.4571179747581482,0.5688384771347046,0.2822642922401428,-0.4616517424583435,0.5641727447509766,0.2817746102809906,-0.46172279119491577,0.5596634149551392,0.28147709369659424,-0.4617370069026947,0.5890690088272095,0.28961166739463806,-0.3196921944618225,0.5511950850486755,0.28558212518692017,-0.3399839699268341,0.5792499780654907,0.3138156533241272,-0.41966643929481506,0.5658679008483887,0.3125109374523163,-0.4262343943119049,0.6224132180213928,0.3714958131313324,-0.19364109635353088,0.5128439664840698,0.3716137707233429,-0.22289998829364777,0.6423969864845276,0.4678262174129486,-0.10248184204101562,0.4933798909187317,0.47552695870399475,-0.1562282145023346,0.6531386375427246,0.55931556224823,-0.2041548788547516,0.4957830011844635,0.5654047131538391,-0.2501552104949951,0.6535202860832214,0.5868290662765503,-0.23626093566417694,0.4942309260368347,0.5952900052070618,-0.2826785743236542,0.649280309677124,0.5836226344108582,-0.27768760919570923,0.5026021003723145,0.5934380888938904,-0.3222188353538513,0.6469734907150269,0.5773100256919861,-0.2221510112285614,0.5052117705345154,0.5849495530128479,-0.2668374180793762,0.6016647219657898,0.5678018927574158,0.004384789150208235,0.5420095920562744,0.5690869688987732,-0.004484117496758699,0.6058851480484009,0.7097136378288269,0.03197792172431946,0.5341988801956177,0.7155398726463318,0.02675223909318447,0.6092089414596558,0.8340710401535034,0.24756309390068054,0.5301480293273926,0.8345769047737122,0.24472789466381073,0.601753830909729,0.8497154712677002,0.26008927822113037,0.5380384922027588,0.8491699695587158,0.2573496699333191,0.6265034079551697,0.8855036497116089,0.12240689992904663,0.5120879411697388,0.8874996900558472,0.11660419404506683
166,draw_x,a06_s07_e03,0.5752342343330383,0.29805558919906616,-0.45843586325645447,0.5797063112258911,0.2839983105659485,-0.4426307678222656,0.5831252932548523,0.2843687832355499,-0.44259780645370483,0.5865465402603149,0.2848370373249054,-0.44257602095603943,0.5688380002975464,0.2822701036930084,-0.4470132291316986,0.5641768574714661,0.2817729413509369,-0.44707679748535156,0.5596689581871033,0.281457781791687,-0.44708847999572754,0.5890821814537048,0.28960803151130676,-0.3088238835334778,0.5512403249740601,0.28545716404914856,-0.3296315371990204,0.5792410373687744,0.31381237506866455,-0.40550240874290466,0.5658595561981201,0.3124847412109375,-0.41186991333961487,0.6224210262298584,0.3714827597141266,-0.19083192944526672,0.512902557849884,0.3715681731700897,-0.21367940306663513,0.642396092414856,0.46780017018318176,-0.09963549673557281,0.4937456548213959,0.4753136932849884,-0.14964401721954346,0.6531471014022827,0.5592591762542725,-0.2003527581691742,0.4958474636077881,0.565217137336731,-0.24563172459602356,0.6535543203353882,0.5868329405784607,-0.23049747943878174,0.4933425486087799,0.5950291752815247,-0.2787627577781677,0.6493356823921204,0.5836242437362671,-0.27243444323539734,0.5021692514419556,0.593165934085846,-0.3185717761516571,0.6470270752906799,0.5773048996925354,-0.2185298651456833,0.5049932599067688,0.5846908092498779,-0.26255112886428833,0.6016483902931213,0.5678355097770691,0.004160829819738865,0.5420078039169312,0.5691698789596558,-0.004260336514562368,0.6058903932571411,0.7096841335296631,0.03028922900557518,0.5341962575912476,0.7154660820960999,0.02656036987900734,0.6091862320899963,0.8341160416603088,0.2452126443386078,0.5301541686058044,0.8344624042510986,0.2431318461894989,0.6016780138015747,0.8497288227081299,0.25768139958381653,0.5380528569221497,0.8489592671394348,0.255632221698761,0.6265490055084229,0.8856642246246338,0.12036959826946259,0.512337863445282,0.8873677849769592,0.11517550051212311
167,draw_x,a06_s07_e03,0.5752105712890625,0.29805871844291687,-0.45794764161109924,0.5797067284584045,0.28401610255241394,-0.44203585386276245,0.5831433534622192,0.2843893766403198,-0.4420032501220703,0.586561381816864,0.28486403822898865,-0.44198209047317505,0.5688368082046509,0.2822728753089905,-0.44630926847457886,0.5641790628433228,0.28176572918891907,-0.4463736414909363,0.5596717596054077,0.28143182396888733,-0.4463872015476227,0.589104413986206,0.2896044850349426,-0.30856359004974365,0.5512852072715759,0.28536802530288696,-0.32920345664024353,0.5792319774627686,0.31380027532577515,-0.4049778878688812,0.5658471584320068,0.3124328851699829,-0.41121339797973633,0.6224339008331299,0.3714791238307953,-0.1903916746377945,0.5129036903381348,0.3715643286705017,-0.21379747986793518,0.6423956751823425,0.46780359745025635,-0.10066448152065277,0.4939815104007721,0.47522300481796265,-0.15058259665966034,0.6531486511230469,0.5592884421348572,-0.20241573452949524,0.49576228857040405,0.5655624866485596,-0.2476687878370285,0.6535601019859314,0.5868977308273315,-0.23267583549022675,0.4929138123989105,0.5954576134681702,-0.2811582684516907,0.6493397355079651,0.5836818218231201,-0.27471354603767395,0.5016957521438599,0.593824028968811,-0.3213607668876648,0.6470283269882202,0.5773380398750305,-0.22053858637809753,0.5045496225357056,0.585264265537262,-0.2647901177406311,0.6016443371772766,0.5678473711013794,0.0039565106853842735,0.5419995188713074,0.5692116618156433,-0.00405473168939352,0.6058908700942993,0.7095621228218079,0.03144977614283562,0.5341902375221252,0.715393602848053,0.026747509837150574,0.6091803312301636,0.8341158628463745,0.248384028673172,0.5301564931869507,0.83432936668396,0.2437502145767212,0.6016725301742554,0.8497266173362732,0.26109302043914795,0.5380814671516418,0.8488576412200928,0.2563582956790924,0.6265798211097717,0.8857557773590088,0.12377987802028656,0.5124664306640625,0.8872524499893188,0.11690708249807358
168,draw_x,a06_s07_e03,0.5752080678939819,0.29806166887283325,-0.46056923270225525,0.5797088146209717,0.284030556678772,-0.4443588852882385,0.5831788182258606,0.28440651297569275,-0.444327175617218,0.586581826210022,0.2848866283893585,-0.4443064332008362,0.5688461065292358,0.28227463364601135,-0.4487324655056,0.5642098188400269,0.2817569971084595,-0.4487963616847992,0.5596998929977417,0.2814038395881653,-0.4488087594509125,0.5891169309616089,0.2896004617214203,-0.3102472722530365,0.5513628125190735,0.28528374433517456,-0.3315524458885193,0.5792287588119507,0.31378403306007385,-0.4073238968849182,0.5658458471298218,0.31236732006073,-0.41371530294418335,0.6224365234375,0.37147679924964905,-0.1926187425851822,0.5126761198043823,0.3717450201511383,-0.21471543610095978,0.6424063444137573,0.4678550362586975,-0.1029442772269249,0.49397650361061096,0.4755730926990509,-0.15399137139320374,0.6530777812004089,0.5595366358757019,-0.20618481934070587,0.4952571392059326,0.5666951537132263,-0.25307151675224304,0.6535595655441284,0.5871331691741943,-0.23717930912971497,0.4927414357662201,0.5965035557746887,-0.2873011529445648,0.6492622494697571,0.5838651657104492,-0.27925387024879456,0.5013905763626099,0.5950047969818115,-0.3277139961719513,0.6468836665153503,0.5774748921394348,-0.22424867749214172,0.5041679739952087,0.586280107498169,-0.27030056715011597,0.6016287803649902,0.5678583979606628,0.0038687188643962145,0.5418537855148315,0.5692587494850159,-0.003965470008552074,0.6058796644210815,0.7095482349395752,0.03339846432209015,0.53419029712677,0.7152193784713745,0.02814676985144615,0.6091821789741516,0.8341689705848694,0.2519424557685852,0.5301817059516907,0.8342140913009644,0.2486279010772705,0.601671040058136,0.8497506380081177,0.2647891640663147,0.5381270051002502,0.848712682723999,0.2616139352321625,0.6266587972640991,0.8858758807182312,0.12710803747177124,0.5126577615737915,0.8871289491653442,0.12232605367898941
169,draw_x,a06_s07_e03,0.5752280354499817,0.29806438088417053,-0.4536464214324951,0.57977294921875,0.2840366065502167,-0.4377506375312805,0.5833272337913513,0.2844158411026001,-0.4377153515815735,0.5866554975509644,0.2848998010158539,-0.4376913905143738,0.5689287781715393,0.2822742462158203,-0.442131906747818,0.5643245577812195,0.281744122505188,-0.44219398498535156,0.559810221195221,0.28137150406837463,-0.4422066807746887,0.5891477465629578,0.2895968556404114,-0.30679410696029663,0.5514828562736511,0.2851930558681488,-0.328559935092926,0.5792348384857178,0.3137553930282593,-0.4015685021877289,0.5658703446388245,0.31230419874191284,-0.40802446007728577,0.6224392056465149,0.37145471572875977,-0.19169878959655762,0.5124229788780212,0.37195974588394165,-0.21474938094615936,0.6423569321632385,0.4679891765117645,-0.10225366055965424,0.4942193925380707,0.4770773947238922,-0.15328019857406616,0.6529169082641602,0.5599982142448425,-0.2046392858028412,0.49513334035873413,0.567787230014801,-0.24797184765338898,0.6535195708274841,0.5873862504959106,-0.23559188842773438,0.49264660477638245,0.5973064303398132,-0.28105753660202026,0.6491349935531616,0.5840781331062317,-0.2780546545982361,0.5013930797576904,0.5959314703941345,-0.3211575150489807,0.6466878652572632,0.5776347517967224,-0.22276970744132996,0.5041261315345764,0.5872321724891663,-0.26503896713256836,0.6015580892562866,0.5680121779441833,0.003890975611284375,0.5416465997695923,0.569391667842865,-0.00398883456364274,0.6058704257011414,0.7095420360565186,0.034330785274505615,0.5341777801513672,0.7151674032211304,0.02813444659113884,0.6091631650924683,0.8342434167861938,0.24930080771446228,0.5301862359046936,0.8341601490974426,0.24828533828258514,0.6015869379043579,0.8497865796089172,0.2618085741996765,0.5381290316581726,0.8485988974571228,0.26115864515304565,0.6267305016517639,0.8859094381332397,0.12709468603134155,0.5127965211868286,0.887033998966217,0.11989842355251312
170,draw_x,a06_s07_e03,0.5752425193786621,0.29808178544044495,-0.4545520842075348,0.5798295140266418,0.2840551435947418,-0.4385136663913727,0.5834470987319946,0.2844395637512207,-0.43847712874412537,0.5867112874984741,0.28492864966392517,-0.4384544789791107,0.5690049529075623,0.28227582573890686,-0.4428675174713135,0.564424991607666,0.28173816204071045,-0.44293078780174255,0.5599037408828735,0.28135058283805847,-0.44294556975364685,0.5891709923744202,0.28959986567497253,-0.30693212151527405,0.5515654683113098,0.2851279377937317,-0.32873404026031494,0.5792353749275208,0.31375041604042053,-0.402120977640152,0.5658837556838989,0.31227973103523254,-0.40853986144065857,0.6224408149719238,0.37142664194107056,-0.19288946688175201,0.5122376084327698,0.3721160292625427,-0.21534374356269836,0.6423195600509644,0.4682011604309082,-0.10510784387588501,0.49441489577293396,0.4784778654575348,-0.15430936217308044,0.6527518630027771,0.5606528520584106,-0.20712034404277802,0.4954216480255127,0.5682191848754883,-0.24976782500743866,0.6534609794616699,0.5877276062965393,-0.23817840218544006,0.4929938316345215,0.5976701378822327,-0.28315475583076477,0.6489442586898804,0.5843819975852966,-0.27961233258247375,0.5017856359481812,0.5963326692581177,-0.3232971131801605,0.6464174389839172,0.577867865562439,-0.22486715018749237,0.5044863820075989,0.5876487493515015,-0.2668292820453644,0.6015216112136841,0.5681450963020325,0.0036960996221750975,0.5414760112762451,0.5694536566734314,-0.003795695025473833,0.6058682203292847,0.7095311284065247,0.034085892140865326,0.5341745018959045,0.7151039838790894,0.02933322824537754,0.6091650128364563,0.8342824578285217,0.24986329674720764,0.5302461385726929,0.8338891863822937,0.24852021038532257,0.6015917658805847,0.8498086333274841,0.2625330090522766,0.5381675362586975,0.8481683731079102,0.2614334225654602,0.6267743706703186,0.8859406113624573,0.12792719900608063,0.5129507780075073,0.8868448734283447,0.12360364198684692
171,draw_x,a06_s07_e03,0.5752326846122742,0.298088401556015,-0.4550797939300537,0.5798372030258179,0.2840612232685089,-0.43898120522499084,0.5834853649139404,0.28444603085517883,-0.4389441907405853,0.5867286920547485,0.2849362790584564,-0.4389224052429199,0.5690168142318726,0.28227731585502625,-0.4433062970638275,0.5644506216049194,0.28173524141311646,-0.44337043166160583,0.559921145439148,0.2813374400138855,-0.44338637590408325,0.589188277721405,0.2895975708961487,-0.307028591632843,0.5516085624694824,0.28508260846138,-0.3287460505962372,0.5792179703712463,0.31373733282089233,-0.40250158309936523,0.5658724308013916,0.3122454583644867,-0.40889495611190796,0.6224587559700012,0.3714040517807007,-0.19354034960269928,0.5120704770088196,0.37229061126708984,-0.21578066051006317,0.6423115730285645,0.4683513045310974,-0.10701669752597809,0.494526207447052,0.47947439551353455,-0.15504930913448334,0.6525654792785645,0.5608833432197571,-0.20955756306648254,0.4958113729953766,0.5685824155807495,-0.25093546509742737,0.6533993482589722,0.5878124237060547,-0.24090568721294403,0.49331921339035034,0.5980265736579895,-0.28449898958206177,0.6487212777137756,0.5844596028327942,-0.2817939221858978,0.5021809339523315,0.5966902375221252,-0.32438570261001587,0.6461074948310852,0.5779720544815063,-0.2271026074886322,0.504874050617218,0.5879433155059814,-0.267869770526886,0.601428210735321,0.5683031678199768,0.003517527598887682,0.5412540435791016,0.5695006251335144,-0.0036187879741191864,0.6057318449020386,0.7095191478729248,0.034211188554763794,0.53415846824646,0.7151010632514954,0.03001025691628456,0.6091628074645996,0.8342927098274231,0.25096866488456726,0.5302658677101135,0.8337008953094482,0.24879972636699677,0.6015891432762146,0.8498079776763916,0.2637566924095154,0.5382000207901001,0.8477798104286194,0.2617645859718323,0.6268055438995361,0.8859808444976807,0.12867647409439087,0.5130060315132141,0.8867797255516052,0.12503387033939362
172,draw_x,a06_s07_e03,0.5752217173576355,0.29809096455574036,-0.4554435610771179,0.5798407793045044,0.28406429290771484,-0.43928807973861694,0.5835105180740356,0.28444716334342957,-0.4392508864402771,0.5867396593093872,0.2849380075931549,-0.4392296373844147,0.5690189599990845,0.2822742462158203,-0.443614661693573,0.5644575953483582,0.2817257344722748,-0.44367924332618713,0.5599226951599121,0.2813178300857544,-0.44369587302207947,0.589203953742981,0.2895899713039398,-0.3076469898223877,0.5516197085380554,0.2850564420223236,-0.3289627432823181,0.5792044997215271,0.31370118260383606,-0.4026569724082947,0.5658594369888306,0.31219735741615295,-0.40909528732299805,0.6224855780601501,0.3713870942592621,-0.19383272528648376,0.5120373964309692,0.37239760160446167,-0.21616347134113312,0.6423165798187256,0.4684920608997345,-0.10683268308639526,0.4945746958255768,0.4800998270511627,-0.15628959238529205,0.6524519920349121,0.5611084699630737,-0.20817136764526367,0.4958608150482178,0.5690717697143555,-0.2513543963432312,0.6533316969871521,0.5880005955696106,-0.23928745090961456,0.4934628903865814,0.598504900932312,-0.28472644090652466,0.6484703421592712,0.5846396088600159,-0.2804538607597351,0.50245600938797,0.5970986485481262,-0.32378846406936646,0.6458092927932739,0.578136146068573,-0.22577989101409912,0.5051506161689758,0.5882743000984192,-0.2679125666618347,0.6013990640640259,0.5683090090751648,0.0035687207709997892,0.5411667823791504,0.569480836391449,-0.0036723867524415255,0.6056948304176331,0.7094974517822266,0.033262886106967926,0.5341635942459106,0.7150182723999023,0.028902854770421982,0.6091604232788086,0.8343573808670044,0.24762782454490662,0.5302999019622803,0.8336965441703796,0.24539658427238464,0.6015747785568237,0.8498307466506958,0.2602207064628601,0.5382089018821716,0.8477741479873657,0.25818806886672974,0.6268407106399536,0.8860044479370117,0.126461923122406,0.5132080316543579,0.8867380619049072,0.12322155386209488
173,draw_x,a06_s07_e03,0.5752206444740295,0.2980937659740448,-0.45968636870384216,0.5798546671867371,0.2840683162212372,-0.443751722574234,0.5835497379302979,0.28445008397102356,-0.44371405243873596,0.5867574214935303,0.2849406898021698,-0.44369539618492126,0.5690328478813171,0.28226861357688904,-0.4478965699672699,0.564479410648346,0.28170979022979736,-0.4479645788669586,0.559942364692688,0.2812848687171936,-0.44798001646995544,0.5892139077186584,0.28958791494369507,-0.31249091029167175,0.5516484379768372,0.2850063741207123,-0.33329397439956665,0.5792003870010376,0.3136827051639557,-0.4072307050228119,0.5658586621284485,0.31215527653694153,-0.41342300176620483,0.6225064396858215,0.3713662028312683,-0.19777746498584747,0.5119471549987793,0.37254220247268677,-0.2197858840227127,0.6423206925392151,0.4685368239879608,-0.11079929769039154,0.4946354925632477,0.480737566947937,-0.15659841895103455,0.6523959636688232,0.5611830353736877,-0.21148283779621124,0.4960012435913086,0.5697933435440063,-0.2528814673423767,0.6533142924308777,0.5881369113922119,-0.24262022972106934,0.4938443601131439,0.5991832613945007,-0.28636789321899414,0.6483186483383179,0.5847792029380798,-0.2831730246543884,0.5027836561203003,0.5978379845619202,-0.32532230019569397,0.645608127117157,0.578253984451294,-0.22877638041973114,0.5054029822349548,0.5889211893081665,-0.26935136318206787,0.6012846231460571,0.5684093832969666,0.003589244559407234,0.5409364104270935,0.5694848895072937,-0.003693442791700363,0.6056164503097534,0.7094900012016296,0.03358250483870506,0.5341657400131226,0.7150121331214905,0.029333626851439476,0.6091583967208862,0.8343810439109802,0.24860015511512756,0.5303298234939575,0.8334782123565674,0.24836957454681396,0.6015728712081909,0.8498340249061584,0.2610584497451782,0.5382376909255981,0.8474175333976746,0.26156964898109436,0.6269025802612305,0.8861151933670044,0.12747712433338165,0.5132640600204468,0.8866844773292542,0.12570419907569885
174,draw_x,a06_s07_e03,0.575210452079773,0.29811108112335205,-0.46301692724227905,0.5798572301864624,0.2840839624404907,-0.4471704363822937,0.5835690498352051,0.2844683825969696,-0.4471316337585449,0.5867677927017212,0.28496253490448,-0.4471157193183899,0.5690341591835022,0.28227028250694275,-0.45120710134506226,0.5644849538803101,0.2817079722881317,-0.4512760043144226,0.5599470734596252,0.2812773883342743,-0.4512900710105896,0.5892286896705627,0.28959304094314575,-0.31581148505210876,0.5516664981842041,0.2849927842617035,-0.3362290859222412,0.5791906118392944,0.31367790699005127,-0.4105839729309082,0.5658466815948486,0.3121500015258789,-0.4166213870048523,0.6225355863571167,0.3713594377040863,-0.19970153272151947,0.5118319988250732,0.3727298378944397,-0.22274789214134216,0.6423268914222717,0.4685972034931183,-0.11194173246622086,0.4946877062320709,0.4812548756599426,-0.15767596662044525,0.6523450016975403,0.5613881349563599,-0.2118493616580963,0.4961163103580475,0.5703107714653015,-0.25385671854019165,0.6532990336418152,0.5883365273475647,-0.24281413853168488,0.4941646456718445,0.5995821356773376,-0.28746750950813293,0.6481961607933044,0.585006058216095,-0.28325963020324707,0.5030289888381958,0.5982620120048523,-0.3263000249862671,0.6454513072967529,0.5784317255020142,-0.22909386456012726,0.5055978298187256,0.5893449783325195,-0.2702602744102478,0.6011728644371033,0.5684508681297302,0.003611380932852626,0.5406805276870728,0.5694812536239624,-0.0037150487769395113,0.6055588722229004,0.7094841599464417,0.03179742023348808,0.5341768860816956,0.7150090932846069,0.029282551258802414,0.6091634035110474,0.8344236016273499,0.24939875304698944,0.5303511023521423,0.8333085179328918,0.24922236800193787,0.6015819907188416,0.8498402833938599,0.2620759904384613,0.5382588505744934,0.8471484780311584,0.2626243233680725,0.626940131187439,0.8862783312797546,0.12801231443881989,0.5133240818977356,0.8866512179374695,0.12628015875816345
175,draw_x,a06_s07_e03,0.5751888751983643,0.29810991883277893,-0.46288806200027466,0.5798603296279907,0.2840857207775116,-0.447042316198349,0.5835777521133423,0.28446927666664124,-0.4470031261444092,0.5867716073989868,0.2849641442298889,-0.4469866156578064,0.5690336227416992,0.28226426243782043,-0.4510878026485443,0.5644863843917847,0.2816951870918274,-0.45115628838539124,0.5599486827850342,0.28125378489494324,-0.45117083191871643,0.5892359018325806,0.2895910143852234,-0.31565582752227783,0.5516749024391174,0.2849518358707428,-0.3361423909664154,0.5791803598403931,0.3136519491672516,-0.4104519784450531,0.5658223032951355,0.3121039569377899,-0.41649872064590454,0.6225548982620239,0.37134838104248047,-0.19902731478214264,0.5117977857589722,0.37275686860084534,-0.22327899932861328,0.6423265337944031,0.4686090648174286,-0.11090375483036041,0.49472707509994507,0.4813913404941559,-0.15780426561832428,0.652300238609314,0.5614064335823059,-0.2108663022518158,0.49627476930618286,0.5702115893363953,-0.2541802227497101,0.6532831788063049,0.5883883833885193,-0.24178190529346466,0.4943179488182068,0.5995673537254333,-0.2876768708229065,0.6481136083602905,0.5850529074668884,-0.2824494242668152,0.5032027959823608,0.5982539653778076,-0.326427161693573,0.6453485488891602,0.5784703493118286,-0.22820551693439484,0.5057833194732666,0.5893223881721497,-0.2705392837524414,0.6010614037513733,0.5684621930122375,0.003686870215460658,0.5404980778694153,0.5694577693939209,-0.0037928048986941576,0.6055155396461487,0.7093944549560547,0.03201708942651749,0.534170925617218,0.7150062918663025,0.02921959199011326,0.6091757416725159,0.8343331217765808,0.24984987080097198,0.5303552150726318,0.8332760334014893,0.2489415407180786,0.6015810370445251,0.8497064113616943,0.2624230980873108,0.5382629036903381,0.8470882177352905,0.262310266494751,0.6270099878311157,0.8862830996513367,0.12897726893424988,0.5134004354476929,0.8866356611251831,0.12565307319164276
176,draw_x,a06_s07_e03,0.5751866102218628,0.29811203479766846,-0.46468639373779297,0.5798670053482056,0.28408822417259216,-0.4488157331943512,0.5835956335067749,0.28447097539901733,-0.44877609610557556,0.586778998374939,0.2849661111831665,-0.44876107573509216,0.569038987159729,0.2822611927986145,-0.4528176188468933,0.564494252204895,0.2816862463951111,-0.4528864920139313,0.5599561929702759,0.2812359631061554,-0.45290103554725647,0.589238703250885,0.28958860039711,-0.3173523247241974,0.5516870021820068,0.28492680191993713,-0.33760425448417664,0.5791760683059692,0.31364181637763977,-0.41227397322654724,0.5658200979232788,0.31208017468452454,-0.4182436466217041,0.6225574016571045,0.37134331464767456,-0.20054249465465546,0.5117939710617065,0.3727773129940033,-0.22435033321380615,0.6423059701919556,0.4686562120914459,-0.11305806785821915,0.4947599470615387,0.48136410117149353,-0.15839006006717682,0.6522461175918579,0.5614311695098877,-0.21285586059093475,0.4963369369506836,0.5700445175170898,-0.25457265973091125,0.6532648801803589,0.5884199738502502,-0.24380283057689667,0.49433964490890503,0.5993889570236206,-0.28814491629600525,0.6480306386947632,0.5850817561149597,-0.284458190202713,0.5032324194908142,0.598060667514801,-0.3267982602119446,0.6452467441558838,0.5784984827041626,-0.23021206259727478,0.5058227181434631,0.5891498327255249,-0.27088597416877747,0.6009544134140015,0.5684673190116882,0.0037048563826829195,0.5403822064399719,0.5693942904472351,-0.0038108949083834887,0.6054650545120239,0.7092956900596619,0.03138653188943863,0.53416508436203,0.7149969935417175,0.029032116755843163,0.6091946363449097,0.8344634175300598,0.24874365329742432,0.5303758382797241,0.8332539796829224,0.2488589733839035,0.6016072034835815,0.8497961163520813,0.2614336311817169,0.5383042097091675,0.8470633625984192,0.262222021818161,0.6270360350608826,0.8863270878791809,0.12733706831932068,0.5134100914001465,0.8866296410560608,0.12534090876579285
177,draw_x,a06_s07_e03,0.5751634836196899,0.29808270931243896,-0.4679211676120758,0.5798690915107727,0.28407758474349976,-0.45190128684043884,0.5836018919944763,0.28446096181869507,-0.45186352729797363,0.5867855548858643,0.284960001707077,-0.4518519937992096,0.5690370202064514,0.28224316239356995,-0.45580124855041504,0.564494252204895,0.28166458010673523,-0.4558691084384918,0.5599573850631714,0.2812059819698334,-0.4558834433555603,0.5892419815063477,0.28958219289779663,-0.3196895718574524,0.5516916513442993,0.28489357233047485,-0.3394099473953247,0.5791598558425903,0.3135887086391449,-0.4152831435203552,0.5657951235771179,0.3120002746582031,-0.42108869552612305,0.622570812702179,0.37134119868278503,-0.20233599841594696,0.5117746591567993,0.37279558181762695,-0.22539205849170685,0.6422344446182251,0.4687753915786743,-0.11630742251873016,0.49477019906044006,0.48131945729255676,-0.15920093655586243,0.6522020697593689,0.5614497661590576,-0.21806252002716064,0.49635252356529236,0.5699158906936646,-0.2555224597454071,0.6532569527626038,0.5884309411048889,-0.24952968955039978,0.4943350851535797,0.599237322807312,-0.2892783582210541,0.6480004191398621,0.5850879549980164,-0.2905550003051758,0.5031492114067078,0.5978839993476868,-0.32882314920425415,0.6452039480209351,0.5785109400749207,-0.23566195368766785,0.5057486295700073,0.5890251994132996,-0.27222955226898193,0.6008526682853699,0.568473219871521,0.0037185116671025753,0.5402349233627319,0.5693204402923584,-0.0038246263284236193,0.6053723096847534,0.7092467546463013,0.03048025444149971,0.5341647863388062,0.7149950861930847,0.028193678706884384,0.6091971397399902,0.8346611261367798,0.2482486069202423,0.5303908586502075,0.8332831859588623,0.2485743761062622,0.6016072630882263,0.8499211668968201,0.2610333561897278,0.5383137464523315,0.8471410870552063,0.2619248032569885,0.6270750761032104,0.8864272832870483,0.12555427849292755,0.5135039687156677,0.8866254091262817,0.12412847578525543
178,draw_x,a06_s07_e03,0.575161337852478,0.2980678379535675,-0.4722159504890442,0.5798748135566711,0.28407102823257446,-0.45606762170791626,0.5836135149002075,0.2844546437263489,-0.4560302793979645,0.5867894887924194,0.2849558889865875,-0.4560210108757019,0.5690435767173767,0.2822307050228119,-0.46004733443260193,0.5645009279251099,0.2816491723060608,-0.4601168632507324,0.5599660873413086,0.2811851501464844,-0.46013158559799194,0.5892444849014282,0.28957539796829224,-0.323050856590271,0.5517016649246216,0.2848702073097229,-0.3430602550506592,0.5791583061218262,0.31355518102645874,-0.41929492354393005,0.5657935738563538,0.3119511008262634,-0.4251983165740967,0.6225871443748474,0.3713403344154358,-0.20497620105743408,0.5117766857147217,0.3727897107601166,-0.22795864939689636,0.6421759724617004,0.46882250905036926,-0.1195034384727478,0.49479302763938904,0.48127371072769165,-0.16199980676174164,0.6521889567375183,0.5614275336265564,-0.22229178249835968,0.4963161051273346,0.5697848796844482,-0.2587977647781372,0.6532548069953918,0.5884183049201965,-0.25398290157318115,0.4942086338996887,0.5991179943084717,-0.2928364872932434,0.6479947566986084,0.5850538611412048,-0.29535698890686035,0.5029641389846802,0.5977115035057068,-0.33314961194992065,0.6451966762542725,0.5784947872161865,-0.240069180727005,0.5055869817733765,0.5888338088989258,-0.2758728563785553,0.6007956266403198,0.5684640407562256,0.0037314915098249912,0.5401519536972046,0.5691753625869751,-0.0038372408598661423,0.6053018569946289,0.7091318368911743,0.030653607100248337,0.5341522693634033,0.714961051940918,0.02799447998404503,0.6092026829719543,0.8347383141517639,0.24856433272361755,0.5303945541381836,0.8332800269126892,0.24829928576946259,0.6016161441802979,0.8499804735183716,0.26138508319854736,0.5383186936378479,0.8471468687057495,0.26160022616386414,0.6270837783813477,0.8864330053329468,0.12547056376934052,0.5135805010795593,0.8866113424301147,0.12386454641819
179,draw_x,a06_s07_e03,0.5751509666442871,0.29804709553718567,-0.47156357765197754,0.5798771381378174,0.2840641736984253,-0.45543280243873596,0.5836189985275269,0.2844477593898773,-0.4553956389427185,0.5867950320243835,0.28495165705680847,-0.45538491010665894,0.5690442323684692,0.2822204530239105,-0.45936933159828186,0.5645023584365845,0.281636506319046,-0.4594387114048004,0.5599680542945862,0.281167596578598,-0.45945340394973755,0.5892478227615356,0.2895699441432953,-0.32241424918174744,0.551708459854126,0.2848525643348694,-0.3422641158103943,0.57915198802948,0.3135198950767517,-0.41863304376602173,0.5657856464385986,0.31190675497055054,-0.42447853088378906,0.6225897669792175,0.3713417947292328,-0.20425036549568176,0.5118160247802734,0.3727031648159027,-0.22750012576580048,0.6421473026275635,0.4688659906387329,-0.11832582950592041,0.49481210112571716,0.48108941316604614,-0.16184401512145996,0.6521708369255066,0.5614213943481445,-0.221225768327713,0.4962119460105896,0.5696867108345032,-0.2587941884994507,0.6532519459724426,0.5884143710136414,-0.2527908980846405,0.49389925599098206,0.5990808606147766,-0.29283004999160767,0.6479893922805786,0.5850419998168945,-0.2942969501018524,0.5026025772094727,0.5976349711418152,-0.33319318294525146,0.6451888680458069,0.5784915089607239,-0.23904554545879364,0.5052708387374878,0.5887197852134705,-0.27587300539016724,0.6007291078567505,0.5684424042701721,0.0037411905359476805,0.5400955080986023,0.5689329504966736,-0.003847012761980295,0.6052387952804565,0.7090607285499573,0.030744973570108414,0.5341508388519287,0.7148865461349487,0.027847683057188988,0.6092064380645752,0.8347339630126953,0.24878749251365662,0.5304338932037354,0.8332640528678894,0.24810704588890076,0.6016196608543396,0.8499718904495239,0.2616351246833801,0.5383400321006775,0.8471434116363525,0.2613789439201355,0.6270956993103027,0.8864262104034424,0.12545309960842133,0.5137245655059814,0.8865927457809448,0.12351496517658234
180,draw_x,a06_s07_e03,0.5750285387039185,0.29798558354377747,-0.47299274802207947,0.5798286199569702,0.2840351462364197,-0.4569966793060303,0.5835870504379272,0.28441372513771057,-0.45695915818214417,0.5867862105369568,0.28492215275764465,-0.45694929361343384,0.5689657330513,0.2821955680847168,-0.4607884883880615,0.5644304752349854,0.2816113531589508,-0.46085724234580994,0.5599106550216675,0.2811368703842163,-0.4608716368675232,0.5892499685287476,0.2895365059375763,-0.3241533041000366,0.5517147779464722,0.28481194376945496,-0.3433147966861725,0.5790901184082031,0.31341227889060974,-0.42010074853897095,0.5656570196151733,0.31180131435394287,-0.4257563054561615,0.6225919127464294,0.3713459074497223,-0.2057078778743744,0.5118296146392822,0.3726962208747864,-0.22802002727985382,0.6420870423316956,0.4689919352531433,-0.11945036798715591,0.4948233664035797,0.4810478389263153,-0.16226434707641602,0.6521679162979126,0.5614206790924072,-0.22099164128303528,0.49591293931007385,0.5697304010391235,-0.25900396704673767,0.653253436088562,0.5884118676185608,-0.25225958228111267,0.4935670495033264,0.5991095304489136,-0.29295632243156433,0.6479953527450562,0.5850375890731812,-0.29375237226486206,0.5020698308944702,0.5977176427841187,-0.33347782492637634,0.6451995372772217,0.5784929990768433,-0.2387702465057373,0.5047250390052795,0.5888246297836304,-0.2761910855770111,0.6007162928581238,0.568418562412262,0.003753634635359049,0.5400916337966919,0.5688440203666687,-0.0038594126235693693,0.6052144765853882,0.7090409994125366,0.030666833743453026,0.5341509580612183,0.7147899270057678,0.027653519064188004,0.6092020869255066,0.8347551822662354,0.2483278214931488,0.530452311038971,0.8332520723342896,0.24770233035087585,0.6016141176223755,0.8499882817268372,0.26112785935401917,0.5383805632591248,0.8471424579620361,0.2608793079853058,0.6271049380302429,0.886429488658905,0.12440022081136703,0.5137407779693604,0.8865877389907837,0.1224917396903038
181,draw_x,a06_s07_e03,0.5750013589859009,0.2978985905647278,-0.4729161262512207,0.5798221826553345,0.2839910686016083,-0.4567801058292389,0.5835877656936646,0.28436869382858276,-0.4567433297634125,0.5867888331413269,0.2848825752735138,-0.4567335546016693,0.5689492225646973,0.2821546196937561,-0.4605778753757477,0.5644132494926453,0.2815731465816498,-0.46064990758895874,0.5598985552787781,0.28109076619148254,-0.4606666564941406,0.5892524719238281,0.2894965410232544,-0.3238424062728882,0.5517207384109497,0.284758597612381,-0.3431043028831482,0.5790770649909973,0.3132886290550232,-0.4199638366699219,0.5656282305717468,0.31167924404144287,-0.42561888694763184,0.6225948333740234,0.37134772539138794,-0.20463058352470398,0.5118771195411682,0.3726594150066376,-0.22737891972064972,0.641978919506073,0.4690241813659668,-0.11374589055776596,0.49494123458862305,0.4810328185558319,-0.16043858230113983,0.652158260345459,0.5613924264907837,-0.21096928417682648,0.49569717049598694,0.5697739124298096,-0.2560276687145233,0.6532498598098755,0.588390052318573,-0.2406253069639206,0.49311599135398865,0.5991306900978088,-0.2893998324871063,0.6479939818382263,0.5850127935409546,-0.2822445333003998,0.5013568997383118,0.5978140234947205,-0.33047884702682495,0.6451992392539978,0.5784868597984314,-0.22865088284015656,0.5041077733039856,0.588945209980011,-0.273487389087677,0.6006941199302673,0.5683518052101135,0.003763098968192935,0.5400846004486084,0.5687017440795898,-0.003868548199534416,0.6052092909812927,0.7090168595314026,0.03019401803612709,0.5341509580612183,0.7147660851478577,0.026411518454551697,0.6092034578323364,0.8347702026367188,0.24676616489887238,0.5304924845695496,0.8332662582397461,0.24349656701087952,0.6016228199005127,0.8499942421913147,0.2594086527824402,0.5384009480476379,0.8471624255180359,0.25622594356536865,0.6271151304244995,0.8864556550979614,0.1226826161146164,0.5138137936592102,0.8865827918052673,0.11746802181005478
182,draw_x,a06_s07_e03,0.5749495029449463,0.2978305220603943,-0.47225889563560486,0.5798026323318481,0.2839641273021698,-0.456153005361557,0.5835759043693542,0.2843414843082428,-0.4561160206794739,0.5867854952812195,0.28486067056655884,-0.45610538125038147,0.5689261555671692,0.2821241021156311,-0.4599885046482086,0.5643908381462097,0.28154274821281433,-0.4600590169429779,0.5598799586296082,0.2810509502887726,-0.4600749611854553,0.5892523527145386,0.28947553038597107,-0.3231942057609558,0.5517259836196899,0.2846999168395996,-0.3425824046134949,0.5790396928787231,0.313193678855896,-0.41929396986961365,0.5655622482299805,0.31158745288848877,-0.4249984323978424,0.6225959658622742,0.3713560998439789,-0.2041100263595581,0.5119343400001526,0.3725624084472656,-0.22719454765319824,0.6418875455856323,0.4690438508987427,-0.11372349411249161,0.4949827194213867,0.4808165729045868,-0.16031569242477417,0.6521468162536621,0.5613736510276794,-0.21116764843463898,0.4952850937843323,0.5697146058082581,-0.2561454772949219,0.6532479524612427,0.5883787274360657,-0.24103470146656036,0.4924127161502838,0.5990726351737976,-0.28956156969070435,0.6479927897453308,0.5850002765655518,-0.2825562655925751,0.5006903409957886,0.5977458953857422,-0.33063995838165283,0.6451992988586426,0.5784839987754822,-0.22883577644824982,0.5035063028335571,0.588883638381958,-0.2735031247138977,0.6006487607955933,0.5682461857795715,0.0037785316817462444,0.5400742888450623,0.5684453248977661,-0.0038839629851281643,0.6051775217056274,0.7089252471923828,0.030126655474305153,0.5341459512710571,0.7146705985069275,0.026150841265916824,0.6092032194137573,0.8347501158714294,0.24692313373088837,0.530515730381012,0.8332469463348389,0.24346069991588593,0.6016215085983276,0.8499677181243896,0.25960013270378113,0.538458526134491,0.8471576571464539,0.2561901807785034,0.627120316028595,0.8864598870277405,0.12266889959573746,0.5138194561004639,0.8865651488304138,0.1171586662530899
183,draw_x,a06_s07_e03,0.5749250650405884,0.29777079820632935,-0.47481852769851685,0.5797955989837646,0.2839410901069641,-0.4588121473789215,0.5835756659507751,0.2843204140663147,-0.45877695083618164,0.5867869853973389,0.2848442792892456,-0.458768755197525,0.5689131021499634,0.2820926606655121,-0.46260443329811096,0.564378559589386,0.2815098464488983,-0.4626733362674713,0.5598694086074829,0.28100550174713135,-0.46268877387046814,0.5892539024353027,0.2894578278064728,-0.32492774724960327,0.5517300367355347,0.28462696075439453,-0.3439660966396332,0.5790239572525024,0.3131173253059387,-0.42137375473976135,0.5655301809310913,0.3114936649799347,-0.42700085043907166,0.6225994825363159,0.37135985493659973,-0.2043929547071457,0.5120171308517456,0.3723955452442169,-0.22727501392364502,0.6418347358703613,0.4690576195716858,-0.11411391198635101,0.49506163597106934,0.48042789101600647,-0.16025635600090027,0.652080774307251,0.5613871216773987,-0.21283058822155,0.49480852484703064,0.5695988535881042,-0.25669631361961365,0.6532333493232727,0.5884031653404236,-0.24297671020030975,0.4915013909339905,0.5989267230033875,-0.29035836458206177,0.6479711532592773,0.5850263237953186,-0.2850348651409149,0.49979186058044434,0.59758460521698,-0.33232757449150085,0.6451672315597534,0.578507125377655,-0.2307237833738327,0.5027320384979248,0.588776707649231,-0.27448123693466187,0.6006186604499817,0.5681656002998352,0.003787882626056671,0.5400715470314026,0.5682191252708435,-0.0038933935575187206,0.6051733493804932,0.708916425704956,0.029194077476859093,0.5341439843177795,0.714633584022522,0.02589387074112892,0.6092093586921692,0.8347589373588562,0.24751122295856476,0.5305500626564026,0.8332387208938599,0.24461324512958527,0.6016316413879395,0.8499694466590881,0.2604472041130066,0.5384984612464905,0.8471499681472778,0.25757452845573425,0.6271466016769409,0.8864829540252686,0.12290157377719879,0.5138750672340393,0.8865494132041931,0.11770117282867432
184,draw_x,a06_s07_e03,0.5749163031578064,0.297763854265213,-0.4740024507045746,0.579794704914093,0.2839397192001343,-0.45799002051353455,0.5835769176483154,0.28431928157806396,-0.4579542279243469,0.5867886543273926,0.2848447263240814,-0.4579448699951172,0.5689116716384888,0.28208595514297485,-0.46182116866111755,0.5643767714500427,0.28150033950805664,-0.46188968420028687,0.5598658919334412,0.28098636865615845,-0.46190500259399414,0.5892555117607117,0.2894535958766937,-0.3243796229362488,0.551734447479248,0.2845810055732727,-0.34356269240379333,0.5790106058120728,0.31310880184173584,-0.42067646980285645,0.5655032992362976,0.31146880984306335,-0.4263552129268646,0.6225928068161011,0.3713615834712982,-0.2042505443096161,0.5120218992233276,0.3723616898059845,-0.22712771594524384,0.6417881846427917,0.4690684676170349,-0.11407636106014252,0.49507585167884827,0.48030582070350647,-0.15991809964179993,0.6520042419433594,0.5614020228385925,-0.21300876140594482,0.4938899874687195,0.5695783495903015,-0.25675052404403687,0.6532039642333984,0.5884338617324829,-0.24331073462963104,0.4905679225921631,0.5988988280296326,-0.29042714834213257,0.6479235291481018,0.5850725173950195,-0.28537285327911377,0.49914035201072693,0.5975418090820312,-0.3323649764060974,0.6451103091239929,0.5785523653030396,-0.23092341423034668,0.5020860433578491,0.5887321829795837,-0.27449560165405273,0.6005595326423645,0.5681165456771851,0.0037966370582580566,0.5400316119194031,0.5680828094482422,-0.0039018187671899796,0.605162501335144,0.7088857889175415,0.028797978535294533,0.5341237187385559,0.7146276831626892,0.02577178180217743,0.6092114448547363,0.8347794413566589,0.2478894740343094,0.5305637121200562,0.8332232236862183,0.24540039896965027,0.6016297340393066,0.849981427192688,0.260985791683197,0.5385063886642456,0.8471329808235168,0.2585115134716034,0.6271607875823975,0.886486828327179,0.12318155914545059,0.5139049887657166,0.886531412601471,0.11855076253414154
185,draw_x,a06_s07_e03,0.5749124884605408,0.297725111246109,-0.4747565686702728,0.5797946453094482,0.2839297950267792,-0.458752304315567,0.5835782885551453,0.28431108593940735,-0.4587167799472809,0.586790144443512,0.28483858704566956,-0.458709180355072,0.5689127445220947,0.2820683419704437,-0.4625891149044037,0.564376950263977,0.2814808189868927,-0.462658554315567,0.5598655939102173,0.2809576392173767,-0.4626728892326355,0.5892549157142639,0.2894396483898163,-0.32532647252082825,0.5517367124557495,0.284516304731369,-0.34438762068748474,0.5790036916732788,0.3130650222301483,-0.4215100407600403,0.5654960870742798,0.3114093840122223,-0.42716488242149353,0.6225696802139282,0.3713640868663788,-0.20543272793293,0.5120261311531067,0.37235400080680847,-0.22761817276477814,0.6416810750961304,0.4690774083137512,-0.11695779860019684,0.4950904846191406,0.48021936416625977,-0.16027608513832092,0.6519687175750732,0.5614023208618164,-0.21581485867500305,0.49344342947006226,0.5695542693138123,-0.2572895884513855,0.653188943862915,0.5884601473808289,-0.24619045853614807,0.4900696277618408,0.5988864302635193,-0.2910616397857666,0.6479215621948242,0.5851168036460876,-0.2881213426589966,0.49852949380874634,0.5974883437156677,-0.3330896198749542,0.6451089978218079,0.5785884261131287,-0.2337169349193573,0.5015190839767456,0.5886800289154053,-0.2751553952693939,0.6005174517631531,0.5680649280548096,0.0037864726036787033,0.5399625897407532,0.5679047703742981,-0.003891958622261882,0.6051523685455322,0.7086070775985718,0.027999818325042725,0.5340926051139832,0.7145752310752869,0.02563530206680298,0.6092298626899719,0.8347834348678589,0.24751833081245422,0.5305994153022766,0.8332210779190063,0.24510088562965393,0.6016637682914734,0.8499827980995178,0.2605695128440857,0.5385557413101196,0.847136914730072,0.25811153650283813,0.6271845698356628,0.8864898681640625,0.12255404889583588,0.5139113068580627,0.886526346206665,0.11805091798305511
186,draw_x,a06_s07_e03,0.5748995542526245,0.2977219820022583,-0.4817773699760437,0.5797926187515259,0.2839301526546478,-0.46598711609840393,0.5835795402526855,0.28431177139282227,-0.46595317125320435,0.586791455745697,0.2848406136035919,-0.46595120429992676,0.5689108371734619,0.2820644676685333,-0.4695114493370056,0.5643739104270935,0.28147539496421814,-0.46958622336387634,0.559860348701477,0.2809515595436096,-0.4696017801761627,0.5892581939697266,0.2894366979598999,-0.33274024724960327,0.5517382025718689,0.28450313210487366,-0.35030534863471985,0.5789889097213745,0.3130548894405365,-0.42855024337768555,0.5654653906822205,0.31139567494392395,-0.4337770342826843,0.6225818991661072,0.3713805377483368,-0.21251869201660156,0.5120295286178589,0.3723447918891907,-0.23193331062793732,0.6416703462600708,0.4691634476184845,-0.12795287370681763,0.49508747458457947,0.4800955057144165,-0.1647314876317978,0.6519249677658081,0.5614839196205139,-0.22935767471790314,0.49295392632484436,0.5693463683128357,-0.26334109902381897,0.6531620621681213,0.5885503888130188,-0.2608719766139984,0.4892963767051697,0.5985892415046692,-0.2977180480957031,0.6478861570358276,0.5852182507514954,-0.3026626408100128,0.4979708790779114,0.5971205830574036,-0.33956530690193176,0.6450752019882202,0.5786638855934143,-0.2472609579563141,0.5010660290718079,0.5884155631065369,-0.281225323677063,0.6005057692527771,0.5680618286132812,0.0037863801699131727,0.5399474501609802,0.5677523016929626,-0.003891821252182126,0.6051337718963623,0.7085198760032654,0.027509739622473717,0.5340639352798462,0.7145677208900452,0.025635506957769394,0.6092389225959778,0.8348500728607178,0.24835094809532166,0.5306262969970703,0.8332608342170715,0.2461605817079544,0.6016824841499329,0.850002646446228,0.26162517070770264,0.5385726690292358,0.847199559211731,0.2592584490776062,0.6271972060203552,0.8865083456039429,0.12308265268802643,0.5139578580856323,0.8865251541137695,0.11895646154880524
