frame_index,label,video_id,l0_x,l0_y,l0_z,l1_x,l1_y,l1_z,l2_x,l2_y,l2_z,l3_x,l3_y,l3_z,l4_x,l4_y,l4_z,l5_x,l5_y,l5_z,l6_x,l6_y,l6_z,l7_x,l7_y,l7_z,l8_x,l8_y,l8_z,l9_x,l9_y,l9_z,l10_x,l10_y,l10_z,l11_x,l11_y,l11_z,l12_x,l12_y,l12_z,l13_x,l13_y,l13_z,l14_x,l14_y,l14_z,l15_x,l15_y,l15_z,l16_x,l16_y,l16_z,l17_x,l17_y,l17_z,l18_x,l18_y,l18_z,l19_x,l19_y,l19_z,l20_x,l20_y,l20_z,l21_x,l21_y,l21_z,l22_x,l22_y,l22_z,l23_x,l23_y,l23_z,l24_x,l24_y,l24_z,l25_x,l25_y,l25_z,l26_x,l26_y,l26_z,l27_x,l27_y,l27_z,l28_x,l28_y,l28_z,l29_x,l29_y,l29_z,l30_x,l30_y,l30_z,l31_x,l31_y,l31_z,l32_x,l32_y,l32_z
0,draw_x,a06_s10_e02,0.5599896311759949,0.23269584774971008,-0.3739531338214874,0.5665298700332642,0.21940217912197113,-0.3562012016773224,0.5701723694801331,0.2197146713733673,-0.35620221495628357,0.572446346282959,0.22038006782531738,-0.3561778664588928,0.5540075898170471,0.21921661496162415,-0.3590571880340576,0.5494909286499023,0.21937480568885803,-0.3590729534626007,0.5448684692382812,0.21973875164985657,-0.3590611219406128,0.5768787264823914,0.22766004502773285,-0.22815969586372375,0.5385655760765076,0.22688961029052734,-0.24320650100708008,0.5664469003677368,0.2506089210510254,-0.3244946300983429,0.5518097281455994,0.25073832273483276,-0.32890045642852783,0.6072710752487183,0.3237745463848114,-0.12488527595996857,0.5058423280715942,0.32014143466949463,-0.151418998837471,0.621406078338623,0.42529189586639404,-0.06051007658243179,0.4898267686367035,0.42723390460014343,-0.09895513951778412,0.6355793476104736,0.5194790959358215,-0.17098593711853027,0.48040351271629333,0.5145577788352966,-0.18973448872566223,0.6360887885093689,0.5541889071464539,-0.20142319798469543,0.474143922328949,0.548680305480957,-0.22288484871387482,0.631239116191864,0.5529652237892151,-0.24361887574195862,0.4793420433998108,0.5476648211479187,-0.2619045376777649,0.6285898089408875,0.5447443723678589,-0.18970775604248047,0.4831346869468689,0.5390172600746155,-0.2072465717792511,0.5844437479972839,0.5211429595947266,0.012412380427122116,0.5251635909080505,0.5207141041755676,-0.012486347928643227,0.598240315914154,0.6744078397750854,0.056267958134412766,0.5158318877220154,0.6777995228767395,-0.0006344688008539379,0.6042270064353943,0.8030376434326172,0.20383338630199432,0.5078479647636414,0.8114582300186157,0.15156669914722443,0.5964394807815552,0.8210330605506897,0.2091008722782135,0.5140753984451294,0.8262434005737305,0.15710748732089996,0.6270387172698975,0.8564975261688232,0.0673060342669487,0.49348729848861694,0.8592422604560852,0.01020369678735733
1,draw_x,a06_s10_e02,0.5600062608718872,0.23291246592998505,-0.39951807260513306,0.5663571357727051,0.2194475680589676,-0.38137322664260864,0.5700460076332092,0.21972016990184784,-0.38137370347976685,0.5725334882736206,0.22036631405353546,-0.38136574625968933,0.554007351398468,0.21922419965267181,-0.38451072573661804,0.5494756102561951,0.21937580406665802,-0.38456299901008606,0.5448651313781738,0.21973438560962677,-0.384565532207489,0.5768429636955261,0.22760960459709167,-0.24784906208515167,0.5382078886032104,0.2269328385591507,-0.2640151083469391,0.5663729906082153,0.2506210505962372,-0.34778857231140137,0.551754891872406,0.25080394744873047,-0.35252052545547485,0.6072598099708557,0.3236376643180847,-0.13437488675117493,0.5058184266090393,0.32013779878616333,-0.1681029498577118,0.6213786602020264,0.42531436681747437,-0.06304913014173508,0.490092933177948,0.4274314343929291,-0.11293543875217438,0.6356966495513916,0.5201141834259033,-0.17278535664081573,0.4804639220237732,0.5160557627677917,-0.20729176700115204,0.6362128257751465,0.5541383028030396,-0.20285817980766296,0.4741279184818268,0.5489469766616821,-0.2406127154827118,0.6312658786773682,0.5528978109359741,-0.24631492793560028,0.47936758399009705,0.5481452345848083,-0.28167998790740967,0.6286342740058899,0.5445684194564819,-0.1920025795698166,0.48314839601516724,0.5397951602935791,-0.22538700699806213,0.5844761729240417,0.521132230758667,0.014107753522694111,0.5252488255500793,0.5205978155136108,-0.014228562824428082,0.5980852842330933,0.6747432351112366,0.03056248649954796,0.5158534646034241,0.6778047680854797,-0.007819735445082188,0.6038053631782532,0.8051990270614624,0.1916828602552414,0.5079244375228882,0.8112321496009827,0.15831445157527924,0.5956985950469971,0.8236460089683533,0.19807752966880798,0.514665424823761,0.8255212306976318,0.16578420996665955,0.6270390748977661,0.8574144244194031,0.05325275659561157,0.49349063634872437,0.8584102392196655,0.016381941735744476
2,draw_x,a06_s10_e02,0.5600594282150269,0.2330673336982727,-0.40610942244529724,0.5662834048271179,0.2194809764623642,-0.3881241977214813,0.5700034499168396,0.21972373127937317,-0.38812440633773804,0.5726562142372131,0.2203531712293625,-0.38811734318733215,0.5540136694908142,0.21923229098320007,-0.3912902772426605,0.5494710803031921,0.21937867999076843,-0.39134395122528076,0.54486483335495,0.21973355114459991,-0.39134567975997925,0.5768402814865112,0.22756697237491608,-0.2545027434825897,0.537948727607727,0.22697795927524567,-0.27083471417427063,0.5663549304008484,0.25063127279281616,-0.354265958070755,0.5517473220825195,0.2508815824985504,-0.35904058814048767,0.6072326898574829,0.32345902919769287,-0.14028266072273254,0.5057994723320007,0.3201335370540619,-0.17322859168052673,0.621302604675293,0.4253351390361786,-0.0672888532280922,0.49040913581848145,0.42757129669189453,-0.11722271144390106,0.635738730430603,0.5206236243247986,-0.17665936052799225,0.4805181622505188,0.5169468522071838,-0.21184928715229034,0.636272132396698,0.5541244745254517,-0.20655784010887146,0.4741276204586029,0.5492650866508484,-0.24497053027153015,0.6312688589096069,0.5528838634490967,-0.2507317066192627,0.47940096259117126,0.5486152768135071,-0.2863258719444275,0.6286409497261047,0.5444979071617126,-0.1961456835269928,0.4831647276878357,0.5404239296913147,-0.23004598915576935,0.5844991207122803,0.5211318731307983,0.014539236202836037,0.5252870917320251,0.5205822587013245,-0.01467373687773943,0.597905158996582,0.6748296022415161,0.026706909760832787,0.5158509016036987,0.677939772605896,-0.00888020172715187,0.6033663153648376,0.8063004016876221,0.18856677412986755,0.5080676674842834,0.8111158609390259,0.16192187368869781,0.5950170755386353,0.825143039226532,0.19506345689296722,0.5152385830879211,0.8251554369926453,0.16970688104629517,0.6270208358764648,0.8581984639167786,0.04993218556046486,0.493534654378891,0.8578911423683167,0.019949277862906456
3,draw_x,a06_s10_e02,0.5600923299789429,0.2332189679145813,-0.41031113266944885,0.5662205219268799,0.21951772272586823,-0.39213505387306213,0.5699509382247925,0.21973064541816711,-0.3921326696872711,0.572736382484436,0.22034746408462524,-0.39212560653686523,0.5540141463279724,0.21924680471420288,-0.39533552527427673,0.5494574308395386,0.21938647329807281,-0.3953913748264313,0.5448592305183411,0.21973562240600586,-0.3953932821750641,0.5768381357192993,0.2275407463312149,-0.25782182812690735,0.5377769470214844,0.22704681754112244,-0.27426135540008545,0.5663459300994873,0.250658243894577,-0.35824885964393616,0.55173659324646,0.25097396969795227,-0.3630620539188385,0.6072323322296143,0.3234391510486603,-0.14259323477745056,0.5057721138000488,0.3201391398906708,-0.1765434890985489,0.6212776303291321,0.4253760576248169,-0.06888233870267868,0.4905301034450531,0.4277089834213257,-0.1210307627916336,0.6357883214950562,0.5208812952041626,-0.17828044295310974,0.48058047890663147,0.5171753764152527,-0.2162766456604004,0.6363435387611389,0.5540980696678162,-0.2081875056028366,0.47414571046829224,0.5493643283843994,-0.24973884224891663,0.6312938928604126,0.5528421401977539,-0.2525501549243927,0.47950059175491333,0.5487765073776245,-0.2909838855266571,0.6286713480949402,0.544396698474884,-0.19785307347774506,0.4832213819026947,0.5406731963157654,-0.23442204296588898,0.584528923034668,0.5211217999458313,0.01500579435378313,0.5253371000289917,0.5205492973327637,-0.015151018276810646,0.5978236198425293,0.6748965382575989,0.02529444731771946,0.5158625245094299,0.6780202984809875,-0.01009547058492899,0.603239119052887,0.8068121671676636,0.18977804481983185,0.5081289410591125,0.8110654354095459,0.16376855969429016,0.5948923826217651,0.8256605267524719,0.19637945294380188,0.515382707118988,0.824950635433197,0.17173850536346436,0.6270037889480591,0.8585399985313416,0.050869107246398926,0.4935833811759949,0.857677698135376,0.021174054592847824
4,draw_x,a06_s10_e02,0.5601059794425964,0.23333176970481873,-0.41140323877334595,0.5661634206771851,0.21954503655433655,-0.39318403601646423,0.5698890686035156,0.21973569691181183,-0.393181711435318,0.57278972864151,0.22034208476543427,-0.39317435026168823,0.5540124177932739,0.21925732493400574,-0.396386057138443,0.5494346618652344,0.2193923443555832,-0.39644134044647217,0.5448495149612427,0.21973790228366852,-0.39644235372543335,0.5768373012542725,0.22752313315868378,-0.25873863697052,0.5376628041267395,0.22712114453315735,-0.27519622445106506,0.566332995891571,0.2506907880306244,-0.3593115210533142,0.5517222285270691,0.25105369091033936,-0.3641294538974762,0.6072300672531128,0.3234204351902008,-0.1435849368572235,0.5057418346405029,0.32016971707344055,-0.17746536433696747,0.6212414503097534,0.4254498779773712,-0.07024610042572021,0.4906676709651947,0.4278258979320526,-0.12205389887094498,0.6358146667480469,0.5210512280464172,-0.18035367131233215,0.4806576669216156,0.5172285437583923,-0.2175767719745636,0.6363683938980103,0.5540926456451416,-0.21046248078346252,0.4742256700992584,0.5494381785392761,-0.25114578008651733,0.6312934160232544,0.5528237223625183,-0.25488996505737305,0.4796735644340515,0.5488753914833069,-0.2924812138080597,0.6286709904670715,0.5443292856216431,-0.19997762143611908,0.4833196699619293,0.5408075451850891,-0.23576542735099792,0.5845410823822021,0.5211032032966614,0.015277904458343983,0.5253592729568481,0.5204941034317017,-0.015427450649440289,0.5977522134780884,0.6749417185783386,0.02492455393075943,0.5158742070198059,0.6780689358711243,-0.010486677289009094,0.6031677722930908,0.8071240186691284,0.1899031102657318,0.5081851482391357,0.8110182285308838,0.1646709144115448,0.5948540568351746,0.8260136842727661,0.19659212231636047,0.5155207514762878,0.8248279690742493,0.17263290286064148,0.62700355052948,0.8587800860404968,0.05073877051472664,0.49359050393104553,0.8575335144996643,0.021848147734999657
5,draw_x,a06_s10_e02,0.5601150393486023,0.2333681285381317,-0.40941715240478516,0.5661284923553467,0.21954713761806488,-0.3911988139152527,0.5698537826538086,0.21973314881324768,-0.3911970555782318,0.5728469491004944,0.22032131254673004,-0.39118945598602295,0.5540105104446411,0.21925584971904755,-0.39432746171951294,0.5494131445884705,0.219389870762825,-0.39438116550445557,0.5448399782180786,0.21973422169685364,-0.394381582736969,0.5768417119979858,0.2274979203939438,-0.25724858045578003,0.5375903844833374,0.2271653711795807,-0.27336204051971436,0.5663257837295532,0.25069954991340637,-0.3575645089149475,0.5517063140869141,0.2510875463485718,-0.36227864027023315,0.6072284579277039,0.32340946793556213,-0.14303317666053772,0.5057320594787598,0.3201799988746643,-0.17593227326869965,0.621219277381897,0.42552417516708374,-0.07050641626119614,0.4907512068748474,0.4278475046157837,-0.12040356546640396,0.6358243227005005,0.5210813879966736,-0.1811264455318451,0.48075610399246216,0.5171715021133423,-0.2160300314426422,0.6363767385482788,0.5540717244148254,-0.2114502191543579,0.47429442405700684,0.5494066476821899,-0.24958369135856628,0.6312915682792664,0.55278080701828,-0.2557849586009979,0.4798072874546051,0.5488482713699341,-0.29100939631462097,0.6286695003509521,0.5442184209823608,-0.20074594020843506,0.48342031240463257,0.5408023595809937,-0.23428070545196533,0.5845531821250916,0.5210533142089844,0.015327607281506062,0.5253730416297913,0.5204424858093262,-0.015477458015084267,0.5976990461349487,0.6749548316001892,0.02441497892141342,0.515888512134552,0.6780989766120911,-0.010527370497584343,0.603114902973175,0.8073751330375671,0.18824686110019684,0.5082478523254395,0.8109773993492126,0.16428080201148987,0.5948277711868286,0.8263532519340515,0.19488196074962616,0.515669584274292,0.8247337937355042,0.17204084992408752,0.6269996166229248,0.8588730692863464,0.048417456448078156,0.4936153292655945,0.8573664426803589,0.021345380693674088
6,draw_x,a06_s10_e02,0.560161828994751,0.23340582847595215,-0.41163596510887146,0.5661205053329468,0.21955521404743195,-0.3933563232421875,0.5698462724685669,0.21973364055156708,-0.39335355162620544,0.5729186534881592,0.22031183540821075,-0.39334622025489807,0.5540229082107544,0.21925882995128632,-0.3965598940849304,0.5494118928909302,0.2193916141986847,-0.396616131067276,0.5448416471481323,0.21973520517349243,-0.39661628007888794,0.5768460035324097,0.2274855673313141,-0.2593935430049896,0.5375608801841736,0.22724004089832306,-0.27586743235588074,0.5663251280784607,0.25070589780807495,-0.35980695486068726,0.551706075668335,0.2511167824268341,-0.3646283745765686,0.6072242259979248,0.3233943283557892,-0.1450967639684677,0.5057179927825928,0.3202296495437622,-0.17823559045791626,0.6211897134780884,0.4255438446998596,-0.07238595932722092,0.49074506759643555,0.4281595051288605,-0.12345794588327408,0.6358275413513184,0.5211002826690674,-0.18228937685489655,0.48077741265296936,0.5174106955528259,-0.21874482929706573,0.636379599571228,0.5540359616279602,-0.21243277192115784,0.4743801951408386,0.5494882464408875,-0.2523174285888672,0.6312886476516724,0.5527187585830688,-0.2566961646080017,0.48003166913986206,0.5489566922187805,-0.29316484928131104,0.6286643743515015,0.5440847277641296,-0.20187854766845703,0.48356932401657104,0.5410018563270569,-0.23673009872436523,0.5846048593521118,0.5210340619087219,0.01532107125967741,0.525456964969635,0.5204321146011353,-0.01547012198716402,0.5976499319076538,0.674956738948822,0.02610301971435547,0.5158929228782654,0.6781021356582642,-0.010085305199027061,0.6030721664428711,0.8074671626091003,0.18897296488285065,0.5082937479019165,0.8109190464019775,0.1650252640247345,0.5948076248168945,0.8264867663383484,0.19553889334201813,0.5158528685569763,0.8246390223503113,0.1727672517299652,0.6269853711128235,0.8589643239974976,0.049631066620349884,0.49361667037010193,0.8572060465812683,0.02235136553645134
7,draw_x,a06_s10_e02,0.5601791143417358,0.23341964185237885,-0.4134717881679535,0.5661093592643738,0.219556987285614,-0.39509108662605286,0.5698317289352417,0.21972765028476715,-0.39508673548698425,0.5729638338088989,0.22028973698616028,-0.39507877826690674,0.5540259480476379,0.21925416588783264,-0.398349791765213,0.5494078397750854,0.21938569843769073,-0.39840808510780334,0.5448402166366577,0.2197285145521164,-0.3984096646308899,0.5768520832061768,0.22747118771076202,-0.26063013076782227,0.5375224351882935,0.22727440297603607,-0.2773289084434509,0.5663235187530518,0.25070807337760925,-0.3614608645439148,0.5517016053199768,0.2511243224143982,-0.3663504719734192,0.6072217226028442,0.3233805000782013,-0.14572487771511078,0.505712628364563,0.32023885846138,-0.17988675832748413,0.62116938829422,0.4255472421646118,-0.07302100956439972,0.49070701003074646,0.4281803071498871,-0.12529926002025604,0.6358295679092407,0.5210931897163391,-0.18358264863491058,0.480807363986969,0.5174099802970886,-0.22049975395202637,0.6363815665245056,0.553999662399292,-0.21386392414569855,0.47454673051834106,0.5494948625564575,-0.25426143407821655,0.631285548210144,0.5526392459869385,-0.2582084834575653,0.4804101884365082,0.5489786267280579,-0.2950897812843323,0.6286568641662598,0.5439329743385315,-0.20322033762931824,0.4838693141937256,0.5410290956497192,-0.23847071826457977,0.5846866369247437,0.5209975838661194,0.015442733652889729,0.525511622428894,0.5204394459724426,-0.015592679381370544,0.597604513168335,0.6749289035797119,0.027210023254156113,0.5158941149711609,0.6782506108283997,-0.009824234992265701,0.6030502319335938,0.8075249791145325,0.1891423463821411,0.5083438158035278,0.810868501663208,0.16651971638202667,0.5947962999343872,0.8265964388847351,0.19616667926311493,0.5159717798233032,0.8245330452919006,0.174417644739151,0.6270037293434143,0.8590531945228577,0.05040106177330017,0.4936419427394867,0.8571473360061646,0.02345559559762478
8,draw_x,a06_s10_e02,0.5602506399154663,0.23345866799354553,-0.4130021631717682,0.5661073923110962,0.21956978738307953,-0.39447274804115295,0.5698311924934387,0.21973110735416412,-0.3944683372974396,0.5730391144752502,0.2202875018119812,-0.39445939660072327,0.5540577173233032,0.21926015615463257,-0.39785298705101013,0.5494152307510376,0.2193889021873474,-0.39790934324264526,0.5448510646820068,0.21972987055778503,-0.397911012172699,0.5768581032752991,0.22746692597866058,-0.25950193405151367,0.5375088453292847,0.2273237705230713,-0.2766460180282593,0.5663276314735413,0.2507152259349823,-0.3607708811759949,0.5517135262489319,0.25114887952804565,-0.3658122420310974,0.6072207689285278,0.323377788066864,-0.14469613134860992,0.5057103633880615,0.3202415406703949,-0.17964790761470795,0.6211255788803101,0.42558103799819946,-0.07243774086236954,0.490638792514801,0.4281487464904785,-0.12576910853385925,0.6358145475387573,0.521118700504303,-0.18335017561912537,0.48093381524086,0.517055332660675,-0.22173002362251282,0.6363763213157654,0.5539853572845459,-0.2136872559785843,0.4750259518623352,0.5491781830787659,-0.2558172345161438,0.6312698125839233,0.5525991916656494,-0.2581566572189331,0.4808894097805023,0.5486535429954529,-0.2966477870941162,0.6286308169364929,0.5438545346260071,-0.2030525654554367,0.48428505659103394,0.5407092571258545,-0.239731103181839,0.5847600698471069,0.5209957957267761,0.015606498345732689,0.5255643725395203,0.5204555988311768,-0.01575520820915699,0.5975682735443115,0.6749207973480225,0.027775239199399948,0.5158950686454773,0.6783035397529602,-0.009708470664918423,0.6030229330062866,0.8075948357582092,0.19043387472629547,0.5083505511283875,0.8108614087104797,0.16766999661922455,0.5947774648666382,0.8267037868499756,0.1977793425321579,0.5160540342330933,0.8244848847389221,0.1756647527217865,0.6269648671150208,0.8591905236244202,0.05065188556909561,0.49361270666122437,0.8571579456329346,0.024144595488905907
9,draw_x,a06_s10_e02,0.5603089332580566,0.23346228897571564,-0.4068312644958496,0.5661066770553589,0.2195710390806198,-0.3880680799484253,0.5698346495628357,0.2197272926568985,-0.3880646526813507,0.5731172561645508,0.22027693688869476,-0.3880537450313568,0.5540912747383118,0.21924932301044464,-0.39146003127098083,0.5494266748428345,0.21937593817710876,-0.3915115296840668,0.5448647737503052,0.21971558034420013,-0.3915148973464966,0.5768750309944153,0.22745749354362488,-0.2532549798488617,0.5375054478645325,0.22733493149280548,-0.27020126581192017,0.5663313865661621,0.25071850419044495,-0.35471659898757935,0.5517280697822571,0.2511520981788635,-0.3597225546836853,0.60721755027771,0.32337847352027893,-0.14031626284122467,0.5057142972946167,0.3201137185096741,-0.17396888136863708,0.621060311794281,0.42560049891471863,-0.0675400048494339,0.49041634798049927,0.4272492825984955,-0.11981932818889618,0.6358022689819336,0.5212019681930542,-0.17883415520191193,0.48107728362083435,0.5157140493392944,-0.21800497174263,0.6363608837127686,0.5539939999580383,-0.2091245949268341,0.47553500533103943,0.5478162169456482,-0.2523387372493744,0.6312474608421326,0.5525980591773987,-0.25396502017974854,0.4813513159751892,0.5471480488777161,-0.29370033740997314,0.6286097764968872,0.5438495874404907,-0.19870410859584808,0.48468446731567383,0.5394063591957092,-0.23631393909454346,0.5848323702812195,0.5209911465644836,0.015451592393219471,0.5255966186523438,0.5204683542251587,-0.015596888959407806,0.597515881061554,0.6748983860015869,0.02599300444126129,0.5158993005752563,0.6783074140548706,-0.00957636907696724,0.6029833555221558,0.807615339756012,0.1904916614294052,0.5084288120269775,0.810840368270874,0.16764448583126068,0.594742476940155,0.8266831636428833,0.19765256345272064,0.5163049697875977,0.824390709400177,0.1755463182926178,0.6269091367721558,0.8592479228973389,0.05043856427073479,0.4936137795448303,0.8571435809135437,0.02444029599428177
10,draw_x,a06_s10_e02,0.5603889226913452,0.2335026115179062,-0.39535924792289734,0.5661090612411499,0.21959179639816284,-0.3764086663722992,0.5698404908180237,0.2197370082139969,-0.37640658020973206,0.5731778740882874,0.2202758938074112,-0.3763909935951233,0.554152250289917,0.21926209330558777,-0.3799057602882385,0.5494645833969116,0.21938493847846985,-0.37995320558547974,0.5449010729789734,0.21972253918647766,-0.379954993724823,0.5768839716911316,0.22745381295681,-0.24253204464912415,0.5375043153762817,0.22737981379032135,-0.2602097988128662,0.5663419961929321,0.2507399022579193,-0.34380006790161133,0.5517565011978149,0.2511966824531555,-0.3489964008331299,0.6072165369987488,0.32339340448379517,-0.13150060176849365,0.505731999874115,0.3199313282966614,-0.1672755479812622,0.6209826469421387,0.42561662197113037,-0.058967918157577515,0.4897940754890442,0.42593294382095337,-0.11534438282251358,0.6357932686805725,0.5214159488677979,-0.16993805766105652,0.4815656244754791,0.5141291618347168,-0.21258535981178284,0.6363424062728882,0.5540936589241028,-0.19984352588653564,0.47698697447776794,0.546381413936615,-0.24685081839561462,0.6311957836151123,0.5526734590530396,-0.24455459415912628,0.4827860891819,0.5453312397003174,-0.28632083535194397,0.6285697817802429,0.5439026951789856,-0.1897331327199936,0.48597830533981323,0.5379344820976257,-0.2301299273967743,0.5849235653877258,0.520993173122406,0.015481660142540932,0.5257081985473633,0.5204868912696838,-0.01562420278787613,0.5974558591842651,0.6748750805854797,0.026916855946183205,0.5158972144126892,0.6783125400543213,-0.009491970762610435,0.6029627919197083,0.8076193332672119,0.1906733214855194,0.5085369944572449,0.8107020854949951,0.16720150411128998,0.5947123169898987,0.8266615271568298,0.19775065779685974,0.5165366530418396,0.8241745233535767,0.17497608065605164,0.626870334148407,0.859254777431488,0.05061587691307068,0.4936147630214691,0.8569771647453308,0.024089878425002098
11,draw_x,a06_s10_e02,0.5604158639907837,0.23358574509620667,-0.3873867094516754,0.5661078691482544,0.21966229379177094,-0.36855459213256836,0.5698388814926147,0.21979232132434845,-0.3685513734817505,0.5732033848762512,0.2203071564435959,-0.3685353398323059,0.5541736483573914,0.219308003783226,-0.37192660570144653,0.5494767427444458,0.21941904723644257,-0.3719712793827057,0.5449153780937195,0.2197515070438385,-0.3719715476036072,0.5768857598304749,0.2274658977985382,-0.23532846570014954,0.5375043153762817,0.22744148969650269,-0.2523278594017029,0.566344141960144,0.250797837972641,-0.3360403776168823,0.551766037940979,0.25125452876091003,-0.34103965759277344,0.607215404510498,0.3233897387981415,-0.1252783238887787,0.5057551264762878,0.31974077224731445,-0.16044437885284424,0.6209694147109985,0.4256207048892975,-0.05342607945203781,0.48935627937316895,0.4247839152812958,-0.10961488634347916,0.6357740759849548,0.5214288234710693,-0.16420923173427582,0.4830717146396637,0.5133803486824036,-0.20630323886871338,0.6363255977630615,0.5540923476219177,-0.19420796632766724,0.47970929741859436,0.5446920394897461,-0.24059537053108215,0.6311706304550171,0.5526710748672485,-0.23865219950675964,0.48512107133865356,0.5428631901741028,-0.2788822054862976,0.6285501718521118,0.5438920855522156,-0.18389208614826202,0.48818451166152954,0.5358761548995972,-0.2232692688703537,0.5850073099136353,0.5209914445877075,0.015353119000792503,0.5258316993713379,0.5206307768821716,-0.015492314472794533,0.5974426865577698,0.6748610138893127,0.026089709252119064,0.515809953212738,0.678622305393219,-0.009466500952839851,0.6029602289199829,0.8076809644699097,0.18856987357139587,0.5085767507553101,0.8107075095176697,0.16628462076187134,0.5947138667106628,0.8267262578010559,0.1953333169221878,0.5168323516845703,0.8241797089576721,0.1739521026611328,0.6268683671951294,0.8593201041221619,0.04927367344498634,0.4933958947658539,0.8569826483726501,0.023815792053937912
12,draw_x,a06_s10_e02,0.5604295134544373,0.23363208770751953,-0.3694480061531067,0.5661067366600037,0.21970155835151672,-0.35048678517341614,0.5698375701904297,0.2198232114315033,-0.3504820466041565,0.573224663734436,0.22032424807548523,-0.35045963525772095,0.5541863441467285,0.21933196485042572,-0.3535400331020355,0.5494831204414368,0.2194378823041916,-0.35357433557510376,0.5449249148368835,0.2197687327861786,-0.353575736284256,0.5768899917602539,0.2274773120880127,-0.21958568692207336,0.5375043749809265,0.22748127579689026,-0.23520180583000183,0.5663449168205261,0.2508429288864136,-0.3192231059074402,0.5517693161964417,0.2512957453727722,-0.32381802797317505,0.6072021722793579,0.3233739733695984,-0.11311425268650055,0.5057927370071411,0.31946393847465515,-0.14742203056812286,0.6209657192230225,0.42562544345855713,-0.044305358082056046,0.48832112550735474,0.4226086437702179,-0.09983706474304199,0.6357514262199402,0.5214627385139465,-0.15660561621189117,0.4850853383541107,0.5087805986404419,-0.19607345759868622,0.6363093852996826,0.554090678691864,-0.18686744570732117,0.48371315002441406,0.5405433177947998,-0.23060449957847595,0.6311372518539429,0.5526646375656128,-0.23104874789714813,0.4894745945930481,0.5375645160675049,-0.266836017370224,0.6285184025764465,0.5438815951347351,-0.17620351910591125,0.4921649992465973,0.5289627909660339,-0.21216967701911926,0.5850585699081421,0.5210477709770203,0.015175679698586464,0.525904655456543,0.5209490656852722,-0.015304157510399818,0.5974231958389282,0.6748492121696472,0.027661969885230064,0.5156883001327515,0.6787834167480469,-0.008978373371064663,0.6029404401779175,0.8076791167259216,0.18815121054649353,0.5087021589279175,0.8107023239135742,0.16387657821178436,0.5947125554084778,0.8267146944999695,0.19441528618335724,0.5172973275184631,0.8241718411445618,0.17098519206047058,0.6267938613891602,0.8593222498893738,0.04924745485186577,0.49308618903160095,0.856959342956543,0.02275829389691353
13,draw_x,a06_s10_e02,0.5604363679885864,0.2336360514163971,-0.3333236575126648,0.5661051869392395,0.21970979869365692,-0.31322091817855835,0.5698344707489014,0.2198314517736435,-0.31322091817855835,0.5732391476631165,0.2203287035226822,-0.31319624185562134,0.5541971921920776,0.21933262050151825,-0.3162260949611664,0.5494897961616516,0.2194364070892334,-0.3162505030632019,0.5449373126029968,0.21976396441459656,-0.316249281167984,0.5768986940383911,0.2274828851222992,-0.1818399429321289,0.53751540184021,0.22748813033103943,-0.19752569496631622,0.5663458108901978,0.25085771083831787,-0.28345632553100586,0.5517734289169312,0.25130242109298706,-0.28808751702308655,0.6071561574935913,0.32336169481277466,-0.08177472651004791,0.5058109760284424,0.31889715790748596,-0.11747380346059799,0.6209572553634644,0.42562928795814514,-0.023834215477108955,0.4868868291378021,0.41874486207962036,-0.09121008217334747,0.6357477903366089,0.521462619304657,-0.14428289234638214,0.4875409007072449,0.4961114823818207,-0.20151376724243164,0.6363028883934021,0.5540844202041626,-0.1768995225429535,0.48872479796409607,0.5290399789810181,-0.24177996814250946,0.631102442741394,0.5526349544525146,-0.22032399475574493,0.4955252707004547,0.5237765908241272,-0.2719642221927643,0.6284999251365662,0.5438249111175537,-0.1639029085636139,0.4974970817565918,0.5133670568466187,-0.2154514491558075,0.5850709080696106,0.5213480591773987,0.01510155014693737,0.5260374546051025,0.5211051106452942,-0.015218803659081459,0.5973767042160034,0.6748782992362976,0.0278610996901989,0.5156392455101013,0.6787890791893005,-0.009709266945719719,0.6029148697853088,0.8076755404472351,0.18571391701698303,0.5087885856628418,0.8106996417045593,0.15890052914619446,0.594700038433075,0.8267033696174622,0.19156809151172638,0.5175268650054932,0.8241680860519409,0.16565962135791779,0.6267023682594299,0.8593250513076782,0.04619196057319641,0.4930345118045807,0.8569583892822266,0.018095189705491066
14,draw_x,a06_s10_e02,0.5604826807975769,0.23364143073558807,-0.33092421293258667,0.5661108493804932,0.21971429884433746,-0.31023842096328735,0.569847047328949,0.21983681619167328,-0.3102385699748993,0.5732859373092651,0.2203318178653717,-0.31021398305892944,0.5542343854904175,0.2193315327167511,-0.3134463429450989,0.549517035484314,0.21943314373493195,-0.313473641872406,0.544969916343689,0.21975578367710114,-0.3134686350822449,0.5769198536872864,0.22749195992946625,-0.17615953087806702,0.5375298261642456,0.22749395668506622,-0.1932148039340973,0.5663632154464722,0.2508665919303894,-0.2801739275455475,0.5518174767494202,0.2513074278831482,-0.28522413969039917,0.6071082353591919,0.32337167859077454,-0.07363902777433395,0.5058087110519409,0.31888312101364136,-0.11331422626972198,0.6209520101547241,0.42565128207206726,-0.013818840496242046,0.48616790771484375,0.4165779650211334,-0.0959026888012886,0.6357454657554626,0.5214740037918091,-0.13284562528133392,0.49125877022743225,0.486421674489975,-0.23982742428779602,0.6362806558609009,0.554081380367279,-0.1651453822851181,0.49470511078834534,0.5184131264686584,-0.2820824086666107,0.6310591101646423,0.5526043176651001,-0.20822902023792267,0.5012917518615723,0.5133393406867981,-0.3119078576564789,0.6284793615341187,0.5437836050987244,-0.15218780934810638,0.5026487112045288,0.5029850602149963,-0.2542989253997803,0.5850747227668762,0.5222030878067017,0.015233896672725677,0.5262667536735535,0.521678626537323,-0.015342207625508308,0.5972815752029419,0.6751075983047485,0.033433739095926285,0.5155450701713562,0.6788632273674011,-0.012872623279690742,0.6028959155082703,0.8076971769332886,0.19178758561611176,0.5087928175926208,0.8107268810272217,0.14844632148742676,0.5946973562240601,0.8266989588737488,0.19756314158439636,0.5176087021827698,0.8242140412330627,0.15457932651042938,0.6266825795173645,0.8593436479568481,0.0518190935254097,0.4928534924983978,0.8569580316543579,0.005462455563247204
15,draw_x,a06_s10_e02,0.5604778528213501,0.2336488664150238,-0.33372926712036133,0.5660905838012695,0.21974225342273712,-0.3131779730319977,0.5698068141937256,0.21986879408359528,-0.3131760060787201,0.5732920169830322,0.22035831212997437,-0.31315281987190247,0.5542291402816772,0.21933473646640778,-0.31590333580970764,0.5495114922523499,0.21943451464176178,-0.3159349262714386,0.5449715852737427,0.21975548565387726,-0.31593286991119385,0.5769215822219849,0.2275264710187912,-0.17833779752254486,0.5375460982322693,0.22750729322433472,-0.19355860352516174,0.566353976726532,0.25088927149772644,-0.28266316652297974,0.5518132448196411,0.25131213665008545,-0.2871975898742676,0.6070247888565063,0.3233703672885895,-0.07384718209505081,0.5058318376541138,0.3188532888889313,-0.11428125202655792,0.6209462881088257,0.42560073733329773,-0.016328005120158195,0.4852500855922699,0.41396859288215637,-0.1157691478729248,0.6357161402702332,0.5214755535125732,-0.1351555436849594,0.49549001455307007,0.47898122668266296,-0.2799079120159149,0.6361981630325317,0.5540486574172974,-0.167538121342659,0.499736487865448,0.5066095590591431,-0.32433703541755676,0.6309417486190796,0.5525161623954773,-0.20998120307922363,0.5067492127418518,0.5000321865081787,-0.35175877809524536,0.6284044981002808,0.5437098741531372,-0.1540929079055786,0.5077239871025085,0.49134358763694763,-0.29381704330444336,0.5850769281387329,0.5227710604667664,0.015773611143231392,0.5263932347297668,0.5221399068832397,-0.015877677127718925,0.5971750020980835,0.6753116846084595,0.0396159328520298,0.5153902769088745,0.6788670420646667,-0.015274097211658955,0.6028220057487488,0.8077019453048706,0.2072448432445526,0.5088052749633789,0.8106340169906616,0.1471683233976364,0.5946322679519653,0.8266935348510742,0.21412310004234314,0.5176113843917847,0.8240238428115845,0.1536986082792282,0.6266782283782959,0.8593676686286926,0.0690903514623642,0.49285373091697693,0.8569546937942505,0.003735041245818138
16,draw_x,a06_s10_e02,0.5604819655418396,0.23365283012390137,-0.34640687704086304,0.5660863518714905,0.2197542041540146,-0.326991468667984,0.5697975158691406,0.21987833082675934,-0.32699060440063477,0.5732972025871277,0.22036202251911163,-0.3269697427749634,0.5542308688163757,0.21934343874454498,-0.32954949140548706,0.5495108366012573,0.21944327652454376,-0.3295852839946747,0.5449730753898621,0.2197631448507309,-0.32957905530929565,0.5769232511520386,0.22752922773361206,-0.19368204474449158,0.5375529527664185,0.227556511759758,-0.20931518077850342,0.5663546323776245,0.2508928179740906,-0.2962888777256012,0.5518139600753784,0.2513245940208435,-0.30046695470809937,0.6069910526275635,0.32343676686286926,-0.08478881418704987,0.5057819485664368,0.3188723623752594,-0.11861936748027802,0.6208192110061646,0.42546212673187256,-0.024959588423371315,0.48472052812576294,0.41176512837409973,-0.16863584518432617,0.6357386708259583,0.5214699506759644,-0.1420956403017044,0.5032979249954224,0.4706836938858032,-0.3434702754020691,0.6361876130104065,0.554009735584259,-0.17397260665893555,0.507030725479126,0.49268242716789246,-0.38964518904685974,0.6309331655502319,0.5524490475654602,-0.21661707758903503,0.5138424038887024,0.48515310883522034,-0.4135162830352783,0.6284011602401733,0.5436670780181885,-0.16105900704860687,0.5140205025672913,0.47722354531288147,-0.35588183999061584,0.5850266814231873,0.523379385471344,0.018771488219499588,0.5263943672180176,0.5227357745170593,-0.01889072172343731,0.5970441102981567,0.6754516363143921,0.06394428014755249,0.5152459144592285,0.6788663864135742,-0.014730650000274181,0.602806031703949,0.8077003359794617,0.23689153790473938,0.5088381171226501,0.8104766011238098,0.14837947487831116,0.5946091413497925,0.8266867995262146,0.24435579776763916,0.517621636390686,0.8237848281860352,0.1551818549633026,0.6266752481460571,0.8593540191650391,0.10064907371997833,0.4928952157497406,0.8569275736808777,0.005153417121618986
17,draw_x,a06_s10_e02,0.5604851245880127,0.23370522260665894,-0.36955660581588745,0.5660846829414368,0.2198352962732315,-0.34923675656318665,0.5697932243347168,0.2199452519416809,-0.3492208421230316,0.5733007192611694,0.22040536999702454,-0.3492032587528229,0.5542327165603638,0.21943454444408417,-0.3538907766342163,0.5495116710662842,0.2195313721895218,-0.3539406955242157,0.5449796915054321,0.2198462337255478,-0.3539401590824127,0.5769256949424744,0.22755447030067444,-0.2045058012008667,0.5375788807868958,0.2276415079832077,-0.23188695311546326,0.5663567781448364,0.2509051561355591,-0.31451135873794556,0.5518243908882141,0.2513701319694519,-0.3221873342990875,0.606899082660675,0.323593407869339,-0.09045012295246124,0.505782425403595,0.31886836886405945,-0.1521388292312622,0.6206656694412231,0.4254625141620636,-0.02696991339325905,0.48481836915016174,0.41039514541625977,-0.21366176009178162,0.635724663734436,0.5214509963989258,-0.13635003566741943,0.5076605677604675,0.4527009427547455,-0.41024893522262573,0.6361382603645325,0.5539824366569519,-0.1658516526222229,0.5118318796157837,0.47165584564208984,-0.4585055708885193,0.6309264302253723,0.552422821521759,-0.20710249245166779,0.5186883211135864,0.46026182174682617,-0.47861042618751526,0.628398060798645,0.5436522960662842,-0.15429845452308655,0.518631100654602,0.4535098671913147,-0.4214012622833252,0.5846500396728516,0.5234733819961548,0.023070933297276497,0.5262004733085632,0.5227686762809753,-0.023219380527734756,0.5969239473342896,0.6757873296737671,0.07367484271526337,0.5152347683906555,0.6787117719650269,-0.014361083507537842,0.6027599573135376,0.8077004551887512,0.2385626584291458,0.5088204145431519,0.8102086186408997,0.14739401638507843,0.594513475894928,0.82668137550354,0.2451140433549881,0.5174134969711304,0.8234968781471252,0.15431024134159088,0.6266830563545227,0.8593581318855286,0.1017829030752182,0.4930399954319,0.8569206595420837,0.0034970503766089678
18,draw_x,a06_s10_e02,0.5605379343032837,0.23378926515579224,-0.3256146311759949,0.5660884380340576,0.2200307846069336,-0.3055291771888733,0.5697952508926392,0.22012296319007874,-0.3055027425289154,0.573326826095581,0.22054435312747955,-0.3054623007774353,0.5542899370193481,0.2196102738380432,-0.3097198009490967,0.549565851688385,0.21967622637748718,-0.3097577691078186,0.5450456142425537,0.21996816992759705,-0.3097533881664276,0.576934278011322,0.22762949764728546,-0.16536784172058105,0.5376296043395996,0.2277415692806244,-0.1884276270866394,0.5663626194000244,0.2509687542915344,-0.27154359221458435,0.551889955997467,0.2514277398586273,-0.2784338593482971,0.6068329215049744,0.3236750662326813,-0.05242907255887985,0.5066007375717163,0.31768614053726196,-0.12660612165927887,0.6206037402153015,0.4254710078239441,-0.0014966115122660995,0.48582059144973755,0.4018663465976715,-0.22572395205497742,0.6354805827140808,0.5220765471458435,-0.09560410678386688,0.5247086882591248,0.4152282774448395,-0.4529895782470703,0.6360002160072327,0.5540207624435425,-0.12038122117519379,0.5334831476211548,0.424795001745224,-0.5041912794113159,0.6307851672172546,0.5525263547897339,-0.15743541717529297,0.541261613368988,0.4150105118751526,-0.5146223306655884,0.628233790397644,0.5439077615737915,-0.11114170402288437,0.5390474796295166,0.4105392396450043,-0.46105414628982544,0.5839911103248596,0.5229104161262512,0.024205399677157402,0.5253017544746399,0.5224146246910095,-0.02436547726392746,0.5967286825180054,0.6758732199668884,0.069113589823246,0.5152129530906677,0.6785820722579956,-0.01412944681942463,0.6027506589889526,0.8077154755592346,0.23464567959308624,0.508823037147522,0.8102058172225952,0.15032616257667542,0.594511866569519,0.826676070690155,0.24196979403495789,0.5174145102500916,0.8235073685646057,0.15837009251117706,0.6266698241233826,0.8593780398368835,0.09812617301940918,0.4930213391780853,0.8569319844245911,0.007027439773082733
19,draw_x,a06_s10_e02,0.560687780380249,0.23382022976875305,-0.29968681931495667,0.5661237835884094,0.2201033979654312,-0.27844545245170593,0.5698025226593018,0.22020062804222107,-0.2784058451652527,0.5733533501625061,0.2206142544746399,-0.2783510088920593,0.5544772744178772,0.2196473926305771,-0.2832040786743164,0.549773633480072,0.2196934074163437,-0.2832396626472473,0.5452548265457153,0.219971165060997,-0.28324049711227417,0.5769411325454712,0.22770646214485168,-0.13675227761268616,0.537859320640564,0.22771945595741272,-0.16174231469631195,0.5664079189300537,0.25100913643836975,-0.24514679610729218,0.5521994829177856,0.2514324486255646,-0.25266462564468384,0.6066882610321045,0.32349684834480286,-0.02581852115690708,0.5080821514129639,0.31509190797805786,-0.11152619123458862,0.6205211281776428,0.42522135376930237,0.020093727856874466,0.48908668756484985,0.393350213766098,-0.2388647049665451,0.6352050304412842,0.5227556824684143,-0.06933300942182541,0.5333844423294067,0.39519745111465454,-0.467144250869751,0.6357917189598083,0.554161012172699,-0.09222211688756943,0.5456759333610535,0.40728703141212463,-0.5193927884101868,0.6306134462356567,0.552682638168335,-0.12775936722755432,0.5521793961524963,0.3948059678077698,-0.5227031707763672,0.6280304789543152,0.5441848635673523,-0.0841057151556015,0.5499047040939331,0.39023569226264954,-0.4720557630062103,0.5838779211044312,0.5221906304359436,0.02508336678147316,0.5251562595367432,0.5221654176712036,-0.02523138001561165,0.5965085625648499,0.6759658455848694,0.054323386400938034,0.5151203870773315,0.6785663366317749,-0.016232941299676895,0.6027333736419678,0.8077248334884644,0.22514024376869202,0.508831799030304,0.8101853728294373,0.1504802256822586,0.5945104360580444,0.826671838760376,0.23173801600933075,0.5174132585525513,0.8235323429107666,0.15942838788032532,0.6266679167747498,0.859378457069397,0.08734335750341415,0.4931453764438629,0.856830894947052,0.007505815476179123
20,draw_x,a06_s10_e02,0.5608283281326294,0.23382781445980072,-0.2709041237831116,0.5662192702293396,0.22010983526706696,-0.24766910076141357,0.5698697566986084,0.22020460665225983,-0.24762961268424988,0.5734671354293823,0.2206263244152069,-0.24756655097007751,0.5546740293502808,0.21962298452854156,-0.25257909297943115,0.5499369502067566,0.21964159607887268,-0.2526059150695801,0.5454007387161255,0.21987217664718628,-0.2525898814201355,0.5770016312599182,0.22774842381477356,-0.10266394913196564,0.5379185080528259,0.22739624977111816,-0.12853744626045227,0.5664759874343872,0.25101596117019653,-0.21576876938343048,0.5522607564926147,0.2513844966888428,-0.22348856925964355,0.6065483689308167,0.323097825050354,0.00010115138866240159,0.5085362195968628,0.3119531273841858,-0.08565231412649155,0.620297908782959,0.42498379945755005,0.03257700055837631,0.4893254339694977,0.38774269819259644,-0.23310811817646027,0.6346632242202759,0.5233388543128967,-0.0560956709086895,0.5380575060844421,0.3732425570487976,-0.45660147070884705,0.6351911425590515,0.5543782711029053,-0.0788021981716156,0.5522130727767944,0.38418397307395935,-0.5079512596130371,0.6301063299179077,0.552926778793335,-0.11200998723506927,0.5601412653923035,0.3743976056575775,-0.5057770609855652,0.6275143027305603,0.5445405840873718,-0.07011117041110992,0.5575385689735413,0.37012380361557007,-0.45912590622901917,0.5838015675544739,0.5215207934379578,0.02548304572701454,0.5251152515411377,0.5216904282569885,-0.025622466579079628,0.5962644815444946,0.6760061383247375,0.040895696729421616,0.5149747133255005,0.6785709261894226,-0.019383009523153305,0.6027156114578247,0.8077169060707092,0.22181245684623718,0.5088345408439636,0.8101798892021179,0.1516716182231903,0.5945256948471069,0.8266306519508362,0.2295883148908615,0.517388641834259,0.8235396146774292,0.16152425110340118,0.6264230012893677,0.859054446220398,0.08703512698411942,0.49325841665267944,0.8566639423370361,0.011044168844819069
21,draw_x,a06_s10_e02,0.5608806014060974,0.23382128775119781,-0.2884847819805145,0.5663149952888489,0.22011074423789978,-0.26495665311813354,0.5699323415756226,0.22020886838436127,-0.2649138271808624,0.5735698938369751,0.22063006460666656,-0.26485005021095276,0.5548233985900879,0.2195747196674347,-0.2699599266052246,0.5500338077545166,0.2195635288953781,-0.26999181509017944,0.54547119140625,0.21975448727607727,-0.26997560262680054,0.5770505666732788,0.22781608998775482,-0.11641516536474228,0.5379304885864258,0.22723349928855896,-0.1431209146976471,0.566485583782196,0.25101590156555176,-0.23211665451526642,0.5522043108940125,0.25136110186576843,-0.24007520079612732,0.6063135862350464,0.32300758361816406,-0.010769408196210861,0.509111225605011,0.30948251485824585,-0.0957229882478714,0.620003342628479,0.4249441921710968,0.023712458088994026,0.4905884861946106,0.3814505636692047,-0.25683504343032837,0.6337098479270935,0.5234498381614685,-0.060948412865400314,0.5434402227401733,0.3600596487522125,-0.48661190271377563,0.6341201663017273,0.5544395446777344,-0.08182822167873383,0.5594964027404785,0.3643483519554138,-0.5385907292366028,0.6293630599975586,0.5530403852462769,-0.11534415185451508,0.5646196007728577,0.3550838530063629,-0.5321922302246094,0.6267362833023071,0.5446653366088867,-0.07476284354925156,0.5611341595649719,0.35290178656578064,-0.48789411783218384,0.5835843682289124,0.5206770300865173,0.02609856054186821,0.5250319242477417,0.5210548043251038,-0.026255566626787186,0.5959984064102173,0.6760073900222778,0.03697630763053894,0.5148764848709106,0.6785270571708679,-0.019898708909749985,0.6027122139930725,0.8076751232147217,0.2292138785123825,0.5088281631469727,0.8101769685745239,0.16204221546649933,0.5945889353752136,0.8265231847763062,0.2388855218887329,0.5173342227935791,0.8235560059547424,0.1725950986146927,0.626360297203064,0.858833372592926,0.09489837288856506,0.49341505765914917,0.8564708828926086,0.020156025886535645
22,draw_x,a06_s10_e02,0.5609170198440552,0.23376436531543732,-0.28100839257240295,0.566403329372406,0.22011500597000122,-0.2561820447444916,0.5699801445007324,0.22021453082561493,-0.2561381459236145,0.5736395716667175,0.22064043581485748,-0.25607722997665405,0.5549654960632324,0.2195580005645752,-0.2628503441810608,0.5501384735107422,0.21953074634075165,-0.2628838121891022,0.5455650687217712,0.21969380974769592,-0.26287734508514404,0.5770589113235474,0.22787682712078094,-0.10373743623495102,0.5379636287689209,0.2271980494260788,-0.13768230378627777,0.5664932727813721,0.25094783306121826,-0.22329899668693542,0.5521668195724487,0.25119757652282715,-0.23343181610107422,0.6056680083274841,0.32294705510139465,0.0015434019733220339,0.5097091794013977,0.30685219168663025,-0.1047510877251625,0.6197299957275391,0.42455464601516724,0.031153252348303795,0.496403306722641,0.3687748312950134,-0.2967916429042816,0.6332571506500244,0.5235270261764526,-0.043244510889053345,0.5556278824806213,0.3462260365486145,-0.5302750468254089,0.6335476636886597,0.5544993877410889,-0.061450064182281494,0.5708022117614746,0.3496986925601959,-0.585598349571228,0.6290240287780762,0.5530993342399597,-0.09577083587646484,0.5743754506111145,0.3435111939907074,-0.5757703185081482,0.6264022588729858,0.5447211861610413,-0.0573703832924366,0.5707525014877319,0.3431479036808014,-0.5309424996376038,0.5833485126495361,0.520016074180603,0.028953861445188522,0.5248769521713257,0.5205587148666382,-0.0291085597127676,0.5957341194152832,0.6760085821151733,0.0331534706056118,0.5147842764854431,0.6785167455673218,-0.023940572515130043,0.60270756483078,0.8076759576797485,0.23632478713989258,0.5088304281234741,0.8102659583091736,0.16438809037208557,0.5947855710983276,0.8264559507369995,0.2473033219575882,0.5173327922821045,0.823935329914093,0.17491140961647034,0.6262986063957214,0.858734130859375,0.10070180892944336,0.49351468682289124,0.8564856648445129,0.020446939393877983
23,draw_x,a06_s10_e02,0.5609661936759949,0.23324625194072723,-0.27545252442359924,0.5664809942245483,0.2199244648218155,-0.24989017844200134,0.5700252652168274,0.22005431354045868,-0.2498524934053421,0.5736914277076721,0.22049187123775482,-0.24980679154396057,0.5550538897514343,0.21924450993537903,-0.25742024183273315,0.5501968264579773,0.21919339895248413,-0.2574508786201477,0.5456023812294006,0.21933118999004364,-0.25745195150375366,0.5770635008811951,0.22784297168254852,-0.09573134034872055,0.5379856824874878,0.22711488604545593,-0.13333062827587128,0.5665117502212524,0.2504938244819641,-0.21727553009986877,0.5521577000617981,0.2506398558616638,-0.22858354449272156,0.6053200960159302,0.32271623611450195,0.0053239259868860245,0.5099056959152222,0.30597785115242004,-0.10926870256662369,0.6196818351745605,0.42433521151542664,0.03184279799461365,0.5019077062606812,0.3543948233127594,-0.33167675137519836,0.6327139139175415,0.5235260128974915,-0.027475858107209206,0.5625616312026978,0.3286655843257904,-0.5727515816688538,0.63298100233078,0.5545037984848022,-0.043331921100616455,0.5786212682723999,0.33042389154434204,-0.6308593153953552,0.6284948587417603,0.5531174540519714,-0.0778217688202858,0.5813274383544922,0.32510051131248474,-0.618377685546875,0.6258816719055176,0.5447260141372681,-0.04137956351041794,0.5766481161117554,0.32545503973960876,-0.5738967657089233,0.5830133557319641,0.5195873975753784,0.030962830409407616,0.5245320200920105,0.5201283693313599,-0.03112071380019188,0.5955320596694946,0.6760106682777405,0.031217703595757484,0.5146616101264954,0.6784990429878235,-0.02641705609858036,0.6027044057846069,0.807668924331665,0.24145004153251648,0.5088334679603577,0.8103666305541992,0.16784143447875977,0.5949970483779907,0.8263028264045715,0.2531581521034241,0.5173317193984985,0.8242195844650269,0.178588405251503,0.6263086795806885,0.8584327697753906,0.1050097793340683,0.4935482144355774,0.8565013408660889,0.022166047245264053
24,draw_x,a06_s10_e02,0.5611280202865601,0.2326742559671402,-0.28820616006851196,0.5666255950927734,0.2197837084531784,-0.26324209570884705,0.5701930522918701,0.2199583500623703,-0.2632055878639221,0.5738292932510376,0.22041885554790497,-0.2631719708442688,0.5552158951759338,0.21902824938297272,-0.2706837058067322,0.5503307580947876,0.21897782385349274,-0.2707163691520691,0.5456821918487549,0.21913577616214752,-0.27072152495384216,0.5771377086639404,0.22775737941265106,-0.11040862649679184,0.5381079912185669,0.22716307640075684,-0.1472526490688324,0.5665656328201294,0.2499617040157318,-0.23046545684337616,0.5521872043609619,0.2501275837421417,-0.24150893092155457,0.6053210496902466,0.322537362575531,-0.005974366329610348,0.5101286768913269,0.30660751461982727,-0.12838459014892578,0.6196773052215576,0.42454859614372253,0.03294067829847336,0.5097020864486694,0.34321722388267517,-0.36113864183425903,0.6323651671409607,0.5239479541778564,-0.005431679077446461,0.570844829082489,0.31022554636001587,-0.6023193597793579,0.6325386762619019,0.5546287894248962,-0.017267638817429543,0.5856055021286011,0.30627167224884033,-0.6617913246154785,0.6279341578483582,0.5532512068748474,-0.051746536046266556,0.5875486135482788,0.30057042837142944,-0.6489159464836121,0.6253531575202942,0.544863760471344,-0.01861901953816414,0.5822033882141113,0.3026617169380188,-0.6042519807815552,0.5827871561050415,0.5195927619934082,0.03188835084438324,0.5243152379989624,0.5201253294944763,-0.0320686474442482,0.5955027937889099,0.6760684251785278,0.029382113367319107,0.5145618915557861,0.6785268187522888,-0.0255618654191494,0.6027176976203918,0.8076449632644653,0.24096429347991943,0.5088462829589844,0.8102578520774841,0.17521777749061584,0.5952397584915161,0.8260818123817444,0.25277775526046753,0.5172469019889832,0.8241928219795227,0.18645229935646057,0.6263163089752197,0.8582454919815063,0.1030469760298729,0.4938812255859375,0.8560429215431213,0.02863163687288761
25,draw_x,a06_s10_e02,0.5613847374916077,0.23246105015277863,-0.2885632812976837,0.5669153928756714,0.21977512538433075,-0.26274293661117554,0.5705519914627075,0.21995405852794647,-0.26271137595176697,0.5740917921066284,0.22040925920009613,-0.26268503069877625,0.5554724931716919,0.2190217822790146,-0.2713014781475067,0.5505293607711792,0.2189740240573883,-0.27133530378341675,0.5458258390426636,0.21913503110408783,-0.2713509202003479,0.5773054361343384,0.2276734858751297,-0.1061248928308487,0.5382351279258728,0.22718700766563416,-0.14770936965942383,0.5666930675506592,0.24979393184185028,-0.22932007908821106,0.5523213744163513,0.24999642372131348,-0.24182578921318054,0.6055335402488708,0.32197436690330505,0.0011526842135936022,0.5102914571762085,0.30642595887184143,-0.1363973617553711,0.6196944713592529,0.42546048760414124,0.04237305372953415,0.5159991979598999,0.3353642523288727,-0.37769967317581177,0.6320806741714478,0.5248062014579773,0.004117663949728012,0.575036883354187,0.29982420802116394,-0.6184917688369751,0.6321880221366882,0.5549272298812866,-0.007801385130733252,0.5899853706359863,0.29602670669555664,-0.6790145635604858,0.6275095343589783,0.5535622835159302,-0.041577547788619995,0.5919555425643921,0.2894250154495239,-0.6660191416740417,0.624940037727356,0.5451978445053101,-0.008969326503574848,0.5859624147415161,0.2913459241390228,-0.6204932928085327,0.5827964544296265,0.5196019411087036,0.035034921020269394,0.5242870450019836,0.5200613141059875,-0.03522145003080368,0.5955008268356323,0.676064133644104,0.02889382839202881,0.5145382881164551,0.6785266399383545,-0.029192239046096802,0.6027185320854187,0.8075984120368958,0.243490070104599,0.5088642835617065,0.8101732730865479,0.17521443963050842,0.5953587293624878,0.8257318735122681,0.25581181049346924,0.5170727968215942,0.8241251111030579,0.18671554327011108,0.6263166666030884,0.8581621646881104,0.10462512820959091,0.49500030279159546,0.8556211590766907,0.027852226048707962
26,draw_x,a06_s10_e02,0.5617387890815735,0.23235316574573517,-0.2892822325229645,0.5671811103820801,0.2197989970445633,-0.26234275102615356,0.5707723498344421,0.22002072632312775,-0.26230818033218384,0.5742328763008118,0.22050867974758148,-0.2622748613357544,0.555715799331665,0.21899692714214325,-0.27225786447525024,0.5506976246833801,0.21890930831432343,-0.27229052782058716,0.5459849238395691,0.21903128921985626,-0.2723087668418884,0.5773595571517944,0.2276715785264969,-0.10434050858020782,0.538232684135437,0.22716321051120758,-0.15133024752140045,0.5670198202133179,0.24970687925815582,-0.2297699749469757,0.5527974367141724,0.24971094727516174,-0.24388639628887177,0.6055600047111511,0.32236871123313904,-0.0003235076437704265,0.5102185010910034,0.3063354790210724,-0.16094553470611572,0.620039701461792,0.4269889295101166,0.03778083249926567,0.5278802514076233,0.32211247086524963,-0.42014390230178833,0.6319053769111633,0.5251818299293518,-0.0017684934427961707,0.58533775806427,0.28542640805244446,-0.6474782228469849,0.6319881677627563,0.5551722049713135,-0.01431681402027607,0.6010268330574036,0.2837344706058502,-0.7089248299598694,0.6272129416465759,0.5537523627281189,-0.04692816734313965,0.603359043598175,0.2786731719970703,-0.6951267719268799,0.6246550679206848,0.5453817248344421,-0.014746990986168385,0.597140908241272,0.28059205412864685,-0.648958146572113,0.5829930901527405,0.5197380781173706,0.037532441318035126,0.5242537260055542,0.5201873183250427,-0.03772479668259621,0.5955137014389038,0.6760655641555786,0.026819398626685143,0.5144692659378052,0.6786094307899475,-0.03010910376906395,0.6027194261550903,0.8073219060897827,0.2486766278743744,0.508877158164978,0.8101716637611389,0.18014749884605408,0.5954899787902832,0.8250692486763,0.2622356712818146,0.5168195366859436,0.8241797089576721,0.19232676923274994,0.6263085603713989,0.8581063151359558,0.11042408645153046,0.49573081731796265,0.8555490970611572,0.03232111781835556
27,draw_x,a06_s10_e02,0.562095046043396,0.23237378895282745,-0.28750959038734436,0.5673097372055054,0.21994386613368988,-0.2601636052131653,0.5708333253860474,0.2201727330684662,-0.26012352108955383,0.5742467045783997,0.2206697165966034,-0.2600826919078827,0.5559698939323425,0.2191334217786789,-0.270346462726593,0.5508623719215393,0.21901468932628632,-0.2703797221183777,0.5460737943649292,0.21911698579788208,-0.2703931927680969,0.5773662328720093,0.22778446972370148,-0.10156664997339249,0.538158118724823,0.22716404497623444,-0.14999918639659882,0.5674818754196167,0.2497381865978241,-0.2278016060590744,0.5533066391944885,0.24971385300159454,-0.24244090914726257,0.6051040887832642,0.32257571816444397,0.0016302537405863404,0.5102013945579529,0.30555060505867004,-0.16666817665100098,0.620292603969574,0.42761290073394775,0.033771637827157974,0.5356592535972595,0.30686768889427185,-0.4300425946712494,0.6317304968833923,0.5253061652183533,-0.010763878934085369,0.5892080068588257,0.2728019654750824,-0.6493126153945923,0.6318380236625671,0.5553534030914307,-0.024621695280075073,0.6071549654006958,0.26973816752433777,-0.7115505933761597,0.6269413232803345,0.5538799166679382,-0.05793043226003647,0.6094136834144592,0.2658040225505829,-0.6968494653701782,0.6243652105331421,0.5454614758491516,-0.024348746985197067,0.6032050848007202,0.26836851239204407,-0.6505649089813232,0.5831788182258606,0.5199493765830994,0.03966393321752548,0.5242577195167542,0.5203230381011963,-0.03985684737563133,0.5955372452735901,0.6760596632957458,0.028532136231660843,0.5144286155700684,0.6786113381385803,-0.030316997319459915,0.602717399597168,0.8071243762969971,0.25058498978614807,0.5088788270950317,0.810211181640625,0.1780947893857956,0.5955270528793335,0.8247727155685425,0.26361900568008423,0.5164656639099121,0.8243852853775024,0.1897476315498352,0.6263290643692017,0.8580747842788696,0.11182150989770889,0.4963476061820984,0.8555490374565125,0.030421555042266846
28,draw_x,a06_s10_e02,0.5625197291374207,0.23193359375,-0.27530935406684875,0.5673840641975403,0.2198471873998642,-0.24806292355060577,0.5708343386650085,0.22007718682289124,-0.24802549183368683,0.5742077231407166,0.22057482600212097,-0.24798043072223663,0.5563768744468689,0.21912573277950287,-0.2593136429786682,0.5512422919273376,0.2190132439136505,-0.2593502700328827,0.5464233160018921,0.2191152572631836,-0.25937068462371826,0.577085554599762,0.22777891159057617,-0.09214505553245544,0.5382100343704224,0.22713279724121094,-0.1447630226612091,0.5679957270622253,0.24926425516605377,-0.21658392250537872,0.5542805790901184,0.24929353594779968,-0.23256556689739227,0.6044019460678101,0.32260751724243164,0.009179306216537952,0.5101906657218933,0.30459821224212646,-0.16075389087200165,0.6203547716140747,0.42805904150009155,0.04224010929465294,0.539696455001831,0.3042108416557312,-0.4054707884788513,0.6314809322357178,0.5253803133964539,0.0009431038051843643,0.5933055877685547,0.2607209384441376,-0.607499361038208,0.6316829919815063,0.5554752349853516,-0.012230836786329746,0.6104713678359985,0.25587260723114014,-0.6670803427696228,0.6266653537750244,0.5539612174034119,-0.04506968706846237,0.6125360727310181,0.25275054574012756,-0.654193639755249,0.6240467429161072,0.5454948544502258,-0.012549933977425098,0.6063271760940552,0.2557366192340851,-0.6092180013656616,0.583264172077179,0.5199583172798157,0.041923243552446365,0.524361252784729,0.5203431248664856,-0.042120613157749176,0.5956069231033325,0.6759348511695862,0.031105365604162216,0.5144230127334595,0.6785464882850647,-0.03314189612865448,0.6027196645736694,0.8067532777786255,0.25359076261520386,0.5088934898376465,0.8101898431777954,0.17720624804496765,0.5955967307090759,0.8243679404258728,0.2665804624557495,0.5162542462348938,0.8243981003761292,0.1888018399477005,0.6264559626579285,0.8579049706459045,0.11486180126667023,0.49700313806533813,0.8552901148796082,0.029304882511496544
29,draw_x,a06_s10_e02,0.5628786683082581,0.23143532872200012,-0.28162410855293274,0.5675434470176697,0.21945375204086304,-0.2557774484157562,0.5709035992622375,0.21964289247989655,-0.25574246048927307,0.5742129683494568,0.22009724378585815,-0.25569969415664673,0.5566567778587341,0.21903055906295776,-0.265150785446167,0.5514779686927795,0.21895679831504822,-0.2651836574077606,0.5466795563697815,0.2190818190574646,-0.26519158482551575,0.5770816802978516,0.22742898762226105,-0.10223512351512909,0.5382431149482727,0.22701774537563324,-0.14788848161697388,0.56838059425354,0.2485215812921524,-0.22376425564289093,0.5548974275588989,0.249095618724823,-0.23740024864673615,0.6041803359985352,0.32179272174835205,0.0012306649005040526,0.5102936029434204,0.303038626909256,-0.1689080148935318,0.6204217076301575,0.4280868172645569,0.03884909301996231,0.5380849242210388,0.30436140298843384,-0.4234252870082855,0.631307065486908,0.5253903269767761,-0.010725559666752815,0.5972872972488403,0.2529110908508301,-0.6337575316429138,0.6315619349479675,0.5555214285850525,-0.02506430447101593,0.6140400171279907,0.24464325606822968,-0.696005642414093,0.6263546347618103,0.5539713501930237,-0.058160293847322464,0.6168604493141174,0.24214844405651093,-0.6824808120727539,0.6236898899078369,0.5454941987991333,-0.024193400517106056,0.6105049252510071,0.24660901725292206,-0.6355509161949158,0.5833097696304321,0.5199121832847595,0.040921203792095184,0.5243912935256958,0.5203195214271545,-0.041110552847385406,0.5956497192382812,0.6759060025215149,0.02945552207529545,0.5144187211990356,0.6785160899162292,-0.032004255801439285,0.6027289628982544,0.8064771890640259,0.2508324682712555,0.5089216232299805,0.810188889503479,0.1789000779390335,0.5956464409828186,0.8240854144096375,0.26390719413757324,0.5161479711532593,0.8244011402130127,0.1907491534948349,0.6265365481376648,0.8577771782875061,0.11237335205078125,0.49770379066467285,0.8552438020706177,0.03014478087425232
30,draw_x,a06_s10_e02,0.5627928972244263,0.23139852285385132,-0.2849840521812439,0.5675176382064819,0.219455286860466,-0.2594117522239685,0.5707882046699524,0.21964293718338013,-0.2593774199485779,0.5740513205528259,0.22009116411209106,-0.2593350112438202,0.5566332936286926,0.21909363567829132,-0.2683708667755127,0.5514662265777588,0.2190418541431427,-0.2684037387371063,0.5466808676719666,0.21918536722660065,-0.2684100866317749,0.5770362615585327,0.22739465534687042,-0.10576383024454117,0.5382449626922607,0.22698894143104553,-0.14988796412944794,0.5683637857437134,0.24835322797298431,-0.22702133655548096,0.5548675656318665,0.24906492233276367,-0.24019189178943634,0.6040767431259155,0.32137224078178406,0.000326036533806473,0.5103763341903687,0.30212894082069397,-0.1729734092950821,0.6204952597618103,0.4283132553100586,0.025248130783438683,0.5391489863395691,0.29733774065971375,-0.42990270256996155,0.6312353014945984,0.5253940224647522,-0.016172189265489578,0.5971903800964355,0.24587178230285645,-0.632089376449585,0.6314746737480164,0.5555467009544373,-0.030813654884696007,0.614528238773346,0.2386152446269989,-0.6942659020423889,0.6262112855911255,0.5539788603782654,-0.06345326453447342,0.6176128387451172,0.23711007833480835,-0.6798659563064575,0.6235555410385132,0.5454943180084229,-0.029504891484975815,0.6108694076538086,0.241559699177742,-0.6337482929229736,0.5833749771118164,0.5199569463729858,0.04016294330358505,0.5244242548942566,0.5203279852867126,-0.04034264758229256,0.5956990718841553,0.6759278774261475,0.029354136437177658,0.51441490650177,0.6785577535629272,-0.031610194593667984,0.6027445793151855,0.8063858151435852,0.24852876365184784,0.5089832544326782,0.8105378746986389,0.17861835658550262,0.5957823991775513,0.8240426182746887,0.2611446678638458,0.5160544514656067,0.8246751427650452,0.19034798443317413,0.6267355680465698,0.857545018196106,0.1103767529129982,0.49837642908096313,0.8552694916725159,0.030358994379639626
31,draw_x,a06_s10_e02,0.5625113248825073,0.23140324652194977,-0.29523593187332153,0.5673949718475342,0.21954824030399323,-0.27055424451828003,0.5705047845840454,0.21972084045410156,-0.27050644159317017,0.5736927390098572,0.22014527022838593,-0.2704663872718811,0.5565410852432251,0.21929046511650085,-0.27785035967826843,0.5514299869537354,0.2192351073026657,-0.2778978645801544,0.5466775298118591,0.21937623620033264,-0.27794525027275085,0.5770087838172913,0.22751757502555847,-0.12542182207107544,0.5383108854293823,0.22698073089122772,-0.1595885455608368,0.5682801008224487,0.24836109578609467,-0.2405589520931244,0.5547811985015869,0.24903830885887146,-0.25108739733695984,0.6040772795677185,0.3216221034526825,-0.02477235719561577,0.5109014511108398,0.3014765679836273,-0.1928214132785797,0.6205319762229919,0.429583340883255,-0.005214229691773653,0.5412131547927856,0.2859940528869629,-0.4447445869445801,0.6311803460121155,0.5255787968635559,-0.036428052932024,0.6017564535140991,0.23516902327537537,-0.6152358651161194,0.6313582062721252,0.5556372404098511,-0.05194997787475586,0.6181514263153076,0.23038581013679504,-0.6756166219711304,0.6261874437332153,0.5540463328361511,-0.0827779471874237,0.6218878030776978,0.22985465824604034,-0.6597260236740112,0.6235506534576416,0.5455248355865479,-0.04949207976460457,0.6158178448677063,0.2333119958639145,-0.6158437728881836,0.583398699760437,0.5200091004371643,0.03962823748588562,0.5244803428649902,0.5203303694725037,-0.03980385139584541,0.5957585573196411,0.6758958697319031,0.029626989737153053,0.514411985874176,0.6785538196563721,-0.027395475655794144,0.6027817130088806,0.8062447905540466,0.24092888832092285,0.5089845657348633,0.8111695647239685,0.17826800048351288,0.5959386229515076,0.8239835500717163,0.2535802721977234,0.5158332586288452,0.8255555629730225,0.18977001309394836,0.6270102858543396,0.8573578596115112,0.10400811582803726,0.4983122944831848,0.8555409908294678,0.02990167960524559
32,draw_x,a06_s10_e02,0.562877357006073,0.23141726851463318,-0.28527864813804626,0.5675731897354126,0.21969030797481537,-0.2598119378089905,0.5705931782722473,0.2198237031698227,-0.2597676217556,0.5737324357032776,0.22022254765033722,-0.2597257196903229,0.5572168827056885,0.2195722460746765,-0.26759931445121765,0.5521792769432068,0.21956102550029755,-0.2676444947719574,0.5474165678024292,0.21968477964401245,-0.2677015960216522,0.577009916305542,0.227644681930542,-0.11461160331964493,0.5385439395904541,0.2269790768623352,-0.15018922090530396,0.5685418844223022,0.24838151037693024,-0.23053352534770966,0.5551644563674927,0.24903826415538788,-0.2415647804737091,0.60396409034729,0.321869432926178,-0.01824384741485119,0.5110656023025513,0.30099207162857056,-0.1840468794107437,0.6205333471298218,0.43058598041534424,0.0024191015399992466,0.5420180559158325,0.2807841897010803,-0.4399004578590393,0.6311308145523071,0.5258969664573669,-0.03608880564570427,0.6043940782546997,0.2307368963956833,-0.6105079650878906,0.631269633769989,0.555840790271759,-0.05187356472015381,0.6215027570724487,0.22672586143016815,-0.6706414222717285,0.6261731386184692,0.5542648434638977,-0.08152364194393158,0.62578284740448,0.2265647053718567,-0.6540828943252563,0.6235466003417969,0.5456915497779846,-0.049310103058815,0.6194668412208557,0.2299000769853592,-0.6106456518173218,0.5834048986434937,0.5201645493507385,0.03994322195649147,0.5245028138160706,0.5203750729560852,-0.04010998085141182,0.5957976579666138,0.6758984327316284,0.02885202132165432,0.5144088268280029,0.6786267757415771,-0.027338126674294472,0.6028302311897278,0.806178629398346,0.23625090718269348,0.5089377164840698,0.8119677305221558,0.17603424191474915,0.5961335897445679,0.8239207863807678,0.24888095259666443,0.515275776386261,0.8265104293823242,0.18771903216838837,0.6272121667861938,0.8572549819946289,0.09993403404951096,0.4982646107673645,0.8556634783744812,0.028976712375879288
33,draw_x,a06_s10_e02,0.5633043050765991,0.23139043152332306,-0.2792688012123108,0.567805290222168,0.2196921408176422,-0.2536405920982361,0.5707706809043884,0.21981669962406158,-0.25360214710235596,0.5738459825515747,0.22020362317562103,-0.2535634934902191,0.5577965974807739,0.2196391075849533,-0.26191410422325134,0.5528122186660767,0.21967658400535583,-0.261957585811615,0.5480383634567261,0.21980470418930054,-0.2620152533054352,0.5770571827888489,0.227654829621315,-0.10697747766971588,0.5386632680892944,0.22696258127689362,-0.14475573599338531,0.5689230561256409,0.2483513057231903,-0.2237803041934967,0.5556793212890625,0.24900905787944794,-0.23544105887413025,0.6038388013839722,0.32168570160865784,-0.007912018336355686,0.5112505555152893,0.3001610338687897,-0.18008773028850555,0.620534360408783,0.43072983622550964,0.008590774610638618,0.5428692102432251,0.27980005741119385,-0.4388178884983063,0.6311174035072327,0.5260695219039917,-0.02271721139550209,0.6062352657318115,0.22878694534301758,-0.6134636998176575,0.6312446594238281,0.5560400485992432,-0.03715229779481888,0.6227900385856628,0.22376838326454163,-0.6742285490036011,0.6261800527572632,0.5544625520706177,-0.0678347796201706,0.6269999146461487,0.2229086011648178,-0.6568464040756226,0.6235622763633728,0.5458199381828308,-0.03586927801370621,0.620883584022522,0.2268809676170349,-0.613319993019104,0.5834084153175354,0.5201779007911682,0.04062752425670624,0.5245314240455627,0.5203709006309509,-0.04078875854611397,0.5958203077316284,0.6758976578712463,0.0289705041795969,0.5144059658050537,0.6786844730377197,-0.028833260759711266,0.6028627157211304,0.8061025142669678,0.23650965094566345,0.5088751912117004,0.812439501285553,0.17228613793849945,0.5962620973587036,0.823888897895813,0.24897094070911407,0.5150648951530457,0.827070415019989,0.18408891558647156,0.6272909641265869,0.8570184111595154,0.10065791755914688,0.49808597564697266,0.855699896812439,0.0262885894626379
34,draw_x,a06_s10_e02,0.5635226964950562,0.2313828468322754,-0.27904966473579407,0.5680018067359924,0.21971836686134338,-0.2534581422805786,0.5709384679794312,0.21982870995998383,-0.2534201741218567,0.573964536190033,0.2202078253030777,-0.2533840239048004,0.5581391453742981,0.21974453330039978,-0.26161089539527893,0.5531864166259766,0.2198193371295929,-0.2616519331932068,0.5484434962272644,0.21994350850582123,-0.2617061734199524,0.5771205425262451,0.2276889830827713,-0.10629834234714508,0.5388931035995483,0.2269589900970459,-0.14366509020328522,0.569118320941925,0.24833349883556366,-0.22338032722473145,0.5558813214302063,0.24893689155578613,-0.23489639163017273,0.6037265062332153,0.32158252596855164,-0.005896606482565403,0.5117384195327759,0.29968392848968506,-0.17888976633548737,0.6205219626426697,0.4307929277420044,0.011113334447145462,0.5438651442527771,0.2795090973377228,-0.43487611413002014,0.631095826625824,0.5261505842208862,-0.019204149022698402,0.6075831055641174,0.2276133894920349,-0.6073315739631653,0.6312296390533447,0.5561361312866211,-0.03385109081864357,0.6243575811386108,0.2227557748556137,-0.6677461862564087,0.6262056231498718,0.5545576810836792,-0.06517637521028519,0.6285726428031921,0.2220916599035263,-0.6514567136764526,0.6235888004302979,0.5458781123161316,-0.032500483095645905,0.6224267482757568,0.22598020732402802,-0.6075245141983032,0.5834136605262756,0.5201853513717651,0.04095342010259628,0.5245622396469116,0.520327627658844,-0.041110195219516754,0.5958656072616577,0.675844132900238,0.025674080476164818,0.5144239068031311,0.6786845922470093,-0.028768960386514664,0.6029404401779175,0.8058850169181824,0.23255836963653564,0.5088399648666382,0.8124527335166931,0.17396041750907898,0.5964282155036926,0.8236355185508728,0.2451772689819336,0.5148335695266724,0.8271487355232239,0.18604916334152222,0.6273510456085205,0.8569484949111938,0.09592136740684509,0.49800905585289,0.8556986451148987,0.02864309586584568
35,draw_x,a06_s10_e02,0.5639120936393738,0.2313840687274933,-0.2724537253379822,0.5683242678642273,0.2197733223438263,-0.24615487456321716,0.5712119340896606,0.21986402571201324,-0.2461247444152832,0.5741547346115112,0.22022861242294312,-0.24609637260437012,0.5586947202682495,0.21986131370067596,-0.25506407022476196,0.5537916421890259,0.219972163438797,-0.2551026940345764,0.5490232706069946,0.22008509933948517,-0.2551547884941101,0.5771814584732056,0.22770623862743378,-0.09698783606290817,0.5392048358917236,0.22695627808570862,-0.13777902722358704,0.5693119764328003,0.2483251690864563,-0.21612663567066193,0.5562218427658081,0.2488822042942047,-0.22861142456531525,0.6036249995231628,0.3215375244617462,0.0031217550858855247,0.512043833732605,0.2995520234107971,-0.17632921040058136,0.6205018758773804,0.4308682084083557,0.022258834913372993,0.5441213846206665,0.2817321717739105,-0.4316404461860657,0.6310865879058838,0.5261882543563843,-0.012372912839055061,0.6066667437553406,0.22981642186641693,-0.608214259147644,0.6312179565429688,0.5562241077423096,-0.027231860905885696,0.6230855584144592,0.2259562760591507,-0.6694961786270142,0.6262311339378357,0.5546690821647644,-0.058842241764068604,0.6271912455558777,0.22537414729595184,-0.6525975465774536,0.6236252188682556,0.545976459980011,-0.025843966752290726,0.6210445761680603,0.2287786304950714,-0.6084038615226746,0.5834184288978577,0.5202221274375916,0.04139196127653122,0.5245926976203918,0.520315945148468,-0.04154274985194206,0.5959017872810364,0.6758369207382202,0.02553500607609749,0.5144384503364563,0.678648054599762,-0.0301444623619318,0.6029881238937378,0.8056228756904602,0.2345106154680252,0.508759617805481,0.8124698996543884,0.17392776906490326,0.5965886116027832,0.8233537673950195,0.2479592114686966,0.5147124528884888,0.8271865248680115,0.18592257797718048,0.6273519992828369,0.8568814396858215,0.09894392639398575,0.4977570176124573,0.8557072281837463,0.0286075659096241
36,draw_x,a06_s10_e02,0.563908576965332,0.2314908504486084,-0.2756750285625458,0.5683582425117493,0.21989375352859497,-0.24976368248462677,0.5712382793426514,0.21998102962970734,-0.24973151087760925,0.5741922855377197,0.22034011781215668,-0.24969840049743652,0.5587009787559509,0.21996654570102692,-0.2581259608268738,0.5538064241409302,0.22006559371948242,-0.25816595554351807,0.5490782856941223,0.22017060220241547,-0.25821393728256226,0.5772565603256226,0.22783300280570984,-0.10050773620605469,0.5395553112030029,0.22695046663284302,-0.13882924616336823,0.569308876991272,0.2484070360660553,-0.2193726748228073,0.5562039613723755,0.24889041483402252,-0.23123247921466827,0.603611946105957,0.32164663076400757,0.00043094594730064273,0.5122207403182983,0.29944464564323425,-0.1765354573726654,0.6205005049705505,0.43122708797454834,0.024091005325317383,0.544247031211853,0.2844959795475006,-0.4302687644958496,0.6310862898826599,0.5263387560844421,-0.010890441946685314,0.6056133508682251,0.23308978974819183,-0.6057657599449158,0.6312164068222046,0.5563838481903076,-0.026224425062537193,0.622806966304779,0.2291133999824524,-0.6659420132637024,0.6262799501419067,0.554858386516571,-0.058998722583055496,0.6268157958984375,0.22806622087955475,-0.6507716774940491,0.6236940622329712,0.5461538434028625,-0.024857841432094574,0.6202322244644165,0.2314693033695221,-0.6063332557678223,0.5834327936172485,0.5202786326408386,0.04148133471608162,0.5246130228042603,0.5203231573104858,-0.04162823408842087,0.5959217548370361,0.6757762432098389,0.030321847647428513,0.514461874961853,0.6786137819290161,-0.030079588294029236,0.60304856300354,0.8054215908050537,0.24790969491004944,0.5086801052093506,0.8124874830245972,0.17626240849494934,0.5967661142349243,0.8231316804885864,0.26173049211502075,0.5146040320396423,0.8272705078125,0.18839062750339508,0.6273585557937622,0.8568757772445679,0.11125367879867554,0.4969901144504547,0.8557158708572388,0.029662534594535828
37,draw_x,a06_s10_e02,0.5638875365257263,0.23149223625659943,-0.2771386206150055,0.5683742761611938,0.2198975533246994,-0.2512836158275604,0.5712520480155945,0.21998462080955505,-0.25124993920326233,0.5742218494415283,0.22034300863742828,-0.2512184679508209,0.5586930513381958,0.2199690043926239,-0.2598107159137726,0.5537954568862915,0.22006802260875702,-0.2598506808280945,0.5490666627883911,0.22017298638820648,-0.2598951458930969,0.5773240327835083,0.22783616185188293,-0.10188134014606476,0.539821445941925,0.2269306182861328,-0.14105433225631714,0.5693003535270691,0.248402401804924,-0.22073125839233398,0.5561327934265137,0.24887175858020782,-0.23280839622020721,0.6036120653152466,0.3216482102870941,-0.0008461183751933277,0.5123470425605774,0.2994324862957001,-0.17558850347995758,0.6205102205276489,0.43131715059280396,0.023933686316013336,0.5434829592704773,0.28754180669784546,-0.4267970621585846,0.6310731172561646,0.526430070400238,-0.011866229586303234,0.605101466178894,0.23690150678157806,-0.6073872447013855,0.6312166452407837,0.556459367275238,-0.0270904041826725,0.622355043888092,0.23219241201877594,-0.6688238978385925,0.6263303756713867,0.5549484491348267,-0.0597471222281456,0.6262802481651306,0.23095442354679108,-0.6535424590110779,0.6237422227859497,0.5462461113929749,-0.025684285908937454,0.6194323301315308,0.2347274124622345,-0.6083864569664001,0.583480715751648,0.5202853083610535,0.041350141167640686,0.5246282815933228,0.5203250646591187,-0.041498735547065735,0.5959245562553406,0.6757306456565857,0.030585814267396927,0.5144786834716797,0.6786125898361206,-0.029993748292326927,0.6030781269073486,0.8053023219108582,0.2469569891691208,0.5086122155189514,0.8127127289772034,0.1757737249135971,0.5969236493110657,0.8229752779006958,0.26039475202560425,0.5145457983016968,0.8275947570800781,0.18782483041286469,0.6273527145385742,0.8568708896636963,0.11041294038295746,0.49599671363830566,0.8558217287063599,0.02845096029341221
38,draw_x,a06_s10_e02,0.5638850927352905,0.23148061335086823,-0.2855389416217804,0.5684772729873657,0.2198287695646286,-0.2602579891681671,0.5714462399482727,0.21988946199417114,-0.2602234482765198,0.5745023488998413,0.22022941708564758,-0.26019519567489624,0.5586661100387573,0.21995441615581512,-0.26817721128463745,0.5536996126174927,0.22006210684776306,-0.2682189643383026,0.5489694476127625,0.2201753705739975,-0.2682560086250305,0.5778454542160034,0.22772598266601562,-0.1093529611825943,0.5399190187454224,0.226930633187294,-0.14595040678977966,0.5693454742431641,0.24836014211177826,-0.22817738354206085,0.556111752986908,0.2488749474287033,-0.23951657116413116,0.6036170721054077,0.321233332157135,-0.005504325497895479,0.5124009251594543,0.2994178831577301,-0.1748236119747162,0.620512843132019,0.43130457401275635,0.023650875315070152,0.5429210662841797,0.28844085335731506,-0.42410629987716675,0.631066620349884,0.5264304280281067,-0.010405713692307472,0.6038024425506592,0.24026066064834595,-0.6247059106826782,0.6312336921691895,0.5564727783203125,-0.02389312908053398,0.6211144328117371,0.23549233376979828,-0.6861143708229065,0.6264171004295349,0.5549770593643188,-0.05642210692167282,0.6249426603317261,0.23374603688716888,-0.6728888154029846,0.6238054633140564,0.5462827682495117,-0.02369452640414238,0.6180025339126587,0.23753340542316437,-0.6266286373138428,0.5835622549057007,0.5201316475868225,0.040251947939395905,0.5246452689170837,0.5202475786209106,-0.040415965020656586,0.5959221124649048,0.6755054593086243,0.03019445575773716,0.5144826769828796,0.6785258054733276,-0.02997070923447609,0.6031055450439453,0.8050737380981445,0.24608922004699707,0.5085346698760986,0.8128047585487366,0.17562052607536316,0.5970566272735596,0.8227234482765198,0.25932902097702026,0.514519989490509,0.8277190327644348,0.18760530650615692,0.627281904220581,0.8568667769432068,0.10960990190505981,0.49512314796447754,0.855890691280365,0.02814445272088051
39,draw_x,a06_s10_e02,0.5647975206375122,0.231240376830101,-0.28285568952560425,0.5692374110221863,0.21944740414619446,-0.25703638792037964,0.5723092555999756,0.21947918832302094,-0.2570033073425293,0.5752767324447632,0.21981553733348846,-0.25697189569473267,0.5591762065887451,0.2198135405778885,-0.2654739320278168,0.5541170835494995,0.21998901665210724,-0.26551350951194763,0.5492731332778931,0.22014175355434418,-0.265546977519989,0.5783470869064331,0.22744758427143097,-0.1055724024772644,0.5401632785797119,0.2269359678030014,-0.14474907517433167,0.5702317357063293,0.2480691820383072,-0.22545289993286133,0.5570735931396484,0.24885687232017517,-0.23745043575763702,0.6036928296089172,0.32150930166244507,-0.005014622118324041,0.5123858451843262,0.29945310950279236,-0.17119260132312775,0.6206333041191101,0.4313009977340698,0.02162240631878376,0.5427626967430115,0.2957974970340729,-0.4241010248661041,0.6311005353927612,0.5264474153518677,-0.0184477586299181,0.6032854914665222,0.24482807517051697,-0.6339927911758423,0.6313179731369019,0.5564950108528137,-0.03265952691435814,0.620057225227356,0.23696200549602509,-0.695533037185669,0.6265721321105957,0.554981529712677,-0.06429694592952728,0.6230339407920837,0.23458640277385712,-0.6826955080032349,0.6239503622055054,0.5462877750396729,-0.03144523873925209,0.6164093017578125,0.2377815693616867,-0.6358464360237122,0.583791196346283,0.5200207829475403,0.03946029394865036,0.5247493982315063,0.520201563835144,-0.03962823003530502,0.5958930850028992,0.6752084493637085,0.02961333468556404,0.5145072340965271,0.6782546639442444,-0.029915397986769676,0.6031296849250793,0.8046238422393799,0.2458818256855011,0.5085029006004333,0.8128121495246887,0.17494508624076843,0.5971243977546692,0.8223205804824829,0.2589462101459503,0.5145246982574463,0.8277437090873718,0.18683847784996033,0.6271628141403198,0.85683673620224,0.10910381376743317,0.4947207570075989,0.8558937311172485,0.028128042817115784
40,draw_x,a06_s10_e02,0.5656832456588745,0.23111851513385773,-0.2692575454711914,0.5699265599250793,0.21935684978961945,-0.2416941225528717,0.57304447889328,0.21941892802715302,-0.24165908992290497,0.5759028792381287,0.21977701783180237,-0.24162378907203674,0.5597129464149475,0.2196878343820572,-0.25120797753334045,0.5545186996459961,0.21986031532287598,-0.2512431740760803,0.5495374202728271,0.22000926733016968,-0.251270592212677,0.5785499811172485,0.22744224965572357,-0.08840502798557281,0.5403458476066589,0.22687724232673645,-0.13288290798664093,0.5712476968765259,0.24803264439105988,-0.21188242733478546,0.5579413771629333,0.24874314665794373,-0.22535446286201477,0.6037834882736206,0.32277217507362366,0.005885129328817129,0.5123811364173889,0.29957759380340576,-0.16141995787620544,0.6208474040031433,0.4316326975822449,0.023889463394880295,0.5422691106796265,0.29721081256866455,-0.4229203164577484,0.631229043006897,0.5266048908233643,-0.01860545389354229,0.600441575050354,0.2502434253692627,-0.6313412189483643,0.6314607858657837,0.5566360950469971,-0.03289192169904709,0.6178008317947388,0.2453688085079193,-0.6927622556686401,0.6268411874771118,0.5551124811172485,-0.06435773521661758,0.6202257871627808,0.24188892543315887,-0.6790904402732849,0.6242364048957825,0.5464354157447815,-0.03162482753396034,0.6139634847640991,0.24419450759887695,-0.632973849773407,0.5839426517486572,0.5201846957206726,0.03944539278745651,0.524804949760437,0.52034592628479,-0.03961241990327835,0.5958253145217896,0.6750833988189697,0.030564483255147934,0.5145395994186401,0.6781513690948486,-0.03042806312441826,0.6031379699707031,0.8042707443237305,0.24661484360694885,0.508492648601532,0.812870979309082,0.1739763468503952,0.5971613526344299,0.8218798041343689,0.2596108317375183,0.5145431160926819,0.8278480172157288,0.18564704060554504,0.6268815994262695,0.8568076491355896,0.11101867258548737,0.49451690912246704,0.8559035062789917,0.027712002396583557
41,draw_x,a06_s10_e02,0.5662416815757751,0.23151570558547974,-0.2716570198535919,0.5705105066299438,0.21954002976417542,-0.24495092034339905,0.5738243460655212,0.21966120600700378,-0.24491643905639648,0.5766730904579163,0.2200806438922882,-0.24488218128681183,0.5601385831832886,0.21971184015274048,-0.2529410123825073,0.5549312829971313,0.2198769599199295,-0.2529848515987396,0.5498548746109009,0.2200223058462143,-0.2530432939529419,0.579380214214325,0.22768165171146393,-0.09213882684707642,0.5406640768051147,0.22691869735717773,-0.134170264005661,0.5719202160835266,0.24844862520694733,-0.2149755209684372,0.5585353374481201,0.2488073706626892,-0.22730183601379395,0.6040915250778198,0.3237247169017792,0.006246108096092939,0.512362003326416,0.3004528880119324,-0.15686143934726715,0.6210769414901733,0.4318448603153229,0.03861411660909653,0.5429052114486694,0.29857873916625977,-0.4121367037296295,0.6314123272895813,0.5266994833946228,-0.00012887711636722088,0.5944141149520874,0.26323074102401733,-0.6255584955215454,0.6316125988960266,0.556753933429718,-0.0119676124304533,0.6118177175521851,0.25981220602989197,-0.6874464154243469,0.6271077394485474,0.5552496314048767,-0.045094989240169525,0.6135787963867188,0.2551306188106537,-0.6732656359672546,0.624527096748352,0.546617865562439,-0.013401503674685955,0.6068525910377502,0.2579663395881653,-0.6269979476928711,0.5840297937393188,0.5202844142913818,0.03938101977109909,0.5248508453369141,0.5206025242805481,-0.03955162689089775,0.5957714319229126,0.6750653982162476,0.03914295881986618,0.5146145224571228,0.6781442165374756,-0.030406039208173752,0.6031456589698792,0.8041160106658936,0.24937501549720764,0.5085062980651855,0.812969982624054,0.17422854900360107,0.5972025394439697,0.8216447830200195,0.26154565811157227,0.5146698355674744,0.8280064463615417,0.1857483834028244,0.6266616582870483,0.8567846417427063,0.11154681444168091,0.49439185857772827,0.8559064269065857,0.027693629264831543
42,draw_x,a06_s10_e02,0.5663485527038574,0.23173163831233978,-0.2868320941925049,0.5708444118499756,0.21966835856437683,-0.26168376207351685,0.5743398070335388,0.21980787813663483,-0.2616468071937561,0.5772436261177063,0.22022318840026855,-0.26161497831344604,0.5603561997413635,0.2197268307209015,-0.27134355902671814,0.5551882982254028,0.21988853812217712,-0.271380215883255,0.5501936674118042,0.22002796828746796,-0.27138614654541016,0.579963207244873,0.22768016159534454,-0.1085481196641922,0.5409436821937561,0.22693194448947906,-0.15613476932048798,0.5718752145767212,0.2485651671886444,-0.22868755459785461,0.5585212111473083,0.24881625175476074,-0.24296502768993378,0.6052491068840027,0.32401707768440247,-0.005217653699219227,0.5122040510177612,0.3023332357406616,-0.15741345286369324,0.6212735176086426,0.43182823061943054,0.04016169160604477,0.5425953269004822,0.30630937218666077,-0.385733425617218,0.631565272808075,0.526736319065094,0.014284307137131691,0.5906950235366821,0.2789447605609894,-0.5897608399391174,0.6317670345306396,0.5568301677703857,0.005075798835605383,0.6055551171302795,0.27755412459373474,-0.644659161567688,0.6273149251937866,0.5553067326545715,-0.028498491272330284,0.6068357229232788,0.27270713448524475,-0.6350692510604858,0.6247190833091736,0.5466974377632141,0.0015999171882867813,0.6010486483573914,0.27454155683517456,-0.5925527811050415,0.5841586589813232,0.5203802585601807,0.03701697662472725,0.5248554944992065,0.5207745432853699,-0.037189144641160965,0.5957609415054321,0.6751219630241394,0.04101776331663132,0.5146575570106506,0.6781436800956726,-0.025054100900888443,0.6031630635261536,0.8039731979370117,0.2520560920238495,0.5085114240646362,0.8129873275756836,0.1825871616601944,0.5972842574119568,0.8214072585105896,0.2641523480415344,0.51479572057724,0.8280314207077026,0.19412316381931305,0.6265131235122681,0.8567792773246765,0.11499939113855362,0.4941072463989258,0.8559206128120422,0.03811188414692879
43,draw_x,a06_s10_e02,0.5665053725242615,0.23301737010478973,-0.2841196656227112,0.5710960030555725,0.22027425467967987,-0.25934797525405884,0.5746901035308838,0.2203337550163269,-0.2593100666999817,0.5775822401046753,0.22067822515964508,-0.25927042961120605,0.5606271028518677,0.22010643780231476,-0.2698083519935608,0.5555449724197388,0.22022971510887146,-0.2698429226875305,0.550557017326355,0.2203250229358673,-0.2698425352573395,0.580199122428894,0.22774377465248108,-0.10366034507751465,0.5413214564323425,0.2271893471479416,-0.15552593767642975,0.571864664554596,0.24931354820728302,-0.22451984882354736,0.5586417317390442,0.24928869307041168,-0.23967072367668152,0.6057099103927612,0.324008584022522,0.002481955336406827,0.5121702551841736,0.3026350736618042,-0.15327002108097076,0.6214765310287476,0.4311518371105194,0.04289471358060837,0.5346886515617371,0.3153860867023468,-0.3948957920074463,0.6317988634109497,0.526739776134491,0.00912599079310894,0.5781528949737549,0.2924264073371887,-0.6401834487915039,0.631963849067688,0.5568462610244751,-0.0007639965624548495,0.5938096642494202,0.2891310155391693,-0.7017158269882202,0.627457320690155,0.5553094148635864,-0.03344546630978584,0.5968681573867798,0.2829133868217468,-0.6927623152732849,0.6248562932014465,0.5466868281364441,-0.00153801788110286,0.5913148522377014,0.2845790684223175,-0.6436423063278198,0.5842411518096924,0.5203813910484314,0.037028465420007706,0.5248849987983704,0.5209773182868958,-0.03719961270689964,0.595758318901062,0.675201952457428,0.038920603692531586,0.5147095918655396,0.6782151460647583,-0.026160623878240585,0.6031977534294128,0.8038616180419922,0.25137612223625183,0.5085442662239075,0.8130114674568176,0.17708030343055725,0.5973902940750122,0.8212160468101501,0.26337942481040955,0.5149977207183838,0.8280378580093384,0.18799073994159698,0.6263732314109802,0.8567744493484497,0.11443934589624405,0.4940168261528015,0.8559331297874451,0.03238163888454437
44,draw_x,a06_s10_e02,0.566497266292572,0.23353253304958344,-0.28284233808517456,0.571082353591919,0.2205110639333725,-0.25874441862106323,0.5746833086013794,0.220535010099411,-0.25870418548583984,0.5776358246803284,0.22079430520534515,-0.25866037607192993,0.5606053471565247,0.22024664282798767,-0.2685278058052063,0.5555353760719299,0.22034071385860443,-0.26856231689453125,0.5505460500717163,0.22045792639255524,-0.2685595452785492,0.5803150534629822,0.22775442898273468,-0.10263979434967041,0.5415229797363281,0.22773604094982147,-0.15020373463630676,0.5715044736862183,0.24957211315631866,-0.22287996113300323,0.5585476756095886,0.24951644241809845,-0.23690016567707062,0.606045126914978,0.32399675250053406,0.008216392248868942,0.5126391649246216,0.3026994466781616,-0.1394422948360443,0.6214444637298584,0.4293542504310608,0.046314530074596405,0.5191062688827515,0.3272479474544525,-0.37261906266212463,0.6318541765213013,0.526748538017273,0.007675918284803629,0.5666600465774536,0.30316784977912903,-0.6311889290809631,0.6320083737373352,0.5568789839744568,-0.003505405504256487,0.582002580165863,0.2992152273654938,-0.6923068165779114,0.6274782419204712,0.5553194284439087,-0.04411015659570694,0.5849123001098633,0.2914901375770569,-0.6818960309028625,0.6248831152915955,0.5466955304145813,-0.006479393690824509,0.5799452066421509,0.2931305468082428,-0.6339240670204163,0.5842390060424805,0.5202475786209106,0.03705419972538948,0.5249204039573669,0.520873486995697,-0.037224967032670975,0.5957581400871277,0.6752035021781921,0.03824138268828392,0.5147259831428528,0.6782318353652954,-0.026571432128548622,0.6032053828239441,0.8038108348846436,0.25135713815689087,0.5085611343383789,0.8129738569259644,0.17632462084293365,0.5974069833755493,0.8211427330970764,0.26350730657577515,0.5150836706161499,0.8279924988746643,0.18728163838386536,0.6262955069541931,0.8567701578140259,0.11550027132034302,0.49403244256973267,0.8559282422065735,0.031306877732276917
45,draw_x,a06_s10_e02,0.566473126411438,0.233924999833107,-0.282034307718277,0.5710716843605042,0.22080965340137482,-0.25860393047332764,0.5746834874153137,0.220823273062706,-0.25856813788414,0.5776724815368652,0.22103683650493622,-0.25852933526039124,0.5605942010879517,0.2203933596611023,-0.2675715684890747,0.5555392503738403,0.22046206891536713,-0.26761019229888916,0.5505887269973755,0.220567986369133,-0.2676064074039459,0.5803431272506714,0.2278898060321808,-0.10321267694234848,0.5416441559791565,0.22804932296276093,-0.1470542550086975,0.5713641047477722,0.24980300664901733,-0.22251148521900177,0.5584666728973389,0.2497103214263916,-0.2352963238954544,0.60604327917099,0.32399803400039673,0.006808282341808081,0.5131118893623352,0.3028413951396942,-0.13044849038124084,0.6214032769203186,0.4284142255783081,0.043746139854192734,0.5124765038490295,0.33228883147239685,-0.3558424115180969,0.6319702863693237,0.5267583727836609,-0.0010197835508733988,0.558419942855835,0.3169823884963989,-0.618573784828186,0.6321816444396973,0.5569108724594116,-0.012489644810557365,0.5729758143424988,0.3178368806838989,-0.6793506145477295,0.6275268793106079,0.5553244948387146,-0.05472990870475769,0.5774916410446167,0.31212159991264343,-0.6685229539871216,0.6249078512191772,0.5467005968093872,-0.016573693603277206,0.573788583278656,0.312534898519516,-0.6208063364028931,0.5842589735984802,0.5200795531272888,0.03493771702051163,0.5249549150466919,0.5207706093788147,-0.03510414808988571,0.5957269668579102,0.6752051711082458,0.039741359651088715,0.5147466659545898,0.678236722946167,-0.02465898171067238,0.6032131910324097,0.8037662506103516,0.24886934459209442,0.5086092352867126,0.8129537105560303,0.17289459705352783,0.5974191427230835,0.8210764527320862,0.25990843772888184,0.5152630805969238,0.8279922604560852,0.1831168234348297,0.6261895895004272,0.8567730784416199,0.11458469927310944,0.49396032094955444,0.855965793132782,0.02891639806330204
46,draw_x,a06_s10_e02,0.5664536356925964,0.2341255396604538,-0.26461389660835266,0.5710681676864624,0.2209964096546173,-0.24206247925758362,0.5747260451316833,0.22104327380657196,-0.24202540516853333,0.5777637362480164,0.2212745100259781,-0.24197737872600555,0.5605804920196533,0.2204550951719284,-0.24960140883922577,0.555530846118927,0.22050248086452484,-0.24963168799877167,0.5505914092063904,0.2206033170223236,-0.249629944562912,0.5804948806762695,0.22805796563625336,-0.09178232401609421,0.5416828989982605,0.2280741035938263,-0.1302073895931244,0.5713507533073425,0.2499535083770752,-0.20677289366722107,0.5581594705581665,0.24977415800094604,-0.2181893140077591,0.6060370802879333,0.32398754358291626,0.016942616552114487,0.5149538516998291,0.3028606176376343,-0.12000356614589691,0.6211150288581848,0.4270683526992798,0.04772591218352318,0.5140019059181213,0.3353036642074585,-0.3487533628940582,0.6321333646774292,0.5267146825790405,-0.006829193327575922,0.5527022480964661,0.332607626914978,-0.6191040277481079,0.6323750615119934,0.5569203495979309,-0.01946154423058033,0.5636788010597229,0.338024765253067,-0.6805485486984253,0.6276068687438965,0.5553304553031921,-0.060889970511198044,0.5694804787635803,0.3335612416267395,-0.6707910895347595,0.6249672174453735,0.5466916561126709,-0.02291182056069374,0.5667371153831482,0.33252230286598206,-0.6218217611312866,0.5844582915306091,0.5200805068016052,0.03465428575873375,0.5251791477203369,0.5206332802772522,-0.03481597080826759,0.5957122445106506,0.675261378288269,0.04319640249013901,0.5147841572761536,0.6782509088516235,-0.023485342040657997,0.6032184362411499,0.8037305474281311,0.24913673102855682,0.5086105465888977,0.8129619359970093,0.17219172418117523,0.5974243879318237,0.8209567666053772,0.2602560222148895,0.5152810215950012,0.827996015548706,0.18244816362857819,0.6261409521102905,0.8567848205566406,0.11733867228031158,0.4937807619571686,0.8560326099395752,0.028913136571645737
47,draw_x,a06_s10_e02,0.5664147138595581,0.23431022465229034,-0.2639007568359375,0.5710590481758118,0.22116784751415253,-0.24165181815624237,0.5747154951095581,0.22122639417648315,-0.24160940945148468,0.5777778029441833,0.2214432805776596,-0.24155715107917786,0.5605705380439758,0.2205694317817688,-0.24924048781394958,0.5555225610733032,0.2206064611673355,-0.24927747249603271,0.550592839717865,0.2207205891609192,-0.24928231537342072,0.5805805325508118,0.2282150685787201,-0.09202054142951965,0.5418034195899963,0.22809860110282898,-0.13073799014091492,0.5713244676589966,0.2500379979610443,-0.20613960921764374,0.5579986572265625,0.24979180097579956,-0.21769051253795624,0.6062046885490417,0.3239397704601288,0.01926182582974434,0.5153701901435852,0.3025291860103607,-0.1222197636961937,0.6209601163864136,0.42574700713157654,0.05021259933710098,0.5100752115249634,0.33546167612075806,-0.34907153248786926,0.6322711110115051,0.5266616940498352,-0.014071923680603504,0.5460957884788513,0.3369235396385193,-0.622155487537384,0.6324722170829773,0.5569141507148743,-0.02854089066386223,0.5543283820152283,0.3490120470523834,-0.6844573616981506,0.6277401447296143,0.5553089380264282,-0.0687616765499115,0.5632163286209106,0.3448719382286072,-0.6755847334861755,0.6250912547111511,0.5466552972793579,-0.030431827530264854,0.5616892576217651,0.3409436047077179,-0.6252423524856567,0.5844693183898926,0.5200942754745483,0.03475380688905716,0.5252188444137573,0.5206274390220642,-0.034916963428258896,0.5957043170928955,0.6752248406410217,0.0478026382625103,0.5148350596427917,0.678240954875946,-0.023569613695144653,0.6032215356826782,0.8036530017852783,0.25012442469596863,0.5086368322372437,0.8128296136856079,0.16963981091976166,0.5974212884902954,0.8208625316619873,0.2611791789531708,0.5152918696403503,0.8278270363807678,0.17989884316921234,0.6261096000671387,0.8567570447921753,0.1200006827712059,0.4938415586948395,0.8559080362319946,0.027646228671073914
48,draw_x,a06_s10_e02,0.5663880109786987,0.23471297323703766,-0.2660157084465027,0.5710230469703674,0.22133690118789673,-0.24289926886558533,0.5746874809265137,0.22139887511730194,-0.24288766086101532,0.5777729749679565,0.22158071398735046,-0.24285045266151428,0.5605636239051819,0.22071745991706848,-0.2495761662721634,0.5555235743522644,0.2207387089729309,-0.24961626529693604,0.5506058931350708,0.22086207568645477,-0.24962981045246124,0.5805879235267639,0.22832122445106506,-0.0969284176826477,0.5418740510940552,0.22813118994235992,-0.13251297175884247,0.5712301135063171,0.25037211179733276,-0.2075643092393875,0.5578852891921997,0.24990828335285187,-0.22022473812103271,0.6063215732574463,0.32392269372940063,0.018687540665268898,0.5153228044509888,0.303305059671402,-0.12009191513061523,0.6208708882331848,0.42521563172340393,0.04775698482990265,0.511476457118988,0.3505462408065796,-0.33282870054244995,0.6323728561401367,0.5266262292861938,-0.025903403759002686,0.5375930070877075,0.353408545255661,-0.6235508918762207,0.6325221061706543,0.5569165349006653,-0.0412839911878109,0.5437478423118591,0.36074018478393555,-0.6863213181495667,0.6279506683349609,0.5553184151649475,-0.08004610240459442,0.5508196353912354,0.3560183644294739,-0.6838346719741821,0.6253573298454285,0.5466665029525757,-0.04177418723702431,0.5499410629272461,0.35259580612182617,-0.6295377016067505,0.5847567915916443,0.5201444029808044,0.03469804674386978,0.5252805948257446,0.5206238627433777,-0.03485671430826187,0.5957125425338745,0.6752036213874817,0.049952857196331024,0.5149099230766296,0.6782330274581909,-0.02191617712378502,0.6032291650772095,0.8034949898719788,0.2500326633453369,0.5086545944213867,0.8126438856124878,0.1697736233472824,0.597425639629364,0.8206627368927002,0.26041826605796814,0.5153177380561829,0.8276310563087463,0.1800706684589386,0.6261051297187805,0.8567541241645813,0.11945730447769165,0.4938477873802185,0.8558923602104187,0.02778092958033085
49,draw_x,a06_s10_e02,0.5663716793060303,0.234799325466156,-0.2632831037044525,0.5710052251815796,0.22138258814811707,-0.24167272448539734,0.5746696591377258,0.22145181894302368,-0.24166157841682434,0.5777689218521118,0.2216196060180664,-0.2416304349899292,0.5605526566505432,0.22075359523296356,-0.24892811477184296,0.5555360317230225,0.22077248990535736,-0.24896052479743958,0.5506272315979004,0.2209046632051468,-0.24896569550037384,0.5805899500846863,0.2283688485622406,-0.09722422808408737,0.5419667959213257,0.22816157341003418,-0.13416489958763123,0.5712124109268188,0.250542014837265,-0.2071651667356491,0.5578765273094177,0.2499900460243225,-0.21905338764190674,0.6065303683280945,0.3239639401435852,0.01729019358754158,0.5148450136184692,0.3059374690055847,-0.11874730885028839,0.6208710074424744,0.4246974587440491,0.0489359088242054,0.5109051465988159,0.36234989762306213,-0.3203521966934204,0.6326744556427002,0.5264666676521301,-0.023789647966623306,0.5240042805671692,0.3765972852706909,-0.6235254406929016,0.6327809691429138,0.5568666458129883,-0.039876025170087814,0.5238711833953857,0.39371156692504883,-0.6873737573623657,0.6282925009727478,0.5553172826766968,-0.07834568619728088,0.5318849086761475,0.38957279920578003,-0.694696843624115,0.6257299780845642,0.5466603636741638,-0.039454005658626556,0.5338168144226074,0.3849334120750427,-0.6333324313163757,0.5851401090621948,0.5203419923782349,0.03342362493276596,0.5252863168716431,0.5206297636032104,-0.03355766460299492,0.5957144498825073,0.6751351952552795,0.05691274255514145,0.5150542259216309,0.6782331466674805,-0.01934574358165264,0.6032330393791199,0.8033665418624878,0.24192216992378235,0.5086559057235718,0.8126129508018494,0.16010496020317078,0.5974279642105103,0.8205174207687378,0.2503458559513092,0.515318751335144,0.8276128768920898,0.16864129900932312,0.6260826587677002,0.8567502498626709,0.11316965520381927,0.49381527304649353,0.855959951877594,0.019668588414788246
50,draw_x,a06_s10_e02,0.5662540197372437,0.23506347835063934,-0.26949363946914673,0.570897102355957,0.221502885222435,-0.2505221366882324,0.5745372772216797,0.22158296406269073,-0.2505127191543579,0.5777392983436584,0.22171849012374878,-0.2504836916923523,0.5604404211044312,0.22089959681034088,-0.255668044090271,0.5554922819137573,0.22091014683246613,-0.2556943893432617,0.5505908131599426,0.22107738256454468,-0.2556796371936798,0.5805977582931519,0.2284976840019226,-0.11142519861459732,0.5419958829879761,0.22830387949943542,-0.1410445272922516,0.5711227655410767,0.25085994601249695,-0.2160361260175705,0.5576564073562622,0.2502577006816864,-0.2248854637145996,0.6069678068161011,0.3243543803691864,-0.0024353014305233955,0.5143581628799438,0.30807289481163025,-0.11263673007488251,0.6208992004394531,0.42453479766845703,0.04852374643087387,0.5053680539131165,0.3663770258426666,-0.28090953826904297,0.6332026720046997,0.5259718298912048,-0.025310317054390907,0.5149884223937988,0.3962402641773224,-0.5766593813896179,0.6333955526351929,0.5566666126251221,-0.04233686625957489,0.5126245021820068,0.41597780585289,-0.638129472732544,0.6287070512771606,0.5551897883415222,-0.08217372745275497,0.5201035141944885,0.41308096051216125,-0.652550220489502,0.6261434555053711,0.5465291738510132,-0.04137318953871727,0.5227111577987671,0.4077840745449066,-0.5896381139755249,0.5852662324905396,0.5205092430114746,0.028425779193639755,0.5252913236618042,0.5206338763237,-0.028543919324874878,0.5957198739051819,0.6749411225318909,0.058776866644620895,0.515155017375946,0.6781783699989319,-0.01817450299859047,0.6032425165176392,0.8031838536262512,0.2275284081697464,0.5086571574211121,0.8125832080841064,0.14400503039360046,0.5974310040473938,0.8203687071800232,0.23443949222564697,0.5153341889381409,0.8275818228721619,0.1507466584444046,0.6260803937911987,0.8567491769790649,0.09734991192817688,0.49380677938461304,0.8559747934341431,0.0038546379655599594
51,draw_x,a06_s10_e02,0.5661970376968384,0.23518313467502594,-0.2741182744503021,0.5708415508270264,0.22155579924583435,-0.25516292452812195,0.57448810338974,0.22164760529994965,-0.25515666604042053,0.5777353644371033,0.22176510095596313,-0.25512629747390747,0.5603516697883606,0.22096285223960876,-0.2599688172340393,0.5554314851760864,0.22096750140190125,-0.25999385118484497,0.5505370497703552,0.2211521714925766,-0.25997334718704224,0.5806182622909546,0.2286316603422165,-0.11804558336734772,0.5419977903366089,0.22840578854084015,-0.14668622612953186,0.5710688829421997,0.25107648968696594,-0.22201406955718994,0.5574547648429871,0.25044888257980347,-0.23021025955677032,0.6072301268577576,0.32491928339004517,-0.015411523170769215,0.5128203630447388,0.31044748425483704,-0.10746697336435318,0.6209120154380798,0.4245630204677582,0.03797459974884987,0.503493070602417,0.376189649105072,-0.24643246829509735,0.633553147315979,0.5254413485527039,-0.04270704463124275,0.5077003240585327,0.41898080706596375,-0.5210127830505371,0.6339510083198547,0.5563919544219971,-0.0626554787158966,0.5047920346260071,0.4397021532058716,-0.579137921333313,0.6289644241333008,0.5549419522285461,-0.10329606384038925,0.511459469795227,0.4363495409488678,-0.5957137942314148,0.6263443827629089,0.5462592244148254,-0.05939135700464249,0.5142664909362793,0.43049654364585876,-0.5344780087471008,0.5854230523109436,0.5209831595420837,0.024636585265398026,0.5253006815910339,0.520760715007782,-0.024746175855398178,0.5957074761390686,0.6749353408813477,0.0566452220082283,0.5151804685592651,0.6781842708587646,-0.018684428185224533,0.6032457947731018,0.8030043840408325,0.22242382168769836,0.508647084236145,0.8125839829444885,0.13592447340488434,0.5974212288856506,0.820103645324707,0.22943881154060364,0.5153411030769348,0.8275834321975708,0.14205119013786316,0.6260373592376709,0.8567823767662048,0.09163966029882431,0.49372291564941406,0.8560795187950134,-0.0046886270865798
52,draw_x,a06_s10_e02,0.56618332862854,0.23524479568004608,-0.286011278629303,0.5708322525024414,0.22157129645347595,-0.26617127656936646,0.5744834542274475,0.22166849672794342,-0.26616865396499634,0.5777504444122314,0.22177843749523163,-0.2661389112472534,0.560342013835907,0.22097019851207733,-0.27135512232780457,0.5554269552230835,0.22097167372703552,-0.27138587832450867,0.5505350828170776,0.22115784883499146,-0.2713724970817566,0.5806781053543091,0.22872231900691986,-0.12906846404075623,0.5419987440109253,0.22842176258563995,-0.1582442820072174,0.5710498094558716,0.2513134479522705,-0.23380550742149353,0.557433545589447,0.25061285495758057,-0.24230797588825226,0.6073288917541504,0.3252657651901245,-0.02826189063489437,0.5110112428665161,0.312025249004364,-0.11033252626657486,0.6209324598312378,0.424791544675827,0.020530391484498978,0.5016208291053772,0.38355594873428345,-0.2370806634426117,0.6338578462600708,0.5250528454780579,-0.06927478313446045,0.5017207264900208,0.4305049777030945,-0.5054730176925659,0.6343747973442078,0.5562393665313721,-0.09211857616901398,0.49889031052589417,0.45256713032722473,-0.562494158744812,0.6292133927345276,0.5547835230827332,-0.1325952112674713,0.5041490793228149,0.44874799251556396,-0.5808814167976379,0.6265681982040405,0.5460556149482727,-0.08636705577373505,0.5070489645004272,0.4422362744808197,-0.519424557685852,0.585426390171051,0.5216634273529053,0.022927531972527504,0.5252694487571716,0.5210917592048645,-0.02303377166390419,0.5957120656967163,0.6749361157417297,0.05634729191660881,0.5151911973953247,0.6782668232917786,-0.018629994243383408,0.6032495498657227,0.8028179407119751,0.22298571467399597,0.5086373090744019,0.8126940131187439,0.13621863722801208,0.5973976254463196,0.8198810815811157,0.23026378452777863,0.5153439044952393,0.8276997804641724,0.14239421486854553,0.6260348558425903,0.8567845225334167,0.09255585819482803,0.49336832761764526,0.8561281561851501,-0.004395270254462957
53,draw_x,a06_s10_e02,0.5662201642990112,0.23524434864521027,-0.3247070908546448,0.5708603262901306,0.22155863046646118,-0.3046433627605438,0.574571430683136,0.22165481746196747,-0.30463907122612,0.5778353214263916,0.22175082564353943,-0.30461519956588745,0.5603477954864502,0.2209646850824356,-0.3098410665988922,0.555431604385376,0.22096779942512512,-0.3098840117454529,0.5505346059799194,0.22115367650985718,-0.3098781108856201,0.5807596445083618,0.22871214151382446,-0.16448473930358887,0.5419990420341492,0.22842951118946075,-0.1927291452884674,0.5710651874542236,0.25139686465263367,-0.2708281874656677,0.5574225783348083,0.2507365047931671,-0.27923688292503357,0.607674241065979,0.3252606987953186,-0.05789416283369064,0.5099309086799622,0.3120904266834259,-0.122586689889431,0.620980978012085,0.4249223470687866,-0.006434944923967123,0.5003349781036377,0.39241331815719604,-0.2302718609571457,0.6340480446815491,0.5247767567634583,-0.10585062205791473,0.49770766496658325,0.44502294063568115,-0.48573511838912964,0.6347018480300903,0.5561673045158386,-0.13147272169589996,0.4944995045661926,0.4677629768848419,-0.540823757648468,0.6294318437576294,0.5547210574150085,-0.17308665812015533,0.4985803961753845,0.46215513348579407,-0.5633863806724548,0.6267476081848145,0.5459689497947693,-0.12360380589962006,0.5017449855804443,0.4553147256374359,-0.5008556246757507,0.5856937170028687,0.5219395160675049,0.02203243598341942,0.5253509283065796,0.5212326645851135,-0.022137712687253952,0.5957357883453369,0.6749603152275085,0.05957964062690735,0.5152317881584167,0.6782777309417725,-0.01866280473768711,0.6032541990280151,0.8026469945907593,0.22576749324798584,0.5085965991020203,0.8126187920570374,0.13720938563346863,0.5973811745643616,0.8197095394134521,0.23042280972003937,0.5153414011001587,0.8276767730712891,0.14355982840061188,0.6260315775871277,0.8567838072776794,0.0948755294084549,0.4932566285133362,0.8561614751815796,-0.005192060023546219
54,draw_x,a06_s10_e02,0.5662332773208618,0.2352718561887741,-0.3298587501049042,0.5708639025688171,0.22156116366386414,-0.3094354569911957,0.5745904445648193,0.22165758907794952,-0.3094324469566345,0.5778607726097107,0.22175313532352448,-0.3094102740287781,0.5603613257408142,0.22096873819828033,-0.3146877586841583,0.5554506182670593,0.22097042202949524,-0.3147316575050354,0.5505408048629761,0.22115126252174377,-0.31472593545913696,0.5807873010635376,0.22871221601963043,-0.16919861733913422,0.5419964790344238,0.22842995822429657,-0.19739463925361633,0.5710529685020447,0.2515401244163513,-0.2760806083679199,0.5574138164520264,0.2508903741836548,-0.28450044989585876,0.6077746152877808,0.3251812756061554,-0.06329525262117386,0.5090846419334412,0.3127182722091675,-0.12621024250984192,0.6209948658943176,0.42494747042655945,-0.011933681555092335,0.499961793422699,0.3980368375778198,-0.22073712944984436,0.6342326402664185,0.5243626832962036,-0.11313483864068985,0.49489274621009827,0.4513329267501831,-0.4718008041381836,0.6349881887435913,0.5560184717178345,-0.13908445835113525,0.4907488226890564,0.4735683798789978,-0.5265718698501587,0.6296125650405884,0.554547131061554,-0.1809726059436798,0.49521198868751526,0.4688943326473236,-0.5500036478042603,0.626895546913147,0.5457777380943298,-0.13114634156227112,0.4985085427761078,0.4618612825870514,-0.4871754050254822,0.5858045816421509,0.5222768187522888,0.020877894014120102,0.5254666805267334,0.521298348903656,-0.02098391391336918,0.5957663655281067,0.6749595403671265,0.059639155864715576,0.5152294635772705,0.678551435470581,-0.018912849947810173,0.6032574772834778,0.8022773265838623,0.23135694861412048,0.5085379481315613,0.8126787543296814,0.1389123797416687,0.597378134727478,0.8192670941352844,0.2368144989013672,0.5153353214263916,0.8277313709259033,0.1454295814037323,0.626024067401886,0.8567003607749939,0.10111436992883682,0.4930054545402527,0.8562686443328857,-0.0038504719268530607
55,draw_x,a06_s10_e02,0.5662447214126587,0.2352740466594696,-0.3421858251094818,0.5708608031272888,0.2215585857629776,-0.32156074047088623,0.5745888948440552,0.2216539978981018,-0.32155901193618774,0.5778654217720032,0.22173897922039032,-0.32153981924057007,0.5603675842285156,0.2209656685590744,-0.3276350796222687,0.5554596185684204,0.2209598869085312,-0.3276776373386383,0.5505443811416626,0.22112080454826355,-0.3276728689670563,0.580787181854248,0.22865624725818634,-0.17976143956184387,0.5419818758964539,0.22837558388710022,-0.2113874852657318,0.5710428953170776,0.25158655643463135,-0.28775566816329956,0.5574056506156921,0.2509630024433136,-0.2971346974372864,0.607921302318573,0.3250388205051422,-0.06905756890773773,0.5086188912391663,0.31343576312065125,-0.1371152251958847,0.6210459470748901,0.4250045716762543,-0.010165084153413773,0.49963927268981934,0.4008941948413849,-0.21020302176475525,0.634415864944458,0.5240007042884827,-0.1123780831694603,0.4927672743797302,0.45752185583114624,-0.44034114480018616,0.6351977586746216,0.5558967590332031,-0.13838033378124237,0.48856592178344727,0.4787237048149109,-0.49280285835266113,0.629780650138855,0.5544349551200867,-0.1813441812992096,0.4924338757991791,0.47453004121780396,-0.5191293954849243,0.6270662546157837,0.545661211013794,-0.13101300597190857,0.49558520317077637,0.46790018677711487,-0.4563194215297699,0.5858661532402039,0.5224601626396179,0.02109839767217636,0.52552729845047,0.5213529467582703,-0.021198859438300133,0.5958118438720703,0.6749449372291565,0.06340950727462769,0.5152339935302734,0.6787238717079163,-0.019110411405563354,0.60326087474823,0.8021165728569031,0.23890526592731476,0.5085075497627258,0.8127391934394836,0.13963261246681213,0.5973733067512512,0.8191674947738647,0.24562212824821472,0.5153250694274902,0.827806830406189,0.14609144628047943,0.6260356903076172,0.8565191030502319,0.10701239109039307,0.4928869307041168,0.856356680393219,-0.004313269164413214
56,draw_x,a06_s10_e02,0.5662715435028076,0.23526521027088165,-0.35164564847946167,0.5708714723587036,0.22154292464256287,-0.3308883309364319,0.5746064782142639,0.2216348648071289,-0.330882728099823,0.5778847336769104,0.22170859575271606,-0.3308524787425995,0.5603847503662109,0.22094863653182983,-0.33759090304374695,0.5554691553115845,0.22093109786510468,-0.3376314640045166,0.5505465269088745,0.22106686234474182,-0.3376224935054779,0.580788254737854,0.2286042422056198,-0.1873515546321869,0.5419191718101501,0.22830507159233093,-0.22192654013633728,0.5710429549217224,0.25162795186042786,-0.2965185046195984,0.5573946833610535,0.25102025270462036,-0.30671507120132446,0.6080001592636108,0.32501888275146484,-0.07269199192523956,0.5081354379653931,0.31365564465522766,-0.14328978955745697,0.6210962533950806,0.4250440299510956,-0.0029279449954628944,0.49810490012168884,0.3992561101913452,-0.18895485997200012,0.634668231010437,0.523601770401001,-0.10113215446472168,0.4907403886318207,0.4581886827945709,-0.3959352374076843,0.6355522871017456,0.5557785630226135,-0.12533444166183472,0.4863446354866028,0.4791955053806305,-0.4444943368434906,0.6300550699234009,0.5543228387832642,-0.16966721415519714,0.48966941237449646,0.47648608684539795,-0.4735749661922455,0.6273257732391357,0.5455337166786194,-0.12018315494060516,0.4927264153957367,0.47034984827041626,-0.41235488653182983,0.5858811140060425,0.5226242542266846,0.02109181322157383,0.52553391456604,0.5214427709579468,-0.02119084820151329,0.5958725810050964,0.674946665763855,0.06350739300251007,0.5152386426925659,0.6789847612380981,-0.019145077094435692,0.6032713651657104,0.8020716309547424,0.24192042648792267,0.5084872841835022,0.8127094507217407,0.1405341625213623,0.5973755121231079,0.8191640973091125,0.2492891252040863,0.5153226256370544,0.8277779817581177,0.14699450135231018,0.6260445713996887,0.8564409613609314,0.1088729053735733,0.49287334084510803,0.8564590215682983,-0.0041627539321780205
57,draw_x,a06_s10_e02,0.5663005113601685,0.2352878600358963,-0.3535212278366089,0.5708767175674438,0.22154921293258667,-0.3329320251941681,0.5746157765388489,0.22164078056812286,-0.3329278826713562,0.5778980255126953,0.2217109501361847,-0.33289405703544617,0.5603957176208496,0.22095726430416107,-0.3383800983428955,0.5554769039154053,0.2209378331899643,-0.3384168744087219,0.5505502820014954,0.22106964886188507,-0.338402658700943,0.5807901620864868,0.22860389947891235,-0.1906854808330536,0.541909396648407,0.22829513251781464,-0.2194676697254181,0.5710567235946655,0.2517532408237457,-0.299032986164093,0.557401716709137,0.25115901231765747,-0.307516872882843,0.6081941723823547,0.3249509930610657,-0.0772700235247612,0.5081222653388977,0.3140290677547455,-0.14031259715557098,0.62119060754776,0.425057977437973,-0.004188939463347197,0.49636292457580566,0.40004101395606995,-0.15828177332878113,0.6350456476211548,0.5228787064552307,-0.10446880757808685,0.48913392424583435,0.46025410294532776,-0.34827497601509094,0.6359952092170715,0.5554249882698059,-0.1290617138147354,0.48461073637008667,0.48062726855278015,-0.3937077820301056,0.6304502487182617,0.5540238618850708,-0.17420998215675354,0.4881257116794586,0.47800302505493164,-0.4240783154964447,0.6277291178703308,0.5451937913894653,-0.12391600757837296,0.49123436212539673,0.4721674919128418,-0.36471307277679443,0.5858889222145081,0.5227717161178589,0.01935618929564953,0.5256680846214294,0.5214769840240479,-0.0194526556879282,0.5959173440933228,0.6749469041824341,0.06225623935461044,0.5152422785758972,0.6791474223136902,-0.019191816449165344,0.6032747030258179,0.8020455837249756,0.23693203926086426,0.5084702372550964,0.8126997351646423,0.13738305866718292,0.5973646640777588,0.8191614747047424,0.24392791092395782,0.5153293013572693,0.8277683258056641,0.14305153489112854,0.6260486841201782,0.8563562035560608,0.10229965299367905,0.492757648229599,0.8567373752593994,-0.007770721800625324
58,draw_x,a06_s10_e02,0.566299557685852,0.2352665513753891,-0.34744197130203247,0.5708702802658081,0.22154471278190613,-0.32669728994369507,0.5746015310287476,0.2216394990682602,-0.3266925811767578,0.5778964757919312,0.2217094898223877,-0.3266603350639343,0.5603927373886108,0.22094754874706268,-0.33200740814208984,0.5554686188697815,0.22092007100582123,-0.3320460915565491,0.55054771900177,0.22104309499263763,-0.3320334851741791,0.5807843208312988,0.22860202193260193,-0.18448565900325775,0.5418559312820435,0.22823922336101532,-0.21253140270709991,0.5710529088973999,0.25178778171539307,-0.29298919439315796,0.5573911070823669,0.2512000501155853,-0.30129164457321167,0.6082723140716553,0.3249049782752991,-0.07254472374916077,0.5079078674316406,0.31423112750053406,-0.13747017085552216,0.6212385892868042,0.4250931739807129,-0.003038811031728983,0.494255930185318,0.39886510372161865,-0.1663837432861328,0.635519802570343,0.5216184258460999,-0.10504883527755737,0.48759573698043823,0.4577725827693939,-0.37341606616973877,0.6365138292312622,0.5547741055488586,-0.130279079079628,0.4829460680484772,0.4782959818840027,-0.4216903746128082,0.6309046149253845,0.553371250629425,-0.1749332845211029,0.48691487312316895,0.4751823842525482,-0.45011788606643677,0.6281724572181702,0.5445163249969482,-0.1243269294500351,0.49015703797340393,0.4690254330635071,-0.38956722617149353,0.5858933329582214,0.5229413509368896,0.018475083634257317,0.5257071256637573,0.5216104984283447,-0.01857004687190056,0.595928966999054,0.6749565601348877,0.057309169322252274,0.5152460336685181,0.679409921169281,-0.01928950846195221,0.6032773852348328,0.8020379543304443,0.2329140603542328,0.5084694623947144,0.8126319646835327,0.13873347640037537,0.5973609089851379,0.8191807270050049,0.24043217301368713,0.5153716802597046,0.8277167081832886,0.1448076069355011,0.626046359539032,0.8562864065170288,0.0982469767332077,0.49276384711265564,0.857012152671814,-0.005980683956295252
59,draw_x,a06_s10_e02,0.5662772059440613,0.2351846843957901,-0.3426700830459595,0.5708456635475159,0.22147755324840546,-0.32187655568122864,0.5745603442192078,0.2215796411037445,-0.3218686580657959,0.577889621257782,0.2216557115316391,-0.3218304514884949,0.5603500604629517,0.22089309990406036,-0.32647421956062317,0.5554150342941284,0.22086921334266663,-0.32651451230049133,0.5505177974700928,0.2209993451833725,-0.32650211453437805,0.5807804465293884,0.22857528924942017,-0.18074063956737518,0.5418163537979126,0.22818318009376526,-0.20597603917121887,0.571050226688385,0.2517951726913452,-0.28886574506759644,0.5573453307151794,0.25122082233428955,-0.2962302565574646,0.6083603501319885,0.32489922642707825,-0.07163845002651215,0.5078831315040588,0.31422343850135803,-0.12711140513420105,0.6212977170944214,0.42510563135147095,-0.004671141505241394,0.491525799036026,0.3956962525844574,-0.15695446729660034,0.6359899044036865,0.5211399793624878,-0.10748113691806793,0.48601770401000977,0.45207643508911133,-0.3617897629737854,0.636928379535675,0.5545054078102112,-0.13268640637397766,0.4818287789821625,0.4735201299190521,-0.40917468070983887,0.6312516927719116,0.5530192255973816,-0.1773778349161148,0.4872495234012604,0.4691394567489624,-0.43624863028526306,0.6285468935966492,0.5441808104515076,-0.12667608261108398,0.49058860540390015,0.4620582163333893,-0.3772754669189453,0.5858957767486572,0.5231057405471802,0.017214005813002586,0.5258080363273621,0.5217238664627075,-0.017315085977315903,0.5959351062774658,0.6750267148017883,0.05595428869128227,0.5152437090873718,0.6795236468315125,-0.02059543877840042,0.6032797694206238,0.8020246624946594,0.23305948078632355,0.5084649920463562,0.8123987913131714,0.1337788999080658,0.5973390936851501,0.8191837072372437,0.24085864424705505,0.5154280066490173,0.8275569677352905,0.1393580138683319,0.6260453462600708,0.8561776876449585,0.09899470210075378,0.49271196126937866,0.8570567965507507,-0.011024277657270432
60,draw_x,a06_s10_e02,0.5662723779678345,0.23517706990242004,-0.3377864956855774,0.570835530757904,0.2214684933423996,-0.31709417700767517,0.5745417475700378,0.2215694785118103,-0.31708428263664246,0.5778862237930298,0.22164316475391388,-0.31704577803611755,0.5603381395339966,0.22089101374149323,-0.32183486223220825,0.5554004907608032,0.2208676040172577,-0.3218744099140167,0.5505133867263794,0.22099798917770386,-0.32186415791511536,0.5807745456695557,0.22855930030345917,-0.17733818292617798,0.5417980551719666,0.22815605998039246,-0.20325776934623718,0.5710471868515015,0.2518334686756134,-0.2842542827129364,0.5573379993438721,0.2512933313846588,-0.29160550236701965,0.6084414720535278,0.32488933205604553,-0.07160137593746185,0.5079160928726196,0.3141377568244934,-0.11721645295619965,0.6213918924331665,0.425295889377594,-0.008227146230638027,0.48974141478538513,0.39393869042396545,-0.15687397122383118,0.6362090110778809,0.521011233329773,-0.10861184448003769,0.4850230813026428,0.4465692639350891,-0.3707418143749237,0.6371065378189087,0.5544262528419495,-0.13355517387390137,0.4818298816680908,0.46791955828666687,-0.41848260164260864,0.6314005255699158,0.5528757572174072,-0.17729860544204712,0.48754629492759705,0.4631822407245636,-0.4444301128387451,0.6287029385566711,0.544045090675354,-0.1272011548280716,0.4907544255256653,0.45616158843040466,-0.38602787256240845,0.585901141166687,0.523150622844696,0.01582752726972103,0.5259717702865601,0.5217745900154114,-0.015942025929689407,0.595949649810791,0.6751594543457031,0.05517992377281189,0.5152360200881958,0.6795470118522644,-0.021432403475046158,0.6032775044441223,0.8020195364952087,0.2297215759754181,0.5084499716758728,0.8123925924301147,0.12643124163150787,0.5972952842712402,0.819197416305542,0.23735377192497253,0.5154577493667603,0.8275552988052368,0.13129931688308716,0.6260458827018738,0.8561373353004456,0.09696739912033081,0.49256205558776855,0.8571471571922302,-0.017772631719708443
61,draw_x,a06_s10_e02,0.5662493109703064,0.23513564467430115,-0.3484209179878235,0.5708112716674805,0.22142381966114044,-0.32836440205574036,0.5745025277137756,0.22152495384216309,-0.3283427357673645,0.5778788328170776,0.22160053253173828,-0.3282887935638428,0.5603052377700806,0.22085711359977722,-0.3314662575721741,0.5553659200668335,0.22083422541618347,-0.33150821924209595,0.550493597984314,0.2209678441286087,-0.3314833343029022,0.580771803855896,0.22851888835430145,-0.1892900913953781,0.5417649745941162,0.22810570895671844,-0.20866136252880096,0.5710378885269165,0.2518414855003357,-0.2955673038959503,0.5573016405105591,0.25131955742836,-0.3012075126171112,0.6084825396537781,0.3248678743839264,-0.08224519342184067,0.5079458951950073,0.31407430768013,-0.1185930147767067,0.6214813590049744,0.4253099858760834,-0.011093595065176487,0.48703533411026,0.39303919672966003,-0.13707323372364044,0.6364163756370544,0.5209223628044128,-0.1054353266954422,0.4835430681705475,0.44339433312416077,-0.3229009509086609,0.6372597217559814,0.5543723702430725,-0.12861819565296173,0.4814613461494446,0.46386879682540894,-0.36480504274368286,0.6315179467201233,0.5527840256690979,-0.17297711968421936,0.4871378540992737,0.45958635210990906,-0.39150041341781616,0.6288661360740662,0.5439671277999878,-0.12408600002527237,0.48984605073928833,0.45313483476638794,-0.3375329375267029,0.5859040021896362,0.5231496691703796,0.014761333353817463,0.5260818600654602,0.5218232870101929,-0.014902269467711449,0.5959744453430176,0.6753150820732117,0.0596172995865345,0.515233039855957,0.6795491576194763,-0.02188735082745552,0.6032748818397522,0.8020182251930237,0.23160488903522491,0.5084319114685059,0.8123993277549744,0.1184832826256752,0.597236156463623,0.819249153137207,0.2386356145143509,0.515499472618103,0.8275842070579529,0.12230619043111801,0.6260496377944946,0.8561036586761475,0.09998595714569092,0.49225249886512756,0.8572721481323242,-0.02626117132604122
62,draw_x,a06_s10_e02,0.5662428140640259,0.23512110114097595,-0.3214797377586365,0.5707917213439941,0.2214137464761734,-0.3023192286491394,0.574468731880188,0.22151689231395721,-0.3022925555706024,0.5778690576553345,0.2215934842824936,-0.30225270986557007,0.5602931976318359,0.22085033357143402,-0.3048511743545532,0.555359423160553,0.2208283394575119,-0.3048914074897766,0.5504893064498901,0.22096219658851624,-0.3048589825630188,0.5807557106018066,0.2285107970237732,-0.16969451308250427,0.541750431060791,0.22808414697647095,-0.1858818233013153,0.5710341930389404,0.25185298919677734,-0.27058523893356323,0.5572918653488159,0.25133636593818665,-0.2756335437297821,0.6084911227226257,0.32485392689704895,-0.07678944617509842,0.5078882575035095,0.3140624165534973,-0.1058703064918518,0.621620237827301,0.42533332109451294,-0.01001538336277008,0.48250970244407654,0.3902345597743988,-0.16586318612098694,0.6365370154380798,0.520922064781189,-0.1079200729727745,0.48300081491470337,0.4373074173927307,-0.39433974027633667,0.6373469829559326,0.5543488264083862,-0.13338708877563477,0.48210763931274414,0.4565522074699402,-0.446973979473114,0.6315804123878479,0.5527447462081909,-0.17542286217212677,0.4878603518009186,0.45007115602493286,-0.46402794122695923,0.6289569735527039,0.5439404249191284,-0.1256791651248932,0.49013733863830566,0.4440944790840149,-0.4070659279823303,0.5858893990516663,0.5230187773704529,0.015026601031422615,0.5260881781578064,0.5218265652656555,-0.015158506110310555,0.596001386642456,0.6753241419792175,0.05826413631439209,0.5152594447135925,0.6794357299804688,-0.02194453775882721,0.6032701730728149,0.8020133972167969,0.2254704236984253,0.5084296464920044,0.8124036192893982,0.11923090368509293,0.5971682667732239,0.8192735910415649,0.23264141380786896,0.5155550837516785,0.8276119232177734,0.1237797737121582,0.6260570287704468,0.856033205986023,0.09518877416849136,0.49213480949401855,0.8574334383010864,-0.023650646209716797
63,draw_x,a06_s10_e02,0.5662105679512024,0.2351216971874237,-0.24755112826824188,0.5707526206970215,0.2214127480983734,-0.22692227363586426,0.5744163393974304,0.2215159684419632,-0.22691038250923157,0.5778525471687317,0.22159221768379211,-0.22688186168670654,0.5602387189865112,0.22085390985012054,-0.23046138882637024,0.5553213953971863,0.22083544731140137,-0.23048445582389832,0.5504384636878967,0.2209726870059967,-0.23044297099113464,0.5807347893714905,0.22850455343723297,-0.09436557441949844,0.5417172908782959,0.22808168828487396,-0.11512170732021332,0.571000337600708,0.25187715888023376,-0.19704613089561462,0.5572275519371033,0.2513744831085205,-0.20333170890808105,0.6084909439086914,0.32479870319366455,-0.008062359876930714,0.5078628063201904,0.31402820348739624,-0.05765964463353157,0.621730387210846,0.42531618475914,0.026928436011075974,0.4822540879249573,0.38745543360710144,-0.17189481854438782,0.6366730332374573,0.5209441184997559,-0.06982285529375076,0.48159146308898926,0.4125247895717621,-0.4366355538368225,0.637440025806427,0.5543460249900818,-0.09544777870178223,0.48080649971961975,0.4287651777267456,-0.4941655099391937,0.6316360235214233,0.5527404546737671,-0.13316631317138672,0.48697346448898315,0.42213955521583557,-0.5071921348571777,0.6290180087089539,0.5439412593841553,-0.08610397577285767,0.48910802602767944,0.41699784994125366,-0.4487758278846741,0.5859041810035706,0.5229024291038513,0.01472474168986082,0.5260881185531616,0.5218297839164734,-0.014824455603957176,0.5961207151412964,0.6753519177436829,0.04777241125702858,0.5152648091316223,0.6793954372406006,-0.020957890897989273,0.6032710075378418,0.8020046949386597,0.21271678805351257,0.5084375143051147,0.8124057650566101,0.12198684364557266,0.5971664786338806,0.819270133972168,0.2202044427394867,0.5156563520431519,0.8276603817939758,0.1265309751033783,0.6260637044906616,0.8559973835945129,0.08587010204792023,0.4920822083950043,0.8575322031974792,-0.015259815379977226
64,draw_x,a06_s10_e02,0.5661654472351074,0.23513104021549225,-0.24641437828540802,0.5707009434700012,0.22142691910266876,-0.22527530789375305,0.5743358135223389,0.2215348333120346,-0.22526177763938904,0.5778164267539978,0.22161339223384857,-0.22522950172424316,0.5601820945739746,0.22087599337100983,-0.2295202761888504,0.5552891492843628,0.22086425125598907,-0.229548841714859,0.5504003763198853,0.22101040184497833,-0.22950775921344757,0.5807071924209595,0.2285369336605072,-0.09055209904909134,0.5416914224624634,0.22808562219142914,-0.11435164511203766,0.5709586143493652,0.25190308690071106,-0.1950012594461441,0.5571824908256531,0.2514055669307709,-0.2021411657333374,0.6084920167922974,0.32473090291023254,-0.0013897507451474667,0.5075778365135193,0.31386512517929077,-0.05689122527837753,0.6217889189720154,0.42536336183547974,0.02970675751566887,0.48137521743774414,0.3876018226146698,-0.17619115114212036,0.6367164254188538,0.5213077664375305,-0.072509765625,0.4796873927116394,0.3980160355567932,-0.45831260085105896,0.6374562978744507,0.5544113516807556,-0.098319873213768,0.4787004590034485,0.4113357961177826,-0.5161670446395874,0.631642758846283,0.552811861038208,-0.13586929440498352,0.48461633920669556,0.3983398675918579,-0.5267356634140015,0.6290264129638672,0.5440768599510193,-0.08880778402090073,0.48694077134132385,0.39429837465286255,-0.4692472517490387,0.5859459638595581,0.5226800441741943,0.014994902536273003,0.5260594487190247,0.5216568112373352,-0.015089196152985096,0.5961989164352417,0.6753567457199097,0.041689708828926086,0.5152933597564697,0.6792325973510742,-0.019125882536172867,0.6032713651657104,0.801984429359436,0.212994784116745,0.5084360837936401,0.8123591542243958,0.13429878652095795,0.597163200378418,0.819268524646759,0.22108717262744904,0.5156567692756653,0.8276488184928894,0.14107750356197357,0.6260699033737183,0.8559114336967468,0.08594735711812973,0.4920938014984131,0.8575398921966553,-0.0006579230539500713
65,draw_x,a06_s10_e02,0.5660310387611389,0.23512710630893707,-0.24263334274291992,0.5706222057342529,0.22141872346401215,-0.22099824249744415,0.574212908744812,0.2215319722890854,-0.220984548330307,0.5777604579925537,0.2216128706932068,-0.22094400227069855,0.5600900053977966,0.22086101770401,-0.22472278773784637,0.5552307963371277,0.22085370123386383,-0.22475425899028778,0.5503345131874084,0.22100384533405304,-0.22471442818641663,0.5806611776351929,0.2285400927066803,-0.08442480117082596,0.5416574478149414,0.22807370126247406,-0.10605312883853912,0.5708194375038147,0.25191739201545715,-0.19069673120975494,0.5569063425064087,0.25141483545303345,-0.1972191035747528,0.6084915399551392,0.3247073292732239,0.005206471309065819,0.50751793384552,0.31299707293510437,-0.053936492651700974,0.6217947006225586,0.4253373146057129,0.0305679552257061,0.4805842339992523,0.3833469748497009,-0.19902633130550385,0.6367225646972656,0.5217499136924744,-0.07292407006025314,0.4764985144138336,0.3783428966999054,-0.4983363747596741,0.6374582052230835,0.5544909238815308,-0.0979737713932991,0.4744606912136078,0.38330593705177307,-0.5586341619491577,0.6316421627998352,0.5528973340988159,-0.1349838227033615,0.48245134949684143,0.37420159578323364,-0.5660507082939148,0.6290261149406433,0.5442238450050354,-0.08899001777172089,0.48544010519981384,0.37329137325286865,-0.5086698532104492,0.5859562158584595,0.522508442401886,0.015214184299111366,0.5258767604827881,0.5215805172920227,-0.01531015895307064,0.5962249636650085,0.6753739714622498,0.04394003003835678,0.5152938961982727,0.6792134642601013,-0.018180809915065765,0.6032689809799194,0.8019808530807495,0.23443201184272766,0.5084480047225952,0.812478244304657,0.1471235156059265,0.5971611142158508,0.8192674517631531,0.24516138434410095,0.5156816244125366,0.8279709219932556,0.15521618723869324,0.6260473728179932,0.8558523058891296,0.11072530597448349,0.4920937418937683,0.8577272891998291,0.009860728867352009
66,draw_x,a06_s10_e02,0.5659760236740112,0.23521383106708527,-0.23784518241882324,0.5705959796905518,0.22143810987472534,-0.21552368998527527,0.5741724967956543,0.22156228125095367,-0.21551699936389923,0.5777372121810913,0.22164379060268402,-0.21548151969909668,0.5600674152374268,0.22087177634239197,-0.22027888894081116,0.5552206039428711,0.22086255252361298,-0.2203093022108078,0.5503126382827759,0.2210126370191574,-0.22026164829730988,0.5806143879890442,0.22855421900749207,-0.07563553750514984,0.5416320562362671,0.22807152569293976,-0.10221539437770844,0.5707154870033264,0.25203654170036316,-0.1846964806318283,0.5566540956497192,0.2514844238758087,-0.1925966590642929,0.6084760427474976,0.32462260127067566,0.01417851448059082,0.5076290369033813,0.3125012516975403,-0.05429134890437126,0.6217963099479675,0.42496591806411743,0.03185209259390831,0.48087677359580994,0.37150976061820984,-0.21844704449176788,0.6367285847663879,0.5218594074249268,-0.07402186095714569,0.47712698578834534,0.3579272925853729,-0.5190736651420593,0.6374561190605164,0.5544989705085754,-0.09845642745494843,0.4740294814109802,0.35695546865463257,-0.5794813632965088,0.6316393613815308,0.5529277324676514,-0.13557882606983185,0.48290205001831055,0.3521117568016052,-0.5851172804832458,0.6290249824523926,0.5442759394645691,-0.09010554850101471,0.4863506853580475,0.3533087372779846,-0.5292112231254578,0.5861021280288696,0.522083580493927,0.018105406314134598,0.5258695483207703,0.5213083028793335,-0.018201474100351334,0.5962648987770081,0.6751596927642822,0.05139949917793274,0.5153234004974365,0.6789746880531311,-0.01809428073465824,0.60328209400177,0.8019717931747437,0.24702182412147522,0.5084583163261414,0.8124751448631287,0.14724251627922058,0.597206711769104,0.8192606568336487,0.2575069069862366,0.515716016292572,0.8279704451560974,0.1549634486436844,0.6260233521461487,0.8558174967765808,0.12162204086780548,0.4921848177909851,0.8577477335929871,0.007540637161582708
67,draw_x,a06_s10_e02,0.5659055709838867,0.2353288233280182,-0.2590320408344269,0.5705726146697998,0.22147057950496674,-0.23745593428611755,0.5741444230079651,0.22159841656684875,-0.23744554817676544,0.5777233839035034,0.2216736376285553,-0.23740951716899872,0.5600438714027405,0.22091013193130493,-0.24201075732707977,0.555208146572113,0.22089920938014984,-0.24204373359680176,0.5502961874008179,0.2210521548986435,-0.2420075684785843,0.5806041359901428,0.228562593460083,-0.09744782000780106,0.5416274070739746,0.22808274626731873,-0.12343237549066544,0.5706304311752319,0.25216802954673767,-0.20601651072502136,0.5564873814582825,0.2515808045864105,-0.21363802254199982,0.6084786653518677,0.3245755434036255,-0.0019559701904654503,0.5078969597816467,0.3123590648174286,-0.06763611733913422,0.6217994689941406,0.4246358871459961,0.03113512694835663,0.4762824475765228,0.36146917939186096,-0.24033968150615692,0.6367295980453491,0.5219670534133911,-0.08288207650184631,0.4772440493106842,0.34112778306007385,-0.5356749296188354,0.6374484300613403,0.5545091032981873,-0.10656587779521942,0.4744621217250824,0.33635199069976807,-0.5951749682426453,0.6316254734992981,0.5529502034187317,-0.1421152949333191,0.4834057688713074,0.3319346010684967,-0.5995940566062927,0.6290081739425659,0.5443159937858582,-0.09823675453662872,0.48689278960227966,0.3342053294181824,-0.5450390577316284,0.5862062573432922,0.5219240188598633,0.020078511908650398,0.5258710384368896,0.5211986303329468,-0.020184194669127464,0.596290647983551,0.6751216053962708,0.061049867421388626,0.5153573155403137,0.6788573861122131,-0.01660200208425522,0.60328608751297,0.801971971988678,0.26205652952194214,0.5085397958755493,0.8124160170555115,0.15259647369384766,0.5972059965133667,0.8192842602729797,0.2727983295917511,0.5159004926681519,0.827955961227417,0.16063199937343597,0.6259816884994507,0.8557642698287964,0.13419106602668762,0.4922051429748535,0.8577532172203064,0.009958512149751186
68,draw_x,a06_s10_e02,0.5658221244812012,0.23554565012454987,-0.2864801585674286,0.5705481767654419,0.22156356275081635,-0.2650235593318939,0.5741234421730042,0.22167330980300903,-0.2650013566017151,0.5777153968811035,0.22171972692012787,-0.2649555504322052,0.5600069761276245,0.22104839980602264,-0.2697140574455261,0.5551810264587402,0.221028134226799,-0.2697695195674896,0.5502816438674927,0.2211858332157135,-0.2697415053844452,0.5806033611297607,0.22856394946575165,-0.12189634889364243,0.5416304469108582,0.22815963625907898,-0.14853322505950928,0.5705655217170715,0.25228267908096313,-0.2317238748073578,0.5563831925392151,0.2517096698284149,-0.23959700763225555,0.6085153222084045,0.3245376646518707,-0.016723189502954483,0.5080388784408569,0.3117561936378479,-0.08745606243610382,0.6217454671859741,0.4241930842399597,0.012699544429779053,0.47534069418907166,0.36231422424316406,-0.25104403495788574,0.6367362141609192,0.5218196511268616,-0.0937107652425766,0.4752614498138428,0.33463650941848755,-0.5374208092689514,0.6374465227127075,0.5543920993804932,-0.11615797132253647,0.47437581419944763,0.32485538721084595,-0.5954478979110718,0.6316305994987488,0.5528469681739807,-0.15223321318626404,0.4831083416938782,0.31751060485839844,-0.6007202863693237,0.6290102601051331,0.5442473888397217,-0.10913373529911041,0.4861440658569336,0.32109591364860535,-0.5466161966323853,0.5862425565719604,0.5216277241706848,0.020999502390623093,0.5258685350418091,0.5211917161941528,-0.021126948297023773,0.5963015556335449,0.6749006509780884,0.06645467877388,0.5153616070747375,0.6787536144256592,-0.016092101112008095,0.603289008140564,0.8019697666168213,0.26585835218429565,0.5085463523864746,0.8123800754547119,0.15117083489894867,0.5972128510475159,0.8192964792251587,0.2764224410057068,0.5159084796905518,0.8279538750648499,0.1590348184108734,0.6259394884109497,0.8556637167930603,0.13800744712352753,0.4923226833343506,0.8577420115470886,0.008454620838165283
69,draw_x,a06_s10_e02,0.5656574964523315,0.23569722473621368,-0.31670522689819336,0.5704304575920105,0.22165627777576447,-0.2954099774360657,0.5738943815231323,0.2217540591955185,-0.29537615180015564,0.577551007270813,0.22178633511066437,-0.2953266501426697,0.5599021315574646,0.22117562592029572,-0.29953545331954956,0.5551134943962097,0.2211511731147766,-0.2995988130569458,0.5502426028251648,0.2213333547115326,-0.2995796799659729,0.5805564522743225,0.22857855260372162,-0.1519003063440323,0.541651725769043,0.2283293902873993,-0.17557750642299652,0.570446789264679,0.25235703587532043,-0.2618081867694855,0.5563334226608276,0.2518315613269806,-0.2689216732978821,0.6085165739059448,0.32443079352378845,-0.04246605187654495,0.5083250403404236,0.31029704213142395,-0.1063433438539505,0.6217283606529236,0.4236336052417755,-0.0009354149806313217,0.4723196029663086,0.35892707109451294,-0.25995150208473206,0.63673996925354,0.5215154886245728,-0.09605769068002701,0.47591131925582886,0.3175693452358246,-0.5379015207290649,0.637411892414093,0.5542028546333313,-0.11769795417785645,0.47541341185569763,0.3033278286457062,-0.5955824851989746,0.6316299438476562,0.5526685118675232,-0.15425407886505127,0.48372673988342285,0.29479244351387024,-0.6008421182632446,0.6290061473846436,0.5441187620162964,-0.11147598922252655,0.48667478561401367,0.3000476062297821,-0.5469621419906616,0.5862980484962463,0.5212052464485168,0.021221356466412544,0.5258702039718628,0.5210908055305481,-0.02136954665184021,0.5963080525398254,0.6744880676269531,0.0691545233130455,0.5153638124465942,0.6784209609031677,-0.015968356281518936,0.6032906770706177,0.8019738793373108,0.2710976302623749,0.5085445642471313,0.81227707862854,0.15110357105731964,0.5972126722335815,0.8193552494049072,0.28186970949172974,0.515911340713501,0.8279236555099487,0.15903571248054504,0.6259385943412781,0.8555620312690735,0.14173287153244019,0.49232617020606995,0.8577150702476501,0.007665953598916531
70,draw_x,a06_s10_e02,0.5652468800544739,0.23586894571781158,-0.30724218487739563,0.5702112913131714,0.2217516154050827,-0.2856772541999817,0.5734697580337524,0.2218434065580368,-0.28564780950546265,0.5771867036819458,0.22186805307865143,-0.2856013774871826,0.5596140623092651,0.2212788611650467,-0.289585679769516,0.5548527836799622,0.2212376445531845,-0.28964096307754517,0.5500369071960449,0.22142547369003296,-0.2896193265914917,0.5804542899131775,0.22862200438976288,-0.14322957396507263,0.5416467189788818,0.2284090369939804,-0.16740071773529053,0.5701857805252075,0.2524462342262268,-0.25289613008499146,0.5561491250991821,0.25192296504974365,-0.25968584418296814,0.6084759831428528,0.32442009449005127,-0.03804267197847366,0.5089014768600464,0.3085044026374817,-0.10172893106937408,0.6217223405838013,0.42327290773391724,0.0018843017751350999,0.4725966453552246,0.353393018245697,-0.25448721647262573,0.6367446184158325,0.5214167237281799,-0.09181462228298187,0.4760274887084961,0.30344048142433167,-0.5341782569885254,0.6373891830444336,0.5541431307792664,-0.11243997514247894,0.475959450006485,0.28817078471183777,-0.5935992002487183,0.6316296458244324,0.5526233315467834,-0.14829006791114807,0.4840738773345947,0.28072643280029297,-0.59820157289505,0.6290051341056824,0.5440875291824341,-0.10674706846475601,0.48687905073165894,0.28612086176872253,-0.5436792969703674,0.5863156914710999,0.5210782289505005,0.021276721730828285,0.5258712768554688,0.5210914611816406,-0.021437110379338264,0.5963079929351807,0.6743444800376892,0.06679170578718185,0.515363872051239,0.6783676743507385,-0.016319843009114265,0.6032929420471191,0.8019954562187195,0.27054959535598755,0.5085387825965881,0.812245786190033,0.15406781435012817,0.5972155332565308,0.8194329738616943,0.28191906213760376,0.5159137845039368,0.8278970122337341,0.16266068816184998,0.6259368062019348,0.8555217981338501,0.14116215705871582,0.49235549569129944,0.8576586842536926,0.010736268945038319
71,draw_x,a06_s10_e02,0.5648229718208313,0.23595838248729706,-0.3053547441959381,0.5699585676193237,0.2218005359172821,-0.28233152627944946,0.5730100870132446,0.2218925952911377,-0.2822749614715576,0.5767301321029663,0.22191525995731354,-0.2822219729423523,0.5593108534812927,0.22132517397403717,-0.28316083550453186,0.5546144247055054,0.22126992046833038,-0.28323307633399963,0.5498822331428528,0.22145970165729523,-0.2832199037075043,0.5803292989730835,0.2286282479763031,-0.138440802693367,0.5416439771652222,0.2284572571516037,-0.15108220279216766,0.5699014067649841,0.25248250365257263,-0.25143158435821533,0.5559195280075073,0.2519833743572235,-0.25382938981056213,0.608471691608429,0.3244073688983917,-0.03387024626135826,0.5097291469573975,0.30779871344566345,-0.08906077593564987,0.6217184662818909,0.42316481471061707,0.0024808242451399565,0.47337570786476135,0.3457354009151459,-0.24587881565093994,0.6364516019821167,0.5212648510932922,-0.0814996138215065,0.47564417123794556,0.28718870878219604,-0.5223509669303894,0.6370745301246643,0.554046094417572,-0.10270007699728012,0.4763696789741516,0.26890939474105835,-0.5822280645370483,0.6314643621444702,0.5525568723678589,-0.1383845955133438,0.4841639995574951,0.26346397399902344,-0.5863323211669922,0.6287739276885986,0.5439998507499695,-0.09652529656887054,0.4866217076778412,0.2696196138858795,-0.5319448113441467,0.5863138437271118,0.5210148692131042,0.021254338324069977,0.5259491801261902,0.5211188197135925,-0.02141832560300827,0.5962947607040405,0.6742172837257385,0.060451406985521317,0.5153483748435974,0.6783424615859985,-0.016500364989042282,0.6032947301864624,0.8020114898681641,0.26435714960098267,0.5085371732711792,0.8122478127479553,0.15818703174591064,0.5972217321395874,0.8194769024848938,0.2750018239021301,0.515914261341095,0.8278945684432983,0.16738814115524292,0.6259221434593201,0.8554955124855042,0.13602924346923828,0.49242907762527466,0.8574913144111633,0.015609060414135456
72,draw_x,a06_s10_e02,0.5646339654922485,0.23595044016838074,-0.2750663161277771,0.5698368549346924,0.22180341184139252,-0.25160714983940125,0.5728049278259277,0.22189576923847198,-0.2515662908554077,0.5765281915664673,0.22191840410232544,-0.2515273690223694,0.5591632723808289,0.221328005194664,-0.2534906268119812,0.5544912815093994,0.2212725728750229,-0.25354403257369995,0.5497896671295166,0.22146259248256683,-0.25352415442466736,0.5802563428878784,0.2286396473646164,-0.10973797738552094,0.5416053533554077,0.22847406566143036,-0.12337233871221542,0.5697640180587769,0.2524814307689667,-0.22223837673664093,0.5558101534843445,0.2519925832748413,-0.22610513865947723,0.6084257960319519,0.3243970572948456,-0.013618191704154015,0.5109901428222656,0.3068731129169464,-0.07468800246715546,0.6217065453529358,0.42314082384109497,0.016026850789785385,0.4739200472831726,0.3301033675670624,-0.25162452459335327,0.6359120607376099,0.5212618708610535,-0.0568196177482605,0.4759882092475891,0.2644881010055542,-0.5308652520179749,0.636603593826294,0.55402010679245,-0.07574281096458435,0.47649821639060974,0.2459394782781601,-0.5929778814315796,0.6311849355697632,0.5525541305541992,-0.11110445111989975,0.48432546854019165,0.24209918081760406,-0.5930806994438171,0.6284600496292114,0.5439951419830322,-0.07171068340539932,0.4868105351924896,0.25045034289360046,-0.5400522947311401,0.5862482786178589,0.5208371877670288,0.02132287435233593,0.5259557962417603,0.5210889577865601,-0.0214962400496006,0.5962556600570679,0.6739941239356995,0.05643589422106743,0.5153497457504272,0.6780261397361755,-0.017729664221405983,0.6033276915550232,0.8020507097244263,0.2501116394996643,0.5085415840148926,0.8122479319572449,0.1560155153274536,0.5972706079483032,0.8195453882217407,0.25999730825424194,0.5159122347831726,0.8278948068618774,0.1646551638841629,0.6259440183639526,0.8554848432540894,0.1161462813615799,0.4925002157688141,0.8572599291801453,0.01353753637522459
73,draw_x,a06_s10_e02,0.5643563270568848,0.235960453748703,-0.274799644947052,0.5697020292282104,0.22180575132369995,-0.2516576647758484,0.572610080242157,0.22189806401729584,-0.2516217827796936,0.5763435959815979,0.22191902995109558,-0.251589298248291,0.5588761568069458,0.2213359922170639,-0.25391632318496704,0.5542103052139282,0.22129300236701965,-0.2539699375629425,0.5495470762252808,0.22149674594402313,-0.25395819544792175,0.5802174806594849,0.22864146530628204,-0.10983861982822418,0.541578471660614,0.2285407930612564,-0.12406985461711884,0.5696028470993042,0.25248202681541443,-0.22177545726299286,0.5556374788284302,0.25200146436691284,-0.22614578902721405,0.6084181070327759,0.32442158460617065,-0.012264324352145195,0.5119088888168335,0.3059946596622467,-0.07745330780744553,0.6216316223144531,0.423225998878479,0.015661410987377167,0.4743043780326843,0.32053929567337036,-0.27772894501686096,0.6350390911102295,0.5218499898910522,-0.0580388605594635,0.4762558341026306,0.25644251704216003,-0.5620171427726746,0.6356683373451233,0.5543240904808044,-0.0769701823592186,0.4767128825187683,0.23558355867862701,-0.6269640326499939,0.6305137872695923,0.5529271364212036,-0.11277113109827042,0.4844030439853668,0.2313138097524643,-0.6250501275062561,0.627787709236145,0.5442695021629333,-0.07323762029409409,0.4869075417518616,0.24032209813594818,-0.5710857510566711,0.5860334634780884,0.5208008289337158,0.02177870087325573,0.5259443521499634,0.5210751891136169,-0.021966401487588882,0.5962226986885071,0.6738207936286926,0.05182492733001709,0.5153507590293884,0.6778265833854675,-0.02053775265812874,0.603337824344635,0.8021526336669922,0.24388690292835236,0.5085415840148926,0.8122606873512268,0.15571291744709015,0.5972906947135925,0.8196675181388855,0.25389283895492554,0.5158647298812866,0.827900767326355,0.1637730896472931,0.6259975433349609,0.8555042147636414,0.10819300264120102,0.492603063583374,0.8569839596748352,0.011505315080285072
74,draw_x,a06_s10_e02,0.5635651350021362,0.23600324988365173,-0.27147001028060913,0.5693997740745544,0.22180794179439545,-0.24840037524700165,0.5721601247787476,0.22190049290657043,-0.24836762249469757,0.5758339762687683,0.22192075848579407,-0.24834075570106506,0.5581287145614624,0.22137507796287537,-0.2502225637435913,0.5534552931785583,0.2213686853647232,-0.25027406215667725,0.5488928556442261,0.2215775102376938,-0.2502620220184326,0.5800553560256958,0.22864332795143127,-0.10776706039905548,0.5414607524871826,0.22857865691184998,-0.11957335472106934,0.5691953897476196,0.25247442722320557,-0.2189844846725464,0.5551045536994934,0.25200188159942627,-0.2228168249130249,0.6082908511161804,0.3244631588459015,-0.012911923229694366,0.5123662948608398,0.30553480982780457,-0.07607388496398926,0.6214476227760315,0.42327266931533813,0.015351152047514915,0.47549885511398315,0.3133520483970642,-0.2724568247795105,0.6343429088592529,0.5222449898719788,-0.05339543893933296,0.476539671421051,0.24201209843158722,-0.5538962483406067,0.6349610686302185,0.5544794201850891,-0.07151337713003159,0.4769093990325928,0.22350111603736877,-0.6182833909988403,0.6299539804458618,0.5531498193740845,-0.107344850897789,0.4844425618648529,0.22107607126235962,-0.6170678734779358,0.6271905899047852,0.5444918870925903,-0.06848055124282837,0.4868510663509369,0.22918535768985748,-0.5634905099868774,0.5858218669891357,0.5207992196083069,0.02166910283267498,0.5259305238723755,0.5210060477256775,-0.021866630762815475,0.5962057709693909,0.6738263368606567,0.04625489562749863,0.5153519511222839,0.6777207851409912,-0.020747855305671692,0.603346586227417,0.8021500706672668,0.23602142930030823,0.5085469484329224,0.8122683763504028,0.1546896994113922,0.5973149538040161,0.8196713328361511,0.24594008922576904,0.5158643126487732,0.8278883099555969,0.16287408769130707,0.6260272264480591,0.8555054068565369,0.09973952919244766,0.4927917420864105,0.8567373752593994,0.010870405472815037
75,draw_x,a06_s10_e02,0.5628443360328674,0.23601457476615906,-0.26954302191734314,0.5690832138061523,0.22178034484386444,-0.24625711143016815,0.5717350244522095,0.2218547910451889,-0.2462252676486969,0.5753294825553894,0.22187158465385437,-0.24619755148887634,0.5574219822883606,0.2213784009218216,-0.2482878863811493,0.5527116060256958,0.2213873416185379,-0.24833878874778748,0.5482318997383118,0.22159644961357117,-0.2483333796262741,0.5798510313034058,0.22861327230930328,-0.10543297231197357,0.5413993000984192,0.22858014702796936,-0.11817485094070435,0.5687983632087708,0.25244203209877014,-0.2170397937297821,0.5545250177383423,0.25197064876556396,-0.2211957722902298,0.6080880761146545,0.324460506439209,-0.0124998539686203,0.5124509334564209,0.3050960600376129,-0.07739927619695663,0.6212910413742065,0.4232787787914276,0.015232485719025135,0.47774219512939453,0.3055134415626526,-0.2817457914352417,0.6338409185409546,0.5227850079536438,-0.04980342835187912,0.4767666459083557,0.2315540760755539,-0.5614785552024841,0.6343880891799927,0.5545605421066284,-0.06682156771421432,0.47705259919166565,0.21164362132549286,-0.6265000104904175,0.6294366717338562,0.5532407760620117,-0.10295318067073822,0.4843435287475586,0.2087119072675705,-0.623555064201355,0.6266675591468811,0.5446636080741882,-0.06490489840507507,0.48661676049232483,0.2161664515733719,-0.5707331895828247,0.5857177972793579,0.520906925201416,0.021644048392772675,0.5259300470352173,0.5210860371589661,-0.021839559078216553,0.5961810350418091,0.6742527484893799,0.04739752784371376,0.5153372883796692,0.6777179837226868,-0.020831387490034103,0.6033686995506287,0.8021660447120667,0.23851604759693146,0.50855952501297,0.812251627445221,0.15486875176429749,0.5973509550094604,0.8196660280227661,0.24836954474449158,0.5158520340919495,0.8278433680534363,0.16339370608329773,0.626008152961731,0.855550229549408,0.1041020005941391,0.49315404891967773,0.8563688397407532,0.011312901973724365
76,draw_x,a06_s10_e02,0.5621651411056519,0.23603595793247223,-0.2700316309928894,0.5687182545661926,0.22177152335643768,-0.24688264727592468,0.5713139176368713,0.22184129059314728,-0.24685153365135193,0.5747703313827515,0.22186411917209625,-0.24682553112506866,0.5567821264266968,0.22139734029769897,-0.24878740310668945,0.552118182182312,0.22144532203674316,-0.24883802235126495,0.5476723909378052,0.22166934609413147,-0.24883246421813965,0.5796281099319458,0.22862949967384338,-0.1064453274011612,0.5413390398025513,0.22861748933792114,-0.1182524561882019,0.5684040784835815,0.25241953134536743,-0.21759703755378723,0.5538347363471985,0.25194108486175537,-0.22154466807842255,0.6079668998718262,0.3244690001010895,-0.013490413315594196,0.5125164985656738,0.30481016635894775,-0.07721800357103348,0.6211965084075928,0.4233000874519348,0.01510372944176197,0.4799362123012543,0.304033488035202,-0.2763712406158447,0.6335333585739136,0.5228518843650818,-0.04989468306303024,0.4768694341182709,0.22512692213058472,-0.551170289516449,0.6341012120246887,0.5545808672904968,-0.06718576699495316,0.47712618112564087,0.20399202406406403,-0.6151152849197388,0.6291171908378601,0.5532721281051636,-0.10295669734477997,0.4843025803565979,0.2001286894083023,-0.6135010719299316,0.6263583898544312,0.5447216033935547,-0.06485161930322647,0.48647570610046387,0.20743869245052338,-0.5606410503387451,0.5856740474700928,0.5210224390029907,0.021626858040690422,0.5259367227554321,0.5211709141731262,-0.02182001993060112,0.5961627960205078,0.6744521856307983,0.044899292290210724,0.5153304934501648,0.6777200698852539,-0.02080593630671501,0.603371262550354,0.8022714257240295,0.23381075263023376,0.5085700154304504,0.8122819066047668,0.1558096706867218,0.5973542928695679,0.8197229504585266,0.24366192519664764,0.5158365964889526,0.8278433680534363,0.16465641558170319,0.6260063648223877,0.855735182762146,0.09802532196044922,0.4931863844394684,0.856104850769043,0.01288500428199768
77,draw_x,a06_s10_e02,0.5617106556892395,0.2360468953847885,-0.2672957479953766,0.568461537361145,0.22175875306129456,-0.24413032829761505,0.5710262656211853,0.22183029353618622,-0.24410076439380646,0.5744030475616455,0.22186337411403656,-0.24407891929149628,0.556383490562439,0.221400648355484,-0.246639221906662,0.5517064332962036,0.22146311402320862,-0.24668964743614197,0.5472808480262756,0.2216913253068924,-0.2466886043548584,0.5795207619667053,0.22869883477687836,-0.10307542979717255,0.5412840843200684,0.2286355048418045,-0.11766280233860016,0.5681257247924805,0.2523864507675171,-0.21449272334575653,0.5533411502838135,0.25190192461013794,-0.21924450993537903,0.6078163981437683,0.3244835138320923,-0.00900077074766159,0.5129680633544922,0.30445942282676697,-0.07862477004528046,0.6211374402046204,0.423330694437027,0.019882114604115486,0.48354798555374146,0.2978878617286682,-0.2931020259857178,0.6333041787147522,0.523303210735321,-0.040308527648448944,0.4775671362876892,0.22422240674495697,-0.5784795880317688,0.633855938911438,0.5547299981117249,-0.05613120272755623,0.4771793782711029,0.20207351446151733,-0.6451484560966492,0.6287237405776978,0.5534654259681702,-0.09260845929384232,0.48426732420921326,0.19792026281356812,-0.6429328918457031,0.625970721244812,0.5449609160423279,-0.05541830137372017,0.486415296792984,0.2055988758802414,-0.5886207818984985,0.5856252908706665,0.5210382342338562,0.02265702188014984,0.5259367823600769,0.5211659669876099,-0.022874485701322556,0.5961372256278992,0.6744930148124695,0.04546668753027916,0.5153351426124573,0.6777049899101257,-0.022470582276582718,0.6033734083175659,0.8022487759590149,0.2354724407196045,0.5086302757263184,0.8122398257255554,0.15583808720111847,0.597370982170105,0.819646418094635,0.24549278616905212,0.5158811211585999,0.8277360796928406,0.16483303904533386,0.6259487271308899,0.8557621240615845,0.1002136617898941,0.49331316351890564,0.8558803796768188,0.012618420645594597
78,draw_x,a06_s10_e02,0.5614548921585083,0.23605448007583618,-0.26302820444107056,0.568296492099762,0.22173334658145905,-0.2395661622285843,0.5708540081977844,0.2218077927827835,-0.23953869938850403,0.5741870403289795,0.22185662388801575,-0.23952217400074005,0.556205689907074,0.22140415012836456,-0.24250832200050354,0.5515422224998474,0.22147215902805328,-0.24255821108818054,0.5471280217170715,0.22170360386371613,-0.24255776405334473,0.5794563889503479,0.2287595272064209,-0.0976625606417656,0.5412576198577881,0.2286583036184311,-0.1140241026878357,0.5679395794868469,0.252351850271225,-0.20985320210456848,0.5531066656112671,0.25186970829963684,-0.2151409089565277,0.6076902151107788,0.32448217272758484,-0.003187722060829401,0.5132761001586914,0.3040124475955963,-0.0787132978439331,0.6210982799530029,0.42339250445365906,0.023045074194669724,0.48515909910202026,0.2948625385761261,-0.2969098389148712,0.6330776810646057,0.5233691930770874,-0.03937894105911255,0.47842735052108765,0.22139205038547516,-0.5816773176193237,0.6336205005645752,0.55477374792099,-0.055822692811489105,0.4772679805755615,0.19827599823474884,-0.6488760709762573,0.6283674836158752,0.5535136461257935,-0.0925598293542862,0.48429131507873535,0.19412663578987122,-0.6465972661972046,0.6256455183029175,0.5449848175048828,-0.05474850535392761,0.48644790053367615,0.2023441195487976,-0.5918689966201782,0.5855133533477783,0.5210794806480408,0.02379278466105461,0.5259265899658203,0.521170437335968,-0.024020381271839142,0.5961209535598755,0.6748024821281433,0.04534267261624336,0.5153297185897827,0.6777200102806091,-0.0245374608784914,0.6033755540847778,0.8023386001586914,0.23511295020580292,0.5086315870285034,0.8122931718826294,0.15548714995384216,0.597381591796875,0.8197422027587891,0.2451687753200531,0.5158758759498596,0.8277637362480164,0.1646847277879715,0.6259444355964661,0.8558549880981445,0.09945041686296463,0.4933153986930847,0.8558810353279114,0.011048814281821251
79,draw_x,a06_s10_e02,0.5613551735877991,0.23605778813362122,-0.2611144185066223,0.5682116746902466,0.22172117233276367,-0.23735754191875458,0.5707732439041138,0.22180204093456268,-0.23733067512512207,0.5740816593170166,0.22185727953910828,-0.23731377720832825,0.5561292767524719,0.2214072048664093,-0.24028973281383514,0.551493227481842,0.22149278223514557,-0.2403378188610077,0.5470788478851318,0.22174111008644104,-0.24033579230308533,0.5794238448143005,0.22889620065689087,-0.09518085420131683,0.5412493348121643,0.22875946760177612,-0.11137775331735611,0.5678762197494507,0.25232475996017456,-0.20792143046855927,0.5530316233634949,0.2518320381641388,-0.21316218376159668,0.607629120349884,0.3245184123516083,-0.001440583262592554,0.5134057998657227,0.30392515659332275,-0.07911583036184311,0.6210840940475464,0.42345836758613586,0.02247186005115509,0.4857866168022156,0.29356256127357483,-0.2933080792427063,0.6329149007797241,0.5233685374259949,-0.04333072155714035,0.4789358973503113,0.21850009262561798,-0.5728716254234314,0.6334813833236694,0.5547749400138855,-0.06058116629719734,0.4773891568183899,0.19553670287132263,-0.6393894553184509,0.628096342086792,0.5535147190093994,-0.0972566306591034,0.4843202531337738,0.19074898958206177,-0.6366888284683228,0.6253585815429688,0.5449830889701843,-0.05881962925195694,0.4864580035209656,0.19930888712406158,-0.5826087594032288,0.5854734182357788,0.5211832523345947,0.02418757602572441,0.5259168148040771,0.5211991667747498,-0.02441428415477276,0.5961130261421204,0.6750221848487854,0.0457034595310688,0.5153287649154663,0.6777189373970032,-0.024308806285262108,0.6033710241317749,0.802336573600769,0.2360643446445465,0.5086329579353333,0.8122357726097107,0.1570882499217987,0.5973833799362183,0.8197343945503235,0.24605485796928406,0.5158755779266357,0.82757967710495,0.16648344695568085,0.6258707642555237,0.8558523058891296,0.10102128982543945,0.49342793226242065,0.8557489514350891,0.012918638065457344
80,draw_x,a06_s10_e02,0.5612832307815552,0.23605458438396454,-0.26304107904434204,0.5681704878807068,0.22169050574302673,-0.23946884274482727,0.5707376599311829,0.22178120911121368,-0.23944155871868134,0.5740480422973633,0.22185169160366058,-0.23942294716835022,0.5560914278030396,0.22140897810459137,-0.24214129149913788,0.5514690279960632,0.22149671614170074,-0.24218907952308655,0.5470492243766785,0.2217540293931961,-0.2421850860118866,0.5794192552566528,0.2289988100528717,-0.0977693498134613,0.5412434339523315,0.22882284224033356,-0.11263757944107056,0.5678264498710632,0.25228196382522583,-0.20998995006084442,0.5529656410217285,0.2517852187156677,-0.21491877734661102,0.6076161861419678,0.3245787024497986,-0.0037946049124002457,0.5135512948036194,0.30383652448654175,-0.0792994424700737,0.6210818886756897,0.4235697090625763,0.020839516073465347,0.48597484827041626,0.29426488280296326,-0.2892865538597107,0.6327406764030457,0.5234860777854919,-0.04623038321733475,0.47948986291885376,0.21602217853069305,-0.5674196481704712,0.6332729458808899,0.5548416972160339,-0.06386719644069672,0.4778842031955719,0.19341987371444702,-0.6333584189414978,0.6277800798416138,0.5535841584205627,-0.1004566177725792,0.48450812697410583,0.18821865320205688,-0.6309400200843811,0.6250635385513306,0.5450286269187927,-0.06169603392481804,0.4865480363368988,0.19675156474113464,-0.5771218538284302,0.5853908658027649,0.5212474465370178,0.024113547056913376,0.5259000062942505,0.5211997032165527,-0.024337802082300186,0.5960751175880432,0.6751356720924377,0.045475758612155914,0.5153283476829529,0.6777076125144958,-0.02399725839495659,0.6033686399459839,0.8023024201393127,0.23662316799163818,0.5086339712142944,0.8121995329856873,0.1592123657464981,0.597385823726654,0.8196901082992554,0.24671146273612976,0.5158781409263611,0.827518105506897,0.16872143745422363,0.6257102489471436,0.8558264374732971,0.10155762732028961,0.49342817068099976,0.8556889891624451,0.0155190946534276
81,draw_x,a06_s10_e02,0.5612666010856628,0.236028254032135,-0.2601066529750824,0.5681676864624023,0.22164107859134674,-0.23653478920459747,0.5707355737686157,0.22175008058547974,-0.2365064173936844,0.574049711227417,0.22184109687805176,-0.2364863157272339,0.5560922026634216,0.22139303386211395,-0.23889215290546417,0.5514687299728394,0.22149820625782013,-0.2389374077320099,0.5470369458198547,0.22175945341587067,-0.2389325201511383,0.579420804977417,0.22906902432441711,-0.09551630169153214,0.5412415266036987,0.22882650792598724,-0.1090271919965744,0.5678128004074097,0.25221869349479675,-0.20741304755210876,0.5529366731643677,0.2517090141773224,-0.21189267933368683,0.6075842380523682,0.3246091902256012,-0.0027895497623831034,0.5138110518455505,0.30365440249443054,-0.07645926624536514,0.621078372001648,0.4236355721950531,0.021194955334067345,0.4860267639160156,0.2953598201274872,-0.2856161892414093,0.6326315999031067,0.5236265659332275,-0.04355594143271446,0.48041027784347534,0.21752233803272247,-0.5639258623123169,0.6332019567489624,0.5548937320709229,-0.06040918081998825,0.47897934913635254,0.19432085752487183,-0.6290153861045837,0.6277292370796204,0.5536631941795349,-0.09683026373386383,0.48518258333206177,0.18974155187606812,-0.6284030675888062,0.6250010132789612,0.5451173186302185,-0.05892542004585266,0.4871143400669098,0.19779735803604126,-0.5738189816474915,0.5853255391120911,0.5212495923042297,0.024072743952274323,0.5258871912956238,0.5211788415908813,-0.024296874180436134,0.5960566401481628,0.6751328110694885,0.04532807692885399,0.5153281688690186,0.6776511073112488,-0.02372616156935692,0.6033617258071899,0.802293598651886,0.23286780714988708,0.5086339712142944,0.8121966123580933,0.15871283411979675,0.5973877906799316,0.8196821808815002,0.24259762465953827,0.5158885717391968,0.8275159001350403,0.1681061089038849,0.6256395578384399,0.85580974817276,0.09719356149435043,0.49328646063804626,0.8556841611862183,0.015020452439785004
82,draw_x,a06_s10_e02,0.5612736940383911,0.23601572215557098,-0.2601218819618225,0.5681794881820679,0.22160521149635315,-0.23652243614196777,0.5707455277442932,0.2217271476984024,-0.2364915907382965,0.5740653872489929,0.22182808816432953,-0.23646926879882812,0.5560969114303589,0.22138811647891998,-0.23889532685279846,0.551472008228302,0.22150254249572754,-0.2389422208070755,0.5470382571220398,0.22176502645015717,-0.23893794417381287,0.5794349312782288,0.22907905280590057,-0.09529270976781845,0.5412448048591614,0.22883202135562897,-0.10887801647186279,0.5678087472915649,0.25216034054756165,-0.2073649913072586,0.5529172420501709,0.25165456533432007,-0.2118387222290039,0.607553243637085,0.324617475271225,-0.0018294525798410177,0.5139635801315308,0.30347126722335815,-0.0756133645772934,0.6210451126098633,0.4236402213573456,0.022467244416475296,0.4861791729927063,0.2982940971851349,-0.2837282419204712,0.6325955986976624,0.5236701965332031,-0.04200237616896629,0.4816482663154602,0.22128458321094513,-0.563766360282898,0.6331661939620972,0.5549456477165222,-0.059045929461717606,0.4805169701576233,0.19749274849891663,-0.6276488900184631,0.6277295351028442,0.5537349581718445,-0.09547062963247299,0.48632535338401794,0.19278143346309662,-0.6260926723480225,0.6250016093254089,0.5451930165290833,-0.057444144040346146,0.4882877469062805,0.20082858204841614,-0.5727493166923523,0.5853086113929749,0.5212241411209106,0.024058496579527855,0.5258827209472656,0.5211538672447205,-0.02428237348794937,0.5960543155670166,0.6750621795654297,0.044835228472948074,0.5153299570083618,0.6775778532028198,-0.023608943447470665,0.6033605337142944,0.8022788166999817,0.23079176247119904,0.5086492896080017,0.8122069835662842,0.15698985755443573,0.5973894596099854,0.8196665048599243,0.24038758873939514,0.515924870967865,0.8276598453521729,0.1661200225353241,0.6256125569343567,0.8558058142662048,0.09479726105928421,0.4931139349937439,0.8557144403457642,0.013199676759541035
83,draw_x,a06_s10_e02,0.5612785816192627,0.23602233827114105,-0.2539280652999878,0.5681842565536499,0.22160838544368744,-0.23007622361183167,0.5707484483718872,0.22174029052257538,-0.23004445433616638,0.5740678310394287,0.22185464203357697,-0.23001840710639954,0.556105375289917,0.22141987085342407,-0.2323758900165558,0.5514879822731018,0.22154918313026428,-0.23242147266864777,0.5470401644706726,0.22182801365852356,-0.23241479694843292,0.579424262046814,0.22914215922355652,-0.08892647176980972,0.5412439107894897,0.2288413941860199,-0.10220114886760712,0.5678082704544067,0.2521347403526306,-0.20138180255889893,0.5529208183288574,0.25161534547805786,-0.2057327926158905,0.6074172258377075,0.3245936334133148,0.0026326728984713554,0.5140132308006287,0.3034382462501526,-0.0688200443983078,0.6210219264030457,0.4236459732055664,0.025867652148008347,0.4863207936286926,0.30004268884658813,-0.2764691114425659,0.6325950622558594,0.5237513184547424,-0.03866984695196152,0.48396188020706177,0.2242416888475418,-0.5496623516082764,0.6331547498703003,0.554962694644928,-0.05591357499361038,0.48339319229125977,0.20087827742099762,-0.6145299077033997,0.6277585625648499,0.5537662506103516,-0.09218649566173553,0.48912161588668823,0.19703435897827148,-0.6104069948196411,0.6250344514846802,0.5452550053596497,-0.05412985011935234,0.4914669990539551,0.2050974816083908,-0.5582572221755981,0.5853023529052734,0.5211237072944641,0.023731786757707596,0.5259011387825012,0.5211135149002075,-0.023952370509505272,0.5960521101951599,0.6750574707984924,0.04377700015902519,0.5153349041938782,0.677423894405365,-0.023524273186922073,0.6033600568771362,0.8022792339324951,0.22838124632835388,0.5086634159088135,0.812171220779419,0.15528500080108643,0.5973914265632629,0.8196651339530945,0.2378225028514862,0.5159556865692139,0.8276597857475281,0.16415436565876007,0.625578761100769,0.8558180928230286,0.09201478213071823,0.49307727813720703,0.855704665184021,0.011801373213529587
84,draw_x,a06_s10_e02,0.5612677931785583,0.23605580627918243,-0.25346308946609497,0.5681359767913818,0.2216619849205017,-0.2300492525100708,0.5707248449325562,0.22179512679576874,-0.23001711070537567,0.5739908218383789,0.2219291478395462,-0.22998841106891632,0.5560270547866821,0.22160209715366364,-0.23194828629493713,0.5514541268348694,0.22177276015281677,-0.23199298977851868,0.546978235244751,0.2221568375825882,-0.23198477923870087,0.5793669819831848,0.22925660014152527,-0.08994082361459732,0.541236162185669,0.2289627343416214,-0.10139036178588867,0.5678080916404724,0.2521207630634308,-0.2012961357831955,0.552935779094696,0.25159555673599243,-0.20508673787117004,0.6073496341705322,0.32458794116973877,0.0014608601341024041,0.5141180753707886,0.30344104766845703,-0.0648762434720993,0.6210194826126099,0.4237219989299774,0.02619141899049282,0.4869714379310608,0.300476998090744,-0.2654804587364197,0.6325896382331848,0.5241248607635498,-0.036199137568473816,0.4868911802768707,0.2257806807756424,-0.5340086221694946,0.633148193359375,0.5551148056983948,-0.05317074805498123,0.4863637089729309,0.2028181254863739,-0.5979050397872925,0.6277819275856018,0.5539799928665161,-0.0890846773982048,0.49251389503479004,0.1996132731437683,-0.594219446182251,0.6250560283660889,0.5454782843589783,-0.05139414221048355,0.49521225690841675,0.2077707201242447,-0.542765736579895,0.5852724313735962,0.5210871696472168,0.022934388369321823,0.5259029269218445,0.5211198925971985,-0.023151149973273277,0.5960501432418823,0.6750049591064453,0.04243524372577667,0.515336811542511,0.6773174405097961,-0.023355357348918915,0.603357195854187,0.8022803664207458,0.22199514508247375,0.5086796879768372,0.812158465385437,0.15374697744846344,0.5973917841911316,0.819675862789154,0.23073211312294006,0.5159965753555298,0.8276947140693665,0.16232094168663025,0.6255378723144531,0.8558169007301331,0.08433625102043152,0.49303165078163147,0.8556840419769287,0.010760566219687462
85,draw_x,a06_s10_e02,0.5612987279891968,0.23617768287658691,-0.2542278468608856,0.5681340098381042,0.22180423140525818,-0.2306748926639557,0.5707248449325562,0.2219497114419937,-0.23064251244068146,0.5739692449569702,0.22211670875549316,-0.2306140661239624,0.5560387372970581,0.2218378186225891,-0.23271198570728302,0.5514897108078003,0.22203059494495392,-0.23275873064994812,0.5470132231712341,0.22246819734573364,-0.23275132477283478,0.5793521404266357,0.2294914722442627,-0.08995933830738068,0.5412418246269226,0.22906604409217834,-0.10190196335315704,0.5678308606147766,0.2521255314350128,-0.20181870460510254,0.5531941652297974,0.2515949606895447,-0.20576289296150208,0.6073042154312134,0.3245987296104431,0.0016415391582995653,0.5142025351524353,0.30344754457473755,-0.0652088150382042,0.6210166811943054,0.42392072081565857,0.02614731155335903,0.4873778223991394,0.3040933609008789,-0.2660194933414459,0.6325604915618896,0.5243399143218994,-0.03690989688038826,0.49066027998924255,0.22711636126041412,-0.5347034335136414,0.633129894733429,0.5552154779434204,-0.054094452410936356,0.49038320779800415,0.20512041449546814,-0.5987924933433533,0.6277860403060913,0.5541093349456787,-0.08985064923763275,0.49758434295654297,0.20092853903770447,-0.5945237874984741,0.6250622272491455,0.545610785484314,-0.05209627002477646,0.500519335269928,0.2088480442762375,-0.5431293249130249,0.5852694511413574,0.5210040211677551,0.022331584244966507,0.5259193181991577,0.5211193561553955,-0.022539151832461357,0.5960484147071838,0.67486971616745,0.04168524965643883,0.5153465270996094,0.6772585511207581,-0.023310737684369087,0.6033528447151184,0.802289605140686,0.22317330539226532,0.5087155699729919,0.8121522665023804,0.1519157737493515,0.5973998308181763,0.8196789026260376,0.2322167456150055,0.5160471796989441,0.8277223706245422,0.16027820110321045,0.6254786252975464,0.8558574914932251,0.08574790507555008,0.4930287003517151,0.8556769490242004,0.008347611874341965
86,draw_x,a06_s10_e02,0.5614408254623413,0.23619531095027924,-0.24753975868225098,0.5681480169296265,0.221880704164505,-0.2233770340681076,0.5707355737686157,0.22203712165355682,-0.22334547340869904,0.5739696025848389,0.2222091257572174,-0.2233191430568695,0.5561491250991821,0.2219395488500595,-0.2265413999557495,0.551655650138855,0.222128227353096,-0.2265842854976654,0.5472120642662048,0.22256237268447876,-0.22657683491706848,0.5793496370315552,0.22957347333431244,-0.080813929438591,0.5412667989730835,0.22912155091762543,-0.09771295636892319,0.5678959488868713,0.25211989879608154,-0.19443468749523163,0.5536189079284668,0.2515925168991089,-0.19981014728546143,0.6072671413421631,0.32463034987449646,0.012451373040676117,0.5145255923271179,0.3034597933292389,-0.06586255878210068,0.6210125684738159,0.4239966571331024,0.03791726380586624,0.4885738492012024,0.30818793177604675,-0.2707841098308563,0.632565438747406,0.5244739055633545,-0.02359301969408989,0.4965859353542328,0.22918424010276794,-0.5387805104255676,0.6331309080123901,0.5553119778633118,-0.04015999659895897,0.4973145127296448,0.20811519026756287,-0.6039870381355286,0.6278258562088013,0.5542309880256653,-0.07609663158655167,0.5052667856216431,0.20679253339767456,-0.5955784320831299,0.6251072883605957,0.5457409024238586,-0.0388975590467453,0.5078111290931702,0.21502026915550232,-0.5454837083816528,0.5852298736572266,0.5209419131278992,0.022653330117464066,0.5259149074554443,0.5211189985275269,-0.02285328507423401,0.5960475206375122,0.6748645901679993,0.041958197951316833,0.5153440237045288,0.6772540807723999,-0.02562657929956913,0.6033493876457214,0.8022974133491516,0.22410300374031067,0.5087358951568604,0.8121779561042786,0.14636316895484924,0.5974012613296509,0.8196818232536316,0.233305424451828,0.5160948038101196,0.8278846740722656,0.15438851714134216,0.6254790425300598,0.8558754324913025,0.08760330826044083,0.49286580085754395,0.8557561039924622,0.0007196806254796684
87,draw_x,a06_s10_e02,0.5617412328720093,0.23623056709766388,-0.25006964802742004,0.5682313442230225,0.22193686664104462,-0.22619116306304932,0.5707820653915405,0.22209973633289337,-0.22616079449653625,0.5739926099777222,0.22226235270500183,-0.22613482177257538,0.5564264059066772,0.22200796008110046,-0.22903203964233398,0.5519355535507202,0.2222033441066742,-0.22907593846321106,0.5475648045539856,0.2226409912109375,-0.2290685921907425,0.5793582201004028,0.22958071529865265,-0.08402307331562042,0.5413206815719604,0.22928333282470703,-0.0999995693564415,0.5680299997329712,0.25212061405181885,-0.197142094373703,0.5541681051254272,0.25164884328842163,-0.20220720767974854,0.6071485877037048,0.32463929057121277,0.009927486069500446,0.5155258774757385,0.30345311760902405,-0.06686586141586304,0.6209666132926941,0.4240098297595978,0.03867388889193535,0.48913854360580444,0.31521284580230713,-0.27098292112350464,0.6325646638870239,0.5244889855384827,-0.01807381771504879,0.5037866234779358,0.23979635536670685,-0.5373612642288208,0.6331242322921753,0.5553551912307739,-0.03392215445637703,0.5069320201873779,0.21819016337394714,-0.6010795831680298,0.6278806924819946,0.5542870759963989,-0.06935961544513702,0.5131662487983704,0.21836845576763153,-0.5946543216705322,0.625173032283783,0.5458053350448608,-0.03293486312031746,0.5149615406990051,0.2268100529909134,-0.5444284081459045,0.5851345658302307,0.5205817818641663,0.022881407290697098,0.5258944034576416,0.5208361744880676,-0.02307894453406334,0.5960264801979065,0.6746753454208374,0.041900571435689926,0.5153420567512512,0.6771987080574036,-0.025493199005723,0.6033443212509155,0.802308201789856,0.22533217072486877,0.5087510943412781,0.8121642470359802,0.1466687172651291,0.5974024534225464,0.8196840882301331,0.2346593588590622,0.5161371827125549,0.8279043436050415,0.15480826795101166,0.6254732012748718,0.8558763265609741,0.08867192268371582,0.4927874505519867,0.8557559251785278,0.0014603614108636975
88,draw_x,a06_s10_e02,0.5617445707321167,0.2362496256828308,-0.24917130172252655,0.5682341456413269,0.2219485193490982,-0.22543804347515106,0.570787787437439,0.22211040556430817,-0.22539956867694855,0.5739913582801819,0.22226789593696594,-0.22536620497703552,0.5564299821853638,0.22203560173511505,-0.22837312519550323,0.5519546270370483,0.2222253531217575,-0.22841863334178925,0.5476463437080383,0.2226628214120865,-0.2284156084060669,0.5793695449829102,0.22940531373023987,-0.08282588422298431,0.5413983464241028,0.22928984463214874,-0.09907416999340057,0.5680322647094727,0.2521224021911621,-0.19588349759578705,0.5542500615119934,0.2517549395561218,-0.20103518664836884,0.6069139838218689,0.32463324069976807,0.013686766847968102,0.5162807703018188,0.30279266834259033,-0.06637317687273026,0.6209169626235962,0.424017995595932,0.04577337205410004,0.48946619033813477,0.32337966561317444,-0.27087846398353577,0.6325675249099731,0.5244987607002258,-0.007718936540186405,0.5080868601799011,0.25285395979881287,-0.5362579822540283,0.6331247687339783,0.5554186105728149,-0.022684616968035698,0.514557421207428,0.23125916719436646,-0.5992311239242554,0.6279402375221252,0.554362416267395,-0.058000169694423676,0.5198485255241394,0.2305830866098404,-0.5925351977348328,0.6252372860908508,0.5458753108978271,-0.022328641265630722,0.5206584930419922,0.23953312635421753,-0.5427179336547852,0.5850527882575989,0.5203809142112732,0.02310734987258911,0.5258923768997192,0.5206795334815979,-0.023299824446439743,0.5960125923156738,0.6745482683181763,0.04166484624147415,0.5153409242630005,0.6770954728126526,-0.02536609396338463,0.6033363938331604,0.8023106455802917,0.22548425197601318,0.5087610483169556,0.8121491074562073,0.1479109525680542,0.5973974466323853,0.8196853399276733,0.23487429320812225,0.5162248015403748,0.8279447555541992,0.15629176795482635,0.6254580020904541,0.8558761477470398,0.08946366608142853,0.4926876127719879,0.8557843565940857,0.001709437696263194
89,draw_x,a06_s10_e02,0.5617371797561646,0.23639659583568573,-0.25287163257598877,0.5682554244995117,0.2220248132944107,-0.22921064496040344,0.5708087086677551,0.2222028523683548,-0.22916844487190247,0.5739924311637878,0.22239528596401215,-0.22912898659706116,0.5564327836036682,0.22210827469825745,-0.23523244261741638,0.5519524812698364,0.2223014384508133,-0.23528257012367249,0.5476470589637756,0.22273632884025574,-0.23530113697052002,0.579360842704773,0.2295020967721939,-0.08437731862068176,0.5412444472312927,0.2294255942106247,-0.11066780239343643,0.567960262298584,0.2523563802242279,-0.1960114985704422,0.5540124773979187,0.2521885633468628,-0.20544299483299255,0.6060813665390015,0.3244377076625824,0.01890549808740616,0.5162656307220459,0.3008063733577728,-0.08737297356128693,0.6208423376083374,0.423956036567688,0.05857735872268677,0.49195799231529236,0.32921096682548523,-0.31161776185035706,0.6325365304946899,0.5245070457458496,0.005885304883122444,0.5132026076316833,0.2722681760787964,-0.58903968334198,0.6331100463867188,0.5554558038711548,-0.007356284651905298,0.5216706991195679,0.25436925888061523,-0.653628945350647,0.6279677748680115,0.5544308423995972,-0.043951403349637985,0.5248212218284607,0.24959897994995117,-0.6473548412322998,0.6252502799034119,0.5459452271461487,-0.008927712216973305,0.5244501829147339,0.25648751854896545,-0.5951298475265503,0.5850486159324646,0.5202590227127075,0.028502166271209717,0.5259487628936768,0.5206606388092041,-0.02867964282631874,0.5960128903388977,0.6745449900627136,0.043667204678058624,0.5153528451919556,0.6770356297492981,-0.028656741604208946,0.6033325791358948,0.8023466467857361,0.24042785167694092,0.5088219046592712,0.8121442198753357,0.1493370682001114,0.5973842740058899,0.8196956515312195,0.2509065270423889,0.5162444710731506,0.827958345413208,0.1582748293876648,0.6254809498786926,0.8559426665306091,0.10279953479766846,0.49294981360435486,0.8557999730110168,0.0024097091518342495
90,draw_x,a06_s10_e02,0.5615538358688354,0.2365138679742813,-0.2859845757484436,0.5682758092880249,0.22203569114208221,-0.2643771171569824,0.5708342790603638,0.2222212851047516,-0.2643522322177887,0.5740265250205994,0.22242043912410736,-0.2643370032310486,0.5563243627548218,0.22211302816867828,-0.27112680673599243,0.5516923666000366,0.22230860590934753,-0.27116742730140686,0.5474227666854858,0.22274205088615417,-0.2711780369281769,0.5794627666473389,0.2295072078704834,-0.11339469254016876,0.5409339070320129,0.22957153618335724,-0.14747418463230133,0.5678543448448181,0.25245124101638794,-0.2268470972776413,0.5532581806182861,0.2524832785129547,-0.23756909370422363,0.6060281991958618,0.3244166970252991,0.0025544383097440004,0.515609622001648,0.3004467785358429,-0.12015663087368011,0.620756983757019,0.42395690083503723,0.05100296065211296,0.49686217308044434,0.3285990059375763,-0.3645727038383484,0.6324802041053772,0.5245175957679749,0.00464237667620182,0.519871711730957,0.2937253713607788,-0.672194242477417,0.6330921053886414,0.5554635524749756,-0.00459983479231596,0.5301713347434998,0.2853632867336273,-0.7372187376022339,0.6280039548873901,0.5544444918632507,-0.04263884946703911,0.5342814326286316,0.2777687907218933,-0.7329415678977966,0.6252613067626953,0.5459650158882141,-0.009765734896063805,0.5331884622573853,0.28151434659957886,-0.6800050139427185,0.585085928440094,0.5200857520103455,0.0309225432574749,0.525942862033844,0.5206291079521179,-0.031097162514925003,0.5960270166397095,0.6746089458465576,0.05388934165239334,0.5153403282165527,0.6770265698432922,-0.02767956629395485,0.6033309698104858,0.8024412393569946,0.2465406209230423,0.5088134407997131,0.8121486902236938,0.15866412222385406,0.5973847508430481,0.8197470307350159,0.25640252232551575,0.5162033438682556,0.8280770182609558,0.16788890957832336,0.6256033778190613,0.8560277819633484,0.10880714654922485,0.49275335669517517,0.8558658361434937,0.009254111908376217
91,draw_x,a06_s10_e02,0.5620745420455933,0.2367812544107437,-0.28192371129989624,0.5686559081077576,0.22213609516620636,-0.25788402557373047,0.5711385011672974,0.22230635583400726,-0.25783735513687134,0.5744369029998779,0.22247196733951569,-0.2578146755695343,0.5570076704025269,0.22214049100875854,-0.260407030582428,0.5522217750549316,0.22231481969356537,-0.26045292615890503,0.5478354096412659,0.22274795174598694,-0.2604539096355438,0.5795355439186096,0.22949789464473724,-0.10857083648443222,0.5409368276596069,0.22958990931510925,-0.13603495061397552,0.5681828260421753,0.2526678740978241,-0.2216930091381073,0.5536310076713562,0.25265270471572876,-0.2310783565044403,0.6058174967765808,0.3237192928791046,0.011597441509366035,0.5131327509880066,0.3012867867946625,-0.1118159070611,0.6207020878791809,0.42379143834114075,0.059070032089948654,0.4994995594024658,0.3345886170864105,-0.34305572509765625,0.6323955059051514,0.5247007012367249,0.009874784387648106,0.5294641256332397,0.30543994903564453,-0.6319622993469238,0.6329922676086426,0.5555286407470703,0.0002064446161966771,0.5438195466995239,0.2956739664077759,-0.6945927739143372,0.6280122399330139,0.5544989109039307,-0.037799298763275146,0.5476489067077637,0.28786784410476685,-0.6892134547233582,0.6252635717391968,0.5460293292999268,-0.004758613184094429,0.5452085733413696,0.29146769642829895,-0.6381545662879944,0.5850979089736938,0.5200706124305725,0.03156944736838341,0.5259319543838501,0.5206992626190186,-0.03173177316784859,0.596027135848999,0.6747487783432007,0.052496232092380524,0.5153108835220337,0.6770942211151123,-0.02746867574751377,0.6033411622047424,0.8025094866752625,0.24399109184741974,0.5088160634040833,0.8122784495353699,0.15823940932750702,0.5974159240722656,0.8197983503341675,0.25379014015197754,0.5162060856819153,0.8285054564476013,0.1673101782798767,0.6256308555603027,0.8560702800750732,0.10697320848703384,0.49245351552963257,0.8560621738433838,0.009304472245275974
92,draw_x,a06_s10_e02,0.5621500015258789,0.23685553669929504,-0.277923047542572,0.568743109703064,0.2222212255001068,-0.25514644384384155,0.5712091326713562,0.222396120429039,-0.2551119029521942,0.5745216608047485,0.22255364060401917,-0.25508302450180054,0.5570826530456543,0.2221679389476776,-0.2611694633960724,0.5522720217704773,0.22232525050640106,-0.2612157464027405,0.5478904843330383,0.22275207936763763,-0.2612308859825134,0.5795499086380005,0.2295009195804596,-0.10573156923055649,0.5408828854560852,0.2296173870563507,-0.14018335938453674,0.5683069825172424,0.2527253031730652,-0.2191428244113922,0.5537486672401428,0.2526809871196747,-0.2295428067445755,0.60570228099823,0.3235594928264618,0.011185665614902973,0.5121768712997437,0.30216801166534424,-0.12126010656356812,0.6205860376358032,0.4237164258956909,0.05498947948217392,0.5025128126144409,0.3366149961948395,-0.3510885536670685,0.6322269439697266,0.5247030854225159,0.0013512670993804932,0.5370615720748901,0.3096615672111511,-0.6348418593406677,0.6328438520431519,0.5555353760719299,-0.01035485602915287,0.5517781376838684,0.30249494314193726,-0.6976149082183838,0.6279856562614441,0.5544731616973877,-0.04792146757245064,0.5552629828453064,0.29550257325172424,-0.6908547878265381,0.6252132058143616,0.5460001826286316,-0.013479212298989296,0.552251935005188,0.29835790395736694,-0.6397159099578857,0.5851179957389832,0.519994854927063,0.032244253903627396,0.5259149074554443,0.5207052230834961,-0.032402053475379944,0.5960243344306946,0.6747845411300659,0.05058646202087402,0.5153020024299622,0.6771507859230042,-0.027939926832914352,0.6033447980880737,0.8025360107421875,0.24484196305274963,0.5087971091270447,0.8123493194580078,0.15782150626182556,0.5974400639533997,0.8198143839836121,0.25532791018486023,0.5161879658699036,0.8286954164505005,0.16687282919883728,0.6256393194198608,0.8561433553695679,0.10950304567813873,0.49230581521987915,0.8562611937522888,0.009156784042716026
93,draw_x,a06_s10_e02,0.5625104308128357,0.23657181859016418,-0.2755749821662903,0.5689669251441956,0.22221650183200836,-0.2527199983596802,0.5714586973190308,0.22239938378334045,-0.25268495082855225,0.5748631358146667,0.22255870699882507,-0.25265055894851685,0.5574053525924683,0.2220102697610855,-0.2600347697734833,0.5525656342506409,0.22205933928489685,-0.2600793242454529,0.5481016039848328,0.22237570583820343,-0.2600957453250885,0.5795558094978333,0.2294798642396927,-0.10380115360021591,0.5408204793930054,0.22914931178092957,-0.14071111381053925,0.5683754682540894,0.2524052560329437,-0.2172066867351532,0.5537809729576111,0.2522484064102173,-0.22832205891609192,0.6050243973731995,0.3226966857910156,0.01258554495871067,0.5115801095962524,0.302615225315094,-0.1286810338497162,0.6202638149261475,0.423495888710022,0.05225680023431778,0.5072104930877686,0.33754608035087585,-0.36339476704597473,0.6321641206741333,0.5245845913887024,-0.005299326032400131,0.5452908277511597,0.3209691345691681,-0.6412125825881958,0.6327847242355347,0.5555016398429871,-0.017854230478405952,0.559158444404602,0.3206023871898651,-0.7042779326438904,0.6279445886611938,0.5543652176856995,-0.05655413866043091,0.5637515783309937,0.3149943947792053,-0.695635974407196,0.6251537203788757,0.5458722710609436,-0.02086849883198738,0.5609352588653564,0.3160136044025421,-0.644931435585022,0.5851093530654907,0.5199070572853088,0.033699240535497665,0.5258298516273499,0.5206912159919739,-0.03385442495346069,0.5960248708724976,0.674786388874054,0.05039388686418533,0.5152552127838135,0.6772492527961731,-0.028184127062559128,0.603349506855011,0.8025959730148315,0.2525005340576172,0.5087871551513672,0.8124122023582458,0.1588827669620514,0.5974345207214355,0.8198950886726379,0.2637362778186798,0.5161895155906677,0.8288766145706177,0.16823658347129822,0.6257414817810059,0.8562405705451965,0.11884361505508423,0.49208417534828186,0.856511116027832,0.010334005579352379
94,draw_x,a06_s10_e02,0.5631827712059021,0.23605990409851074,-0.2765234708786011,0.5692025423049927,0.2221328765153885,-0.25323817133903503,0.5717642903327942,0.22234344482421875,-0.25320011377334595,0.5752748847007751,0.22253325581550598,-0.2531529366970062,0.5578479170799255,0.22174330055713654,-0.2610584497451782,0.5529927015304565,0.2217157930135727,-0.2610974907875061,0.5484088063240051,0.22199419140815735,-0.26110607385635376,0.5795896053314209,0.22943207621574402,-0.1027291864156723,0.5408164858818054,0.22878918051719666,-0.1406654268503189,0.5686012506484985,0.2519024610519409,-0.21788272261619568,0.5540462732315063,0.25175753235816956,-0.2295452356338501,0.605027437210083,0.32260292768478394,0.012128312140703201,0.5116540193557739,0.3029696047306061,-0.12988737225532532,0.6201825737953186,0.4235022962093353,0.05019500106573105,0.5131388902664185,0.3440243899822235,-0.3562462031841278,0.6320810317993164,0.5249044299125671,-0.01914389431476593,0.557728111743927,0.33110418915748596,-0.628067135810852,0.6327250003814697,0.5556116104125977,-0.03405243903398514,0.5707544088363647,0.33750826120376587,-0.6904250383377075,0.6278177499771118,0.5543690323829651,-0.07148824632167816,0.575996994972229,0.33136042952537537,-0.682373583316803,0.6249701380729675,0.5458657741546631,-0.034369975328445435,0.5729137659072876,0.33043089509010315,-0.6316263675689697,0.5850661993026733,0.5198916792869568,0.033763304352760315,0.5257574319839478,0.520690381526947,-0.03391442820429802,0.5959679484367371,0.6746891140937805,0.050210028886795044,0.5152540802955627,0.6772508025169373,-0.02816031500697136,0.6033529043197632,0.8025909066200256,0.2577211558818817,0.5087875723838806,0.8124256730079651,0.16374854743480682,0.5974220037460327,0.8198907375335693,0.26964542269706726,0.5162044763565063,0.8288931250572205,0.17383946478366852,0.6257357597351074,0.8562510013580322,0.1254623383283615,0.4920283257961273,0.8567201495170593,0.017196130007505417
95,draw_x,a06_s10_e02,0.5634602308273315,0.23589833080768585,-0.2819857895374298,0.5693494081497192,0.22213120758533478,-0.2590027153491974,0.5719545483589172,0.22234664857387543,-0.25896143913269043,0.5755442976951599,0.22256845235824585,-0.2589012682437897,0.5581445693969727,0.2216702401638031,-0.2669481337070465,0.5533189177513123,0.22160197794437408,-0.2669861614704132,0.5487102270126343,0.22185255587100983,-0.26699504256248474,0.5796960592269897,0.22964446246623993,-0.10774793475866318,0.540829598903656,0.22853825986385345,-0.14668060839176178,0.5687375664710999,0.25179561972618103,-0.22335641086101532,0.5541562438011169,0.25150996446609497,-0.23513734340667725,0.6051716208457947,0.32254284620285034,0.006434475537389517,0.5117107033729553,0.3030346930027008,-0.13194027543067932,0.6201968193054199,0.42334792017936707,0.04182761162519455,0.5160375833511353,0.3530834913253784,-0.34853267669677734,0.6319699287414551,0.5250304937362671,-0.02982458844780922,0.5616446733474731,0.3384633958339691,-0.6219170093536377,0.6326006650924683,0.5556386113166809,-0.045680075883865356,0.5759926438331604,0.34882551431655884,-0.6876914501190186,0.6276851296424866,0.554369330406189,-0.0822816714644432,0.5823863744735718,0.3435443937778473,-0.6752057075500488,0.6247997879981995,0.545859158039093,-0.04469989985227585,0.5790673494338989,0.34096744656562805,-0.6290497779846191,0.5850557684898376,0.5198765397071838,0.03335074335336685,0.5255836844444275,0.5206854939460754,-0.0335097573697567,0.5959392189979553,0.6745917797088623,0.04530781880021095,0.5152458548545837,0.6772688627243042,-0.025713762268424034,0.6033579111099243,0.8025928735733032,0.2539938688278198,0.508788526058197,0.8124378323554993,0.16755324602127075,0.5974201560020447,0.8198763132095337,0.2652835249900818,0.516213059425354,0.8289039731025696,0.1778293401002884,0.6257156729698181,0.8563328981399536,0.12067846208810806,0.4920225143432617,0.8569009900093079,0.02308754250407219
96,draw_x,a06_s10_e02,0.5637429356575012,0.23573161661624908,-0.303405225276947,0.5695138573646545,0.2221040576696396,-0.279676228761673,0.5722184777259827,0.22233650088310242,-0.27964264154434204,0.5758787393569946,0.22257113456726074,-0.2795920968055725,0.5584269165992737,0.2215614914894104,-0.28868263959884644,0.5535837411880493,0.22146029770374298,-0.28872379660606384,0.5489115118980408,0.2216763198375702,-0.28873857855796814,0.5798252820968628,0.22969244420528412,-0.12484141439199448,0.5408287048339844,0.2281917780637741,-0.16840647161006927,0.5688682794570923,0.2517220973968506,-0.2436867207288742,0.554279088973999,0.2512839734554291,-0.25678300857543945,0.6051599979400635,0.3215521574020386,-0.012690571136772633,0.5115777254104614,0.303538978099823,-0.14988289773464203,0.6202417612075806,0.4233061969280243,0.023867063224315643,0.5246995687484741,0.3619700074195862,-0.3613477349281311,0.6319290399551392,0.5252669453620911,-0.04609312862157822,0.5733965039253235,0.3523438274860382,-0.6208251118659973,0.6324753165245056,0.5556657910346985,-0.06376537680625916,0.5872803926467896,0.3653210401535034,-0.6827470064163208,0.6274079084396362,0.5543721318244934,-0.09987084567546844,0.592786431312561,0.3603111207485199,-0.6753178834915161,0.6245473623275757,0.5458623766899109,-0.06072838231921196,0.5884413719177246,0.3569890260696411,-0.6256512999534607,0.5851590633392334,0.5199010968208313,0.0330306813120842,0.525549054145813,0.5207463502883911,-0.033188484609127045,0.5959171056747437,0.6745882630348206,0.043012358248233795,0.5151826739311218,0.6774147748947144,-0.02529476210474968,0.6033622622489929,0.8025956749916077,0.2565325200557709,0.5087956786155701,0.8125429153442383,0.1728942096233368,0.597420334815979,0.8198747634887695,0.2685084640979767,0.5162822604179382,0.8291199803352356,0.18346795439720154,0.6257017254829407,0.8563809990882874,0.12194567918777466,0.4918462336063385,0.857524573802948,0.0268224086612463
97,draw_x,a06_s10_e02,0.5645223259925842,0.235442116856575,-0.3078806698322296,0.5698609352111816,0.2220166027545929,-0.28316861391067505,0.5727518200874329,0.2222682386636734,-0.2831287384033203,0.576402485370636,0.2225227653980255,-0.28307920694351196,0.5590833425521851,0.22135022282600403,-0.2930724620819092,0.5542055368423462,0.22119855880737305,-0.29311662912368774,0.5494259595870972,0.22135165333747864,-0.2931426167488098,0.579900860786438,0.22962555289268494,-0.12786127626895905,0.540850043296814,0.22764895856380463,-0.1755380928516388,0.5692452192306519,0.25148671865463257,-0.2483622282743454,0.5548399686813354,0.25090205669403076,-0.2626623511314392,0.6046139001846313,0.32121503353118896,-0.016967648640275,0.5113617181777954,0.3038932979106903,-0.16417436301708221,0.6202785968780518,0.4241017699241638,0.016783734783530235,0.529884397983551,0.36429670453071594,-0.3564033806324005,0.631867527961731,0.5258616209030151,-0.05977291986346245,0.584658682346344,0.37165307998657227,-0.5888376832008362,0.6321865916252136,0.5559225082397461,-0.08210603147745132,0.5987312197685242,0.3917914628982544,-0.647161066532135,0.6270717978477478,0.554431676864624,-0.11750129610300064,0.6044167280197144,0.3848152458667755,-0.64583420753479,0.6243050694465637,0.5459146499633789,-0.07476891577243805,0.5997370481491089,0.3774005174636841,-0.5929120182991028,0.585302472114563,0.5201953053474426,0.033661238849163055,0.525555431842804,0.5209358930587769,-0.033784590661525726,0.5958121418952942,0.6743412613868713,0.04316473752260208,0.5151828527450562,0.6774488687515259,-0.025528615340590477,0.6033608913421631,0.8026660084724426,0.2581121325492859,0.5087918043136597,0.8125660419464111,0.17201939225196838,0.5973654985427856,0.8199350237846375,0.27011582255363464,0.5162848234176636,0.8291429281234741,0.18255308270454407,0.6257009506225586,0.8564285635948181,0.12346868216991425,0.49185341596603394,0.8577792644500732,0.025488819926977158
98,draw_x,a06_s10_e02,0.5649953484535217,0.23521652817726135,-0.3082170784473419,0.5700258016586304,0.22193311154842377,-0.2838934361934662,0.5729962587356567,0.2221965193748474,-0.28385820984840393,0.5766331553459167,0.22246189415454865,-0.28381818532943726,0.559455931186676,0.22116555273532867,-0.2945319712162018,0.5545926094055176,0.22097130119800568,-0.29457294940948486,0.5497596859931946,0.22107753157615662,-0.29461735486984253,0.5799077749252319,0.2294374406337738,-0.13123422861099243,0.5408540964126587,0.22727598249912262,-0.1820555180311203,0.5694402456283569,0.251289963722229,-0.24949856102466583,0.5551446080207825,0.2506018579006195,-0.26464027166366577,0.6041343808174133,0.3202418088912964,-0.01888836733996868,0.5113520622253418,0.3046422302722931,-0.17859026789665222,0.6203290224075317,0.4250243306159973,0.018206294625997543,0.537580132484436,0.3637326657772064,-0.35175859928131104,0.6316519975662231,0.5262717008590698,-0.05695577710866928,0.5928984880447388,0.38202187418937683,-0.5513408184051514,0.631773054599762,0.5561176538467407,-0.08023065328598022,0.6062972545623779,0.4044846296310425,-0.6082144975662231,0.6268666386604309,0.5544666051864624,-0.11528517305850983,0.6119282245635986,0.4001789391040802,-0.6115809082984924,0.6241694688796997,0.5459352731704712,-0.07211509346961975,0.6085509061813354,0.39346110820770264,-0.5566821098327637,0.5855220556259155,0.5207771062850952,0.03491062670946121,0.5255956053733826,0.5211797952651978,-0.03500024229288101,0.595772385597229,0.6742633581161499,0.04731026664376259,0.5151994228363037,0.6774969696998596,-0.025525102391839027,0.6033602356910706,0.8027196526527405,0.26698845624923706,0.5087761878967285,0.8126193284988403,0.1737157255411148,0.5973073244094849,0.8199682235717773,0.2796621024608612,0.5162473917007446,0.8291398286819458,0.18468604981899261,0.625767707824707,0.8564800024032593,0.13454826176166534,0.49187546968460083,0.8581777811050415,0.027217423543334007
99,draw_x,a06_s10_e02,0.5652047395706177,0.23501944541931152,-0.3264366090297699,0.5700801014900208,0.22182327508926392,-0.30267757177352905,0.5730805397033691,0.22210854291915894,-0.3026413321495056,0.5767121911048889,0.22238950431346893,-0.3026044964790344,0.5595894455909729,0.22094754874706268,-0.3130621314048767,0.5547535419464111,0.22071382403373718,-0.3131062388420105,0.5499092936515808,0.2207801192998886,-0.3131686747074127,0.5799075961112976,0.22932696342468262,-0.1517718881368637,0.5408561825752258,0.22701144218444824,-0.2010129690170288,0.5695204734802246,0.2511572241783142,-0.26827260851860046,0.5552636384963989,0.25039929151535034,-0.2830143868923187,0.6040353178977966,0.3199290335178375,-0.03585662692785263,0.511224091053009,0.3056122660636902,-0.19559243321418762,0.6207157969474792,0.4272328019142151,0.0050356206484138966,0.5391372442245483,0.36709728837013245,-0.3489628732204437,0.6313958168029785,0.5267597436904907,-0.0777270495891571,0.5987508296966553,0.3944544792175293,-0.5147892236709595,0.6316260099411011,0.5563567280769348,-0.10448708385229111,0.6112691164016724,0.4144120216369629,-0.5692418813705444,0.6267657279968262,0.5545265674591064,-0.13960863649845123,0.6178415417671204,0.41022756695747375,-0.5760771036148071,0.6240724325180054,0.545962929725647,-0.09344834834337234,0.6138182282447815,0.40483358502388,-0.5207337141036987,0.585587739944458,0.5215314030647278,0.03555639460682869,0.5256044268608093,0.5213148593902588,-0.03563294559717178,0.5957392454147339,0.6742710471153259,0.055629946291446686,0.515198826789856,0.6776620745658875,-0.02519688569009304,0.6033342480659485,0.8027751445770264,0.28185826539993286,0.5087750554084778,0.8126593828201294,0.17637424170970917,0.5972069501876831,0.8200176954269409,0.29541295766830444,0.5162225961685181,0.8290426731109619,0.1877909004688263,0.6257729530334473,0.8564980030059814,0.15224689245224,0.4924222528934479,0.8582321405410767,0.030587702989578247
100,draw_x,a06_s10_e02,0.5653353929519653,0.23491528630256653,-0.3453678786754608,0.5701383352279663,0.22178278863430023,-0.32260990142822266,0.5731974840164185,0.22208793461322784,-0.32256773114204407,0.5768340229988098,0.22238373756408691,-0.32252493500709534,0.5596702098846436,0.22080953419208527,-0.3313279151916504,0.5548312067985535,0.22054685652256012,-0.3313722312450409,0.5499643683433533,0.22058431804180145,-0.3314511179924011,0.5799403786659241,0.22933125495910645,-0.17579491436481476,0.5408555269241333,0.22691036760807037,-0.21750418841838837,0.5695918798446655,0.25112390518188477,-0.2887646555900574,0.5552992820739746,0.25029870867729187,-0.30127111077308655,0.6040776371955872,0.319950133562088,-0.057955045253038406,0.5110124349594116,0.3059138357639313,-0.21228837966918945,0.6212113499641418,0.4292171895503998,-0.018263721838593483,0.5395407676696777,0.37228354811668396,-0.3421128988265991,0.6309671998023987,0.5285153985023499,-0.10534998029470444,0.6073829531669617,0.4080144166946411,-0.4781835675239563,0.6314300298690796,0.5572254061698914,-0.13382387161254883,0.619604229927063,0.42486053705215454,-0.5292735695838928,0.6267675757408142,0.5551387071609497,-0.1682337075471878,0.627378523349762,0.41957536339759827,-0.5366909503936768,0.6240739822387695,0.546337366104126,-0.12099596112966537,0.6232081055641174,0.41565343737602234,-0.48319119215011597,0.5855939388275146,0.521850049495697,0.035713985562324524,0.5255851745605469,0.521314263343811,-0.03578939288854599,0.5957110524177551,0.6742814183235168,0.07629935443401337,0.5151782035827637,0.6778579950332642,-0.021632760763168335,0.6033245325088501,0.8028280735015869,0.302221417427063,0.5087755918502808,0.8128535747528076,0.17536772787570953,0.5971715450286865,0.8200585842132568,0.3159868121147156,0.5162240266799927,0.8290354013442993,0.1864914745092392,0.6257737874984741,0.8565033674240112,0.17741645872592926,0.4924449026584625,0.8583906888961792,0.031164512038230896
101,draw_x,a06_s10_e02,0.5654591917991638,0.23478808999061584,-0.35965797305107117,0.5702012777328491,0.22172418236732483,-0.3367164433002472,0.5733219385147095,0.2220500409603119,-0.33667340874671936,0.576957106590271,0.22236275672912598,-0.33663079142570496,0.5597569346427917,0.22068017721176147,-0.34622707962989807,0.5549236536026001,0.22040288150310516,-0.34627100825309753,0.5500409603118896,0.22042463719844818,-0.346355676651001,0.5799589157104492,0.2293153703212738,-0.1896176040172577,0.5408597588539124,0.22684261202812195,-0.23493428528308868,0.5696529746055603,0.25109121203422546,-0.3029787242412567,0.555345356464386,0.2502027750015259,-0.31648924946784973,0.6040798425674438,0.31996649503707886,-0.06874363124370575,0.5107372403144836,0.30631721019744873,-0.22980189323425293,0.6212355494499207,0.4298067092895508,-0.024957075715065002,0.5417348146438599,0.37712016701698303,-0.34156689047813416,0.6302820444107056,0.5303661227226257,-0.10968247801065445,0.6112889647483826,0.4140143394470215,-0.4600759446620941,0.6311143040657043,0.5584452748298645,-0.13737168908119202,0.624103307723999,0.42927151918411255,-0.5089682340621948,0.626715362071991,0.5560546517372131,-0.17165321111679077,0.6310533285140991,0.423499196767807,-0.5168865919113159,0.6239980459213257,0.5470501184463501,-0.12537308037281036,0.6268474459648132,0.4203435480594635,-0.4647223949432373,0.5856038331985474,0.5222201347351074,0.036664389073848724,0.525553286075592,0.5213314294815063,-0.036742888391017914,0.5957022309303284,0.6743312478065491,0.08409308642148972,0.5151677131652832,0.6780238747596741,-0.01699400134384632,0.6033222675323486,0.802926242351532,0.3112283945083618,0.5087770223617554,0.8128598928451538,0.18434178829193115,0.597156822681427,0.8201494812965393,0.3251569867134094,0.5162206888198853,0.8289545178413391,0.1962391585111618,0.6258177161216736,0.8565323352813721,0.18614622950553894,0.492694228887558,0.8584396243095398,0.041675444692373276
102,draw_x,a06_s10_e02,0.565526008605957,0.23472553491592407,-0.35777533054351807,0.5702425241470337,0.22169212996959686,-0.3348917067050934,0.5734074711799622,0.22203083336353302,-0.33483967185020447,0.5770448446273804,0.22235341370105743,-0.3347882926464081,0.5598026514053345,0.22060275077819824,-0.34432098269462585,0.5549730062484741,0.22031854093074799,-0.3443661332130432,0.5500783324241638,0.22033238410949707,-0.3444506525993347,0.5799716711044312,0.22931426763534546,-0.18876737356185913,0.5408667325973511,0.2268264889717102,-0.23389501869678497,0.5696982145309448,0.2510717213153839,-0.30154043436050415,0.5553649067878723,0.2501367926597595,-0.31498491764068604,0.6040699481964111,0.32005876302719116,-0.06783362478017807,0.5104542374610901,0.3067951798439026,-0.22723782062530518,0.6212368607521057,0.430799275636673,-0.018871432170271873,0.5405721664428711,0.37976595759391785,-0.33241966366767883,0.6296215653419495,0.5320726037025452,-0.10019437223672867,0.6105550527572632,0.4154554307460785,-0.4438677728176117,0.63065505027771,0.559649646282196,-0.1263946145772934,0.6241896748542786,0.4312485456466675,-0.4908105432987213,0.6266070008277893,0.5569685697555542,-0.16074717044830322,0.6312833428382874,0.42533743381500244,-0.4987694323062897,0.6238592863082886,0.5478570461273193,-0.11583517491817474,0.6270648241043091,0.42207467555999756,-0.44818025827407837,0.5855838656425476,0.5224815607070923,0.036971189081668854,0.5254746675491333,0.521337628364563,-0.03705601021647453,0.5956990718841553,0.6743306517601013,0.0854489728808403,0.515160858631134,0.6781314611434937,-0.01568245328962803,0.6033204793930054,0.802950918674469,0.3074975907802582,0.508779764175415,0.8128734230995178,0.18335279822349548,0.5971381664276123,0.8201953172683716,0.3208201229572296,0.5162210464477539,0.8288919925689697,0.1949678361415863,0.6258407235145569,0.8565433025360107,0.1823219507932663,0.4928704798221588,0.8584604859352112,0.04093233495950699
103,draw_x,a06_s10_e02,0.5656312704086304,0.23461490869522095,-0.35338765382766724,0.570313572883606,0.2216312736272812,-0.3306512236595154,0.5735436677932739,0.22199606895446777,-0.33060020208358765,0.577178955078125,0.2223358303308487,-0.33055007457733154,0.559894859790802,0.22045789659023285,-0.3401227593421936,0.5550839900970459,0.2201547771692276,-0.3401673138141632,0.5501716732978821,0.2201470285654068,-0.34025081992149353,0.5800245404243469,0.2293139547109604,-0.18503476679325104,0.5408997535705566,0.2267768830060959,-0.23038193583488464,0.5697623491287231,0.2510378062725067,-0.2972990870475769,0.5554043650627136,0.2500535547733307,-0.31081169843673706,0.6040652990341187,0.32012704014778137,-0.06482923030853271,0.5103396773338318,0.30690765380859375,-0.22392098605632782,0.6213428378105164,0.4313493072986603,-0.015639927238225937,0.5403584837913513,0.3800954520702362,-0.3291322588920593,0.6293104290962219,0.5327731370925903,-0.09571950137615204,0.6103717088699341,0.415088027715683,-0.44656673073768616,0.6304782032966614,0.560177206993103,-0.12112490087747574,0.6239774823188782,0.4313824474811554,-0.4937661290168762,0.6266037821769714,0.5574333071708679,-0.15565085411071777,0.631149411201477,0.42566701769828796,-0.5014121532440186,0.623848021030426,0.5483203530311584,-0.11139766871929169,0.6270205974578857,0.42229482531547546,-0.45097461342811584,0.5855855941772461,0.5226367115974426,0.03705994039773941,0.5254555940628052,0.5213407278060913,-0.03714670613408089,0.5956922769546509,0.6743060946464539,0.08281782269477844,0.5151587724685669,0.6782294511795044,-0.01602194458246231,0.6033153533935547,0.802986741065979,0.3032858967781067,0.5087906122207642,0.8129013180732727,0.18187284469604492,0.5971258878707886,0.8202259540557861,0.3164306879043579,0.5162268280982971,0.8288720846176147,0.1932900846004486,0.625862181186676,0.8565515279769897,0.17752894759178162,0.49296683073043823,0.8585131764411926,0.039157915860414505
104,draw_x,a06_s10_e02,0.5657835602760315,0.23451267182826996,-0.3598553538322449,0.5704265236854553,0.22157566249370575,-0.3368629217147827,0.57374507188797,0.22196345031261444,-0.33681076765060425,0.5773680210113525,0.22231803834438324,-0.3367605209350586,0.5600157380104065,0.22031937539577484,-0.3463355302810669,0.5552049875259399,0.21999938786029816,-0.3463786542415619,0.5502792000770569,0.21997548639774323,-0.3464575409889221,0.5800947546958923,0.22930359840393066,-0.18999025225639343,0.5409414768218994,0.22671662271022797,-0.2352355271577835,0.5698639154434204,0.2509905695915222,-0.30328476428985596,0.5554783940315247,0.2499658614397049,-0.3167681396007538,0.6040197610855103,0.32014527916908264,-0.06699314713478088,0.5103276371955872,0.3071441948413849,-0.22632750868797302,0.6214483976364136,0.43168574571609497,-0.013913800939917564,0.5411652326583862,0.3806198239326477,-0.3258194029331207,0.6289923191070557,0.5334780216217041,-0.09185722470283508,0.6106094121932983,0.4150245487689972,-0.44221797585487366,0.630301833152771,0.5605131983757019,-0.11651839315891266,0.6242180466651917,0.43129757046699524,-0.48861807584762573,0.6266065835952759,0.5577494502067566,-0.15108194947242737,0.6311420798301697,0.4258173704147339,-0.49736809730529785,0.6238476037979126,0.5486852526664734,-0.10740462690591812,0.6270123720169067,0.4225516617298126,-0.4469963014125824,0.5855934619903564,0.5227349996566772,0.037117745727300644,0.5254303216934204,0.5213443040847778,-0.03720857575535774,0.5956707000732422,0.6742106676101685,0.08482174575328827,0.5151571035385132,0.6782473921775818,-0.015903174877166748,0.603307843208313,0.8030092120170593,0.3049021363258362,0.5088236331939697,0.8129090070724487,0.1811206042766571,0.5971153974533081,0.8202536106109619,0.31795695424079895,0.5162376165390015,0.8288015127182007,0.19241420924663544,0.6259008646011353,0.8565523028373718,0.17958134412765503,0.493225634098053,0.8585157990455627,0.038413625210523605
105,draw_x,a06_s10_e02,0.5659717917442322,0.23443399369716644,-0.36531612277030945,0.570574939250946,0.2215232402086258,-0.3424699902534485,0.5739986896514893,0.2219250649213791,-0.34241726994514465,0.5775855779647827,0.2222866714000702,-0.34236863255500793,0.5601697564125061,0.2202107012271881,-0.35172373056411743,0.5553551912307739,0.21988289058208466,-0.35176733136177063,0.5504129528999329,0.21984824538230896,-0.35184377431869507,0.5801923274993896,0.22925420105457306,-0.19489440321922302,0.541003406047821,0.2266368418931961,-0.2390134036540985,0.5699900388717651,0.25093576312065125,-0.30833542346954346,0.5556095838546753,0.2498965561389923,-0.32149800658226013,0.6040207147598267,0.3201533555984497,-0.07050430029630661,0.510315477848053,0.3072414994239807,-0.22681120038032532,0.6216163635253906,0.4318315088748932,-0.014809256419539452,0.5408561825752258,0.38057783246040344,-0.324924111366272,0.6287835836410522,0.5337108969688416,-0.09246660768985748,0.6097021102905273,0.4147184193134308,-0.4471704959869385,0.630192756652832,0.5607149600982666,-0.11724109947681427,0.6234925389289856,0.43111923336982727,-0.49399328231811523,0.6266187429428101,0.55788254737854,-0.1519388109445572,0.6305139064788818,0.42571908235549927,-0.5033122301101685,0.6238514184951782,0.5488414168357849,-0.1080034002661705,0.6262843608856201,0.4223242402076721,-0.45231515169143677,0.5856144428253174,0.5227360129356384,0.03703036159276962,0.5254056453704834,0.5213555693626404,-0.037122927606105804,0.5956594347953796,0.6741039156913757,0.08323699980974197,0.5151557326316833,0.6783240437507629,-0.01491471379995346,0.6033083200454712,0.8030211329460144,0.30294734239578247,0.508827269077301,0.8129081130027771,0.18277201056480408,0.5971197485923767,0.8202726244926453,0.31588491797447205,0.5162385702133179,0.8286961913108826,0.19414208829402924,0.6259064078330994,0.856557309627533,0.1763787418603897,0.49324697256088257,0.8585067987442017,0.040111981332302094
106,draw_x,a06_s10_e02,0.5662045478820801,0.23440168797969818,-0.3649258017539978,0.5707556009292603,0.221487894654274,-0.34198546409606934,0.5742939710617065,0.22189337015151978,-0.3419344127178192,0.5778194069862366,0.2222527116537094,-0.3418846130371094,0.5603553056716919,0.2201593816280365,-0.35139697790145874,0.555536150932312,0.21983525156974792,-0.3514416515827179,0.5505693554878235,0.2197999358177185,-0.3515205383300781,0.5803351402282715,0.22916510701179504,-0.1940223127603531,0.5410853028297424,0.22659915685653687,-0.23884399235248566,0.5701767802238464,0.2508980631828308,-0.3078058958053589,0.555825412273407,0.2498626857995987,-0.3211456537246704,0.6040631532669067,0.3201275169849396,-0.0687728151679039,0.5103181004524231,0.30729082226753235,-0.2287830412387848,0.6219140291213989,0.43193069100379944,-0.015496661886572838,0.5409899950027466,0.3810383975505829,-0.3262113630771637,0.6287567615509033,0.5336491465568542,-0.09785547107458115,0.6101335287094116,0.4153609871864319,-0.4492511749267578,0.6301827430725098,0.5607099533081055,-0.12372376024723053,0.6235309839248657,0.43094274401664734,-0.4965403974056244,0.6267165541648865,0.5579050183296204,-0.15846489369869232,0.6305344104766846,0.42516565322875977,-0.5054698586463928,0.6239218711853027,0.5488582253456116,-0.11362572759389877,0.6263059377670288,0.4218681752681732,-0.4541323184967041,0.585647702217102,0.5227361917495728,0.03723860904574394,0.5254000425338745,0.5213638544082642,-0.037331920117139816,0.595653235912323,0.6739538311958313,0.08814296126365662,0.515149712562561,0.6784308552742004,-0.015148582868278027,0.6033033728599548,0.8030494451522827,0.3087283968925476,0.5088509321212769,0.8129971623420715,0.18219977617263794,0.5971037149429321,0.8203520178794861,0.321819007396698,0.5163031816482544,0.8286952972412109,0.19349488615989685,0.6259101629257202,0.8565600514411926,0.1834484189748764,0.4932694435119629,0.8585637807846069,0.03906150907278061
107,draw_x,a06_s10_e02,0.5662918090820312,0.23437799513339996,-0.36245980858802795,0.570850133895874,0.22146140038967133,-0.3382073640823364,0.5744482278823853,0.221869558095932,-0.33815374970436096,0.5779482126235962,0.22222469747066498,-0.33811628818511963,0.5604405999183655,0.22012671828269958,-0.34838157892227173,0.5556178689002991,0.21980540454387665,-0.3484252393245697,0.5506394505500793,0.21976906061172485,-0.34844687581062317,0.5804365873336792,0.22913022339344025,-0.1865123212337494,0.5411341190338135,0.22658701241016388,-0.23236814141273499,0.5702477693557739,0.2508660554885864,-0.30285224318504333,0.5558938384056091,0.24982589483261108,-0.3171199560165405,0.6043410301208496,0.3202762305736542,-0.06370778381824493,0.5102699398994446,0.30727308988571167,-0.220109224319458,0.6219131350517273,0.43199628591537476,-0.013432157225906849,0.5401223301887512,0.38108593225479126,-0.31931206583976746,0.628780722618103,0.5335790514945984,-0.09805475920438766,0.6096853017807007,0.41489899158477783,-0.4425378441810608,0.6302362680435181,0.5607712864875793,-0.12490382045507431,0.6226305961608887,0.4313275218009949,-0.49037274718284607,0.6269359588623047,0.5579785108566284,-0.15946903824806213,0.6302201747894287,0.4247676134109497,-0.4984825551509857,0.6240987181663513,0.548900306224823,-0.11392645537853241,0.6259666681289673,0.42111191153526306,-0.44713789224624634,0.5856541395187378,0.5228456854820251,0.037212520837783813,0.5253990292549133,0.5214736461639404,-0.03730963543057442,0.5956485867500305,0.6738346219062805,0.08617878705263138,0.5151475667953491,0.678449809551239,-0.01535539049655199,0.6032947301864624,0.8030555248260498,0.3062051236629486,0.5088636875152588,0.8130022287368774,0.18113085627555847,0.5971019268035889,0.8203420639038086,0.31928718090057373,0.516340970993042,0.8286681771278381,0.19234833121299744,0.6258149147033691,0.8564438223838806,0.18058374524116516,0.4933198094367981,0.8585660457611084,0.03836504742503166
108,draw_x,a06_s10_e02,0.5663506984710693,0.23435598611831665,-0.3656008839607239,0.5709242224693298,0.22141700983047485,-0.3431638777256012,0.5745676755905151,0.22182521224021912,-0.3431154787540436,0.5780578255653381,0.22216981649398804,-0.3430706858634949,0.5604895353317261,0.2200903296470642,-0.35208860039711,0.555666446685791,0.2197732776403427,-0.3521382212638855,0.5506792068481445,0.21973466873168945,-0.35220271348953247,0.5805385708808899,0.22903196513652802,-0.19681943953037262,0.5411951541900635,0.2265164703130722,-0.23919245600700378,0.5703119039535522,0.25084179639816284,-0.30876457691192627,0.555972695350647,0.24981333315372467,-0.3215530812740326,0.6046251654624939,0.3203496038913727,-0.07584840059280396,0.5100818276405334,0.30738365650177,-0.2234736979007721,0.6219143867492676,0.43319690227508545,-0.02877195179462433,0.5399722456932068,0.3839336931705475,-0.3209412097930908,0.6287869215011597,0.5336395502090454,-0.12162713706493378,0.6077290773391724,0.41585394740104675,-0.4504409432411194,0.6302363872528076,0.5611503720283508,-0.15085065364837646,0.620957612991333,0.43102580308914185,-0.4982272684574127,0.6269152760505676,0.5582264065742493,-0.18508943915367126,0.6283568143844604,0.42421409487724304,-0.5073815584182739,0.6240772008895874,0.5490453839302063,-0.13742057979106903,0.6240187883377075,0.4206165075302124,-0.4555744230747223,0.5856603384017944,0.5228903889656067,0.03710819035768509,0.5253739356994629,0.5214899778366089,-0.03720672428607941,0.5956451892852783,0.6738209128379822,0.09141876548528671,0.5151615142822266,0.6784588694572449,-0.014541728422045708,0.6032729744911194,0.8030614256858826,0.3105681538581848,0.5088744163513184,0.813043475151062,0.18005095422267914,0.5970959663391113,0.8203471899032593,0.323596715927124,0.5163711309432983,0.8286659121513367,0.19089898467063904,0.6258040070533752,0.8563543558120728,0.1854495108127594,0.4933326840400696,0.8585710525512695,0.037195317447185516
109,draw_x,a06_s10_e02,0.5664902329444885,0.23432877659797668,-0.38130563497543335,0.5710167288780212,0.22139103710651398,-0.3595243990421295,0.5746819376945496,0.22179855406284332,-0.3594811260700226,0.5781490206718445,0.22213807702064514,-0.3594408929347992,0.5606219172477722,0.22008055448532104,-0.3681827187538147,0.5557990670204163,0.21976971626281738,-0.3682348132133484,0.5507967472076416,0.21973133087158203,-0.36830323934555054,0.5805870294570923,0.22902880609035492,-0.21239200234413147,0.5412575006484985,0.22651728987693787,-0.2544232904911041,0.5704124569892883,0.2508349120616913,-0.3240591883659363,0.5561535358428955,0.2498088777065277,-0.3366309106349945,0.6049667596817017,0.32035642862319946,-0.08948855102062225,0.5098676681518555,0.3078826367855072,-0.22783687710762024,0.621975302696228,0.4343973994255066,-0.04055260866880417,0.5377123355865479,0.3866434097290039,-0.3211773633956909,0.6286640167236328,0.5335989594459534,-0.13920985162258148,0.6060546636581421,0.41617509722709656,-0.45787668228149414,0.6301003098487854,0.5612572431564331,-0.16990923881530762,0.6208034157752991,0.4307400584220886,-0.5064522624015808,0.6266442537307739,0.5582735538482666,-0.2048136293888092,0.627090573310852,0.42424190044403076,-0.5150387287139893,0.6238235831260681,0.5490750074386597,-0.1551622748374939,0.6223673224449158,0.42043790221214294,-0.4631865620613098,0.585673987865448,0.5229089856147766,0.036431025713682175,0.5253706574440002,0.5215334296226501,-0.0365368016064167,0.5956416130065918,0.6738035082817078,0.0973544791340828,0.515182614326477,0.6784641146659851,-0.010403919965028763,0.6032713651657104,0.80298912525177,0.3287981152534485,0.5088839530944824,0.8130777478218079,0.1879921853542328,0.5971248745918274,0.8201550841331482,0.3431472182273865,0.516392171382904,0.8286669254302979,0.19950808584690094,0.6257792711257935,0.8563377261161804,0.2047133892774582,0.49337148666381836,0.8585730791091919,0.04468197748064995
110,draw_x,a06_s10_e02,0.566562831401825,0.23432354629039764,-0.3716893792152405,0.5710481405258179,0.221383199095726,-0.34994131326675415,0.5747098326683044,0.22179348766803741,-0.34989744424819946,0.5781761407852173,0.22213123738765717,-0.3498522937297821,0.560708224773407,0.22007633745670319,-0.3580724000930786,0.5559046268463135,0.21977096796035767,-0.3581227660179138,0.550905168056488,0.21973367035388947,-0.3581838011741638,0.5806190371513367,0.22902531921863556,-0.20327095687389374,0.5413660407066345,0.2265164703130722,-0.24349264800548553,0.5704611539840698,0.25082844495773315,-0.31470972299575806,0.5563036799430847,0.24981580674648285,-0.3267184793949127,0.6054206490516663,0.32038626074790955,-0.08440814912319183,0.509730875492096,0.30800408124923706,-0.21297986805438995,0.6215571761131287,0.4354216456413269,-0.037337809801101685,0.5320752859115601,0.3875873386859894,-0.30886310338974,0.6286561489105225,0.5335391163825989,-0.13796661794185638,0.5970088839530945,0.41745132207870483,-0.4621428847312927,0.6299776434898376,0.5613200068473816,-0.16906887292861938,0.6122720837593079,0.4331069886684418,-0.5122140645980835,0.6263270974159241,0.5582800507545471,-0.2042882889509201,0.6175332069396973,0.4266017973423004,-0.5263901352882385,0.6235877871513367,0.5490745902061462,-0.15383414924144745,0.6129392385482788,0.4219915568828583,-0.4703720211982727,0.5856603384017944,0.5229104161262512,0.03368477150797844,0.5252379775047302,0.5215854048728943,-0.033802710473537445,0.5956150889396667,0.6736608147621155,0.09392052888870239,0.5152120590209961,0.678114116191864,-0.010882208123803139,0.603266179561615,0.8029456734657288,0.31968027353286743,0.5088863372802734,0.8130804300308228,0.18004456162452698,0.5971255898475647,0.8200987577438354,0.3334844708442688,0.5164111852645874,0.8286383152008057,0.19025969505310059,0.6257087588310242,0.8562564253807068,0.19435635209083557,0.4933900237083435,0.8584957122802734,0.036411892622709274
111,draw_x,a06_s10_e02,0.5666373372077942,0.23428407311439514,-0.36820799112319946,0.5710698962211609,0.22136124968528748,-0.34803563356399536,0.574726939201355,0.22176283597946167,-0.3479979634284973,0.5781936645507812,0.22208578884601593,-0.34794309735298157,0.5607808232307434,0.22007232904434204,-0.35601240396499634,0.5559883117675781,0.21976761519908905,-0.35605567693710327,0.5509968400001526,0.2197311967611313,-0.35605332255363464,0.5806326270103455,0.22899755835533142,-0.20027072727680206,0.5414486527442932,0.2265157699584961,-0.24041242897510529,0.5705339312553406,0.2508184611797333,-0.3129686415195465,0.5564448833465576,0.24981500208377838,-0.3251465857028961,0.6054884195327759,0.3206838071346283,-0.07892666757106781,0.5097144842147827,0.3083401024341583,-0.2039724886417389,0.6203693747520447,0.435051828622818,-0.03170309588313103,0.5299572944641113,0.38810819387435913,-0.3010234236717224,0.6286526918411255,0.5335217714309692,-0.12686747312545776,0.5891790986061096,0.42338770627975464,-0.46113523840904236,0.6297694444656372,0.5614200830459595,-0.15624305605888367,0.6004270315170288,0.4457329511642456,-0.5101560950279236,0.6259589195251465,0.5584319233894348,-0.1917596161365509,0.6071168780326843,0.4375835657119751,-0.5239337682723999,0.623315691947937,0.5492127537727356,-0.14271290600299835,0.6043065786361694,0.4321446120738983,-0.4689585566520691,0.5856088399887085,0.5229479074478149,0.033325303345918655,0.5251911878585815,0.5217089653015137,-0.03344256430864334,0.5956100821495056,0.6735753417015076,0.09640936553478241,0.515309751033783,0.6778605580329895,-0.011592229828238487,0.6032653450965881,0.8029372096061707,0.30236321687698364,0.5088878273963928,0.8130975961685181,0.15601986646652222,0.5971393585205078,0.8200975656509399,0.31258219480514526,0.5163994431495667,0.8286376595497131,0.16379284858703613,0.6257158517837524,0.8562441468238831,0.1735583394765854,0.4934721887111664,0.8584871888160706,0.01016941387206316
112,draw_x,a06_s10_e02,0.5667139291763306,0.23426710069179535,-0.3677423596382141,0.571107029914856,0.2213478684425354,-0.3469735383987427,0.5747571587562561,0.22174495458602905,-0.34693509340286255,0.5782167911529541,0.2220613807439804,-0.3468922972679138,0.5608773827552795,0.22006531059741974,-0.3558308184146881,0.5560892820358276,0.21976180374622345,-0.3558753728866577,0.5510883927345276,0.2197224199771881,-0.35589462518692017,0.5806454420089722,0.22897711396217346,-0.20086391270160675,0.5415592193603516,0.2264971286058426,-0.24483636021614075,0.570601761341095,0.250812292098999,-0.31161707639694214,0.5565271973609924,0.24981646239757538,-0.324607253074646,0.6055503487586975,0.32122674584388733,-0.08037429302930832,0.5096091032028198,0.3084534704685211,-0.20501753687858582,0.62043297290802,0.43369027972221375,-0.03115319088101387,0.5275560617446899,0.3891468644142151,-0.2967900335788727,0.6289910674095154,0.5325129628181458,-0.13049004971981049,0.5762243866920471,0.4345158040523529,-0.4526064991950989,0.62979656457901,0.5612376928329468,-0.15977446734905243,0.5862634181976318,0.45901551842689514,-0.5009921789169312,0.6259382367134094,0.5584005117416382,-0.19758041203022003,0.5925389528274536,0.44689860939979553,-0.5161221027374268,0.6233111619949341,0.5491909384727478,-0.14737017452716827,0.5906946063041687,0.4420805871486664,-0.4609307646751404,0.5856099128723145,0.5227634310722351,0.033202070742845535,0.525178074836731,0.5217594504356384,-0.03331423178315163,0.595615029335022,0.6735314130783081,0.09942596405744553,0.5154268145561218,0.6777061820030212,-0.011780811473727226,0.603257417678833,0.802830159664154,0.29554295539855957,0.5088852643966675,0.8130918741226196,0.1521269679069519,0.5971407294273376,0.8199717402458191,0.30510956048965454,0.5163973569869995,0.8286074995994568,0.15958502888679504,0.6257185339927673,0.8561751842498779,0.16673031449317932,0.49336427450180054,0.8584384918212891,0.0066965920850634575
113,draw_x,a06_s10_e02,0.5667179822921753,0.23428542912006378,-0.36693450808525085,0.571112334728241,0.2213769257068634,-0.3457261025905609,0.5747460126876831,0.22176003456115723,-0.34569278359413147,0.5782106518745422,0.22207121551036835,-0.34565773606300354,0.5608845353126526,0.22013719379901886,-0.3548520803451538,0.5560987591743469,0.2198513299226761,-0.3548990488052368,0.5511115789413452,0.2198086380958557,-0.3549170196056366,0.580639660358429,0.2290152758359909,-0.19928590953350067,0.5416079759597778,0.22656594216823578,-0.2441088855266571,0.5706080198287964,0.25084832310676575,-0.3103684186935425,0.5565314888954163,0.24988803267478943,-0.32360121607780457,0.6056991219520569,0.32263803482055664,-0.07983555644750595,0.5092810392379761,0.3092140853404999,-0.20354504883289337,0.6205450892448425,0.4327312409877777,-0.0322759672999382,0.5239319801330566,0.390145480632782,-0.2905579209327698,0.6301295161247253,0.531570315361023,-0.13870854675769806,0.5625202059745789,0.43813905119895935,-0.4559149146080017,0.6302875876426697,0.5607938766479492,-0.16851165890693665,0.570792555809021,0.46690377593040466,-0.5039604902267456,0.6260949373245239,0.5582640767097473,-0.20775341987609863,0.5768844485282898,0.456002414226532,-0.5219495892524719,0.623466968536377,0.5490741729736328,-0.1563001275062561,0.5759718418121338,0.4490297734737396,-0.4620441794395447,0.5856329202651978,0.5224654674530029,0.03268612176179886,0.5252344012260437,0.5217939615249634,-0.03279086574912071,0.5956099629402161,0.6732809543609619,0.09845694154500961,0.5155559182167053,0.6774654388427734,-0.0104476073756814,0.6032407283782959,0.8025199770927429,0.27535751461982727,0.508886456489563,0.8129259347915649,0.15748992562294006,0.5971394181251526,0.819767415523529,0.2840471863746643,0.5163845419883728,0.8283072113990784,0.16568386554718018,0.6257280111312866,0.8559927344322205,0.14528103172779083,0.49352726340293884,0.8580858111381531,0.012853583320975304
114,draw_x,a06_s10_e02,0.5666364431381226,0.23434926569461823,-0.3679456412792206,0.5710505843162537,0.22148790955543518,-0.34717339277267456,0.5745702385902405,0.22184675931930542,-0.34714603424072266,0.5780847072601318,0.2221536934375763,-0.3471204936504364,0.5608474016189575,0.22030410170555115,-0.3560728430747986,0.5560730695724487,0.22002249956130981,-0.3561103343963623,0.5511075258255005,0.21997925639152527,-0.3561263680458069,0.580588698387146,0.22914628684520721,-0.20388075709342957,0.5416269898414612,0.22670552134513855,-0.2468189299106598,0.57054603099823,0.25093117356300354,-0.3121838867664337,0.5564572811126709,0.2499808669090271,-0.32490089535713196,0.606107771396637,0.32344192266464233,-0.0832376629114151,0.5088310241699219,0.309808611869812,-0.200227290391922,0.6206992864608765,0.43175914883613586,-0.031138170510530472,0.5168572068214417,0.3949577510356903,-0.2500665783882141,0.6306158304214478,0.5289930105209351,-0.1381397694349289,0.5549332499504089,0.4586329460144043,-0.3897072672843933,0.6308474540710449,0.5596502423286438,-0.16871188580989838,0.5603264570236206,0.4843077063560486,-0.43619710206985474,0.6262984871864319,0.5575122833251953,-0.20919819176197052,0.5663884282112122,0.4764629602432251,-0.4554869532585144,0.6236129999160767,0.548266589641571,-0.1563214510679245,0.5666387677192688,0.4694449305534363,-0.39877086877822876,0.5855129957199097,0.5221396684646606,0.030599158257246017,0.5252319574356079,0.5216100215911865,-0.03068351186811924,0.5956150889396667,0.6730029582977295,0.08707936853170395,0.5155857801437378,0.6774018406867981,-0.008905547671020031,0.6032430529594421,0.802413284778595,0.2550569176673889,0.5088732838630676,0.8129234910011292,0.1586270034313202,0.5971542596817017,0.8197020292282104,0.26297029852867126,0.5163557529449463,0.8282646536827087,0.16645291447639465,0.6257233023643494,0.8558791875839233,0.12375179678201675,0.4935581088066101,0.8578956127166748,0.014878776855766773
115,draw_x,a06_s10_e02,0.5664917826652527,0.23434528708457947,-0.3646268844604492,0.570976972579956,0.22151564061641693,-0.34526997804641724,0.5744087100028992,0.22186554968357086,-0.3452591598033905,0.5779727101325989,0.22216938436031342,-0.3452466130256653,0.5607313513755798,0.2203654646873474,-0.35236144065856934,0.555942714214325,0.22008343040943146,-0.3523816764354706,0.5510364174842834,0.22005729377269745,-0.3523710370063782,0.5805529356002808,0.22918231785297394,-0.20179077982902527,0.5416178107261658,0.22677093744277954,-0.2452048510313034,0.5705046057701111,0.2509327530860901,-0.31207674741744995,0.5563287734985352,0.2499915063381195,-0.32220667600631714,0.6064127087593079,0.3239555358886719,-0.08317730575799942,0.5081390142440796,0.3108658194541931,-0.18260535597801208,0.6208218336105347,0.4313996732234955,-0.030759666115045547,0.5107662081718445,0.4013746380805969,-0.22322741150856018,0.6311060190200806,0.5277017951011658,-0.13374808430671692,0.5415748953819275,0.46777328848838806,-0.37112754583358765,0.6314247846603394,0.5589044690132141,-0.1634799987077713,0.5469754934310913,0.496788889169693,-0.4167875647544861,0.626895010471344,0.556873083114624,-0.20339222252368927,0.5550132989883423,0.49021002650260925,-0.43712902069091797,0.6241790056228638,0.5476540923118591,-0.15159165859222412,0.5558076500892639,0.4827696979045868,-0.3810591697692871,0.5855172872543335,0.5221313834190369,0.027138736099004745,0.5253021121025085,0.5216524004936218,-0.027218040078878403,0.5956408977508545,0.6729981303215027,0.08084628731012344,0.515679657459259,0.6773464679718018,-0.007073748856782913,0.6032426953315735,0.8021822571754456,0.24121518433094025,0.5088742971420288,0.8129627704620361,0.15365070104599,0.5971444845199585,0.8195838332176208,0.24801817536354065,0.5163521766662598,0.8282756805419922,0.16013622283935547,0.6257185339927673,0.8558000326156616,0.10978630930185318,0.49355974793434143,0.8574494123458862,0.011143253184854984
116,draw_x,a06_s10_e02,0.5664999485015869,0.23434336483478546,-0.3473464846611023,0.5709725618362427,0.22151638567447662,-0.32727256417274475,0.5743824243545532,0.22186382114887238,-0.32726603746414185,0.5779417753219604,0.22216026484966278,-0.3272576630115509,0.5607329607009888,0.22039607167243958,-0.3339728116989136,0.5559436082839966,0.22013241052627563,-0.3339851498603821,0.5510442852973938,0.22011922299861908,-0.3339700400829315,0.5804957747459412,0.2291542887687683,-0.19045528769493103,0.5416226387023926,0.22685299813747406,-0.22541305422782898,0.5705240368843079,0.2509390115737915,-0.29543983936309814,0.5564298629760742,0.2500254809856415,-0.3049556612968445,0.6067337989807129,0.32406434416770935,-0.08063917607069016,0.5077136754989624,0.3121723532676697,-0.15750961005687714,0.6208397150039673,0.4310325086116791,-0.02455909363925457,0.5051828622817993,0.40800192952156067,-0.1857406497001648,0.6315310597419739,0.526513934135437,-0.1323457807302475,0.5284496545791626,0.48106157779693604,-0.3359431326389313,0.6319898366928101,0.5580385327339172,-0.16307498514652252,0.5315453410148621,0.5120799541473389,-0.38184961676597595,0.6273790001869202,0.5559865236282349,-0.20494809746742249,0.5385562181472778,0.5065872073173523,-0.405048668384552,0.6245477199554443,0.5469014644622803,-0.15093542635440826,0.5392102003097534,0.4964839518070221,-0.34745684266090393,0.5860387682914734,0.5221236348152161,0.023643992841243744,0.5265517234802246,0.521760880947113,-0.0236763097345829,0.5957444906234741,0.6731067299842834,0.06496702134609222,0.5156866908073425,0.6773472428321838,-0.00711971428245306,0.6032423377037048,0.8020279407501221,0.22307202219963074,0.5088824033737183,0.813233494758606,0.14546629786491394,0.5971032381057739,0.8194311261177063,0.2294677495956421,0.5163827538490295,0.8284394145011902,0.1511426568031311,0.625724732875824,0.8557717800140381,0.0901435986161232,0.4928816258907318,0.8573691248893738,0.002901209983974695
117,draw_x,a06_s10_e02,0.5665144920349121,0.23429274559020996,-0.3353375196456909,0.5709676742553711,0.22143930196762085,-0.3142976462841034,0.5743656754493713,0.22175972163677216,-0.31429725885391235,0.577921986579895,0.22202160954475403,-0.314286470413208,0.5607339143753052,0.2203768789768219,-0.3204050362110138,0.5559426546096802,0.2201268970966339,-0.3204174339771271,0.5510458946228027,0.22011855244636536,-0.320402055978775,0.5804364681243896,0.22893716394901276,-0.17702725529670715,0.5416139364242554,0.22685423493385315,-0.20757043361663818,0.570551872253418,0.25093451142311096,-0.2830426096916199,0.5565182566642761,0.25003692507743835,-0.2918657660484314,0.6070592403411865,0.32406577467918396,-0.07184957712888718,0.5073457956314087,0.31332042813301086,-0.13777592778205872,0.6208523511886597,0.43051740527153015,-0.016771666705608368,0.5004481673240662,0.41057416796684265,-0.165418341755867,0.6321720480918884,0.526051938533783,-0.13301444053649902,0.5170841813087463,0.48701196908950806,-0.3316688537597656,0.6327503323554993,0.5576065182685852,-0.16546180844306946,0.5160003900527954,0.517952024936676,-0.3800108730792999,0.6277042031288147,0.5555434823036194,-0.20906369388103485,0.5236510634422302,0.5141150951385498,-0.4049728810787201,0.6248382925987244,0.5465248823165894,-0.1526247262954712,0.5255904197692871,0.5035567879676819,-0.34467655420303345,0.5865859985351562,0.5223019123077393,0.021047987043857574,0.527454137802124,0.5219066739082336,-0.02106790617108345,0.5958422422409058,0.6736190915107727,0.05352342128753662,0.5156461000442505,0.677583634853363,-0.0075774588622152805,0.603244423866272,0.8020036220550537,0.23217694461345673,0.5087400078773499,0.8131210803985596,0.15097349882125854,0.5971017479896545,0.8193938136100769,0.24066659808158875,0.5162485241889954,0.8282378911972046,0.15642715990543365,0.6256720423698425,0.8557014465332031,0.10062557458877563,0.4925575256347656,0.8574255704879761,0.011719542555510998
118,draw_x,a06_s10_e02,0.5664805173873901,0.2342689037322998,-0.33135852217674255,0.5708674192428589,0.22139473259449005,-0.31047219038009644,0.5741890072822571,0.22169335186481476,-0.3104707598686218,0.5777592062950134,0.22193321585655212,-0.31045427918434143,0.5606800317764282,0.22036856412887573,-0.31633487343788147,0.5558832287788391,0.2201247662305832,-0.31635582447052,0.5510095357894897,0.22011874616146088,-0.31634509563446045,0.5802496671676636,0.22879153490066528,-0.17431947588920593,0.541563868522644,0.22685416042804718,-0.20356214046478271,0.5705444812774658,0.25093361735343933,-0.2794552445411682,0.5565205812454224,0.2500453591346741,-0.2879924178123474,0.6071685552597046,0.3240499794483185,-0.06879134476184845,0.5070534944534302,0.31375735998153687,-0.13169093430042267,0.6208662390708923,0.4294075667858124,-0.007357192691415548,0.49460500478744507,0.4098149538040161,-0.13146260380744934,0.632538378238678,0.5252384543418884,-0.1260802298784256,0.5061489343643188,0.49008801579475403,-0.2682705521583557,0.6331977248191833,0.5569426417350769,-0.15729814767837524,0.5042787194252014,0.5219084024429321,-0.3115430474281311,0.6279646158218384,0.554897665977478,-0.20792317390441895,0.5114410519599915,0.5193393230438232,-0.33874204754829407,0.625133752822876,0.5459566116333008,-0.14772704243659973,0.5147770643234253,0.5096009373664856,-0.2816266119480133,0.5868737101554871,0.5223152041435242,0.019786858931183815,0.5278807878494263,0.521844208240509,-0.0198137816041708,0.5959908962249756,0.6739661693572998,0.0563664510846138,0.515576958656311,0.6778457164764404,-0.013535899110138416,0.6032447814941406,0.8024440407752991,0.23160520195960999,0.5087119340896606,0.8131542205810547,0.13952049612998962,0.5971033573150635,0.819666862487793,0.23968271911144257,0.5161193609237671,0.8282845616340637,0.14495588839054108,0.6256679892539978,0.8557013869285583,0.09912879765033722,0.49254876375198364,0.8577239513397217,-0.003570766653865576
119,draw_x,a06_s10_e02,0.5663930177688599,0.2342727929353714,-0.33672159910202026,0.5707151293754578,0.22137907147407532,-0.31584063172340393,0.5739890933036804,0.22166554629802704,-0.3158334791660309,0.5775691270828247,0.22188983857631683,-0.31581416726112366,0.5605453252792358,0.22036759555339813,-0.32213735580444336,0.5557231903076172,0.22012534737586975,-0.3221616744995117,0.5508643388748169,0.22012118995189667,-0.32215985655784607,0.5800679326057434,0.2287125140428543,-0.17599104344844818,0.5414369106292725,0.22685527801513672,-0.2100803107023239,0.5705012083053589,0.2509811222553253,-0.2840363681316376,0.5565081834793091,0.2501280605792999,-0.2934620976448059,0.6072069406509399,0.3239644467830658,-0.07377881556749344,0.5067306756973267,0.3145177960395813,-0.13899561762809753,0.6208747625350952,0.4286022484302521,-0.010434486903250217,0.4921472668647766,0.4137411117553711,-0.12622599303722382,0.6329705119132996,0.5238847136497498,-0.1279032975435257,0.4981147348880768,0.4982728362083435,-0.24735650420188904,0.6337934732437134,0.5560303330421448,-0.15851227939128876,0.495189905166626,0.531044602394104,-0.2876494228839874,0.6285192966461182,0.5541053414344788,-0.2064543515443802,0.5021522045135498,0.5281039476394653,-0.317798912525177,0.6257362365722656,0.545210599899292,-0.14929911494255066,0.5059109330177307,0.5188247561454773,-0.26165029406547546,0.5870019197463989,0.5224490165710449,0.01973629556596279,0.5281009674072266,0.5219032764434814,-0.01976621523499489,0.5963674783706665,0.6743292212486267,0.05848634988069534,0.5154341459274292,0.6791773438453674,-0.01681872084736824,0.6032449007034302,0.8035237193107605,0.22645345330238342,0.5087404847145081,0.813488781452179,0.13199999928474426,0.5970991253852844,0.820626437664032,0.2337189018726349,0.516136884689331,0.8284338712692261,0.13705416023731232,0.6260309219360352,0.8558266758918762,0.0945342555642128,0.49268245697021484,0.8578413724899292,-0.011515111662447453
120,draw_x,a06_s10_e02,0.5662333965301514,0.2343233972787857,-0.36059263348579407,0.5705127120018005,0.22138719260692596,-0.34098029136657715,0.573738694190979,0.22166480123996735,-0.34098345041275024,0.5773296356201172,0.22188600897789001,-0.3409734070301056,0.5603352189064026,0.22040176391601562,-0.34609419107437134,0.5554757714271545,0.22016189992427826,-0.3461220860481262,0.5506419539451599,0.22016263008117676,-0.34611374139785767,0.5798517465591431,0.22869345545768738,-0.20747479796409607,0.5412251949310303,0.22687172889709473,-0.23336485028266907,0.5704039931297302,0.2510642409324646,-0.3096337914466858,0.556383490562439,0.2502731382846832,-0.3170507550239563,0.6072335839271545,0.3238433003425598,-0.09859852492809296,0.5063458681106567,0.31559115648269653,-0.15116268396377563,0.6208807229995728,0.42769166827201843,-0.026637863367795944,0.4912583827972412,0.4173474609851837,-0.11977782100439072,0.6333708167076111,0.5224918723106384,-0.14002028107643127,0.49174898862838745,0.5084776282310486,-0.2148042917251587,0.6344013810157776,0.5549822449684143,-0.16909459233283997,0.4868637025356293,0.5403682589530945,-0.2508683502674103,0.6294211149215698,0.553182065486908,-0.21560823917388916,0.4921163022518158,0.5381990075111389,-0.28550082445144653,0.6265801191329956,0.5443819165229797,-0.1609455943107605,0.49576640129089355,0.5308000445365906,-0.23045019805431366,0.5869706273078918,0.5223929286003113,0.01922762207686901,0.5280141830444336,0.5219066739082336,-0.019269049167633057,0.5966554880142212,0.6743418574333191,0.054681770503520966,0.5154263377189636,0.6795747876167297,-0.0165051631629467,0.6032477021217346,0.8044635057449341,0.21818900108337402,0.5087965726852417,0.8133904933929443,0.13794250786304474,0.5971031785011292,0.8216745853424072,0.225093811750412,0.5161380767822266,0.8280931711196899,0.14383164048194885,0.6261647343635559,0.8558977842330933,0.08380400389432907,0.49385756254196167,0.8577741384506226,-0.005420255474746227
121,draw_x,a06_s10_e02,0.5661566853523254,0.23435702919960022,-0.4018183648586273,0.5703893899917603,0.22138744592666626,-0.3820131719112396,0.573614776134491,0.221661776304245,-0.38200706243515015,0.5772060751914978,0.22188058495521545,-0.3820013403892517,0.5602138042449951,0.2204156219959259,-0.3875853419303894,0.5553284883499146,0.22017748653888702,-0.3876325488090515,0.5505096912384033,0.2201797515153885,-0.38762232661247253,0.579687774181366,0.2286478579044342,-0.24413926899433136,0.5410078763961792,0.22689518332481384,-0.27188462018966675,0.5703400373458862,0.2511298954486847,-0.3488699793815613,0.5563158988952637,0.25041663646698,-0.3569139838218689,0.607239842414856,0.32377615571022034,-0.12636950612068176,0.5060052871704102,0.3170180916786194,-0.1795901358127594,0.6208920478820801,0.4272243082523346,-0.04926549643278122,0.4900952875614166,0.4198663532733917,-0.14141228795051575,0.633851945400238,0.5216870307922363,-0.15972571074962616,0.4877866208553314,0.5128516554832458,-0.23583821952342987,0.6349570155143738,0.5544630885124207,-0.18832740187644958,0.48110705614089966,0.5460168719291687,-0.27165836095809937,0.63007652759552,0.5527554750442505,-0.2348645031452179,0.48582592606544495,0.5452444553375244,-0.30748218297958374,0.6271721124649048,0.543967604637146,-0.18048882484436035,0.48995885252952576,0.5374285578727722,-0.2518663704395294,0.5869406461715698,0.5221534967422485,0.01967807486653328,0.5279845595359802,0.5219112038612366,-0.019731920212507248,0.5968382358551025,0.6743459701538086,0.05669029429554939,0.5154279470443726,0.6801856160163879,-0.016363857313990593,0.6032475233078003,0.8050386905670166,0.2259272336959839,0.5088064670562744,0.8133596777915955,0.14019665122032166,0.5971032977104187,0.8223367929458618,0.23344476521015167,0.5159906148910522,0.8279047608375549,0.1467115730047226,0.6263335943222046,0.8559665679931641,0.09114901721477509,0.49481239914894104,0.8576999306678772,-0.0021274862810969353
122,draw_x,a06_s10_e02,0.5661006569862366,0.23443381488323212,-0.4192351698875427,0.5702724456787109,0.22139562666416168,-0.3994118273258209,0.5734990835189819,0.2216610461473465,-0.3994051218032837,0.5770859718322754,0.2218773514032364,-0.3994022607803345,0.5601131319999695,0.22044436633586884,-0.4048824906349182,0.5552096962928772,0.22020837664604187,-0.4049358367919922,0.5504017472267151,0.22021058201789856,-0.4049258232116699,0.5795078873634338,0.22857138514518738,-0.260271817445755,0.5408191680908203,0.22692222893238068,-0.2874809205532074,0.5702921152114868,0.2512413561344147,-0.36567825078964233,0.5562803149223328,0.25061312317848206,-0.3736044764518738,0.6072410941123962,0.3236950933933258,-0.1422303318977356,0.5056727528572083,0.31832101941108704,-0.191889226436615,0.6209067702293396,0.42684441804885864,-0.06573580205440521,0.4892171025276184,0.4215831458568573,-0.14694759249687195,0.6341935992240906,0.5212092399597168,-0.1762554794549942,0.4851527810096741,0.5157486796379089,-0.2417406588792801,0.6352852582931519,0.5541816353797913,-0.2054164856672287,0.4760955274105072,0.5487080812454224,-0.2773765027523041,0.6304322481155396,0.5525611042976379,-0.2515237331390381,0.4815302789211273,0.5483264327049255,-0.3143680691719055,0.6275084614753723,0.5437620282173157,-0.19678780436515808,0.48620930314064026,0.5400826334953308,-0.2582843601703644,0.5869300961494446,0.5220469832420349,0.01897440478205681,0.5279727578163147,0.5219206213951111,-0.01904509775340557,0.5969469547271729,0.6743570566177368,0.052895475178956985,0.5154327750205994,0.6804218292236328,-0.01394660770893097,0.603248655796051,0.8052036166191101,0.22833719849586487,0.508812665939331,0.8130954504013062,0.15409702062606812,0.5971053838729858,0.8226245045661926,0.23644495010375977,0.5159208178520203,0.8272877335548401,0.16139444708824158,0.626375138759613,0.8560104966163635,0.0932011529803276,0.49526089429855347,0.8576991558074951,0.009838242083787918
123,draw_x,a06_s10_e02,0.5660327672958374,0.23449963331222534,-0.41487640142440796,0.5701512098312378,0.22140103578567505,-0.39546021819114685,0.5733872056007385,0.221660777926445,-0.3954552412033081,0.5769686102867126,0.22187398374080658,-0.39545100927352905,0.5599808096885681,0.22045542299747467,-0.4006931781768799,0.5550628900527954,0.22021891176700592,-0.40074244141578674,0.5502694249153137,0.2202211171388626,-0.40073537826538086,0.5793517827987671,0.22852560877799988,-0.25780370831489563,0.5406387448310852,0.226932555437088,-0.2838698923587799,0.5702376365661621,0.2513173222541809,-0.36173442006111145,0.5562306642532349,0.25075235962867737,-0.3693375587463379,0.6072369813919067,0.3236193060874939,-0.14114078879356384,0.5055464506149292,0.31884023547172546,-0.1904674470424652,0.6209149956703186,0.42647355794906616,-0.06624861806631088,0.4882722795009613,0.4214329123497009,-0.14360688626766205,0.6344579458236694,0.5209434628486633,-0.1763964295387268,0.4832630753517151,0.5166475176811218,-0.23691371083259583,0.6355375051498413,0.5539188981056213,-0.2053634375333786,0.4733339250087738,0.550291121006012,-0.2721536159515381,0.6307059526443481,0.5523406863212585,-0.2512494921684265,0.4793725609779358,0.5503970384597778,-0.3092619776725769,0.6277692914009094,0.5435402393341064,-0.19682176411151886,0.48440632224082947,0.5418102145195007,-0.2535495162010193,0.5868937373161316,0.5220164060592651,0.018367137759923935,0.5278816819190979,0.5219305753707886,-0.018447447568178177,0.5970133543014526,0.674424409866333,0.054002463817596436,0.5154311656951904,0.6804904341697693,-0.011888990178704262,0.6032503247261047,0.8051859736442566,0.23127512633800507,0.5088129043579102,0.8127966523170471,0.1583845019340515,0.5971051454544067,0.8226197361946106,0.2396029233932495,0.5158577561378479,0.8267181515693665,0.16584476828575134,0.6264340281486511,0.8561148047447205,0.09716840088367462,0.49544471502304077,0.8576402068138123,0.014888483099639416
124,draw_x,a06_s10_e02,0.5659421682357788,0.23450762033462524,-0.419656366109848,0.5699979662895203,0.2213897705078125,-0.4003657400608063,0.5732454657554626,0.22163480520248413,-0.40035805106163025,0.5768409967422485,0.22182637453079224,-0.4003514349460602,0.5598066449165344,0.22045986354351044,-0.4054931104183197,0.5549014806747437,0.22023329138755798,-0.40554508566856384,0.5501077175140381,0.22024983167648315,-0.40553516149520874,0.5791966319084167,0.2284269481897354,-0.26289063692092896,0.540469229221344,0.22696684300899506,-0.2885538935661316,0.5701810121536255,0.2513381242752075,-0.3665928244590759,0.5561802387237549,0.25083938241004944,-0.37406307458877563,0.6072373390197754,0.3235965967178345,-0.1451660841703415,0.5053626298904419,0.3190436363220215,-0.19341936707496643,0.6209215521812439,0.42625030875205994,-0.06811798363924026,0.4879259169101715,0.4226619005203247,-0.14573761820793152,0.6346374750137329,0.5207474231719971,-0.17589983344078064,0.48199033737182617,0.5177987217903137,-0.2392168790102005,0.6357257962226868,0.5536701083183289,-0.20432937145233154,0.47160738706588745,0.5506275296211243,-0.2742965519428253,0.6309101581573486,0.552088737487793,-0.2499939501285553,0.477034330368042,0.5509985089302063,-0.3114504814147949,0.6279712915420532,0.5432881116867065,-0.19615255296230316,0.4822748303413391,0.5425142049789429,-0.2558494210243225,0.5868342518806458,0.5218504071235657,0.017993193119764328,0.5277982354164124,0.5218693614006042,-0.01808425411581993,0.5970131754875183,0.6744111180305481,0.054346513003110886,0.5154319405555725,0.6804214119911194,-0.010540414601564407,0.6032521724700928,0.8051695227622986,0.23205974698066711,0.5087701082229614,0.812418520450592,0.15983042120933533,0.5971042513847351,0.8226048946380615,0.24047520756721497,0.515572190284729,0.8263403177261353,0.16730083525180817,0.6264529824256897,0.8561870455741882,0.0980633944272995,0.49568480253219604,0.8575809597969055,0.01630154438316822
125,draw_x,a06_s10_e02,0.565769374370575,0.23454545438289642,-0.4351816177368164,0.5697892904281616,0.22139498591423035,-0.4158708453178406,0.5730082392692566,0.22163434326648712,-0.41585880517959595,0.5766429305076599,0.2218225598335266,-0.4158528447151184,0.559589684009552,0.22048646211624146,-0.42085105180740356,0.5547186136245728,0.220268115401268,-0.42091232538223267,0.54994136095047,0.2202979177236557,-0.42090192437171936,0.5790225863456726,0.22841016948223114,-0.27708545327186584,0.5403183698654175,0.22702504694461823,-0.30233684182167053,0.5700567364692688,0.2514175474643707,-0.38159802556037903,0.5560554265975952,0.2509750425815582,-0.38894522190093994,0.6072391271591187,0.3235827386379242,-0.1561051309108734,0.5051994919776917,0.31938493251800537,-0.20435476303100586,0.6209267377853394,0.4261130094528198,-0.07737457007169724,0.4875229299068451,0.4240485727787018,-0.15396122634410858,0.6347706317901611,0.5207439661026001,-0.1835853010416031,0.4808972477912903,0.5192885994911194,-0.2505730986595154,0.635818600654602,0.553572416305542,-0.21177873015403748,0.47018179297447205,0.5512003302574158,-0.2861194312572479,0.6310173273086548,0.5519497990608215,-0.2575269341468811,0.47610124945640564,0.5518052577972412,-0.3224560618400574,0.6280913352966309,0.5431442856788635,-0.2037755697965622,0.4813116192817688,0.5433175563812256,-0.2668096423149109,0.5868207216262817,0.5217876434326172,0.017922531813383102,0.5277873277664185,0.5217553377151489,-0.018022773787379265,0.5970132946968079,0.6744086742401123,0.05542027950286865,0.5154314041137695,0.6803805828094482,-0.009928007610142231,0.6032557487487793,0.8051620125770569,0.23513905704021454,0.5087156295776367,0.8122804760932922,0.16040727496147156,0.5971085429191589,0.8225917816162109,0.2441340684890747,0.5153790712356567,0.8262019753456116,0.1679074466228485,0.6265056133270264,0.8562292456626892,0.10144231468439102,0.4957188069820404,0.857574462890625,0.016573769971728325
126,draw_x,a06_s10_e02,0.5656028985977173,0.23459073901176453,-0.4282289445400238,0.5695854425430298,0.22140084207057953,-0.40930789709091187,0.5727829933166504,0.2216341495513916,-0.40929555892944336,0.5764623880386353,0.221819207072258,-0.4092891216278076,0.5593713521957397,0.22052380442619324,-0.4141630232334137,0.5545336008071899,0.22032016515731812,-0.41422003507614136,0.5497784614562988,0.22037196159362793,-0.4142080247402191,0.5788741111755371,0.22839608788490295,-0.27230221033096313,0.5402191877365112,0.2271219789981842,-0.29689913988113403,0.5699334144592285,0.25149083137512207,-0.3752320408821106,0.5559287667274475,0.2511235177516937,-0.3823964297771454,0.6072391271591187,0.3235711455345154,-0.15272288024425507,0.5051141977310181,0.31963449716567993,-0.20124824345111847,0.6209337115287781,0.42591407895088196,-0.07382288575172424,0.4875299334526062,0.4252694845199585,-0.15208223462104797,0.6349087357521057,0.5205932259559631,-0.17809858918190002,0.47967085242271423,0.5203143358230591,-0.2440987527370453,0.635924220085144,0.553338885307312,-0.20593103766441345,0.46934542059898376,0.5516743063926697,-0.2786334753036499,0.6311485171318054,0.5516691207885742,-0.25130495429039,0.4755421578884125,0.5523603558540344,-0.31529754400253296,0.628234326839447,0.5428741574287415,-0.1981116235256195,0.4806290566921234,0.5438553690910339,-0.2604287564754486,0.5868088006973267,0.521708071231842,0.017862534150481224,0.5277684330940247,0.5216709971427917,-0.01796877197921276,0.5970240235328674,0.6743799448013306,0.055773455649614334,0.51543128490448,0.6803047060966492,-0.009322705678641796,0.6032560467720032,0.8051502108573914,0.23389431834220886,0.5086745619773865,0.8122444152832031,0.15990667045116425,0.5971031785011292,0.8225792050361633,0.24255946278572083,0.5153061151504517,0.8261672854423523,0.16731831431388855,0.62662672996521,0.8562517762184143,0.10087869316339493,0.4957083761692047,0.8575860857963562,0.016287624835968018
127,draw_x,a06_s10_e02,0.5654696226119995,0.23459775745868683,-0.43032723665237427,0.5694301724433899,0.22139880061149597,-0.4114881455898285,0.5726260542869568,0.22162595391273499,-0.4114747941493988,0.5763384103775024,0.22180277109146118,-0.41146984696388245,0.5592036843299866,0.2205328494310379,-0.41626954078674316,0.554388165473938,0.22033628821372986,-0.4163280129432678,0.5496648550033569,0.2203979790210724,-0.4163159728050232,0.5787519812583923,0.2283678650856018,-0.27439966797828674,0.5401402711868286,0.2271600216627121,-0.29854345321655273,0.5698376893997192,0.25151243805885315,-0.37724217772483826,0.5558359026908875,0.2511904537677765,-0.3842797577381134,0.6072314977645874,0.32356205582618713,-0.15480510890483856,0.5050123333930969,0.31972047686576843,-0.20091505348682404,0.6209715008735657,0.4257186949253082,-0.07444814592599869,0.4872954487800598,0.425175279378891,-0.1506797820329666,0.6350353956222534,0.5204435586929321,-0.17794327437877655,0.47852468490600586,0.5210169553756714,-0.24338498711585999,0.636037290096283,0.553101122379303,-0.20563904941082,0.4685143530368805,0.5516563057899475,-0.2780378460884094,0.631271243095398,0.5514075756072998,-0.25120311975479126,0.47498154640197754,0.5523766875267029,-0.31508076190948486,0.628358781337738,0.5426328182220459,-0.19800275564193726,0.48006516695022583,0.5440171360969543,-0.2599068284034729,0.5867738127708435,0.5215664505958557,0.017291594296693802,0.5277559757232666,0.5215128660202026,-0.017403092235326767,0.5970243811607361,0.6743736863136292,0.050248853862285614,0.5154244303703308,0.680250883102417,-0.00810056459158659,0.6032482981681824,0.8051382899284363,0.2288757860660553,0.5086915493011475,0.8120090365409851,0.16416633129119873,0.5970622301101685,0.8225672245025635,0.23748326301574707,0.515312135219574,0.825886070728302,0.1719048023223877,0.6266279816627502,0.8562643527984619,0.09500109404325485,0.4957606792449951,0.8575233221054077,0.020900636911392212
128,draw_x,a06_s10_e02,0.5653352737426758,0.2345990240573883,-0.43004006147384644,0.5692940950393677,0.22138018906116486,-0.411180317401886,0.5725023746490479,0.2215908169746399,-0.41116705536842346,0.5762413144111633,0.22175152599811554,-0.41116243600845337,0.5590540170669556,0.22053533792495728,-0.41601458191871643,0.5542541742324829,0.22034214437007904,-0.41607117652893066,0.549559473991394,0.22041240334510803,-0.41605958342552185,0.5786543488502502,0.22830769419670105,-0.2741956412792206,0.5400673747062683,0.22718143463134766,-0.298440545797348,0.5697355270385742,0.2515159249305725,-0.3769998848438263,0.555729866027832,0.25122594833374023,-0.3840659260749817,0.6072221994400024,0.32355383038520813,-0.1544332057237625,0.5049565434455872,0.3198138475418091,-0.20092439651489258,0.620997965335846,0.42547619342803955,-0.07351269572973251,0.48720794916152954,0.4255222678184509,-0.15039730072021484,0.6351340413093567,0.520182728767395,-0.17673815786838531,0.4772803783416748,0.5215639472007751,-0.243133544921875,0.6361311078071594,0.5528016686439514,-0.20434407889842987,0.4677330553531647,0.5518608689308167,-0.2778185307979584,0.6313941478729248,0.5511084198951721,-0.2499409168958664,0.47440654039382935,0.5525348782539368,-0.31516698002815247,0.6284787654876709,0.5423466563224792,-0.19682691991329193,0.4794803261756897,0.5441672801971436,-0.25981011986732483,0.5866469144821167,0.5214688181877136,0.01711225137114525,0.5277071595191956,0.5214210152626038,-0.017224831506609917,0.597024142742157,0.6743665337562561,0.04893914982676506,0.5154238939285278,0.680067241191864,-0.007644902914762497,0.6032456159591675,0.8051331639289856,0.2277822196483612,0.5087081789970398,0.811625599861145,0.16565009951591492,0.597018301486969,0.8225839138031006,0.23634132742881775,0.5153113007545471,0.8254757523536682,0.17346307635307312,0.6266291737556458,0.856267511844635,0.0933815985918045,0.49581509828567505,0.8574520349502563,0.02231946960091591
129,draw_x,a06_s10_e02,0.5651868581771851,0.23460082709789276,-0.425737202167511,0.5691953301429749,0.22137203812599182,-0.4066340923309326,0.5724297761917114,0.22157356142997742,-0.40662384033203125,0.5761836767196655,0.22172164916992188,-0.4066186845302582,0.5589044094085693,0.22053764760494232,-0.41155463457107544,0.554100513458252,0.22034582495689392,-0.4116082191467285,0.549416184425354,0.220416858792305,-0.41159874200820923,0.578621506690979,0.2282533198595047,-0.2690916657447815,0.5399850606918335,0.2271874099969864,-0.2938266396522522,0.5696200132369995,0.2515196204185486,-0.372552752494812,0.5555348992347717,0.25126340985298157,-0.3797527551651001,0.6072217226028442,0.32354751229286194,-0.15006408095359802,0.5049148201942444,0.3198077380657196,-0.19885215163230896,0.6210178732872009,0.42547711730003357,-0.07136110961437225,0.48724594712257385,0.4252498745918274,-0.14656732976436615,0.6352079510688782,0.5202012658119202,-0.17755506932735443,0.47661933302879333,0.5207955241203308,-0.23927447199821472,0.6361945867538452,0.5528113842010498,-0.20575614273548126,0.4671768248081207,0.5513260364532471,-0.2740113139152527,0.6314724683761597,0.5511114001274109,-0.25149455666542053,0.47383832931518555,0.5518780946731567,-0.3120444416999817,0.6285589337348938,0.5423402786254883,-0.19776545464992523,0.4789639115333557,0.5437024831771851,-0.256252259016037,0.5865644812583923,0.521454930305481,0.017227519303560257,0.5276285409927368,0.5213701128959656,-0.017338261008262634,0.5970192551612854,0.674432098865509,0.05002503842115402,0.5154236555099487,0.6800565719604492,-0.007763965986669064,0.6032148599624634,0.8051795959472656,0.22802647948265076,0.5087149739265442,0.8116190433502197,0.1646391600370407,0.5969051718711853,0.8226525187492371,0.23668459057807922,0.5153113603591919,0.8254635334014893,0.1723279058933258,0.6267046928405762,0.8563150763511658,0.094521664083004,0.49586066603660583,0.8574339151382446,0.02128945291042328
130,draw_x,a06_s10_e02,0.5650725960731506,0.23460274934768677,-0.4230932593345642,0.5691076517105103,0.22136132419109344,-0.40395480394363403,0.5723556876182556,0.22155596315860748,-0.403944194316864,0.5761250853538513,0.22169707715511322,-0.40393751859664917,0.5587849617004395,0.22053931653499603,-0.4088658392429352,0.5539820194244385,0.22034959495067596,-0.40891724824905396,0.5493098497390747,0.22042162716388702,-0.408907413482666,0.5785849690437317,0.22822420299053192,-0.26665347814559937,0.5399340391159058,0.22719091176986694,-0.29133203625679016,0.5695301294326782,0.2515244781970978,-0.37004798650741577,0.55543053150177,0.251291960477829,-0.3772350251674652,0.6072231531143188,0.3235434889793396,-0.14820879697799683,0.5048810243606567,0.3197856545448303,-0.19775353372097015,0.6210652589797974,0.42548316717147827,-0.0700279176235199,0.4871768355369568,0.4251927137374878,-0.14478595554828644,0.6352508068084717,0.5202260613441467,-0.17685560882091522,0.4766201078891754,0.520430862903595,-0.23751214146614075,0.6362247467041016,0.5528205633163452,-0.20516009628772736,0.4670109748840332,0.5509611964225769,-0.2721288800239563,0.631546139717102,0.5511182546615601,-0.25092488527297974,0.47364863753318787,0.5515129566192627,-0.3104225993156433,0.6286478042602539,0.542344331741333,-0.1970880925655365,0.47881460189819336,0.5435250997543335,-0.25460976362228394,0.5864328145980835,0.5214473009109497,0.017307162284851074,0.5275305509567261,0.5213419198989868,-0.017416514456272125,0.5970486402511597,0.6744239330291748,0.05034984275698662,0.5154243111610413,0.6800473928451538,-0.007969541475176811,0.6031897068023682,0.8051965236663818,0.22909145057201385,0.5087183713912964,0.8116261959075928,0.16279441118240356,0.5967571139335632,0.8227397203445435,0.23776069283485413,0.5153111815452576,0.8254674077033997,0.1701541692018509,0.6268857717514038,0.8563512563705444,0.09559805691242218,0.4958551824092865,0.8574331402778625,0.01871464215219021
131,draw_x,a06_s10_e02,0.5649930238723755,0.2346045821905136,-0.4210032820701599,0.5690392255783081,0.22134952247142792,-0.4018208086490631,0.5722993612289429,0.22153577208518982,-0.40181049704551697,0.5760793685913086,0.2216690182685852,-0.40180355310440063,0.5587047338485718,0.2205410599708557,-0.40677857398986816,0.5539069175720215,0.22035260498523712,-0.40682920813560486,0.5492447018623352,0.22042492032051086,-0.4068202078342438,0.578554093837738,0.22819001972675323,-0.2647321820259094,0.5398982167243958,0.22719499468803406,-0.289623886346817,0.5694765448570251,0.25152844190597534,-0.3679971396923065,0.5553718209266663,0.25131359696388245,-0.3752404451370239,0.6072255373001099,0.32353726029396057,-0.14719493687152863,0.5048714280128479,0.31976163387298584,-0.1951906681060791,0.6210888624191284,0.4254847764968872,-0.06973768770694733,0.4871358275413513,0.42500731348991394,-0.14083775877952576,0.6352993845939636,0.5202457308769226,-0.1766999363899231,0.47608089447021484,0.5201398134231567,-0.23420850932598114,0.6362585425376892,0.5528290271759033,-0.2050834596157074,0.46660560369491577,0.5506651997566223,-0.2688967287540436,0.6316137313842773,0.5511234998703003,-0.2508383095264435,0.47333359718322754,0.5510756373405457,-0.30736231803894043,0.6287228465080261,0.5423479676246643,-0.19693401455879211,0.4785269796848297,0.5431546568870544,-0.2514658570289612,0.5863631367683411,0.521432638168335,0.0171801820397377,0.5274713039398193,0.5212838053703308,-0.01728641986846924,0.5970975756645203,0.6744344234466553,0.050554901361465454,0.5154072642326355,0.679984450340271,-0.007984941825270653,0.6031703948974609,0.8051928877830505,0.22966846823692322,0.5087187886238098,0.8116104602813721,0.1627430021762848,0.5966352224349976,0.8227556347846985,0.2383468896150589,0.5153162479400635,0.8254455924034119,0.17003396153450012,0.6269567608833313,0.8563600778579712,0.09619217365980148,0.4956328272819519,0.8574311137199402,0.018565373495221138
132,draw_x,a06_s10_e02,0.5649231672286987,0.23460909724235535,-0.4220113158226013,0.5689892768859863,0.2213473916053772,-0.4029150903224945,0.572266697883606,0.22152993083000183,-0.4029061794281006,0.5760525465011597,0.22165817022323608,-0.4029002785682678,0.5586389303207397,0.2205464243888855,-0.40757814049720764,0.5538443326950073,0.22036102414131165,-0.40762558579444885,0.549190878868103,0.2204349786043167,-0.40761643648147583,0.578544020652771,0.2281809151172638,-0.2660348415374756,0.5398675799369812,0.227201446890831,-0.2896442711353302,0.5694302320480347,0.25153809785842896,-0.3691323399543762,0.5553072690963745,0.25134462118148804,-0.37598615884780884,0.6072425246238708,0.3235674500465393,-0.14858761429786682,0.5048680305480957,0.3197469711303711,-0.19490042328834534,0.6211161017417908,0.4255446195602417,-0.07120303064584732,0.48716455698013306,0.4252588152885437,-0.14256757497787476,0.6353167295455933,0.5203238725662231,-0.17858938872814178,0.47629594802856445,0.5201871395111084,-0.23669230937957764,0.6362611651420593,0.5528780817985535,-0.20709240436553955,0.4668198525905609,0.5505543351173401,-0.27156001329421997,0.6316425800323486,0.551215410232544,-0.25287580490112305,0.4734621047973633,0.5509209036827087,-0.3098250925540924,0.628759503364563,0.5424060225486755,-0.19884732365608215,0.47862935066223145,0.5430679321289062,-0.2538655996322632,0.5863226652145386,0.5214402675628662,0.01719057746231556,0.5274358987808228,0.5212708115577698,-0.017295563593506813,0.5971338748931885,0.6744540929794312,0.05371149256825447,0.515385091304779,0.6799258589744568,-0.008036819286644459,0.603134036064148,0.8051896691322327,0.2350682020187378,0.50871741771698,0.8115671873092651,0.162550151348114,0.5965322256088257,0.8227624297142029,0.24385540187358856,0.5153235197067261,0.8254005312919617,0.16987797617912292,0.6270323991775513,0.8563528060913086,0.10182277858257294,0.4953753352165222,0.8574298024177551,0.018440935760736465
133,draw_x,a06_s10_e02,0.5648743510246277,0.23461416363716125,-0.4210895895957947,0.5689527988433838,0.2213451862335205,-0.4020480215549469,0.5722445845603943,0.22152288258075714,-0.4020390510559082,0.5760326385498047,0.22164466977119446,-0.40203243494033813,0.5585916042327881,0.2205531895160675,-0.4066874086856842,0.5537971258163452,0.22037114202976227,-0.40673452615737915,0.5491493940353394,0.22044701874256134,-0.40672510862350464,0.5785346031188965,0.228158637881279,-0.2655898928642273,0.5398440957069397,0.2272048145532608,-0.288918673992157,0.5693959593772888,0.2515448331832886,-0.368319571018219,0.5552607178688049,0.2513708770275116,-0.3751462399959564,0.6072598099708557,0.32357344031333923,-0.1484697163105011,0.504865288734436,0.3197326064109802,-0.19465140998363495,0.621146023273468,0.4255514144897461,-0.07128146290779114,0.4871775507926941,0.4252241551876068,-0.14223726093769073,0.6353421807289124,0.5203393697738647,-0.17809978127479553,0.4766688346862793,0.5200378894805908,-0.23552305996418,0.6362701654434204,0.5528908967971802,-0.20645472407341003,0.4673164486885071,0.5504389405250549,-0.2699984908103943,0.6316795945167542,0.5512444972991943,-0.25215139985084534,0.4739532470703125,0.5508145093917847,-0.30820852518081665,0.6288027763366699,0.542414665222168,-0.19830401241779327,0.47902923822402954,0.5429438948631287,-0.25264889001846313,0.5863090753555298,0.5214372873306274,0.017182324081659317,0.5274227857589722,0.5212271809577942,-0.01728690043091774,0.5971521139144897,0.6744346022605896,0.05855219438672066,0.5153771042823792,0.6797624826431274,-0.00807894766330719,0.6030897498130798,0.8051578998565674,0.2359878122806549,0.5087176561355591,0.8115651607513428,0.15759918093681335,0.5963844656944275,0.8227671384811401,0.24450154602527618,0.515362024307251,0.8254008889198303,0.16431652009487152,0.6271830201148987,0.8563016653060913,0.10322634130716324,0.4952628016471863,0.8574255108833313,0.014059956185519695
134,draw_x,a06_s10_e02,0.5648210644721985,0.23462383449077606,-0.42217928171157837,0.5689157247543335,0.22134344279766083,-0.40325793623924255,0.5722181797027588,0.22151942551136017,-0.4032507538795471,0.5760110020637512,0.2216375470161438,-0.4032460153102875,0.5585458874702454,0.22056128084659576,-0.40763360261917114,0.5537534952163696,0.22038115561008453,-0.4076828360557556,0.5491144061088562,0.2204577624797821,-0.4076747000217438,0.5785247683525085,0.22814103960990906,-0.26717251539230347,0.5398205518722534,0.22720952332019806,-0.2894379198551178,0.5693652629852295,0.2515576183795929,-0.3696131110191345,0.5552226901054382,0.2513982951641083,-0.37610670924186707,0.6073015928268433,0.32357561588287354,-0.15078936517238617,0.5048388838768005,0.3197389841079712,-0.1944669485092163,0.6212047338485718,0.4255954325199127,-0.07494533807039261,0.48718851804733276,0.42546889185905457,-0.1423836052417755,0.6353678107261658,0.5203550457954407,-0.18283608555793762,0.47695836424827576,0.520296037197113,-0.23571260273456573,0.6362751722335815,0.5528963804244995,-0.2117222100496292,0.4678141176700592,0.5504639744758606,-0.2701115012168884,0.6317216157913208,0.55125492811203,-0.25720787048339844,0.474384605884552,0.5508359670639038,-0.3086455166339874,0.6288689970970154,0.5424186587333679,-0.20298819243907928,0.47929874062538147,0.5429996252059937,-0.25295135378837585,0.5862919688224792,0.5214402675628662,0.01713237538933754,0.5273998379707336,0.5212158560752869,-0.017236823216080666,0.5971485376358032,0.6742286086082458,0.057285260409116745,0.5153688192367554,0.6796718239784241,-0.00806313008069992,0.6030024886131287,0.8051550388336182,0.23163005709648132,0.5087150931358337,0.8114737868309021,0.15770640969276428,0.5962232947349548,0.8228347301483154,0.23966078460216522,0.5153977870941162,0.8253355026245117,0.16439573466777802,0.6272234916687012,0.8562610149383545,0.0980633795261383,0.4952006936073303,0.8573135137557983,0.014191846363246441
135,draw_x,a06_s10_e02,0.5647510290145874,0.234628826379776,-0.4226519465446472,0.568881094455719,0.22134198248386383,-0.40379220247268677,0.5721964836120605,0.22151559591293335,-0.40378445386886597,0.5759948492050171,0.2216319739818573,-0.403778076171875,0.5584831833839417,0.22056682407855988,-0.40799593925476074,0.5536854863166809,0.22038634121418,-0.40804535150527954,0.5490561127662659,0.22046250104904175,-0.4080362319946289,0.5785215497016907,0.2281336635351181,-0.26816052198410034,0.5397830009460449,0.2272137999534607,-0.28975898027420044,0.5693262815475464,0.25156235694885254,-0.3703085482120514,0.5551468133926392,0.251413494348526,-0.37660354375839233,0.6073282957077026,0.3236238658428192,-0.15232066810131073,0.5048151612281799,0.31976911425590515,-0.1943325698375702,0.6212783455848694,0.42565587162971497,-0.07703645527362823,0.48721474409103394,0.42574483156204224,-0.14280524849891663,0.6354016065597534,0.5203964114189148,-0.18509551882743835,0.4771358370780945,0.5207576155662537,-0.23636262118816376,0.6363120079040527,0.5529050230979919,-0.21403606235980988,0.4683147966861725,0.5506578087806702,-0.27080148458480835,0.6317868232727051,0.5512726306915283,-0.2593260705471039,0.4748466908931732,0.5509980320930481,-0.3089727759361267,0.6289306879043579,0.5424233675003052,-0.20512723922729492,0.4796130657196045,0.5430979132652283,-0.25343602895736694,0.586286187171936,0.5215643048286438,0.016960039734840393,0.5273904800415039,0.521233081817627,-0.017065633088350296,0.5971474051475525,0.6740320920944214,0.060932498425245285,0.5153193473815918,0.6795709133148193,-0.007915543392300606,0.6029630303382874,0.8050339818000793,0.23560026288032532,0.508691132068634,0.8114287257194519,0.1566394716501236,0.5961591601371765,0.8227823972702026,0.24367618560791016,0.5153939127922058,0.825295627117157,0.16319628059864044,0.6272343993186951,0.8562443256378174,0.10333331674337387,0.4951213300228119,0.8573037981987,0.013216862455010414
