frame_index,label,video_id,l0_x,l0_y,l0_z,l1_x,l1_y,l1_z,l2_x,l2_y,l2_z,l3_x,l3_y,l3_z,l4_x,l4_y,l4_z,l5_x,l5_y,l5_z,l6_x,l6_y,l6_z,l7_x,l7_y,l7_z,l8_x,l8_y,l8_z,l9_x,l9_y,l9_z,l10_x,l10_y,l10_z,l11_x,l11_y,l11_z,l12_x,l12_y,l12_z,l13_x,l13_y,l13_z,l14_x,l14_y,l14_z,l15_x,l15_y,l15_z,l16_x,l16_y,l16_z,l17_x,l17_y,l17_z,l18_x,l18_y,l18_z,l19_x,l19_y,l19_z,l20_x,l20_y,l20_z,l21_x,l21_y,l21_z,l22_x,l22_y,l22_z,l23_x,l23_y,l23_z,l24_x,l24_y,l24_z,l25_x,l25_y,l25_z,l26_x,l26_y,l26_z,l27_x,l27_y,l27_z,l28_x,l28_y,l28_z,l29_x,l29_y,l29_z,l30_x,l30_y,l30_z,l31_x,l31_y,l31_z,l32_x,l32_y,l32_z
0,draw_x,a06_s04_e03,0.4905293881893158,0.3436184525489807,-0.3185740113258362,0.4948386251926422,0.3290688097476959,-0.3023808002471924,0.4982011914253235,0.32887738943099976,-0.3023573160171509,0.5021747350692749,0.32895326614379883,-0.3023104965686798,0.48369258642196655,0.32923179864883423,-0.30541756749153137,0.47906216979026794,0.32923001050949097,-0.3054434657096863,0.4742657542228699,0.32966241240501404,-0.30545783042907715,0.5064043998718262,0.3342677652835846,-0.17715661227703094,0.468618780374527,0.3352199196815491,-0.19626106321811676,0.4964335560798645,0.35915815830230713,-0.26931220293045044,0.4830114245414734,0.3603723347187042,-0.27487823367118835,0.5376081466674805,0.420809805393219,-0.07513436675071716,0.43946924805641174,0.4158019721508026,-0.10955251753330231,0.5536230206489563,0.5222705006599426,-0.012726040557026863,0.4198666214942932,0.5084517002105713,-0.16410143673419952,0.5748475790023804,0.6000838875770569,-0.12499413639307022,0.4438422620296478,0.5516262054443359,-0.3699481189250946,0.5788230299949646,0.6299680471420288,-0.1554751992225647,0.4521738886833191,0.5741333365440369,-0.4142598509788513,0.5773000717163086,0.6302435398101807,-0.19432684779167175,0.4591835141181946,0.5603910088539124,-0.43242892622947693,0.5745067596435547,0.6185527443885803,-0.14202536642551422,0.45767077803611755,0.5525592565536499,-0.38010281324386597,0.5216514468193054,0.6138338446617126,0.010718319565057755,0.4671477675437927,0.6151279807090759,-0.010810604318976402,0.5278059244155884,0.7665766477584839,0.008913621306419373,0.4579649865627289,0.7675530314445496,-0.02334708347916603,0.5287668108940125,0.8998878002166748,0.1652938425540924,0.4538554549217224,0.9035313129425049,0.12708680331707,0.5227484703063965,0.9170098900794983,0.1715117245912552,0.4579036235809326,0.9191729426383972,0.1337641477584839,0.5335543751716614,0.9542357921600342,0.02989029325544834,0.4537777006626129,0.9604747891426086,-0.012327484786510468
1,draw_x,a06_s04_e03,0.48994821310043335,0.34331247210502625,-0.31016063690185547,0.49466437101364136,0.32908374071121216,-0.2930183708667755,0.49792513251304626,0.3288901746273041,-0.29298990964889526,0.5018565654754639,0.3289572596549988,-0.29294127225875854,0.4833950102329254,0.32946741580963135,-0.29681599140167236,0.478872150182724,0.32962262630462646,-0.29684919118881226,0.47424834966659546,0.33003631234169006,-0.2968706786632538,0.5064035654067993,0.33435264229774475,-0.1637418568134308,0.46862348914146423,0.3354629874229431,-0.18581604957580566,0.49631768465042114,0.35869744420051575,-0.25954172015190125,0.4827156066894531,0.35947972536087036,-0.26599058508872986,0.5375300645828247,0.4212658703327179,-0.05285411328077316,0.43956130743026733,0.4150868058204651,-0.10916490852832794,0.5540273785591125,0.5232915878295898,0.013048194348812103,0.4201067090034485,0.5075805187225342,-0.17272920906543732,0.5745596885681152,0.6068320870399475,-0.09584333747625351,0.44710689783096313,0.5415598154067993,-0.3848956525325775,0.578459620475769,0.636096715927124,-0.123914934694767,0.4549102783203125,0.5618057250976562,-0.4311819076538086,0.5762473344802856,0.6359904408454895,-0.162870392203331,0.4620472490787506,0.5492772459983826,-0.4474312365055084,0.5736643075942993,0.6265048384666443,-0.11303643137216568,0.45969754457473755,0.5419798493385315,-0.3945311903953552,0.5216101408004761,0.6139845252037048,0.01642143353819847,0.46714749932289124,0.6150168776512146,-0.016518956050276756,0.5277951955795288,0.7662061452865601,0.009886646643280983,0.4584525525569916,0.7676249742507935,-0.03070375695824623,0.528769850730896,0.9022436738014221,0.17110435664653778,0.45405110716819763,0.9053729772567749,0.11928762495517731,0.5227915644645691,0.9188727736473083,0.17775459587574005,0.45788902044296265,0.9201173186302185,0.12594787776470184,0.5333167314529419,0.9550858736038208,0.03448867425322533,0.4545690417289734,0.9613872766494751,-0.024399278685450554
2,draw_x,a06_s04_e03,0.48953160643577576,0.34261369705200195,-0.30263787508010864,0.4945504069328308,0.32890763878822327,-0.28525716066360474,0.49774694442749023,0.3287571370601654,-0.2852347493171692,0.5016555786132812,0.32882997393608093,-0.28519147634506226,0.4832161068916321,0.32942089438438416,-0.2889777719974518,0.4787083566188812,0.3296174108982086,-0.2890126407146454,0.47420525550842285,0.3300352990627289,-0.28904256224632263,0.5064027905464172,0.334351122379303,-0.1557699590921402,0.46862372756004333,0.33548542857170105,-0.1768658608198166,0.49622422456741333,0.3580060303211212,-0.2519044280052185,0.48243993520736694,0.3583706319332123,-0.2581416666507721,0.5375171899795532,0.4213482737541199,-0.045992616564035416,0.4395681321620941,0.4143916964530945,-0.10444402694702148,0.5541687607765198,0.5241369009017944,0.01843022182583809,0.4206461012363434,0.5072228312492371,-0.17350365221500397,0.5739086866378784,0.610454797744751,-0.08737702667713165,0.44959139823913574,0.5371778607368469,-0.38841718435287476,0.5778001546859741,0.6389568448066711,-0.11483118683099747,0.45638608932495117,0.5550986528396606,-0.43508487939834595,0.5750769972801208,0.6388172507286072,-0.15324850380420685,0.4631134569644928,0.542454719543457,-0.4506862163543701,0.5725070834159851,0.6302444338798523,-0.10425503551959991,0.4607548117637634,0.5359677076339722,-0.39795559644699097,0.5214815735816956,0.6139997839927673,0.01740911975502968,0.46706637740135193,0.6149345636367798,-0.017505094408988953,0.5277841687202454,0.7660009264945984,0.008286619558930397,0.4586050510406494,0.7676492929458618,-0.03375082463026047,0.5287867784500122,0.9033986330032349,0.17382226884365082,0.4542413651943207,0.9065137505531311,0.1188521608710289,0.5229398608207703,0.9196316003799438,0.1810423880815506,0.45789989829063416,0.9207710027694702,0.12572894990444183,0.5326746106147766,0.9557191729545593,0.03583164140582085,0.45505228638648987,0.9618988037109375,-0.026072382926940918
3,draw_x,a06_s04_e03,0.48878589272499084,0.3426153063774109,-0.2932909429073334,0.4942287504673004,0.3291754722595215,-0.27579933404922485,0.497439444065094,0.3289821445941925,-0.27577105164527893,0.5012613534927368,0.3289952278137207,-0.27571848034858704,0.48274141550064087,0.32993683218955994,-0.27915945649147034,0.4784674048423767,0.3301793932914734,-0.27918997406959534,0.4741569459438324,0.33052143454551697,-0.279220849275589,0.5064011812210083,0.3345566391944885,-0.14717711508274078,0.46863865852355957,0.33576709032058716,-0.1664268672466278,0.49596577882766724,0.3579521179199219,-0.2429475486278534,0.48197540640830994,0.358252614736557,-0.24866347014904022,0.5375040769577026,0.42143958806991577,-0.03947775810956955,0.43958359956741333,0.4137738049030304,-0.09815441817045212,0.5541670322418213,0.5247275829315186,0.022863510996103287,0.42146387696266174,0.506257176399231,-0.17444127798080444,0.5728046894073486,0.6121100187301636,-0.08179353177547455,0.4544299244880676,0.53201824426651,-0.38970571756362915,0.5770243406295776,0.6409279704093933,-0.1089305728673935,0.46291518211364746,0.5487859845161438,-0.4365752339363098,0.5738398432731628,0.6407267451286316,-0.1464080810546875,0.4692157208919525,0.5349826216697693,-0.45038241147994995,0.5711342096328735,0.6318617463111877,-0.09824681282043457,0.46562033891677856,0.5287659764289856,-0.3984021544456482,0.5213329195976257,0.6141655445098877,0.017120812088251114,0.4668896198272705,0.6149376034736633,-0.017215533182024956,0.5277827382087708,0.7659466862678528,0.00740693649277091,0.4586089551448822,0.7677057385444641,-0.03320645913481712,0.5288004279136658,0.9045222401618958,0.17624546587467194,0.45433807373046875,0.9070249795913696,0.11921896785497665,0.5230363607406616,0.9204555749893188,0.1838192641735077,0.45792514085769653,0.9210475087165833,0.1258944571018219,0.5323009490966797,0.9563111066818237,0.03793373331427574,0.45507392287254333,0.9623243808746338,-0.02412489242851734
4,draw_x,a06_s04_e03,0.4881940484046936,0.34259459376335144,-0.2743062376976013,0.49394935369491577,0.32933732867240906,-0.2556253671646118,0.4971429407596588,0.3291277289390564,-0.2556016743183136,0.5008958578109741,0.32911232113838196,-0.25555357336997986,0.4824318289756775,0.3302478790283203,-0.2595246732234955,0.478272020816803,0.3305398225784302,-0.25955232977867126,0.47410398721694946,0.33087158203125,-0.2595682740211487,0.5063825249671936,0.3347640931606293,-0.12563826143741608,0.4686459004878998,0.33607834577560425,-0.1470005363225937,0.4956839680671692,0.3578696846961975,-0.2238921821117401,0.48156270384788513,0.3581002354621887,-0.2302108108997345,0.5374999046325684,0.4214392602443695,-0.02482680045068264,0.43958455324172974,0.41370171308517456,-0.08266332745552063,0.5539926290512085,0.5247058272361755,0.028679121285676956,0.42284291982650757,0.5042418837547302,-0.17366191744804382,0.5719282031059265,0.612463653087616,-0.07491417229175568,0.4560537338256836,0.525642991065979,-0.39599183201789856,0.5763800740242004,0.641442596912384,-0.10226991027593613,0.46417737007141113,0.5395914912223816,-0.44483357667922974,0.5728918313980103,0.6414905786514282,-0.1391238123178482,0.4703903794288635,0.526481568813324,-0.4570024907588959,0.5700626969337463,0.6326608061790466,-0.09120158851146698,0.4665614068508148,0.519519567489624,-0.4046265184879303,0.5212372541427612,0.6142180562019348,0.016780251637101173,0.4667116105556488,0.6150197386741638,-0.016873879358172417,0.5277482271194458,0.765940248966217,0.003583170473575592,0.45861274003982544,0.7677140831947327,-0.03431206941604614,0.528805673122406,0.9050543904304504,0.1763095110654831,0.45438846945762634,0.9075623154640198,0.11987610161304474,0.5231261849403381,0.9207830429077148,0.18404850363731384,0.45794644951820374,0.9215229749679565,0.12656709551811218,0.5319117307662964,0.9566078186035156,0.037418946623802185,0.45506805181503296,0.9626123905181885,-0.02410593256354332
5,draw_x,a06_s04_e03,0.48770245909690857,0.34239092469215393,-0.2628660202026367,0.49363476037979126,0.32934072613716125,-0.24414780735969543,0.49683722853660583,0.3291306793689728,-0.244119331240654,0.5004944801330566,0.3291144073009491,-0.24406898021697998,0.4821619987487793,0.3302854895591736,-0.2474898397922516,0.4781095087528229,0.3306008577346802,-0.24751465022563934,0.47405776381492615,0.3309371769428253,-0.24753868579864502,0.5063149333000183,0.3347914516925812,-0.11492425203323364,0.46865707635879517,0.3361814618110657,-0.13378556072711945,0.4954116940498352,0.35749730467796326,-0.21276378631591797,0.48124122619628906,0.3575908839702606,-0.2184118777513504,0.5374841094017029,0.4211254119873047,-0.017135238274931908,0.43973225355148315,0.4123567044734955,-0.07453753799200058,0.5539610385894775,0.5247219800949097,0.03238131105899811,0.42502960562705994,0.49958541989326477,-0.17547234892845154,0.5714544057846069,0.6134326457977295,-0.06283565610647202,0.4641355574131012,0.5115564465522766,-0.3964359164237976,0.575948178768158,0.6418344974517822,-0.08857153356075287,0.47600966691970825,0.5219100117683411,-0.4446476995944977,0.5722647905349731,0.6420683264732361,-0.12393738329410553,0.483043909072876,0.5105067491531372,-0.4550354480743408,0.5694485902786255,0.6332455277442932,-0.07824267446994781,0.4780559539794922,0.5043575763702393,-0.40420565009117126,0.5210890769958496,0.614104151725769,0.01654575578868389,0.4665895402431488,0.6149731278419495,-0.01663760095834732,0.5277490615844727,0.7656843066215515,0.0005423763650469482,0.4586452841758728,0.7675888538360596,-0.03560740873217583,0.5288279056549072,0.9049904346466064,0.1772933006286621,0.45444998145103455,0.9077678322792053,0.12030629068613052,0.523261308670044,0.9207381010055542,0.1854967325925827,0.45798349380493164,0.9216838479042053,0.12696108222007751,0.5316042304039001,0.956604540348053,0.038282088935375214,0.4550587236881256,0.9626598954200745,-0.02384435012936592
6,draw_x,a06_s04_e03,0.4872055947780609,0.34238192439079285,-0.23565468192100525,0.4932830333709717,0.3295336067676544,-0.21683502197265625,0.4965856969356537,0.32935091853141785,-0.2168036252260208,0.5001920461654663,0.3293220102787018,-0.21674692630767822,0.4818563461303711,0.3304273784160614,-0.21925055980682373,0.4779537320137024,0.33072370290756226,-0.21926744282245636,0.47402113676071167,0.33102867007255554,-0.21929283440113068,0.5062994360923767,0.33492472767829895,-0.08855803310871124,0.46874451637268066,0.33623871207237244,-0.10312420129776001,0.49514931440353394,0.35740572214126587,-0.1859472543001175,0.48096171021461487,0.35725900530815125,-0.19037681818008423,0.5374826788902283,0.4207957088947296,0.005520097445696592,0.4403899312019348,0.40976911783218384,-0.05358252674341202,0.5539610385894775,0.5251866579055786,0.04736959561705589,0.4261566996574402,0.49376192688941956,-0.17729583382606506,0.5712335109710693,0.6148892641067505,-0.03793741762638092,0.4690936207771301,0.4958117604255676,-0.39773574471473694,0.5756746530532837,0.6428120136260986,-0.060949623584747314,0.4841638207435608,0.5036369562149048,-0.44546031951904297,0.571708083152771,0.6433374881744385,-0.09380055218935013,0.48903393745422363,0.49116161465644836,-0.45303577184677124,0.5688302516937256,0.6345157027244568,-0.051958538591861725,0.4838196635246277,0.48680633306503296,-0.40326032042503357,0.5208855867385864,0.6140669584274292,0.016453836113214493,0.4663096070289612,0.614978551864624,-0.016536129638552666,0.5277531147003174,0.7656633257865906,-0.00242629018612206,0.45865941047668457,0.7675759196281433,-0.038159389048814774,0.5288561582565308,0.9050498604774475,0.17949335277080536,0.45450106263160706,0.9083489179611206,0.12059428542852402,0.5234129428863525,0.9207172393798828,0.18839018046855927,0.4580232501029968,0.9221962690353394,0.1272226870059967,0.5315968990325928,0.9566052556037903,0.041547950357198715,0.45501917600631714,0.9627605676651001,-0.023602325469255447
7,draw_x,a06_s04_e03,0.48684948682785034,0.3423839211463928,-0.2177751511335373,0.49297723174095154,0.3297782242298126,-0.19797849655151367,0.4963230490684509,0.3296140134334564,-0.19796672463417053,0.4998438358306885,0.32956287264823914,-0.19792786240577698,0.4815765917301178,0.3305894732475281,-0.20118889212608337,0.47776857018470764,0.33085116744041443,-0.20120282471179962,0.4739563465118408,0.3311232924461365,-0.20120804011821747,0.5061501860618591,0.33500510454177856,-0.06462498009204865,0.46874865889549255,0.3362908661365509,-0.08275832235813141,0.4949038028717041,0.3573172688484192,-0.16621890664100647,0.480681836605072,0.35700204968452454,-0.17165717482566833,0.537469744682312,0.4201951026916504,0.025866616517305374,0.4409186840057373,0.40821775794029236,-0.03653815761208534,0.5538522601127625,0.5250641703605652,0.0568351075053215,0.42948490381240845,0.48687049746513367,-0.18598847091197968,0.5711037516593933,0.6145087480545044,-0.025064531713724136,0.47228580713272095,0.4732483923435211,-0.42676839232444763,0.5754734873771667,0.6426349878311157,-0.04552186653017998,0.486467182636261,0.4695236086845398,-0.47671109437942505,0.5716308951377869,0.6432753205299377,-0.07853879779577255,0.48984766006469727,0.4581914246082306,-0.4766860008239746,0.5688056945800781,0.6344207525253296,-0.038961879909038544,0.485670804977417,0.45801255106925964,-0.4316255450248718,0.5206920504570007,0.6134411096572876,0.017049450427293777,0.4661439061164856,0.6147441864013672,-0.01710893027484417,0.5276995301246643,0.7656621932983398,-0.006654710508882999,0.45883792638778687,0.7674190402030945,-0.04371429607272148,0.528921365737915,0.90516197681427,0.1786504089832306,0.4545312821865082,0.9088584184646606,0.11868443340063095,0.5235951542854309,0.9208013415336609,0.18733815848827362,0.45804563164711,0.9228870272636414,0.12591257691383362,0.5316055417060852,0.9566163420677185,0.04099573940038681,0.4549766480922699,0.9627640247344971,-0.026587435975670815
8,draw_x,a06_s04_e03,0.48653119802474976,0.3423846662044525,-0.20885798335075378,0.4926128387451172,0.32991865277290344,-0.18914052844047546,0.4960192143917084,0.3297751843929291,-0.18911829590797424,0.4994199275970459,0.3297155797481537,-0.1890680342912674,0.481215238571167,0.33071014285087585,-0.19199837744235992,0.4775375425815582,0.33096325397491455,-0.1920166015625,0.4738144874572754,0.3312179744243622,-0.19202163815498352,0.5059241652488708,0.3350362777709961,-0.05805984139442444,0.46866631507873535,0.33638665080070496,-0.07425029575824738,0.49466314911842346,0.35725024342536926,-0.15822823345661163,0.480428546667099,0.3568163812160492,-0.16309350728988647,0.5374075770378113,0.41956648230552673,0.030499115586280823,0.4410422742366791,0.40790775418281555,-0.03354830667376518,0.5534400343894958,0.5250276327133179,0.05750028043985367,0.43175387382507324,0.4832148849964142,-0.18709245324134827,0.5710739493370056,0.6149247288703918,-0.02092815190553665,0.4789370000362396,0.4601716697216034,-0.4140033721923828,0.5754265785217285,0.6429893374443054,-0.04010596498847008,0.49684685468673706,0.45310401916503906,-0.46195369958877563,0.5716407895088196,0.6437146663665771,-0.07142554223537445,0.49976834654808044,0.4416317939758301,-0.47201013565063477,0.5688214898109436,0.6348296403884888,-0.03414757922291756,0.49393168091773987,0.4426879286766052,-0.4194552004337311,0.5205457210540771,0.6133434176445007,0.01736806333065033,0.46600499749183655,0.6147404313087463,-0.01743170991539955,0.5276843309402466,0.7657750844955444,-0.010048215277493,0.4588777422904968,0.7674188017845154,-0.045782893896102905,0.5290091633796692,0.9053959250450134,0.17990642786026,0.45454397797584534,0.9099324345588684,0.11827192455530167,0.5238985419273376,0.9209957718849182,0.1894727349281311,0.45806485414505005,0.9238669872283936,0.1259794682264328,0.5316339731216431,0.9566853642463684,0.044634848833084106,0.4549502432346344,0.9629312753677368,-0.025913860648870468
9,draw_x,a06_s04_e03,0.4860449433326721,0.3423205018043518,-0.21659255027770996,0.4922371506690979,0.3299392759799957,-0.19520054757595062,0.49564504623413086,0.32982081174850464,-0.19515714049339294,0.49882930517196655,0.3297714293003082,-0.19509246945381165,0.4808250367641449,0.33071044087409973,-0.19810083508491516,0.4771629273891449,0.3309619128704071,-0.19812370836734772,0.4735496938228607,0.33121758699417114,-0.19812986254692078,0.5053610801696777,0.3350999653339386,-0.059125833213329315,0.4686076045036316,0.33642813563346863,-0.07543492317199707,0.49419984221458435,0.3569929003715515,-0.1647196263074875,0.47970277070999146,0.3566162884235382,-0.16976311802864075,0.5373367071151733,0.41935116052627563,0.026744510978460312,0.44194573163986206,0.40748363733291626,-0.048730336129665375,0.5534397959709167,0.5250658392906189,0.051140546798706055,0.43885570764541626,0.44604718685150146,-0.24399003386497498,0.5710949301719666,0.6149681210517883,-0.004767271690070629,0.4977946877479553,0.4183829724788666,-0.4588260054588318,0.5754624009132385,0.6432468295097351,-0.018289614468812943,0.5145765542984009,0.416049599647522,-0.5086403489112854,0.5716949701309204,0.6440362930297852,-0.049952760338783264,0.5167081356048584,0.4114415943622589,-0.49768543243408203,0.5688908100128174,0.6349064111709595,-0.017288586124777794,0.510601818561554,0.41242340207099915,-0.4601265788078308,0.5205222368240356,0.6133589148521423,0.018336452543735504,0.4658184051513672,0.6148280501365662,-0.018424537032842636,0.5275878310203552,0.7659216523170471,-0.00788938906043768,0.45890140533447266,0.7676193118095398,-0.04378039389848709,0.5290471315383911,0.9054952263832092,0.1940549612045288,0.45454683899879456,0.9104252457618713,0.1251380741596222,0.524104118347168,0.9210683107376099,0.20475557446479797,0.4581085741519928,0.9243465662002563,0.13384690880775452,0.5316358804702759,0.9566885232925415,0.05957901477813721,0.4548790454864502,0.9631336331367493,-0.016607483848929405
10,draw_x,a06_s04_e03,0.48560649156570435,0.34163933992385864,-0.21354202926158905,0.4918476939201355,0.32963883876800537,-0.19104716181755066,0.4952782094478607,0.32945865392684937,-0.19101248681545258,0.4983423352241516,0.32941529154777527,-0.19095920026302338,0.480478435754776,0.3305041193962097,-0.19454121589660645,0.4767938554286957,0.3307865858078003,-0.19456273317337036,0.4732997417449951,0.33108967542648315,-0.1945565789937973,0.5049062967300415,0.33445003628730774,-0.05279770493507385,0.4685686230659485,0.3364003896713257,-0.07151126116514206,0.49366649985313416,0.3557382822036743,-0.161087304353714,0.47918009757995605,0.3559102714061737,-0.16682712733745575,0.5372439622879028,0.41803839802742004,0.03156422823667526,0.4426959455013275,0.40735071897506714,-0.048659224063158035,0.5534161925315857,0.5241146683692932,0.05195469409227371,0.44340190291404724,0.43867677450180054,-0.24093778431415558,0.5710983276367188,0.614729642868042,-0.002455373527482152,0.5020691156387329,0.40267154574394226,-0.45144686102867126,0.5754772424697876,0.6430689692497253,-0.016874058172106743,0.518911600112915,0.3955713212490082,-0.501799464225769,0.5717467069625854,0.6438330411911011,-0.048466142266988754,0.5201432108879089,0.3924317955970764,-0.49055641889572144,0.5689452886581421,0.6346301436424255,-0.01505876611918211,0.5135204792022705,0.39577358961105347,-0.453167587518692,0.5204495191574097,0.613171398639679,0.01932591386139393,0.46572986245155334,0.6146764159202576,-0.019424401223659515,0.5275039672851562,0.766066312789917,-0.0066637275740504265,0.45892611145973206,0.7676637172698975,-0.04512110725045204,0.5290573835372925,0.9057663083076477,0.1926233470439911,0.45453914999961853,0.9108403325080872,0.12556897103786469,0.524230420589447,0.9214109182357788,0.20312900841236115,0.45812851190567017,0.9249113202095032,0.1343260407447815,0.5316389799118042,0.956721305847168,0.05671826750040054,0.4548218250274658,0.9632634520530701,-0.016655541956424713
11,draw_x,a06_s04_e03,0.48517507314682007,0.34137284755706787,-0.20042601227760315,0.49140825867652893,0.32942166924476624,-0.176487535238266,0.4948459267616272,0.3292136788368225,-0.17644213140010834,0.49773740768432617,0.3292022943496704,-0.1763872653245926,0.48008593916893005,0.330457478761673,-0.18029645085334778,0.4763476252555847,0.3307744562625885,-0.1803324967622757,0.47293296456336975,0.33108723163604736,-0.1803468018770218,0.5043238997459412,0.33445483446121216,-0.038841914385557175,0.468383252620697,0.336426705121994,-0.05771806836128235,0.493387371301651,0.35573405027389526,-0.14879043400287628,0.47867292165756226,0.3559204638004303,-0.1546696424484253,0.5369213819503784,0.41898640990257263,0.04488321393728256,0.44332584738731384,0.40665677189826965,-0.053694386035203934,0.5532905459403992,0.5249078869819641,0.0571448989212513,0.45139870047569275,0.42760738730430603,-0.26437580585479736,0.571136474609375,0.6142240762710571,-0.002114859875291586,0.5113726258277893,0.3807569742202759,-0.47047439217567444,0.5755099654197693,0.6429765820503235,-0.019105348736047745,0.5269433259963989,0.36794281005859375,-0.5258136987686157,0.5719021558761597,0.6437791585922241,-0.05140497535467148,0.52733314037323,0.3640328049659729,-0.5135894417762756,0.569073498249054,0.6343346238136292,-0.01566559448838234,0.5215314626693726,0.36932477355003357,-0.47246885299682617,0.5203167200088501,0.6132093071937561,0.02161700837314129,0.4654200077056885,0.6146774291992188,-0.021722842007875443,0.5274454355239868,0.7662878036499023,-0.014733605086803436,0.4589255452156067,0.7677135467529297,-0.053509362041950226,0.5290600061416626,0.9063506722450256,0.18992668390274048,0.45452314615249634,0.910909116268158,0.12108172476291656,0.5242687463760376,0.921973466873169,0.2002991884946823,0.4581370949745178,0.9249544143676758,0.13029375672340393,0.5316383838653564,0.9568234086036682,0.05363379791378975,0.4547780454158783,0.9633370041847229,-0.02200455777347088
12,draw_x,a06_s04_e03,0.48528942465782166,0.34139755368232727,-0.19548635184764862,0.4914166331291199,0.3293984830379486,-0.17064107954502106,0.4948257505893707,0.3291417956352234,-0.17059729993343353,0.497671902179718,0.32909122109413147,-0.17054837942123413,0.4801148474216461,0.3305456340312958,-0.1755337119102478,0.4763762056827545,0.33090612292289734,-0.175572007894516,0.47294512391090393,0.33122342824935913,-0.17559292912483215,0.5038837790489197,0.334416002035141,-0.031882401555776596,0.4682646691799164,0.3365424871444702,-0.05477598309516907,0.49349379539489746,0.3559058606624603,-0.14358112215995789,0.4789103865623474,0.35629621148109436,-0.15062935650348663,0.5362045764923096,0.4201788306236267,0.05326523259282112,0.44406208395957947,0.40601810812950134,-0.05414379760622978,0.5531253218650818,0.5258311033248901,0.0641939714550972,0.4583301544189453,0.4197620451450348,-0.2708852291107178,0.5712794065475464,0.6131053566932678,0.004835229832679033,0.5163815021514893,0.36602920293807983,-0.4648655951023102,0.57557612657547,0.6423004865646362,-0.012394019402563572,0.529913067817688,0.35353314876556396,-0.520937979221344,0.5722225308418274,0.6429833769798279,-0.045326098799705505,0.5294928550720215,0.3501421809196472,-0.5086614489555359,0.5693615078926086,0.6332796216011047,-0.009339241310954094,0.5245301127433777,0.3551645278930664,-0.466865599155426,0.5202111601829529,0.613362729549408,0.02367238886654377,0.46529704332351685,0.6146841049194336,-0.023773102089762688,0.5273910164833069,0.7666521668434143,-0.016538996249437332,0.45890918374061584,0.7677158713340759,-0.05786655470728874,0.5290613770484924,0.9065960645675659,0.1886531412601471,0.45446664094924927,0.9108703136444092,0.11522390693426132,0.5242679715156555,0.9222443103790283,0.19849500060081482,0.45814067125320435,0.9249299168586731,0.12415498495101929,0.531640887260437,0.9568716883659363,0.053268738090991974,0.4547633230686188,0.9634063839912415,-0.030023518949747086
13,draw_x,a06_s04_e03,0.4869996905326843,0.34162092208862305,-0.20646695792675018,0.4919434189796448,0.3294095993041992,-0.18196049332618713,0.49506133794784546,0.3291443884372711,-0.18192115426063538,0.4978405833244324,0.32909151911735535,-0.18187296390533447,0.48096340894699097,0.3306019902229309,-0.18722833693027496,0.47693076729774475,0.33094948530197144,-0.1872577965259552,0.47330865263938904,0.3312646448612213,-0.18727824091911316,0.503889799118042,0.3345721364021301,-0.043860048055648804,0.46812376379966736,0.3366023600101471,-0.06861455738544464,0.4948355555534363,0.35658028721809387,-0.1547001451253891,0.4805223047733307,0.35696274042129517,-0.16219177842140198,0.5359070301055908,0.4225383400917053,0.040907613933086395,0.4446047842502594,0.40515223145484924,-0.08241243660449982,0.5531747937202454,0.5282720923423767,0.05937772989273071,0.4663971960544586,0.4162265360355377,-0.30507349967956543,0.5716456770896912,0.6128608584403992,-0.009190084412693977,0.5182096362113953,0.35814663767814636,-0.49600833654403687,0.5757562518119812,0.6421283483505249,-0.026901504024863243,0.5312705039978027,0.3470083177089691,-0.5512498617172241,0.5726741552352905,0.6425446271896362,-0.059202153235673904,0.5314205288887024,0.34551095962524414,-0.5397626757621765,0.5698531866073608,0.6327467560768127,-0.023155782371759415,0.5264862179756165,0.35103824734687805,-0.4980245530605316,0.5201664566993713,0.6134635806083679,0.02547810599207878,0.4652009606361389,0.6147047877311707,-0.025580067187547684,0.5273874998092651,0.766865074634552,-0.014667972922325134,0.45891228318214417,0.7676924467086792,-0.057692818343639374,0.5290653109550476,0.9067419171333313,0.1846400499343872,0.4544602334499359,0.9108491539955139,0.11025089025497437,0.5242624878883362,0.9224962592124939,0.19508349895477295,0.4581523835659027,0.924910306930542,0.11861789226531982,0.5316433310508728,0.9569146633148193,0.04723607748746872,0.45475244522094727,0.9634788036346436,-0.03560764342546463
14,draw_x,a06_s04_e03,0.4874139428138733,0.3423791825771332,-0.21196500957012177,0.4919983744621277,0.3299581706523895,-0.18800762295722961,0.4950731694698334,0.32967737317085266,-0.18797312676906586,0.4978577196598053,0.32957547903060913,-0.18792496621608734,0.4811359941959381,0.33102360367774963,-0.19300433993339539,0.47706881165504456,0.33122339844703674,-0.19303099811077118,0.4733877182006836,0.3314373791217804,-0.19305920600891113,0.5035401582717896,0.3355925679206848,-0.05256868153810501,0.4678412973880768,0.3366372883319855,-0.0756390243768692,0.4951104521751404,0.3577505350112915,-0.16101154685020447,0.4807412624359131,0.35765135288238525,-0.16808339953422546,0.535280704498291,0.42387649416923523,0.032671213150024414,0.4446888864040375,0.4041065573692322,-0.09553856402635574,0.5531598329544067,0.529064953327179,0.043850935995578766,0.4705553650856018,0.411531925201416,-0.3126758933067322,0.5719660520553589,0.6120874285697937,-0.013133089058101177,0.5203865170478821,0.3495611548423767,-0.49711841344833374,0.5758541822433472,0.6413333415985107,-0.03330884128808975,0.5330762267112732,0.33701521158218384,-0.5516002774238586,0.5730118751525879,0.6412020325660706,-0.0667789950966835,0.5339488983154297,0.334423691034317,-0.5417412519454956,0.5702718496322632,0.6312903761863708,-0.02815234661102295,0.5293191075325012,0.34021300077438354,-0.4997083246707916,0.5201445817947388,0.6134876608848572,0.025480305776000023,0.4650423526763916,0.6146876215934753,-0.02558295801281929,0.5273844003677368,0.7669001221656799,-0.016197316348552704,0.4589177072048187,0.7675830721855164,-0.056809186935424805,0.5290716886520386,0.9068859815597534,0.17389440536499023,0.4544296860694885,0.9107167720794678,0.10640744864940643,0.5242553949356079,0.9227048754692078,0.18403467535972595,0.45815539360046387,0.9248001575469971,0.11429643630981445,0.5316612124443054,0.9569492340087891,0.035231977701187134,0.4545894265174866,0.9635061621665955,-0.03901932016015053
15,draw_x,a06_s04_e03,0.48769718408584595,0.34259164333343506,-0.21535582840442657,0.49203062057495117,0.330118864774704,-0.1916646957397461,0.4950760006904602,0.32986336946487427,-0.19163422286510468,0.49786338210105896,0.32977789640426636,-0.19158750772476196,0.4813452363014221,0.3310423791408539,-0.19671796262264252,0.47730785608291626,0.33122095465660095,-0.19674381613731384,0.4736127257347107,0.3314093053340912,-0.19677527248859406,0.5028696060180664,0.3359833359718323,-0.057182323187589645,0.467731773853302,0.3363919258117676,-0.07937892526388168,0.4952964186668396,0.35828474164009094,-0.1645977944135666,0.48094120621681213,0.35779568552970886,-0.17144545912742615,0.5346454381942749,0.4239669144153595,0.030372198671102524,0.4446433186531067,0.4032525420188904,-0.10664983838796616,0.5530551671981812,0.5290020108222961,0.03490970656275749,0.47358113527297974,0.4069008231163025,-0.32132774591445923,0.5721303224563599,0.611250638961792,-0.01654740609228611,0.5210423469543457,0.3456180691719055,-0.4950579106807709,0.5759077072143555,0.6402899622917175,-0.0342734232544899,0.5336881875991821,0.33045494556427,-0.5482665300369263,0.5731584429740906,0.6398040056228638,-0.06994304805994034,0.5342521071434021,0.32785508036613464,-0.5382148623466492,0.5704730749130249,0.6300485730171204,-0.029560009017586708,0.5294791460037231,0.33491432666778564,-0.49717608094215393,0.5201435089111328,0.6134881377220154,0.026090290397405624,0.4649345278739929,0.6146029829978943,-0.026196923106908798,0.5273815393447876,0.7669095396995544,-0.01910472847521305,0.4589237570762634,0.767495334148407,-0.05765543505549431,0.5290752649307251,0.9069164395332336,0.16680476069450378,0.4543876051902771,0.9106188416481018,0.10165973007678986,0.5241831541061401,0.9228262305259705,0.17691196501255035,0.45815524458885193,0.9247556328773499,0.10935182869434357,0.5318083167076111,0.9569618701934814,0.029874524101614952,0.45450758934020996,0.9636160135269165,-0.04299195855855942
16,draw_x,a06_s04_e03,0.4882468581199646,0.3433484435081482,-0.22401127219200134,0.49221372604370117,0.3308012783527374,-0.19979561865329742,0.49518686532974243,0.3305841088294983,-0.19976338744163513,0.49793124198913574,0.3304673135280609,-0.19971509277820587,0.4818652272224426,0.331388920545578,-0.20543739199638367,0.4778408408164978,0.3313956558704376,-0.20546448230743408,0.4741452634334564,0.3314894735813141,-0.2055228054523468,0.502667248249054,0.3365744650363922,-0.06676892191171646,0.4677062928676605,0.33640366792678833,-0.09053929150104523,0.4956044554710388,0.35905972123146057,-0.17399218678474426,0.48140010237693787,0.3584989607334137,-0.18136224150657654,0.5345271229743958,0.42387962341308594,0.018388675525784492,0.44461649656295776,0.40287190675735474,-0.11902526766061783,0.5530462265014648,0.5289186835289001,0.029989715665578842,0.4725503921508789,0.4002431631088257,-0.33575963973999023,0.57246994972229,0.6108371615409851,-0.018928904086351395,0.521639883518219,0.3397245407104492,-0.504840612411499,0.575975239276886,0.6399005055427551,-0.035349030047655106,0.534105122089386,0.3255437910556793,-0.5573524236679077,0.5732809901237488,0.6393317580223083,-0.06787123531103134,0.5353940725326538,0.32379478216171265,-0.5465706586837769,0.5706789493560791,0.6295500993728638,-0.032014649361371994,0.5306783318519592,0.3308824300765991,-0.5065461993217468,0.5201413035392761,0.6134792566299438,0.02622697874903679,0.4648204445838928,0.614476203918457,-0.026338661089539528,0.5273869037628174,0.7671559453010559,-0.017966343089938164,0.45892399549484253,0.7675164341926575,-0.05642644315958023,0.5290807485580444,0.9069964289665222,0.16318157315254211,0.45435577630996704,0.9105927348136902,0.10116736590862274,0.5241050124168396,0.923011064529419,0.17271307110786438,0.45815086364746094,0.924739420413971,0.10855497419834137,0.5321847200393677,0.9570139646530151,0.025122668594121933,0.45436564087867737,0.9638465046882629,-0.04441637545824051
17,draw_x,a06_s04_e03,0.48930850625038147,0.34388476610183716,-0.2240767478942871,0.49279507994651794,0.3311907649040222,-0.20001749694347382,0.4956882894039154,0.33099329471588135,-0.19998446106910706,0.4984232783317566,0.3308901786804199,-0.1999361366033554,0.48272404074668884,0.3316274583339691,-0.20568637549877167,0.47859615087509155,0.3315616548061371,-0.20571255683898926,0.47487130761146545,0.3316054046154022,-0.20577755570411682,0.5027103424072266,0.3370877802371979,-0.06723164021968842,0.46774688363075256,0.3364546597003937,-0.09285242110490799,0.49679526686668396,0.3597973883152008,-0.1742633581161499,0.48268455266952515,0.35928308963775635,-0.18199975788593292,0.5344304442405701,0.4238203167915344,0.01747797057032585,0.4447232782840729,0.40249112248420715,-0.11922602355480194,0.5528098344802856,0.5289528965950012,0.032007209956645966,0.47456803917884827,0.40071922540664673,-0.3296745717525482,0.5724796056747437,0.6107854843139648,-0.014969991520047188,0.5238279104232788,0.3400748074054718,-0.49348020553588867,0.5759822726249695,0.639884352684021,-0.029811378568410873,0.5365105867385864,0.32542118430137634,-0.5453206300735474,0.5732901692390442,0.6393095254898071,-0.060814160853624344,0.5377815961837769,0.3231719434261322,-0.5352033376693726,0.570712149143219,0.629533052444458,-0.02774641290307045,0.5331631302833557,0.33000412583351135,-0.4951992928981781,0.520148754119873,0.6135292053222656,0.02731059119105339,0.46481937170028687,0.6144721508026123,-0.027428075671195984,0.5273898839950562,0.7674013376235962,-0.017518363893032074,0.45894473791122437,0.7675325274467468,-0.05622677132487297,0.5291317701339722,0.9070277810096741,0.16488578915596008,0.45427027344703674,0.9105128049850464,0.10124851763248444,0.5240784287452698,0.923170804977417,0.17439904808998108,0.45806002616882324,0.9246477484703064,0.10883209854364395,0.5327900648117065,0.9570730924606323,0.027834990993142128,0.4542279839515686,0.9640136957168579,-0.04323306307196617
18,draw_x,a06_s04_e03,0.4897204339504242,0.34423384070396423,-0.2248314619064331,0.49314364790916443,0.3314931094646454,-0.20083299279212952,0.4959131181240082,0.33127591013908386,-0.2008049041032791,0.4986379146575928,0.331152081489563,-0.20075707137584686,0.4831455647945404,0.33182868361473083,-0.20659379661083221,0.4789041578769684,0.3316747546195984,-0.2066146433353424,0.47507166862487793,0.3316446542739868,-0.2066793143749237,0.5027908682823181,0.3375660181045532,-0.06960199773311615,0.4677397608757019,0.3364213705062866,-0.09474904835224152,0.49703389406204224,0.3601360619068146,-0.17550304532051086,0.4829305112361908,0.35954180359840393,-0.18319381773471832,0.534355878829956,0.42383116483688354,0.011773213744163513,0.44502800703048706,0.40251320600509644,-0.1163446456193924,0.5527235269546509,0.5294633507728577,0.026667550206184387,0.47662657499313354,0.4041665196418762,-0.3239842355251312,0.5724658966064453,0.6108112335205078,-0.01795329712331295,0.523230791091919,0.34261417388916016,-0.4922768175601959,0.5759349465370178,0.6399351954460144,-0.031089484691619873,0.5359681844711304,0.32911744713783264,-0.5436735153198242,0.573234498500824,0.639365017414093,-0.06321556866168976,0.5371681451797485,0.3274122476577759,-0.5352248549461365,0.570663571357727,0.6295894980430603,-0.029188740998506546,0.5322726964950562,0.3339597284793854,-0.4947972893714905,0.5202324390411377,0.6137555837631226,0.027062799781560898,0.4648330807685852,0.6145532131195068,-0.027176743373274803,0.5274080038070679,0.7678088545799255,-0.01718096062541008,0.4589501917362213,0.7676154971122742,-0.05569129064679146,0.5292558670043945,0.9070367813110352,0.1650390774011612,0.45421743392944336,0.9104856252670288,0.10246864706277847,0.5240989923477173,0.9233151078224182,0.17433853447437286,0.457994282245636,0.9246361255645752,0.11004302650690079,0.5332781672477722,0.9570902585983276,0.028439292684197426,0.4540933668613434,0.9641758799552917,-0.04174806550145149
19,draw_x,a06_s04_e03,0.48977357149124146,0.3438274562358856,-0.21510961651802063,0.4932500720024109,0.33110469579696655,-0.1913517564535141,0.4959579408168793,0.33088505268096924,-0.19132599234580994,0.4986845552921295,0.3307875692844391,-0.1912783831357956,0.48319822549819946,0.3315680921077728,-0.19655552506446838,0.47892504930496216,0.33145201206207275,-0.19657756388187408,0.47506770491600037,0.3314332962036133,-0.19663292169570923,0.5028709173202515,0.33743563294410706,-0.06086380407214165,0.4677351415157318,0.3360796868801117,-0.08417423069477081,0.4970783591270447,0.3599134385585785,-0.16626660525798798,0.482917845249176,0.35932987928390503,-0.1734369993209839,0.5343598127365112,0.42433732748031616,0.018343932926654816,0.44565534591674805,0.4021482765674591,-0.1108507513999939,0.5525535345077515,0.530444860458374,0.028051743283867836,0.47554388642311096,0.4085703492164612,-0.3108040690422058,0.5723810791969299,0.6118392944335938,-0.019109763205051422,0.5234497785568237,0.3484889268875122,-0.48684757947921753,0.5758127570152283,0.6411083340644836,-0.03358166664838791,0.5371412038803101,0.3352576494216919,-0.5385137796401978,0.573032796382904,0.6406327486038208,-0.06560427695512772,0.538318932056427,0.332332044839859,-0.5304798483848572,0.5704503655433655,0.63060462474823,-0.03102761134505272,0.5332668423652649,0.33838504552841187,-0.48949289321899414,0.5202339887619019,0.6140968799591064,0.027178648859262466,0.4648309350013733,0.6145855784416199,-0.027290428057312965,0.527405858039856,0.7681996822357178,-0.016426799818873405,0.4589661657810211,0.7676547169685364,-0.055789828300476074,0.5293344259262085,0.9070884585380554,0.1655881106853485,0.45416316390037537,0.91046541929245,0.10341493040323257,0.5241116285324097,0.9235172867774963,0.1753113716840744,0.45796647667884827,0.9246076941490173,0.11097653955221176,0.5335590243339539,0.9571338891983032,0.030048146843910217,0.4539944529533386,0.9642695188522339,-0.041204117238521576
20,draw_x,a06_s04_e03,0.48983025550842285,0.3438234329223633,-0.1946830451488495,0.4933214783668518,0.33108681440353394,-0.1703283190727234,0.4960026741027832,0.33084604144096375,-0.17030289769172668,0.49872589111328125,0.33071914315223694,-0.17026296257972717,0.48322248458862305,0.3315756618976593,-0.17681008577346802,0.47894731163978577,0.33146533370018005,-0.17682813107967377,0.4750719666481018,0.3314497172832489,-0.17685383558273315,0.5029463768005371,0.3374185264110565,-0.03547367453575134,0.4677343964576721,0.3360799252986908,-0.06519760936498642,0.49707159399986267,0.3598962128162384,-0.1439312994480133,0.4829445481300354,0.359334260225296,-0.15292537212371826,0.5340204238891602,0.42446041107177734,0.047770239412784576,0.44617852568626404,0.4013736844062805,-0.08728811144828796,0.5520631670951843,0.5307891368865967,0.06275343894958496,0.4753357470035553,0.41126498579978943,-0.2805873155593872,0.5721991658210754,0.6125602722167969,0.004490588791668415,0.5241466164588928,0.35310491919517517,-0.43935316801071167,0.5756615996360779,0.6414815783500671,-0.01305781863629818,0.5380067825317383,0.34212398529052734,-0.4913053512573242,0.5728219151496887,0.6410409212112427,-0.04503145441412926,0.5381964445114136,0.3388062119483948,-0.4855150580406189,0.5702158808708191,0.631114661693573,-0.008933143690228462,0.5331190824508667,0.3440183699131012,-0.4429946839809418,0.5202304124832153,0.6144821047782898,0.02877810224890709,0.46486982703208923,0.6146363615989685,-0.028864111751317978,0.527420163154602,0.7687520384788513,-0.016026441007852554,0.4589742124080658,0.7676928639411926,-0.05841541290283203,0.5294334292411804,0.9071971774101257,0.17003515362739563,0.4540659487247467,0.9104464650154114,0.10378948599100113,0.5241267085075378,0.9238414764404297,0.18025857210159302,0.4579114019870758,0.9245929718017578,0.1115538626909256,0.5339494943618774,0.9571764469146729,0.03648445010185242,0.45364993810653687,0.9643126726150513,-0.04039803519845009
21,draw_x,a06_s04_e03,0.48964056372642517,0.3436220586299896,-0.20086900889873505,0.4933242201805115,0.33094945549964905,-0.17674973607063293,0.49602484703063965,0.3306668698787689,-0.17671655118465424,0.49877938628196716,0.3305097222328186,-0.1766718626022339,0.48315197229385376,0.331582248210907,-0.18153908848762512,0.4789239764213562,0.33151787519454956,-0.18156255781650543,0.4750688672065735,0.3315497636795044,-0.1815926879644394,0.5033232569694519,0.3373609781265259,-0.042415834963321686,0.46802645921707153,0.3362500071525574,-0.06404424458742142,0.4969424605369568,0.3598420023918152,-0.15055137872695923,0.4828707277774811,0.35928866267204285,-0.157506063580513,0.534126877784729,0.4261341691017151,0.04022733122110367,0.44668570160865784,0.40139469504356384,-0.07718177884817123,0.5520558953285217,0.5316827297210693,0.055292315781116486,0.47367262840270996,0.41277992725372314,-0.2722306549549103,0.5721412897109985,0.6133437752723694,-0.0028092137072235346,0.523457944393158,0.3560515344142914,-0.443539559841156,0.5756338834762573,0.642160177230835,-0.020795155316591263,0.537255048751831,0.3456902503967285,-0.4973999857902527,0.5726946592330933,0.6418721675872803,-0.05247996002435684,0.5374153852462769,0.3419566750526428,-0.48893141746520996,0.5700269937515259,0.632045328617096,-0.01621483825147152,0.5324474573135376,0.34712883830070496,-0.44671353697776794,0.5202297568321228,0.6147369742393494,0.02794802561402321,0.4649052619934082,0.61473548412323,-0.028022736310958862,0.5274210572242737,0.7691375613212585,-0.016487672924995422,0.4589776396751404,0.767700731754303,-0.05784948542714119,0.5294985175132751,0.9073609709739685,0.17405731976032257,0.45395559072494507,0.910431444644928,0.10688557475805283,0.5242069959640503,0.9240540862083435,0.1847994029521942,0.4578501582145691,0.9245808124542236,0.1150481104850769,0.533907949924469,0.9571877717971802,0.038059405982494354,0.4534575939178467,0.9643185138702393,-0.03846677392721176
22,draw_x,a06_s04_e03,0.48960286378860474,0.34318992495536804,-0.20296943187713623,0.4934484362602234,0.33068975806236267,-0.1784963607788086,0.4962107539176941,0.33041051030158997,-0.1784611940383911,0.4991030693054199,0.3302646279335022,-0.17841465771198273,0.48314517736434937,0.3315339982509613,-0.1835128366947174,0.47892212867736816,0.3315185010433197,-0.18354086577892303,0.475070059299469,0.33156540989875793,-0.183563232421875,0.5042110681533813,0.33706313371658325,-0.0399496965110302,0.46827244758605957,0.33648884296417236,-0.06381594389677048,0.496942937374115,0.3596577048301697,-0.15119574964046478,0.482832133769989,0.35919255018234253,-0.1585191786289215,0.5343202352523804,0.4261332154273987,0.04509508237242699,0.4468443989753723,0.40144142508506775,-0.0723545104265213,0.552125871181488,0.5315152406692505,0.05816652625799179,0.47097334265708923,0.416821151971817,-0.27558451890945435,0.5720807313919067,0.6135159134864807,-0.002800320740789175,0.5222494006156921,0.3666173219680786,-0.4694410264492035,0.5755463242530823,0.64234459400177,-0.020376676693558693,0.535854697227478,0.3550979197025299,-0.5248143076896667,0.572546124458313,0.6421069502830505,-0.051850151270627975,0.5364991426467896,0.35070112347602844,-0.5155125856399536,0.569875180721283,0.6322789788246155,-0.01608295552432537,0.5317157506942749,0.3562670946121216,-0.47222551703453064,0.5202470421791077,0.614739716053009,0.02778620459139347,0.46495574712753296,0.6147342920303345,-0.02786427177488804,0.5274227261543274,0.7690228223800659,-0.016528405249118805,0.4590361714363098,0.7675612568855286,-0.05872087925672531,0.5295373201370239,0.9079330563545227,0.17572960257530212,0.4538452625274658,0.9103585481643677,0.10780616104602814,0.5242363810539246,0.9252702593803406,0.18641363084316254,0.4578104019165039,0.924570620059967,0.1161767840385437,0.5339022874832153,0.9573132395744324,0.039124902337789536,0.45343050360679626,0.9642518758773804,-0.037483714520931244
23,draw_x,a06_s04_e03,0.4893674850463867,0.3422278165817261,-0.20804305374622345,0.49347376823425293,0.3302489221096039,-0.1844753921031952,0.4962694048881531,0.32998424768447876,-0.18443885445594788,0.4992256164550781,0.3298526406288147,-0.18438692390918732,0.4830971360206604,0.3311576247215271,-0.18886029720306396,0.47889256477355957,0.33124658465385437,-0.1888945996761322,0.475057452917099,0.33138126134872437,-0.188898503780365,0.5047920942306519,0.33609262108802795,-0.04198765382170677,0.4686157703399658,0.33649009466171265,-0.0666537880897522,0.49680107831954956,0.35793405771255493,-0.1534552276134491,0.4825296401977539,0.3579246401786804,-0.1604248583316803,0.5355547070503235,0.4248180091381073,0.04029902070760727,0.4468359351158142,0.401640921831131,-0.07134874165058136,0.5522836446762085,0.5305587649345398,0.057217441499233246,0.46188345551490784,0.42360594868659973,-0.2765296995639801,0.5717865228652954,0.6136987209320068,0.0010711184004321694,0.5183531045913696,0.3888903856277466,-0.4904136061668396,0.5753103494644165,0.6425321698188782,-0.013735910877585411,0.5338670015335083,0.38011404871940613,-0.5442071557044983,0.5721765756607056,0.6424376368522644,-0.04566342383623123,0.5349224805831909,0.37637218832969666,-0.534416913986206,0.5694177746772766,0.6326729655265808,-0.011861970648169518,0.5290826559066772,0.38065335154533386,-0.493035227060318,0.5202469825744629,0.61472487449646,0.027501115575432777,0.46495699882507324,0.614690363407135,-0.027587667107582092,0.5274161100387573,0.7688365578651428,-0.012254530563950539,0.45904484391212463,0.7674471735954285,-0.055842142552137375,0.5296149849891663,0.9082478284835815,0.18197157979011536,0.4537580609321594,0.9099628925323486,0.11751322448253632,0.524326741695404,0.9261435866355896,0.19234317541122437,0.45775213837623596,0.9244424700737,0.12625671923160553,0.5339044332504272,0.9573951959609985,0.04546969383955002,0.4533558785915375,0.9640415906906128,-0.026274990290403366
24,draw_x,a06_s04_e03,0.48934808373451233,0.3421964645385742,-0.20764705538749695,0.4935995936393738,0.3302428126335144,-0.18493099510669708,0.4964263439178467,0.3299795985221863,-0.184900164604187,0.49951067566871643,0.32984116673469543,-0.18485018610954285,0.48310503363609314,0.33112582564353943,-0.18933764100074768,0.47892946004867554,0.33121931552886963,-0.18936610221862793,0.4751046597957611,0.3313593864440918,-0.189371719956398,0.5056080222129822,0.3359825909137726,-0.04512600973248482,0.4691299498081207,0.33654993772506714,-0.06871260702610016,0.4967504143714905,0.35772231221199036,-0.15402443706989288,0.48249632120132446,0.35779711604118347,-0.16089972853660583,0.5362111330032349,0.42390626668930054,0.04147569090127945,0.4468521475791931,0.4022124409675598,-0.06282778829336166,0.5522933006286621,0.5293498635292053,0.06055391579866409,0.4576062262058258,0.43728700280189514,-0.26945704221725464,0.5715686082839966,0.6142942309379578,0.0009838270489126444,0.505715548992157,0.4064517319202423,-0.49643969535827637,0.5752190351486206,0.6431369185447693,-0.012894555926322937,0.5225249528884888,0.39993613958358765,-0.548852801322937,0.571977972984314,0.6432599425315857,-0.04463054984807968,0.524086058139801,0.3957715332508087,-0.5408548712730408,0.5691373944282532,0.6335581541061401,-0.011844383552670479,0.5165644884109497,0.3987623453140259,-0.4996064305305481,0.5202769637107849,0.6146795749664307,0.027447909116744995,0.464954674243927,0.6145935654640198,-0.027533048763871193,0.5274177193641663,0.7687802910804749,-0.00449481513351202,0.45908135175704956,0.7672260999679565,-0.052748192101716995,0.5296609997749329,0.9083215594291687,0.18167121708393097,0.45366305112838745,0.9099427461624146,0.11680068075656891,0.524405837059021,0.9264549612998962,0.1915266215801239,0.45767492055892944,0.9244739413261414,0.1252381056547165,0.5339266061782837,0.957413911819458,0.046291984617710114,0.45324864983558655,0.9639521837234497,-0.025908032432198524
25,draw_x,a06_s04_e03,0.4893345236778259,0.34219810366630554,-0.21110983192920685,0.4937001168727875,0.3302516043186188,-0.18960615992546082,0.4965723156929016,0.3299936056137085,-0.18956708908081055,0.49972981214523315,0.32984840869903564,-0.1895006000995636,0.4831039011478424,0.3311394155025482,-0.19305290281772614,0.47898954153060913,0.33124464750289917,-0.1930779367685318,0.47521400451660156,0.3313938081264496,-0.19307979941368103,0.5059860944747925,0.3359913229942322,-0.05091129615902901,0.46972256898880005,0.337092787027359,-0.07031642645597458,0.49674099683761597,0.35770148038864136,-0.1576770544052124,0.48250842094421387,0.3577793836593628,-0.16340988874435425,0.5372716188430786,0.424309104681015,0.040199242532253265,0.44706249237060547,0.40384066104888916,-0.06575632840394974,0.5523675680160522,0.5294134020805359,0.05819948762655258,0.4533418118953705,0.4397375285625458,-0.2716860771179199,0.5715159177780151,0.6152247190475464,0.0007251779898069799,0.501787543296814,0.41566145420074463,-0.5054196119308472,0.5752102136611938,0.6440354585647583,-0.01595752127468586,0.5197525024414062,0.41407310962677,-0.5576469898223877,0.5719305276870728,0.6442030072212219,-0.04722083732485771,0.5223859548568726,0.4090549349784851,-0.5486130714416504,0.5690699219703674,0.6343977451324463,-0.012246912345290184,0.5151656866073608,0.41002464294433594,-0.5080496072769165,0.5203041434288025,0.6146738529205322,0.027011508122086525,0.4649491310119629,0.6145265102386475,-0.027108022943139076,0.5274215936660767,0.7686253786087036,0.003240902442485094,0.4591384530067444,0.766930341720581,-0.04762232303619385,0.5297213792800903,0.9083060026168823,0.186411052942276,0.45362550020217896,0.9092534780502319,0.11985816061496735,0.5244992971420288,0.9264377951622009,0.1956205666065216,0.4576430916786194,0.9240017533302307,0.12815919518470764,0.5339063405990601,0.95741868019104,0.050849705934524536,0.45324215292930603,0.9636756777763367,-0.022197922691702843
26,draw_x,a06_s04_e03,0.489623486995697,0.3419192135334015,-0.2079859972000122,0.4941871166229248,0.32999181747436523,-0.18657299876213074,0.49715131521224976,0.32974773645401,-0.18653079867362976,0.5005658268928528,0.3296312093734741,-0.18646030128002167,0.4832407832145691,0.33097660541534424,-0.19027718901634216,0.4791731834411621,0.331148624420166,-0.1903005987405777,0.4753901958465576,0.33134275674819946,-0.1903042495250702,0.5068008303642273,0.33581992983818054,-0.04904203489422798,0.470022052526474,0.3371596932411194,-0.06975691020488739,0.4970340132713318,0.3571179211139679,-0.15527603030204773,0.4829261302947998,0.3572162687778473,-0.16143719851970673,0.5379742383956909,0.4243001937866211,0.04240187257528305,0.44705256819725037,0.4039347469806671,-0.06239138916134834,0.5523775219917297,0.5293921232223511,0.05938977003097534,0.448237806558609,0.4441334009170532,-0.26374199986457825,0.5714788436889648,0.6152104139328003,-0.007498180028051138,0.49345406889915466,0.42501574754714966,-0.4965275228023529,0.5751951932907104,0.6440505981445312,-0.024323975667357445,0.5117846727371216,0.42551395297050476,-0.5492095351219177,0.5719310641288757,0.6442065834999084,-0.05635017156600952,0.5156147480010986,0.41850098967552185,-0.540449857711792,0.5690706968307495,0.6343823671340942,-0.021193450316786766,0.5094172358512878,0.4181818664073944,-0.49932917952537537,0.5203057527542114,0.6144644021987915,0.026948314160108566,0.4649186134338379,0.6139088273048401,-0.027044158428907394,0.5274327993392944,0.7677676677703857,0.0017957498785108328,0.4591749608516693,0.7660187482833862,-0.0482436902821064,0.5297792553901672,0.9081188440322876,0.18510720133781433,0.4535958170890808,0.9073507189750671,0.11886032670736313,0.5245075225830078,0.9263718724250793,0.19437755644321442,0.45756369829177856,0.922615110874176,0.12708957493305206,0.5338452458381653,0.9573270082473755,0.049575693905353546,0.4532083570957184,0.9630146026611328,-0.023667531087994576
27,draw_x,a06_s04_e03,0.4896504878997803,0.34169626235961914,-0.20815572142601013,0.4943392276763916,0.3298055827617645,-0.18843695521354675,0.49738049507141113,0.3295639157295227,-0.18841074407100677,0.5008605718612671,0.3294650912284851,-0.1883474886417389,0.4832441806793213,0.3308658301830292,-0.19197815656661987,0.47920599579811096,0.3310868442058563,-0.19199374318122864,0.4754270017147064,0.33131036162376404,-0.1919941008090973,0.5072349309921265,0.33554068207740784,-0.05437515303492546,0.4701817035675049,0.33716025948524475,-0.0752682089805603,0.4971301555633545,0.3567400872707367,-0.1558455228805542,0.4829935133457184,0.35664162039756775,-0.16171148419380188,0.5382636785507202,0.4236270785331726,0.03984059393405914,0.446890652179718,0.404056578874588,-0.05709205940365791,0.5523094534873962,0.5285961031913757,0.058846235275268555,0.4468621611595154,0.4619286358356476,-0.23889222741127014,0.5714529156684875,0.6151764988899231,-0.011947055347263813,0.47857579588890076,0.4430962800979614,-0.48396772146224976,0.5751413702964783,0.6439269185066223,-0.028272753581404686,0.4955887198448181,0.4393748939037323,-0.5327174663543701,0.5719335079193115,0.6441921591758728,-0.060143936425447464,0.498391330242157,0.42975515127182007,-0.5315549373626709,0.5690810084342957,0.6343668699264526,-0.025391215458512306,0.4911474585533142,0.42944738268852234,-0.4891235828399658,0.5203038454055786,0.6141237020492554,0.026630830019712448,0.46491795778274536,0.6133546829223633,-0.026713397353887558,0.5274396538734436,0.7669233679771423,0.002480702940374613,0.45921334624290466,0.7652952671051025,-0.04838653281331062,0.5298237204551697,0.907604992389679,0.1778171956539154,0.45354756712913513,0.9064532518386841,0.11453493684530258,0.5245341062545776,0.9260311126708984,0.18520484864711761,0.45726871490478516,0.9217798113822937,0.12197396904230118,0.5337824821472168,0.9571015238761902,0.042491789907217026,0.45338597893714905,0.962647557258606,-0.02808644250035286
28,draw_x,a06_s04_e03,0.48989588022232056,0.34154096245765686,-0.20467384159564972,0.49464839696884155,0.3296804428100586,-0.1856921911239624,0.497720330953598,0.329423725605011,-0.18568646907806396,0.5013064742088318,0.3293226957321167,-0.18564268946647644,0.48343682289123535,0.3307913839817047,-0.1892281025648117,0.4794294834136963,0.3310416042804718,-0.18924029171466827,0.4756733775138855,0.3312841057777405,-0.18924067914485931,0.5077324509620667,0.335346519947052,-0.053999803960323334,0.4705585837364197,0.3371351361274719,-0.07451357692480087,0.49738019704818726,0.35649794340133667,-0.15357723832130432,0.48344478011131287,0.3563307523727417,-0.15946391224861145,0.538456916809082,0.4231119751930237,0.03987319767475128,0.44682973623275757,0.40443769097328186,-0.03895271196961403,0.5522597432136536,0.5271740555763245,0.06596549600362778,0.4432806372642517,0.47774866223335266,-0.20318226516246796,0.5713805556297302,0.6130079030990601,-0.012701800093054771,0.46209144592285156,0.4594097137451172,-0.46212759613990784,0.5750870108604431,0.6421584486961365,-0.030432695522904396,0.4724273085594177,0.45051345229148865,-0.513144314289093,0.571966290473938,0.6428996324539185,-0.06318981945514679,0.471951961517334,0.4381799101829529,-0.5174199342727661,0.5691372156143188,0.6330195665359497,-0.026524394750595093,0.47089090943336487,0.43944594264030457,-0.470050185918808,0.5203331708908081,0.6133425235748291,0.026141071692109108,0.46501582860946655,0.6123276948928833,-0.026193493977189064,0.5274659991264343,0.7655964493751526,0.0022204737178981304,0.4593188762664795,0.7643002867698669,-0.048542942851781845,0.5298320055007935,0.9073248505592346,0.16911615431308746,0.45352333784103394,0.9054393172264099,0.10974766314029694,0.5244971513748169,0.9258111119270325,0.17538967728614807,0.45704013109207153,0.920752763748169,0.11653667688369751,0.5337446331977844,0.9570156335830688,0.029795054346323013,0.4535275995731354,0.9624814987182617,-0.03387714549899101
29,draw_x,a06_s04_e03,0.48994454741477966,0.3415186107158661,-0.19984132051467896,0.4947473108768463,0.3296450972557068,-0.18164308369159698,0.49786800146102905,0.329375296831131,-0.18163780868053436,0.5014738440513611,0.32926273345947266,-0.18160006403923035,0.4834669232368469,0.3307900130748749,-0.1844736486673355,0.4795258939266205,0.3310461640357971,-0.18448010087013245,0.4758041501045227,0.3312973380088806,-0.18448057770729065,0.508088231086731,0.3352791965007782,-0.053438473492860794,0.4708527624607086,0.3371444642543793,-0.07045157253742218,0.49746865034103394,0.35646650195121765,-0.1500273048877716,0.4835937023162842,0.35626906156539917,-0.15484806895256042,0.5386677384376526,0.4229002594947815,0.04142522066831589,0.44683733582496643,0.40443605184555054,-0.02525460161268711,0.5522910356521606,0.5267372727394104,0.07366626709699631,0.4371114671230316,0.48468393087387085,-0.16432222723960876,0.5713498592376709,0.6119178533554077,-0.01369328610599041,0.4562099575996399,0.47151049971580505,-0.41103029251098633,0.5750554203987122,0.6410537958145142,-0.03553564101457596,0.46830517053604126,0.4698660671710968,-0.46235331892967224,0.5719808340072632,0.6417015790939331,-0.06882073730230331,0.46853262186050415,0.4556921720504761,-0.4689410626888275,0.5691723227500916,0.6316091418266296,-0.028117218986153603,0.46641430258750916,0.455501914024353,-0.41900357604026794,0.5203368067741394,0.6129637360572815,0.023575736209750175,0.4651648998260498,0.6119250059127808,-0.023570168763399124,0.5274986624717712,0.7646613717079163,0.0020833928138017654,0.4593384861946106,0.7639428973197937,-0.048315469175577164,0.529787540435791,0.9066487550735474,0.1612018644809723,0.4535180628299713,0.9051884412765503,0.10553200542926788,0.5242069959640503,0.9253596067428589,0.16735336184501648,0.4570205807685852,0.920356035232544,0.11197588592767715,0.5337177515029907,0.9566279649734497,0.021537965163588524,0.45353126525878906,0.962230920791626,-0.038634397089481354
30,draw_x,a06_s04_e03,0.48998793959617615,0.34139177203178406,-0.20089563727378845,0.4948447346687317,0.32949480414390564,-0.18226206302642822,0.4980347752571106,0.329206645488739,-0.18225416541099548,0.50162672996521,0.329086571931839,-0.18221530318260193,0.48348674178123474,0.3307434022426605,-0.18520709872245789,0.4795915186405182,0.33103448152542114,-0.18521609902381897,0.4758822023868561,0.3312946557998657,-0.18521925806999207,0.5083005428314209,0.33520251512527466,-0.054259635508060455,0.4711092412471771,0.33714520931243896,-0.0708802193403244,0.49756336212158203,0.35635221004486084,-0.1511351615190506,0.4836727976799011,0.3561263382434845,-0.15605835616588593,0.5389065146446228,0.4226497411727905,0.04158451408147812,0.4468671679496765,0.40479689836502075,-0.024141060188412666,0.55252605676651,0.5266303420066833,0.07957945019006729,0.43459805846214294,0.4884263873100281,-0.14592820405960083,0.5713475942611694,0.6114920377731323,-0.01615067757666111,0.44977983832359314,0.48841091990470886,-0.3938151001930237,0.5750279426574707,0.6407052874565125,-0.041857682168483734,0.45897340774536133,0.4928932785987854,-0.4463346004486084,0.5719828009605408,0.6412943601608276,-0.07644498348236084,0.45992597937583923,0.47588402032852173,-0.4563155174255371,0.569201648235321,0.631125807762146,-0.03169441968202591,0.458388090133667,0.473727822303772,-0.4029221534729004,0.5203527808189392,0.6129181981086731,0.021832192316651344,0.46537646651268005,0.611878514289856,-0.02179950848221779,0.527657151222229,0.7646922469139099,0.001219884492456913,0.45943671464920044,0.7638543844223022,-0.04835313558578491,0.5298138856887817,0.9066040515899658,0.1580817550420761,0.453512966632843,0.9052116274833679,0.10204003006219864,0.5242088437080383,0.925335168838501,0.16420230269432068,0.45701712369918823,0.9203885197639465,0.10818592458963394,0.5337206125259399,0.9566087126731873,0.018351880833506584,0.4536105692386627,0.9621670246124268,-0.043428633362054825
31,draw_x,a06_s04_e03,0.49015170335769653,0.3412923216819763,-0.21202842891216278,0.495065301656723,0.3293699026107788,-0.19337041676044464,0.4982976019382477,0.3290645480155945,-0.19337746500968933,0.5018714666366577,0.32893478870391846,-0.19335460662841797,0.483585923910141,0.33071038126945496,-0.197207972407341,0.4796839654445648,0.3310316503047943,-0.19721528887748718,0.47599416971206665,0.33129870891571045,-0.19721196591854095,0.5084807276725769,0.335051566362381,-0.06431744992733002,0.47130927443504333,0.3371458947658539,-0.08537951111793518,0.49775058031082153,0.3561956286430359,-0.16205911338329315,0.48376208543777466,0.3560848534107208,-0.1681518703699112,0.538927435874939,0.4222901463508606,0.034647922962903976,0.4468810558319092,0.4063568711280823,-0.033843860030174255,0.5525621771812439,0.5249608755111694,0.07468021661043167,0.4347156584262848,0.4925394058227539,-0.1521584689617157,0.5713502168655396,0.60926753282547,-0.02683493122458458,0.4474634528160095,0.4990800619125366,-0.3973658084869385,0.5750260353088379,0.6383953094482422,-0.054146669805049896,0.4530777037143707,0.508763313293457,-0.4496021270751953,0.5720669627189636,0.6389166116714478,-0.09080436825752258,0.4544220566749573,0.4919355809688568,-0.46137556433677673,0.5693211555480957,0.628605306148529,-0.04359891638159752,0.453546941280365,0.48822271823883057,-0.407367080450058,0.5204658508300781,0.612864077091217,0.021338608115911484,0.46593189239501953,0.6117559671401978,-0.021294349804520607,0.5276943445205688,0.7647233605384827,0.0007398108718916774,0.45963263511657715,0.763668954372406,-0.04828854650259018,0.5298445820808411,0.9066636562347412,0.15339551866054535,0.4535195827484131,0.9056137204170227,0.09610127657651901,0.5242131948471069,0.9253485798835754,0.15869608521461487,0.4569167494773865,0.9206797480583191,0.10144321620464325,0.5340954661369324,0.9567135572433472,0.011822270229458809,0.4540034830570221,0.9621658325195312,-0.0516505166888237
32,draw_x,a06_s04_e03,0.4902099668979645,0.3411330580711365,-0.22651739418506622,0.49518147110939026,0.3292231559753418,-0.2077118158340454,0.4984460771083832,0.3289227783679962,-0.20771494507789612,0.5019729137420654,0.3288121521472931,-0.20769143104553223,0.4836159348487854,0.33064258098602295,-0.21176859736442566,0.4797171950340271,0.33100706338882446,-0.21177852153778076,0.47603878378868103,0.3312869966030121,-0.21177168190479279,0.5085614919662476,0.33501169085502625,-0.07740351557731628,0.4713745713233948,0.33713486790657043,-0.09949501603841782,0.4978330731391907,0.35603010654449463,-0.1760561764240265,0.4837650656700134,0.35602515935897827,-0.18247054517269135,0.5390230417251587,0.42221736907958984,0.027713719755411148,0.44664210081100464,0.40812283754348755,-0.03867321088910103,0.5529069900512695,0.5247611403465271,0.0744255930185318,0.43050655722618103,0.494974285364151,-0.13662104308605194,0.5717080235481262,0.6076744198799133,-0.03485604748129845,0.43918299674987793,0.514593780040741,-0.3763229548931122,0.5751197934150696,0.6369492411613464,-0.06389240175485611,0.4432132840156555,0.5286753177642822,-0.4285348355770111,0.5723717212677002,0.63709557056427,-0.10271166265010834,0.44652897119522095,0.5159213542938232,-0.44415226578712463,0.5697692036628723,0.6265302300453186,-0.05286185070872307,0.44616609811782837,0.5098863840103149,-0.38745397329330444,0.5206000804901123,0.6129912734031677,0.021443072706460953,0.46640071272850037,0.6117953062057495,-0.021406710147857666,0.5278080701828003,0.7648628354072571,0.0009494611294940114,0.4598007798194885,0.7637556195259094,-0.04835984855890274,0.5298500061035156,0.9073501825332642,0.15297076106071472,0.4535159170627594,0.906201183795929,0.09305381029844284,0.5241788029670715,0.925999641418457,0.1582687646150589,0.45684823393821716,0.921176016330719,0.09829764813184738,0.534843385219574,0.9570995569229126,0.01260184682905674,0.45415815711021423,0.962205171585083,-0.05425213649868965
33,draw_x,a06_s04_e03,0.4902091920375824,0.3410113453865051,-0.25453609228134155,0.49519628286361694,0.3291211426258087,-0.23610389232635498,0.4984839856624603,0.3288239538669586,-0.23610229790210724,0.5019804835319519,0.3287229537963867,-0.23607945442199707,0.4836159646511078,0.33057278394699097,-0.23999746143817902,0.47971853613853455,0.33097079396247864,-0.2400176227092743,0.47604846954345703,0.33126306533813477,-0.24000747501850128,0.5085638165473938,0.3349648416042328,-0.10581748187541962,0.47138428688049316,0.33712348341941833,-0.1275196522474289,0.4978683888912201,0.3558819890022278,-0.20402932167053223,0.4837576448917389,0.35591962933540344,-0.21035972237586975,0.5391870737075806,0.4220290780067444,-0.0013842119369655848,0.4456789493560791,0.4095544219017029,-0.05323748663067818,0.5531884431838989,0.5247039198875427,0.05033150315284729,0.4248829483985901,0.50059974193573,-0.1359718143939972,0.5720728635787964,0.6076678037643433,-0.06879253685474396,0.4312421381473541,0.5272924304008484,-0.3736710548400879,0.5753368139266968,0.637005090713501,-0.09970289468765259,0.4337708055973053,0.5417073369026184,-0.42510277032852173,0.5727147459983826,0.637109637260437,-0.13945916295051575,0.4371476173400879,0.5308606028556824,-0.44317302107810974,0.5701557993888855,0.6265908479690552,-0.08733192831277847,0.4375041425228119,0.5255006551742554,-0.3858705461025238,0.5206314921379089,0.6130931377410889,0.019978757947683334,0.46658626198768616,0.6119050979614258,-0.01995912566781044,0.5278099775314331,0.7654278874397278,0.0009187559480778873,0.459916889667511,0.7641938924789429,-0.045716069638729095,0.5298548936843872,0.9079237580299377,0.15447698533535004,0.45351099967956543,0.9067493081092834,0.09518931806087494,0.5241642594337463,0.9263523817062378,0.1600777804851532,0.4567226469516754,0.9216606020927429,0.10128641128540039,0.5351198315620422,0.9575015306472778,0.013264549896121025,0.4542478919029236,0.9622023105621338,-0.05074688792228699
34,draw_x,a06_s04_e03,0.49030154943466187,0.3410091698169708,-0.2650146782398224,0.4952986240386963,0.3291112780570984,-0.24662509560585022,0.4985724091529846,0.32881611585617065,-0.24662630259990692,0.5020193457603455,0.3287167549133301,-0.24661056697368622,0.48367995023727417,0.3305697441101074,-0.2504614293575287,0.47976651787757874,0.3309692442417145,-0.2504841387271881,0.47612887620925903,0.33126506209373474,-0.25046950578689575,0.5085562467575073,0.3349572420120239,-0.11548926681280136,0.4714072346687317,0.3371281027793884,-0.1371094286441803,0.49796777963638306,0.3558821678161621,-0.21428266167640686,0.48382478952407837,0.35592561960220337,-0.22060593962669373,0.5393062233924866,0.4220084846019745,-0.012494610622525215,0.44517287611961365,0.4106747508049011,-0.06173580139875412,0.5533231496810913,0.5246550440788269,0.03862868249416351,0.4227226674556732,0.4984738528728485,-0.14228922128677368,0.5724121332168579,0.6077147126197815,-0.07408038526773453,0.42317795753479004,0.5318459868431091,-0.38746586441993713,0.5756773352622986,0.6370890140533447,-0.10402679443359375,0.4225502610206604,0.5466469526290894,-0.4397416114807129,0.5731009244918823,0.6371161341667175,-0.14428851008415222,0.42605000734329224,0.538116991519928,-0.4582479000091553,0.570568323135376,0.6266593337059021,-0.0925954207777977,0.42800360918045044,0.5330862998962402,-0.4010102152824402,0.5207208395004272,0.6132319569587708,0.01906609535217285,0.46662116050720215,0.6120954751968384,-0.019050482660531998,0.5278249979019165,0.7657965421676636,0.002888083690777421,0.46014270186424255,0.7645487189292908,-0.043032608926296234,0.5298688411712646,0.9080875515937805,0.15433265268802643,0.4534897804260254,0.9072710275650024,0.09646191447973251,0.5241729617118835,0.9264729619026184,0.1595391184091568,0.4565853476524353,0.9220660328865051,0.10303755104541779,0.5352147817611694,0.9576922059059143,0.010834828950464725,0.4542798101902008,0.9622032642364502,-0.04896945506334305
35,draw_x,a06_s04_e03,0.49037355184555054,0.34100428223609924,-0.26858216524124146,0.49535664916038513,0.32908013463020325,-0.2509055733680725,0.49862122535705566,0.3287857174873352,-0.25090715289115906,0.5020285248756409,0.32869023084640503,-0.2508799135684967,0.4837242066860199,0.3305584490299225,-0.254229873418808,0.4798026978969574,0.33096668124198914,-0.25424084067344666,0.47618284821510315,0.3312649726867676,-0.2542429566383362,0.5085505247116089,0.3349100947380066,-0.12265689671039581,0.47141924500465393,0.3371284604072571,-0.1418057084083557,0.49803972244262695,0.3558754026889801,-0.21888169646263123,0.4839116036891937,0.35592514276504517,-0.22452609241008759,0.53948974609375,0.42155033349990845,-0.018660742789506912,0.44472336769104004,0.41071560978889465,-0.06411736458539963,0.5534824728965759,0.5241639018058777,0.04404865577816963,0.4210518002510071,0.49287891387939453,-0.10533785820007324,0.5726508498191833,0.6078075766563416,-0.06025753542780876,0.41355857253074646,0.5393569469451904,-0.3107210397720337,0.576016366481781,0.6371667981147766,-0.08735485374927521,0.4107229709625244,0.556727945804596,-0.3561844527721405,0.5734831094741821,0.6371881365776062,-0.12873952090740204,0.4168998599052429,0.5510753989219666,-0.38459303975105286,0.5709456205368042,0.6267741322517395,-0.07877824455499649,0.4200025200843811,0.5459451079368591,-0.326988160610199,0.5211093425750732,0.6132829189300537,0.017545325681567192,0.4670940339565277,0.6123185753822327,-0.01752006635069847,0.527856707572937,0.7663192749023438,0.004151893313974142,0.46030932664871216,0.7648069858551025,-0.042689938098192215,0.5298733115196228,0.9083251953125,0.15140190720558167,0.4534784257411957,0.9077054858207703,0.09454520791769028,0.5241838097572327,0.9265310168266296,0.15587687492370605,0.45647239685058594,0.922325074672699,0.09949643164873123,0.5352055430412292,0.9579572677612305,0.007274990435689688,0.45429474115371704,0.9622011184692383,-0.05275733023881912
36,draw_x,a06_s04_e03,0.490418016910553,0.3410615622997284,-0.2765347361564636,0.4953652322292328,0.329094260931015,-0.25939661264419556,0.49862900376319885,0.3287964165210724,-0.25939837098121643,0.5020206570625305,0.3286927342414856,-0.2593667805194855,0.4837396740913391,0.33060121536254883,-0.26240473985671997,0.47982412576675415,0.3310358226299286,-0.262405127286911,0.47622841596603394,0.3313385546207428,-0.2624094784259796,0.5084971189498901,0.3349059224128723,-0.13347819447517395,0.4714396893978119,0.33721432089805603,-0.1509169489145279,0.49809274077415466,0.3559422492980957,-0.22773006558418274,0.4840254783630371,0.3560084104537964,-0.2328377217054367,0.5395907163619995,0.42139771580696106,-0.02982967719435692,0.4445585310459137,0.4108295440673828,-0.06875058263540268,0.5535131692886353,0.523630678653717,0.040908098220825195,0.4187454283237457,0.4899924397468567,-0.08577807247638702,0.5727760195732117,0.6078360676765442,-0.060398977249860764,0.40557584166526794,0.5438277721405029,-0.26605311036109924,0.5762129426002502,0.6371117234230042,-0.08640222996473312,0.4017670154571533,0.5618427395820618,-0.3071696162223816,0.5738558173179626,0.6371231079101562,-0.129560187458992,0.407198429107666,0.5579372644424438,-0.3389536738395691,0.5713925361633301,0.6268541216850281,-0.0797378346323967,0.41131526231765747,0.5527759194374084,-0.2831215262413025,0.5212935209274292,0.6133813858032227,0.015268882736563683,0.46753010153770447,0.6124285459518433,-0.015234353020787239,0.5278600454330444,0.7664905786514282,0.004063010681420565,0.46046215295791626,0.7649408578872681,-0.040937960147857666,0.5298774242401123,0.908355712890625,0.14480707049369812,0.45347148180007935,0.9078341126441956,0.09156429022550583,0.5241881608963013,0.9264985918998718,0.14846093952655792,0.4563726782798767,0.922377347946167,0.0953655019402504,0.535165011882782,0.957969069480896,0.00045782391680404544,0.454326331615448,0.9620169401168823,-0.05566857382655144
37,draw_x,a06_s04_e03,0.49041932821273804,0.34119555354118347,-0.3014928996562958,0.49535924196243286,0.32918670773506165,-0.2841593623161316,0.49862733483314514,0.3288935720920563,-0.2841534912586212,0.5019809603691101,0.32876795530319214,-0.2841251492500305,0.48374128341674805,0.3307134211063385,-0.2872651219367981,0.47982925176620483,0.3311728537082672,-0.28727248311042786,0.47624701261520386,0.33146288990974426,-0.28728270530700684,0.5084149241447449,0.3349120318889618,-0.1575261652469635,0.4714454710483551,0.33734574913978577,-0.17486877739429474,0.4981020987033844,0.3560236990451813,-0.25247257947921753,0.4840605854988098,0.3561100661754608,-0.2575438320636749,0.5396890640258789,0.42139196395874023,-0.0523642972111702,0.4442126750946045,0.4114142954349518,-0.09099239856004715,0.5536027550697327,0.5236222743988037,0.01602110266685486,0.4151851534843445,0.4917263388633728,-0.10504168272018433,0.5729833245277405,0.6080445647239685,-0.08920244127511978,0.40015000104904175,0.5536571741104126,-0.2848445475101471,0.5763627290725708,0.6371957659721375,-0.1164475530385971,0.39536741375923157,0.5713965892791748,-0.32714951038360596,0.5740271806716919,0.6371911764144897,-0.1599484086036682,0.40033215284347534,0.5677288770675659,-0.3592712879180908,0.571610152721405,0.6271059513092041,-0.10903457552194595,0.40443629026412964,0.5627994537353516,-0.30207791924476624,0.5214115381240845,0.6143078207969666,0.013622906990349293,0.4677589535713196,0.6131782531738281,-0.013589916750788689,0.5278629660606384,0.7670800685882568,0.0037877827417105436,0.46053123474121094,0.7653447985649109,-0.03661196306347847,0.5298808813095093,0.9082428216934204,0.14778058230876923,0.4534685015678406,0.9078465700149536,0.10225574672222137,0.5242016911506653,0.9257315993309021,0.1514066904783249,0.4563647210597992,0.922382652759552,0.10659056901931763,0.5347623229026794,0.9579699635505676,0.0020559474360197783,0.4543326795101166,0.9619066119194031,-0.045112621039152145
38,draw_x,a06_s04_e03,0.4904225468635559,0.34146660566329956,-0.3222295045852661,0.49535369873046875,0.3293827474117279,-0.30464300513267517,0.49862346053123474,0.3290780484676361,-0.30463382601737976,0.5019290447235107,0.3289179503917694,-0.3046056926250458,0.483742892742157,0.3309404253959656,-0.3080363869667053,0.47983741760253906,0.33142879605293274,-0.30804580450057983,0.4762677252292633,0.3317028880119324,-0.3080528974533081,0.5082696676254272,0.33494850993156433,-0.17585489153862,0.4714491367340088,0.3375524580478668,-0.19440707564353943,0.498115211725235,0.3561791777610779,-0.2723933458328247,0.48411354422569275,0.3562738299369812,-0.27779969573020935,0.5397608876228333,0.42142418026924133,-0.06837562471628189,0.4437936842441559,0.41217485070228577,-0.10688896477222443,0.553662896156311,0.5237582921981812,0.0021652146242558956,0.41362816095352173,0.49399492144584656,-0.1103488951921463,0.573014497756958,0.608090341091156,-0.10321865975856781,0.3967309594154358,0.5554243922233582,-0.27962538599967957,0.5764179229736328,0.6372377872467041,-0.13059785962104797,0.3908270001411438,0.5757635831832886,-0.32089635729789734,0.5740901231765747,0.6372351050376892,-0.1744321882724762,0.39523759484291077,0.5724717378616333,-0.35431596636772156,0.5716754198074341,0.6271657943725586,-0.12317739427089691,0.3995423913002014,0.5668920278549194,-0.29712265729904175,0.5214935541152954,0.6147204637527466,0.012375812977552414,0.4677980840206146,0.6137875318527222,-0.012339181266725063,0.527877688407898,0.7672289609909058,0.005716225598007441,0.46060824394226074,0.7655322551727295,-0.031152188777923584,0.5298709869384766,0.9081729650497437,0.1566232144832611,0.45346546173095703,0.9078343510627747,0.11348706483840942,0.5241857767105103,0.9254708886146545,0.1611884981393814,0.4563596844673157,0.9223318696022034,0.11835058033466339,0.5345456004142761,0.9579412341117859,0.008792777545750141,0.4543336033821106,0.9617809653282166,-0.0347977876663208
39,draw_x,a06_s04_e03,0.49041739106178284,0.3417971432209015,-0.3257606625556946,0.495339572429657,0.3296912908554077,-0.30826622247695923,0.49861940741539,0.32937008142471313,-0.30826279520988464,0.5018953084945679,0.3291722238063812,-0.30823570489883423,0.4837285876274109,0.33128759264945984,-0.3117538094520569,0.47983646392822266,0.33180275559425354,-0.3117613196372986,0.47627168893814087,0.33203789591789246,-0.31177061796188354,0.5081961750984192,0.3350164592266083,-0.17871151864528656,0.471445232629776,0.33780571818351746,-0.19751045107841492,0.49811846017837524,0.3564133942127228,-0.27545589208602905,0.4841160774230957,0.3565422296524048,-0.2809140384197235,0.5397979021072388,0.42142486572265625,-0.06877438724040985,0.4435003399848938,0.41259002685546875,-0.10844491422176361,0.5536653399467468,0.5237721800804138,0.004647804424166679,0.4122624397277832,0.4951707720756531,-0.09937143325805664,0.573027491569519,0.6080394983291626,-0.10024319589138031,0.393117219209671,0.5590871572494507,-0.25455719232559204,0.5765005946159363,0.6372411847114563,-0.12696005403995514,0.38577908277511597,0.5801738500595093,-0.29379040002822876,0.5741681456565857,0.6372579336166382,-0.17124827206134796,0.3897388279438019,0.5772942900657654,-0.32966625690460205,0.5717196464538574,0.6272028684616089,-0.1204729825258255,0.3936620354652405,0.5719059109687805,-0.27271410822868347,0.5215514302253723,0.6149619221687317,0.01178161520510912,0.4678172171115875,0.6142997145652771,-0.011741899885237217,0.527877926826477,0.7672442197799683,0.0064260950312018394,0.460613876581192,0.7657172083854675,-0.029866745695471764,0.5298744440078735,0.9081109762191772,0.1587143838405609,0.4534626603126526,0.9078342318534851,0.11608342826366425,0.5242183208465576,0.9253436923027039,0.16350504755973816,0.45635533332824707,0.9221556782722473,0.12115337699651718,0.5345367193222046,0.9578880071640015,0.010816534049808979,0.4543396532535553,0.9616897106170654,-0.03167199343442917
40,draw_x,a06_s04_e03,0.4903799593448639,0.34188368916511536,-0.33304551243782043,0.4952855706214905,0.32978183031082153,-0.31600314378738403,0.49859461188316345,0.3294445872306824,-0.31600475311279297,0.5018189549446106,0.3292461633682251,-0.3159831166267395,0.4836757183074951,0.3314175307750702,-0.3194887638092041,0.4798000752925873,0.3319547772407532,-0.3194916844367981,0.4762560725212097,0.3321952223777771,-0.3194997310638428,0.5080670118331909,0.3350200951099396,-0.18812130391597748,0.47140082716941833,0.33792293071746826,-0.20689108967781067,0.49811092019081116,0.35643914341926575,-0.28326672315597534,0.4841093420982361,0.3565869927406311,-0.288663387298584,0.5397952198982239,0.4213191866874695,-0.07832197844982147,0.4431126117706299,0.4128785729408264,-0.11479093134403229,0.5535777807235718,0.523746907711029,-0.0012197996256873012,0.410587877035141,0.49746865034103394,-0.07697881013154984,0.5727793574333191,0.6081815361976624,-0.10303392261266708,0.38734203577041626,0.5669702291488647,-0.19139647483825684,0.5764561295509338,0.6373361349105835,-0.12875983119010925,0.377469003200531,0.5895737409591675,-0.22437496483325958,0.5740309357643127,0.6374350786209106,-0.17367605865001678,0.38155949115753174,0.588671863079071,-0.26376983523368835,0.571456789970398,0.6275855302810669,-0.12355728447437286,0.38579902052879333,0.5827752947807312,-0.20996978878974915,0.5215839147567749,0.6149824261665344,0.01150911021977663,0.46781840920448303,0.6146913170814514,-0.01146438904106617,0.5278792381286621,0.7671420574188232,0.007898482494056225,0.4606204926967621,0.7656828165054321,-0.029173770919442177,0.529887855052948,0.9079206585884094,0.1541769653558731,0.45345979928970337,0.9078332185745239,0.11383147537708282,0.5242224931716919,0.925341784954071,0.15833434462547302,0.4563526213169098,0.9220474362373352,0.11951843649148941,0.5349940061569214,0.957244873046875,0.009905303828418255,0.4543182849884033,0.9614922404289246,-0.0337417870759964
41,draw_x,a06_s04_e03,0.49004536867141724,0.3418830931186676,-0.3280259668827057,0.49500399827957153,0.3297829329967499,-0.31163719296455383,0.49842873215675354,0.3294431269168854,-0.3116384446620941,0.5015867948532104,0.32924598455429077,-0.3116227686405182,0.4834108352661133,0.3314458429813385,-0.3145540952682495,0.47956180572509766,0.332003653049469,-0.3145592510700226,0.4760993421077728,0.3322683572769165,-0.31457191705703735,0.5078108310699463,0.3350094258785248,-0.18720975518226624,0.4713328778743744,0.3380001485347748,-0.20303039252758026,0.4979840815067291,0.35638585686683655,-0.27938270568847656,0.4838990569114685,0.35656747221946716,-0.2839773893356323,0.5398773550987244,0.42130517959594727,-0.07979033887386322,0.4428883492946625,0.41326627135276794,-0.1143357902765274,0.5536175966262817,0.5238242745399475,-0.00602950993925333,0.4097943902015686,0.4995150864124298,-0.07577545940876007,0.5724824666976929,0.6091330051422119,-0.10596512258052826,0.38446158170700073,0.5697196125984192,-0.18955573439598083,0.5762412548065186,0.6381885409355164,-0.13152816891670227,0.374390184879303,0.5930492281913757,-0.22269697487354279,0.5735646486282349,0.6386004686355591,-0.17557621002197266,0.37924429774284363,0.5922319889068604,-0.2622372508049011,0.5708369016647339,0.6290934681892395,-0.12604829668998718,0.3834863007068634,0.5857607126235962,-0.2083999216556549,0.5216025114059448,0.6149925589561462,0.011262165382504463,0.46779006719589233,0.6148698925971985,-0.011213315650820732,0.5278929471969604,0.7670814394950867,0.007704995572566986,0.4605971872806549,0.7656845450401306,-0.02942068502306938,0.5299068093299866,0.9077841639518738,0.1488432139158249,0.4534450173377991,0.907849133014679,0.11182111501693726,0.5242238640785217,0.9253408312797546,0.1528138816356659,0.45634084939956665,0.9220380187034607,0.11623672395944595,0.535796046257019,0.9567899703979492,0.007219516672194004,0.45429474115371704,0.9614542126655579,-0.0341089703142643
42,draw_x,a06_s04_e03,0.4894314706325531,0.34189075231552124,-0.32777857780456543,0.49453669786453247,0.3298124074935913,-0.3115202784538269,0.4980836510658264,0.32946282625198364,-0.31151899695396423,0.5012314915657043,0.32927313446998596,-0.31149962544441223,0.48301276564598083,0.33150216937065125,-0.31393688917160034,0.4792064130306244,0.3320799171924591,-0.3139439523220062,0.4758518636226654,0.33236855268478394,-0.3139556348323822,0.507503867149353,0.3350093960762024,-0.18793122470378876,0.4712653160095215,0.338108092546463,-0.20174773037433624,0.4976736605167389,0.35635027289390564,-0.2796059846878052,0.48348864912986755,0.3565545678138733,-0.2836020588874817,0.5399681925773621,0.42126232385635376,-0.08161434531211853,0.44279059767723083,0.4137602746486664,-0.11326286941766739,0.5537121891975403,0.5238602757453918,-0.008790474385023117,0.4088706076145172,0.499848335981369,-0.0717274397611618,0.5723543167114258,0.6099694967269897,-0.10642470419406891,0.3818926513195038,0.5715798735618591,-0.1785701960325241,0.5760766863822937,0.638727068901062,-0.1312602311372757,0.37274330854415894,0.5949411988258362,-0.21029940247535706,0.5730339884757996,0.6393373012542725,-0.17507198452949524,0.37813612818717957,0.5942586064338684,-0.24913127720355988,0.5702000856399536,0.6300615072250366,-0.126329243183136,0.38205236196517944,0.5876327753067017,-0.19693133234977722,0.5216275453567505,0.6150133013725281,0.011150632984936237,0.46776390075683594,0.6150376796722412,-0.011106801219284534,0.5278957486152649,0.7668823599815369,0.009701930917799473,0.4605538249015808,0.76568603515625,-0.028716061264276505,0.5299173593521118,0.9073520302772522,0.14879865944385529,0.45341378450393677,0.9078495502471924,0.11030415445566177,0.5242251753807068,0.9252578020095825,0.15282821655273438,0.45629191398620605,0.921954333782196,0.1139201670885086,0.5361289381980896,0.956108033657074,0.008076763711869717,0.4542396068572998,0.961405873298645,-0.03422832489013672
43,draw_x,a06_s04_e03,0.4886452555656433,0.34217551350593567,-0.3287292718887329,0.49386781454086304,0.33011749386787415,-0.3130064904689789,0.4975191652774811,0.329757958650589,-0.3129996657371521,0.5007081031799316,0.32956090569496155,-0.31297868490219116,0.48249784111976624,0.33187028765678406,-0.31491345167160034,0.4787907004356384,0.3324580788612366,-0.3149239420890808,0.47557228803634644,0.33273765444755554,-0.3149373233318329,0.507122278213501,0.3351529836654663,-0.1905493438243866,0.4712390899658203,0.3384418785572052,-0.20202264189720154,0.4971616864204407,0.3564509153366089,-0.28080081939697266,0.48296603560447693,0.3567524254322052,-0.28414425253868103,0.5401439666748047,0.42126110196113586,-0.08393517136573792,0.44279322028160095,0.41389763355255127,-0.1134764775633812,0.554031252861023,0.5240563750267029,-0.012332520447671413,0.40787917375564575,0.49934032559394836,-0.07519776374101639,0.5722923278808594,0.6109591722488403,-0.10911717265844345,0.38147658109664917,0.5700413584709167,-0.18680331110954285,0.5759735107421875,0.6396488547325134,-0.13421569764614105,0.37242355942726135,0.5926868319511414,-0.21971306204795837,0.5725627541542053,0.6402683258056641,-0.1779719591140747,0.3780441880226135,0.5916449427604675,-0.2577059864997864,0.5696514844894409,0.6312028169631958,-0.1288873851299286,0.3818886876106262,0.5854551196098328,-0.2049524039030075,0.5217074751853943,0.6150389909744263,0.01085969153791666,0.46776121854782104,0.6151444315910339,-0.010816618800163269,0.5278965830802917,0.7663567066192627,0.010675815865397453,0.4605328440666199,0.7656677961349487,-0.027826040983200073,0.5299204587936401,0.9064638614654541,0.14964380860328674,0.4533647894859314,0.9078017473220825,0.11015604436397552,0.5242257714271545,0.9247840642929077,0.15395942330360413,0.456272691488266,0.9218410849571228,0.11360511928796768,0.5361128449440002,0.9553269147872925,0.008956660516560078,0.45412498712539673,0.9613537192344666,-0.035184986889362335
44,draw_x,a06_s04_e03,0.4877118468284607,0.34286201000213623,-0.32399293780326843,0.49313002824783325,0.330837219953537,-0.3080669343471527,0.4968668818473816,0.33045294880867004,-0.3080643117427826,0.500164806842804,0.33022114634513855,-0.30804067850112915,0.4817788600921631,0.33261731266975403,-0.3098371624946594,0.47820574045181274,0.3331480920314789,-0.30984917283058167,0.4750644266605377,0.3333897292613983,-0.3098618984222412,0.5066702961921692,0.335456907749176,-0.18385878205299377,0.4711575508117676,0.3389626443386078,-0.19507312774658203,0.49649685621261597,0.35686439275741577,-0.27545297145843506,0.4822070002555847,0.3574058413505554,-0.2786879539489746,0.54021155834198,0.4212598204612732,-0.07637007534503937,0.44303664565086365,0.4139154255390167,-0.10848114639520645,0.5540567636489868,0.5240629315376282,-0.00729770353063941,0.4077908992767334,0.4978017508983612,-0.08232374489307404,0.5721590518951416,0.6111240386962891,-0.10636363923549652,0.38186582922935486,0.5636657476425171,-0.21835727989673615,0.5758562088012695,0.6398681998252869,-0.1321663111448288,0.37307435274124146,0.5855421423912048,-0.25489944219589233,0.5723053812980652,0.6405011415481567,-0.17570137977600098,0.37893053889274597,0.5834773182868958,-0.29040712118148804,0.5693561434745789,0.6314589381217957,-0.126053124666214,0.38279494643211365,0.577339768409729,-0.23613190650939941,0.5217005014419556,0.6150519251823425,0.010805916041135788,0.4677518308162689,0.6151522994041443,-0.010766195133328438,0.5278868079185486,0.7659701704978943,0.010490432381629944,0.46053528785705566,0.7656704187393188,-0.027866562828421593,0.5299167633056641,0.9059428572654724,0.15290765464305878,0.45336073637008667,0.9077574610710144,0.1100914478302002,0.5242220759391785,0.9243230223655701,0.1576336920261383,0.45626765489578247,0.9216708540916443,0.11400634050369263,0.535913348197937,0.9550946950912476,0.013177837245166302,0.4541184902191162,0.9612613320350647,-0.035368259996175766
45,draw_x,a06_s04_e03,0.4868834614753723,0.3433085083961487,-0.3191159963607788,0.49237266182899475,0.3312520682811737,-0.3043430745601654,0.496194452047348,0.3308677673339844,-0.30435460805892944,0.49958616495132446,0.3306393027305603,-0.3043369948863983,0.48094239830970764,0.333020955324173,-0.303535133600235,0.47752436995506287,0.3335376977920532,-0.3035842776298523,0.47433528304100037,0.33379819989204407,-0.30359262228012085,0.5058737993240356,0.33564335107803345,-0.17967195808887482,0.47090357542037964,0.33934691548347473,-0.18256381154060364,0.4958650469779968,0.3572949469089508,-0.2702491879463196,0.4813154637813568,0.3580528497695923,-0.27102434635162354,0.5402233600616455,0.42126205563545227,-0.07334822416305542,0.44309234619140625,0.41393187642097473,-0.09843473881483078,0.5541827082633972,0.5240658521652222,-0.005279918666929007,0.40539321303367615,0.48877233266830444,-0.11947164684534073,0.5721580982208252,0.6113653182983398,-0.11264870315790176,0.37872013449668884,0.5362529158592224,-0.330854207277298,0.5758168697357178,0.6399968862533569,-0.14117135107517242,0.3695236146450043,0.5567528605461121,-0.37816745042800903,0.5721290111541748,0.6406140923500061,-0.1841282993555069,0.3764468729496002,0.5551432967185974,-0.41029080748558044,0.5692063570022583,0.6316856145858765,-0.13212761282920837,0.38106295466423035,0.5495849847793579,-0.34936410188674927,0.521586537361145,0.6150431036949158,0.010944584384560585,0.46768665313720703,0.6151489615440369,-0.01090600062161684,0.5278565287590027,0.7655683755874634,0.013365976512432098,0.46057605743408203,0.7656525373458862,-0.0281502865254879,0.5299203991889954,0.9056164622306824,0.16292662918567657,0.45335736870765686,0.9077494144439697,0.10983878374099731,0.5242520570755005,0.9240890145301819,0.16828696429729462,0.4562685489654541,0.9216564297676086,0.11397327482700348,0.5356538891792297,0.9548661708831787,0.023147642612457275,0.45405954122543335,0.9611148238182068,-0.03585910052061081
46,draw_x,a06_s04_e03,0.4859952926635742,0.34358423948287964,-0.2940884828567505,0.4915718138217926,0.3315050005912781,-0.2777503430843353,0.4954793453216553,0.3310949206352234,-0.2777669429779053,0.4989796578884125,0.3308534622192383,-0.2777518332004547,0.4801027774810791,0.33330678939819336,-0.27772071957588196,0.47682633996009827,0.33381780982017517,-0.27776283025741577,0.473571240901947,0.3341206908226013,-0.2777557671070099,0.5050809979438782,0.3357265591621399,-0.15154361724853516,0.4706789553165436,0.33954325318336487,-0.1568097323179245,0.49516400694847107,0.3574736416339874,-0.24521362781524658,0.4804525375366211,0.35845324397087097,-0.2467634230852127,0.5402360558509827,0.4212983548641205,-0.05651045963168144,0.4432232975959778,0.414010614156723,-0.07821005582809448,0.5541874170303345,0.5240718722343445,-0.012473681941628456,0.4043070673942566,0.4814448058605194,-0.1502668410539627,0.5721842050552368,0.6116625666618347,-0.1309286653995514,0.37734681367874146,0.5172843933105469,-0.41401228308677673,0.5758153200149536,0.6400675177574158,-0.16265331208705902,0.3676761984825134,0.5311403870582581,-0.46788614988327026,0.572076678276062,0.6406850218772888,-0.2032494843006134,0.37468597292900085,0.5262132883071899,-0.4952096939086914,0.569169819355011,0.631848931312561,-0.14969822764396667,0.37974685430526733,0.5221892595291138,-0.43218809366226196,0.5213209390640259,0.6150519847869873,0.010989123955368996,0.4676331579685211,0.6151480078697205,-0.010959172621369362,0.5278569459915161,0.7655718326568604,0.013048872351646423,0.4605814814567566,0.7656473517417908,-0.028348401188850403,0.5299347043037415,0.9054935574531555,0.1667208969593048,0.45334476232528687,0.9077017903327942,0.11419083178043365,0.5242903232574463,0.9239590167999268,0.1729811280965805,0.456265389919281,0.9215804934501648,0.11936748027801514,0.5354174971580505,0.9547668099403381,0.028275256976485252,0.4540531635284424,0.9610356092453003,-0.030623991042375565
47,draw_x,a06_s04_e03,0.485668808221817,0.3436203896999359,-0.2676675021648407,0.4913467764854431,0.3315325379371643,-0.25062596797943115,0.49520301818847656,0.3311348855495453,-0.2506329417228699,0.4987128674983978,0.3308981955051422,-0.2506102919578552,0.4797881543636322,0.33332914113998413,-0.25179845094680786,0.4764963984489441,0.3338548541069031,-0.25183814764022827,0.47317418456077576,0.33418142795562744,-0.2518114745616913,0.5045517086982727,0.33573678135871887,-0.1259431540966034,0.47040319442749023,0.339640736579895,-0.1361522227525711,0.49482566118240356,0.3575271666049957,-0.21960648894309998,0.47999319434165955,0.3585410416126251,-0.22262999415397644,0.5402295589447021,0.42131689190864563,-0.03891705721616745,0.44295668601989746,0.4145248532295227,-0.05696786567568779,0.5541814565658569,0.5240569114685059,-0.01079084537923336,0.40023890137672424,0.4801195561885834,-0.15227627754211426,0.5721790790557861,0.6118164658546448,-0.1299203336238861,0.3734745681285858,0.49847838282585144,-0.42476242780685425,0.575809895992279,0.6402328610420227,-0.16015425324440002,0.36649608612060547,0.503167450428009,-0.4776626229286194,0.5720611810684204,0.6409494876861572,-0.19912248849868774,0.3737141788005829,0.4942740797996521,-0.4989834427833557,0.5691564083099365,0.6320105791091919,-0.14787301421165466,0.3779423236846924,0.4929783046245575,-0.44087275862693787,0.5212156176567078,0.6150638461112976,0.01100190170109272,0.46744728088378906,0.6152319312095642,-0.010979852639138699,0.5278774499893188,0.7656107544898987,0.012612910941243172,0.46056389808654785,0.7656732201576233,-0.030299946665763855,0.5299645662307739,0.9054587483406067,0.16523697972297668,0.45334210991859436,0.9076868891716003,0.10690385103225708,0.524486243724823,0.9239514470100403,0.17115357518196106,0.4562627375125885,0.9215784668922424,0.11148375272750854,0.5353215932846069,0.954724907875061,0.0265877153724432,0.4540380537509918,0.9609790444374084,-0.03777226433157921
48,draw_x,a06_s04_e03,0.4856657087802887,0.34364497661590576,-0.2730691730976105,0.4913553297519684,0.33154356479644775,-0.255281537771225,0.4951585829257965,0.33115705847740173,-0.255280077457428,0.498648077249527,0.3309266269207001,-0.255251407623291,0.47975626587867737,0.33332952857017517,-0.25735798478126526,0.4764009118080139,0.33386197686195374,-0.2574034631252289,0.47304248809814453,0.3341982066631317,-0.25737762451171875,0.5042599439620972,0.33575645089149475,-0.12857161462306976,0.4701178967952728,0.3396766781806946,-0.1430380940437317,0.494732141494751,0.35757550597190857,-0.2244492769241333,0.4798819422721863,0.3586140275001526,-0.228661447763443,0.5401781797409058,0.42140433192253113,-0.03877002000808716,0.441798597574234,0.4154900908470154,-0.06332801282405853,0.5541695356369019,0.5239660739898682,-0.011470080353319645,0.3924044072628021,0.48011156916618347,-0.17060793936252594,0.5722993612289429,0.6110820770263672,-0.13438847661018372,0.37228044867515564,0.4856519103050232,-0.4465010166168213,0.575886607170105,0.6391258835792542,-0.16356059908866882,0.36826109886169434,0.4867739677429199,-0.4990316331386566,0.5723129510879517,0.640023946762085,-0.20251496136188507,0.3750629723072052,0.47740066051483154,-0.5153719186782837,0.5694918632507324,0.6309688091278076,-0.1521904617547989,0.37889567017555237,0.4765949547290802,-0.46033668518066406,0.5212163925170898,0.6150758266448975,0.011097999289631844,0.4673922061920166,0.6154803037643433,-0.01108921505510807,0.5278818607330322,0.7656142711639404,0.013169923797249794,0.4606083929538727,0.7656744122505188,-0.03164704889059067,0.5299851894378662,0.9054479002952576,0.1710241138935089,0.4533323347568512,0.907697856426239,0.10415027290582657,0.524559497833252,0.9239521026611328,0.17730370163917542,0.4561816155910492,0.9216841459274292,0.10863766819238663,0.5352219343185425,0.9545696377754211,0.03348609805107117,0.45404213666915894,0.9609290957450867,-0.04196124151349068
49,draw_x,a06_s04_e03,0.4857149124145508,0.3436588644981384,-0.26007622480392456,0.4913879334926605,0.331548273563385,-0.24211592972278595,0.4951714873313904,0.33116960525512695,-0.2421148270368576,0.498637855052948,0.33094656467437744,-0.24208121001720428,0.47977596521377563,0.3333272337913513,-0.2440960705280304,0.47638043761253357,0.33386126160621643,-0.24414019286632538,0.473011314868927,0.334199458360672,-0.24411222338676453,0.5041466951370239,0.3357754647731781,-0.11678896099328995,0.46993714570999146,0.33969101309776306,-0.1311340481042862,0.49470847845077515,0.3576184809207916,-0.21214011311531067,0.4798869490623474,0.358661025762558,-0.21633395552635193,0.5401788353919983,0.42153313755989075,-0.030473953112959862,0.4412515163421631,0.41634950041770935,-0.05528033897280693,0.5541695356369019,0.5238310098648071,-0.009335342794656754,0.391819030046463,0.4765728712081909,-0.16921629011631012,0.5724251866340637,0.6103789806365967,-0.1320732831954956,0.37076589465141296,0.4752011001110077,-0.45029959082603455,0.5760113000869751,0.6384307146072388,-0.16093382239341736,0.3651754856109619,0.47390300035476685,-0.5033928751945496,0.572675347328186,0.6391271948814392,-0.1991552710533142,0.37197691202163696,0.4642297327518463,-0.5189287066459656,0.5698933601379395,0.6300354599952698,-0.14956806600093842,0.37619662284851074,0.4645129144191742,-0.46417832374572754,0.5212494730949402,0.6152859926223755,0.011320862919092178,0.4673648774623871,0.6160567402839661,-0.011330822482705116,0.527942955493927,0.7657564878463745,0.014131888747215271,0.46060991287231445,0.7656906843185425,-0.03236636519432068,0.529988169670105,0.9053183794021606,0.17802909016609192,0.4533287584781647,0.9075449705123901,0.10445234924554825,0.5245611667633057,0.9237825870513916,0.18498384952545166,0.4561787247657776,0.9216247200965881,0.10932444036006927,0.5351663827896118,0.9544922113418579,0.043442483991384506,0.4540434777736664,0.9608189463615417,-0.040095653384923935
50,draw_x,a06_s04_e03,0.4857536852359772,0.34370172023773193,-0.25026625394821167,0.4914085268974304,0.33158400654792786,-0.23256433010101318,0.49518290162086487,0.3312198519706726,-0.2325623780488968,0.49861589074134827,0.33101361989974976,-0.2325211465358734,0.4797901511192322,0.3333494961261749,-0.23442569375038147,0.47637873888015747,0.33389002084732056,-0.2344689816236496,0.4730164408683777,0.3342248201370239,-0.23444338142871857,0.5040350556373596,0.33585527539253235,-0.10856036841869354,0.4699099063873291,0.33971530199050903,-0.12222977727651596,0.4946666359901428,0.3576720654964447,-0.20273034274578094,0.4798962473869324,0.35870248079299927,-0.20672830939292908,0.5401641130447388,0.4218568503856659,-0.021724801510572433,0.44103240966796875,0.4169117510318756,-0.04826194420456886,0.5541267991065979,0.5238248705863953,-0.005427739582955837,0.3923768997192383,0.4728294610977173,-0.16694286465644836,0.5725275278091431,0.6102622747421265,-0.12972649931907654,0.3709579408168793,0.4604778289794922,-0.4535481035709381,0.5761134028434753,0.6382109522819519,-0.1585686057806015,0.36299026012420654,0.4499247670173645,-0.5075850486755371,0.57297283411026,0.638728141784668,-0.19632725417613983,0.3698616623878479,0.44065776467323303,-0.5219349265098572,0.5702421069145203,0.6296387314796448,-0.14710424840450287,0.3747941851615906,0.4443473517894745,-0.46704816818237305,0.5212563872337341,0.6154672503471375,0.011712324805557728,0.46728309988975525,0.6166406273841858,-0.011755460873246193,0.527967631816864,0.7658039331436157,0.014770416542887688,0.4605947434902191,0.7656969428062439,-0.03316909074783325,0.5299907922744751,0.905309796333313,0.17998281121253967,0.453315407037735,0.9074385166168213,0.10479364544153214,0.5245627760887146,0.9237683415412903,0.18707261979579926,0.45616015791893005,0.9215914607048035,0.11019574105739594,0.5351027250289917,0.95448899269104,0.04590565711259842,0.4540706276893616,0.960696816444397,-0.03794144466519356
51,draw_x,a06_s04_e03,0.48577213287353516,0.34369561076164246,-0.25372663140296936,0.4914233684539795,0.33157724142074585,-0.2355799376964569,0.4951852858066559,0.3312181532382965,-0.23557381331920624,0.4985869526863098,0.3310146927833557,-0.23553255200386047,0.4798034727573395,0.3333224058151245,-0.2374531328678131,0.476371705532074,0.3338698446750641,-0.23749950528144836,0.47301506996154785,0.33420947194099426,-0.23747976124286652,0.5039284825325012,0.3358953595161438,-0.11155214160680771,0.4698822498321533,0.3397175073623657,-0.1252690851688385,0.4946046769618988,0.3576739728450775,-0.20644155144691467,0.47989621758461,0.35868039727211,-0.21047215163707733,0.540117621421814,0.4221440553665161,-0.02565029263496399,0.4409636855125427,0.41689175367355347,-0.05200514197349548,0.5541256666183472,0.5238321423530579,-0.006659075617790222,0.3926814794540405,0.46692708134651184,-0.17602305114269257,0.5726877450942993,0.6101375818252563,-0.13261575996875763,0.3690095543861389,0.44081416726112366,-0.4600427746772766,0.5762392282485962,0.6380451321601868,-0.16110554337501526,0.36227139830589294,0.4284340739250183,-0.5138713717460632,0.573356568813324,0.6383894681930542,-0.19747862219810486,0.3693150281906128,0.41939157247543335,-0.5259767770767212,0.5707446336746216,0.6291996836662292,-0.1494535207748413,0.3733988106250763,0.42393019795417786,-0.4725877642631531,0.5212981700897217,0.6155140995979309,0.012122215703129768,0.4672199785709381,0.6169576644897461,-0.012200696393847466,0.5279759168624878,0.7658093571662903,0.015262280590832233,0.46058130264282227,0.765706479549408,-0.03308340162038803,0.5299972891807556,0.9051287770271301,0.1891259402036667,0.453312486410141,0.9072883725166321,0.11368654668331146,0.5245813131332397,0.9236171245574951,0.19736090302467346,0.4561599791049957,0.9214608073234558,0.12059275060892105,0.5350481271743774,0.9543700814247131,0.0567912831902504,0.45417600870132446,0.9605741500854492,-0.026839926838874817
52,draw_x,a06_s04_e03,0.48574376106262207,0.3434757888317108,-0.2602984607219696,0.49141937494277954,0.3313300907611847,-0.24316494166851044,0.4951644837856293,0.33098551630973816,-0.2431672364473343,0.4985332489013672,0.33081838488578796,-0.24313798546791077,0.4798007011413574,0.3330020308494568,-0.24540607631206512,0.47633805871009827,0.33359023928642273,-0.24543902277946472,0.4729849696159363,0.3339884877204895,-0.24542221426963806,0.5038294196128845,0.3358725905418396,-0.1162424087524414,0.4698415696620941,0.3396681249141693,-0.13190212845802307,0.49451351165771484,0.35751840472221375,-0.210397869348526,0.47986525297164917,0.35836371779441833,-0.2152581512928009,0.5400723218917847,0.42235201597213745,-0.036775048822164536,0.44095778465270996,0.4168632924556732,-0.0566689595580101,0.55422443151474,0.5239792466163635,-0.02014276757836342,0.3922848701477051,0.4641783535480499,-0.18092279136180878,0.572975754737854,0.6100994944572449,-0.1438578963279724,0.3669053316116333,0.42901259660720825,-0.45358818769454956,0.5763784646987915,0.63798588514328,-0.1724432408809662,0.3600415587425232,0.4108571708202362,-0.5056818723678589,0.573712944984436,0.6382206082344055,-0.20756275951862335,0.3667404055595398,0.4005395472049713,-0.5190054178237915,0.5712805986404419,0.6289350986480713,-0.16025593876838684,0.37115707993507385,0.40782153606414795,-0.4663642942905426,0.5213754177093506,0.6155168414115906,0.012238884344696999,0.4671730101108551,0.6170219779014587,-0.012338429689407349,0.5279779434204102,0.7656612992286682,0.016481928527355194,0.46057263016700745,0.7657060623168945,-0.03184567391872406,0.5299999713897705,0.9049340486526489,0.19205227494239807,0.45330142974853516,0.907080888748169,0.11962266266345978,0.5245792865753174,0.9233644008636475,0.2002660036087036,0.45614832639694214,0.9213041663169861,0.12675556540489197,0.5349742770195007,0.9543367624282837,0.059129081666469574,0.45424556732177734,0.9604357481002808,-0.021099673584103584
53,draw_x,a06_s04_e03,0.48575401306152344,0.3431181013584137,-0.25356417894363403,0.4914166331291199,0.3309081792831421,-0.23469693958759308,0.4951499402523041,0.3305489122867584,-0.23469178378582,0.49848490953445435,0.33042532205581665,-0.23465201258659363,0.47980761528015137,0.33259186148643494,-0.23618026077747345,0.4763419032096863,0.3332382142543793,-0.23622450232505798,0.47301214933395386,0.333731085062027,-0.23621134459972382,0.5037811994552612,0.3357219398021698,-0.11124376207590103,0.46985429525375366,0.3396190106868744,-0.12280938774347305,0.49446749687194824,0.357168972492218,-0.20677146315574646,0.47987309098243713,0.3579520583152771,-0.2102893590927124,0.5399903655052185,0.4225635826587677,-0.031529393047094345,0.44108590483665466,0.4166736602783203,-0.05097607895731926,0.5543199181556702,0.5240967869758606,-0.017955800518393517,0.3915936350822449,0.45962920784950256,-0.1720750480890274,0.5731040835380554,0.6100829839706421,-0.14292612671852112,0.3678918182849884,0.4152427613735199,-0.4415280222892761,0.5764495134353638,0.6379678249359131,-0.17121580243110657,0.3597371280193329,0.3954775929450989,-0.4944283366203308,0.5738602876663208,0.6381689310073853,-0.1996513307094574,0.3659920394420624,0.3857930898666382,-0.5073820948600769,0.5715129375457764,0.6288228631019592,-0.15708349645137787,0.3710973858833313,0.3938056528568268,-0.4544288218021393,0.5213781595230103,0.6156604886054993,0.01237432286143303,0.46715837717056274,0.6173067092895508,-0.012491734698414803,0.527970016002655,0.7656413912773132,0.01509187649935484,0.4605199694633484,0.7657819986343384,-0.031043943017721176,0.5300009846687317,0.9047744274139404,0.1898510754108429,0.4532984793186188,0.9068728089332581,0.12839928269386292,0.5245761871337891,0.9228960871696472,0.19817104935646057,0.4561477601528168,0.9209948778152466,0.13636407256126404,0.5347241163253784,0.9543436765670776,0.05662546306848526,0.45436224341392517,0.9604072570800781,-0.010907622054219246
54,draw_x,a06_s04_e03,0.4857777953147888,0.3429109752178192,-0.2512754201889038,0.491427481174469,0.33068087697029114,-0.2318892925977707,0.49515581130981445,0.33030423521995544,-0.23189003765583038,0.49848610162734985,0.3302052617073059,-0.2318568229675293,0.4798533022403717,0.3323790431022644,-0.2331807166337967,0.47636714577674866,0.33306756615638733,-0.2332262247800827,0.4730606973171234,0.33362773060798645,-0.23321382701396942,0.5038248896598816,0.33570346236228943,-0.10950435698032379,0.46985453367233276,0.3396188020706177,-0.11974930763244629,0.4944707751274109,0.3569938838481903,-0.2053394317626953,0.4799385964870453,0.3577304184436798,-0.20843198895454407,0.5399692058563232,0.42266368865966797,-0.03210827335715294,0.4411284029483795,0.41649189591407776,-0.04779776930809021,0.5543214678764343,0.5241817235946655,-0.016484465450048447,0.390581339597702,0.4552065134048462,-0.16922250390052795,0.5731233954429626,0.6101657748222351,-0.13695287704467773,0.3668326139450073,0.3993947207927704,-0.43417221307754517,0.5764495134353638,0.6380892992019653,-0.16524763405323029,0.35962969064712524,0.37652936577796936,-0.48654356598854065,0.5738847255706787,0.6382057666778564,-0.19827982783317566,0.3653663992881775,0.3687209188938141,-0.49927178025245667,0.5715732574462891,0.6288660764694214,-0.1528049111366272,0.36990049481391907,0.37634435296058655,-0.4470387399196625,0.521408200263977,0.6156623363494873,0.012378424406051636,0.4671524167060852,0.6173478364944458,-0.012496806681156158,0.5279614329338074,0.7655531764030457,0.01479029469192028,0.46046939492225647,0.7658039927482605,-0.03019891306757927,0.5300031304359436,0.9047381281852722,0.19005654752254486,0.4532904028892517,0.906676709651947,0.13059088587760925,0.5245844721794128,0.922849714756012,0.19854751229286194,0.45614752173423767,0.9207314252853394,0.13857661187648773,0.534553050994873,0.9543387293815613,0.0570497140288353,0.45439061522483826,0.9603344798088074,-0.008699021302163601
55,draw_x,a06_s04_e03,0.4858754277229309,0.3428867757320404,-0.2562395930290222,0.49149757623672485,0.33063358068466187,-0.23741042613983154,0.495201975107193,0.3302396237850189,-0.2374088317155838,0.49851614236831665,0.3301507532596588,-0.23737606406211853,0.4799756109714508,0.33236217498779297,-0.2387244999408722,0.47644129395484924,0.333055317401886,-0.23877036571502686,0.47312474250793457,0.3336225748062134,-0.23876015841960907,0.50392746925354,0.3357081413269043,-0.11431753635406494,0.4698556363582611,0.33964788913726807,-0.12538324296474457,0.49449867010116577,0.35699325799942017,-0.209896057844162,0.4800395369529724,0.3577266335487366,-0.21314409375190735,0.5399659872055054,0.42303231358528137,-0.03630790859460831,0.4415149688720703,0.41616490483283997,-0.05176077038049698,0.5542951822280884,0.5244677662849426,-0.019663996994495392,0.39039331674575806,0.45033150911331177,-0.17853757739067078,0.5731441378593445,0.6103238463401794,-0.13412286341190338,0.36730748414993286,0.3859582245349884,-0.4389897882938385,0.5764586329460144,0.6381915807723999,-0.1628458946943283,0.3600465953350067,0.36063510179519653,-0.49125656485557556,0.5739936828613281,0.6382432579994202,-0.197872132062912,0.3656940162181854,0.3528967499732971,-0.5025428533554077,0.5717028379440308,0.6289136409759521,-0.15053488314151764,0.3701423108577728,0.3617023229598999,-0.45165109634399414,0.521409273147583,0.6157342195510864,0.012456124648451805,0.467146635055542,0.6174124479293823,-0.012592440471053123,0.5279507637023926,0.7655514478683472,0.014973638579249382,0.46038714051246643,0.7659043073654175,-0.02941492758691311,0.5300154089927673,0.9046348929405212,0.19046498835086823,0.45328736305236816,0.9066396951675415,0.13001708686351776,0.5245863199234009,0.9227707386016846,0.1989387571811676,0.45618581771850586,0.9206562638282776,0.13786327838897705,0.5344479084014893,0.9543405771255493,0.05827628821134567,0.4544300138950348,0.9603250026702881,-0.008544208481907845
56,draw_x,a06_s04_e03,0.48631906509399414,0.3429534137248993,-0.26483047008514404,0.49177733063697815,0.3306427597999573,-0.24659772217273712,0.49544239044189453,0.3302418291568756,-0.2465973198413849,0.4986882209777832,0.3301542401313782,-0.24657991528511047,0.48028817772865295,0.3324241042137146,-0.24664969742298126,0.4766973853111267,0.3331260085105896,-0.24670343101024628,0.47332286834716797,0.3336891829967499,-0.24668431282043457,0.5042003393173218,0.3357573449611664,-0.12768277525901794,0.46987590193748474,0.3398253619670868,-0.13220036029815674,0.4947396218776703,0.3571282625198364,-0.2201174944639206,0.48042288422584534,0.3578757643699646,-0.22161617875099182,0.5399635434150696,0.4232810139656067,-0.05271909758448601,0.44178667664527893,0.415058970451355,-0.054375868290662766,0.5542938113212585,0.5249778628349304,-0.03439762443304062,0.38993340730667114,0.4459836781024933,-0.17864784598350525,0.573135495185852,0.6106529831886292,-0.1399376392364502,0.3680252432823181,0.3731638491153717,-0.4304356575012207,0.5764436721801758,0.6386615037918091,-0.16635635495185852,0.3607226312160492,0.3478532135486603,-0.481855571269989,0.5739908814430237,0.6387345194816589,-0.2008809596300125,0.36622944474220276,0.3394303023815155,-0.5003446340560913,0.5717006921768188,0.6293176412582397,-0.15585096180438995,0.37073183059692383,0.3489218056201935,-0.443668931722641,0.5214139819145203,0.6158012747764587,0.011672050692141056,0.46714991331100464,0.6174205541610718,-0.011830382980406284,0.5279215574264526,0.7655219435691833,0.014864414930343628,0.46037107706069946,0.7659403681755066,-0.027180379256606102,0.5300174355506897,0.904525876045227,0.18863794207572937,0.453279972076416,0.9066289663314819,0.1291683167219162,0.5245854258537292,0.9225587844848633,0.19668620824813843,0.4561823308467865,0.9206300973892212,0.1367746889591217,0.534410834312439,0.9543411731719971,0.05563269928097725,0.4544970393180847,0.9603186845779419,-0.008779140189290047
57,draw_x,a06_s04_e03,0.4871677756309509,0.34304431080818176,-0.25306129455566406,0.4924039840698242,0.33066269755363464,-0.23450474441051483,0.495974063873291,0.3302559554576874,-0.2345099002122879,0.4991087019443512,0.33017033338546753,-0.23449388146400452,0.48085469007492065,0.3324972987174988,-0.23524093627929688,0.4771970808506012,0.3332037329673767,-0.23528429865837097,0.47367429733276367,0.33375975489616394,-0.23526282608509064,0.5048196315765381,0.33583593368530273,-0.1149880513548851,0.46991872787475586,0.33996665477752686,-0.12209050357341766,0.49531060457229614,0.3573141396045685,-0.20798878371715546,0.4811829924583435,0.35801735520362854,-0.21022744476795197,0.5399636626243591,0.42341580986976624,-0.04394210875034332,0.44209304451942444,0.4137478768825531,-0.05152606964111328,0.5543056726455688,0.5254709124565125,-0.028005555272102356,0.39043325185775757,0.4370657503604889,-0.1774531900882721,0.5728092789649963,0.6110182404518127,-0.13940201699733734,0.36841487884521484,0.36293086409568787,-0.4317885935306549,0.5762807726860046,0.6390498280525208,-0.1643732488155365,0.3612310588359833,0.3392520248889923,-0.4839487075805664,0.5738391876220703,0.6393098831176758,-0.19724880158901215,0.36658960580825806,0.3309495151042938,-0.4965316653251648,0.5714442133903503,0.6297932267189026,-0.15493342280387878,0.37122058868408203,0.3393872082233429,-0.4443829655647278,0.5214049220085144,0.6158049702644348,0.011699950322508812,0.46712765097618103,0.6173641085624695,-0.011854881420731544,0.527891993522644,0.7654620409011841,0.015631146728992462,0.4603640139102936,0.765939474105835,-0.0272965170443058,0.5300248861312866,0.9043220281600952,0.18787835538387299,0.4532717764377594,0.9063497185707092,0.1277155727148056,0.5246269702911377,0.922254204750061,0.1959284245967865,0.4561501145362854,0.9202967286109924,0.13512569665908813,0.5342941880226135,0.9542948603630066,0.05502241849899292,0.45460209250450134,0.9601858258247375,-0.010947092436254025
58,draw_x,a06_s04_e03,0.48798447847366333,0.343124657869339,-0.2551644444465637,0.4929570257663727,0.33067426085472107,-0.23666565120220184,0.49641695618629456,0.3302624821662903,-0.23666897416114807,0.4994663596153259,0.3301756978034973,-0.23665094375610352,0.4814089834690094,0.33255892992019653,-0.23753035068511963,0.4777325987815857,0.33327195048332214,-0.23757275938987732,0.47404584288597107,0.33382633328437805,-0.23755288124084473,0.5052735209465027,0.3358669877052307,-0.11643339693546295,0.46996480226516724,0.34008198976516724,-0.12411399185657501,0.49585098028182983,0.357435405254364,-0.2097342312335968,0.4819318652153015,0.3581751883029938,-0.21213655173778534,0.5399700999259949,0.42343589663505554,-0.043690986931324005,0.4422546327114105,0.41284894943237305,-0.05303105711936951,0.554287314414978,0.5263257026672363,-0.027401337400078773,0.3905335068702698,0.43261387944221497,-0.1789800226688385,0.5725633502006531,0.6118096709251404,-0.13722042739391327,0.3701915442943573,0.35588783025741577,-0.42938607931137085,0.5761273503303528,0.6402228474617004,-0.16291217505931854,0.36222341656684875,0.33102551102638245,-0.48132577538490295,0.573468804359436,0.6406240463256836,-0.19670851528644562,0.36675578355789185,0.32288771867752075,-0.49400219321250916,0.5709916353225708,0.6309648752212524,-0.15311968326568604,0.37166401743888855,0.3311060070991516,-0.4417857527732849,0.5214182138442993,0.6158016920089722,0.01168249361217022,0.4671235680580139,0.6171752214431763,-0.011839570477604866,0.5278904438018799,0.7654313445091248,0.01591222733259201,0.46036219596862793,0.7659286260604858,-0.02692113257944584,0.5300273299217224,0.9042631387710571,0.1879989206790924,0.453267902135849,0.9060037732124329,0.12854309380054474,0.5246206521987915,0.9221278429031372,0.19622762501239777,0.4561487138271332,0.919846773147583,0.13620319962501526,0.534288763999939,0.9543243646621704,0.05579705163836479,0.45462822914123535,0.9601150751113892,-0.00892453733831644
59,draw_x,a06_s04_e03,0.4887148439884186,0.34323063492774963,-0.2563374638557434,0.49354785680770874,0.3306921124458313,-0.23776046931743622,0.496886670589447,0.3302753269672394,-0.23776304721832275,0.49991193413734436,0.3301852345466614,-0.23774373531341553,0.48196902871131897,0.3326309025287628,-0.23883065581321716,0.47825440764427185,0.3333541452884674,-0.23887252807617188,0.4744300842285156,0.33391013741493225,-0.23885349929332733,0.505776047706604,0.3358820080757141,-0.11679400503635406,0.4700249135494232,0.34014198184013367,-0.12528841197490692,0.4963596761226654,0.3575080633163452,-0.21056492626667023,0.4826214909553528,0.3582471013069153,-0.2132006585597992,0.5399778485298157,0.42336463928222656,-0.043631941080093384,0.4423140585422516,0.41244253516197205,-0.05400951951742172,0.5540264844894409,0.5265675187110901,-0.025738677009940147,0.39167195558547974,0.4304499328136444,-0.18124273419380188,0.5723080635070801,0.6125748157501221,-0.13594499230384827,0.37429168820381165,0.3520989418029785,-0.4298052191734314,0.5758947134017944,0.6411533951759338,-0.16198493540287018,0.36502596735954285,0.3268270790576935,-0.4822596609592438,0.5728358030319214,0.6416391730308533,-0.19663169980049133,0.36920350790023804,0.3178018033504486,-0.4924187660217285,0.5702375769615173,0.6319904327392578,-0.15219974517822266,0.37428560853004456,0.3258848786354065,-0.44152751564979553,0.5214359164237976,0.6158037185668945,0.011698306538164616,0.4671138823032379,0.6170400977134705,-0.011853686533868313,0.5278891921043396,0.7654150128364563,0.01586943492293358,0.46035829186439514,0.7659184336662292,-0.027017276734113693,0.5300287008285522,0.9039928913116455,0.19048461318016052,0.45326441526412964,0.9054855108261108,0.13124538958072662,0.5246056318283081,0.9217663407325745,0.1993262618780136,0.456165611743927,0.9193902611732483,0.1394040733575821,0.5342282056808472,0.9543248414993286,0.05841890722513199,0.45463085174560547,0.9600195288658142,-0.006230620201677084
60,draw_x,a06_s04_e03,0.4890387952327728,0.34332939982414246,-0.24622395634651184,0.4937875270843506,0.3307402729988098,-0.22716259956359863,0.49712124466896057,0.3303174674510956,-0.22716045379638672,0.5001602172851562,0.3302232623100281,-0.2271360158920288,0.48222842812538147,0.332697331905365,-0.22873762249946594,0.47855180501937866,0.3334135413169861,-0.22877641022205353,0.4746108949184418,0.333957701921463,-0.22875884175300598,0.506030797958374,0.33591118454933167,-0.10533182322978973,0.4700487554073334,0.3401622176170349,-0.1160023957490921,0.4965933859348297,0.35763296484947205,-0.20015159249305725,0.48296457529067993,0.3583056330680847,-0.20345476269721985,0.5399774312973022,0.4233255088329315,-0.030870169401168823,0.4424171447753906,0.41160646080970764,-0.05267784744501114,0.5538522005081177,0.5269615650177002,-0.014670322649180889,0.3936920166015625,0.42520296573638916,-0.18602094054222107,0.571757435798645,0.6134116053581238,-0.12102384865283966,0.37834540009498596,0.3446146547794342,-0.4357646107673645,0.5752343535423279,0.6415998935699463,-0.1462562084197998,0.3692608177661896,0.31893190741539,-0.48962754011154175,0.5721466541290283,0.6420119404792786,-0.18057768046855927,0.37320083379745483,0.31161534786224365,-0.49645382165908813,0.5695348978042603,0.6326028108596802,-0.13691040873527527,0.37764492630958557,0.3189782202243805,-0.44682973623275757,0.5214797258377075,0.615798830986023,0.012297007255256176,0.4671083092689514,0.6168110370635986,-0.012468134984374046,0.52788907289505,0.7652451395988464,0.016980815678834915,0.4603397846221924,0.7658217549324036,-0.02755129337310791,0.5300366282463074,0.9032792448997498,0.19378669559955597,0.45323213934898376,0.9046204090118408,0.13088813424110413,0.5246110558509827,0.9211685657501221,0.2028968632221222,0.4561363756656647,0.9184977412223816,0.1390903890132904,0.5342245101928711,0.9541438817977905,0.062339089810848236,0.45463672280311584,0.9597101211547852,-0.00686254957690835
61,draw_x,a06_s04_e03,0.48919877409935,0.34336990118026733,-0.24505555629730225,0.49393096566200256,0.33076056838035583,-0.22576335072517395,0.49725261330604553,0.3303373157978058,-0.22575950622558594,0.5002924799919128,0.3302437663078308,-0.22573299705982208,0.48242196440696716,0.33272305130958557,-0.22717928886413574,0.4787658154964447,0.3334384262561798,-0.2272178679704666,0.4747777581214905,0.33398425579071045,-0.22720177471637726,0.5062205791473389,0.33596372604370117,-0.1030631810426712,0.4701170325279236,0.34018972516059875,-0.1128506064414978,0.49675220251083374,0.35768356919288635,-0.19876526296138763,0.483154833316803,0.3583340644836426,-0.20183637738227844,0.5400252938270569,0.4233863949775696,-0.02692379429936409,0.4430646002292633,0.4111843407154083,-0.05215141922235489,0.5537953972816467,0.5277119874954224,-0.011223474517464638,0.39725738763809204,0.4226432144641876,-0.18928353488445282,0.5714574456214905,0.6144136786460876,-0.11647728830575943,0.3818287253379822,0.3439882695674896,-0.4413927495479584,0.5747548937797546,0.6424452662467957,-0.141948401927948,0.3737555742263794,0.3177179992198944,-0.49627357721328735,0.57129967212677,0.6427990794181824,-0.17638495564460754,0.37752026319503784,0.31024235486984253,-0.5021741986274719,0.5686613917350769,0.6335480809211731,-0.13230079412460327,0.3818367123603821,0.31808149814605713,-0.45238861441612244,0.521544337272644,0.6158426403999329,0.013119600713253021,0.4671083986759186,0.6167617440223694,-0.01330569852143526,0.5278867483139038,0.7651479244232178,0.01821730099618435,0.4603355824947357,0.7657368779182434,-0.02760211192071438,0.5300385355949402,0.9031978249549866,0.19710132479667664,0.4532248377799988,0.9040677547454834,0.13332203030586243,0.524574875831604,0.9211385846138,0.20625093579292297,0.4561854898929596,0.9180310368537903,0.14176160097122192,0.5342848896980286,0.9541397094726562,0.06461790949106216,0.4546017646789551,0.9596174955368042,-0.004818248562514782
62,draw_x,a06_s04_e03,0.4892483353614807,0.34340208768844604,-0.2421833723783493,0.49397557973861694,0.33076921105384827,-0.22281083464622498,0.4973157048225403,0.3303399980068207,-0.22280724346637726,0.500381350517273,0.33024564385414124,-0.22277991473674774,0.48247694969177246,0.3327581286430359,-0.22402966022491455,0.47885018587112427,0.33347710967063904,-0.22406873106956482,0.4748331606388092,0.3340197503566742,-0.2240549623966217,0.5064494013786316,0.33598124980926514,-0.09957300871610641,0.4701748788356781,0.3402515947818756,-0.10831624269485474,0.49691349267959595,0.3577134311199188,-0.1957404911518097,0.48330992460250854,0.35834506154060364,-0.1985236555337906,0.5400747060775757,0.42354562878608704,-0.022401271387934685,0.4440523087978363,0.41071611642837524,-0.05049111321568489,0.5533469915390015,0.5286461710929871,-0.005682735703885555,0.40059033036231995,0.4207671284675598,-0.19111844897270203,0.5708816051483154,0.6150496006011963,-0.10830358415842056,0.38651055097579956,0.3408091962337494,-0.44612136483192444,0.574029803276062,0.6430966258049011,-0.1335226446390152,0.3791559338569641,0.31580644845962524,-0.5015673041343689,0.5704700350761414,0.6432994604110718,-0.16825585067272186,0.38315701484680176,0.3088330924510956,-0.5079614520072937,0.5678959488868713,0.6340286731719971,-0.12414723634719849,0.3873801529407501,0.3167533278465271,-0.45746803283691406,0.5215381383895874,0.6158533692359924,0.013942932710051537,0.4670991897583008,0.6166621446609497,-0.01413320004940033,0.5278548002243042,0.7651288509368896,0.01806199923157692,0.4603445529937744,0.7656584978103638,-0.029324928298592567,0.5300403237342834,0.9031981229782104,0.195576012134552,0.45321035385131836,0.9039679169654846,0.1323293149471283,0.5245451927185059,0.9211513996124268,0.20442120730876923,0.45618367195129395,0.9179216027259827,0.14050191640853882,0.5344119071960449,0.9541410207748413,0.06339506804943085,0.45460081100463867,0.959582507610321,-0.005128180608153343
63,draw_x,a06_s04_e03,0.4893319606781006,0.3433915674686432,-0.22502927482128143,0.49403080344200134,0.3307632803916931,-0.2055145800113678,0.49738121032714844,0.3303305208683014,-0.20550325512886047,0.5004686713218689,0.33023884892463684,-0.20547011494636536,0.48254022002220154,0.33276087045669556,-0.20669770240783691,0.4789312779903412,0.3334807753562927,-0.20673608779907227,0.4748704433441162,0.33402252197265625,-0.20673005282878876,0.5066112279891968,0.3359883725643158,-0.08232106268405914,0.47023361921310425,0.34033748507499695,-0.09095099568367004,0.49706941843032837,0.35771650075912476,-0.1785757839679718,0.4834616780281067,0.3583458662033081,-0.1813158094882965,0.5400761961936951,0.42362159490585327,-0.003563459264114499,0.4459303319454193,0.4098403751850128,-0.04512065649032593,0.5527724027633667,0.528694212436676,0.01325700618326664,0.4056486189365387,0.42061060667037964,-0.19897548854351044,0.5701202154159546,0.6148316860198975,-0.0823286697268486,0.39254382252693176,0.34319183230400085,-0.4637545645236969,0.5733410120010376,0.6430630087852478,-0.10494659841060638,0.3864535689353943,0.32057300209999084,-0.5207124948501587,0.5698877573013306,0.64327472448349,-0.1397065967321396,0.3902311325073242,0.31388089060783386,-0.5269834995269775,0.567234456539154,0.6338854432106018,-0.09784090518951416,0.3944009244441986,0.321389377117157,-0.4752437174320221,0.5215378403663635,0.6158555746078491,0.015988783910870552,0.4671212136745453,0.6164931058883667,-0.016171913594007492,0.5278476476669312,0.7650740742683411,0.017409708350896835,0.4603425860404968,0.7653396129608154,-0.03636641055345535,0.5300447940826416,0.9032411575317383,0.19132080674171448,0.45319637656211853,0.9039283394813538,0.12116644531488419,0.5245428085327148,0.9212303161621094,0.19954779744148254,0.4561782479286194,0.9179139733314514,0.12880070507526398,0.5345593690872192,0.9541385769844055,0.05618492513895035,0.45457929372787476,0.9595547318458557,-0.019261246547102928
64,draw_x,a06_s04_e03,0.4893319606781006,0.34337976574897766,-0.21025219559669495,0.4940578043460846,0.33076509833335876,-0.19021347165107727,0.4974273145198822,0.3303326368331909,-0.1901991069316864,0.5005528926849365,0.330243855714798,-0.19016316533088684,0.4825819134712219,0.33276352286338806,-0.19149723649024963,0.4789883494377136,0.33348408341407776,-0.191536083817482,0.4749118387699127,0.334025502204895,-0.19153335690498352,0.5067896842956543,0.336066335439682,-0.06579811871051788,0.4703919291496277,0.34036505222320557,-0.07502482086420059,0.4971141815185547,0.35770368576049805,-0.1634460687637329,0.483468234539032,0.35831359028816223,-0.16633936762809753,0.5400663614273071,0.4238227903842926,0.013935819268226624,0.44766226410865784,0.40910837054252625,-0.0366300493478775,0.5520018339157104,0.5286796689033508,0.027362365275621414,0.41053956747055054,0.42312464118003845,-0.20086045563220978,0.5694491863250732,0.6146884560585022,-0.06734418123960495,0.39793071150779724,0.34959638118743896,-0.4716898798942566,0.5726829767227173,0.6430377960205078,-0.08933646976947784,0.3934749960899353,0.3267023265361786,-0.5294791460037231,0.5693994760513306,0.6432588696479797,-0.1238798275589943,0.3975440561771393,0.3197970688343048,-0.5352882742881775,0.5667280554771423,0.6338134407997131,-0.08268503844738007,0.40115928649902344,0.3275781571865082,-0.4829636514186859,0.5215367674827576,0.6158818006515503,0.01894303783774376,0.46717768907546997,0.6163555383682251,-0.019111957401037216,0.5278407335281372,0.765070915222168,0.017378922551870346,0.46034446358680725,0.7650608420372009,-0.042327865958213806,0.5300592184066772,0.9033592939376831,0.1869836300611496,0.4531887471675873,0.9041712284088135,0.10977117717266083,0.5245441198348999,0.9216939806938171,0.1944063901901245,0.45617780089378357,0.9181280732154846,0.11673072725534439,0.5350196361541748,0.954114556312561,0.05059855058789253,0.4545150399208069,0.9595456719398499,-0.03226543217897415
65,draw_x,a06_s04_e03,0.48942726850509644,0.3433372676372528,-0.19575436413288116,0.4941564202308655,0.3307605981826782,-0.1753903031349182,0.4975252151489258,0.3303309679031372,-0.1753719598054886,0.5006695985794067,0.33024507761001587,-0.17533111572265625,0.48275232315063477,0.33276042342185974,-0.1767636090517044,0.4791353642940521,0.33348506689071655,-0.17680442333221436,0.4750921130180359,0.3340282142162323,-0.17679902911186218,0.5069704651832581,0.3361283242702484,-0.051072537899017334,0.4708336889743805,0.34041646122932434,-0.06076040863990784,0.4972291886806488,0.35768556594848633,-0.1491718590259552,0.48361024260520935,0.3582670986652374,-0.15218350291252136,0.5399425029754639,0.4238967299461365,0.02736491523683071,0.44940072298049927,0.4088345468044281,-0.025515472516417503,0.551398754119873,0.5286590456962585,0.037964265793561935,0.41423678398132324,0.42494112253189087,-0.19676415622234344,0.5690490007400513,0.6143599152565002,-0.056526828557252884,0.4038037657737732,0.35398754477500916,-0.4662671983242035,0.5721946954727173,0.6428718566894531,-0.07850808650255203,0.3999328017234802,0.3312183618545532,-0.5242517590522766,0.5691419839859009,0.6428878307342529,-0.1128058061003685,0.40445566177368164,0.32413968443870544,-0.5294755697250366,0.5665067434310913,0.6333410739898682,-0.07184909284114838,0.4080738127231598,0.33209478855133057,-0.47732216119766235,0.5215380787849426,0.6158643364906311,0.02029365301132202,0.46733707189559937,0.6160828471183777,-0.02045837976038456,0.5278013348579407,0.7651442289352417,0.01732291840016842,0.46034592390060425,0.7649114727973938,-0.04516447335481644,0.5301883816719055,0.9038944244384766,0.18247273564338684,0.4531550407409668,0.9044403433799744,0.10457561910152435,0.524743378162384,0.9228416681289673,0.1893170177936554,0.45614486932754517,0.9182911515235901,0.11126150190830231,0.535243809223175,0.9541434049606323,0.044618524610996246,0.4543428421020508,0.9595194458961487,-0.03758960962295532
66,draw_x,a06_s04_e03,0.489734023809433,0.3431714177131653,-0.19730938971042633,0.4945203363895416,0.33070608973503113,-0.17593316733837128,0.4978545308113098,0.33031484484672546,-0.17590822279453278,0.5009804964065552,0.3302461802959442,-0.175861194729805,0.48332634568214417,0.3326062858104706,-0.17803546786308289,0.4796220362186432,0.3333485722541809,-0.17807884514331818,0.4757048487663269,0.3339530825614929,-0.1780778467655182,0.5073282122612,0.33632951974868774,-0.04752139002084732,0.4716857373714447,0.3404231369495392,-0.06069980189204216,0.49739035964012146,0.35761719942092896,-0.14939531683921814,0.4838803708553314,0.3581285774707794,-0.15342175960540771,0.5397509932518005,0.42404890060424805,0.033971093595027924,0.4502144455909729,0.40877315402030945,-0.027893465012311935,0.5507080554962158,0.5280438661575317,0.04739160090684891,0.4182938039302826,0.4270286560058594,-0.20851683616638184,0.568670392036438,0.6140745282173157,-0.04316730052232742,0.41323018074035645,0.36009731888771057,-0.48983317613601685,0.5717862248420715,0.6425861120223999,-0.06362486630678177,0.4087757468223572,0.33335405588150024,-0.5502357482910156,0.5689183473587036,0.642497181892395,-0.09787029772996902,0.41271963715553284,0.3294101655483246,-0.5530493259429932,0.5662821531295776,0.6329987049102783,-0.05834139510989189,0.41662415862083435,0.3417113721370697,-0.5000373125076294,0.5215469598770142,0.615879237651825,0.021312754601240158,0.46745213866233826,0.6160359978675842,-0.02148044854402542,0.5277867913246155,0.7654638886451721,0.018090801313519478,0.46033698320388794,0.7649667859077454,-0.04626748710870743,0.5303142070770264,0.9039163589477539,0.19189408421516418,0.4531327188014984,0.904732882976532,0.10802561044692993,0.5250022411346436,0.9228397607803345,0.19995543360710144,0.45608583092689514,0.9183542132377625,0.11516652256250381,0.5352175235748291,0.954142689704895,0.05331651121377945,0.4543284475803375,0.9595137238502502,-0.03459260240197182
67,draw_x,a06_s04_e03,0.49019137024879456,0.3430205285549164,-0.19353944063186646,0.49501100182533264,0.33064839243888855,-0.17197057604789734,0.49829286336898804,0.33029621839523315,-0.17194625735282898,0.5013838410377502,0.3302467167377472,-0.17190073430538177,0.4840109944343567,0.33247819542884827,-0.1741134375333786,0.4801841378211975,0.33324968814849854,-0.17415547370910645,0.4764006733894348,0.333911269903183,-0.17415069043636322,0.5077449679374695,0.3364782929420471,-0.043522436171770096,0.47236934304237366,0.34045183658599854,-0.05666394159197807,0.4977700710296631,0.3575749397277832,-0.1456676870584488,0.4844263195991516,0.3580522835254669,-0.14968261122703552,0.5395127534866333,0.4240942597389221,0.037903692573308945,0.45052871108055115,0.40883100032806396,-0.019907042384147644,0.54999178647995,0.5276758670806885,0.0542091429233551,0.4232517182826996,0.4363299310207367,-0.19505450129508972,0.5682452917098999,0.6137177348136902,-0.03636644035577774,0.42050090432167053,0.36911818385124207,-0.46625789999961853,0.5712658762931824,0.6423033475875854,-0.05823243409395218,0.4183128774166107,0.3469306230545044,-0.5289026498794556,0.5686480402946472,0.6421070098876953,-0.091952383518219,0.4213932156562805,0.342932790517807,-0.5243628025054932,0.5660161375999451,0.6325747966766357,-0.051593322306871414,0.4243568778038025,0.3534993529319763,-0.473581463098526,0.5215365886688232,0.6158202886581421,0.021476028487086296,0.4674863815307617,0.6157369017601013,-0.021635808050632477,0.5277855396270752,0.7656019330024719,0.015644226223230362,0.4603453278541565,0.7649728655815125,-0.04646667093038559,0.5304715633392334,0.9039175510406494,0.19153140485286713,0.453116238117218,0.9049739837646484,0.11019881814718246,0.5251908302307129,0.9228321313858032,0.19964486360549927,0.4560767114162445,0.9183893799781799,0.11743684858083725,0.5352138876914978,0.9541428685188293,0.05311949923634529,0.4542776048183441,0.9595115780830383,-0.03199176862835884
68,draw_x,a06_s04_e03,0.4907238483428955,0.34289997816085815,-0.1967439204454422,0.4956042170524597,0.3305719494819641,-0.17532040178775787,0.49884510040283203,0.33025869727134705,-0.1753004938364029,0.5019298791885376,0.3302353620529175,-0.17525336146354675,0.4846343398094177,0.3323436975479126,-0.17755427956581116,0.4807017743587494,0.33313459157943726,-0.1775936782360077,0.47698649764060974,0.33384817838668823,-0.1775917112827301,0.5083622932434082,0.33648625016212463,-0.045474573969841,0.47261637449264526,0.34046363830566406,-0.05903736501932144,0.49819570779800415,0.3575473725795746,-0.14818164706230164,0.4848962426185608,0.3580382764339447,-0.1522851586341858,0.5394474267959595,0.42407622933387756,0.038784246891736984,0.45097485184669495,0.40885934233665466,-0.02171505056321621,0.5493962168693542,0.5275946259498596,0.058676332235336304,0.4275435507297516,0.44703420996665955,-0.19444525241851807,0.5679624080657959,0.6136886477470398,-0.028550487011671066,0.43033847212791443,0.386442095041275,-0.46389952301979065,0.5709306001663208,0.6422520279884338,-0.049305953085422516,0.4283480644226074,0.36713284254074097,-0.5233518481254578,0.5684661269187927,0.6420418620109558,-0.08274315297603607,0.4318489134311676,0.3627229928970337,-0.5236908793449402,0.5658367872238159,0.6325439214706421,-0.04338466003537178,0.43519002199172974,0.3710245192050934,-0.4726230502128601,0.5214332938194275,0.6157914400100708,0.022732127457857132,0.4674908220767975,0.615641176700592,-0.02288130857050419,0.527786135673523,0.7660836577415466,0.013836783356964588,0.4604319632053375,0.7650894522666931,-0.04919404909014702,0.5304955244064331,0.903959333896637,0.1913284808397293,0.45309391617774963,0.9058510661125183,0.11084239184856415,0.5252383947372437,0.9228460192680359,0.19946053624153137,0.4560590386390686,0.9189227223396301,0.1183578222990036,0.5352034568786621,0.9541375041007996,0.05251126363873482,0.4542749524116516,0.9595786929130554,-0.03246932104229927
69,draw_x,a06_s04_e03,0.4913283884525299,0.34288111329078674,-0.2046647071838379,0.4964987635612488,0.3304770290851593,-0.18328280746936798,0.4996001124382019,0.3301975131034851,-0.18328015506267548,0.5026509165763855,0.3301868438720703,-0.18326589465141296,0.48535317182540894,0.33218294382095337,-0.19091051816940308,0.48116159439086914,0.33294275403022766,-0.19093869626522064,0.47753867506980896,0.3336428105831146,-0.1909843385219574,0.5090668201446533,0.33643838763237,-0.055039532482624054,0.47294044494628906,0.3402767777442932,-0.07788903266191483,0.4986252784729004,0.3575555682182312,-0.1513754278421402,0.48537105321884155,0.3580394983291626,-0.1606309562921524,0.5393532514572144,0.42426201701164246,0.032670535147190094,0.4518788456916809,0.4075471758842468,-0.06569962203502655,0.549129068851471,0.5277658700942993,0.05678335577249527,0.4387436509132385,0.4459390342235565,-0.28086787462234497,0.5678533315658569,0.6138255596160889,-0.021154263988137245,0.44050273299217224,0.4051588475704193,-0.5822268724441528,0.5708169937133789,0.6423881649971008,-0.03635462373495102,0.4398220181465149,0.3991510272026062,-0.6437554955482483,0.5683478713035583,0.6423361301422119,-0.07191608846187592,0.4434802532196045,0.3922547996044159,-0.6473484635353088,0.5657274127006531,0.6328827738761902,-0.036078620702028275,0.44669193029403687,0.3981204628944397,-0.5929113626480103,0.5211974382400513,0.6155024170875549,0.028893688693642616,0.46745339035987854,0.6150688529014587,-0.029039418324828148,0.5277847051620483,0.766257643699646,0.013920038938522339,0.4604570269584656,0.7650907635688782,-0.05529024451971054,0.5304962396621704,0.9036480784416199,0.19382275640964508,0.45306602120399475,0.9059727787971497,0.10884332656860352,0.5252388715744019,0.9223712682723999,0.202333003282547,0.4560154378414154,0.9189239740371704,0.11685292422771454,0.535083532333374,0.9541347026824951,0.055936265736818314,0.4543876051902771,0.9596574902534485,-0.036902330815792084
70,draw_x,a06_s04_e03,0.4918332099914551,0.3426470458507538,-0.20304055511951447,0.49715882539749146,0.3302138149738312,-0.18199333548545837,0.5002408623695374,0.3300185799598694,-0.1819780170917511,0.5032018423080444,0.3300437927246094,-0.18194791674613953,0.4857374131679535,0.3317544758319855,-0.18850943446159363,0.4815252423286438,0.3324880301952362,-0.18854162096977234,0.4779558777809143,0.3332366943359375,-0.18856586515903473,0.5093750357627869,0.3363880217075348,-0.04848036542534828,0.4730425477027893,0.3400799632072449,-0.07764581590890884,0.49910563230514526,0.357475608587265,-0.15092656016349792,0.4855729937553406,0.35783126950263977,-0.160120889544487,0.5388803482055664,0.4244330823421478,0.043103575706481934,0.45173582434654236,0.407604843378067,-0.062041692435741425,0.5488850474357605,0.527917206287384,0.06627053767442703,0.44233736395835876,0.4495294988155365,-0.271322637796402,0.5676721930503845,0.6141313910484314,-0.013487453572452068,0.44219160079956055,0.4245840609073639,-0.5684726238250732,0.5707162618637085,0.6426270008087158,-0.029501307755708694,0.44282275438308716,0.42158496379852295,-0.6290295720100403,0.5681734681129456,0.6425226330757141,-0.06454090774059296,0.4481792449951172,0.41374388337135315,-0.6327337622642517,0.5655565857887268,0.6331875324249268,-0.028359264135360718,0.44985657930374146,0.41586413979530334,-0.5787206292152405,0.52134108543396,0.6155161261558533,0.029810890555381775,0.46748390793800354,0.6150753498077393,-0.02994031272828579,0.5277835130691528,0.7669011950492859,0.013780578970909119,0.4604569375514984,0.7653152942657471,-0.05356606841087341,0.530659556388855,0.9034755229949951,0.20436644554138184,0.4530669152736664,0.9059931635856628,0.11638752371072769,0.5254988670349121,0.921599805355072,0.21460120379924774,0.45602506399154663,0.9187215566635132,0.12587657570838928,0.5349277257919312,0.9543591737747192,0.07199189811944962,0.454525887966156,0.9597527384757996,-0.026995744556188583
71,draw_x,a06_s04_e03,0.49197062849998474,0.34256187081336975,-0.20456023514270782,0.49732574820518494,0.3301028311252594,-0.1835305392742157,0.5004757642745972,0.3299097418785095,-0.18352177739143372,0.5033732652664185,0.32995542883872986,-0.18349356949329376,0.4858607351779938,0.33162349462509155,-0.1898932158946991,0.4817197918891907,0.3323352634906769,-0.1899259090423584,0.4781877398490906,0.333089143037796,-0.1899421513080597,0.5093873739242554,0.336328387260437,-0.04864386469125748,0.4730994701385498,0.33993998169898987,-0.07832736521959305,0.4992080628871918,0.35743820667266846,-0.15264765918254852,0.4856286942958832,0.3577476441860199,-0.1621159166097641,0.5381190776824951,0.42442837357521057,0.04445615038275719,0.4511534571647644,0.40869057178497314,-0.06385515630245209,0.5487912893295288,0.5278483629226685,0.07144243270158768,0.4499785900115967,0.46236321330070496,-0.26738470792770386,0.5675780773162842,0.6141417622566223,-0.008184303529560566,0.4479718804359436,0.43339502811431885,-0.5628145337104797,0.5706416964530945,0.6426246762275696,-0.0237878430634737,0.4473852515220642,0.4250573217868805,-0.6226036548614502,0.5681468844413757,0.6425446271896362,-0.058239080011844635,0.44877010583877563,0.41703155636787415,-0.6280954480171204,0.565551221370697,0.633270263671875,-0.02284875139594078,0.45072102546691895,0.4195200204849243,-0.573621392250061,0.5213779211044312,0.6154582500457764,0.031024228781461716,0.467448890209198,0.6150542497634888,-0.031141873449087143,0.5277789831161499,0.7669876217842102,0.01313898153603077,0.4604674279689789,0.7653337121009827,-0.05498932674527168,0.5307129621505737,0.9031264185905457,0.20447559654712677,0.45305579900741577,0.9059845209121704,0.11678741872310638,0.5256122350692749,0.9208303689956665,0.21462419629096985,0.45598793029785156,0.9185259342193604,0.12635549902915955,0.5348408222198486,0.9544336795806885,0.07313726842403412,0.45466694235801697,0.9597861766815186,-0.026333224028348923
72,draw_x,a06_s04_e03,0.49228042364120483,0.34234747290611267,-0.20507094264030457,0.49756795167922974,0.3299620449542999,-0.18510477244853973,0.5007354021072388,0.32979536056518555,-0.18508820235729218,0.503628134727478,0.32987552881240845,-0.1850530505180359,0.48606008291244507,0.33141082525253296,-0.19322247803211212,0.48194819688796997,0.3321058452129364,-0.19324861466884613,0.4784114360809326,0.33288252353668213,-0.19328229129314423,0.5094026327133179,0.3362417221069336,-0.05133043974637985,0.4731113314628601,0.33968672156333923,-0.08823378384113312,0.4994547963142395,0.35725581645965576,-0.15561680495738983,0.4857969880104065,0.357475221157074,-0.1643693745136261,0.5375865697860718,0.4242136776447296,0.04160863906145096,0.4493620991706848,0.4087352752685547,-0.07955751568078995,0.5487759709358215,0.5277666449546814,0.06942387670278549,0.45751896500587463,0.4624198079109192,-0.28955453634262085,0.5675687193870544,0.6141323447227478,-0.004066444467753172,0.4681161046028137,0.4325920343399048,-0.5621834397315979,0.570590615272522,0.6426225304603577,-0.01762857474386692,0.46853604912757874,0.42104312777519226,-0.6189269423484802,0.5681292414665222,0.6426112055778503,-0.05110917240381241,0.46652260422706604,0.41550037264823914,-0.6214268803596497,0.5655561685562134,0.6333363056182861,-0.018156496807932854,0.4685145914554596,0.4212890863418579,-0.5709288716316223,0.5215665102005005,0.6152061223983765,0.0331113263964653,0.4674442708492279,0.614859402179718,-0.03323618322610855,0.5277776718139648,0.7670065760612488,0.013196389190852642,0.46053338050842285,0.7653172016143799,-0.05479840189218521,0.5307878851890564,0.9030869603157043,0.2087225615978241,0.4530515670776367,0.9060217142105103,0.12219291925430298,0.525704026222229,0.9206606149673462,0.21934962272644043,0.4558714032173157,0.9184972047805786,0.13226446509361267,0.5348366498947144,0.9545615911483765,0.07772853225469589,0.4549492299556732,0.9599191546440125,-0.020817549899220467
73,draw_x,a06_s04_e03,0.4925917983055115,0.3421597182750702,-0.21375611424446106,0.4978521764278412,0.32982027530670166,-0.19240683317184448,0.5009280443191528,0.3297056555747986,-0.19240333139896393,0.5038490295410156,0.32981041073799133,-0.19236651062965393,0.48635953664779663,0.331172376871109,-0.20169392228126526,0.4821696877479553,0.3318604826927185,-0.201717808842659,0.4786122441291809,0.3326447606086731,-0.20175400376319885,0.5094653367996216,0.3362102210521698,-0.05360109731554985,0.4731404185295105,0.3394160270690918,-0.09459187835454941,0.499677836894989,0.3570705056190491,-0.1594322770833969,0.48597756028175354,0.3570881187915802,-0.17213919758796692,0.5374029874801636,0.4238426089286804,0.0383797362446785,0.44844573736190796,0.40871018171310425,-0.07842604070901871,0.5486841797828674,0.5275534391403198,0.06867048889398575,0.45938077569007874,0.4656290113925934,-0.27724823355674744,0.5675777792930603,0.6141250729560852,-0.00618659658357501,0.48163485527038574,0.45179441571235657,-0.5445558428764343,0.5705703496932983,0.6426178812980652,-0.021041657775640488,0.48675188422203064,0.4491661489009857,-0.6001201272010803,0.5681158900260925,0.6426129937171936,-0.05563300848007202,0.48560819029808044,0.4423060119152069,-0.6023036241531372,0.5655607581138611,0.63334721326828,-0.020567139610648155,0.4862135946750641,0.4374963641166687,-0.5526236295700073,0.5217728614807129,0.6148979663848877,0.03223958611488342,0.4674643874168396,0.6147083044052124,-0.03235050290822983,0.5277849435806274,0.7670048475265503,0.012967321090400219,0.4606162905693054,0.7652941346168518,-0.05375424027442932,0.5307839512825012,0.9030901789665222,0.2065044641494751,0.4530474543571472,0.9060804843902588,0.12206737697124481,0.525701642036438,0.920665979385376,0.21662287414073944,0.4557464122772217,0.9185108542442322,0.13157697021961212,0.5348330736160278,0.9545806050300598,0.07702620327472687,0.4551234245300293,0.9600275754928589,-0.02116471156477928
74,draw_x,a06_s04_e03,0.49290212988853455,0.341707706451416,-0.21714699268341064,0.4982028007507324,0.3294219374656677,-0.19492878019809723,0.5011518001556396,0.3293989300727844,-0.19492247700691223,0.5041803121566772,0.32953307032585144,-0.19487828016281128,0.48674312233924866,0.3305644989013672,-0.2039729356765747,0.48241156339645386,0.3312091827392578,-0.20399729907512665,0.4787866175174713,0.33197250962257385,-0.20403805375099182,0.5096230506896973,0.3360934555530548,-0.05465766042470932,0.4731981158256531,0.3388482332229614,-0.0945005714893341,0.4999106526374817,0.3566705584526062,-0.16109023988246918,0.4861317276954651,0.3564945161342621,-0.17465835809707642,0.5373401045799255,0.42349669337272644,0.03745744377374649,0.4475904107093811,0.4079408645629883,-0.07858284562826157,0.5486994385719299,0.5275413990020752,0.0645785853266716,0.45947903394699097,0.4630419909954071,-0.26306650042533875,0.5675830841064453,0.6143996119499207,-0.016705941408872604,0.49036842584609985,0.4742652177810669,-0.4998825192451477,0.5705661773681641,0.6428237557411194,-0.03258960321545601,0.502414345741272,0.48884153366088867,-0.5512878894805908,0.5681058764457703,0.6427862048149109,-0.06676863133907318,0.5050222873687744,0.4798191487789154,-0.5548268556594849,0.5655641555786133,0.6336067914962769,-0.031345270574092865,0.5012770295143127,0.4740980267524719,-0.5065541863441467,0.5219835638999939,0.6145193576812744,0.03147077560424805,0.4675777554512024,0.6146756410598755,-0.03159988671541214,0.5277792811393738,0.7669563293457031,0.010433261282742023,0.4607294499874115,0.7653152346611023,-0.053109873086214066,0.5307542085647583,0.9033321142196655,0.2025410681962967,0.4530430734157562,0.9063666462898254,0.12165236473083496,0.5256580114364624,0.9210470914840698,0.2124388962984085,0.4557104706764221,0.9187694191932678,0.13096141815185547,0.5348294377326965,0.9546626806259155,0.06675754487514496,0.45521730184555054,0.9603196382522583,-0.023779449984431267
75,draw_x,a06_s04_e03,0.4930291771888733,0.3411259651184082,-0.21708524227142334,0.4983873963356018,0.32886645197868347,-0.19468604028224945,0.5012676119804382,0.3289286196231842,-0.19467408955097198,0.5043914318084717,0.3290930390357971,-0.19462381303310394,0.4868718683719635,0.3297704756259918,-0.20390307903289795,0.48246079683303833,0.33033081889152527,-0.2039303481578827,0.47880783677101135,0.33104124665260315,-0.20395295321941376,0.5097683668136597,0.3359469175338745,-0.05435491353273392,0.4732085168361664,0.33805277943611145,-0.0929112657904625,0.5000139474868774,0.3561306297779083,-0.16141505539417267,0.4861515164375305,0.35590696334838867,-0.1745300441980362,0.5373315215110779,0.4230867624282837,0.03882188722491264,0.4474616050720215,0.4072128236293793,-0.07660476118326187,0.5489820837974548,0.5276345014572144,0.06356437504291534,0.46358996629714966,0.4656219482421875,-0.24194130301475525,0.5675904750823975,0.6148706078529358,-0.019013909623026848,0.5010103583335876,0.4924526810646057,-0.4566773772239685,0.5705660581588745,0.6432598233222961,-0.045942019671201706,0.5129425525665283,0.5088983774185181,-0.5084013342857361,0.568061888217926,0.6429478526115417,-0.08060608804225922,0.5196465253829956,0.5018425583839417,-0.5145787000656128,0.5655255913734436,0.633762776851654,-0.035483404994010925,0.5142688751220703,0.496551513671875,-0.46358513832092285,0.5220977663993835,0.6143795847892761,0.03120078146457672,0.4675830900669098,0.6145936846733093,-0.03125956282019615,0.5277771353721619,0.7668401598930359,0.001592288725078106,0.460824191570282,0.7653817534446716,-0.054309356957674026,0.5305132269859314,0.9050958752632141,0.18415644764900208,0.45305395126342773,0.9070064425468445,0.1133035197854042,0.5253196358680725,0.922856330871582,0.19294330477714539,0.4557071626186371,0.9196389317512512,0.12114137411117554,0.5348094701766968,0.9554383754730225,0.04666817933320999,0.4553886353969574,0.9607721567153931,-0.03483462706208229
76,draw_x,a06_s04_e03,0.49305611848831177,0.3407086431980133,-0.2165992558002472,0.49849382042884827,0.32838019728660583,-0.19407999515533447,0.5013404488563538,0.32849350571632385,-0.19406108558177948,0.5045225024223328,0.32867494225502014,-0.19400641322135925,0.4869154393672943,0.3291551172733307,-0.20312850177288055,0.4824661314487457,0.3296610116958618,-0.2031513899564743,0.47880640625953674,0.3303285837173462,-0.20319287478923798,0.5098593235015869,0.3357596695423126,-0.05423496291041374,0.4732120633125305,0.33736228942871094,-0.09147369116544724,0.5000597238540649,0.35580211877822876,-0.16140763461589813,0.4861488342285156,0.355551540851593,-0.17378321290016174,0.5373352766036987,0.4230901300907135,0.04103287309408188,0.44741734862327576,0.40624183416366577,-0.07742540538311005,0.5490134358406067,0.5276376605033875,0.06472739577293396,0.4633418619632721,0.4679163694381714,-0.2292633354663849,0.5675944089889526,0.6148826479911804,-0.02711152471601963,0.5021487474441528,0.5032520890235901,-0.43703651428222656,0.5705552101135254,0.6432818174362183,-0.05784161761403084,0.5133181214332581,0.5199730396270752,-0.4893453121185303,0.5680134296417236,0.642903208732605,-0.09309965372085571,0.5210539102554321,0.5129411220550537,-0.4969681203365326,0.56548672914505,0.6337131857872009,-0.0444498136639595,0.5165029764175415,0.5076404213905334,-0.4442310929298401,0.5220990180969238,0.6143469214439392,0.030892014503479004,0.46753978729248047,0.6145350337028503,-0.03099769726395607,0.5277915596961975,0.766758918762207,-0.0012586142402142286,0.46087127923965454,0.7653961777687073,-0.055086247622966766,0.5302715301513672,0.9066813588142395,0.17956167459487915,0.45307427644729614,0.9072061777114868,0.11056749522686005,0.5248425006866455,0.9242345690727234,0.18818508088588715,0.45575466752052307,0.9200584888458252,0.11815513670444489,0.5347475409507751,0.9568212628364563,0.042021743953228,0.45557937026023865,0.9610577821731567,-0.03744903579354286
77,draw_x,a06_s04_e03,0.49313807487487793,0.3403773009777069,-0.21246452629566193,0.4986193776130676,0.3279136121273041,-0.1898145079612732,0.5014287233352661,0.3280564248561859,-0.18979531526565552,0.5046631693840027,0.32824426889419556,-0.18974265456199646,0.4870034158229828,0.32859623432159424,-0.1977565884590149,0.4825032353401184,0.3290833532810211,-0.19777220487594604,0.47882312536239624,0.3297421336174011,-0.19782647490501404,0.5099464654922485,0.33547934889793396,-0.05224496126174927,0.4732227921485901,0.33673474192619324,-0.0873144194483757,0.5001072883605957,0.3555607199668884,-0.15900692343711853,0.48614826798439026,0.3553406298160553,-0.170045405626297,0.5373403429985046,0.42357003688812256,0.043129827827215195,0.44730788469314575,0.4060620367527008,-0.07775114476680756,0.5490320920944214,0.5276362895965576,0.06642928719520569,0.46542614698410034,0.47710472345352173,-0.21437497437000275,0.567579984664917,0.6151202321052551,-0.029147928580641747,0.5051872730255127,0.5163490176200867,-0.40239566564559937,0.5705249309539795,0.6434641480445862,-0.06065675616264343,0.5163348913192749,0.5364554524421692,-0.4527120590209961,0.5679798722267151,0.642909049987793,-0.09517386555671692,0.5240000486373901,0.5284233689308167,-0.46159276366233826,0.5654658079147339,0.6337266564369202,-0.04654319956898689,0.520962655544281,0.5234322547912598,-0.4093690514564514,0.522110104560852,0.6146212816238403,0.030485311523079872,0.4675312042236328,0.6146274209022522,-0.030586998909711838,0.527789294719696,0.766694962978363,-0.0006951332907192409,0.460935115814209,0.7653340697288513,-0.05469958111643791,0.5301260352134705,0.9076560735702515,0.1792776882648468,0.453083336353302,0.907181441783905,0.11119572818279266,0.5245338678359985,0.9249826073646545,0.18798354268074036,0.45576438307762146,0.9200705885887146,0.11896944046020508,0.534700334072113,0.9580264687538147,0.04463087022304535,0.4559105932712555,0.9613222479820251,-0.036728717386722565
78,draw_x,a06_s04_e03,0.4932369589805603,0.3401232361793518,-0.22693081200122833,0.49871939420700073,0.3275589346885681,-0.20503675937652588,0.5014961957931519,0.32771313190460205,-0.20501776039600372,0.5047648549079895,0.3279014229774475,-0.20496341586112976,0.4870842397212982,0.32818642258644104,-0.21242928504943848,0.4825265407562256,0.3286476731300354,-0.2124454230070114,0.47882896661758423,0.32928696274757385,-0.2125231772661209,0.5099858045578003,0.3352453410625458,-0.07140189409255981,0.473222553730011,0.33629828691482544,-0.10538186877965927,0.5001541376113892,0.3553483188152313,-0.17538544535636902,0.48615217208862305,0.35514792799949646,-0.18565842509269714,0.5373426675796509,0.424405038356781,0.0276346392929554,0.4470349848270416,0.40597373247146606,-0.10169251263141632,0.5491276979446411,0.5285331010818481,0.06049841642379761,0.46861761808395386,0.4822548031806946,-0.20733137428760529,0.5675716996192932,0.6164846420288086,-0.037927839905023575,0.513538658618927,0.5291284918785095,-0.3512333333492279,0.5704861879348755,0.6446804404258728,-0.06727544218301773,0.5252938866615295,0.5522474646568298,-0.395591676235199,0.5678199529647827,0.6435715556144714,-0.10143537819385529,0.53299480676651,0.543211817741394,-0.40616297721862793,0.5653475522994995,0.6343628168106079,-0.05464445427060127,0.5308067202568054,0.5386752486228943,-0.35732197761535645,0.5222475528717041,0.6152055859565735,0.03022947907447815,0.46748098731040955,0.6147814989089966,-0.03031282126903534,0.5277928113937378,0.7666274905204773,0.0002919142134487629,0.4610315263271332,0.7652819156646729,-0.05293683335185051,0.5301137566566467,0.9078439474105835,0.18030120432376862,0.4531034529209137,0.9069291949272156,0.1122215986251831,0.524451494216919,0.9251251220703125,0.18891049921512604,0.4557632803916931,0.9200443029403687,0.12007887661457062,0.5347259640693665,0.9584624171257019,0.0467815101146698,0.4561573565006256,0.9614298343658447,-0.03114037588238716
79,draw_x,a06_s04_e03,0.4932040572166443,0.339971661567688,-0.22590556740760803,0.498712956905365,0.3273512125015259,-0.2047123908996582,0.5014936923980713,0.3275240659713745,-0.20467117428779602,0.5047624111175537,0.3277336359024048,-0.20460979640483856,0.4870384633541107,0.3279683291912079,-0.2113545686006546,0.4824630618095398,0.32843926548957825,-0.2113899439573288,0.4787887930870056,0.32910457253456116,-0.21140822768211365,0.5099863409996033,0.33515462279319763,-0.06870566308498383,0.47319382429122925,0.33612674474716187,-0.10160435736179352,0.5001318454742432,0.35520002245903015,-0.17351989448070526,0.48596176505088806,0.35501453280448914,-0.18360154330730438,0.5373678207397461,0.4254053831100464,0.030884329229593277,0.4469431936740875,0.4059840142726898,-0.09891314804553986,0.5492264032363892,0.5293903350830078,0.0641489177942276,0.469099760055542,0.48893386125564575,-0.1893138587474823,0.567915141582489,0.6167803406715393,-0.03693181648850441,0.5230631232261658,0.5445172786712646,-0.3108740448951721,0.570610523223877,0.6451082825660706,-0.06502257287502289,0.5332340598106384,0.5655937790870667,-0.3545732796192169,0.567927896976471,0.6437575221061707,-0.0993376076221466,0.5398195385932922,0.5568063259124756,-0.365364134311676,0.5656116008758545,0.6344912648200989,-0.053969644010066986,0.5379339456558228,0.5514757037162781,-0.3164063096046448,0.5221203565597534,0.6159671545028687,0.030791059136390686,0.4672006666660309,0.6150139570236206,-0.030804043635725975,0.527798056602478,0.7667853236198425,0.0006012043450027704,0.46106958389282227,0.7653886079788208,-0.05292608216404915,0.5300925970077515,0.9084320664405823,0.18182778358459473,0.45311203598976135,0.9069160223007202,0.11564246565103531,0.5243856310844421,0.925568699836731,0.19048017263412476,0.45576509833335876,0.9200652837753296,0.12448830902576447,0.5347217321395874,0.9590957164764404,0.050086576491594315,0.45654311776161194,0.9615381956100464,-0.023819100111722946
80,draw_x,a06_s04_e03,0.493213027715683,0.3397875726222992,-0.2209061086177826,0.4987359642982483,0.32712242007255554,-0.19899441301822662,0.5015100240707397,0.3273058831691742,-0.1989869624376297,0.5047842264175415,0.3275192081928253,-0.1989443451166153,0.4870396554470062,0.32771140336990356,-0.20620539784431458,0.482461154460907,0.3281823396682739,-0.2062225043773651,0.4787859320640564,0.3288549482822418,-0.20630207657814026,0.5100004076957703,0.3350161015987396,-0.06808122992515564,0.47318941354751587,0.33594828844070435,-0.10140816867351532,0.5001355409622192,0.3550477623939514,-0.17051075398921967,0.485944926738739,0.35485395789146423,-0.1803598701953888,0.5373929738998413,0.42580100893974304,0.03319597616791725,0.4469064772129059,0.4060177206993103,-0.09759838134050369,0.5492140054702759,0.5294737219810486,0.06378792226314545,0.47078949213027954,0.4927021265029907,-0.1844717562198639,0.5681249499320984,0.6168383955955505,-0.03693044185638428,0.5277935862541199,0.5491893291473389,-0.30107226967811584,0.5706602334976196,0.6452289819717407,-0.06545381993055344,0.537297248840332,0.5695906281471252,-0.3442530035972595,0.5679789781570435,0.6439098119735718,-0.09865449368953705,0.5433663725852966,0.5600605010986328,-0.35513734817504883,0.5657960176467896,0.6345885992050171,-0.05363783985376358,0.541171133518219,0.5542584657669067,-0.30657443404197693,0.5220862627029419,0.6165645718574524,0.03073306381702423,0.46696391701698303,0.6153712868690491,-0.030722621828317642,0.5278058648109436,0.7668487429618835,-0.002403490012511611,0.4611058235168457,0.7654651403427124,-0.052503347396850586,0.5300731062889099,0.9088661074638367,0.17865090072155,0.45312872529029846,0.9067021608352661,0.12150217592716217,0.524335503578186,0.9259536266326904,0.18768024444580078,0.4557761251926422,0.9199819564819336,0.13091620802879333,0.5347160696983337,0.9595173001289368,0.04898157715797424,0.4567881226539612,0.9615898132324219,-0.016134949401021004
81,draw_x,a06_s04_e03,0.4932381212711334,0.3396816551685333,-0.22030122578144073,0.4987644553184509,0.32697221636772156,-0.19849294424057007,0.5015289187431335,0.32715654373168945,-0.19849605858325958,0.5048025846481323,0.3273693919181824,-0.1984565109014511,0.48704925179481506,0.3275684714317322,-0.20604173839092255,0.48246335983276367,0.3280511498451233,-0.20606473088264465,0.47878557443618774,0.32873767614364624,-0.20611317455768585,0.5100021958351135,0.3349049389362335,-0.06703072786331177,0.4731718599796295,0.3358493149280548,-0.09952891618013382,0.5001429319381714,0.3549763560295105,-0.16987645626068115,0.4859359860420227,0.35479170083999634,-0.17946994304656982,0.5373970866203308,0.4258973300457001,0.03306623548269272,0.44682469964027405,0.40620478987693787,-0.1027468889951706,0.5491465330123901,0.5295340418815613,0.06357873976230621,0.4723016321659088,0.4957088828086853,-0.18301720917224884,0.5681760311126709,0.6168187856674194,-0.03592584282159805,0.5311576724052429,0.551876425743103,-0.28809934854507446,0.5706659555435181,0.645261824131012,-0.0647299587726593,0.5402892827987671,0.5721933245658875,-0.3293387293815613,0.5680059194564819,0.6439791917800903,-0.0978127047419548,0.5459343194961548,0.5623766183853149,-0.3405824899673462,0.5659080147743225,0.6345903873443604,-0.05250374227762222,0.5436434149742126,0.5565363168716431,-0.2933841943740845,0.5220816135406494,0.616826057434082,0.03088405355811119,0.466862291097641,0.6155548691749573,-0.03084557130932808,0.5278524160385132,0.76686692237854,-0.0013522665249183774,0.461129754781723,0.7655335068702698,-0.05032051354646683,0.5300688147544861,0.9089120030403137,0.17745979130268097,0.4531343877315521,0.9065796732902527,0.1245792955160141,0.5243269801139832,0.9259728789329529,0.18629465997219086,0.4557764530181885,0.9199194312095642,0.13393506407737732,0.5347181558609009,0.9596211910247803,0.049013130366802216,0.45696181058883667,0.9616239666938782,-0.012523733079433441
82,draw_x,a06_s04_e03,0.4933003783226013,0.33963915705680847,-0.2118014097213745,0.4988073408603668,0.3268986940383911,-0.18954747915267944,0.5015562772750854,0.32708293199539185,-0.18955466151237488,0.5048338174819946,0.3272954225540161,-0.18952041864395142,0.487086683511734,0.32749804854393005,-0.19705459475517273,0.4824843406677246,0.32798925042152405,-0.19707009196281433,0.4787971079349518,0.3286820948123932,-0.19715388119220734,0.5100122690200806,0.3348466157913208,-0.05929117649793625,0.4731702208518982,0.33578935265541077,-0.09237376600503922,0.5001752972602844,0.35494479537010193,-0.1618507206439972,0.4859437346458435,0.3547646105289459,-0.1715552806854248,0.5374056100845337,0.42616191506385803,0.03893337771296501,0.4468103349208832,0.4062201678752899,-0.09767809510231018,0.5490664839744568,0.5295990109443665,0.06437766551971436,0.4714927673339844,0.49347928166389465,-0.18483252823352814,0.5682161450386047,0.6168032884597778,-0.03627453371882439,0.5289486646652222,0.5493239760398865,-0.3020355701446533,0.5706706047058105,0.6452760100364685,-0.06559590995311737,0.5388625860214233,0.5702280402183533,-0.34517157077789307,0.5680447220802307,0.6439799666404724,-0.09807250648736954,0.5445709824562073,0.5595644116401672,-0.3553502559661865,0.5660228729248047,0.6345880627632141,-0.05272107571363449,0.5422466993331909,0.5538378357887268,-0.30725806951522827,0.5220892429351807,0.6171133518218994,0.03105887770652771,0.4668266773223877,0.6157253980636597,-0.03099760413169861,0.527858316898346,0.766877293586731,-0.0027507231570780277,0.4612101912498474,0.7655513286590576,-0.05039380118250847,0.530067503452301,0.9090234637260437,0.17627300322055817,0.45313915610313416,0.9064614176750183,0.12400761991739273,0.5243104696273804,0.9261491298675537,0.18524357676506042,0.455782949924469,0.9198755025863647,0.1332467794418335,0.5347357988357544,0.9597812294960022,0.048476170748472214,0.45705753564834595,0.9616749286651611,-0.01350319106131792
83,draw_x,a06_s04_e03,0.4933207631111145,0.33952829241752625,-0.21370752155780792,0.49883413314819336,0.32677456736564636,-0.19131961464881897,0.5015754699707031,0.3269607722759247,-0.19132617115974426,0.5048597455024719,0.3271661102771759,-0.19128793478012085,0.48709630966186523,0.3273690342903137,-0.19868890941143036,0.4824848175048828,0.3278636336326599,-0.19870100915431976,0.47879642248153687,0.32856303453445435,-0.1987927109003067,0.5100274682044983,0.33476150035858154,-0.061490725725889206,0.4731624126434326,0.33572694659233093,-0.093732550740242,0.5001851320266724,0.35483357310295105,-0.16406872868537903,0.48593711853027344,0.3546737730503082,-0.17357340455055237,0.5375136733055115,0.4262959063053131,0.03818626329302788,0.44679775834083557,0.40623316168785095,-0.09956492483615875,0.549197256565094,0.530238926410675,0.06523102521896362,0.47013911604881287,0.4931911826133728,-0.18816342949867249,0.5684691071510315,0.6168708801269531,-0.03416410833597183,0.5262895822525024,0.545039713382721,-0.3110807240009308,0.5707911849021912,0.6453641057014465,-0.06375779956579208,0.5366247892379761,0.5664776563644409,-0.35432353615760803,0.5681561231613159,0.6439819931983948,-0.0961829125881195,0.5429552793502808,0.5563240647315979,-0.36447086930274963,0.5662140250205994,0.6345802545547485,-0.050529204308986664,0.5407084822654724,0.5503333806991577,-0.3163425326347351,0.5220776796340942,0.6172826886177063,0.031236406415700912,0.4667828679084778,0.6157873868942261,-0.031169574707746506,0.5278760194778442,0.7668405175209045,-0.000765100703574717,0.46125873923301697,0.7655256390571594,-0.05036824196577072,0.5300623774528503,0.9090906977653503,0.17875131964683533,0.45314493775367737,0.9062129259109497,0.12350763380527496,0.5242894887924194,0.9263200163841248,0.18788395822048187,0.4557914137840271,0.9198083281517029,0.13265255093574524,0.5347382426261902,0.9598764181137085,0.05347242206335068,0.4570642113685608,0.9616772532463074,-0.014524431899189949
84,draw_x,a06_s04_e03,0.493349552154541,0.3395021855831146,-0.23209702968597412,0.49886345863342285,0.3267345428466797,-0.21025046706199646,0.5015937685966492,0.32691532373428345,-0.21024803817272186,0.5048717260360718,0.3271123468875885,-0.21020367741584778,0.48712286353111267,0.327324241399765,-0.21723473072052002,0.48250508308410645,0.32781460881233215,-0.21725301444530487,0.4788113534450531,0.32850757241249084,-0.2173469364643097,0.510028064250946,0.3346368670463562,-0.07955288141965866,0.47316163778305054,0.3356364965438843,-0.11142341047525406,0.500197172164917,0.35477888584136963,-0.1820710003376007,0.4859375059604645,0.35462066531181335,-0.1915009319782257,0.5376321077346802,0.42646676301956177,0.023624353110790253,0.4467547535896301,0.4062281847000122,-0.11219507455825806,0.5495651960372925,0.5307238698005676,0.06037614867091179,0.4692314565181732,0.4931006133556366,-0.19191141426563263,0.5688952207565308,0.6172386407852173,-0.038634043186903,0.5247787237167358,0.5443794131278992,-0.3118778169155121,0.5709656476974487,0.6457460522651672,-0.06745156645774841,0.5353038311004639,0.565194845199585,-0.35411062836647034,0.5682997703552246,0.644214391708374,-0.10070774704217911,0.5415810346603394,0.5550854206085205,-0.3652324676513672,0.5664419531822205,0.6347615122795105,-0.0549638494849205,0.5394061803817749,0.5493913888931274,-0.31727689504623413,0.522042989730835,0.6172892451286316,0.03155699372291565,0.4667157530784607,0.6157952547073364,-0.03149295598268509,0.5279923677444458,0.7664768695831299,0.007503016386181116,0.46126484870910645,0.7655109763145447,-0.04922975227236748,0.5300745368003845,0.909046471118927,0.18792472779750824,0.4531475901603699,0.9060704112052917,0.12361568212509155,0.5242961645126343,0.9263041019439697,0.1970810443162918,0.4558029770851135,0.9197835326194763,0.13271282613277435,0.534770131111145,0.9598539471626282,0.06304224580526352,0.45706382393836975,0.9616754651069641,-0.014660647138953209
85,draw_x,a06_s04_e03,0.49343618750572205,0.3394833207130432,-0.23016345500946045,0.4989076256752014,0.3267204463481903,-0.20733347535133362,0.5016179084777832,0.32690155506134033,-0.20732605457305908,0.5048888921737671,0.32709693908691406,-0.20727583765983582,0.48721346259117126,0.32729464769363403,-0.21517693996429443,0.4825893044471741,0.32777920365333557,-0.21518191695213318,0.47887149453163147,0.3284669518470764,-0.2152673751115799,0.5100303292274475,0.3346163034439087,-0.07451917231082916,0.4731799066066742,0.33557990193367004,-0.11096128076314926,0.5002381205558777,0.35476794838905334,-0.1795569211244583,0.4859919548034668,0.3546069264411926,-0.19023486971855164,0.5376396775245667,0.4264659285545349,0.027664143592119217,0.4466559886932373,0.4063536524772644,-0.11176544427871704,0.5499234199523926,0.530639111995697,0.06498900055885315,0.46877187490463257,0.4917720854282379,-0.19284918904304504,0.5689244270324707,0.6173834204673767,-0.035567574203014374,0.5211511850357056,0.5388662815093994,-0.3300017714500427,0.5710229277610779,0.6458817720413208,-0.06507314741611481,0.5317814350128174,0.5605869293212891,-0.37449583411216736,0.568316638469696,0.6442533731460571,-0.09847597777843475,0.5386515855789185,0.5500781536102295,-0.3847591280937195,0.5664438605308533,0.6348019242286682,-0.051852792501449585,0.5364025235176086,0.5444162487983704,-0.3358692526817322,0.5220650434494019,0.6174298524856567,0.03152764216065407,0.46676763892173767,0.615844190120697,-0.031465478241443634,0.5280287265777588,0.7664629220962524,0.007130765356123447,0.46127453446388245,0.765476644039154,-0.04923874884843826,0.5300756692886353,0.9090108275413513,0.1876341998577118,0.45315828919410706,0.9056854844093323,0.12330085039138794,0.5242924690246582,0.9262921214103699,0.19675394892692566,0.4558597207069397,0.9195817708969116,0.1323552131652832,0.5347634553909302,0.9598381519317627,0.06142240762710571,0.4569981098175049,0.9616515636444092,-0.014977495186030865
86,draw_x,a06_s04_e03,0.4934159219264984,0.3393705487251282,-0.2291874885559082,0.4989072382450104,0.32659468054771423,-0.20692241191864014,0.5016180872917175,0.32677948474884033,-0.20691215991973877,0.5048826932907104,0.32696732878685,-0.20685987174510956,0.4872136116027832,0.32717761397361755,-0.21421866118907928,0.4825897216796875,0.3276638388633728,-0.21422643959522247,0.47887420654296875,0.32835230231285095,-0.21430155634880066,0.5100337266921997,0.3344631791114807,-0.07460317015647888,0.4731892943382263,0.3354192078113556,-0.10902891308069229,0.500231146812439,0.35462644696235657,-0.1786901205778122,0.4859752655029297,0.35450097918510437,-0.18883821368217468,0.5376549959182739,0.426456481218338,0.02580193616449833,0.4465576708316803,0.406410276889801,-0.10649442672729492,0.5501571893692017,0.5302948355674744,0.06480376422405243,0.46799713373184204,0.4912112057209015,-0.19413338601589203,0.5690168142318726,0.6175650954246521,-0.035548705607652664,0.5194430947303772,0.536343514919281,-0.33681434392929077,0.5711096525192261,0.6460861563682556,-0.06477378308773041,0.52964186668396,0.5574401617050171,-0.3814721405506134,0.5683404207229614,0.6443738341331482,-0.09809679538011551,0.5366097092628479,0.5467072129249573,-0.39178067445755005,0.5664474964141846,0.6348351240158081,-0.05182627588510513,0.5343586206436157,0.541263997554779,-0.3428313136100769,0.5220828652381897,0.6174412369728088,0.031855784356594086,0.4668003022670746,0.6158455610275269,-0.03180602937936783,0.5281198620796204,0.7662749886512756,0.009317195042967796,0.46130189299583435,0.7650913596153259,-0.049212466925382614,0.5300673246383667,0.9089766144752502,0.1875487118959427,0.45316368341445923,0.9051091074943542,0.11926152557134628,0.524227499961853,0.9262785315513611,0.19631502032279968,0.4558607041835785,0.9192514419555664,0.12774817645549774,0.5348575711250305,0.9598181843757629,0.060663383454084396,0.45696133375167847,0.9615447521209717,-0.017989354208111763
87,draw_x,a06_s04_e03,0.4934875965118408,0.33921781182289124,-0.2372206747531891,0.49895620346069336,0.3264959752559662,-0.21480262279510498,0.5016452074050903,0.32668063044548035,-0.214781254529953,0.5049015879631042,0.32685595750808716,-0.21472470462322235,0.4873124659061432,0.3270762860774994,-0.2224900722503662,0.48266252875328064,0.3275567293167114,-0.22251281142234802,0.4789177477359772,0.32823970913887024,-0.22257570922374725,0.5100352764129639,0.33434638381004333,-0.08114698529243469,0.47321051359176636,0.33531254529953003,-0.11807575076818466,0.5002724528312683,0.3544570505619049,-0.18640346825122833,0.4860188961029053,0.3543967604637146,-0.1972949355840683,0.5376995801925659,0.42646324634552,0.017863096669316292,0.44647449254989624,0.4070291817188263,-0.10719100385904312,0.5505791902542114,0.5302690863609314,0.05946294590830803,0.4655274450778961,0.49337878823280334,-0.19984883069992065,0.5690191984176636,0.6175412535667419,-0.03790965676307678,0.5146541595458984,0.5346143245697021,-0.3517288267612457,0.571112871170044,0.6460567712783813,-0.06617647409439087,0.5292617678642273,0.5552009344100952,-0.39606136083602905,0.568341851234436,0.6443368196487427,-0.09979160130023956,0.536311149597168,0.5442140102386475,-0.40778976678848267,0.5664263963699341,0.6347487568855286,-0.05387920141220093,0.5333179235458374,0.5390798449516296,-0.35819458961486816,0.5223890542984009,0.6173983216285706,0.03182719647884369,0.4671716094017029,0.6158085465431213,-0.03178424388170242,0.528228223323822,0.7662190794944763,0.013209152035415173,0.4613325595855713,0.764948308467865,-0.04765107110142708,0.5300770401954651,0.908728837966919,0.1877290904521942,0.45317381620407104,0.9049943685531616,0.11915057897567749,0.5242277383804321,0.926141083240509,0.1962432563304901,0.45587682723999023,0.9192380309104919,0.12745971977710724,0.5349141955375671,0.959684431552887,0.06008803844451904,0.45693105459213257,0.9615141153335571,-0.019187666475772858
88,draw_x,a06_s04_e03,0.49354928731918335,0.3390759825706482,-0.23384174704551697,0.49899744987487793,0.32642778754234314,-0.21192166209220886,0.5016739368438721,0.3266198933124542,-0.21191327273845673,0.5049346685409546,0.32679107785224915,-0.21186158061027527,0.48737645149230957,0.32699528336524963,-0.2190484255552292,0.4826982617378235,0.3274765908718109,-0.21906885504722595,0.47893452644348145,0.32815906405448914,-0.21914491057395935,0.5100626349449158,0.33428022265434265,-0.07999695837497711,0.47322529554367065,0.3352414667606354,-0.11380545049905777,0.5003231763839722,0.35429996252059937,-0.1835649311542511,0.4860613942146301,0.3542991280555725,-0.19350984692573547,0.5378649830818176,0.4260420501232147,0.018715575337409973,0.4463018774986267,0.4077504277229309,-0.09542694687843323,0.5509548187255859,0.5286528468132019,0.06295852363109589,0.45954570174217224,0.4958910644054413,-0.19699954986572266,0.5689920783042908,0.6161327958106995,-0.03585914522409439,0.507358193397522,0.5333171486854553,-0.3618878126144409,0.5711176991462708,0.6451309323310852,-0.0646815150976181,0.5229263305664062,0.5540135502815247,-0.4086994528770447,0.5683442950248718,0.6433648467063904,-0.09828519076108932,0.5307289361953735,0.5403873324394226,-0.4196249842643738,0.5664107799530029,0.6335189938545227,-0.051703087985515594,0.5263076424598694,0.5351635813713074,-0.3685265779495239,0.5226263403892517,0.6172998547554016,0.031087601557374,0.46763119101524353,0.6156120896339417,-0.03106522187590599,0.5282641649246216,0.7661944627761841,0.012257495895028114,0.4613390862941742,0.7649205923080444,-0.04764733090996742,0.530087411403656,0.9087013006210327,0.18798503279685974,0.45319849252700806,0.9049049019813538,0.1194092184305191,0.5242461562156677,0.9260523319244385,0.196519136428833,0.455951452255249,0.9191935658454895,0.1277419924736023,0.534775972366333,0.9596753716468811,0.05970809981226921,0.4569012522697449,0.9614803194999695,-0.01963590644299984
89,draw_x,a06_s04_e03,0.4935453534126282,0.3389645218849182,-0.2317485362291336,0.4989977777004242,0.32637351751327515,-0.20996937155723572,0.5016754865646362,0.32657405734062195,-0.20996582508087158,0.5049349069595337,0.32675015926361084,-0.2099168598651886,0.48736754059791565,0.3269639313220978,-0.2172139436006546,0.48268622159957886,0.327460378408432,-0.21723482012748718,0.47892552614212036,0.32815057039260864,-0.21732398867607117,0.5100695490837097,0.3342580497264862,-0.07949978858232498,0.47322672605514526,0.3352404832839966,-0.11311577260494232,0.5003247857093811,0.3542112410068512,-0.1814175695180893,0.4860611855983734,0.35426583886146545,-0.19137287139892578,0.537960410118103,0.426040381193161,0.019500121474266052,0.4462965428829193,0.4082183837890625,-0.08329065144062042,0.5510555505752563,0.5286591053009033,0.06666271388530731,0.45205751061439514,0.4960845410823822,-0.19278831779956818,0.5689994692802429,0.6158941984176636,-0.03405562788248062,0.4947659969329834,0.5312840342521667,-0.37758252024650574,0.5711674094200134,0.6448529362678528,-0.06298016756772995,0.510248064994812,0.5529364347457886,-0.42618536949157715,0.5683853626251221,0.6431616544723511,-0.09728830307722092,0.5203686952590942,0.5396403074264526,-0.43621379137039185,0.5664173364639282,0.633297860622406,-0.05008528381586075,0.5159236192703247,0.5337735414505005,-0.3844352960586548,0.5230419635772705,0.617297351360321,0.030509566888213158,0.46856698393821716,0.6151143908500671,-0.030501049011945724,0.5282712578773499,0.7662001848220825,0.010485619306564331,0.4613618850708008,0.7648873925209045,-0.047972921282052994,0.530086874961853,0.9086753129959106,0.1864117681980133,0.4532009959220886,0.9048999547958374,0.11693260818719864,0.5242453813552856,0.9259834289550781,0.19471022486686707,0.45594629645347595,0.9191874861717224,0.12493787705898285,0.5346855521202087,0.9596002101898193,0.05405412241816521,0.4568917751312256,0.9614677429199219,-0.02610534057021141
90,draw_x,a06_s04_e03,0.4935266077518463,0.3388248682022095,-0.25932711362838745,0.49899569153785706,0.32629671692848206,-0.23700347542762756,0.5016766786575317,0.3265068829059601,-0.23697102069854736,0.5049341320991516,0.3266885578632355,-0.23691189289093018,0.48734602332115173,0.3269121050834656,-0.2435755729675293,0.4826599061489105,0.32742708921432495,-0.24360902607440948,0.47890663146972656,0.32812535762786865,-0.2436562478542328,0.5100820064544678,0.3342076241970062,-0.10232715308666229,0.4732285141944885,0.33522483706474304,-0.13516327738761902,0.5003265142440796,0.35402509570121765,-0.20829446613788605,0.48605552315711975,0.35416561365127563,-0.21794268488883972,0.5381802916526794,0.4260314404964447,-0.0010460077319294214,0.44611865282058716,0.40867099165916443,-0.09494185447692871,0.551603376865387,0.5289609432220459,0.04784043878316879,0.4475535452365875,0.49871525168418884,-0.19357222318649292,0.5690833926200867,0.6159706711769104,-0.056558847427368164,0.48949748277664185,0.5309496521949768,-0.3778678774833679,0.5713202953338623,0.6450523734092712,-0.08545029163360596,0.5043903589248657,0.5519782304763794,-0.42501479387283325,0.5684133172035217,0.6434516310691833,-0.12055088579654694,0.5140852332115173,0.5392277240753174,-0.4356206953525543,0.5664233565330505,0.6335315108299255,-0.07272077351808548,0.5098839402198792,0.5334606170654297,-0.3845156133174896,0.523618221282959,0.6172744035720825,0.029355142265558243,0.469431072473526,0.6144383549690247,-0.029390394687652588,0.5282745361328125,0.7663219571113586,0.011000650934875011,0.4614024758338928,0.7648871541023254,-0.04566964507102966,0.5300875306129456,0.9087313413619995,0.187887042760849,0.4532076418399811,0.9050188064575195,0.11941921710968018,0.5242455005645752,0.9260032176971436,0.19605794548988342,0.4559272229671478,0.9193218946456909,0.12732738256454468,0.534661054611206,0.9595855474472046,0.054053615778684616,0.45688945055007935,0.9614790081977844,-0.026029055938124657
91,draw_x,a06_s04_e03,0.49343341588974,0.33857667446136475,-0.27111294865608215,0.4989445209503174,0.32617413997650146,-0.2491152286529541,0.5016540288925171,0.32639646530151367,-0.24908223748207092,0.5048969984054565,0.32660090923309326,-0.24902288615703583,0.4872162938117981,0.3268246054649353,-0.25512662529945374,0.48255491256713867,0.32736918330192566,-0.2551638185977936,0.47882556915283203,0.32809317111968994,-0.2552085816860199,0.5100933909416199,0.3341642916202545,-0.1151791363954544,0.4732235074043274,0.33522212505340576,-0.145792156457901,0.5003213882446289,0.3537934422492981,-0.2204795628786087,0.48599785566329956,0.3540457785129547,-0.22941279411315918,0.5387976765632629,0.42599740624427795,-0.011109685525298119,0.4460456371307373,0.40926364064216614,-0.103338822722435,0.5519436597824097,0.5290391445159912,0.037770193070173264,0.44245490431785583,0.5027533769607544,-0.19068759679794312,0.5691726803779602,0.6156166791915894,-0.07335798442363739,0.4843210279941559,0.5330807566642761,-0.37382790446281433,0.5714234709739685,0.6449452638626099,-0.10301484912633896,0.4980766773223877,0.5537683963775635,-0.42154598236083984,0.5685397982597351,0.6433852314949036,-0.13888557255268097,0.5079818964004517,0.5406261086463928,-0.4317994713783264,0.566527247428894,0.6333664059638977,-0.09003718197345734,0.5047204494476318,0.5345858931541443,-0.3807731568813324,0.5240929126739502,0.6172277927398682,0.029240664094686508,0.470193475484848,0.6132760643959045,-0.029288267716765404,0.5282759666442871,0.7665544152259827,0.013251172378659248,0.46142882108688354,0.7649100422859192,-0.04526534304022789,0.5301065444946289,0.9090331196784973,0.18545611202716827,0.45321860909461975,0.9053180813789368,0.11521527916193008,0.52423095703125,0.9265071749687195,0.19272199273109436,0.4558664858341217,0.919793963432312,0.12244291603565216,0.5350791215896606,0.9595735669136047,0.05058473348617554,0.45686468482017517,0.9615399241447449,-0.029912784695625305
92,draw_x,a06_s04_e03,0.49339064955711365,0.3383554518222809,-0.2857693135738373,0.49892401695251465,0.32606226205825806,-0.26442521810531616,0.5016476511955261,0.3262922167778015,-0.26439234614372253,0.5048904418945312,0.32650768756866455,-0.2643333673477173,0.4871525764465332,0.3267532289028168,-0.2700403332710266,0.4824994206428528,0.3273254930973053,-0.27008047699928284,0.4787876605987549,0.3280711770057678,-0.2701229155063629,0.5101242065429688,0.3340962827205658,-0.13111136853694916,0.4732244610786438,0.3352136015892029,-0.1599666327238083,0.5003213882446289,0.3536113500595093,-0.23524078726768494,0.48598140478134155,0.3539620637893677,-0.2436613291501999,0.5392025709152222,0.42599573731422424,-0.024591341614723206,0.4458393454551697,0.4100895822048187,-0.11207276582717896,0.5520840883255005,0.5293862819671631,0.02731185220181942,0.43727970123291016,0.5050509572029114,-0.18958806991577148,0.5692321062088013,0.6151691675186157,-0.08656102418899536,0.47728651762008667,0.5371913313865662,-0.37097400426864624,0.5714583992958069,0.644763708114624,-0.1163337230682373,0.49059516191482544,0.557149350643158,-0.4177761673927307,0.568647563457489,0.6432427763938904,-0.1531645804643631,0.49909892678260803,0.5434829592704773,-0.42863279581069946,0.5666068196296692,0.6331703066825867,-0.10366798937320709,0.4955317974090576,0.5371242165565491,-0.37779974937438965,0.5241751670837402,0.6172144412994385,0.028877953067421913,0.4702383577823639,0.6129922270774841,-0.02894693985581398,0.5283292531967163,0.7668136358261108,0.017072975635528564,0.46143513917922974,0.7649088501930237,-0.04210003465414047,0.5301110744476318,0.9092279672622681,0.18525901436805725,0.45323604345321655,0.9053256511688232,0.11543907970190048,0.5242050290107727,0.9269489645957947,0.19225814938545227,0.45584622025489807,0.919920027256012,0.12295301258563995,0.5352296233177185,0.9595525860786438,0.04937343671917915,0.45677271485328674,0.9615435004234314,-0.028861667960882187
93,draw_x,a06_s04_e03,0.4933820366859436,0.33820581436157227,-0.30210140347480774,0.49891671538352966,0.32599833607673645,-0.28192761540412903,0.5016469359397888,0.3262285888195038,-0.2818984389305115,0.504890501499176,0.3264514207839966,-0.2818504869937897,0.4871191382408142,0.32672175765037537,-0.28666943311691284,0.48246875405311584,0.32731303572654724,-0.2867133617401123,0.4787704050540924,0.32806751132011414,-0.28675779700279236,0.5101619958877563,0.333967387676239,-0.1489994376897812,0.4732375144958496,0.3352033495903015,-0.17365166544914246,0.5003284811973572,0.3534690737724304,-0.25121617317199707,0.48598065972328186,0.3539065718650818,-0.25843966007232666,0.539781928062439,0.42599567770957947,-0.03659148886799812,0.44575658440589905,0.4106657803058624,-0.11821643263101578,0.5523794889450073,0.530098557472229,0.02163590118288994,0.43462562561035156,0.507258415222168,-0.17939811944961548,0.5693389177322388,0.6149581670761108,-0.0887242928147316,0.4718490242958069,0.5462931394577026,-0.35507771372795105,0.5715368986129761,0.6447367072105408,-0.11763515323400497,0.48289385437965393,0.5656007528305054,-0.40019503235816956,0.5686951279640198,0.643235981464386,-0.15590021014213562,0.4913412034511566,0.5530256628990173,-0.4152843952178955,0.5666149854660034,0.6331387162208557,-0.10631196200847626,0.48730355501174927,0.5461136102676392,-0.36324408650398254,0.5242601633071899,0.6171863079071045,0.02831147611141205,0.47020021080970764,0.6127029061317444,-0.028395965695381165,0.5283674001693726,0.7669676542282104,0.01747041381895542,0.46144214272499084,0.7647721767425537,-0.04097477346658707,0.5301159620285034,0.9093377590179443,0.18399013578891754,0.4532390534877777,0.9052888751029968,0.11569396406412125,0.5242029428482056,0.9270803332328796,0.1906401813030243,0.4557665288448334,0.9198614358901978,0.1232566237449646,0.5352762341499329,0.9595422148704529,0.045938603579998016,0.4566602110862732,0.9615392088890076,-0.02847086824476719
94,draw_x,a06_s04_e03,0.4933493733406067,0.3381015658378601,-0.30248600244522095,0.4988943934440613,0.32596054673194885,-0.2831697463989258,0.501640796661377,0.326187402009964,-0.28314512968063354,0.5048856735229492,0.32641345262527466,-0.28310441970825195,0.48705798387527466,0.32671085000038147,-0.28692978620529175,0.4824235439300537,0.3273093104362488,-0.2869707942008972,0.47874245047569275,0.3280671536922455,-0.28701144456863403,0.5101999044418335,0.3338973820209503,-0.15283718705177307,0.4732387065887451,0.3352038264274597,-0.1728399097919464,0.5003290176391602,0.3533937633037567,-0.25245916843414307,0.4859449863433838,0.3538990020751953,-0.2583458721637726,0.5401245951652527,0.42603543400764465,-0.041350122541189194,0.44572997093200684,0.41093167662620544,-0.11465983092784882,0.5525708198547363,0.5311108827590942,0.016136493533849716,0.4320065975189209,0.5080127120018005,-0.16196420788764954,0.5693411827087402,0.6148455142974854,-0.09473376721143723,0.46340641379356384,0.5545217394828796,-0.33977776765823364,0.5715634226799011,0.6447263360023499,-0.12401056289672852,0.46904367208480835,0.5744636058807373,-0.3852275013923645,0.568699836730957,0.6432373523712158,-0.16307757794857025,0.47794613242149353,0.5631157755851746,-0.4028063416481018,0.5665988326072693,0.6331412196159363,-0.11270733177661896,0.4755497872829437,0.5549620389938354,-0.3492390215396881,0.5242537260055542,0.6171886920928955,0.025956517085433006,0.4701073169708252,0.612874448299408,-0.02604379691183567,0.5283869504928589,0.7671594619750977,0.01671881601214409,0.4614489674568176,0.7647657990455627,-0.03947172313928604,0.530116856098175,0.909385621547699,0.17885634303092957,0.45324721932411194,0.9052780270576477,0.11571855843067169,0.5241872668266296,0.9272023439407349,0.1851511001586914,0.4557928442955017,0.9198428988456726,0.12348704040050507,0.5353147983551025,0.9595342874526978,0.03971284255385399,0.4564177989959717,0.9614933729171753,-0.02811986580491066
95,draw_x,a06_s04_e03,0.4933122992515564,0.3380597233772278,-0.2945559620857239,0.49887967109680176,0.32594290375709534,-0.2749690115451813,0.5016369223594666,0.32616934180259705,-0.27494901418685913,0.5048800110816956,0.32639646530151367,-0.2749099135398865,0.4870012402534485,0.3267066180706024,-0.2788718342781067,0.4823567867279053,0.32730692625045776,-0.27890798449516296,0.4787026047706604,0.32807019352912903,-0.27894240617752075,0.5102094411849976,0.3338576555252075,-0.1456684023141861,0.4732345640659332,0.33521729707717896,-0.16637295484542847,0.5003269910812378,0.3533501625061035,-0.24512915313243866,0.48590126633644104,0.35389384627342224,-0.25121262669563293,0.5401559472084045,0.4260350465774536,-0.03887351602315903,0.44538599252700806,0.4113897383213043,-0.11118759214878082,0.5525678992271423,0.5313840508460999,0.016338394954800606,0.4299476146697998,0.5086535215377808,-0.15339836478233337,0.5693427920341492,0.6146222352981567,-0.0961260050535202,0.4544900059700012,0.5591627955436707,-0.3384273946285248,0.5715864300727844,0.6446599960327148,-0.12582236528396606,0.4597059190273285,0.5785397291183472,-0.38424456119537354,0.5687164068222046,0.6432036757469177,-0.16483351588249207,0.46789416670799255,0.5671941041946411,-0.4018513262271881,0.5665908455848694,0.6330854892730713,-0.11410510540008545,0.46646958589553833,0.5590865015983582,-0.3481532335281372,0.524228036403656,0.6171897053718567,0.02333211898803711,0.47000837326049805,0.6134702563285828,-0.023415613919496536,0.5284147262573242,0.7672500610351562,0.013114231638610363,0.4614441990852356,0.7647675275802612,-0.03936183452606201,0.5301259160041809,0.9094688296318054,0.1695012003183365,0.45324963331222534,0.9052500128746033,0.11467262357473373,0.5242233872413635,0.9273818731307983,0.1754196137189865,0.45579051971435547,0.9198028445243835,0.12165939807891846,0.5353370308876038,0.959525465965271,0.029472148045897484,0.45622506737709045,0.961316704750061,-0.029425188899040222
96,draw_x,a06_s04_e03,0.4933125972747803,0.33802127838134766,-0.29876628518104553,0.49887919425964355,0.32593396306037903,-0.2800911068916321,0.5016372799873352,0.3261623978614807,-0.28007274866104126,0.5048806071281433,0.3263896703720093,-0.2800387740135193,0.4870033264160156,0.32669225335121155,-0.28378456830978394,0.4823569655418396,0.32729372382164,-0.2838192582130432,0.4787035882472992,0.32805711030960083,-0.2838549315929413,0.5102335810661316,0.3338192403316498,-0.15356342494487762,0.4732668399810791,0.3352139890193939,-0.17327532172203064,0.5003335475921631,0.3532715141773224,-0.25021034479141235,0.48591023683547974,0.3538475036621094,-0.25600332021713257,0.5402218699455261,0.42598778009414673,-0.047149766236543655,0.4451046586036682,0.41140586137771606,-0.109993577003479,0.552570641040802,0.5314816832542419,0.012349622324109077,0.4285280108451843,0.5093586444854736,-0.13616324961185455,0.5693429708480835,0.6146388649940491,-0.10169880092144012,0.4466140866279602,0.5712280869483948,-0.3071453273296356,0.5715910196304321,0.6446608304977417,-0.1316225528717041,0.45207467675209045,0.5955604314804077,-0.3510969877243042,0.5687199831008911,0.6432546973228455,-0.1720058023929596,0.4589909017086029,0.584671676158905,-0.37289613485336304,0.5665374994277954,0.6331762671470642,-0.12025217711925507,0.4582878053188324,0.5753900408744812,-0.31838226318359375,0.5241513848304749,0.6172335147857666,0.02159738913178444,0.4699563980102539,0.6137635707855225,-0.02167413756251335,0.5285657644271851,0.7676131725311279,0.008439219556748867,0.4613827168941498,0.7647830247879028,-0.039654575288295746,0.530134916305542,0.9095885157585144,0.16555574536323547,0.45324501395225525,0.9052476286888123,0.11418946832418442,0.5242336988449097,0.9274877309799194,0.17166030406951904,0.45579060912132263,0.9197904467582703,0.12092266976833344,0.5353792905807495,0.959536612033844,0.02646002732217312,0.456005722284317,0.9612987041473389,-0.029203206300735474
97,draw_x,a06_s04_e03,0.4933077394962311,0.33796408772468567,-0.2973373234272003,0.49887189269065857,0.32591885328292847,-0.2786343991756439,0.5016312599182129,0.32615089416503906,-0.2786145508289337,0.5048697590827942,0.32638388872146606,-0.2785744071006775,0.48699846863746643,0.3266722559928894,-0.2825539708137512,0.4823519289493561,0.3272803723812103,-0.282581627368927,0.4787018299102783,0.32804664969444275,-0.2826201021671295,0.5102366209030151,0.33379584550857544,-0.15223558247089386,0.47327303886413574,0.335214763879776,-0.17299267649650574,0.5003343224525452,0.3532005548477173,-0.24881665408611298,0.4859091341495514,0.3537907898426056,-0.2548932135105133,0.5402258634567261,0.4257243573665619,-0.046667907387018204,0.4448084831237793,0.4113948941230774,-0.108997642993927,0.5525489449501038,0.5314555168151855,0.016949323937296867,0.42692843079566956,0.5108115673065186,-0.11126645654439926,0.5693386793136597,0.6146430373191833,-0.09539401531219482,0.4409615397453308,0.5820369720458984,-0.2565348446369171,0.5715972185134888,0.6446256041526794,-0.1246306449174881,0.4452546238899231,0.6089963912963867,-0.29679080843925476,0.5687238574028015,0.6432603001594543,-0.16537487506866455,0.45137786865234375,0.5991904139518738,-0.3220541775226593,0.5665101408958435,0.6332259774208069,-0.11409759521484375,0.45176464319229126,0.5890942811965942,-0.2686004042625427,0.5241404175758362,0.6172784566879272,0.019679728895425797,0.46992260217666626,0.6143423318862915,-0.019748002290725708,0.5286654233932495,0.7677676677703857,0.004026948474347591,0.46121320128440857,0.7649661898612976,-0.0395987406373024,0.5301374197006226,0.9095461964607239,0.16703587770462036,0.4532361924648285,0.9051905870437622,0.11674456298351288,0.5242310762405396,0.9274529218673706,0.17374926805496216,0.45579981803894043,0.9196915030479431,0.12358931452035904,0.5354893803596497,0.9594653248786926,0.028903409838676453,0.4557952880859375,0.9612199068069458,-0.025210589170455933
98,draw_x,a06_s04_e03,0.4931958317756653,0.3379318416118622,-0.2937641143798828,0.4987851083278656,0.3259100317955017,-0.27523964643478394,0.5015705823898315,0.3261401355266571,-0.27522411942481995,0.5047613382339478,0.32637760043144226,-0.27518129348754883,0.486909955739975,0.32666757702827454,-0.27902331948280334,0.48229724168777466,0.3272770941257477,-0.2790503203868866,0.47868242859840393,0.32804450392723083,-0.2790868580341339,0.5102243423461914,0.33376187086105347,-0.15077918767929077,0.4732668995857239,0.3352203071117401,-0.16999179124832153,0.5002865791320801,0.35314950346946716,-0.24587824940681458,0.48582690954208374,0.3537542223930359,-0.25159913301467896,0.5402326583862305,0.4254828095436096,-0.048930153250694275,0.4445274770259857,0.41149553656578064,-0.10432077944278717,0.5524722337722778,0.5312424302101135,0.017365533858537674,0.4271324574947357,0.5132524967193604,-0.08458174020051956,0.5693204402923584,0.61471027135849,-0.09349580854177475,0.43480706214904785,0.5896995663642883,-0.20681972801685333,0.5716027617454529,0.644619882106781,-0.121939517557621,0.4363144338130951,0.6204262375831604,-0.2434678077697754,0.5687260031700134,0.6433233022689819,-0.16331776976585388,0.4420012831687927,0.6137709021568298,-0.2734878957271576,0.5664964914321899,0.6334422826766968,-0.11255772411823273,0.44330793619155884,0.6018452048301697,-0.22070622444152832,0.5241020917892456,0.6172803640365601,0.016424601897597313,0.4694235920906067,0.614683985710144,-0.016482476145029068,0.528784990310669,0.7677956819534302,0.0005485025467351079,0.4611195921897888,0.7649537324905396,-0.037181682884693146,0.5301688313484192,0.9095585346221924,0.15679191052913666,0.45323652029037476,0.9049081206321716,0.11747851222753525,0.5242708921432495,0.9275426864624023,0.16275432705879211,0.455832302570343,0.9196262359619141,0.12395365536212921,0.5354704260826111,0.9594348073005676,0.015577818267047405,0.45557817816734314,0.9610170722007751,-0.024064263328909874
99,draw_x,a06_s04_e03,0.4930759072303772,0.3379054665565491,-0.29425540566444397,0.49867743253707886,0.3259037435054779,-0.27666470408439636,0.5014876127243042,0.32613056898117065,-0.2766583263874054,0.5046045780181885,0.3263702690601349,-0.27661794424057007,0.4868571162223816,0.32665932178497314,-0.2796177268028259,0.48227739334106445,0.32727065682411194,-0.27964210510253906,0.4786795973777771,0.32804030179977417,-0.27968668937683105,0.5101562738418579,0.3337031602859497,-0.15692122280597687,0.47326749563217163,0.3352154493331909,-0.17146869003772736,0.5001857280731201,0.35308754444122314,-0.24792762100696564,0.48573511838912964,0.3537254333496094,-0.2523766756057739,0.540268063545227,0.42518848180770874,-0.06001003831624985,0.44435223937034607,0.41148999333381653,-0.10194835811853409,0.552388072013855,0.5312220454216003,0.010132400318980217,0.4268554151058197,0.516798734664917,-0.06381554156541824,0.5693079233169556,0.6147332787513733,-0.09689677506685257,0.42949604988098145,0.6012746095657349,-0.16568660736083984,0.5716720819473267,0.6445966362953186,-0.12421759217977524,0.42774733901023865,0.6325553059577942,-0.1986140012741089,0.5688067078590393,0.643394410610199,-0.16565123200416565,0.4338124692440033,0.6281499862670898,-0.23324093222618103,0.5665127038955688,0.6335662007331848,-0.11598105728626251,0.4359796643257141,0.6173481345176697,-0.18124035000801086,0.5241231322288513,0.617280900478363,0.011955104768276215,0.46918708086013794,0.6154111623764038,-0.01201804168522358,0.5289379954338074,0.7679044008255005,-0.0034849713556468487,0.4610324800014496,0.765495240688324,-0.0315929539501667,0.5302684903144836,0.9095084071159363,0.1577233523130417,0.4532376229763031,0.9048941135406494,0.12672628462314606,0.5244640707969666,0.9274075031280518,0.16451647877693176,0.4559461176395416,0.9195821285247803,0.13362187147140503,0.5351972579956055,0.9594280123710632,0.019461270421743393,0.4552910327911377,0.9609260559082031,-0.010981330648064613
100,draw_x,a06_s04_e03,0.49292677640914917,0.33786192536354065,-0.32203295826911926,0.49856287240982056,0.3258884847164154,-0.305780827999115,0.5014065504074097,0.32610777020454407,-0.3057730793952942,0.5044822692871094,0.32635387778282166,-0.30573758482933044,0.48675256967544556,0.326647013425827,-0.3085830807685852,0.48222193121910095,0.3272596001625061,-0.3086126446723938,0.47865623235702515,0.3280321955680847,-0.3086581230163574,0.5100985169410706,0.3336044251918793,-0.18816283345222473,0.4732479155063629,0.3351978361606598,-0.20260104537010193,0.5000946521759033,0.35300639271736145,-0.27636662125587463,0.4855803847312927,0.3536783754825592,-0.2806291878223419,0.5401955842971802,0.424765020608902,-0.09017093479633331,0.44397082924842834,0.411655068397522,-0.12196289002895355,0.5519214272499084,0.530335009098053,-0.014753563329577446,0.4269961416721344,0.5210205912590027,-0.08151353895664215,0.5690287947654724,0.6147323846817017,-0.11070547997951508,0.4215986132621765,0.6113945841789246,-0.17624051868915558,0.571662962436676,0.64448082447052,-0.13546088337898254,0.419109582901001,0.6419193744659424,-0.20666995644569397,0.5688101649284363,0.6433960795402527,-0.1762966513633728,0.42542368173599243,0.6397607922554016,-0.24346311390399933,0.5664948225021362,0.6335912942886353,-0.12909455597400665,0.4279678463935852,0.6297728419303894,-0.19258439540863037,0.5234947800636292,0.6169779896736145,0.010899778455495834,0.46711891889572144,0.6154085993766785,-0.010989105328917503,0.5289382934570312,0.767510712146759,-0.0019290780182927847,0.46100229024887085,0.7652705311775208,-0.027287816628813744,0.5302784442901611,0.9087459444999695,0.1594214141368866,0.453218549489975,0.9046812057495117,0.13247433304786682,0.5245001912117004,0.9266012907028198,0.16628195345401764,0.4559304714202881,0.9191986322402954,0.13962024450302124,0.5348474979400635,0.9591324925422668,0.02204999141395092,0.45506876707077026,0.9606285691261292,-0.004492335952818394
101,draw_x,a06_s04_e03,0.4928165078163147,0.3378532826900482,-0.3202267587184906,0.49849915504455566,0.32587963342666626,-0.3041748106479645,0.5013625621795654,0.32609888911247253,-0.30417126417160034,0.5044267177581787,0.32634496688842773,-0.3041374087333679,0.4866982400417328,0.3266407549381256,-0.3067499101161957,0.48219600319862366,0.3272557854652405,-0.3067709803581238,0.4786412715911865,0.3280307948589325,-0.30681854486465454,0.5100852251052856,0.33357393741607666,-0.1885848492383957,0.4732312560081482,0.33518803119659424,-0.2017928659915924,0.5000090003013611,0.35299989581108093,-0.27535784244537354,0.485470712184906,0.3536706864833832,-0.27928104996681213,0.5402048826217651,0.4242199957370758,-0.09527122974395752,0.4435691237449646,0.4126897156238556,-0.1216360479593277,0.5516597032546997,0.5300828814506531,-0.02366729825735092,0.4274917244911194,0.526997983455658,-0.07774835079908371,0.5687879323959351,0.6151668429374695,-0.11700300127267838,0.4163547158241272,0.6213430166244507,-0.16885679960250854,0.5716121196746826,0.6445947885513306,-0.14161008596420288,0.41190800070762634,0.6512536406517029,-0.19820724427700043,0.5687283277511597,0.643720269203186,-0.18158568441867828,0.41833892464637756,0.6506387591362,-0.23713839054107666,0.5663086771965027,0.6341833472251892,-0.13504652678966522,0.421795517206192,0.6408819556236267,-0.18615993857383728,0.5234969854354858,0.616791307926178,0.008401211351156235,0.4669293761253357,0.6154549717903137,-0.008488532155752182,0.5290939807891846,0.7673141956329346,-0.001214153366163373,0.4609359800815582,0.7650323510169983,-0.021924618631601334,0.5305755734443665,0.908467173576355,0.1557384431362152,0.45320263504981995,0.904702365398407,0.1315731406211853,0.525013267993927,0.926382303237915,0.16196498274803162,0.4559171795845032,0.9191935062408447,0.138359934091568,0.5347768068313599,0.9590757489204407,0.020024333149194717,0.4549558162689209,0.9604523181915283,-0.0043288362212479115
102,draw_x,a06_s04_e03,0.4927857518196106,0.3378489315509796,-0.33166664838790894,0.4984675347805023,0.3258799910545349,-0.316201388835907,0.5013319849967957,0.3260948359966278,-0.3161938786506653,0.5043917894363403,0.3263486921787262,-0.3161575496196747,0.48667120933532715,0.3266485929489136,-0.3189862072467804,0.4821823239326477,0.3272680342197418,-0.3190121054649353,0.47862839698791504,0.32805219292640686,-0.319058358669281,0.5100694298744202,0.33356180787086487,-0.20077016949653625,0.4731875956058502,0.3352016508579254,-0.21496932208538055,0.4999816417694092,0.3529888391494751,-0.2865878641605377,0.4854413866996765,0.35366564989089966,-0.2907744348049164,0.5402241945266724,0.423197478055954,-0.10646797716617584,0.4430674612522125,0.4134473204612732,-0.12956534326076508,0.5516554117202759,0.5294906497001648,-0.0330623984336853,0.42762407660484314,0.5294792652130127,-0.08299299329519272,0.5687047839164734,0.6152184009552002,-0.12349593639373779,0.41267499327659607,0.6230182647705078,-0.17382028698921204,0.5716069936752319,0.6445993781089783,-0.14729653298854828,0.4072052538394928,0.6523019671440125,-0.2026328295469284,0.5685005187988281,0.6438418626785278,-0.18693293631076813,0.41263142228126526,0.6525416970252991,-0.24246330559253693,0.5658851861953735,0.6345363855361938,-0.14129869639873505,0.41667285561561584,0.6432481408119202,-0.19147156178951263,0.523571252822876,0.6162899136543274,0.006854815874248743,0.466839462518692,0.6154516935348511,-0.006953183561563492,0.5292130708694458,0.7667962312698364,0.0012668254785239697,0.4608941674232483,0.7648641467094421,-0.016810405999422073,0.5306234955787659,0.9082185626029968,0.15661397576332092,0.45322370529174805,0.9044221043586731,0.13480913639068604,0.5251947641372681,0.9259337782859802,0.1627701222896576,0.4560321867465973,0.918675422668457,0.14138446748256683,0.5345362424850464,0.9590582251548767,0.021120499819517136,0.4548710286617279,0.960209310054779,0.00045901426346972585
103,draw_x,a06_s04_e03,0.4927676320075989,0.3378308117389679,-0.3398178219795227,0.49843865633010864,0.3258742392063141,-0.3238380253314972,0.5012951493263245,0.3260883092880249,-0.3238331079483032,0.5043534636497498,0.32634323835372925,-0.323801726102829,0.4866519570350647,0.3266448974609375,-0.32674843072891235,0.4821681082248688,0.32726672291755676,-0.3267754912376404,0.4786110520362854,0.3280547857284546,-0.3268207311630249,0.5100322365760803,0.333547443151474,-0.2065483033657074,0.47310805320739746,0.3352085053920746,-0.2213890254497528,0.49995678663253784,0.35297057032585144,-0.29422131180763245,0.48541459441185,0.35365980863571167,-0.2985922694206238,0.5402382612228394,0.42260560393333435,-0.1126517802476883,0.44256702065467834,0.4145151972770691,-0.133358433842659,0.5516003966331482,0.529089629650116,-0.03977329656481743,0.42726653814315796,0.5310643315315247,-0.08444657921791077,0.5683704614639282,0.6153031587600708,-0.12984077632427216,0.4103170931339264,0.6221438050270081,-0.17524419724941254,0.5713320970535278,0.644645094871521,-0.15372295677661896,0.404660701751709,0.649954617023468,-0.20385625958442688,0.5679543614387512,0.6441104412078857,-0.19319984316825867,0.40852418541908264,0.6501631140708923,-0.2444460391998291,0.5651935338973999,0.6349077820777893,-0.14754191040992737,0.41292524337768555,0.6417834758758545,-0.19332776963710785,0.523598849773407,0.616080105304718,0.006347098853439093,0.4667469561100006,0.6154597401618958,-0.0064437552355229855,0.5292171835899353,0.7665223479270935,0.0023466707207262516,0.46089106798171997,0.7647068500518799,-0.016315605491399765,0.5306793451309204,0.9078242182731628,0.15770947933197021,0.4532811641693115,0.9043177366256714,0.13638019561767578,0.5253276824951172,0.9253924489021301,0.16393543779850006,0.45619210600852966,0.9185428023338318,0.14295132458209991,0.5343691110610962,0.9588490128517151,0.021637722849845886,0.4548475742340088,0.9601460695266724,0.0007587290601804852
104,draw_x,a06_s04_e03,0.4927222728729248,0.3378191590309143,-0.34209388494491577,0.49837273359298706,0.32586950063705444,-0.3261939585208893,0.5012284517288208,0.32608193159103394,-0.3261849284172058,0.5042774081230164,0.32633912563323975,-0.3261522352695465,0.48659199476242065,0.32664424180984497,-0.3291984498500824,0.4821157455444336,0.3272702991962433,-0.3292226195335388,0.4785587191581726,0.3280636966228485,-0.329263299703598,0.5099573135375977,0.3335248529911041,-0.2086508721113205,0.473001629114151,0.3352304995059967,-0.22419795393943787,0.4999088644981384,0.35295864939689636,-0.2963724732398987,0.48536229133605957,0.3536543548107147,-0.30094167590141296,0.5402349233627319,0.421907514333725,-0.1153547614812851,0.4420352578163147,0.415311723947525,-0.13514451682567596,0.5513541102409363,0.5279342532157898,-0.041834551841020584,0.4264160096645355,0.5297930836677551,-0.08460628986358643,0.5680468082427979,0.6153730750083923,-0.13154162466526031,0.40919962525367737,0.6199671626091003,-0.17218875885009766,0.5711072683334351,0.6446863412857056,-0.15547530353069305,0.4038420617580414,0.6468707323074341,-0.1999470442533493,0.5673960447311401,0.6443430185317993,-0.1948850303888321,0.40736469626426697,0.6471391320228577,-0.24079856276512146,0.5645362734794617,0.6351138949394226,-0.1490750014781952,0.41169825196266174,0.6389909386634827,-0.19039760529994965,0.5236780047416687,0.6160058975219727,0.0066527267917990685,0.4667169451713562,0.6154655814170837,-0.006744862999767065,0.529220461845398,0.7664881348609924,0.0038123051635921,0.46089011430740356,0.7645542621612549,-0.017258092761039734,0.530681848526001,0.9075580835342407,0.15843148529529572,0.45332998037338257,0.9041262865066528,0.13594667613506317,0.5253373384475708,0.9249386191368103,0.16466476023197174,0.4562968611717224,0.9182730317115784,0.14256367087364197,0.5342203378677368,0.9587917327880859,0.02187822386622429,0.454845666885376,0.9600679278373718,-0.00029805448139086366
105,draw_x,a06_s04_e03,0.4925249218940735,0.33781883120536804,-0.3371891975402832,0.49816861748695374,0.32588765025138855,-0.32140496373176575,0.501070499420166,0.32609087228775024,-0.32139578461647034,0.5040814876556396,0.3263615071773529,-0.32135993242263794,0.48638829588890076,0.3266906440258026,-0.3243652880191803,0.48197025060653687,0.32733362913131714,-0.32438668608665466,0.47842568159103394,0.3281530737876892,-0.3244248926639557,0.5098581314086914,0.3335103690624237,-0.20370087027549744,0.47286200523376465,0.33530664443969727,-0.218985915184021,0.4997822344303131,0.352948933839798,-0.2912597060203552,0.4852236211299896,0.3536493182182312,-0.2957729697227478,0.5402246713638306,0.42133310437202454,-0.10893663018941879,0.44179195165634155,0.41528186202049255,-0.13126841187477112,0.5513192415237427,0.5275358557701111,-0.03477857634425163,0.426187664270401,0.5284600853919983,-0.07846100628376007,0.5677046179771423,0.6156206727027893,-0.12690910696983337,0.4098142683506012,0.6154066920280457,-0.16945494711399078,0.5707716345787048,0.6447191834449768,-0.15141436457633972,0.4050828814506531,0.6428853869438171,-0.1981251835823059,0.5666359663009644,0.6445112228393555,-0.19091835618019104,0.40852952003479004,0.6418480277061462,-0.23868969082832336,0.563630223274231,0.635308563709259,-0.14454621076583862,0.41231268644332886,0.6333767175674438,-0.1875765472650528,0.5237377882003784,0.615863025188446,0.006657528690993786,0.4667106568813324,0.6154426336288452,-0.00674841646105051,0.5292235016822815,0.7664802074432373,0.0030546931084245443,0.4609108567237854,0.7645304799079895,-0.018914874643087387,0.5306905508041382,0.9073213338851929,0.1584644913673401,0.4533739686012268,0.9040005207061768,0.13524863123893738,0.5253576040267944,0.9244527220726013,0.1648205816745758,0.45636653900146484,0.9181100130081177,0.1419903188943863,0.5341248512268066,0.9587644338607788,0.02143331989645958,0.45487841963768005,0.9600226283073425,-0.0013265201123431325
106,draw_x,a06_s04_e03,0.492078959941864,0.3378217816352844,-0.3372839689254761,0.4978223443031311,0.32590335607528687,-0.32175859808921814,0.5008383989334106,0.3260960578918457,-0.3217501938343048,0.5038137435913086,0.32637670636177063,-0.3217150568962097,0.4859992563724518,0.32672318816185,-0.32451099157333374,0.4816587567329407,0.3273777365684509,-0.3245329260826111,0.4781271517276764,0.32820287346839905,-0.32457271218299866,0.5097297430038452,0.33350005745887756,-0.20442655682563782,0.4726180136203766,0.33534225821495056,-0.2190391570329666,0.4994978904724121,0.3529409170150757,-0.291426420211792,0.484809935092926,0.35364457964897156,-0.29573339223861694,0.5402162671089172,0.420979380607605,-0.10953475534915924,0.44158583879470825,0.4153611958026886,-0.1299433410167694,0.5512158274650574,0.5275043845176697,-0.03542621433734894,0.42541542649269104,0.5274755954742432,-0.07790707051753998,0.5673548579216003,0.6157427430152893,-0.12726715207099915,0.40828052163124084,0.6140867471694946,-0.16856367886066437,0.5703396201133728,0.644720196723938,-0.15175893902778625,0.40494370460510254,0.6411336660385132,-0.19673538208007812,0.5658555626869202,0.6445356607437134,-0.1911834180355072,0.40892505645751953,0.6398935317993164,-0.23726534843444824,0.5628113150596619,0.6353706121444702,-0.14477895200252533,0.4118506908416748,0.631738007068634,-0.18661782145500183,0.5238173604011536,0.6156641244888306,0.007119954563677311,0.4667111337184906,0.6152881979942322,-0.007210080977529287,0.5292102098464966,0.7663362622261047,0.0030561478342860937,0.4609547257423401,0.7643229961395264,-0.02004825696349144,0.5306842923164368,0.9071608781814575,0.1577480137348175,0.4533936381340027,0.903952956199646,0.13519440591335297,0.5253292322158813,0.92428058385849,0.16399887204170227,0.456432968378067,0.9180026650428772,0.14178872108459473,0.5341396927833557,0.9586289525032043,0.020618412643671036,0.4549172520637512,0.960019052028656,-0.002069990849122405
107,draw_x,a06_s04_e03,0.49171608686447144,0.33790838718414307,-0.33669984340667725,0.49749526381492615,0.3259643316268921,-0.32119300961494446,0.5006073117256165,0.32612723112106323,-0.3211827576160431,0.5035508871078491,0.3264148533344269,-0.3211461305618286,0.48563510179519653,0.32686731219291687,-0.3236714005470276,0.4814004898071289,0.32754606008529663,-0.3236943483352661,0.47787705063819885,0.3284063935279846,-0.32373252511024475,0.5095347762107849,0.3334934413433075,-0.20367875695228577,0.47239750623703003,0.3354403078556061,-0.2171037644147873,0.4992532730102539,0.35293444991111755,-0.290759414434433,0.4844955801963806,0.3536437749862671,-0.2947287857532501,0.5402158498764038,0.4207736551761627,-0.10836388170719147,0.44145911931991577,0.4153558909893036,-0.12861353158950806,0.5513064861297607,0.5275173187255859,-0.03382420539855957,0.42463260889053345,0.5273559093475342,-0.07458479702472687,0.5672510862350464,0.6162574887275696,-0.12588483095169067,0.40861478447914124,0.6122704148292542,-0.16657701134681702,0.5699231028556824,0.6450947523117065,-0.1505696177482605,0.4055449962615967,0.6393038630485535,-0.19506658613681793,0.5650016069412231,0.6452499628067017,-0.19005218148231506,0.4095686972141266,0.637767493724823,-0.23523440957069397,0.5619907379150391,0.6359880566596985,-0.143410786986351,0.41235318779945374,0.6296246647834778,-0.18446573615074158,0.524212658405304,0.6156120300292969,0.007115363143384457,0.4667319357395172,0.6152735948562622,-0.007206369191408157,0.5293242931365967,0.7664206624031067,0.001438041334040463,0.46098393201828003,0.764211118221283,-0.020748095586895943,0.5306726694107056,0.9071033596992493,0.1581152081489563,0.4534631669521332,0.9038573503494263,0.13457141816616058,0.5252327919006348,0.9241343140602112,0.16441091895103455,0.45680445432662964,0.9178122878074646,0.14126987755298615,0.5342733263969421,0.9585792422294617,0.02099352888762951,0.4549025893211365,0.9600103497505188,-0.002432580105960369
108,draw_x,a06_s04_e03,0.49101677536964417,0.33827775716781616,-0.34210583567619324,0.49693650007247925,0.3261837363243103,-0.32688578963279724,0.5002425312995911,0.32628411054611206,-0.32687366008758545,0.503146767616272,0.32658854126930237,-0.32683536410331726,0.48504382371902466,0.32720181345939636,-0.3290737271308899,0.4809424877166748,0.3279017210006714,-0.3291007876396179,0.47743839025497437,0.3287558853626251,-0.3291413187980652,0.5092495083808899,0.3335103690624237,-0.20882077515125275,0.47212037444114685,0.3356577455997467,-0.2208666056394577,0.4987708032131195,0.3530465066432953,-0.2957811951637268,0.4838179647922516,0.3537895083427429,-0.2993566393852234,0.5402156114578247,0.42069748044013977,-0.11147107183933258,0.4412456452846527,0.41534650325775146,-0.12855102121829987,0.5513116121292114,0.5275005102157593,-0.035804860293865204,0.42391133308410645,0.5262467265129089,-0.07479741424322128,0.5668072700500488,0.6165631413459778,-0.1286616176366806,0.4086208939552307,0.6111224889755249,-0.16892090439796448,0.5693725943565369,0.64518803358078,-0.15358790755271912,0.4054855406284332,0.6382253170013428,-0.1979706585407257,0.5642436146736145,0.6454751491546631,-0.1934146136045456,0.4092482626438141,0.6366870403289795,-0.23829159140586853,0.5611926317214966,0.636306643486023,-0.14626677334308624,0.4120038151741028,0.6284091472625732,-0.18687264621257782,0.5242794752120972,0.6155394911766052,0.0069150058552622795,0.46673598885536194,0.6152579188346863,-0.00700781587511301,0.5293478965759277,0.7664214372634888,0.0013673382345587015,0.46100252866744995,0.7642210125923157,-0.020881377160549164,0.5306915640830994,0.9067966341972351,0.1605384349822998,0.4534834027290344,0.9040127992630005,0.13566169142723083,0.5252341628074646,0.9235889911651611,0.16733720898628235,0.4569009244441986,0.9178637862205505,0.142532080411911,0.5343064069747925,0.9585164785385132,0.02272534742951393,0.4548978805541992,0.9600502848625183,-0.0019463628996163607
109,draw_x,a06_s04_e03,0.4904543459415436,0.33867257833480835,-0.34649401903152466,0.4964597821235657,0.32645800709724426,-0.33163386583328247,0.4999154210090637,0.3265075981616974,-0.33162015676498413,0.502812922000885,0.32684221863746643,-0.33158251643180847,0.48454803228378296,0.32753583788871765,-0.3336363434791565,0.48053956031799316,0.32823339104652405,-0.3336692452430725,0.4770682454109192,0.3290843069553375,-0.3337123990058899,0.5090042948722839,0.3336097002029419,-0.21404805779457092,0.4718751013278961,0.3358742892742157,-0.22493954002857208,0.49831080436706543,0.35324352979660034,-0.3001367449760437,0.4833003878593445,0.35397669672966003,-0.3033909499645233,0.5402153730392456,0.4206158220767975,-0.1141464114189148,0.4408980906009674,0.41548439860343933,-0.13070189952850342,0.5513149499893188,0.5275705456733704,-0.03672347962856293,0.4234716296195984,0.5258046984672546,-0.07677748054265976,0.5662582516670227,0.6165989637374878,-0.1292574107646942,0.4084237217903137,0.6105950474739075,-0.17167721688747406,0.5687243938446045,0.6452458500862122,-0.15394355356693268,0.40507203340530396,0.6377657055854797,-0.20084354281425476,0.5636926293373108,0.6456143260002136,-0.19357924163341522,0.4088628888130188,0.6363440155982971,-0.24088449776172638,0.560599148273468,0.6363909244537354,-0.14682303369045258,0.41175776720046997,0.6279721856117249,-0.18945863842964172,0.5242841243743896,0.6155374646186829,0.006664838641881943,0.4666464924812317,0.615274965763092,-0.006766320206224918,0.5293511152267456,0.7665748596191406,-0.0012086199130862951,0.46100473403930664,0.764494001865387,-0.020943328738212585,0.5307024717330933,0.906786322593689,0.16136324405670166,0.453526109457016,0.9040213227272034,0.13878454267978668,0.5251993536949158,0.9235870242118835,0.16863055527210236,0.4571097791194916,0.9178420305252075,0.14615878462791443,0.534417450428009,0.9584934711456299,0.023833615705370903,0.4548707604408264,0.9600734114646912,0.0016008991515263915
110,draw_x,a06_s04_e03,0.48993319272994995,0.33892396092414856,-0.3444348871707916,0.49603837728500366,0.3266395628452301,-0.3293023407459259,0.4996001124382019,0.326649010181427,-0.32928889989852905,0.5024720430374146,0.3270036578178406,-0.32925155758857727,0.4840823709964752,0.3277814984321594,-0.33141613006591797,0.4801254868507385,0.32849109172821045,-0.33144691586494446,0.4766666293144226,0.32933667302131653,-0.3314879536628723,0.508713960647583,0.3336791694164276,-0.21180418133735657,0.47154921293258667,0.3360685706138611,-0.2232116460800171,0.4979044497013092,0.3533942997455597,-0.29827043414115906,0.4827241897583008,0.3541339933872223,-0.30167126655578613,0.5402026176452637,0.42057785391807556,-0.11405999958515167,0.44048529863357544,0.4159281551837921,-0.1299666464328766,0.5513513088226318,0.5275941491127014,-0.03776286169886589,0.42293500900268555,0.5256593227386475,-0.07521952688694,0.5661234855651855,0.6167022585868835,-0.12937849760055542,0.4085676670074463,0.6122598052024841,-0.16882966458797455,0.5683375000953674,0.6457231044769287,-0.15409311652183533,0.4051348567008972,0.6400812864303589,-0.1974472850561142,0.5631083846092224,0.6460890173912048,-0.19346630573272705,0.40917763113975525,0.6395882964134216,-0.23780269920825958,0.5601049065589905,0.6365182399749756,-0.14679202437400818,0.4120914340019226,0.6311143040657043,-0.18668848276138306,0.5243319272994995,0.6154364943504333,0.006212570704519749,0.4666244387626648,0.6152705550193787,-0.006316089071333408,0.5293527841567993,0.7666084170341492,-0.0019089498091489077,0.4610055983066559,0.764576256275177,-0.02097337692975998,0.530711829662323,0.9069898724555969,0.1573558896780014,0.4536154270172119,0.9041674137115479,0.1384221315383911,0.525170624256134,0.9238478541374207,0.1640477180480957,0.45738309621810913,0.9178875088691711,0.14540043473243713,0.5344035625457764,0.9585236310958862,0.018743814900517464,0.45486950874328613,0.9600983262062073,0.0010004998184740543
111,draw_x,a06_s04_e03,0.48933878540992737,0.33909305930137634,-0.3415883183479309,0.49553966522216797,0.32677072286605835,-0.3261151909828186,0.49919968843460083,0.3267453610897064,-0.32610249519348145,0.5020649433135986,0.3271111249923706,-0.32606518268585205,0.4836210310459137,0.32794618606567383,-0.32857269048690796,0.4797479212284088,0.3286483585834503,-0.32860249280929565,0.47633829712867737,0.3294784426689148,-0.3286435008049011,0.508324921131134,0.333728164434433,-0.20849613845348358,0.47134870290756226,0.3361451029777527,-0.22168509662151337,0.4973878264427185,0.3534712791442871,-0.2953491508960724,0.48218661546707153,0.35420024394989014,-0.29914769530296326,0.5401772260665894,0.42056891322135925,-0.11199913173913956,0.4404151439666748,0.4162478446960449,-0.12682168185710907,0.5513095259666443,0.5275962352752686,-0.03790128976106644,0.4230014383792877,0.5257861018180847,-0.07124731689691544,0.5655919313430786,0.6169481873512268,-0.12971918284893036,0.4086639881134033,0.6137268543243408,-0.16568972170352936,0.5674856305122375,0.645893931388855,-0.15455284714698792,0.40505585074424744,0.6419300436973572,-0.19479693472385406,0.5624268054962158,0.6461507081985474,-0.1937488615512848,0.4090973734855652,0.6417824625968933,-0.23463651537895203,0.559533417224884,0.6365319490432739,-0.1470610797405243,0.4120272099971771,0.6334850788116455,-0.1834346503019333,0.524190366268158,0.6154191493988037,0.005485762841999531,0.46634840965270996,0.6152869462966919,-0.005593412555754185,0.529253363609314,0.7666078805923462,-0.0031233099289238453,0.4609624743461609,0.7647547125816345,-0.02084902487695217,0.5307841300964355,0.9069076776504517,0.15755803883075714,0.4536757469177246,0.9049135446548462,0.13763508200645447,0.5252367258071899,0.9237412810325623,0.1643235981464386,0.45764923095703125,0.9183712601661682,0.14459529519081116,0.5343886613845825,0.9584112167358398,0.019266346469521523,0.4548703730106354,0.9602545499801636,0.0001795963617041707
112,draw_x,a06_s04_e03,0.4890023171901703,0.3392750322818756,-0.3401678204536438,0.49521979689598083,0.3269140124320984,-0.3244563043117523,0.49892958998680115,0.32686060667037964,-0.3244440257549286,0.5017762184143066,0.3272339105606079,-0.32440680265426636,0.48331958055496216,0.3281043767929077,-0.327107697725296,0.4794823229312897,0.3287954032421112,-0.3271384835243225,0.47607970237731934,0.32961052656173706,-0.32718008756637573,0.5080184936523438,0.33376529812812805,-0.20700211822986603,0.4711288511753082,0.3362167477607727,-0.22052495181560516,0.49703413248062134,0.35357198119163513,-0.29381048679351807,0.4818498194217682,0.3543095886707306,-0.29791519045829773,0.5401238203048706,0.42054399847984314,-0.11139323562383652,0.4402731955051422,0.4165474772453308,-0.12517738342285156,0.551308810710907,0.5277168154716492,-0.038017213344573975,0.423056423664093,0.5262115001678467,-0.07048062980175018,0.5654313564300537,0.6175071597099304,-0.12993331253528595,0.4087303578853607,0.614669919013977,-0.16448745131492615,0.5672010183334351,0.6463930606842041,-0.1548054963350296,0.40486449003219604,0.6432263255119324,-0.19355247914791107,0.5621225833892822,0.6464555859565735,-0.1938454806804657,0.40900611877441406,0.6431286931037903,-0.23304741084575653,0.5592461824417114,0.6367639303207397,-0.14718280732631683,0.41201433539390564,0.63463294506073,-0.18208195269107819,0.5241237282752991,0.6154163479804993,0.005049446132034063,0.46608367562294006,0.6153320670127869,-0.005158962681889534,0.5291744470596313,0.7665958404541016,-0.003945460543036461,0.46092861890792847,0.7648958563804626,-0.02053930051624775,0.5307866930961609,0.9068359136581421,0.1577865183353424,0.4537624716758728,0.9050042033195496,0.1379890739917755,0.5252366065979004,0.9236165285110474,0.16495919227600098,0.4578969478607178,0.9183691740036011,0.14512930810451508,0.5342719554901123,0.9583437442779541,0.02067677304148674,0.45488137006759644,0.9603328704833984,0.0015586123336106539
113,draw_x,a06_s04_e03,0.4885767102241516,0.3394610285758972,-0.339336097240448,0.49481672048568726,0.3270496726036072,-0.3238886892795563,0.4985930919647217,0.32696494460105896,-0.3238775134086609,0.501412034034729,0.32733672857284546,-0.3238418698310852,0.48293963074684143,0.32825037837028503,-0.326101690530777,0.47913703322410583,0.3289373815059662,-0.3261306881904602,0.47573408484458923,0.32973068952560425,-0.3261718451976776,0.5076294541358948,0.3337881863117218,-0.20730742812156677,0.47085246443748474,0.33627158403396606,-0.21922239661216736,0.496594101190567,0.3536984622478485,-0.2933151423931122,0.4814435839653015,0.35444432497024536,-0.2968915104866028,0.540035605430603,0.42049944400787354,-0.11238159239292145,0.44019371271133423,0.4166204631328583,-0.12433786690235138,0.5513099431991577,0.5278457403182983,-0.039872974157333374,0.42299342155456543,0.5264713764190674,-0.07043920457363129,0.5653272867202759,0.6183452010154724,-0.1308690905570984,0.40916022658348083,0.6159711480140686,-0.1649331897497177,0.5670391321182251,0.646963894367218,-0.15580737590789795,0.4053724706172943,0.6449599862098694,-0.19416195154190063,0.5618066191673279,0.646899402141571,-0.1949405074119568,0.4097776412963867,0.6451224088668823,-0.23349149525165558,0.5589544177055359,0.6371334195137024,-0.148064985871315,0.41278892755508423,0.636654794216156,-0.18247559666633606,0.5240010023117065,0.6152794361114502,0.0047016264870762825,0.46586108207702637,0.6153259873390198,-0.004812669940292835,0.5291638970375061,0.7666282057762146,-0.0059964414685964584,0.46080732345581055,0.7650133371353149,-0.020631548017263412,0.5307918787002563,0.9066704511642456,0.15791383385658264,0.45376673340797424,0.9053701162338257,0.13764457404613495,0.5252367854118347,0.9234417080879211,0.1651134192943573,0.45804157853126526,0.9185370206832886,0.14474496245384216,0.5342719554901123,0.9582446813583374,0.020760411396622658,0.4548502564430237,0.9603983163833618,0.0009917628485709429
114,draw_x,a06_s04_e03,0.4882189631462097,0.33961284160614014,-0.3392063081264496,0.494467556476593,0.32719820737838745,-0.3239215016365051,0.4982762932777405,0.32708677649497986,-0.32390907406806946,0.501090407371521,0.3274584114551544,-0.32387280464172363,0.4826383590698242,0.32838407158851624,-0.32584452629089355,0.4788634777069092,0.32906824350357056,-0.325874388217926,0.47544869780540466,0.3298567533493042,-0.3259151875972748,0.507261335849762,0.3338269591331482,-0.20784375071525574,0.47062453627586365,0.3363499641418457,-0.21835048496723175,0.4962438642978668,0.3537950813770294,-0.29350197315216064,0.4811268746852875,0.35456404089927673,-0.29666420817375183,0.5398492217063904,0.4204886257648468,-0.11254549026489258,0.44012555480003357,0.41669920086860657,-0.12484512478113174,0.5512979030609131,0.5278423428535461,-0.03957655653357506,0.4229486882686615,0.5265313982963562,-0.07170891761779785,0.5652782320976257,0.6183459758758545,-0.13032135367393494,0.4094155728816986,0.6168479919433594,-0.16740813851356506,0.567051112651825,0.6469852924346924,-0.15525192022323608,0.40591511130332947,0.6461544632911682,-0.19681498408317566,0.5618190765380859,0.646945595741272,-0.1944044530391693,0.40992850065231323,0.6463779807090759,-0.23577626049518585,0.5589248538017273,0.6371623277664185,-0.14753873646259308,0.4131375849246979,0.6379181742668152,-0.18477794528007507,0.5239342451095581,0.6151037216186523,0.004744929727166891,0.4657629430294037,0.6153338551521301,-0.0048571182414889336,0.5291622877120972,0.7666296362876892,-0.005497433710843325,0.46057671308517456,0.7651891112327576,-0.02054676041007042,0.5307938456535339,0.9066792726516724,0.15724465250968933,0.45377081632614136,0.9056615829467773,0.13663843274116516,0.5252183675765991,0.9235380291938782,0.1643334925174713,0.45813894271850586,0.9187648296356201,0.14350219070911407,0.5344527363777161,0.9582301378250122,0.020637162029743195,0.4548262655735016,0.9604617357254028,0.0004714145325124264
