frame_index,label,video_id,l0_x,l0_y,l0_z,l1_x,l1_y,l1_z,l2_x,l2_y,l2_z,l3_x,l3_y,l3_z,l4_x,l4_y,l4_z,l5_x,l5_y,l5_z,l6_x,l6_y,l6_z,l7_x,l7_y,l7_z,l8_x,l8_y,l8_z,l9_x,l9_y,l9_z,l10_x,l10_y,l10_z,l11_x,l11_y,l11_z,l12_x,l12_y,l12_z,l13_x,l13_y,l13_z,l14_x,l14_y,l14_z,l15_x,l15_y,l15_z,l16_x,l16_y,l16_z,l17_x,l17_y,l17_z,l18_x,l18_y,l18_z,l19_x,l19_y,l19_z,l20_x,l20_y,l20_z,l21_x,l21_y,l21_z,l22_x,l22_y,l22_z,l23_x,l23_y,l23_z,l24_x,l24_y,l24_z,l25_x,l25_y,l25_z,l26_x,l26_y,l26_z,l27_x,l27_y,l27_z,l28_x,l28_y,l28_z,l29_x,l29_y,l29_z,l30_x,l30_y,l30_z,l31_x,l31_y,l31_z,l32_x,l32_y,l32_z
0,draw_x,a06_s10_e03,0.5671887993812561,0.23374877870082855,-0.35920199751853943,0.573633074760437,0.2208104133605957,-0.34035664796829224,0.5769453644752502,0.22115874290466309,-0.34035632014274597,0.5793145298957825,0.2217755913734436,-0.34032660722732544,0.5609808564186096,0.2203395962715149,-0.34474360942840576,0.5564492344856262,0.2204018533229828,-0.3447655737400055,0.5520235300064087,0.22071300446987152,-0.3447631895542145,0.5836348533630371,0.22830554842948914,-0.2112692892551422,0.5453559756278992,0.22730472683906555,-0.23417635262012482,0.5734784007072449,0.2512035369873047,-0.3097980320453644,0.5590320229530334,0.25129273533821106,-0.31637269258499146,0.6126769781112671,0.3249645233154297,-0.10394293069839478,0.5127982497215271,0.31986182928085327,-0.15342505276203156,0.6246484518051147,0.42468005418777466,-0.033691465854644775,0.49557575583457947,0.42481252551078796,-0.1102072149515152,0.6394354701042175,0.5176898241043091,-0.14273890852928162,0.48996391892433167,0.5137583613395691,-0.20071819424629211,0.6419598460197449,0.551057755947113,-0.1707257777452469,0.4837537407875061,0.547993004322052,-0.23408445715904236,0.6381564140319824,0.5497710704803467,-0.2129356414079666,0.4894216060638428,0.5472570061683655,-0.2697616219520569,0.6351200938224792,0.5418299436569214,-0.16162723302841187,0.4931628108024597,0.539286196231842,-0.2167157232761383,0.5911769270896912,0.5220600366592407,0.019973227754235268,0.5327357053756714,0.5223409533500671,-0.02004079520702362,0.6011596918106079,0.6714111566543579,0.07157505303621292,0.5238202214241028,0.6762785315513611,-0.010640212334692478,0.6039528250694275,0.7972425222396851,0.23810812830924988,0.5174596309661865,0.8067993521690369,0.1461760401725769,0.5958927273750305,0.8147090673446655,0.24584849178791046,0.5209321975708008,0.8226978778839111,0.1527375429868698,0.6259406208992004,0.8474916815757751,0.11215375363826752,0.5109227299690247,0.8560536503791809,0.006940527353435755
1,draw_x,a06_s10_e03,0.5669458508491516,0.23544444143772125,-0.4033976197242737,0.5729864239692688,0.22167545557022095,-0.3862214684486389,0.5764849185943604,0.22185608744621277,-0.3862113058567047,0.5793068408966064,0.22232995927333832,-0.38619107007980347,0.5608839988708496,0.22095735371112823,-0.38982856273651123,0.5563359260559082,0.2209058254957199,-0.38988643884658813,0.551932692527771,0.22107432782649994,-0.3898996412754059,0.5835174918174744,0.22879086434841156,-0.25224071741104126,0.5450301766395569,0.2274826616048813,-0.2713358402252197,0.572900652885437,0.2523480951786041,-0.35084328055381775,0.5584547519683838,0.2522718608379364,-0.3564143776893616,0.6127105355262756,0.3243403136730194,-0.13223882019519806,0.5128199458122253,0.31929248571395874,-0.17569568753242493,0.624773383140564,0.4247969388961792,-0.053894203156232834,0.4960368275642395,0.4246677756309509,-0.12334905564785004,0.639761209487915,0.517768144607544,-0.16417211294174194,0.4899256229400635,0.5135709047317505,-0.22124984860420227,0.6420022249221802,0.5510159134864807,-0.19225001335144043,0.48375171422958374,0.5476785898208618,-0.2556767463684082,0.6381677389144897,0.5496701002120972,-0.2371438443660736,0.48942098021507263,0.547062873840332,-0.2934637665748596,0.635179877281189,0.5415014028549194,-0.18387925624847412,0.4931388795375824,0.5390796065330505,-0.23803481459617615,0.5911765098571777,0.5214411020278931,0.019507141783833504,0.5327255725860596,0.520797848701477,-0.01959891989827156,0.6007872223854065,0.6716237664222717,0.04096772521734238,0.523810863494873,0.6761500835418701,-0.01083435583859682,0.603868305683136,0.7972477674484253,0.22902360558509827,0.5173308253288269,0.8061930537223816,0.17093856632709503,0.595860481262207,0.8147059082984924,0.23878291249275208,0.5212448835372925,0.8206736445426941,0.18064682185649872,0.6259442567825317,0.8474958539009094,0.1001846045255661,0.510915994644165,0.855430543422699,0.03239013999700546
2,draw_x,a06_s10_e03,0.5668522119522095,0.23645155131816864,-0.40071240067481995,0.5726649165153503,0.22230403125286102,-0.38340455293655396,0.5762537717819214,0.22238722443580627,-0.38339608907699585,0.5793067812919617,0.22276949882507324,-0.38337427377700806,0.5608502626419067,0.22147193551063538,-0.3870542645454407,0.5562857389450073,0.22135233879089355,-0.3871092200279236,0.5518931150436401,0.2214404195547104,-0.38712120056152344,0.5834592580795288,0.22922803461551666,-0.25008195638656616,0.5448011159896851,0.2277776449918747,-0.26943033933639526,0.5726128816604614,0.2530774772167206,-0.3485214412212372,0.5581395626068115,0.25297316908836365,-0.35415858030319214,0.61271071434021,0.32384777069091797,-0.13133639097213745,0.5128442049026489,0.3189813494682312,-0.1749444305896759,0.6247972846031189,0.42489567399024963,-0.053480762988328934,0.49640408158302307,0.42459094524383545,-0.12300435453653336,0.6400076150894165,0.5178065896034241,-0.16309712827205658,0.489920437335968,0.5132840871810913,-0.22078630328178406,0.6420537233352661,0.5509538054466248,-0.19097010791301727,0.48376375436782837,0.5472519993782043,-0.2551562190055847,0.6381782293319702,0.5495657324790955,-0.23578417301177979,0.48943203687667847,0.5467298030853271,-0.29257044196128845,0.635233998298645,0.5412574410438538,-0.18275892734527588,0.49313825368881226,0.5387300252914429,-0.23742559552192688,0.5911716222763062,0.5210947394371033,0.01929054781794548,0.532715916633606,0.5200127363204956,-0.019394151866436005,0.6005504131317139,0.6719902753829956,0.0387091189622879,0.523802638053894,0.676120936870575,-0.011027349159121513,0.6038632392883301,0.7973010540008545,0.22393186390399933,0.5172189474105835,0.8061595559120178,0.170841783285141,0.5959200859069824,0.8147348165512085,0.233618825674057,0.5216428637504578,0.8202391862869263,0.1802040934562683,0.6259707808494568,0.8474960327148438,0.09510533511638641,0.5108505487442017,0.8553746938705444,0.03251199424266815
3,draw_x,a06_s10_e03,0.5668361186981201,0.23713156580924988,-0.3997648358345032,0.5725284814834595,0.222744882106781,-0.3824412226676941,0.576185405254364,0.22276648879051208,-0.3824336528778076,0.5793241262435913,0.22308124601840973,-0.38241297006607056,0.5608422756195068,0.22185193002223969,-0.3862532377243042,0.5562640428543091,0.22168584167957306,-0.3863069415092468,0.5518754720687866,0.22173409163951874,-0.3863173723220825,0.5834385752677917,0.22947613894939423,-0.24874500930309296,0.5446386933326721,0.22806724905967712,-0.26872941851615906,0.572501540184021,0.25363796949386597,-0.3473704159259796,0.5580333471298218,0.2535611391067505,-0.3531941771507263,0.6127119660377502,0.323471337556839,-0.12984366714954376,0.5128947496414185,0.31888580322265625,-0.17419394850730896,0.62482750415802,0.42489826679229736,-0.05188865214586258,0.4966064393520355,0.42458024621009827,-0.12226656824350357,0.6401469707489014,0.5178195834159851,-0.16173580288887024,0.48990488052368164,0.5132797360420227,-0.21984831988811493,0.6420733332633972,0.5508344769477844,-0.18957211077213287,0.48376384377479553,0.5471670627593994,-0.2541812062263489,0.6381893754005432,0.5494231581687927,-0.23438982665538788,0.489435613155365,0.5466988682746887,-0.2916181683540344,0.6352851390838623,0.541022539138794,-0.18141630291938782,0.4931333661079407,0.5387009978294373,-0.23649349808692932,0.5911791324615479,0.5208950638771057,0.01920294761657715,0.5327268838882446,0.5197036266326904,-0.019312482327222824,0.6004010438919067,0.6724227070808411,0.03861327841877937,0.5238049626350403,0.676173210144043,-0.01138630136847496,0.6038638353347778,0.7973591089248657,0.22376561164855957,0.5171241164207458,0.8061582446098328,0.17027121782302856,0.5959984660148621,0.8147357106208801,0.2334090918302536,0.5218138694763184,0.8201234340667725,0.17953860759735107,0.6260237693786621,0.8474977016448975,0.09475406259298325,0.5108513236045837,0.8552004098892212,0.03153669089078903
4,draw_x,a06_s10_e03,0.5668462514877319,0.2374247908592224,-0.39793267846107483,0.5724807977676392,0.22293253242969513,-0.38037410378456116,0.5761730074882507,0.2229294329881668,-0.3803665339946747,0.5793620347976685,0.22322066128253937,-0.3803456723690033,0.5608458518981934,0.22202087938785553,-0.38442593812942505,0.5562628507614136,0.2218366116285324,-0.38447800278663635,0.551871120929718,0.2218732088804245,-0.38448694348335266,0.5834162831306458,0.22961266338825226,-0.24635393917560577,0.5445208549499512,0.22826647758483887,-0.26736658811569214,0.5724741220474243,0.2539103627204895,-0.3454657196998596,0.558014452457428,0.25390538573265076,-0.35158610343933105,0.6127122640609741,0.32325825095176697,-0.12768271565437317,0.512904703617096,0.3188583552837372,-0.17353513836860657,0.6248437166213989,0.42489373683929443,-0.04991637542843819,0.49680405855178833,0.42461538314819336,-0.12184101343154907,0.6403347253799438,0.5178158283233643,-0.1596752554178238,0.48990392684936523,0.5133602023124695,-0.2194051444530487,0.6421482563018799,0.5506433844566345,-0.1874900609254837,0.4837659001350403,0.5471550226211548,-0.25390464067459106,0.63826984167099,0.5492140650749207,-0.2321426421403885,0.48943662643432617,0.5466994643211365,-0.29113271832466125,0.6354293823242188,0.5407782793045044,-0.17932575941085815,0.49312376976013184,0.5387048721313477,-0.2359739989042282,0.5911831259727478,0.5207353830337524,0.019171644002199173,0.5327306389808655,0.5194941163063049,-0.019283810630440712,0.6002246737480164,0.6727249026298523,0.03686714172363281,0.5238038897514343,0.6761742830276489,-0.011584144085645676,0.603862464427948,0.7974259853363037,0.22267484664916992,0.517006516456604,0.8061599731445312,0.17166805267333984,0.5960326790809631,0.8147343397140503,0.23238186538219452,0.5219327807426453,0.8200178742408752,0.181121826171875,0.6260250210762024,0.8475068807601929,0.09374944865703583,0.510768711566925,0.8551779985427856,0.03308577835559845
5,draw_x,a06_s10_e03,0.566871166229248,0.2376086264848709,-0.39801207184791565,0.5724589228630066,0.22304095327854156,-0.3804052472114563,0.5761707425117493,0.22302094101905823,-0.38039839267730713,0.5794026851654053,0.2232973575592041,-0.3803795576095581,0.5608531832695007,0.2221343219280243,-0.3846019208431244,0.5562618970870972,0.22194328904151917,-0.3846535086631775,0.5518671274185181,0.2219814956188202,-0.38466188311576843,0.5833979845046997,0.22967958450317383,-0.24600569903850555,0.5444251894950867,0.22845906019210815,-0.2676142454147339,0.5724674463272095,0.2540794014930725,-0.34535548090934753,0.5580123066902161,0.254168301820755,-0.3516516089439392,0.612708330154419,0.3230137228965759,-0.1269303858280182,0.5129202008247375,0.3188491761684418,-0.173544779419899,0.6248450875282288,0.4248775839805603,-0.048863485455513,0.4969419836997986,0.4246915280818939,-0.12176287174224854,0.6404399871826172,0.5178249478340149,-0.15846706926822662,0.48989662528038025,0.5135745406150818,-0.21912892162799835,0.6421847939491272,0.5506010055541992,-0.18626263737678528,0.48376646637916565,0.5471576452255249,-0.2536495327949524,0.638295590877533,0.5491600036621094,-0.2308168113231659,0.48943787813186646,0.5467250347137451,-0.2907676696777344,0.6354855895042419,0.5406911373138428,-0.17809297144412994,0.4931134283542633,0.5387528538703918,-0.23564887046813965,0.5911918878555298,0.520632803440094,0.01915271393954754,0.5327445864677429,0.5194389820098877,-0.019266482442617416,0.6000906825065613,0.6729459762573242,0.03561655431985855,0.5238049626350403,0.6762717962265015,-0.01185852661728859,0.6038728952407837,0.7974607944488525,0.22234301269054413,0.5169667601585388,0.8062242865562439,0.17208172380924225,0.596099317073822,0.8147200345993042,0.23212234675884247,0.5221294164657593,0.8200300335884094,0.18160296976566315,0.6260411739349365,0.8475547432899475,0.09353800863027573,0.5106676816940308,0.8551900386810303,0.03345503285527229
6,draw_x,a06_s10_e03,0.566879391670227,0.23762835562229156,-0.3962057828903198,0.5724302530288696,0.2230502963066101,-0.37856465578079224,0.576159656047821,0.22302693128585815,-0.37855806946754456,0.5794246196746826,0.22330234944820404,-0.378539502620697,0.5608521699905396,0.22215460240840912,-0.3826178014278412,0.5562475919723511,0.2219713181257248,-0.3826664984226227,0.5518420338630676,0.22201912105083466,-0.38267379999160767,0.5833764672279358,0.22969675064086914,-0.24501736462116241,0.5443219542503357,0.22860212624073029,-0.2659868001937866,0.5724613666534424,0.2541287839412689,-0.34398728609085083,0.5580006837844849,0.25428444147109985,-0.35009127855300903,0.6127084493637085,0.3229316771030426,-0.12709787487983704,0.5129339694976807,0.3188527822494507,-0.17275428771972656,0.6248587965965271,0.4248924255371094,-0.04890938848257065,0.49701404571533203,0.42480170726776123,-0.12134845554828644,0.6405495405197144,0.5178462266921997,-0.15773656964302063,0.4898828864097595,0.513994038105011,-0.21818038821220398,0.6422245502471924,0.5505722761154175,-0.18551453948020935,0.483764111995697,0.5472093820571899,-0.2525816261768341,0.6383274793624878,0.5491272807121277,-0.22993119060993195,0.4894410967826843,0.5468259453773499,-0.28955456614494324,0.6355492472648621,0.5406432747840881,-0.17732568085193634,0.4931076169013977,0.5388992428779602,-0.23465922474861145,0.5912139415740967,0.5205420851707458,0.018937919288873672,0.5327616930007935,0.5194112062454224,-0.019053248688578606,0.6000608801841736,0.6729722619056702,0.03493721783161163,0.5238051414489746,0.6763024926185608,-0.011789955198764801,0.603874683380127,0.7975045442581177,0.21985933184623718,0.5168963074684143,0.8062174916267395,0.17222155630588531,0.5961236953735352,0.8147152662277222,0.2294994592666626,0.5222086906433105,0.8199352622032166,0.18165159225463867,0.6260362863540649,0.8475629687309265,0.09126929193735123,0.5105654001235962,0.8550901412963867,0.03417542576789856
7,draw_x,a06_s10_e03,0.5669310092926025,0.23764625191688538,-0.3983617424964905,0.5724279284477234,0.22305870056152344,-0.3806608319282532,0.5761646628379822,0.22303412854671478,-0.38065463304519653,0.5794733762741089,0.22330908477306366,-0.380638062953949,0.5608646869659424,0.22216971218585968,-0.3847367465496063,0.5562471747398376,0.22199298441410065,-0.384787380695343,0.5518404245376587,0.22205056250095367,-0.38479378819465637,0.5833693146705627,0.2297145575284958,-0.24688760936260223,0.5442569255828857,0.22874115407466888,-0.26792842149734497,0.5724633932113647,0.25418245792388916,-0.34607166051864624,0.5580028295516968,0.25440308451652527,-0.3521965742111206,0.612708568572998,0.32288095355033875,-0.128727987408638,0.5129467844963074,0.318886935710907,-0.17428740859031677,0.6248825192451477,0.42494475841522217,-0.05020144581794739,0.4970504641532898,0.424936443567276,-0.12273917347192764,0.6406176090240479,0.5179691910743713,-0.1582859605550766,0.48987507820129395,0.5143555402755737,-0.2195148766040802,0.6422404646873474,0.5505945682525635,-0.18593940138816833,0.48376399278640747,0.5473081469535828,-0.25393760204315186,0.6383453607559204,0.5491407513618469,-0.23048627376556396,0.48944392800331116,0.546995997428894,-0.29080042243003845,0.6355912685394287,0.5406469106674194,-0.1779082715511322,0.493098646402359,0.5391248464584351,-0.23594680428504944,0.5912155508995056,0.5205286145210266,0.018850630149245262,0.5327604413032532,0.5194131731987,-0.01896771602332592,0.5999992489814758,0.6730327606201172,0.034315742552280426,0.5238039493560791,0.6763318777084351,-0.011738643050193787,0.6038738489151001,0.7975178360939026,0.21946151554584503,0.5167826414108276,0.8062107563018799,0.173404261469841,0.5961341261863708,0.8147026896476746,0.22908930480480194,0.5222142934799194,0.8198041319847107,0.1829485446214676,0.6260350942611694,0.8475686311721802,0.09095827490091324,0.5104690194129944,0.8549878001213074,0.03547801449894905
8,draw_x,a06_s10_e03,0.5669376254081726,0.23763149976730347,-0.3980664014816284,0.5724138021469116,0.223055899143219,-0.38013097643852234,0.5761586427688599,0.22303082048892975,-0.3801247477531433,0.5794932842254639,0.22330735623836517,-0.38010624051094055,0.5608682036399841,0.2221677005290985,-0.38426876068115234,0.5562459826469421,0.22199417650699615,-0.384320467710495,0.5518370866775513,0.22205691039562225,-0.3843270242214203,0.5833672285079956,0.22972330451011658,-0.24597983062267303,0.544194221496582,0.22880244255065918,-0.2672711908817291,0.5724592208862305,0.25418296456336975,-0.3457130193710327,0.5579930543899536,0.25442877411842346,-0.35191649198532104,0.6127187013626099,0.3228801488876343,-0.1282317340373993,0.5129465460777283,0.3188934028148651,-0.1742287576198578,0.6249345541000366,0.4249911308288574,-0.04991733282804489,0.4970855712890625,0.4249763488769531,-0.1225130558013916,0.6407080888748169,0.5179696679115295,-0.15835633873939514,0.48986583948135376,0.5146350860595703,-0.21901658177375793,0.6422780752182007,0.5505186915397644,-0.18602240085601807,0.4837646484375,0.5474061369895935,-0.25344568490982056,0.638351321220398,0.5490604043006897,-0.23069414496421814,0.48945116996765137,0.5471218824386597,-0.29034483432769775,0.6356006264686584,0.5405617356300354,-0.17802879214286804,0.4930969774723053,0.5392668843269348,-0.23547902703285217,0.5912289619445801,0.5205209851264954,0.01885097473859787,0.5327670574188232,0.5194357633590698,-0.01896841451525688,0.5999957919120789,0.6731564402580261,0.034988466650247574,0.5238085985183716,0.6764761805534363,-0.011376808397471905,0.603894829750061,0.7975477576255798,0.22078797221183777,0.5167798399925232,0.8061878085136414,0.1786019504070282,0.5961886644363403,0.8147019147872925,0.23144002258777618,0.5222886800765991,0.8195186257362366,0.18870696425437927,0.6260439157485962,0.8475711345672607,0.09265139698982239,0.5104307532310486,0.8547883629798889,0.041357822716236115
9,draw_x,a06_s10_e03,0.5669503808021545,0.23762542009353638,-0.39917728304862976,0.5724115371704102,0.22305379807949066,-0.38106220960617065,0.5761610269546509,0.22302964329719543,-0.3810562789440155,0.579529345035553,0.22330588102340698,-0.3810378611087799,0.5608729720115662,0.22217009961605072,-0.38525766134262085,0.5562449097633362,0.22200414538383484,-0.3853112459182739,0.5518349409103394,0.22207804024219513,-0.385317862033844,0.5833647847175598,0.2297254204750061,-0.2463347464799881,0.544155478477478,0.22889301180839539,-0.2679350972175598,0.5724598169326782,0.25419798493385315,-0.3466617465019226,0.5579878091812134,0.25448277592658997,-0.35295671224594116,0.6127225160598755,0.3228755295276642,-0.12820644676685333,0.5129478573799133,0.3189486861228943,-0.17495690286159515,0.6249967813491821,0.4250514805316925,-0.050084423273801804,0.49710288643836975,0.4251269996166229,-0.12324722856283188,0.6408160328865051,0.5179763436317444,-0.15940430760383606,0.48986443877220154,0.5147630572319031,-0.21971440315246582,0.6423091292381287,0.5505161881446838,-0.187247171998024,0.4837695062160492,0.5474746823310852,-0.2543003559112549,0.6383546590805054,0.5490553975105286,-0.23203320801258087,0.48945268988609314,0.5472075343132019,-0.29118144512176514,0.6356132626533508,0.5405457615852356,-0.1791471391916275,0.4930902123451233,0.5393474102020264,-0.23615717887878418,0.5912354588508606,0.520511269569397,0.01892957277595997,0.5327721834182739,0.5194709300994873,-0.01905069872736931,0.5999749898910522,0.6733062267303467,0.036641355603933334,0.5238290429115295,0.6765711903572083,-0.011375893838703632,0.6039078235626221,0.7976595163345337,0.22281858325004578,0.516746997833252,0.8061959743499756,0.17733609676361084,0.5962417721748352,0.814725935459137,0.23368661105632782,0.5223023891448975,0.8194504380226135,0.1872057169675827,0.6260879635810852,0.8475905656814575,0.09463480859994888,0.5103541612625122,0.8546744585037231,0.03961159661412239
10,draw_x,a06_s10_e03,0.5669596791267395,0.23763228952884674,-0.3976924419403076,0.5724102854728699,0.22305911779403687,-0.37962332367897034,0.5761640071868896,0.22303463518619537,-0.37961751222610474,0.5795610547065735,0.2233114093542099,-0.37959831953048706,0.5608845949172974,0.22218045592308044,-0.38379696011543274,0.5562460422515869,0.22202157974243164,-0.38384830951690674,0.5518335700035095,0.22210143506526947,-0.3838546872138977,0.5833640098571777,0.22975124418735504,-0.24539585411548615,0.5441209077835083,0.22895804047584534,-0.2669338583946228,0.5724592208862305,0.254223495721817,-0.34538477659225464,0.5579822063446045,0.2545353174209595,-0.3516550362110138,0.6127212643623352,0.32289472222328186,-0.12766826152801514,0.5129494071006775,0.3189586400985718,-0.17472563683986664,0.6250196695327759,0.42513999342918396,-0.049806542694568634,0.49712443351745605,0.4251305162906647,-0.12201976776123047,0.640867292881012,0.5179696679115295,-0.15937243402004242,0.4898569583892822,0.5149028301239014,-0.21860861778259277,0.6423348784446716,0.5504857301712036,-0.18728813529014587,0.4837777018547058,0.5475472807884216,-0.25319603085517883,0.6383570432662964,0.5490256547927856,-0.23212940990924835,0.4894742965698242,0.5472951531410217,-0.2904492914676666,0.6356183290481567,0.5405027270317078,-0.17913295328617096,0.49309462308883667,0.539426863193512,-0.23523768782615662,0.5912560224533081,0.5204913020133972,0.018930841237306595,0.5327764749526978,0.519495964050293,-0.019052205607295036,0.5999640226364136,0.6733335852622986,0.03719064220786095,0.5238351821899414,0.6767961382865906,-0.01133732683956623,0.6039111018180847,0.7977050542831421,0.22293922305107117,0.5167377591133118,0.8062077164649963,0.17687097191810608,0.5962448716163635,0.814727783203125,0.2339496910572052,0.5223457217216492,0.8193838000297546,0.186619371175766,0.6261472702026367,0.8476046919822693,0.09480014443397522,0.510344922542572,0.8545780181884766,0.03903782740235329
11,draw_x,a06_s10_e03,0.5669796466827393,0.23766030371189117,-0.3978612422943115,0.5724109411239624,0.2230800837278366,-0.37965190410614014,0.5761743783950806,0.22305341064929962,-0.379645437002182,0.5795965194702148,0.22332879900932312,-0.3796253502368927,0.5609058141708374,0.2222055345773697,-0.383952260017395,0.5562548637390137,0.22204963862895966,-0.38400399684906006,0.5518366098403931,0.22213239967823029,-0.3840092718601227,0.5833629965782166,0.22978360950946808,-0.24506881833076477,0.5441082715988159,0.22899767756462097,-0.2671968638896942,0.5724605321884155,0.25425755977630615,-0.34544050693511963,0.5579818487167358,0.25457948446273804,-0.351899117231369,0.6127204298973083,0.32291027903556824,-0.12735430896282196,0.5129486322402954,0.31900423765182495,-0.17500226199626923,0.6250443458557129,0.42517101764678955,-0.04976098984479904,0.4971250593662262,0.42526376247406006,-0.1228354349732399,0.6409268975257874,0.5179338455200195,-0.1591789871454239,0.48985618352890015,0.5153364539146423,-0.2189757078886032,0.642375111579895,0.5503606796264648,-0.1870977133512497,0.48385414481163025,0.5478041768074036,-0.25355207920074463,0.6383698582649231,0.5489016771316528,-0.23182916641235352,0.4895856976509094,0.547603964805603,-0.29042279720306396,0.6356374025344849,0.5403910279273987,-0.17889967560768127,0.49315348267555237,0.5397768616676331,-0.2354200780391693,0.59129399061203,0.5204896330833435,0.019064661115407944,0.5328148603439331,0.5195403695106506,-0.01918799616396427,0.5999624729156494,0.6733797788619995,0.03750999644398689,0.5238553881645203,0.676970899105072,-0.011341842822730541,0.6039125323295593,0.7977105975151062,0.22751641273498535,0.5167264342308044,0.8062153458595276,0.17664705216884613,0.5962477922439575,0.8147166967391968,0.23839311301708221,0.5223690867424011,0.8193216323852539,0.18642666935920715,0.626203179359436,0.8476069569587708,0.10048884153366089,0.5103409290313721,0.8545351624488831,0.038880083709955215
12,draw_x,a06_s10_e03,0.5669918656349182,0.23767882585525513,-0.3985150456428528,0.5724114179611206,0.22309617698192596,-0.3801884651184082,0.5761841535568237,0.22307024896144867,-0.3801814913749695,0.5796289443969727,0.22334618866443634,-0.3801606297492981,0.5609177350997925,0.22222374379634857,-0.38456493616104126,0.5562587380409241,0.22207345068454742,-0.38461771607398987,0.5518394708633423,0.2221604287624359,-0.38462284207344055,0.5833636522293091,0.22982174158096313,-0.24512600898742676,0.5441030263900757,0.22903069853782654,-0.2676100730895996,0.5724627375602722,0.25428274273872375,-0.34592878818511963,0.5579803586006165,0.2546033263206482,-0.35249418020248413,0.6127230525016785,0.3229292035102844,-0.1271776556968689,0.5129457116127014,0.3190423250198364,-0.17535975575447083,0.6250485181808472,0.4252329468727112,-0.049640364944934845,0.4971241056919098,0.42541080713272095,-0.12334674596786499,0.6409537196159363,0.5179136395454407,-0.15899735689163208,0.48991909623146057,0.5153541564941406,-0.21919143199920654,0.6423953175544739,0.5503044128417969,-0.18690082430839539,0.48410940170288086,0.5478181838989258,-0.2537887692451477,0.6383769512176514,0.5488594174385071,-0.23162329196929932,0.48977917432785034,0.5476331114768982,-0.2904285490512848,0.6356476545333862,0.5403480529785156,-0.1787104606628418,0.49328988790512085,0.5398142337799072,-0.23552171885967255,0.591306209564209,0.5204930901527405,0.019245050847530365,0.5328369140625,0.5195862054824829,-0.01937173120677471,0.5999613404273987,0.6735149621963501,0.038052719086408615,0.5238732099533081,0.677106499671936,-0.011311388574540615,0.6039449572563171,0.7977152466773987,0.23112639784812927,0.516710638999939,0.806190550327301,0.17918172478675842,0.5963128805160522,0.8146902322769165,0.242030531167984,0.5223665833473206,0.8190587162971497,0.18938793241977692,0.6262969374656677,0.8476341962814331,0.10406068712472916,0.5103758573532104,0.8543104529380798,0.041696783155202866
13,draw_x,a06_s10_e03,0.5670055150985718,0.23771509528160095,-0.39533811807632446,0.5724157691001892,0.22313125431537628,-0.37660646438598633,0.5762057304382324,0.22310712933540344,-0.37659960985183716,0.579667866230011,0.22338147461414337,-0.37657588720321655,0.5609389543533325,0.2222539335489273,-0.38113680481910706,0.5562714338302612,0.2221025675535202,-0.3811880648136139,0.5518509745597839,0.22218671441078186,-0.3811922073364258,0.5833683609962463,0.22986866533756256,-0.24085485935211182,0.544099748134613,0.22904157638549805,-0.26407983899116516,0.5724655389785767,0.25432461500167847,-0.3426353633403778,0.5579795837402344,0.25463029742240906,-0.34940993785858154,0.6127254366874695,0.3229600787162781,-0.12236358225345612,0.5129379630088806,0.3190532922744751,-0.17330673336982727,0.625051736831665,0.4252608120441437,-0.04224923998117447,0.4970579743385315,0.4254225492477417,-0.12235818803310394,0.6409774422645569,0.5178810954093933,-0.1525593400001526,0.4900241494178772,0.5149789452552795,-0.21907825767993927,0.6424208879470825,0.5502010583877563,-0.18021973967552185,0.4844602644443512,0.5471665859222412,-0.2535933256149292,0.6383901238441467,0.5487596392631531,-0.22536320984363556,0.4901054799556732,0.5467549562454224,-0.2902671694755554,0.6356649994850159,0.5402595400810242,-0.17244017124176025,0.4935869574546814,0.5391470193862915,-0.2354608029127121,0.5913088917732239,0.520561695098877,0.01936543732881546,0.5328506231307983,0.5196411609649658,-0.01949154958128929,0.5999600291252136,0.6737022399902344,0.039088256657123566,0.5238710641860962,0.6773331165313721,-0.011487303301692009,0.6039478182792664,0.7977332472801208,0.2327013462781906,0.5166988372802734,0.8062266111373901,0.17844244837760925,0.5963150262832642,0.814687192440033,0.24333719909191132,0.5224272012710571,0.8190577626228333,0.18842187523841858,0.6263583302497864,0.8476552963256836,0.10568992793560028,0.5103738903999329,0.8543100357055664,0.04081084579229355
14,draw_x,a06_s10_e03,0.5670070052146912,0.2377801537513733,-0.39301154017448425,0.5724159479141235,0.22320504486560822,-0.374368816614151,0.5762121081352234,0.22318656742572784,-0.3743595778942108,0.5796908736228943,0.22346147894859314,-0.37433236837387085,0.5609493255615234,0.22231538593769073,-0.37862902879714966,0.5562804341316223,0.22215525805950165,-0.378680020570755,0.5518616437911987,0.2222297638654709,-0.3786851763725281,0.583377480506897,0.22996161878108978,-0.23948919773101807,0.5441007018089294,0.2290496975183487,-0.26168927550315857,0.5724579691886902,0.25440388917922974,-0.3407328426837921,0.5579591989517212,0.25466713309288025,-0.34720003604888916,0.6127266883850098,0.32313379645347595,-0.12181544303894043,0.5129164457321167,0.31904926896095276,-0.17154362797737122,0.625055193901062,0.42543771862983704,-0.042624346911907196,0.4966835081577301,0.42523834109306335,-0.12169812619686127,0.6409807801246643,0.5178766846656799,-0.1527576744556427,0.4902232587337494,0.5133697390556335,-0.2189357727766037,0.6424272060394287,0.5501800179481506,-0.18034644424915314,0.4851682782173157,0.5453702211380005,-0.2535328269004822,0.6383934020996094,0.5487357974052429,-0.22540123760700226,0.4907153248786926,0.5442450046539307,-0.29013410210609436,0.6356691122055054,0.5402323007583618,-0.17259007692337036,0.49418607354164124,0.5370725989341736,-0.23533718287944794,0.5913066267967224,0.520551323890686,0.019289854913949966,0.5328542590141296,0.5196491479873657,-0.019414901733398438,0.5999302268028259,0.6737048625946045,0.040585700422525406,0.5238719582557678,0.6773195266723633,-0.011530060321092606,0.6039604544639587,0.7977427840232849,0.2323414832353592,0.5167012810707092,0.806275486946106,0.17405080795288086,0.596373438835144,0.8146770596504211,0.24284791946411133,0.5224946737289429,0.8190774321556091,0.18342028558254242,0.6263617277145386,0.847652018070221,0.10522483289241791,0.5103727579116821,0.8543064594268799,0.03632583096623421
15,draw_x,a06_s10_e03,0.5670284032821655,0.23780961334705353,-0.3881630301475525,0.5724388957023621,0.22327281534671783,-0.36943042278289795,0.5762733221054077,0.22327391803264618,-0.36941903829574585,0.5797486901283264,0.2235606610774994,-0.3693891167640686,0.5610103011131287,0.22235053777694702,-0.37374165654182434,0.5563448667526245,0.22217655181884766,-0.37378785014152527,0.5519244074821472,0.2222406268119812,-0.37379175424575806,0.5834041833877563,0.2300868183374405,-0.23506233096122742,0.544136643409729,0.22905200719833374,-0.25756320357322693,0.5724651217460632,0.2544451355934143,-0.3361527919769287,0.5579614043235779,0.25466829538345337,-0.342703253030777,0.6127498149871826,0.32325440645217896,-0.1184513196349144,0.5128957033157349,0.3190045654773712,-0.16891823709011078,0.6250773668289185,0.4256124496459961,-0.040096722543239594,0.49579739570617676,0.424641489982605,-0.12149983644485474,0.6409842371940613,0.5178782343864441,-0.1503860056400299,0.4910067915916443,0.5127781629562378,-0.21878838539123535,0.6424398422241211,0.5501428842544556,-0.17810314893722534,0.48818621039390564,0.5444806814193726,-0.25350669026374817,0.6384128928184509,0.5486994981765747,-0.2228509932756424,0.4935454726219177,0.5428447127342224,-0.28863996267318726,0.635696291923523,0.5402002930641174,-0.17009469866752625,0.4965957999229431,0.5356427431106567,-0.2345150262117386,0.5913082361221313,0.5206787586212158,0.019256096333265305,0.5328603982925415,0.5198271870613098,-0.019379960373044014,0.5999302864074707,0.6737730503082275,0.04634606093168259,0.5238669514656067,0.6775026917457581,-0.011508326046168804,0.60400390625,0.7977762818336487,0.23488688468933105,0.5167308449745178,0.8064083456993103,0.1704881340265274,0.5965174436569214,0.814671516418457,0.24504363536834717,0.522695779800415,0.8191787600517273,0.1794852316379547,0.6263904571533203,0.8476869463920593,0.1084749847650528,0.5103452801704407,0.8543920516967773,0.03295714035630226
16,draw_x,a06_s10_e03,0.5669918656349182,0.23792240023612976,-0.3671184182167053,0.5724232196807861,0.22351595759391785,-0.3481473922729492,0.5762553811073303,0.223525732755661,-0.3481373190879822,0.5797544717788696,0.2237967997789383,-0.348103791475296,0.5610100030899048,0.2225603461265564,-0.35211512446403503,0.5563450455665588,0.2223399579524994,-0.35214993357658386,0.5519260168075562,0.2223617285490036,-0.3521549105644226,0.5834044218063354,0.23026533424854279,-0.21525923907756805,0.5441735982894897,0.22906872630119324,-0.2361728399991989,0.5724347829818726,0.2545373737812042,-0.315955251455307,0.5579249858856201,0.25469592213630676,-0.3220299482345581,0.612751841545105,0.32344678044319153,-0.10199955850839615,0.5129501223564148,0.3187703788280487,-0.15290752053260803,0.6251096725463867,0.42590177059173584,-0.027117375284433365,0.4947734773159027,0.4223223626613617,-0.11222676187753677,0.640987753868103,0.5178747773170471,-0.13956502079963684,0.49229198694229126,0.5100239515304565,-0.21164610981941223,0.6424466967582703,0.5501365661621094,-0.1678396612405777,0.49153923988342285,0.5420733690261841,-0.2473936378955841,0.6384155750274658,0.5486986637115479,-0.21244144439697266,0.497631311416626,0.5396835803985596,-0.27967292070388794,0.6357011795043945,0.5401954650878906,-0.15932264924049377,0.5003545880317688,0.5316709876060486,-0.2261025607585907,0.5913148522377014,0.520749568939209,0.01925051026046276,0.5330066680908203,0.5199447274208069,-0.01937253400683403,0.5999231934547424,0.6737759113311768,0.05046764016151428,0.5238543748855591,0.6777267456054688,-0.012591039761900902,0.6040304899215698,0.7977796792984009,0.23592467606067657,0.5167503356933594,0.806465744972229,0.1607300192117691,0.5965844392776489,0.814658522605896,0.2457982301712036,0.5229434370994568,0.8192058801651001,0.1689799278974533,0.6263922452926636,0.8476873636245728,0.10969561338424683,0.5103093385696411,0.8544338941574097,0.02275947295129299
17,draw_x,a06_s10_e03,0.5669850707054138,0.23799043893814087,-0.3548380732536316,0.5724177956581116,0.22375911474227905,-0.3350772261619568,0.5762466192245483,0.22379723191261292,-0.33506813645362854,0.5797594785690308,0.2240661084651947,-0.33503419160842896,0.5610145330429077,0.2227349579334259,-0.3393113911151886,0.5563557744026184,0.2224699854850769,-0.33934327960014343,0.5519546270370483,0.22245092689990997,-0.33935174345970154,0.5834042429924011,0.23049776256084442,-0.20088200271129608,0.5442509651184082,0.22907428443431854,-0.22297713160514832,0.5724213123321533,0.25460749864578247,-0.3034277558326721,0.5579227805137634,0.2547047734260559,-0.3098580241203308,0.6127538681030273,0.3238143026828766,-0.08823945373296738,0.5130206942558289,0.3185482919216156,-0.14328783750534058,0.6252010464668274,0.4263032376766205,-0.015116147696971893,0.4943813383579254,0.41964319348335266,-0.10731253772974014,0.6410145163536072,0.5178755521774292,-0.13038627803325653,0.49599331617355347,0.5025340914726257,-0.21008029580116272,0.6425046324729919,0.5501346588134766,-0.15939801931381226,0.4981153905391693,0.5349260568618774,-0.24690380692481995,0.6384207010269165,0.5487050414085388,-0.20428721606731415,0.5050446391105652,0.5302050113677979,-0.27813491225242615,0.6357132196426392,0.5401915311813354,-0.15037178993225098,0.5066744089126587,0.520522952079773,-0.22399918735027313,0.5914379954338074,0.5212820768356323,0.01928025111556053,0.5333545207977295,0.5202844142913818,-0.019397880882024765,0.5999003648757935,0.6738479733467102,0.05744548887014389,0.5236823558807373,0.677941083908081,-0.015047158114612103,0.6040804982185364,0.7978333830833435,0.24833866953849792,0.5167620778083801,0.8065593242645264,0.15351693332195282,0.5967143177986145,0.8146852850914001,0.25866955518722534,0.5232092142105103,0.8192657828330994,0.1613381952047348,0.6263696551322937,0.8476895093917847,0.12295043468475342,0.51024329662323,0.8545339107513428,0.014361967332661152
18,draw_x,a06_s10_e03,0.5669844746589661,0.23806598782539368,-0.35320088267326355,0.5724176168441772,0.22398307919502258,-0.3329191505908966,0.5762470960617065,0.2240407019853592,-0.33290934562683105,0.5797635316848755,0.2243044376373291,-0.33287936449050903,0.5610271096229553,0.2229093462228775,-0.33701521158218384,0.5563728213310242,0.22259941697120667,-0.33704954385757446,0.551991879940033,0.22254347801208496,-0.337057501077652,0.5834080576896667,0.23070932924747467,-0.19699403643608093,0.5443447232246399,0.22909536957740784,-0.2189193218946457,0.572419285774231,0.2547121047973633,-0.30132749676704407,0.5579254031181335,0.254733145236969,-0.30773013830184937,0.6127456426620483,0.324366956949234,-0.0843934416770935,0.5130892992019653,0.31838342547416687,-0.13916468620300293,0.6253328323364258,0.42689618468284607,-0.01596646010875702,0.4933609366416931,0.41749143600463867,-0.11611771583557129,0.6410524845123291,0.5178878903388977,-0.1339726746082306,0.5005778074264526,0.4927935004234314,-0.24697120487689972,0.6425468921661377,0.5501453876495361,-0.1637464016675949,0.5046418905258179,0.5244923233985901,-0.2882731854915619,0.6384181976318359,0.5487136244773865,-0.20827098190784454,0.5118101239204407,0.5198111534118652,-0.31565186381340027,0.6357163786888123,0.5401884913444519,-0.15377189218997955,0.5132266879081726,0.510036289691925,-0.2597925364971161,0.5916551947593689,0.5219563841819763,0.01935456320643425,0.5339776277542114,0.5204828977584839,-0.019467804580926895,0.5998027920722961,0.6740091443061829,0.059689462184906006,0.5235088467597961,0.6779657006263733,-0.01717555895447731,0.6040841937065125,0.7979185581207275,0.2554813027381897,0.5167745351791382,0.8065945506095886,0.15060000121593475,0.5967358350753784,0.8147011399269104,0.2661730647087097,0.5233426094055176,0.8193151950836182,0.15836021304130554,0.6263598203659058,0.8477054238319397,0.12977999448776245,0.5101627111434937,0.8546338677406311,0.010305107571184635
19,draw_x,a06_s10_e03,0.5669845342636108,0.23806719481945038,-0.36156660318374634,0.572417140007019,0.22403918206691742,-0.34179702401161194,0.5762429237365723,0.2241021692752838,-0.34178653359413147,0.5797677040100098,0.2243639975786209,-0.3417585492134094,0.5610407590866089,0.2229568362236023,-0.34590810537338257,0.5563892126083374,0.22264225780963898,-0.34594714641571045,0.5520420670509338,0.22257491946220398,-0.3459552526473999,0.583405613899231,0.23078081011772156,-0.20476122200489044,0.5444585084915161,0.22910670936107635,-0.22696983814239502,0.5724185109138489,0.2547151744365692,-0.30945098400115967,0.557935893535614,0.25472283363342285,-0.31587857007980347,0.6127459406852722,0.3246123492717743,-0.0877448171377182,0.5131012201309204,0.3183441162109375,-0.14532408118247986,0.6255156993865967,0.42703118920326233,-0.019787153229117393,0.4918200969696045,0.415300190448761,-0.1607082337141037,0.6412389278411865,0.5178459882736206,-0.13665735721588135,0.507818341255188,0.4830915629863739,-0.32572996616363525,0.6426246166229248,0.5501328110694885,-0.16418595612049103,0.5125307440757751,0.5099077820777893,-0.3723006844520569,0.6384197473526001,0.5486840009689331,-0.20965883135795593,0.5205791592597961,0.5031726360321045,-0.39487355947494507,0.6357190012931824,0.540140688419342,-0.15656501054763794,0.5211116075515747,0.4943690001964569,-0.3371448814868927,0.5919827222824097,0.5221449732780457,0.02046029642224312,0.5348871350288391,0.5210520625114441,-0.02057436667382717,0.5996647477149963,0.6740140318870544,0.06990654766559601,0.5233926773071289,0.677962601184845,-0.01815454475581646,0.6040870547294617,0.7979233860969543,0.27919691801071167,0.5167876482009888,0.8065799474716187,0.15320567786693573,0.5967572927474976,0.8146992325782776,0.29120728373527527,0.5234323740005493,0.8192858099937439,0.16152861714363098,0.626343846321106,0.8476765155792236,0.15503957867622375,0.5101589560508728,0.8546478748321533,0.012475242838263512
20,draw_x,a06_s10_e03,0.5670020580291748,0.23806405067443848,-0.39053255319595337,0.5724297761917114,0.22407500445842743,-0.3707505464553833,0.5762501358985901,0.2241440713405609,-0.3707171380519867,0.5797721743583679,0.22440573573112488,-0.3706888258457184,0.5610836744308472,0.22298604249954224,-0.37590354681015015,0.5564283132553101,0.22266708314418793,-0.37595802545547485,0.5521262288093567,0.22259090840816498,-0.37597185373306274,0.5834053754806519,0.2308219075202942,-0.22680363059043884,0.5445245504379272,0.22911132872104645,-0.2558601200580597,0.5724299550056458,0.2546931207180023,-0.33499473333358765,0.5579677820205688,0.25467604398727417,-0.3433941602706909,0.6127433180809021,0.32476621866226196,-0.08829856663942337,0.5130608677864075,0.3182986378669739,-0.1707381010055542,0.6255186796188354,0.4269857108592987,-0.022233854979276657,0.4911234378814697,0.41210976243019104,-0.2009427547454834,0.6412988901138306,0.5176425576210022,-0.13589997589588165,0.5161144137382507,0.46417751908302307,-0.36792248487472534,0.6426315307617188,0.5500819683074951,-0.16422629356384277,0.5233635306358337,0.4870174527168274,-0.4135129451751709,0.6384202241897583,0.5485599040985107,-0.20780408382415771,0.5310119390487671,0.47875505685806274,-0.43269163370132446,0.6357278823852539,0.5399288535118103,-0.15492519736289978,0.5298503637313843,0.4704577624797821,-0.37744370102882385,0.591983437538147,0.5220596790313721,0.023752491921186447,0.5349191427230835,0.5210782885551453,-0.023895498365163803,0.5996081233024597,0.6737155914306641,0.08959943801164627,0.5233479142189026,0.6776260733604431,-0.0184620451182127,0.6040894985198975,0.7978726625442505,0.2951028048992157,0.5168119072914124,0.8063721060752869,0.14920324087142944,0.596761167049408,0.8146916627883911,0.30665308237075806,0.523474931716919,0.8191099762916565,0.15751850605010986,0.6263500452041626,0.8475073575973511,0.17080745100975037,0.5103556513786316,0.8546308279037476,0.006275250110775232
21,draw_x,a06_s10_e03,0.5670104622840881,0.23801153898239136,-0.38756248354911804,0.572435736656189,0.22406940162181854,-0.36791443824768066,0.57625412940979,0.22414207458496094,-0.3678853511810303,0.5797761082649231,0.22440697252750397,-0.3678555488586426,0.5610918998718262,0.22298167645931244,-0.37288421392440796,0.5564335584640503,0.22266913950443268,-0.37293514609336853,0.552139401435852,0.22259242832660675,-0.3729481101036072,0.5834057331085205,0.2308260053396225,-0.2267012596130371,0.5445457696914673,0.2291034311056137,-0.25382229685783386,0.5724420547485352,0.2546161413192749,-0.3329172134399414,0.5579859614372253,0.2545890808105469,-0.34083953499794006,0.6127454042434692,0.32484930753707886,-0.09104520827531815,0.5130767226219177,0.31804531812667847,-0.17227961122989655,0.6255221962928772,0.42683929204940796,-0.018485693261027336,0.4911871552467346,0.408839613199234,-0.21712768077850342,0.6412205696105957,0.5175703167915344,-0.12688834965229034,0.525881826877594,0.4486519694328308,-0.391108900308609,0.6425042152404785,0.5500959753990173,-0.154536634683609,0.5374807715415955,0.47221457958221436,-0.4368039667606354,0.6383587718009949,0.5485562086105347,-0.19619213044643402,0.5451349020004272,0.4606567621231079,-0.4520478844642639,0.6356925368309021,0.5399128198623657,-0.14496628940105438,0.542030394077301,0.45262035727500916,-0.39896875619888306,0.5916913151741028,0.5217303037643433,0.026797473430633545,0.5347523093223572,0.5207951068878174,-0.026963138952851295,0.5995277762413025,0.6735579371452332,0.09017748385667801,0.5233542323112488,0.6773063540458679,-0.018850252032279968,0.6040841341018677,0.7978609204292297,0.2851046621799469,0.5169090032577515,0.8062561750411987,0.14484557509422302,0.5967627763748169,0.8146920800209045,0.2956671714782715,0.5235925912857056,0.8190059065818787,0.1530386358499527,0.6263734102249146,0.8474240899085999,0.16087032854557037,0.5106130838394165,0.8546337485313416,0.0021638055332005024
22,draw_x,a06_s10_e03,0.5670605897903442,0.23797936737537384,-0.3548142910003662,0.5724520683288574,0.22406946122646332,-0.33525311946868896,0.5762646198272705,0.22414375841617584,-0.335204154253006,0.5797849893569946,0.2244100123643875,-0.33514466881752014,0.5611463189125061,0.2229800522327423,-0.34013986587524414,0.5564876794815063,0.22266605496406555,-0.34018778800964355,0.5521807074546814,0.22258120775222778,-0.34019726514816284,0.5834037065505981,0.23083552718162537,-0.1956230103969574,0.5445898771286011,0.22905726730823517,-0.2233419120311737,0.5724754929542542,0.25457316637039185,-0.30074313282966614,0.5581313371658325,0.2545083165168762,-0.30891770124435425,0.612726092338562,0.32485464215278625,-0.07408079504966736,0.51310133934021,0.31743934750556946,-0.15401020646095276,0.6255202293395996,0.4265294671058655,-0.010788347572088242,0.49124422669410706,0.4037097096443176,-0.23499903082847595,0.641156792640686,0.5175694227218628,-0.11262891441583633,0.5342662334442139,0.4232103228569031,-0.445974200963974,0.6424503326416016,0.5500839948654175,-0.1374461054801941,0.5463948249816895,0.4408661425113678,-0.4946066737174988,0.638324499130249,0.5485352873802185,-0.176259845495224,0.5557883381843567,0.43154069781303406,-0.5023871660232544,0.6356812715530396,0.5399090051651001,-0.12900282442569733,0.5520822405815125,0.4248899221420288,-0.45187386870384216,0.5915135145187378,0.520814836025238,0.026600856333971024,0.5345309376716614,0.5204291939735413,-0.026769477874040604,0.5993614792823792,0.6729844212532043,0.08134837448596954,0.5233440399169922,0.6769609451293945,-0.01880250684916973,0.6040855646133423,0.7978029847145081,0.28310486674308777,0.5169568657875061,0.8061291575431824,0.14530298113822937,0.5967739820480347,0.8146595358848572,0.29101502895355225,0.5236527323722839,0.8189012408256531,0.1535813957452774,0.626351535320282,0.847398042678833,0.15943095088005066,0.5106865167617798,0.8546292781829834,0.0034894701093435287
23,draw_x,a06_s10_e03,0.5672675967216492,0.23791258037090302,-0.31637197732925415,0.5724995732307434,0.2240326702594757,-0.295502245426178,0.5762940645217896,0.22411851584911346,-0.2954496741294861,0.5798020958900452,0.22439643740653992,-0.2953823506832123,0.561332643032074,0.22293929755687714,-0.3009503483772278,0.5566664934158325,0.2226216346025467,-0.3009905219078064,0.5523203611373901,0.22252802550792694,-0.3009961247444153,0.5834001302719116,0.2308420091867447,-0.15344896912574768,0.5446891188621521,0.22895249724388123,-0.18277345597743988,0.5726047158241272,0.25451844930648804,-0.26137855648994446,0.5586939454078674,0.254366010427475,-0.27010175585746765,0.6123374104499817,0.3245896100997925,-0.03987342491745949,0.5140076279640198,0.31526127457618713,-0.12550580501556396,0.6253856420516968,0.42531904578208923,0.010115842334926128,0.49244505167007446,0.3948810398578644,-0.2415522336959839,0.6411033868789673,0.5176910161972046,-0.08694448322057724,0.5447766184806824,0.39887621998786926,-0.4558451175689697,0.6423832774162292,0.5501562356948853,-0.11009509861469269,0.5579747557640076,0.41276025772094727,-0.5056496858596802,0.6383110284805298,0.548632025718689,-0.14661437273025513,0.5655735731124878,0.40030422806739807,-0.5053629279136658,0.6356815099716187,0.5401476621627808,-0.10214464366436005,0.5625427961349487,0.39500692486763,-0.4584382474422455,0.5913349986076355,0.5187565088272095,0.02656595967710018,0.53435218334198,0.51939857006073,-0.02672702446579933,0.5989886522293091,0.6722868084907532,0.0568711943924427,0.5232805013656616,0.6764190196990967,-0.019605210050940514,0.6040813326835632,0.7977555394172668,0.260569304227829,0.516990065574646,0.8060958385467529,0.14796015620231628,0.5967778563499451,0.8146237134933472,0.2707919776439667,0.5237020254135132,0.8188883662223816,0.15789350867271423,0.6262867450714111,0.8473804593086243,0.13381952047348022,0.5108360052108765,0.8546186089515686,0.005783939268440008
24,draw_x,a06_s10_e03,0.5675503015518188,0.2378910332918167,-0.29788875579833984,0.5726529955863953,0.22396327555179596,-0.27563005685806274,0.5765032768249512,0.2240617424249649,-0.27558180689811707,0.5799211263656616,0.22435636818408966,-0.2755105495452881,0.56154865026474,0.22286608815193176,-0.2811904549598694,0.5568103194236755,0.22253473103046417,-0.2812257707118988,0.5523921847343445,0.2224237322807312,-0.2812252342700958,0.58342444896698,0.23083935678005219,-0.13004666566848755,0.5446957349777222,0.22867771983146667,-0.1598275750875473,0.5727905035018921,0.2544880211353302,-0.24192628264427185,0.558930516242981,0.25432929396629333,-0.25076624751091003,0.6122475862503052,0.3241860270500183,-0.02058999426662922,0.5143929719924927,0.31261882185935974,-0.10820285975933075,0.625324010848999,0.4246402382850647,0.019711995497345924,0.4934128224849701,0.3892362713813782,-0.2431274950504303,0.6407604813575745,0.5183039307594299,-0.07612456381320953,0.5484786033630371,0.3753962218761444,-0.45891326665878296,0.6418007016181946,0.5505630373954773,-0.0986659824848175,0.5651429891586304,0.38478368520736694,-0.508878767490387,0.6380383968353271,0.5490477085113525,-0.13348551094532013,0.5719780921936035,0.3745311498641968,-0.5039721727371216,0.6354478001594543,0.5407571792602539,-0.0906638577580452,0.5687743425369263,0.37096092104911804,-0.45962730050086975,0.5912560820579529,0.517303466796875,0.02696012519299984,0.5341439843177795,0.5180147886276245,-0.027117177844047546,0.5987495183944702,0.6720529198646545,0.042994678020477295,0.5230867266654968,0.6760517954826355,-0.019685160368680954,0.6040492057800293,0.7977015376091003,0.2536067068576813,0.5170220136642456,0.805553674697876,0.1646423637866974,0.5967799425125122,0.8146106004714966,0.2652459144592285,0.5237445831298828,0.8181788921356201,0.1760786920785904,0.6262548565864563,0.8472062349319458,0.1275215595960617,0.5109306573867798,0.8543140292167664,0.025192733854055405
25,draw_x,a06_s10_e03,0.567713737487793,0.23786047101020813,-0.28654420375823975,0.5727774500846863,0.22395329177379608,-0.26273441314697266,0.5766557455062866,0.2240559607744217,-0.26268255710601807,0.5800021886825562,0.2243518978357315,-0.26260221004486084,0.5617786645889282,0.22286485135555267,-0.26824626326560974,0.5569889545440674,0.22253234684467316,-0.2682816982269287,0.5525040626525879,0.22242100536823273,-0.2682792544364929,0.5834505558013916,0.23083998262882233,-0.113560751080513,0.5447047352790833,0.22865252196788788,-0.14348380267620087,0.5728532671928406,0.25438588857650757,-0.22991947829723358,0.5589370131492615,0.2542964816093445,-0.2387842833995819,0.6119441390037537,0.32407522201538086,-0.006584764923900366,0.5152783989906311,0.3096575438976288,-0.1018715500831604,0.6249390244483948,0.42448610067367554,0.027466390281915665,0.4953950047492981,0.3787326514720917,-0.2630174160003662,0.6398884057998657,0.5199452042579651,-0.058769188821315765,0.5551849603652954,0.3574511706829071,-0.48244205117225647,0.6408123970031738,0.5513372421264648,-0.07871373742818832,0.5752264261245728,0.3600233793258667,-0.5336214303970337,0.6371474266052246,0.5496693849563599,-0.11221440136432648,0.5792388916015625,0.35077711939811707,-0.5233644843101501,0.634518027305603,0.541465163230896,-0.0725318044424057,0.5749870538711548,0.3499220013618469,-0.4815826416015625,0.5907254815101624,0.5166022181510925,0.028917189687490463,0.5338312387466431,0.5173088908195496,-0.02908661589026451,0.5984102487564087,0.6718947291374207,0.043689973652362823,0.522958517074585,0.6758545637130737,-0.02384978160262108,0.6040136218070984,0.7976391911506653,0.2612724304199219,0.517067551612854,0.8054311275482178,0.1652105152606964,0.5967794060707092,0.8145920038223267,0.27463415265083313,0.5237667560577393,0.8180729746818542,0.17654629051685333,0.6262507438659668,0.8469027876853943,0.13625995814800262,0.5112666487693787,0.8542659282684326,0.025374412536621094
26,draw_x,a06_s10_e03,0.5678836107254028,0.23742347955703735,-0.27952855825424194,0.5728749632835388,0.22380328178405762,-0.2544865310192108,0.5767671465873718,0.22391222417354584,-0.2544487416744232,0.5800721645355225,0.2242017388343811,-0.2543899416923523,0.5619383454322815,0.222745880484581,-0.26125824451446533,0.5571161508560181,0.22242261469364166,-0.26129284501075745,0.5525922775268555,0.2223356068134308,-0.26130372285842896,0.5834527611732483,0.23083265125751495,-0.1019851341843605,0.5447095036506653,0.2287563979625702,-0.13649673759937286,0.572952151298523,0.25386765599250793,-0.22182515263557434,0.5590764880180359,0.25397950410842896,-0.2321355789899826,0.6118609309196472,0.3225339651107788,0.00083490542601794,0.5165172815322876,0.3075413107872009,-0.10787093639373779,0.6246483325958252,0.4243200421333313,0.03164667636156082,0.5050602555274963,0.36661145091056824,-0.2993246018886566,0.639362096786499,0.5210387706756592,-0.03294726088643074,0.5734610557556152,0.3321954011917114,-0.5165187120437622,0.6400063633918762,0.5518718957901001,-0.04964238777756691,0.5906231999397278,0.32955461740493774,-0.5698376893997192,0.6366954445838928,0.550247848033905,-0.08260069787502289,0.5918397307395935,0.32121166586875916,-0.5576542019844055,0.6341208815574646,0.542057454586029,-0.04637642949819565,0.5868897438049316,0.32361242175102234,-0.5162815451622009,0.5901564359664917,0.5159479379653931,0.031232362613081932,0.5332974195480347,0.5166386365890503,-0.03138358145952225,0.598220705986023,0.6716569066047668,0.033177025616168976,0.5227959156036377,0.6755990386009216,-0.026439646258950233,0.6040021181106567,0.7976352572441101,0.26372525095939636,0.517139196395874,0.8053680658340454,0.176548033952713,0.5968354940414429,0.8145915865898132,0.2781001925468445,0.523795485496521,0.8180190324783325,0.18897683918476105,0.6261868476867676,0.8468318581581116,0.1361198127269745,0.5114914178848267,0.8541654944419861,0.033592283725738525
27,draw_x,a06_s10_e03,0.5679606199264526,0.23733919858932495,-0.28266558051109314,0.5729204416275024,0.2238432914018631,-0.2570149004459381,0.576781690120697,0.2239670604467392,-0.2569907307624817,0.5800831913948059,0.22424405813217163,-0.2569526731967926,0.5620318651199341,0.22282885015010834,-0.26601067185401917,0.5571656227111816,0.22256062924861908,-0.2660442888736725,0.5526148676872253,0.2225499153137207,-0.26606613397598267,0.5834317207336426,0.23089607059955597,-0.10111288726329803,0.5447059869766235,0.22961272299289703,-0.14501971006393433,0.5729697346687317,0.2538464367389679,-0.22345109283924103,0.5590882897377014,0.25397583842277527,-0.23657011985778809,0.6118065118789673,0.32192790508270264,0.006671858485788107,0.516664981842041,0.3079333007335663,-0.109320268034935,0.6243459582328796,0.42461082339286804,0.045114435255527496,0.5168827176094055,0.35064756870269775,-0.35116803646087646,0.6384921669960022,0.5214518308639526,-0.009539850987493992,0.5794259309768677,0.31612417101860046,-0.5908471941947937,0.6392390131950378,0.5520151853561401,-0.02356291003525257,0.5954403877258301,0.31383049488067627,-0.6502143144607544,0.6357910633087158,0.5504754185676575,-0.05903429910540581,0.5967465043067932,0.3080260157585144,-0.6380637884140015,0.6330838799476624,0.5423158407211304,-0.02359136752784252,0.5915184617042542,0.310234397649765,-0.5920954942703247,0.5898251533508301,0.5160554051399231,0.035313718020915985,0.5329665541648865,0.516677737236023,-0.03545204550027847,0.598007082939148,0.6716777682304382,0.030483737587928772,0.5224944353103638,0.6757379174232483,-0.03192811831831932,0.6039963960647583,0.7976344227790833,0.266520619392395,0.517143726348877,0.805342435836792,0.17855551838874817,0.597004771232605,0.814587414264679,0.2815518379211426,0.5237952470779419,0.81801837682724,0.191140815615654,0.6259580850601196,0.8468338251113892,0.13626717031002045,0.5115195512771606,0.8539037108421326,0.032068781554698944
28,draw_x,a06_s10_e03,0.567963719367981,0.2373148649930954,-0.2782098054885864,0.5729501247406006,0.22387488186359406,-0.252008855342865,0.5767840147018433,0.22400641441345215,-0.25197702646255493,0.5800876021385193,0.22428561747074127,-0.25194281339645386,0.5620849132537842,0.22288694977760315,-0.2612265944480896,0.5571917295455933,0.22264474630355835,-0.2612695097923279,0.5526336431503296,0.22267389297485352,-0.2613010108470917,0.5834304094314575,0.2308676838874817,-0.09633568674325943,0.5447081327438354,0.22982026636600494,-0.14051881432533264,0.5729691386222839,0.2538678050041199,-0.2191765308380127,0.5591009259223938,0.25396907329559326,-0.232522651553154,0.6117829084396362,0.3210128843784332,0.010018942877650261,0.5167068243026733,0.30719614028930664,-0.12683340907096863,0.6243006587028503,0.42608678340911865,0.044378556311130524,0.5245678424835205,0.3353247344493866,-0.378642737865448,0.6380167603492737,0.5221791863441467,-0.006022067274898291,0.5865885019302368,0.2997768819332123,-0.6126458644866943,0.6387283205986023,0.5522708892822266,-0.01959373615682125,0.6039047837257385,0.2982533276081085,-0.6740341782569885,0.6350787878036499,0.5507795214653015,-0.053758006542921066,0.6063380837440491,0.2912159562110901,-0.6593427658081055,0.6323577165603638,0.5425905585289001,-0.019746091216802597,0.6006625890731812,0.2922416031360626,-0.6134788393974304,0.5896786451339722,0.5161351561546326,0.037410907447338104,0.5328327417373657,0.5167055726051331,-0.037562694400548935,0.5979818105697632,0.6717024445533752,0.025417974218726158,0.5221554040908813,0.675754964351654,-0.035854123532772064,0.6040021181106567,0.7976363301277161,0.26598334312438965,0.5170800685882568,0.8051166534423828,0.17645466327667236,0.5973003506660461,0.814607560634613,0.2798876166343689,0.5236878991127014,0.8179128766059875,0.18888822197914124,0.6258200407028198,0.8468188643455505,0.1341722458600998,0.5115268230438232,0.8530274033546448,0.0303665641695261
29,draw_x,a06_s10_e03,0.5679868459701538,0.23683586716651917,-0.2692997455596924,0.5729906558990479,0.22386184334754944,-0.24195580184459686,0.5767854452133179,0.22400717437267303,-0.2419184148311615,0.5800925493240356,0.22430677711963654,-0.24187961220741272,0.5621238350868225,0.22281868755817413,-0.25186556577682495,0.5571991205215454,0.2225629985332489,-0.25190746784210205,0.5526386499404907,0.22258098423480988,-0.25194570422172546,0.5834036469459534,0.2308727353811264,-0.08670544624328613,0.5446716547012329,0.22982849180698395,-0.13396486639976501,0.5729933381080627,0.2537933588027954,-0.2109500616788864,0.5592125654220581,0.2537067234516144,-0.22522692382335663,0.611474871635437,0.3230763375759125,0.01586627960205078,0.5168057680130005,0.30655497312545776,-0.14425136148929596,0.6243804693222046,0.42898568511009216,0.04444008693099022,0.5333504676818848,0.3237828016281128,-0.4024592936038971,0.6377092003822327,0.5233370065689087,-0.005153742153197527,0.5960928201675415,0.2854074537754059,-0.6251428723335266,0.6382775902748108,0.5527941584587097,-0.018959026783704758,0.6135681867599487,0.28576457500457764,-0.6870266199111938,0.6346588134765625,0.5514660477638245,-0.052208613604307175,0.6160643100738525,0.281078040599823,-0.670772910118103,0.6320090293884277,0.5432493686676025,-0.018862437456846237,0.6104966998100281,0.2819904386997223,-0.6252598762512207,0.5896607637405396,0.51629239320755,0.03986769914627075,0.5327627658843994,0.5168126821517944,-0.040031351149082184,0.5979522466659546,0.6716693043708801,0.021512629464268684,0.5219442844390869,0.6756442785263062,-0.041771452873945236,0.6039983034133911,0.7975748777389526,0.26413801312446594,0.5170556306838989,0.8048158288002014,0.1745019257068634,0.5973461270332336,0.8146054744720459,0.279445618391037,0.5236319303512573,0.8177435398101807,0.18614332377910614,0.6256016492843628,0.8465615510940552,0.1317012757062912,0.5116275548934937,0.8521844148635864,0.029039423912763596
30,draw_x,a06_s10_e03,0.5680317878723145,0.2364812046289444,-0.2747493088245392,0.5730140805244446,0.2237771451473236,-0.24782875180244446,0.5767761468887329,0.22394394874572754,-0.24778518080711365,0.5800665616989136,0.22427967190742493,-0.24774225056171417,0.5621330142021179,0.2227228730916977,-0.25694844126701355,0.5571991205215454,0.2224646359682083,-0.25699037313461304,0.5526062250137329,0.22248578071594238,-0.2570280432701111,0.583370566368103,0.23085308074951172,-0.09449875354766846,0.544579267501831,0.22980521619319916,-0.13833880424499512,0.5731685757637024,0.25356826186180115,-0.2171180248260498,0.5593851208686829,0.25336939096450806,-0.23040585219860077,0.6111856698989868,0.3250734210014343,0.006957176141440868,0.516800045967102,0.3055729568004608,-0.1592034101486206,0.6244668960571289,0.4311600625514984,0.03552277758717537,0.5404270887374878,0.31168127059936523,-0.4184038043022156,0.637402355670929,0.5241253972053528,-0.015821630135178566,0.6000479459762573,0.27397382259368896,-0.6332177519798279,0.6378611326217651,0.5531923770904541,-0.02940637804567814,0.6188085675239563,0.2725673019886017,-0.6943177580833435,0.6342922449111938,0.5517821907997131,-0.06182428449392319,0.6223505735397339,0.26757779717445374,-0.6772050857543945,0.631693959236145,0.5434911847114563,-0.02924780175089836,0.61610347032547,0.2692447602748871,-0.6327994465827942,0.5896562337875366,0.516628623008728,0.040290627628564835,0.5327202677726746,0.5168707370758057,-0.04046681895852089,0.5979095101356506,0.6716693639755249,0.023208724334836006,0.521769642829895,0.6756117939949036,-0.04014572501182556,0.6039947867393494,0.7974526882171631,0.2639961838722229,0.5170517563819885,0.8046752214431763,0.1754346340894699,0.5973910093307495,0.8145893812179565,0.2794957458972931,0.5236010551452637,0.8177154660224915,0.18804684281349182,0.625466525554657,0.8463104367256165,0.13290919363498688,0.5118334293365479,0.8518833518028259,0.030665835365653038
31,draw_x,a06_s10_e03,0.5682318806648254,0.23607853055000305,-0.2670800983905792,0.5731273889541626,0.22355645895004272,-0.23931169509887695,0.5768088102340698,0.22375449538230896,-0.2392747700214386,0.5800812244415283,0.2241530567407608,-0.23922844231128693,0.5622187852859497,0.22263142466545105,-0.24888989329338074,0.5572190284729004,0.22239333391189575,-0.24892432987689972,0.5526086091995239,0.22241850197315216,-0.2489539086818695,0.5833612680435181,0.23085400462150574,-0.0841398537158966,0.5445502996444702,0.22977995872497559,-0.13002268970012665,0.5736039876937866,0.25325629115104675,-0.20906217396259308,0.5598946809768677,0.2531336843967438,-0.22296142578125,0.6105591058731079,0.32520943880081177,0.01334091555327177,0.5171719789505005,0.3045956492424011,-0.15511050820350647,0.6245225667953491,0.4321579933166504,0.03794484585523605,0.5470009446144104,0.3021768629550934,-0.41095536947250366,0.6371706128120422,0.5247125029563904,-0.005763682536780834,0.6070238351821899,0.26147571206092834,-0.6171057820320129,0.6376117467880249,0.5535208582878113,-0.019261788576841354,0.6260883808135986,0.25998178124427795,-0.6780487298965454,0.6340614557266235,0.5521034002304077,-0.05117874592542648,0.6297747492790222,0.25692206621170044,-0.6615737080574036,0.6314618587493896,0.54373699426651,-0.018858714029192924,0.6230124235153198,0.25898751616477966,-0.6173232793807983,0.5896521210670471,0.5168012380599976,0.04131953418254852,0.5326981544494629,0.5169130563735962,-0.041499968618154526,0.5978488326072693,0.6716342568397522,0.025379877537488937,0.521668553352356,0.6754662394523621,-0.0401732474565506,0.6039905548095703,0.7972956895828247,0.2660655379295349,0.5170523524284363,0.8046141862869263,0.1773557811975479,0.597414493560791,0.8145329356193542,0.2820548117160797,0.5235965847969055,0.8177036046981812,0.1903962790966034,0.625400185585022,0.8461630940437317,0.13520094752311707,0.5120521187782288,0.851710319519043,0.03162548691034317
32,draw_x,a06_s10_e03,0.5683014988899231,0.23585261404514313,-0.2769133448600769,0.5731495022773743,0.22346067428588867,-0.25068846344947815,0.5768035650253296,0.22361300885677338,-0.25064605474472046,0.580047607421875,0.22400280833244324,-0.2506020665168762,0.5622597336769104,0.22263094782829285,-0.25903937220573425,0.5572424530982971,0.22239802777767181,-0.25908163189888,0.5526242852210999,0.22242434322834015,-0.2591170072555542,0.5833097100257874,0.23085056245326996,-0.09888127446174622,0.5445888042449951,0.2297530323266983,-0.1391005963087082,0.5739043354988098,0.25269460678100586,-0.21970494091510773,0.5602603554725647,0.2529418170452118,-0.23199200630187988,0.6100826859474182,0.32519418001174927,0.002912740223109722,0.5176191926002502,0.3022162616252899,-0.1639334261417389,0.6247580647468567,0.43215253949165344,0.02801600657403469,0.5447660088539124,0.29746395349502563,-0.4192257523536682,0.6370024681091309,0.5249866247177124,-0.020224284380674362,0.6084567308425903,0.2549365758895874,-0.6212161183357239,0.6373525857925415,0.5538432002067566,-0.035496167838573456,0.62787926197052,0.25174030661582947,-0.6827284097671509,0.6337002515792847,0.5523115992546082,-0.06825799494981766,0.6325865983963013,0.24829038977622986,-0.6653168201446533,0.6311004757881165,0.5438423752784729,-0.0337781123816967,0.6257635951042175,0.25071805715560913,-0.6208750605583191,0.589690089225769,0.5168306231498718,0.040498558431863785,0.5326927304267883,0.5166894793510437,-0.04067074507474899,0.5978236794471741,0.6716064810752869,0.019626546651124954,0.5216211080551147,0.67514967918396,-0.040422290563583374,0.6039791107177734,0.7972918748855591,0.25190073251724243,0.5170603394508362,0.8045715689659119,0.1696302592754364,0.597420334815979,0.8145545721054077,0.26728326082229614,0.5235879421234131,0.8177036643028259,0.1823223978281021,0.6253942251205444,0.8461068272590637,0.12092461436986923,0.5122766494750977,0.8516272902488708,0.023341944441199303
33,draw_x,a06_s10_e03,0.5682235956192017,0.23585286736488342,-0.2847915291786194,0.5731257796287537,0.22351673245429993,-0.25964629650115967,0.5766697525978088,0.2236490398645401,-0.2595643103122711,0.579901397228241,0.22403359413146973,-0.2595197558403015,0.5621753931045532,0.22289615869522095,-0.26626288890838623,0.5571378469467163,0.2227388322353363,-0.2663269340991974,0.5525173544883728,0.2228168398141861,-0.26639553904533386,0.5833035707473755,0.23098063468933105,-0.11348428577184677,0.5445816516876221,0.2297622710466385,-0.14440514147281647,0.5739805698394775,0.2527310252189636,-0.2295457422733307,0.5602577328681946,0.25296294689178467,-0.23950302600860596,0.6097491383552551,0.32516881823539734,-0.011010867543518543,0.5179324746131897,0.30037355422973633,-0.17810633778572083,0.6248592138290405,0.4323194921016693,0.009579328820109367,0.5438799262046814,0.29238829016685486,-0.4208430349826813,0.6367989182472229,0.5250245928764343,-0.024023951962590218,0.6110638976097107,0.24641187489032745,-0.6030077338218689,0.6371856331825256,0.5539400577545166,-0.0414082333445549,0.6309425234794617,0.24353374540805817,-0.66291344165802,0.6334659457206726,0.5523549914360046,-0.0764121562242508,0.6359471082687378,0.24116002023220062,-0.6460394263267517,0.6308187246322632,0.5438389182090759,-0.03916945680975914,0.6296616792678833,0.24341759085655212,-0.6025739908218384,0.589692234992981,0.5168632864952087,0.039856769144535065,0.5326402187347412,0.5166093111038208,-0.0400252602994442,0.5978286266326904,0.6714955568313599,0.01685870811343193,0.5216006636619568,0.6745222806930542,-0.03954438120126724,0.6039656400680542,0.7972515821456909,0.23759250342845917,0.5170696973800659,0.8045453429222107,0.1601620614528656,0.5973876714706421,0.8145850896835327,0.2517209053039551,0.5235541462898254,0.8177610039710999,0.1718289703130722,0.6255183219909668,0.8460864424705505,0.10504738241434097,0.5126234292984009,0.8516115546226501,0.013645598664879799
34,draw_x,a06_s10_e03,0.5679566860198975,0.23592111468315125,-0.28557342290878296,0.5730687379837036,0.22363246977329254,-0.26057329773902893,0.5764983892440796,0.2237662822008133,-0.26050856709480286,0.5797250270843506,0.22415879368782043,-0.26046663522720337,0.562030017375946,0.2231799215078354,-0.26741424202919006,0.5570224523544312,0.22306321561336517,-0.26746809482574463,0.5524196624755859,0.22316581010818481,-0.267522394657135,0.5832955241203308,0.23119455575942993,-0.11399735510349274,0.5445660352706909,0.2297353595495224,-0.14636296033859253,0.5739874839782715,0.2529328465461731,-0.23009660840034485,0.560141384601593,0.2530297338962555,-0.24022991955280304,0.609431803226471,0.32515066862106323,-0.011181245557963848,0.5181748867034912,0.29858162999153137,-0.17636911571025848,0.6248664259910583,0.43230679631233215,0.008563259616494179,0.5464547276496887,0.28820574283599854,-0.4170014262199402,0.6366351842880249,0.5249865055084229,-0.026904931291937828,0.6140469312667847,0.2409237027168274,-0.5894820690155029,0.6370338797569275,0.5539559125900269,-0.04459187760949135,0.6344703435897827,0.23803064227104187,-0.6486799120903015,0.6333203911781311,0.5523524880409241,-0.08021019399166107,0.6388421058654785,0.23579426109790802,-0.6322115659713745,0.6306705474853516,0.5438334941864014,-0.04238298162817955,0.6327817440032959,0.23825643956661224,-0.5890750288963318,0.5897040963172913,0.516892671585083,0.039589159190654755,0.5326136350631714,0.5164337754249573,-0.03975003957748413,0.5978654026985168,0.671397864818573,0.015983160585165024,0.5215997099876404,0.674066960811615,-0.039725758135318756,0.6039378643035889,0.7972511053085327,0.2344297468662262,0.5171267986297607,0.804544985294342,0.15430983901023865,0.5973319411277771,0.8148337602615356,0.24840164184570312,0.5235471725463867,0.8179563283920288,0.16552993655204773,0.625732958316803,0.8460034728050232,0.1028740406036377,0.5127017498016357,0.8516833186149597,0.007943136617541313
35,draw_x,a06_s10_e03,0.5679370164871216,0.23653116822242737,-0.28257304430007935,0.5730714201927185,0.22389602661132812,-0.2572844624519348,0.576467752456665,0.22400601208209991,-0.2572302222251892,0.5796650052070618,0.2243768274784088,-0.2571879029273987,0.5620783567428589,0.22376412153244019,-0.26448777318000793,0.5571183562278748,0.2237839698791504,-0.26453620195388794,0.5525203943252563,0.22398881614208221,-0.2645922005176544,0.5832241773605347,0.2313150316476822,-0.11067136377096176,0.5445683598518372,0.2297360599040985,-0.144438698887825,0.5739935040473938,0.2535102367401123,-0.2270389050245285,0.5601521134376526,0.2535341680049896,-0.237497016787529,0.6089436411857605,0.32487115263938904,-0.009453224018216133,0.5182427763938904,0.29774075746536255,-0.17517998814582825,0.6248582601547241,0.432263046503067,0.006632073316723108,0.5476772785186768,0.2856859564781189,-0.41735243797302246,0.6365352869033813,0.524998128414154,-0.035155389457941055,0.616498589515686,0.23750561475753784,-0.5847572684288025,0.6369422674179077,0.5539886951446533,-0.053600043058395386,0.6373627185821533,0.23432952165603638,-0.6437937021255493,0.6332675218582153,0.5523645877838135,-0.08560874313116074,0.6411727070808411,0.23249977827072144,-0.6271569728851318,0.6306065320968628,0.5438282489776611,-0.04921770840883255,0.6352245211601257,0.23495540022850037,-0.5841204524040222,0.5897064805030823,0.5169296860694885,0.039694979786872864,0.5326151251792908,0.5164175629615784,-0.03984879329800606,0.5979013442993164,0.6714015603065491,0.01532653532922268,0.5215747952461243,0.6739516854286194,-0.04025010019540787,0.6038780808448792,0.79726642370224,0.23557531833648682,0.5171536803245544,0.8045480251312256,0.15404264628887177,0.5971949100494385,0.8150479793548584,0.24975669384002686,0.5235260725021362,0.8181328177452087,0.1653936207294464,0.625812292098999,0.8459523320198059,0.10520781576633453,0.5126925706863403,0.8517104983329773,0.00830539595335722
36,draw_x,a06_s10_e03,0.5679304599761963,0.23675552010536194,-0.28265678882598877,0.573092520236969,0.2240035980939865,-0.2576443552970886,0.5764642953872681,0.22410441935062408,-0.2576000392436981,0.5796470046043396,0.2244684398174286,-0.25755545496940613,0.5621587634086609,0.22404028475284576,-0.2652949094772339,0.5572183728218079,0.2241460233926773,-0.2653422951698303,0.5526111721992493,0.22442767024040222,-0.2653806805610657,0.5832198858261108,0.23141376674175262,-0.11219452321529388,0.5445763468742371,0.22973160445690155,-0.14579041302204132,0.574002742767334,0.2537168562412262,-0.22782890498638153,0.560154139995575,0.2536700665950775,-0.23772025108337402,0.6085661053657532,0.3248607814311981,-0.011733848601579666,0.5183239579200745,0.29722774028778076,-0.18076616525650024,0.6248577237129211,0.43235528469085693,0.0012974925339221954,0.5489519834518433,0.28364112973213196,-0.4207404553890228,0.6363568902015686,0.525326669216156,-0.04511556029319763,0.6172388792037964,0.2357836365699768,-0.5811032056808472,0.6367762684822083,0.5541788339614868,-0.06407633423805237,0.6378636360168457,0.2336755096912384,-0.639890193939209,0.633188784122467,0.5524905323982239,-0.09531339257955551,0.6417590975761414,0.23176820576190948,-0.6234158277511597,0.6305215358734131,0.5438997745513916,-0.05876719206571579,0.636241614818573,0.2339002937078476,-0.5804092884063721,0.5897122621536255,0.5170033574104309,0.03971827030181885,0.5326164364814758,0.5164188742637634,-0.039870597422122955,0.597983181476593,0.6716721653938293,0.0161738283932209,0.5215715169906616,0.6739740967750549,-0.03977733105421066,0.6038171052932739,0.7973233461380005,0.23926898837089539,0.5172490477561951,0.8048604130744934,0.1549806147813797,0.597023606300354,0.8153266906738281,0.2532292604446411,0.5236080884933472,0.8187549114227295,0.16581584513187408,0.6259356737136841,0.8459519743919373,0.10875555127859116,0.5125844478607178,0.8520869612693787,0.00889192521572113
37,draw_x,a06_s10_e03,0.567906379699707,0.23699337244033813,-0.2830602526664734,0.5731145739555359,0.2241213470697403,-0.2580024302005768,0.576464831829071,0.22423750162124634,-0.25794893503189087,0.579643964767456,0.22462430596351624,-0.257907897233963,0.5621798038482666,0.22424015402793884,-0.26578930020332336,0.5572398900985718,0.2243756204843521,-0.2658383250236511,0.5526263117790222,0.2246749848127365,-0.26586514711380005,0.583217442035675,0.2315567135810852,-0.1135084256529808,0.5445851683616638,0.2297295480966568,-0.14702078700065613,0.5740041732788086,0.2540041506290436,-0.22856275737285614,0.5601503849029541,0.253830224275589,-0.23813574016094208,0.6082904934883118,0.32485246658325195,-0.012836071662604809,0.5184432864189148,0.29691362380981445,-0.18043479323387146,0.6248390674591064,0.43243491649627686,0.0009471179218962789,0.5488160252571106,0.2830429673194885,-0.42028602957725525,0.6361874341964722,0.5255181789398193,-0.046757619827985764,0.6172951459884644,0.2362024486064911,-0.5819688439369202,0.6366114020347595,0.5542252063751221,-0.06535249203443527,0.6380720138549805,0.2340807020664215,-0.6411486864089966,0.6330891251564026,0.5525058507919312,-0.09688197076320648,0.6420014500617981,0.23226429522037506,-0.6238020658493042,0.6304163932800293,0.5439163446426392,-0.06037958711385727,0.6364266872406006,0.23442406952381134,-0.5810040235519409,0.5896911025047302,0.5173060894012451,0.0395774319767952,0.532595157623291,0.5164563059806824,-0.03972949460148811,0.5981019735336304,0.6722657084465027,0.0164457056671381,0.5215490460395813,0.6740404963493347,-0.03948843851685524,0.6037886738777161,0.7973554134368896,0.240536168217659,0.517310619354248,0.8052846193313599,0.15706712007522583,0.5969879031181335,0.8154357075691223,0.256168931722641,0.5236937999725342,0.8194233179092407,0.16886302828788757,0.6259480714797974,0.8460298776626587,0.11267079412937164,0.5123279094696045,0.8529996275901794,0.01210802886635065
38,draw_x,a06_s10_e03,0.5678835511207581,0.237090602517128,-0.28450021147727966,0.5731219053268433,0.22415417432785034,-0.25937050580978394,0.5764642953872681,0.224287748336792,-0.2593187391757965,0.5796424150466919,0.22470712661743164,-0.25927743315696716,0.5621759295463562,0.22428306937217712,-0.26691487431526184,0.5572265386581421,0.2244153618812561,-0.2669612467288971,0.5526008605957031,0.2247127741575241,-0.2669954001903534,0.583213210105896,0.23163580894470215,-0.11330372095108032,0.5445655584335327,0.22969253361225128,-0.14656434953212738,0.5740121603012085,0.25413089990615845,-0.22940078377723694,0.5601135492324829,0.25388482213020325,-0.23930446803569794,0.6079800128936768,0.3248395025730133,-0.011815948411822319,0.5184956789016724,0.2969397306442261,-0.17804959416389465,0.6247590184211731,0.4324336349964142,0.0028026816435158253,0.5488092303276062,0.28524652123451233,-0.41819411516189575,0.6361490488052368,0.5255807638168335,-0.04210146516561508,0.6180914044380188,0.2366681545972824,-0.583035409450531,0.6365839242935181,0.5542323589324951,-0.059873539954423904,0.6389510035514832,0.23444655537605286,-0.6424302458763123,0.6330603361129761,0.552506685256958,-0.09089217334985733,0.6425912380218506,0.2327820211648941,-0.6253259778022766,0.6303905248641968,0.5439156293869019,-0.05543643981218338,0.6368868350982666,0.23502643406391144,-0.5822726488113403,0.5896697640419006,0.517726480960846,0.03955385833978653,0.5325914621353149,0.5165240168571472,-0.039706308394670486,0.5981816053390503,0.6726255416870117,0.015546431764960289,0.5215412378311157,0.6740789413452148,-0.039253946393728256,0.603782057762146,0.7973543405532837,0.2414586991071701,0.517332911491394,0.8055164217948914,0.1594136357307434,0.5969890356063843,0.8154393434524536,0.2582499086856842,0.5236862897872925,0.8198450207710266,0.17176227271556854,0.6259481906890869,0.8461292386054993,0.11467631161212921,0.5123196244239807,0.85338294506073,0.014378736726939678
39,draw_x,a06_s10_e03,0.567888081073761,0.23705202341079712,-0.2846226692199707,0.5731489658355713,0.22414074838161469,-0.25978487730026245,0.5764762163162231,0.2242845594882965,-0.2597385048866272,0.579667329788208,0.22470998764038086,-0.25969651341438293,0.5621763467788696,0.22426901757717133,-0.2674826681613922,0.5572167038917542,0.22440417110919952,-0.26752790808677673,0.5525780320167542,0.2247069627046585,-0.26756301522254944,0.5832951664924622,0.23164114356040955,-0.11361511796712875,0.5445677638053894,0.22959385812282562,-0.14701125025749207,0.5742501020431519,0.2541173994541168,-0.22960273921489716,0.5601422190666199,0.2538272738456726,-0.2398429811000824,0.6079544425010681,0.3248279392719269,-0.011784195899963379,0.5187774896621704,0.29663047194480896,-0.17601163685321808,0.6247313618659973,0.4325326979160309,0.004226545803248882,0.5478618741035461,0.2872563898563385,-0.4129299521446228,0.6361525058746338,0.5255716443061829,-0.03583221882581711,0.617289662361145,0.24074727296829224,-0.5828169584274292,0.6365906596183777,0.5542317032814026,-0.05251789093017578,0.6383044123649597,0.23760472238063812,-0.6420210599899292,0.6330650448799133,0.5524967908859253,-0.08396746963262558,0.6420227885246277,0.23533505201339722,-0.6254624724388123,0.6303958892822266,0.5439043641090393,-0.04903825744986534,0.6359859704971313,0.23777085542678833,-0.5822871923446655,0.5896705389022827,0.5178152918815613,0.03953867405653,0.5325883030891418,0.5165382623672485,-0.03969096019864082,0.5982478260993958,0.6727476716041565,0.013008326292037964,0.5215128660202026,0.6742977499961853,-0.04008067399263382,0.6037642359733582,0.7973516583442688,0.24226431548595428,0.5173410773277283,0.806011974811554,0.15891411900520325,0.5969875454902649,0.8154434561729431,0.2583743631839752,0.5236907601356506,0.8205167055130005,0.1710507571697235,0.6259196996688843,0.8462610840797424,0.1145167127251625,0.5121843814849854,0.8542824387550354,0.013209402561187744
40,draw_x,a06_s10_e03,0.5682262182235718,0.23701193928718567,-0.2924921214580536,0.5733479857444763,0.2241223007440567,-0.26796481013298035,0.5766474008560181,0.22427521646022797,-0.267902135848999,0.5798804759979248,0.22470612823963165,-0.26785871386528015,0.5623785853385925,0.22425849735736847,-0.27482402324676514,0.5573675036430359,0.22440171241760254,-0.2748754620552063,0.5526925921440125,0.2247033715248108,-0.27491408586502075,0.5834859609603882,0.23165805637836456,-0.12046350538730621,0.5446656942367554,0.2296033799648285,-0.15220969915390015,0.5745128393173218,0.25393030047416687,-0.2365534007549286,0.5604708194732666,0.2537185847759247,-0.24636638164520264,0.6081680655479431,0.32489246129989624,-0.016030024737119675,0.5190116763114929,0.29655206203460693,-0.17670556902885437,0.6248542666435242,0.4332312345504761,0.005431507248431444,0.5471388697624207,0.2891426980495453,-0.41673341393470764,0.6361527442932129,0.526001513004303,-0.032612394541502,0.6148795485496521,0.24603542685508728,-0.6053255796432495,0.6365970373153687,0.5547266006469727,-0.047379955649375916,0.6352573037147522,0.24340738356113434,-0.665316641330719,0.6330466270446777,0.553015947341919,-0.07998819649219513,0.6393277049064636,0.24023763835430145,-0.6486257314682007,0.6303715109825134,0.5443451404571533,-0.045852258801460266,0.6332211494445801,0.2426415979862213,-0.6050163507461548,0.5896881222724915,0.5178300142288208,0.03883929178118706,0.532583475112915,0.5164974331855774,-0.03900095075368881,0.5982722043991089,0.6727663278579712,0.013763350434601307,0.5215077996253967,0.6743021011352539,-0.03991566598415375,0.603760302066803,0.7971572875976562,0.24293549358844757,0.5173438787460327,0.8062059879302979,0.15914572775363922,0.596988320350647,0.8151819109916687,0.258744478225708,0.5237011909484863,0.8207495808601379,0.17123812437057495,0.6258217692375183,0.846351683139801,0.11488260328769684,0.511928379535675,0.854578971862793,0.013659631833434105
41,draw_x,a06_s10_e03,0.5692563652992249,0.23682250082492828,-0.2707067131996155,0.5738662481307983,0.22397950291633606,-0.24429652094841003,0.5771210789680481,0.22415275871753693,-0.2442486584186554,0.5803149938583374,0.22459475696086884,-0.2442035675048828,0.5631778836250305,0.22406673431396484,-0.2528282701969147,0.5580942630767822,0.2242257446050644,-0.25286683440208435,0.5532073378562927,0.22452031075954437,-0.2529016137123108,0.5835736989974976,0.23155133426189423,-0.0927206426858902,0.5449032187461853,0.2295096516609192,-0.13378015160560608,0.5749757289886475,0.2532881200313568,-0.2136586606502533,0.5614733695983887,0.25316527485847473,-0.22613970935344696,0.6081773042678833,0.3252359628677368,0.006678497884422541,0.5191980600357056,0.29664838314056396,-0.16301880776882172,0.6249046921730042,0.43391740322113037,0.03025054931640625,0.5476714372634888,0.2908756136894226,-0.41442394256591797,0.6361546516418457,0.5264112949371338,-0.01024805661290884,0.6135932207107544,0.2474900782108307,-0.6146870255470276,0.6366146206855774,0.5551055669784546,-0.023876814171671867,0.633707582950592,0.24506886303424835,-0.6757062673568726,0.6330491900444031,0.553399920463562,-0.05717778205871582,0.6377884149551392,0.2422918826341629,-0.6595101952552795,0.6303739547729492,0.5447245836257935,-0.02380369044840336,0.6320998072624207,0.2447052001953125,-0.6148694753646851,0.5897762179374695,0.5178648233413696,0.03949389606714249,0.5326063632965088,0.516503095626831,-0.03965048864483833,0.598307192325592,0.6726576089859009,0.022136621177196503,0.5215272307395935,0.67423015832901,-0.040296461433172226,0.6037576794624329,0.7968207597732544,0.2553132176399231,0.5173389911651611,0.806280791759491,0.15945442020893097,0.5969635844230652,0.814839780330658,0.2708645462989807,0.523636519908905,0.8208332061767578,0.1715446412563324,0.6257665753364563,0.8463515043258667,0.12839752435684204,0.5117384195327759,0.8547300100326538,0.014027981087565422
42,draw_x,a06_s10_e03,0.5692682862281799,0.23635078966617584,-0.2708873152732849,0.5739072561264038,0.2238144874572754,-0.2445381134748459,0.5771372318267822,0.22401122748851776,-0.24449031054973602,0.5803587436676025,0.2244464010000229,-0.2444431334733963,0.563178539276123,0.2238326370716095,-0.25286322832107544,0.5580918788909912,0.2240149974822998,-0.25290101766586304,0.5532021522521973,0.22435493767261505,-0.2529357075691223,0.5836425423622131,0.2311871349811554,-0.09337028115987778,0.5449252724647522,0.22950530052185059,-0.1339457929134369,0.5749796628952026,0.25256168842315674,-0.2140517681837082,0.5614584684371948,0.2525646388530731,-0.22638802230358124,0.6084064245223999,0.326518177986145,0.005917403381317854,0.5193852782249451,0.2967429459095001,-0.1616818606853485,0.6249420046806335,0.4347117841243744,0.029934879392385483,0.5472153425216675,0.2917271554470062,-0.41680067777633667,0.6361567378044128,0.5267238020896912,-0.012415548786520958,0.6102021336555481,0.2564777433872223,-0.6284036636352539,0.6366235017776489,0.5553465485572815,-0.026072796434164047,0.6284536123275757,0.2563903033733368,-0.6897779703140259,0.6330513954162598,0.5535812377929688,-0.05936213210225105,0.6323665380477905,0.252005398273468,-0.6744663715362549,0.6303765773773193,0.5448916554450989,-0.02591707929968834,0.6255505084991455,0.2539576292037964,-0.6289212703704834,0.5899184346199036,0.5179973840713501,0.03961383178830147,0.5326216816902161,0.5165639519691467,-0.03976995497941971,0.5983114242553711,0.6725075840950012,0.027437973767518997,0.5215364694595337,0.6742110848426819,-0.04022906348109245,0.6037412881851196,0.7966454029083252,0.2594231963157654,0.5173028707504272,0.8065109848976135,0.15968731045722961,0.5968888401985168,0.8146636486053467,0.27457940578460693,0.5235554575920105,0.8211281299591064,0.17162826657295227,0.6256682872772217,0.8463307619094849,0.13229821622371674,0.5113813877105713,0.854790985584259,0.013827611692249775
43,draw_x,a06_s10_e03,0.5693730115890503,0.2362583726644516,-0.26153361797332764,0.5740691423416138,0.22380180656909943,-0.2350565493106842,0.5772873163223267,0.22400999069213867,-0.23501801490783691,0.5805591940879822,0.22444607317447662,-0.23497238755226135,0.5633548498153687,0.22374530136585236,-0.24458885192871094,0.5582696199417114,0.22391767799854279,-0.24462191760540009,0.5533831715583801,0.22426459193229675,-0.2446475476026535,0.5836842656135559,0.23110833764076233,-0.0815918892621994,0.545024037361145,0.22950296103954315,-0.1281132698059082,0.5749625563621521,0.252410888671875,-0.20358364284038544,0.5614436864852905,0.25239497423171997,-0.21762701869010925,0.6084027886390686,0.3269120156764984,0.019495710730552673,0.5194982886314392,0.2968996465206146,-0.15079274773597717,0.6248999834060669,0.4346708655357361,0.04937528446316719,0.546929121017456,0.30201539397239685,-0.40937918424606323,0.6361586451530457,0.526856005191803,0.0026575408410280943,0.6072399020195007,0.27368471026420593,-0.6246834993362427,0.6367017030715942,0.5554602146148682,-0.01060313731431961,0.6229358911514282,0.27581682801246643,-0.6862055063247681,0.633109986782074,0.5537860989570618,-0.04519389197230339,0.6256170868873596,0.27132710814476013,-0.6726108193397522,0.6304091215133667,0.5450599789619446,-0.011374926194548607,0.6197347044944763,0.2722776234149933,-0.6258677244186401,0.5899973511695862,0.5180317163467407,0.0401947982609272,0.532729983329773,0.5166518092155457,-0.04034470021724701,0.5983403921127319,0.6724780797958374,0.033732496201992035,0.5215359926223755,0.6742356419563293,-0.04173889756202698,0.6037209630012512,0.7965168356895447,0.2682672441005707,0.5172756910324097,0.806693971157074,0.15940940380096436,0.5968406200408936,0.8145875930786133,0.28351259231567383,0.5235312581062317,0.8214266896247864,0.17119482159614563,0.6257405281066895,0.8463378548622131,0.1424979865550995,0.5110338926315308,0.8548889756202698,0.012986211106181145
44,draw_x,a06_s10_e03,0.569369912147522,0.23619431257247925,-0.264693945646286,0.5741544961929321,0.22377946972846985,-0.23795807361602783,0.5773789286613464,0.22400669753551483,-0.23795418441295624,0.580712616443634,0.2244461178779602,-0.23792541027069092,0.5634123086929321,0.22359074652194977,-0.25127217173576355,0.5583246350288391,0.22372524440288544,-0.2513037323951721,0.5534254312515259,0.22407908737659454,-0.25131604075431824,0.583758533000946,0.23106339573860168,-0.08935282379388809,0.5450485944747925,0.22951234877109528,-0.1363113522529602,0.57485032081604,0.2524154484272003,-0.20723703503608704,0.561223030090332,0.2523753046989441,-0.22082535922527313,0.6091151237487793,0.32499945163726807,0.012032665312290192,0.5194796323776245,0.29745471477508545,-0.15247642993927002,0.6248761415481567,0.4332483112812042,0.04573002830147743,0.5416104197502136,0.3133500814437866,-0.4063999056816101,0.6362597346305847,0.5268507599830627,-0.0009755203500390053,0.6006694436073303,0.29158684611320496,-0.6344949007034302,0.6367717981338501,0.5554978847503662,-0.014405034482479095,0.6163123846054077,0.2929425537586212,-0.6966395378112793,0.6332342624664307,0.5538408756256104,-0.04985993355512619,0.6181095838546753,0.2861027717590332,-0.6842862367630005,0.6305497884750366,0.5451332330703735,-0.015029380097985268,0.6125725507736206,0.2867527902126312,-0.636361837387085,0.5900021195411682,0.5180440545082092,0.04016805440187454,0.532724142074585,0.5167422890663147,-0.04031936451792717,0.598478376865387,0.6725148558616638,0.03166694566607475,0.5215333104133606,0.6745731234550476,-0.041029855608940125,0.6037136316299438,0.7963507175445557,0.2701847553253174,0.5172765254974365,0.8066955208778381,0.16917532682418823,0.5968320369720459,0.8143832087516785,0.28596997261047363,0.5235338807106018,0.8214245438575745,0.1816839575767517,0.6255221366882324,0.8463239669799805,0.14236870408058167,0.5110188722610474,0.8549548983573914,0.022273747250437737
45,draw_x,a06_s10_e03,0.5692439675331116,0.2361931949853897,-0.2895694375038147,0.5741599202156067,0.22377637028694153,-0.26466652750968933,0.5773869752883911,0.224007710814476,-0.26465463638305664,0.5807690024375916,0.22444884479045868,-0.2646278142929077,0.5633819103240967,0.22351601719856262,-0.27432313561439514,0.5583025217056274,0.22362980246543884,-0.2743456959724426,0.5534214377403259,0.22398337721824646,-0.27434396743774414,0.5838538408279419,0.2310454100370407,-0.10669083893299103,0.5450609922409058,0.2295435070991516,-0.1511138379573822,0.5745567083358765,0.2524276673793793,-0.22850532829761505,0.560670018196106,0.25236478447914124,-0.24168682098388672,0.6091207265853882,0.32226359844207764,0.0053261094726622105,0.519511342048645,0.299726665019989,-0.14286929368972778,0.6246070265769958,0.4292736053466797,0.04752912372350693,0.5387903451919556,0.32375621795654297,-0.37493449449539185,0.6363704800605774,0.5264928936958313,0.006911329925060272,0.5867350697517395,0.31171515583992004,-0.6269652247428894,0.6369998455047607,0.5554064512252808,-0.0041159833781421185,0.6035298109054565,0.31223925948143005,-0.6878573298454285,0.6334508061408997,0.5538081526756287,-0.04143095389008522,0.6058140993118286,0.305581659078598,-0.6785407662391663,0.6306995153427124,0.5451200008392334,-0.006884265691041946,0.5996137857437134,0.3067062199115753,-0.6301493644714355,0.5900129079818726,0.5178815126419067,0.039004646241664886,0.5327213406562805,0.516605019569397,-0.03915533050894737,0.598490834236145,0.6726028919219971,0.04030056670308113,0.5215670466423035,0.6749063730239868,-0.03275894373655319,0.6036967039108276,0.7963287830352783,0.27835720777511597,0.517287015914917,0.8067207932472229,0.18020878732204437,0.5967743992805481,0.8143355846405029,0.29336243867874146,0.5235333442687988,0.8214364647865295,0.19250179827213287,0.6255159378051758,0.8464202880859375,0.14803940057754517,0.5110181570053101,0.8549920916557312,0.03228399530053139
46,draw_x,a06_s10_e03,0.569235622882843,0.23621243238449097,-0.294960618019104,0.574175238609314,0.2237762063741684,-0.269724041223526,0.5774086117744446,0.22401240468025208,-0.2697177827358246,0.5808404684066772,0.22445757687091827,-0.26969367265701294,0.5633885264396667,0.223478764295578,-0.27912890911102295,0.5583220720291138,0.22357292473316193,-0.27915120124816895,0.553459107875824,0.22392205893993378,-0.27915266156196594,0.5839365720748901,0.23106683790683746,-0.10866904258728027,0.5450624227523804,0.22954651713371277,-0.15458139777183533,0.574404776096344,0.2524322271347046,-0.23283931612968445,0.5604348182678223,0.25236088037490845,-0.2465783804655075,0.6090588569641113,0.32163143157958984,0.004425636027008295,0.5197584629058838,0.3004346489906311,-0.14050118625164032,0.6241206526756287,0.42517852783203125,0.04785878583788872,0.5360465049743652,0.33096790313720703,-0.37324702739715576,0.6367733478546143,0.5260381698608398,0.0007050278363749385,0.5781653523445129,0.3294965326786041,-0.6428438425064087,0.637435257434845,0.5552172064781189,-0.011476794257760048,0.5918278694152832,0.33460524678230286,-0.7050906419754028,0.6337230801582336,0.5537456274032593,-0.048388056457042694,0.5945177674293518,0.32908910512924194,-0.698843777179718,0.6309000253677368,0.5450981259346008,-0.013260292820632458,0.589918851852417,0.328360378742218,-0.647454023361206,0.5900946855545044,0.5176394581794739,0.039056845009326935,0.5327243208885193,0.5163617730140686,-0.03920378535985947,0.5984935760498047,0.6727575063705444,0.04596859589219093,0.5216159820556641,0.6751931309700012,-0.03246035426855087,0.6036936044692993,0.7963239550590515,0.2903306782245636,0.5172820687294006,0.806621789932251,0.18312235176563263,0.5967721939086914,0.8143131732940674,0.3056625425815582,0.5234233140945435,0.8213475346565247,0.1955430656671524,0.6254661679267883,0.846434473991394,0.15940789878368378,0.5110511779785156,0.8549450039863586,0.03344034403562546
47,draw_x,a06_s10_e03,0.5691584944725037,0.23641014099121094,-0.312265008687973,0.5741741061210632,0.2237982600927353,-0.2886662781238556,0.577399730682373,0.22403566539287567,-0.28863823413848877,0.5808469653129578,0.22447797656059265,-0.2885921001434326,0.5633754730224609,0.2234809696674347,-0.2974730134010315,0.5583187341690063,0.2235749065876007,-0.29750341176986694,0.5534595251083374,0.2239239662885666,-0.29749470949172974,0.5839948654174805,0.2310784012079239,-0.12852658331394196,0.5450667142868042,0.22958512604236603,-0.1726103276014328,0.5742791891098022,0.2524358332157135,-0.25011196732521057,0.5602366924285889,0.2523611783981323,-0.26323431730270386,0.6091617345809937,0.3213315010070801,-0.009549730457365513,0.5197566747665405,0.3017288148403168,-0.1396840214729309,0.6241034865379333,0.42416656017303467,0.046331942081451416,0.5335958003997803,0.3461707532405853,-0.3052494525909424,0.6370741128921509,0.525530219078064,-0.0029851917643100023,0.5695415735244751,0.345743864774704,-0.5179942846298218,0.6376600861549377,0.5551177859306335,-0.01542119961231947,0.5830837488174438,0.35416585206985474,-0.5667374134063721,0.6338509321212769,0.553697943687439,-0.05198262259364128,0.5863145589828491,0.3496694564819336,-0.5666857957839966,0.6310101747512817,0.5450724363327026,-0.016918949782848358,0.5818915367126465,0.3461278975009918,-0.522559642791748,0.5903701186180115,0.5176408290863037,0.03682812675833702,0.5327852964401245,0.5164344906806946,-0.03697782754898071,0.5985177159309387,0.6729580163955688,0.04187600687146187,0.5218719244003296,0.6754194498062134,-0.028989821672439575,0.6036912202835083,0.7962520122528076,0.2830062806606293,0.5173141956329346,0.8066192269325256,0.18876045942306519,0.5967702865600586,0.8142516016960144,0.29930582642555237,0.5234375596046448,0.8213337659835815,0.20117557048797607,0.6253715753555298,0.8464348316192627,0.15648145973682404,0.5111150741577148,0.854948878288269,0.04184075444936752
48,draw_x,a06_s10_e03,0.5691596269607544,0.23662196099758148,-0.30668875575065613,0.574182391166687,0.2238100916147232,-0.28823322057724,0.5774006247520447,0.22404034435749054,-0.28813034296035767,0.5808588266372681,0.22447900474071503,-0.2880639135837555,0.563434898853302,0.22347798943519592,-0.2928386330604553,0.5584487318992615,0.22357134521007538,-0.2928709387779236,0.5535892844200134,0.22391824424266815,-0.292880117893219,0.5840035676956177,0.23108616471290588,-0.12684886157512665,0.5451247096061707,0.22961634397506714,-0.16605545580387115,0.5742515325546265,0.25245705246925354,-0.24413935840129852,0.5602356791496277,0.2523520588874817,-0.26247674226760864,0.6091607809066772,0.32067105174064636,-0.006101567298173904,0.5194709897041321,0.303505003452301,-0.13575594127178192,0.6237305402755737,0.42288684844970703,0.04581725597381592,0.5333004593849182,0.3560388386249542,-0.3178074359893799,0.6371856331825256,0.5241731405258179,-0.023026729002594948,0.5622884035110474,0.366675466299057,-0.5633650422096252,0.6377959251403809,0.554697573184967,-0.040611933916807175,0.5730220079421997,0.3845740556716919,-0.6193380951881409,0.6340193152427673,0.5534027218818665,-0.07944720983505249,0.5784221887588501,0.3811490833759308,-0.5976157188415527,0.6311842799186707,0.5448667407035828,-0.03884835168719292,0.5754481554031372,0.3734563887119293,-0.565362274646759,0.5910800099372864,0.5177856087684631,0.03665316849946976,0.5331159830093384,0.5170828104019165,-0.036784447729587555,0.5985305905342102,0.6729579567909241,0.04351503401994705,0.5223753452301025,0.6754208207130432,-0.029537474736571312,0.6036885976791382,0.796211302280426,0.2696554362773895,0.5173119902610779,0.8064199090003967,0.17909088730812073,0.5967612862586975,0.8142117261886597,0.28178727626800537,0.5233063697814941,0.8210760354995728,0.1893279254436493,0.6253776550292969,0.8464511036872864,0.13876768946647644,0.5111598372459412,0.8547585606575012,0.031128685921430588
49,draw_x,a06_s10_e03,0.5691865682601929,0.2367468923330307,-0.30287966132164,0.574184775352478,0.22381964325904846,-0.28057584166526794,0.577396035194397,0.22404845058918,-0.2804982662200928,0.580859899520874,0.22448286414146423,-0.28043803572654724,0.5635091066360474,0.22347517311573029,-0.2867952585220337,0.5586045980453491,0.2235659658908844,-0.2868286371231079,0.5537582635879517,0.22390350699424744,-0.28684261441230774,0.5840030312538147,0.23110096156597137,-0.12229503691196442,0.5452080368995667,0.22962960600852966,-0.16693811118602753,0.5742445588111877,0.25250980257987976,-0.24119338393211365,0.5602818727493286,0.2523500323295593,-0.2568857967853546,0.609148383140564,0.3205779194831848,-0.00570044806227088,0.5191537141799927,0.305480033159256,-0.13944147527217865,0.6237324476242065,0.42199409008026123,0.04420052841305733,0.5272826552391052,0.3641212582588196,-0.3267139792442322,0.6375717520713806,0.5236254930496216,-0.034836310893297195,0.5567483305931091,0.388158917427063,-0.5745128393173218,0.6382995247840881,0.5543619394302368,-0.054967332631349564,0.5629550218582153,0.40787822008132935,-0.6388922929763794,0.6343777775764465,0.5530591607093811,-0.0954756960272789,0.5714999437332153,0.4047187864780426,-0.6476171612739563,0.6315697431564331,0.5446445941925049,-0.05174447223544121,0.5702376365661621,0.3985821306705475,-0.5883393883705139,0.591516375541687,0.5179584622383118,0.036442529410123825,0.5332304239273071,0.5174510478973389,-0.03655136376619339,0.5985350608825684,0.6729894876480103,0.046241395175457,0.5227037668228149,0.6754264831542969,-0.029086563736200333,0.6036984920501709,0.7961422204971313,0.26005369424819946,0.5173332095146179,0.8063918352127075,0.16823913156986237,0.5967584848403931,0.8141819834709167,0.2710462212562561,0.5233186483383179,0.8210374116897583,0.17749543488025665,0.6254233717918396,0.846465528011322,0.1291242241859436,0.5111746191978455,0.8548433780670166,0.019713900983333588
50,draw_x,a06_s10_e03,0.5691993236541748,0.23675598204135895,-0.2891099154949188,0.5741878747940063,0.2238020896911621,-0.26824185252189636,0.5773954391479492,0.22402462363243103,-0.26821279525756836,0.5808643102645874,0.2244277149438858,-0.2681722044944763,0.563531756401062,0.22345666587352753,-0.2762782573699951,0.5586463212966919,0.2235432118177414,-0.2763136029243469,0.5538029074668884,0.22387713193893433,-0.276328980922699,0.5840051174163818,0.2310539186000824,-0.12104155868291855,0.5452409386634827,0.2296370565891266,-0.1645667552947998,0.5742395520210266,0.2525140345096588,-0.2325061857700348,0.5602758526802063,0.2523497939109802,-0.24720802903175354,0.609459400177002,0.32077455520629883,-0.005530054681003094,0.51793372631073,0.30768877267837524,-0.1370590776205063,0.623903214931488,0.4218501150608063,0.04359831288456917,0.5223864316940308,0.3758757710456848,-0.2992520332336426,0.6379759907722473,0.5226839780807495,-0.047679632902145386,0.544488787651062,0.40905797481536865,-0.558517336845398,0.6385918259620667,0.5538498759269714,-0.0698128268122673,0.5482165813446045,0.43640416860580444,-0.6191439628601074,0.6347036361694336,0.5524860620498657,-0.10995129495859146,0.5583834648132324,0.4324187934398651,-0.6303392648696899,0.6320083141326904,0.5441123247146606,-0.06501995772123337,0.5589765310287476,0.4254266023635864,-0.5694473385810852,0.5916975140571594,0.5184930562973022,0.03552212938666344,0.5332722663879395,0.5182974934577942,-0.035614486783742905,0.5985948443412781,0.6731605529785156,0.050380367785692215,0.5230655074119568,0.675446093082428,-0.025443818420171738,0.6037061810493469,0.7961390614509583,0.25038716197013855,0.5173343420028687,0.806366503238678,0.16150417923927307,0.5967591404914856,0.8142392635345459,0.2606385350227356,0.5233108401298523,0.8210283517837524,0.1705029308795929,0.6255829930305481,0.8464746475219727,0.12527798116207123,0.511182963848114,0.8549470901489258,0.01858542114496231
51,draw_x,a06_s10_e03,0.5693285465240479,0.23675569891929626,-0.2914137840270996,0.5742207765579224,0.22379142045974731,-0.2701869010925293,0.5774338245391846,0.22400984168052673,-0.27017614245414734,0.5809170603752136,0.22439421713352203,-0.2701486349105835,0.5636101961135864,0.22343088686466217,-0.2786049544811249,0.5587501525878906,0.22350859642028809,-0.27864015102386475,0.5538992285728455,0.22383348643779755,-0.27865105867385864,0.5840123891830444,0.2310466319322586,-0.12433771044015884,0.5453187823295593,0.22963406145572662,-0.1683586835861206,0.5742552280426025,0.25251930952072144,-0.23563043773174286,0.5602864027023315,0.25234511494636536,-0.2493768185377121,0.6098347306251526,0.321199893951416,-0.010577811859548092,0.5165890455245972,0.3097442388534546,-0.1365508735179901,0.6239147186279297,0.4221636950969696,0.03772922605276108,0.5182406902313232,0.3860669434070587,-0.27501752972602844,0.6380583047866821,0.5219076871871948,-0.06067051365971565,0.5346700549125671,0.43235355615615845,-0.5238445997238159,0.6387473940849304,0.5532534122467041,-0.08398780226707458,0.5359729528427124,0.45903879404067993,-0.5817850828170776,0.6350147724151611,0.5519546270370483,-0.1252758502960205,0.543755054473877,0.4529212415218353,-0.5959485769271851,0.6323308348655701,0.5435782670974731,-0.07880493253469467,0.5454199910163879,0.4453781545162201,-0.5352112650871277,0.5917401909828186,0.5189409852027893,0.034605976194143295,0.5333219766616821,0.5189703702926636,-0.034685734659433365,0.5987581014633179,0.6732359528541565,0.05535154789686203,0.5233331322669983,0.6755460500717163,-0.025822192430496216,0.6037238836288452,0.7961933612823486,0.24638482928276062,0.5173879861831665,0.8063908219337463,0.1491173803806305,0.5967575907707214,0.8144203424453735,0.2560294270515442,0.5233463644981384,0.8210329413414001,0.15706488490104675,0.6260573267936707,0.8464805483818054,0.12201274931430817,0.5111840963363647,0.8550506830215454,0.0068892003037035465
52,draw_x,a06_s10_e03,0.5696845054626465,0.23652392625808716,-0.3084309697151184,0.574391782283783,0.22365672886371613,-0.28613653779029846,0.5777260661125183,0.223856583237648,-0.2861413061618805,0.5811585187911987,0.2241876870393753,-0.2861136198043823,0.5638841390609741,0.22322866320610046,-0.29450446367263794,0.5590261220932007,0.2232864946126938,-0.29452329874038696,0.5541352033615112,0.22356538474559784,-0.29452863335609436,0.584105372428894,0.23088473081588745,-0.13835464417934418,0.5454002618789673,0.22954276204109192,-0.18049493432044983,0.5743979215621948,0.25241896510124207,-0.2518981397151947,0.5603872537612915,0.2522294521331787,-0.2642729878425598,0.6105558276176453,0.32181644439697266,-0.015082580968737602,0.5158158540725708,0.3106442391872406,-0.1293914020061493,0.6239181756973267,0.4223925769329071,0.05320459604263306,0.5124346613883972,0.39003339409828186,-0.15751174092292786,0.6382632851600647,0.5209361910820007,-0.050607748329639435,0.523681640625,0.4578263461589813,-0.3056027591228485,0.6390571594238281,0.5522911548614502,-0.07439352571964264,0.5227011442184448,0.4825153648853302,-0.34960082173347473,0.6353985667228699,0.5508738160133362,-0.11882076412439346,0.5293474197387695,0.4795742630958557,-0.3754388988018036,0.6327317953109741,0.5424920916557312,-0.06993402540683746,0.5312775373458862,0.4723939895629883,-0.31860119104385376,0.591960072517395,0.5195602774620056,0.034169021993875504,0.5337393879890442,0.5193608403205872,-0.034232910722494125,0.5989986062049866,0.6733497977256775,0.06356710940599442,0.5234630703926086,0.6756089925765991,-0.030584629625082016,0.6037238240242004,0.7962895035743713,0.24908646941184998,0.517426609992981,0.8063935041427612,0.1296684294939041,0.5966215133666992,0.8147780895233154,0.2606310248374939,0.5233644843101501,0.8210050463676453,0.1361370086669922,0.626298725605011,0.8464444875717163,0.12364234775304794,0.5111457705497742,0.8549856543540955,-0.017076434567570686
53,draw_x,a06_s10_e03,0.57007896900177,0.23639225959777832,-0.3056737184524536,0.5745519995689392,0.22358305752277374,-0.28182488679885864,0.5779699087142944,0.22377419471740723,-0.28180742263793945,0.5813406705856323,0.22407563030719757,-0.2817668616771698,0.5642210841178894,0.22307822108268738,-0.2922765016555786,0.5593724250793457,0.22312426567077637,-0.29232555627822876,0.5544840693473816,0.22333548963069916,-0.2923729717731476,0.5841423273086548,0.23080621659755707,-0.13500435650348663,0.5455071926116943,0.2294463813304901,-0.17527486383914948,0.5745635032653809,0.2523672878742218,-0.24709287285804749,0.5605990290641785,0.25216466188430786,-0.2602600157260895,0.6109186410903931,0.3224657475948334,-0.022831279784440994,0.5145240426063538,0.31217944622039795,-0.10677723586559296,0.6239732503890991,0.42245572805404663,0.04450070112943649,0.5100089311599731,0.4024544358253479,-0.14550913870334625,0.6386465430259705,0.5202475190162659,-0.07175660133361816,0.5114420056343079,0.4724416434764862,-0.33919867873191833,0.6396651268005371,0.5514428019523621,-0.1004423275589943,0.508392333984375,0.4993806481361389,-0.38907161355018616,0.6359583139419556,0.5499207377433777,-0.14415420591831207,0.5145280957221985,0.49691298604011536,-0.4149106442928314,0.6333550810813904,0.5415410399436951,-0.09157845377922058,0.5172597169876099,0.48875313997268677,-0.35380464792251587,0.5921666026115417,0.5209020972251892,0.027648383751511574,0.5343290567398071,0.520281195640564,-0.02766389772295952,0.599075198173523,0.6735143065452576,0.050926513969898224,0.5236420035362244,0.6761249303817749,-0.029283160343766212,0.6037200689315796,0.7964078783988953,0.23315472900867462,0.5175217986106873,0.8064245581626892,0.14063891768455505,0.5965533256530762,0.814978301525116,0.2429661750793457,0.5235484838485718,0.8210020065307617,0.14864207804203033,0.6263379454612732,0.8463495373725891,0.10733795166015625,0.5110710263252258,0.8549699783325195,-0.005111613776534796
54,draw_x,a06_s10_e03,0.5700807571411133,0.2364182472229004,-0.3241707384586334,0.5745529532432556,0.22361578047275543,-0.30319368839263916,0.577969491481781,0.22380229830741882,-0.30319786071777344,0.5813421010971069,0.22409063577651978,-0.3031786382198334,0.564231276512146,0.22308212518692017,-0.30975404381752014,0.5594043135643005,0.22312042117118835,-0.309773325920105,0.554533839225769,0.2233302891254425,-0.3097769618034363,0.5841452479362488,0.23082765936851501,-0.16494284570217133,0.5455909967422485,0.22944630682468414,-0.19617025554180145,0.5745579600334167,0.25238296389579773,-0.2708086371421814,0.5605932474136353,0.25216564536094666,-0.2801247239112854,0.6110957860946655,0.32304856181144714,-0.04983258992433548,0.51368248462677,0.312701553106308,-0.11789512634277344,0.6240532994270325,0.42265692353248596,0.02853364311158657,0.5076950788497925,0.4075015187263489,-0.1191575676202774,0.6391350030899048,0.519650936126709,-0.08453555405139923,0.5027880668640137,0.4836380183696747,-0.2666435241699219,0.6405027508735657,0.5509766340255737,-0.11200384050607681,0.5000448226928711,0.5135206580162048,-0.30961260199546814,0.6367625594139099,0.5494555234909058,-0.1579160988330841,0.5046760439872742,0.5111173987388611,-0.3410111963748932,0.6342004537582397,0.5409882068634033,-0.10523507744073868,0.5074416399002075,0.5018011331558228,-0.2822960317134857,0.5921658277511597,0.5210572481155396,0.02441975846886635,0.5343986749649048,0.5202667713165283,-0.024434786289930344,0.5991246700286865,0.673517644405365,0.05208192393183708,0.5238546133041382,0.6764204502105713,-0.027502110227942467,0.6037200689315796,0.7965415716171265,0.23640909790992737,0.517570972442627,0.8064306974411011,0.13916310667991638,0.5965509414672852,0.8150900602340698,0.24590396881103516,0.5235594511032104,0.8209652304649353,0.14622309803962708,0.626362144947052,0.8463136553764343,0.1090821623802185,0.5110970139503479,0.8545369505882263,-0.004703917540609837
55,draw_x,a06_s10_e03,0.5700678825378418,0.23643933236598969,-0.33895307779312134,0.5745329856872559,0.22367089986801147,-0.31885799765586853,0.5779513120651245,0.22384889423847198,-0.31886234879493713,0.5813382863998413,0.22411736845970154,-0.31884267926216125,0.5642223954200745,0.22310428321361542,-0.3243730664253235,0.5594025254249573,0.22312496602535248,-0.32438766956329346,0.5545351505279541,0.22332540154457092,-0.3243832290172577,0.5841458439826965,0.23084044456481934,-0.18342581391334534,0.5456213355064392,0.22945226728916168,-0.2110764980316162,0.5745391845703125,0.2524031698703766,-0.2869602143764496,0.5605442523956299,0.25217464566230774,-0.2950252294540405,0.6112791299819946,0.32340914011001587,-0.06997056305408478,0.513249933719635,0.3132987916469574,-0.12014278024435043,0.624126672744751,0.4229469299316406,0.009465581737458706,0.5048841238021851,0.41161173582077026,-0.106491819024086,0.6392148733139038,0.5196203589439392,-0.09909336268901825,0.4968394339084625,0.4902570843696594,-0.23219962418079376,0.6407379508018494,0.55095374584198,-0.12614086270332336,0.4929640293121338,0.5210506319999695,-0.27162718772888184,0.6370065212249756,0.5494089126586914,-0.1718587577342987,0.4965408742427826,0.5179075002670288,-0.3058027923107147,0.6344376802444458,0.5408928990364075,-0.11964676529169083,0.49954381585121155,0.5083807706832886,-0.2485901117324829,0.5921623110771179,0.5210484266281128,0.021236594766378403,0.5343326330184937,0.520238995552063,-0.021255146712064743,0.599181056022644,0.6730371713638306,0.05130492523312569,0.523989200592041,0.6764230728149414,-0.022774823009967804,0.6037238240242004,0.7965506315231323,0.22708633542060852,0.5175803303718567,0.8063169717788696,0.1425868719816208,0.5965480208396912,0.8151236176490784,0.23578909039497375,0.5235602855682373,0.8207275867462158,0.1500398963689804,0.6263688802719116,0.8461560010910034,0.09864197671413422,0.5111460089683533,0.8539121150970459,-0.0010963601525872946
56,draw_x,a06_s10_e03,0.570043683052063,0.23648701608181,-0.3548819124698639,0.5745061635971069,0.2237163484096527,-0.3350760042667389,0.5779298543930054,0.2238788604736328,-0.3350774049758911,0.5813302993774414,0.22412632405757904,-0.33505627512931824,0.564203143119812,0.2231397032737732,-0.3408639430999756,0.559386670589447,0.2231421172618866,-0.34088319540023804,0.5545298457145691,0.2233305126428604,-0.3408786654472351,0.584140419960022,0.2308456152677536,-0.19887647032737732,0.5456263422966003,0.22949416935443878,-0.2280973643064499,0.5745224952697754,0.2524856626987457,-0.30245038866996765,0.5604993104934692,0.25224724411964417,-0.3109124004840851,0.6113567352294922,0.32357022166252136,-0.08014456927776337,0.5130900144577026,0.31357571482658386,-0.13949733972549438,0.6241937875747681,0.4231331944465637,0.004761365242302418,0.5028082728385925,0.41344180703163147,-0.10713440179824829,0.639290988445282,0.5195062756538391,-0.10123671591281891,0.4931201934814453,0.4923352599143982,-0.21817442774772644,0.6409240365028381,0.5508526563644409,-0.1274869292974472,0.48754262924194336,0.5241076350212097,-0.25555944442749023,0.6371928453445435,0.5492972731590271,-0.1736055314540863,0.49223947525024414,0.5214170217514038,-0.29140281677246094,0.6346126198768616,0.5407427549362183,-0.12188807874917984,0.4960861802101135,0.5119577050209045,-0.23475489020347595,0.5921076536178589,0.5210228562355042,0.021313263103365898,0.5342689156532288,0.5201888084411621,-0.021341023966670036,0.5992342829704285,0.6729868650436401,0.052778709679841995,0.5242719650268555,0.6764342784881592,-0.021339787170290947,0.6037323474884033,0.7967112064361572,0.22942233085632324,0.5175808072090149,0.8062750697135925,0.1430138498544693,0.5965501070022583,0.8152240514755249,0.23800937831401825,0.5235531330108643,0.8205184936523438,0.15024569630622864,0.6265989542007446,0.8461951613426208,0.10075396299362183,0.5111575722694397,0.8536410927772522,0.0001459684717701748
57,draw_x,a06_s10_e03,0.570030927658081,0.23652301728725433,-0.3638063371181488,0.5744791030883789,0.22374534606933594,-0.3441561162471771,0.577907919883728,0.22389370203018188,-0.344154417514801,0.5813209414482117,0.2241271436214447,-0.3441322147846222,0.5641821622848511,0.22318054735660553,-0.3501027226448059,0.5593689680099487,0.2231711596250534,-0.35012224316596985,0.5545181035995483,0.22335389256477356,-0.35011929273605347,0.5841251015663147,0.2308172583580017,-0.20786762237548828,0.5456287264823914,0.22956563532352448,-0.23766744136810303,0.574513852596283,0.25256824493408203,-0.31123143434524536,0.5604687333106995,0.25235769152641296,-0.31985577940940857,0.6114858984947205,0.32360097765922546,-0.08760257065296173,0.5128480792045593,0.3143713176250458,-0.15133458375930786,0.6242535710334778,0.42323657870292664,-0.0006401340942829847,0.500433087348938,0.4155392050743103,-0.1096191555261612,0.6393580436706543,0.5193716287612915,-0.10625284910202026,0.4907473623752594,0.49546998739242554,-0.21461042761802673,0.6410755515098572,0.5507625937461853,-0.13230550289154053,0.4843314588069916,0.5277803540229797,-0.2511555254459381,0.6373242735862732,0.5491974949836731,-0.17828883230686188,0.4895407557487488,0.525530219078064,-0.28775253891944885,0.6347083449363708,0.540599524974823,-0.1268586963415146,0.4938735365867615,0.5160788297653198,-0.2313288450241089,0.5919926762580872,0.5210162997245789,0.021322255954146385,0.5341434478759766,0.5201791524887085,-0.02135413885116577,0.5992779731750488,0.6729201674461365,0.05210531875491142,0.5244094729423523,0.6765174269676208,-0.020651668310165405,0.6037329435348511,0.7967327237129211,0.2293279618024826,0.5175765752792358,0.8062728047370911,0.14439542591571808,0.596509575843811,0.8152247667312622,0.2379910945892334,0.5235338807106018,0.820437490940094,0.1520426869392395,0.6266425848007202,0.8462594151496887,0.10072926431894302,0.5111972093582153,0.8535996675491333,0.0002798110363073647
58,draw_x,a06_s10_e03,0.5698987245559692,0.23659907281398773,-0.36723536252975464,0.5743762254714966,0.22378161549568176,-0.34774163365364075,0.5777671337127686,0.22391648590564728,-0.34773939847946167,0.5812352299690247,0.2241305708885193,-0.34771353006362915,0.5640363693237305,0.2232503741979599,-0.3532378375530243,0.5592061877250671,0.22322578728199005,-0.35325944423675537,0.5543848872184753,0.22341646254062653,-0.3532557189464569,0.5840585231781006,0.23080132901668549,-0.2124020755290985,0.5455812215805054,0.22968994081020355,-0.24012362957000732,0.5744540691375732,0.2527181804180145,-0.3150918185710907,0.5603362321853638,0.2525613307952881,-0.32312148809432983,0.6115954518318176,0.323611855506897,-0.09387879073619843,0.512660801410675,0.3151942789554596,-0.1532011181116104,0.6243563890457153,0.42329198122024536,-0.006013114936649799,0.4986565113067627,0.41668498516082764,-0.10549503564834595,0.6395083665847778,0.519088089466095,-0.1111166924238205,0.4891480505466461,0.49565887451171875,-0.21058869361877441,0.6412132978439331,0.5505084991455078,-0.13714821636676788,0.48184657096862793,0.5274375081062317,-0.24666769802570343,0.6374777555465698,0.5489842295646667,-0.18284817039966583,0.48735690116882324,0.5249059796333313,-0.2838174104690552,0.6348918080329895,0.540364682674408,-0.13151907920837402,0.49214181303977966,0.5149257183074951,-0.22757263481616974,0.5919363498687744,0.5210193991661072,0.020164724439382553,0.5341132879257202,0.5202131867408752,-0.020201321691274643,0.5992875695228577,0.6729126572608948,0.05112384632229805,0.5244439840316772,0.6767074465751648,-0.01789073832333088,0.6037347316741943,0.7967701554298401,0.2263709008693695,0.5175239443778992,0.8062430024147034,0.1491605043411255,0.5965076088905334,0.8152170777320862,0.23496222496032715,0.5234603881835938,0.8202145099639893,0.15675553679466248,0.6266437768936157,0.8462771773338318,0.09752640873193741,0.5111986398696899,0.8533006310462952,0.008681068196892738
59,draw_x,a06_s10_e03,0.5697969198226929,0.23663881421089172,-0.37062522768974304,0.5742690563201904,0.22378306090831757,-0.3511453866958618,0.5776188373565674,0.22391703724861145,-0.35114604234695435,0.5811423659324646,0.22411935031414032,-0.35112300515174866,0.5639031529426575,0.2232682853937149,-0.35678544640541077,0.5590547323226929,0.22324009239673615,-0.3568108081817627,0.5542518496513367,0.22343604266643524,-0.3568074107170105,0.5839435458183289,0.23073337972164154,-0.2154148519039154,0.5454689860343933,0.22976207733154297,-0.2436930388212204,0.5744004249572754,0.25288286805152893,-0.3182636797428131,0.5602658987045288,0.252775639295578,-0.3264572322368622,0.6116456985473633,0.3235792815685272,-0.09726469218730927,0.5124183297157288,0.3161488473415375,-0.1547798067331314,0.6243818402290344,0.42338070273399353,-0.009111309424042702,0.49809035658836365,0.4177766442298889,-0.10464658588171005,0.6396341323852539,0.5188458561897278,-0.11448149383068085,0.4881606101989746,0.49751752614974976,-0.20920035243034363,0.6412971615791321,0.5502997040748596,-0.14067800343036652,0.4805482029914856,0.528727114200592,-0.2450028359889984,0.6375622749328613,0.5487897396087646,-0.18639349937438965,0.48547738790512085,0.526550829410553,-0.28281164169311523,0.6350070238113403,0.5401565432548523,-0.1348215788602829,0.49052730202674866,0.5166427493095398,-0.22645223140716553,0.5919039845466614,0.5210109949111938,0.01958576962351799,0.5340507626533508,0.5202590227127075,-0.019624998793005943,0.5993044972419739,0.672917366027832,0.045809801667928696,0.5244870781898499,0.6768850684165955,-0.016944682225584984,0.6037421822547913,0.7968205809593201,0.22215743362903595,0.5174989104270935,0.8062499165534973,0.15394657850265503,0.5965352654457092,0.8152034878730774,0.2308555543422699,0.5234178900718689,0.8201301693916321,0.16195166110992432,0.6266327500343323,0.8463104963302612,0.09328870475292206,0.5111972093582153,0.8532087206840515,0.014658349566161633
60,draw_x,a06_s10_e03,0.5697216987609863,0.23669417202472687,-0.3760739266872406,0.5741786360740662,0.22378963232040405,-0.3564688563346863,0.5774981379508972,0.2239203006029129,-0.35646507143974304,0.5810612440109253,0.22411824762821198,-0.3564395308494568,0.5638025999069214,0.22328083217144012,-0.3624348044395447,0.5589371919631958,0.22324660420417786,-0.3624640107154846,0.5541356801986694,0.22344230115413666,-0.36246129870414734,0.58385169506073,0.23068276047706604,-0.21929886937141418,0.545333981513977,0.2297860085964203,-0.24929316341876984,0.5743545293807983,0.25305330753326416,-0.32309502363204956,0.560198962688446,0.2529710829257965,-0.3317788243293762,0.6116580367088318,0.323422908782959,-0.09933720529079437,0.512149453163147,0.31650200486183167,-0.1589222252368927,0.6243736743927002,0.42340216040611267,-0.010666131041944027,0.495922327041626,0.41656896471977234,-0.11068962514400482,0.6396852731704712,0.5186121463775635,-0.11808957159519196,0.4875548481941223,0.49548032879829407,-0.2156139314174652,0.6413279175758362,0.5501299500465393,-0.1445634365081787,0.48016929626464844,0.5270592570304871,-0.2516344487667084,0.6375941038131714,0.5486276745796204,-0.19056181609630585,0.48543038964271545,0.5248748660087585,-0.28840380907058716,0.6350585222244263,0.5399780869483948,-0.1385815441608429,0.4905070662498474,0.5145675539970398,-0.23229055106639862,0.5918709635734558,0.5209742188453674,0.019695037975907326,0.533947229385376,0.5202638506889343,-0.019738847389817238,0.5993252992630005,0.6730228662490845,0.04481753706932068,0.5244978666305542,0.6770771741867065,-0.01720205880701542,0.6037424206733704,0.7968289256095886,0.22566361725330353,0.517454981803894,0.8062201738357544,0.15699458122253418,0.5965419411659241,0.815067708492279,0.23482000827789307,0.5232660174369812,0.819843590259552,0.16539452970027924,0.6265625953674316,0.8463894128799438,0.09696848690509796,0.5112944841384888,0.8531121015548706,0.01724313199520111
61,draw_x,a06_s10_e03,0.569638729095459,0.23672418296337128,-0.38147369027137756,0.5740673542022705,0.2237907350063324,-0.36149588227272034,0.5773491859436035,0.2239178866147995,-0.36149299144744873,0.580954909324646,0.22410251200199127,-0.3614652752876282,0.5636664628982544,0.22328642010688782,-0.36744773387908936,0.558785080909729,0.22325171530246735,-0.367479145526886,0.5539963841438293,0.22345216572284698,-0.36747339367866516,0.583728551864624,0.23057551681995392,-0.22269244492053986,0.5451871156692505,0.2298286110162735,-0.25278663635253906,0.5743051767349243,0.2531518042087555,-0.32803207635879517,0.560120701789856,0.2531213164329529,-0.33674168586730957,0.6116722822189331,0.3232329487800598,-0.10249984264373779,0.5118313431739807,0.3170148730278015,-0.16010186076164246,0.6244074106216431,0.42332392930984497,-0.012384790927171707,0.49444469809532166,0.41576844453811646,-0.10831868648529053,0.6397777795791626,0.518337607383728,-0.11852242052555084,0.4878491461277008,0.49493372440338135,-0.20991280674934387,0.6413704752922058,0.5499694347381592,-0.14441534876823425,0.4814545214176178,0.5255626440048218,-0.24478201568126678,0.6376412510871887,0.548488438129425,-0.19074366986751556,0.4861859679222107,0.5231688618659973,-0.28162840008735657,0.6351279020309448,0.5398025512695312,-0.13905444741249084,0.4907342791557312,0.5129830837249756,-0.2264801561832428,0.5918598771095276,0.5209358334541321,0.019498741254210472,0.5338344573974609,0.5202921032905579,-0.019549911841750145,0.5993326902389526,0.6730275750160217,0.046125367283821106,0.5244969129562378,0.677178144454956,-0.016912980005145073,0.603747546672821,0.796833872795105,0.22584226727485657,0.5174303650856018,0.8060828447341919,0.15683984756469727,0.5965894460678101,0.8150160312652588,0.23534397780895233,0.5232462882995605,0.8194279074668884,0.1650969684123993,0.6265444159507751,0.8463913798332214,0.09784342348575592,0.5112961530685425,0.852816641330719,0.016492564231157303
62,draw_x,a06_s10_e03,0.5695804953575134,0.2367524951696396,-0.3821512758731842,0.5739717483520508,0.2237882763147354,-0.36151382327079773,0.5772425532341003,0.223904550075531,-0.36151188611984253,0.5808802843093872,0.2240624725818634,-0.36147889494895935,0.5635423064231873,0.22329774498939514,-0.3671434819698334,0.5586508512496948,0.22326941788196564,-0.36717283725738525,0.5538718104362488,0.22348570823669434,-0.36716121435165405,0.5836620926856995,0.2304150015115738,-0.21945500373840332,0.5450989603996277,0.2299301028251648,-0.24838390946388245,0.5742915868759155,0.2532136142253876,-0.3276473581790924,0.5601083040237427,0.25326448678970337,-0.3359798789024353,0.6117233037948608,0.3230522871017456,-0.09753001481294632,0.5118492841720581,0.31707680225372314,-0.15766708552837372,0.6244107484817505,0.42325401306152344,-0.007405070122331381,0.49219927191734314,0.4139232635498047,-0.0965014323592186,0.6398304104804993,0.5179791450500488,-0.11303180456161499,0.4871848225593567,0.4913831353187561,-0.19794714450836182,0.6413971185684204,0.5497362613677979,-0.1384405493736267,0.4818972647190094,0.5202523469924927,-0.23254378139972687,0.6376853585243225,0.5482779145240784,-0.18550673127174377,0.4872451722621918,0.5175058245658875,-0.2680179476737976,0.63517826795578,0.5395498871803284,-0.1338462084531784,0.49111396074295044,0.5076542496681213,-0.21382948756217957,0.591791033744812,0.5209274291992188,0.019206272438168526,0.5337940454483032,0.5202924609184265,-0.019270922988653183,0.5993355512619019,0.6732738614082336,0.04731368273496628,0.5244335532188416,0.6773493885993958,-0.01740509830415249,0.6037573218345642,0.7968366742134094,0.23848840594291687,0.5173924565315247,0.8060656785964966,0.15652284026145935,0.5966325998306274,0.8148900866508484,0.2486797571182251,0.5232511162757874,0.819277822971344,0.16476215422153473,0.6265240907669067,0.8464419841766357,0.1086442694067955,0.5111356973648071,0.852783739566803,0.01620284840464592
63,draw_x,a06_s10_e03,0.5694817900657654,0.23676583170890808,-0.3736129403114319,0.5738791227340698,0.22378550469875336,-0.352605402469635,0.5771363377571106,0.22389169037342072,-0.35260388255119324,0.5808069109916687,0.2240278124809265,-0.3525690734386444,0.5634139776229858,0.22330403327941895,-0.3581836223602295,0.55852210521698,0.2232775241136551,-0.3582093119621277,0.5537828803062439,0.22350214421749115,-0.35819894075393677,0.583617091178894,0.23028697073459625,-0.21070154011249542,0.5450543165206909,0.2299889177083969,-0.24327223002910614,0.5742588043212891,0.25326353311538696,-0.3191012144088745,0.5600680708885193,0.25337478518486023,-0.3274278938770294,0.6117547750473022,0.3229300081729889,-0.09088315069675446,0.5118793249130249,0.3169626295566559,-0.13969050347805023,0.6244437098503113,0.4231279492378235,0.0023873576428741217,0.4889417588710785,0.41289255023002625,-0.07569323480129242,0.6398497819900513,0.5174646973609924,-0.10396553575992584,0.4875038266181946,0.48795512318611145,-0.17412182688713074,0.6414139270782471,0.5494279265403748,-0.12833204865455627,0.48359614610671997,0.5165084004402161,-0.2072935402393341,0.6376950740814209,0.5479567050933838,-0.1786147654056549,0.4897470474243164,0.5142028331756592,-0.24107059836387634,0.6351845264434814,0.5391644835472107,-0.1260182112455368,0.4930993914604187,0.5052633285522461,-0.18911375105381012,0.5917036533355713,0.5209228992462158,0.018857428804039955,0.5337799787521362,0.5202904939651489,-0.018932266160845757,0.5993337631225586,0.6735377907752991,0.048461414873600006,0.5242865085601807,0.6774470806121826,-0.02004755660891533,0.6037577390670776,0.7968523502349854,0.24722298979759216,0.5173503756523132,0.8060036301612854,0.15132026374340057,0.5966571569442749,0.8148161172866821,0.25778400897979736,0.5232536792755127,0.8191013336181641,0.15880204737186432,0.6265050172805786,0.8464875817298889,0.11748059093952179,0.5110250115394592,0.8527448773384094,0.008024340495467186
64,draw_x,a06_s10_e03,0.5694328546524048,0.2367715835571289,-0.37213772535324097,0.5738179683685303,0.22377915680408478,-0.34917643666267395,0.5770653486251831,0.22387613356113434,-0.3491717576980591,0.5807532072067261,0.22399631142616272,-0.34910959005355835,0.563336968421936,0.22330573201179504,-0.3526098430156708,0.5584373474121094,0.2232787162065506,-0.3526352643966675,0.5537320375442505,0.22350715100765228,-0.35261252522468567,0.5835729837417603,0.23020794987678528,-0.20141896605491638,0.5450193881988525,0.23004955053329468,-0.22692625224590302,0.5742393732070923,0.25329869985580444,-0.3159387707710266,0.5600489974021912,0.2534439265727997,-0.3220336437225342,0.6117963194847107,0.3229193687438965,-0.08253421634435654,0.5118328332901001,0.3170187175273895,-0.1280021369457245,0.6244741678237915,0.4231143593788147,0.008027294650673866,0.4858854413032532,0.41138699650764465,-0.08973292261362076,0.6399028897285461,0.517296552658081,-0.10031970590353012,0.48712658882141113,0.4744051992893219,-0.21063795685768127,0.6414202451705933,0.5492841005325317,-0.12520021200180054,0.4858230948448181,0.500576913356781,-0.24720017611980438,0.6377013921737671,0.5478123426437378,-0.17518006265163422,0.49197492003440857,0.49673253297805786,-0.27793389558792114,0.6351924538612366,0.5390263199806213,-0.12212558090686798,0.4947129189968109,0.48928672075271606,-0.22503571212291718,0.5916714668273926,0.5211272239685059,0.01906536892056465,0.53382408618927,0.5205509662628174,-0.01914181560277939,0.599326491355896,0.6741181015968323,0.049644362181425095,0.5241386294364929,0.677617609500885,-0.024008508771657944,0.6037631034851074,0.7968562245368958,0.2544045150279999,0.5173292756080627,0.8059552311897278,0.1472301483154297,0.5966917276382446,0.8147518634796143,0.2655114531517029,0.523269534111023,0.818941056728363,0.15479576587677002,0.6265034675598145,0.8465144634246826,0.12658195197582245,0.510962963104248,0.8527452945709229,0.0037357613909989595
65,draw_x,a06_s10_e03,0.5693737268447876,0.23677605390548706,-0.3659462630748749,0.5737411975860596,0.22377938032150269,-0.3432554602622986,0.5769633054733276,0.22387340664863586,-0.3432345986366272,0.5806745290756226,0.22398728132247925,-0.3431689143180847,0.5632465481758118,0.2233116179704666,-0.3461267352104187,0.5583481192588806,0.22328588366508484,-0.3461706042289734,0.5536688566207886,0.2235230654478073,-0.3461541533470154,0.5835204124450684,0.2301897257566452,-0.19488538801670074,0.5449948310852051,0.2301325798034668,-0.21915869414806366,0.5742067098617554,0.2533475458621979,-0.3093358874320984,0.5600250959396362,0.2535206973552704,-0.31518930196762085,0.6117972731590271,0.32291480898857117,-0.07468493282794952,0.5117831826210022,0.3169650733470917,-0.12796257436275482,0.62447589635849,0.42313000559806824,0.00845820177346468,0.48395124077796936,0.40543216466903687,-0.12248734384775162,0.6399269104003906,0.517295241355896,-0.1000237911939621,0.48787355422973633,0.4528063237667084,-0.29274502396583557,0.6414172053337097,0.5492645502090454,-0.1249055489897728,0.4872039258480072,0.4797099530696869,-0.3355981111526489,0.6376962065696716,0.5477840304374695,-0.17411313951015472,0.4926777482032776,0.4746428430080414,-0.3605911433696747,0.6351909637451172,0.5390107035636902,-0.12193350493907928,0.4961206018924713,0.46577391028404236,-0.30577343702316284,0.5916378498077393,0.5211571455001831,0.020050734281539917,0.5339785814285278,0.5205788016319275,-0.02015135996043682,0.5993598699569702,0.6744840741157532,0.054378122091293335,0.5240722894668579,0.6776215434074402,-0.027896877378225327,0.6037554740905762,0.7968317270278931,0.2605806887149811,0.5172642469406128,0.8054781556129456,0.14176537096500397,0.5966705083847046,0.8145574331283569,0.2718167304992676,0.523219645023346,0.8183973431587219,0.14945366978645325,0.6265133619308472,0.846520185470581,0.13422462344169617,0.510980486869812,0.8525264859199524,-0.001987121067941189
66,draw_x,a06_s10_e03,0.569381594657898,0.2367207556962967,-0.3585042357444763,0.573738694190979,0.22371481359004974,-0.3364601731300354,0.5769596099853516,0.22380132973194122,-0.3364318907260895,0.5806710720062256,0.2239033579826355,-0.3363921642303467,0.563244640827179,0.22327396273612976,-0.34177854657173157,0.5583455562591553,0.2232617884874344,-0.34183087944984436,0.5536597371101379,0.22350679337978363,-0.34181419014930725,0.5834463834762573,0.23012219369411469,-0.1884191483259201,0.5449450016021729,0.23014608025550842,-0.2198910415172577,0.5742031931877136,0.2533431053161621,-0.30154934525489807,0.5600256323814392,0.2535248100757599,-0.3108883500099182,0.6117295026779175,0.32290688157081604,-0.07011166960000992,0.5110375881195068,0.31734177470207214,-0.13281255960464478,0.6244505643844604,0.42314305901527405,0.004502964671701193,0.4819742739200592,0.4026196300983429,-0.21823498606681824,0.6399396657943726,0.5173016786575317,-0.10245494544506073,0.48910027742385864,0.4383503794670105,-0.4521523118019104,0.6414345502853394,0.5492860674858093,-0.12846162915229797,0.4901866316795349,0.45929911732673645,-0.5044021010398865,0.6377270221710205,0.5478246808052063,-0.17379644513130188,0.4952229857444763,0.44932323694229126,-0.5207436084747314,0.6352183818817139,0.5390581488609314,-0.12229202687740326,0.49638238549232483,0.4419589340686798,-0.46330222487449646,0.5915590524673462,0.521133303642273,0.023086892440915108,0.5339668989181519,0.5206130743026733,-0.023212825879454613,0.5993834733963013,0.6747947931289673,0.06223089620471001,0.5240684151649475,0.6776109933853149,-0.02738840878009796,0.6037570238113403,0.7968560457229614,0.27008056640625,0.5172491669654846,0.8052635192871094,0.14320437610149384,0.5966716408729553,0.8145548105239868,0.28183236718177795,0.523187518119812,0.8181616067886353,0.15070722997188568,0.6265572905540466,0.8465871810913086,0.14608681201934814,0.5109983086585999,0.8525298237800598,-0.0004863532376475632
67,draw_x,a06_s10_e03,0.5694011449813843,0.2367987185716629,-0.3291018009185791,0.5737336874008179,0.22375644743442535,-0.3076208829879761,0.5769561529159546,0.22383049130439758,-0.307597815990448,0.580660879611969,0.22391459345817566,-0.3075576424598694,0.5632500052452087,0.22333499789237976,-0.31435275077819824,0.5583521127700806,0.2233274132013321,-0.3143931031227112,0.5536568760871887,0.2235650271177292,-0.31437575817108154,0.5833604335784912,0.2301243245601654,-0.1631235033273697,0.5449028611183167,0.2302412986755371,-0.20012977719306946,0.574198842048645,0.25341829657554626,-0.2735927104949951,0.5600438117980957,0.25361332297325134,-0.28451892733573914,0.6115928888320923,0.3229077458381653,-0.05275406688451767,0.5096350908279419,0.3175537884235382,-0.12469502538442612,0.6243990659713745,0.42317450046539307,0.009209130890667439,0.4806697964668274,0.4009503424167633,-0.22323283553123474,0.6398821473121643,0.5173546671867371,-0.0997091755270958,0.48955702781677246,0.4199222922325134,-0.4740523397922516,0.641379714012146,0.549359142780304,-0.12619559466838837,0.4942484498023987,0.43158501386642456,-0.5279446244239807,0.6377037167549133,0.547878623008728,-0.16745661199092865,0.49825653433799744,0.42116034030914307,-0.5396503210067749,0.6351780891418457,0.539149284362793,-0.11743289232254028,0.49813705682754517,0.41721802949905396,-0.48361366987228394,0.5914248824119568,0.5210879445075989,0.02327176369726658,0.5337011814117432,0.5207175016403198,-0.023399271070957184,0.5993901491165161,0.6750361323356628,0.060753725469112396,0.5239741206169128,0.6776208281517029,-0.02413342520594597,0.6037567853927612,0.796775758266449,0.2731425166130066,0.5171554088592529,0.8051297068595886,0.15470053255558014,0.5966835618019104,0.814239501953125,0.2856486439704895,0.5230922102928162,0.818031907081604,0.16429220139980316,0.6265571117401123,0.846591055393219,0.15073242783546448,0.5109992623329163,0.8524405360221863,0.014532472006976604
68,draw_x,a06_s10_e03,0.5694060921669006,0.23714548349380493,-0.3255639672279358,0.5737303495407104,0.2239333689212799,-0.30464309453964233,0.5769649744033813,0.22399307787418365,-0.304622083902359,0.5806580781936646,0.22403950989246368,-0.3045836389064789,0.563262939453125,0.22351191937923431,-0.311227947473526,0.5583826899528503,0.2234961986541748,-0.3112774193286896,0.5536551475524902,0.22369696199893951,-0.3112599551677704,0.583332896232605,0.23026561737060547,-0.16061028838157654,0.5448868274688721,0.23030808568000793,-0.19633111357688904,0.5741870403289795,0.2537315785884857,-0.26986879110336304,0.5600560903549194,0.25382179021835327,-0.280414879322052,0.611469030380249,0.32279789447784424,-0.050351835787296295,0.5092902183532715,0.3170454800128937,-0.12017317116260529,0.6244003772735596,0.4231860041618347,0.0069359117187559605,0.48222413659095764,0.4002429246902466,-0.23300667107105255,0.6398149728775024,0.5174914598464966,-0.1052970439195633,0.48984116315841675,0.3935389816761017,-0.5022338032722473,0.6413077116012573,0.5493921041488647,-0.13103146851062775,0.4927343428134918,0.3967115581035614,-0.5574218034744263,0.6376970410346985,0.5479094982147217,-0.17039479315280914,0.49717631936073303,0.38741153478622437,-0.5668119192123413,0.6351568698883057,0.5392554998397827,-0.1219845861196518,0.49803996086120605,0.38691726326942444,-0.5115724802017212,0.5913867950439453,0.5202215313911438,0.023354973644018173,0.533284604549408,0.5201231837272644,-0.023489782586693764,0.5993816256523132,0.6750509738922119,0.05188239738345146,0.5239073038101196,0.6776310801506042,-0.020418325439095497,0.603744387626648,0.7967236638069153,0.27106621861457825,0.5169804692268372,0.8051397800445557,0.17404548823833466,0.5966822504997253,0.8140069246292114,0.28432896733283997,0.5229304432868958,0.8180265426635742,0.1853661835193634,0.6264318823814392,0.8465955853462219,0.14785513281822205,0.5110325813293457,0.8524364233016968,0.0345621183514595
69,draw_x,a06_s10_e03,0.5692774057388306,0.23725147545337677,-0.29643839597702026,0.5736176371574402,0.22402364015579224,-0.2748405933380127,0.576927661895752,0.22408230602741241,-0.2748289406299591,0.5806049108505249,0.22410589456558228,-0.2747899293899536,0.5631818771362305,0.22358982264995575,-0.2813289761543274,0.5583308339118958,0.22355982661247253,-0.28136685490608215,0.5535591840744019,0.22374075651168823,-0.28134655952453613,0.5833070278167725,0.2303536832332611,-0.13188210129737854,0.5448507070541382,0.23035193979740143,-0.16666781902313232,0.5739637613296509,0.25379958748817444,-0.24140653014183044,0.5598454475402832,0.2538590431213379,-0.2516346573829651,0.6112803220748901,0.3227124810218811,-0.025789882987737656,0.5093553066253662,0.31635749340057373,-0.10036136209964752,0.6243699193000793,0.4231850206851959,0.015308091416954994,0.47930750250816345,0.3967753052711487,-0.22909817099571228,0.6397191882133484,0.5178436636924744,-0.09954343736171722,0.49085959792137146,0.3752395808696747,-0.4940428137779236,0.6411784887313843,0.549396812915802,-0.1247071772813797,0.4941313862800598,0.3688097298145294,-0.5487512350082397,0.637625515460968,0.5479113459587097,-0.16106188297271729,0.4982492923736572,0.36077407002449036,-0.5530059933662415,0.6350594758987427,0.53934246301651,-0.11482490599155426,0.4996297359466553,0.36259785294532776,-0.5011571049690247,0.5909253358840942,0.5191755294799805,0.02463032864034176,0.5324338674545288,0.5188319087028503,-0.024790573865175247,0.5993770360946655,0.6750624775886536,0.05185108259320259,0.5238322019577026,0.6776002645492554,-0.01832335628569126,0.6037083864212036,0.7967226505279541,0.27864426374435425,0.5169380307197571,0.8051750659942627,0.17825886607170105,0.5966265201568604,0.8139397501945496,0.29282277822494507,0.5229171514511108,0.8180259466171265,0.18992629647254944,0.6263346672058105,0.8466090559959412,0.15756383538246155,0.5110344290733337,0.8524360656738281,0.03976403549313545
70,draw_x,a06_s10_e03,0.5691783428192139,0.2374502271413803,-0.2926601767539978,0.5735368728637695,0.22413621842861176,-0.2713647484779358,0.5769037008285522,0.22419270873069763,-0.271341472864151,0.5805656313896179,0.22418348491191864,-0.2712898850440979,0.5631488561630249,0.22369423508644104,-0.27736160159111023,0.5583236813545227,0.22365474700927734,-0.277401864528656,0.5535186529159546,0.22381970286369324,-0.2773875296115875,0.5833001732826233,0.23044438660144806,-0.12810315191745758,0.5448405742645264,0.23045703768730164,-0.16096720099449158,0.573759138584137,0.25391441583633423,-0.23731562495231628,0.5597143769264221,0.2539103031158447,-0.24699416756629944,0.6111189723014832,0.3223554790019989,-0.019213126972317696,0.5096823573112488,0.3143730163574219,-0.09515838325023651,0.6241634488105774,0.42294034361839294,0.025574978440999985,0.4756534695625305,0.3854832649230957,-0.23451277613639832,0.6393654346466064,0.5181658267974854,-0.08030113577842712,0.4910013675689697,0.347692608833313,-0.4951027035713196,0.640832781791687,0.5494473576545715,-0.10264135897159576,0.4961091876029968,0.3433125615119934,-0.5490554571151733,0.6373056173324585,0.548022985458374,-0.13872294127941132,0.503838300704956,0.33597055077552795,-0.5490416288375854,0.6346465349197388,0.5396245718002319,-0.09536243975162506,0.5045933127403259,0.3381665050983429,-0.5001479387283325,0.5908658504486084,0.5185797810554504,0.02511301264166832,0.5324326157569885,0.5181851983070374,-0.02529236115515232,0.5993384122848511,0.6750631332397461,0.05246126651763916,0.5237704515457153,0.6775182485580444,-0.018012521788477898,0.6037023067474365,0.7967067360877991,0.2847957909107208,0.516931414604187,0.8052168488502502,0.176394522190094,0.5966349840164185,0.8138374090194702,0.29950132966041565,0.5229253172874451,0.8180564045906067,0.18806888163089752,0.6261550784111023,0.8466051816940308,0.16550828516483307,0.5110253691673279,0.8524181246757507,0.03854730725288391
71,draw_x,a06_s10_e03,0.5689945816993713,0.23765413463115692,-0.29717129468917847,0.5733924508094788,0.22430114448070526,-0.2752082049846649,0.5767911672592163,0.22435668110847473,-0.2751839756965637,0.5804694294929504,0.22434130311012268,-0.2751341462135315,0.5630077719688416,0.22390466928482056,-0.28030937910079956,0.5582142472267151,0.22388890385627747,-0.28035157918930054,0.5533819794654846,0.22409875690937042,-0.28034037351608276,0.5832956433296204,0.23078733682632446,-0.13099932670593262,0.5448392033576965,0.23088939487934113,-0.16003432869911194,0.5736593008041382,0.2540954649448395,-0.24212484061717987,0.5596163868904114,0.2540137469768524,-0.25073984265327454,0.6111202836036682,0.32273948192596436,-0.025046858936548233,0.5103421211242676,0.3127060830593109,-0.09225373715162277,0.624037504196167,0.4229467213153839,0.021651435643434525,0.4712120592594147,0.3734007477760315,-0.23529240489006042,0.6390348672866821,0.5181952118873596,-0.0810948982834816,0.49097806215286255,0.32662540674209595,-0.4862983226776123,0.640501856803894,0.5494497418403625,-0.10331670194864273,0.5003435015678406,0.32071569561958313,-0.5392061471939087,0.6369863152503967,0.5480345487594604,-0.13966411352157593,0.5091570615768433,0.31483086943626404,-0.5365203619003296,0.6342681050300598,0.5396831035614014,-0.09638085961341858,0.5077298879623413,0.31783774495124817,-0.4906373620033264,0.590757429599762,0.5184546709060669,0.02551085874438286,0.5324388742446899,0.5181811451911926,-0.025696564465761185,0.599263608455658,0.6749807000160217,0.0543133020401001,0.5237534642219543,0.6773945689201355,-0.017167720943689346,0.6036795377731323,0.7967040538787842,0.2844999432563782,0.5169203281402588,0.8051694631576538,0.17781302332878113,0.5966323018074036,0.8137703537940979,0.2986665964126587,0.5229225158691406,0.8179786205291748,0.18971695005893707,0.6260250806808472,0.8465507626533508,0.16294129192829132,0.5110742449760437,0.8521836400032043,0.03989170864224434
72,draw_x,a06_s10_e03,0.5689314603805542,0.23778390884399414,-0.3021344542503357,0.5733551383018494,0.2243516445159912,-0.2802025079727173,0.5767815709114075,0.22441038489341736,-0.2801674008369446,0.580448567867279,0.22439733147621155,-0.28011491894721985,0.5629798769950867,0.2239639312028885,-0.2846710979938507,0.5582011938095093,0.22395963966846466,-0.28472015261650085,0.5533298254013062,0.2241870015859604,-0.2847141921520233,0.5833014845848083,0.23089298605918884,-0.13636192679405212,0.5448428392410278,0.23106206953525543,-0.16181978583335876,0.573623776435852,0.2542189657688141,-0.24726934731006622,0.5596137046813965,0.2541058361530304,-0.25498804450035095,0.6110666990280151,0.3229416310787201,-0.029288504272699356,0.5108626484870911,0.3079712688922882,-0.09440113604068756,0.6238706111907959,0.422951877117157,0.020519547164440155,0.47260579466819763,0.36198320984840393,-0.23938289284706116,0.638904333114624,0.5184141397476196,-0.06727596372365952,0.4910655915737152,0.30953893065452576,-0.487140029668808,0.6402218341827393,0.5495786070823669,-0.08677861839532852,0.5025904178619385,0.2991524636745453,-0.5410100817680359,0.6366025805473328,0.5481824278831482,-0.12285764515399933,0.5111251473426819,0.2942435145378113,-0.5377635955810547,0.633884072303772,0.5398734211921692,-0.08218283951282501,0.5096920132637024,0.2978590130805969,-0.49169889092445374,0.590670108795166,0.5182432532310486,0.025208327919244766,0.5324358344078064,0.5181608200073242,-0.025410950183868408,0.5991508364677429,0.6744903922080994,0.05205108970403671,0.523634135723114,0.6770566701889038,-0.017015311866998672,0.6036741733551025,0.7963640093803406,0.279651939868927,0.516916811466217,0.8050492405891418,0.17721335589885712,0.5966654419898987,0.8133664727210999,0.2932555079460144,0.5229368805885315,0.817906379699707,0.18898239731788635,0.6257473826408386,0.8462796807289124,0.15707305073738098,0.5110753774642944,0.8520632386207581,0.03943595662713051
73,draw_x,a06_s10_e03,0.568917989730835,0.23779483139514923,-0.28761157393455505,0.5733481645584106,0.22435563802719116,-0.2633645534515381,0.5767768621444702,0.22441746294498444,-0.2633194625377655,0.5804151892662048,0.22441603243350983,-0.2632588744163513,0.5629779100418091,0.22396226227283478,-0.2676510214805603,0.558201789855957,0.22395364940166473,-0.2676995098590851,0.5533263683319092,0.22417490184307098,-0.2677011489868164,0.5832988023757935,0.23098942637443542,-0.11839856207370758,0.5448503494262695,0.2312118262052536,-0.14240041375160217,0.5735820531845093,0.25424978137016296,-0.23348753154277802,0.559621274471283,0.25411754846572876,-0.2407924234867096,0.6109647154808044,0.32363271713256836,-0.01803399994969368,0.5128881931304932,0.3079041838645935,-0.08988501131534576,0.623695433139801,0.4232228696346283,0.0235757939517498,0.47323793172836304,0.3512625992298126,-0.2518249452114105,0.6385340094566345,0.519409716129303,-0.05351909250020981,0.4940449595451355,0.2894030809402466,-0.49050459265708923,0.6396803855895996,0.5502519011497498,-0.07212812453508377,0.5058648586273193,0.2740759253501892,-0.5460083484649658,0.6357840299606323,0.548892617225647,-0.10653897374868393,0.5134817361831665,0.2705869674682617,-0.5383424162864685,0.6330392956733704,0.5405598282814026,-0.06794308125972748,0.512536883354187,0.27586546540260315,-0.493915855884552,0.5905555486679077,0.5182940363883972,0.02544379234313965,0.5324176549911499,0.5184101462364197,-0.02565988525748253,0.5990676283836365,0.67442786693573,0.057533569633960724,0.5235058069229126,0.6770209074020386,-0.017200030386447906,0.6036731004714966,0.7961500287055969,0.29418277740478516,0.5168707966804504,0.8050620555877686,0.17708291113376617,0.5967074036598206,0.8130550384521484,0.3090765178203583,0.5229345560073853,0.817905068397522,0.18895019590854645,0.6256467700004578,0.8461352586746216,0.1718122661113739,0.5110689401626587,0.8520616888999939,0.03893589600920677
74,draw_x,a06_s10_e03,0.5689175724983215,0.23788322508335114,-0.28183263540267944,0.5733433365821838,0.22441963851451874,-0.257860392332077,0.5767704248428345,0.22446013987064362,-0.25781506299972534,0.5803817510604858,0.2244546115398407,-0.25776320695877075,0.5630295872688293,0.22402597963809967,-0.2617295980453491,0.5582855343818665,0.22403834760189056,-0.2617841362953186,0.5534708499908447,0.2242470234632492,-0.26179641485214233,0.5833215117454529,0.23107784986495972,-0.11391770839691162,0.5450860261917114,0.23175477981567383,-0.1355086863040924,0.5735775828361511,0.2543012201786041,-0.22809967398643494,0.5600188374519348,0.25413548946380615,-0.2347504198551178,0.6109524369239807,0.3242417871952057,-0.011922475881874561,0.5171862840652466,0.30750200152397156,-0.08995698392391205,0.6235954761505127,0.4234253466129303,0.027497177943587303,0.47333893179893494,0.33986303210258484,-0.2657049298286438,0.6381458044052124,0.5198800563812256,-0.041221559047698975,0.49716830253601074,0.2694306969642639,-0.5088163614273071,0.6392554044723511,0.550503134727478,-0.058544427156448364,0.5083551406860352,0.2507489323616028,-0.5673580169677734,0.6351691484451294,0.5491534471511841,-0.09313066303730011,0.5156318545341492,0.24848176538944244,-0.5589678287506104,0.6324069499969482,0.5408533811569214,-0.05576493218541145,0.515267550945282,0.25627461075782776,-0.5130347013473511,0.5905320644378662,0.5185834765434265,0.026965241879224777,0.5325778722763062,0.5186505913734436,-0.02719428762793541,0.5990003943443298,0.6743537783622742,0.05725375562906265,0.5234262943267822,0.6768407821655273,-0.020230870693922043,0.603655219078064,0.7961370944976807,0.2876916229724884,0.5168219804763794,0.8048352003097534,0.17688365280628204,0.5967169404029846,0.8130500912666321,0.30176907777786255,0.5229366421699524,0.8176271319389343,0.18807873129844666,0.6255062818527222,0.8459648489952087,0.1646101027727127,0.5110788941383362,0.8517447113990784,0.03648165240883827
75,draw_x,a06_s10_e03,0.5691329836845398,0.23804689943790436,-0.2746930420398712,0.5734178423881531,0.22451210021972656,-0.2504695653915405,0.5767966508865356,0.22451847791671753,-0.25043025612831116,0.5803757309913635,0.22449876368045807,-0.25038620829582214,0.5632950067520142,0.22416327893733978,-0.25513383746147156,0.5585702061653137,0.22420965135097504,-0.2551855444908142,0.5537725687026978,0.22440439462661743,-0.2551959753036499,0.5833264589309692,0.23118464648723602,-0.10587291419506073,0.5451954007148743,0.23215821385383606,-0.1310458481311798,0.5736905336380005,0.2543514370918274,-0.22071953117847443,0.5609065294265747,0.25415676832199097,-0.22838763892650604,0.6109238266944885,0.3248741924762726,-0.004117951728403568,0.519615888595581,0.3067071735858917,-0.09009666740894318,0.6235072016716003,0.4236694872379303,0.03279871493577957,0.4760819375514984,0.33028465509414673,-0.2726875841617584,0.6376511454582214,0.5205538868904114,-0.03598781302571297,0.49803629517555237,0.25446954369544983,-0.517720639705658,0.6387168169021606,0.5508689880371094,-0.05303926393389702,0.5078954100608826,0.23411987721920013,-0.5776605606079102,0.6344314813613892,0.5495577454566956,-0.08838192373514175,0.5153348445892334,0.23266595602035522,-0.5694754123687744,0.631672739982605,0.541285514831543,-0.05099921673536301,0.5154746770858765,0.24048343300819397,-0.5225456357002258,0.5905274152755737,0.5186949372291565,0.029339056462049484,0.532832682132721,0.5186615586280823,-0.029567766934633255,0.5989517569541931,0.6743749380111694,0.056938160210847855,0.5233209133148193,0.6768018007278442,-0.023789802566170692,0.6036477088928223,0.7962419986724854,0.27534544467926025,0.5168039798736572,0.8047888875007629,0.1685314029455185,0.5967298150062561,0.8132232427597046,0.28805264830589294,0.5229295492172241,0.817566454410553,0.17940178513526917,0.6254940032958984,0.845967173576355,0.14622658491134644,0.5111720561981201,0.8517376184463501,0.025083446875214577
76,draw_x,a06_s10_e03,0.5691673755645752,0.2380322813987732,-0.2588917315006256,0.5734151601791382,0.22449573874473572,-0.23442867398262024,0.5767618417739868,0.2244749665260315,-0.23439793288707733,0.580319344997406,0.22441928088665009,-0.2343636453151703,0.5632848739624023,0.22417333722114563,-0.23940317332744598,0.5585585832595825,0.22423055768013,-0.23945197463035583,0.5537692308425903,0.2244437336921692,-0.2394663542509079,0.5833210945129395,0.23118309676647186,-0.09093068540096283,0.5453050136566162,0.2323627471923828,-0.11730031669139862,0.5737752318382263,0.2543138861656189,-0.2055322378873825,0.5613541007041931,0.25414904952049255,-0.21359077095985413,0.610822319984436,0.3254829943180084,0.008891435340046883,0.5210511684417725,0.3064972460269928,-0.08773057162761688,0.6234943866729736,0.4238864481449127,0.04493335634469986,0.4822152256965637,0.31629830598831177,-0.28826773166656494,0.637396514415741,0.5213618278503418,-0.01645338349044323,0.4986859858036041,0.2378486543893814,-0.5459364652633667,0.6383150815963745,0.5511764883995056,-0.03143766522407532,0.5070116519927979,0.2184182107448578,-0.609654426574707,0.6340035796165466,0.5498839020729065,-0.0673636943101883,0.5144115686416626,0.21734847128391266,-0.6018661260604858,0.6313120126724243,0.5416480302810669,-0.031612932682037354,0.514878511428833,0.22470185160636902,-0.5522369742393494,0.5904731154441833,0.5189310908317566,0.03233896940946579,0.5328837633132935,0.518669843673706,-0.03256401792168617,0.5989302396774292,0.6744053363800049,0.05673312395811081,0.5232177972793579,0.6768018007278442,-0.031155159696936607,0.6036303639411926,0.7963327765464783,0.269917368888855,0.5168086886405945,0.804821789264679,0.15456229448318481,0.5967109203338623,0.8135998249053955,0.28228136897087097,0.5229507684707642,0.8175948858261108,0.16457469761371613,0.6255041360855103,0.8459415435791016,0.14071157574653625,0.5112988352775574,0.8517748117446899,0.00859501026570797
77,draw_x,a06_s10_e03,0.5691736340522766,0.23787569999694824,-0.2579036056995392,0.5734266638755798,0.22433051466941833,-0.2333679497241974,0.5767592191696167,0.22427962720394135,-0.2333371341228485,0.5803135633468628,0.22420021891593933,-0.23330625891685486,0.5632826089859009,0.22407850623130798,-0.23898203670978546,0.5585532784461975,0.22413067519664764,-0.23903171718120575,0.5537666082382202,0.22435161471366882,-0.23904958367347717,0.5833197832107544,0.23115016520023346,-0.08838076889514923,0.5454038381576538,0.2323361188173294,-0.11756626516580582,0.5737935304641724,0.25421079993247986,-0.20373263955116272,0.5613386631011963,0.25402745604515076,-0.21262824535369873,0.6104839444160461,0.3259902894496918,0.01327761821448803,0.5211241245269775,0.30555200576782227,-0.0908825621008873,0.6234354376792908,0.4239910840988159,0.05055250599980354,0.4886470437049866,0.3104066252708435,-0.30439046025276184,0.637078583240509,0.5220276713371277,-0.010663647204637527,0.4990105628967285,0.2302391678094864,-0.5681100487709045,0.6378800272941589,0.5514448881149292,-0.025261348113417625,0.5064869523048401,0.20776131749153137,-0.6334339380264282,0.6335811614990234,0.5501900911331177,-0.06180797144770622,0.5137926340103149,0.20620602369308472,-0.6261934041976929,0.6309565901756287,0.5419683456420898,-0.02616620436310768,0.5143841505050659,0.21386569738388062,-0.5749286413192749,0.5903311967849731,0.5190893411636353,0.03450876101851463,0.5328882932662964,0.5186790227890015,-0.03473564237356186,0.5989192724227905,0.6744664907455444,0.05274742841720581,0.5231410264968872,0.6768284440040588,-0.03442353382706642,0.603615403175354,0.796339750289917,0.26828497648239136,0.5168746113777161,0.8050703406333923,0.1558477133512497,0.596652626991272,0.8137210607528687,0.28118932247161865,0.5230137705802917,0.8178545236587524,0.16630427539348602,0.6255487203598022,0.8459154367446899,0.14052718877792358,0.5114728212356567,0.8525019884109497,0.010646810755133629
78,draw_x,a06_s10_e03,0.5691955089569092,0.2377593070268631,-0.25496649742126465,0.5734840631484985,0.2242240309715271,-0.22941994667053223,0.576776385307312,0.22419625520706177,-0.22939693927764893,0.5803250074386597,0.22414036095142365,-0.22937819361686707,0.5632956624031067,0.22393327951431274,-0.23582418262958527,0.5585564374923706,0.22397498786449432,-0.2358744591474533,0.55377596616745,0.2241954505443573,-0.23588673770427704,0.5833176374435425,0.23118336498737335,-0.08173979818820953,0.5454230904579163,0.2322484850883484,-0.1141846552491188,0.5738189816474915,0.254157155752182,-0.19984906911849976,0.5613018870353699,0.25391051173210144,-0.2096673995256424,0.6102479696273804,0.3267006278038025,0.020937200635671616,0.5206615328788757,0.3056652247905731,-0.09263773262500763,0.6234297156333923,0.42430630326271057,0.051997728645801544,0.4947519302368164,0.30077850818634033,-0.31988877058029175,0.6367760300636292,0.5228018164634705,-0.015303504653275013,0.5001212358474731,0.22136016190052032,-0.5849819779396057,0.6373720169067383,0.5518900752067566,-0.030914798378944397,0.5062043070793152,0.19751538336277008,-0.6512337327003479,0.6331686973571777,0.5506478548049927,-0.06706467270851135,0.5136367082595825,0.1962021291255951,-0.6449732780456543,0.6306168437004089,0.5423479676246643,-0.030990559607744217,0.5140292644500732,0.20451705157756805,-0.592394232749939,0.5901440978050232,0.519553005695343,0.037897225469350815,0.532884955406189,0.5187221765518188,-0.038125842809677124,0.5988885164260864,0.6746117472648621,0.049732618033885956,0.5231397151947021,0.6768168210983276,-0.03793594613671303,0.6035565733909607,0.7965128421783447,0.2583640515804291,0.5168803334236145,0.8053143620491028,0.15412597358226776,0.5964264869689941,0.8141288161277771,0.27086931467056274,0.5229998826980591,0.818096935749054,0.16486075520515442,0.6258849501609802,0.8458946943283081,0.1323823481798172,0.5117059946060181,0.852801501750946,0.009871908463537693
79,draw_x,a06_s10_e03,0.5692370533943176,0.23777279257774353,-0.2540210783481598,0.5735247731208801,0.22424127161502838,-0.22831043601036072,0.5767828822135925,0.22423364222049713,-0.22828619182109833,0.5803295373916626,0.22420372068881989,-0.22826997935771942,0.5633144378662109,0.22393791377544403,-0.23493945598602295,0.5585681200027466,0.2239808738231659,-0.23498789966106415,0.5537973642349243,0.22420789301395416,-0.23499083518981934,0.5833178758621216,0.23146457970142365,-0.07869059592485428,0.5454239845275879,0.2322608083486557,-0.11185772716999054,0.5738728642463684,0.254161536693573,-0.19789545238018036,0.5612913966178894,0.2539074122905731,-0.20791971683502197,0.6100466847419739,0.3270971179008484,0.027397077530622482,0.5207957029342651,0.30562061071395874,-0.09645378589630127,0.6234157085418701,0.424679160118103,0.05825332552194595,0.4989863932132721,0.29572322964668274,-0.32992345094680786,0.6362031698226929,0.5235315561294556,-0.007363441400229931,0.5009999871253967,0.21971553564071655,-0.6030429601669312,0.6366266012191772,0.5522546172142029,-0.021987374871969223,0.50612872838974,0.19627492129802704,-0.6699577569961548,0.632612407207489,0.5510501861572266,-0.05769200995564461,0.5127133727073669,0.19344086945056915,-0.6650266051292419,0.6300857067108154,0.5426405668258667,-0.02276608534157276,0.5139915943145752,0.20200467109680176,-0.6109849810600281,0.5900856256484985,0.5199030041694641,0.040748611092567444,0.5328865647315979,0.5187290906906128,-0.0409899540245533,0.5988721251487732,0.6746240854263306,0.048480574041604996,0.5231667757034302,0.6767804622650146,-0.040277738124132156,0.6035288572311401,0.7966265082359314,0.2545872628688812,0.5169194936752319,0.8055521249771118,0.1520104706287384,0.5962392091751099,0.8144762516021729,0.2669593393802643,0.5229961276054382,0.8184072971343994,0.16275857388973236,0.626380205154419,0.8458804488182068,0.1304556429386139,0.511860191822052,0.8532335162162781,0.008677337318658829
80,draw_x,a06_s10_e03,0.5693500638008118,0.2377871870994568,-0.2578567862510681,0.5735894441604614,0.2242600917816162,-0.23175373673439026,0.5768016576766968,0.22427760064601898,-0.23173411190509796,0.5803407430648804,0.22428162395954132,-0.23172135651111603,0.5634322762489319,0.22393876314163208,-0.23869791626930237,0.5587042570114136,0.22397807240486145,-0.23874685168266296,0.5539711713790894,0.2242020219564438,-0.23875057697296143,0.5833169221878052,0.23176418244838715,-0.08097848296165466,0.5454792976379395,0.23225624859333038,-0.11559375375509262,0.5739346742630005,0.2541740834712982,-0.20140233635902405,0.5613316297531128,0.25390318036079407,-0.2118062973022461,0.6099386811256409,0.3279213309288025,0.024322159588336945,0.5208485722541809,0.3055039644241333,-0.1038520485162735,0.6234203577041626,0.42572909593582153,0.054639846086502075,0.5029497742652893,0.2917720079421997,-0.33706265687942505,0.6357733607292175,0.5245316624641418,-0.011431002989411354,0.5027413368225098,0.21439988911151886,-0.6094642281532288,0.6360944509506226,0.5529134273529053,-0.026348385959863663,0.505820631980896,0.1898549646139145,-0.6762973070144653,0.6322208642959595,0.5517422556877136,-0.061805207282304764,0.5122318267822266,0.18760992586612701,-0.6724991798400879,0.629718542098999,0.543231725692749,-0.02672838792204857,0.5139244794845581,0.1960631012916565,-0.618034303188324,0.5900059938430786,0.5203677415847778,0.04148087278008461,0.5328851342201233,0.5188602805137634,-0.04172273725271225,0.5988693237304688,0.6746274828910828,0.0467560738325119,0.5232143998146057,0.6767797470092773,-0.04138864576816559,0.6034930348396301,0.7966821789741516,0.25479164719581604,0.5170501470565796,0.8060058951377869,0.1524626612663269,0.5960920453071594,0.8146589994430542,0.26740390062332153,0.5230585336685181,0.818964421749115,0.163318932056427,0.6267696619033813,0.8458224534988403,0.13103321194648743,0.5119771361351013,0.8539801239967346,0.009177407249808311
81,draw_x,a06_s10_e03,0.5696982145309448,0.23785114288330078,-0.25981405377388,0.5737961530685425,0.22432895004749298,-0.23347587883472443,0.5769591927528381,0.22437524795532227,-0.23345878720283508,0.5804673433303833,0.22442713379859924,-0.23344895243644714,0.5637906789779663,0.22396713495254517,-0.24064655601978302,0.5590965151786804,0.22400830686092377,-0.24069353938102722,0.5543709993362427,0.22423341870307922,-0.24069276452064514,0.5833476781845093,0.2321864664554596,-0.08097587525844574,0.5455980896949768,0.23230472207069397,-0.11671410501003265,0.5741605162620544,0.2542285621166229,-0.2026088982820511,0.5616034865379333,0.2539048492908478,-0.21331524848937988,0.6099026799201965,0.32817789912223816,0.025452053174376488,0.5210249423980713,0.3050783574581146,-0.1075451597571373,0.6234105825424194,0.42610013484954834,0.05585848540067673,0.5061789751052856,0.28699129819869995,-0.3409746289253235,0.6353225708007812,0.5245349407196045,-0.009256381541490555,0.5043564438819885,0.20954705774784088,-0.6154943704605103,0.6356655359268188,0.5530135631561279,-0.023767277598381042,0.5058592557907104,0.1856461614370346,-0.6820378303527832,0.6319032907485962,0.5518217086791992,-0.058931123465299606,0.5121289491653442,0.18375049531459808,-0.6792110800743103,0.629388689994812,0.5432916283607483,-0.02433926612138748,0.5136980414390564,0.19186224043369293,-0.6243837475776672,0.5899611115455627,0.5205429792404175,0.04245071858167648,0.5328893661499023,0.5189288258552551,-0.04269251972436905,0.5988664627075195,0.6745939254760742,0.04657555744051933,0.5232842564582825,0.6766963601112366,-0.04250534623861313,0.6034413576126099,0.7966969609260559,0.25414130091667175,0.5171159505844116,0.806359589099884,0.15081991255283356,0.5959279537200928,0.8148727416992188,0.26676350831985474,0.5230693221092224,0.8194301724433899,0.161648690700531,0.6270760297775269,0.8456782102584839,0.13194864988327026,0.512195885181427,0.8545772433280945,0.008180567994713783
82,draw_x,a06_s10_e03,0.569806694984436,0.23787492513656616,-0.26196780800819397,0.5739870667457581,0.224376380443573,-0.2352515012025833,0.5771410465240479,0.22444932162761688,-0.23523607850074768,0.5806422233581543,0.2245492935180664,-0.23522642254829407,0.5640398859977722,0.22397637367248535,-0.24210700392723083,0.5593788027763367,0.2240155041217804,-0.2421538084745407,0.5546982288360596,0.22423681616783142,-0.2421526461839676,0.5834851861000061,0.23257701098918915,-0.08266504853963852,0.5458434820175171,0.2323160022497177,-0.11671952903270721,0.5742504596710205,0.25427159667015076,-0.2050388604402542,0.5616263151168823,0.25390514731407166,-0.21532507240772247,0.6098987460136414,0.3289097249507904,0.021736036986112595,0.5210680365562439,0.3050537407398224,-0.10777481645345688,0.6234076619148254,0.426993727684021,0.05260324478149414,0.5061225295066833,0.2824608385562897,-0.33575525879859924,0.6349533796310425,0.5245006084442139,-0.015484509989619255,0.5058294534683228,0.20164062082767487,-0.6026142835617065,0.6354576349258423,0.5530115365982056,-0.030796024948358536,0.5067770481109619,0.18035703897476196,-0.6685726642608643,0.631686270236969,0.5518173575401306,-0.06583494693040848,0.5123034715652466,0.1782582402229309,-0.6641052961349487,0.6291288137435913,0.5432893633842468,-0.030627790838479996,0.5138315558433533,0.18540450930595398,-0.610781729221344,0.5899354815483093,0.5205714106559753,0.04173923283815384,0.5328963398933411,0.5189346075057983,-0.04197607561945915,0.5988638997077942,0.6743119955062866,0.04689820855855942,0.5233877301216125,0.6763731837272644,-0.04138660803437233,0.6034010052680969,0.796687126159668,0.2559220492839813,0.517208456993103,0.8065052628517151,0.15180693566799164,0.5957939624786377,0.8149281740188599,0.26861363649368286,0.5230914354324341,0.819713830947876,0.16252966225147247,0.6273520588874817,0.8455106616020203,0.1328253597021103,0.5124958157539368,0.8549515008926392,0.009324830956757069
83,draw_x,a06_s10_e03,0.5698925256729126,0.23802536725997925,-0.26366516947746277,0.5742839574813843,0.22452670335769653,-0.23689360916614532,0.5774612426757812,0.2246328443288803,-0.23687872290611267,0.5809468030929565,0.22480832040309906,-0.23686866462230682,0.5643283724784851,0.22409166395664215,-0.24358022212982178,0.5596890449523926,0.22414058446884155,-0.24362623691558838,0.5549938678741455,0.22436068952083588,-0.2436244785785675,0.5837617516517639,0.23296861350536346,-0.08401025831699371,0.5461098551750183,0.23232227563858032,-0.1172216534614563,0.5743442177772522,0.25440388917922974,-0.206857368350029,0.5616341829299927,0.25392529368400574,-0.2169225662946701,0.6099242568016052,0.329062283039093,0.019672825932502747,0.5210155248641968,0.30506888031959534,-0.1074036955833435,0.6234235167503357,0.42736950516700745,0.050936467945575714,0.5057506561279297,0.28243187069892883,-0.3323586583137512,0.634818434715271,0.524461030960083,-0.017924027517437935,0.5073862075805664,0.1984681785106659,-0.5950940251350403,0.6353760957717896,0.5530093908309937,-0.033468492329120636,0.5086687803268433,0.1784840226173401,-0.6607402563095093,0.6315560340881348,0.5518134832382202,-0.0681116133928299,0.5135192275047302,0.176463782787323,-0.6553060412406921,0.628982424736023,0.5432864427566528,-0.03295902907848358,0.5147956609725952,0.1834460347890854,-0.6027927994728088,0.589931845664978,0.5205990076065063,0.04111161082983017,0.5328971743583679,0.5189642310142517,-0.041344545781612396,0.5988674759864807,0.6741437911987305,0.0466584637761116,0.523473858833313,0.676230251789093,-0.040703799575567245,0.6033933162689209,0.7965701818466187,0.25668561458587646,0.5172632932662964,0.806499183177948,0.15365274250507355,0.5957733392715454,0.8149237036705017,0.26917117834091187,0.523086428642273,0.8197267055511475,0.16499662399291992,0.6274405717849731,0.845238983631134,0.13318637013435364,0.5127905607223511,0.8549365401268005,0.010299633257091045
84,draw_x,a06_s10_e03,0.5701537728309631,0.23817799985408783,-0.26480624079704285,0.5746521353721619,0.22464756667613983,-0.2376379668712616,0.5778188705444336,0.22479456663131714,-0.23761527240276337,0.5812400579452515,0.22505907714366913,-0.23759396374225616,0.564835786819458,0.22414609789848328,-0.24366435408592224,0.560252845287323,0.2241881638765335,-0.24370935559272766,0.5555170774459839,0.22439871728420258,-0.24370412528514862,0.5839325189590454,0.23325304687023163,-0.08664163947105408,0.5464257597923279,0.23231570422649384,-0.11888632923364639,0.5744603872299194,0.2545320987701416,-0.20704324543476105,0.5617324113845825,0.2539433240890503,-0.21799448132514954,0.6099244356155396,0.3291606605052948,0.017514441162347794,0.520961582660675,0.3050878942012787,-0.11022058874368668,0.6234269738197327,0.42758455872535706,0.04842023178935051,0.5057579278945923,0.28640368580818176,-0.3339346945285797,0.63475501537323,0.5245068669319153,-0.019628264009952545,0.5089277029037476,0.19939644634723663,-0.5948425531387329,0.6353492736816406,0.5531539916992188,-0.03547759726643562,0.5099508762359619,0.17876984179019928,-0.6601974368095398,0.6315128803253174,0.5519933700561523,-0.07033459842205048,0.5141297578811646,0.17701609432697296,-0.6553946733474731,0.628931999206543,0.5434487462043762,-0.03479257598519325,0.5154573321342468,0.18445123732089996,-0.6026767492294312,0.5899181365966797,0.5207059979438782,0.04072953388094902,0.5328977108001709,0.5190736651420593,-0.04096122086048126,0.5988659262657166,0.6741229891777039,0.046703364700078964,0.5235352516174316,0.6761946082115173,-0.040046777576208115,0.6033893823623657,0.7963932752609253,0.25755575299263,0.5173279047012329,0.8064970374107361,0.1559414565563202,0.595731794834137,0.8148674368858337,0.2703668475151062,0.5230882167816162,0.8197453022003174,0.1676175892353058,0.6274901628494263,0.8449658751487732,0.13483217358589172,0.5128967761993408,0.8549385070800781,0.012302937917411327
85,draw_x,a06_s10_e03,0.570315420627594,0.23820549249649048,-0.2651975154876709,0.574851393699646,0.2246975600719452,-0.2382047474384308,0.577989935874939,0.22485512495040894,-0.23818698525428772,0.5813745856285095,0.22514042258262634,-0.23817043006420135,0.5650743246078491,0.22418545186519623,-0.2446414679288864,0.5604788064956665,0.22423246502876282,-0.24468788504600525,0.5557066202163696,0.224448099732399,-0.24468740820884705,0.5840179324150085,0.23337528109550476,-0.08712568879127502,0.5465715527534485,0.23231364786624908,-0.12032373994588852,0.5745407938957214,0.25453874468803406,-0.2080463171005249,0.561809778213501,0.2539435625076294,-0.21875254809856415,0.6099457740783691,0.3291601836681366,0.01648147776722908,0.5209169983863831,0.3051074147224426,-0.11004172265529633,0.6234297156333923,0.4277017414569855,0.047570157796144485,0.5046292543411255,0.2907699644565582,-0.3316078186035156,0.6347236037254333,0.524652898311615,-0.02004494145512581,0.5095565915107727,0.2061154842376709,-0.5918086767196655,0.6353274583816528,0.553349494934082,-0.03609759360551834,0.5110090374946594,0.18345513939857483,-0.657316267490387,0.6314778923988342,0.5522255301475525,-0.07045985013246536,0.5146827697753906,0.1813221573829651,-0.6518477201461792,0.6289020776748657,0.5436680316925049,-0.03522195667028427,0.5160020589828491,0.1891879141330719,-0.5992876291275024,0.5898814797401428,0.520832896232605,0.04078492149710655,0.5328882932662964,0.5191426873207092,-0.041011977940797806,0.598864734172821,0.6740893125534058,0.05031277984380722,0.5235790610313416,0.6760891675949097,-0.04026932641863823,0.6033862233161926,0.79632967710495,0.2609509527683258,0.5173418521881104,0.8065286874771118,0.15414510667324066,0.5957120060920715,0.8148639798164368,0.2737818658351898,0.5230395793914795,0.8198416829109192,0.16544337570667267,0.6277503371238708,0.8447961211204529,0.13826420903205872,0.5131202936172485,0.8549827337265015,0.009770741686224937
86,draw_x,a06_s10_e03,0.5703819990158081,0.23824651539325714,-0.2645142078399658,0.5749729871749878,0.22477106750011444,-0.23756015300750732,0.5781031250953674,0.22493582963943481,-0.23754656314849854,0.5814840793609619,0.22523018717765808,-0.23753368854522705,0.5651807188987732,0.22424979507923126,-0.2441600114107132,0.5605946779251099,0.22428959608078003,-0.24420595169067383,0.5558313727378845,0.22449201345443726,-0.24421007931232452,0.5841792821884155,0.23344390094280243,-0.08676692098379135,0.5468342304229736,0.23227040469646454,-0.12012636661529541,0.5745919942855835,0.254543662071228,-0.20794494450092316,0.5618680715560913,0.2539311647415161,-0.2183927744626999,0.6099783778190613,0.32913413643836975,0.01593664661049843,0.5208867788314819,0.3056848347187042,-0.10966011136770248,0.6234366297721863,0.42768970131874084,0.04602324217557907,0.5046120882034302,0.29263436794281006,-0.33167439699172974,0.6347194314002991,0.5247994661331177,-0.02070932276546955,0.5114544630050659,0.21113227307796478,-0.5907911062240601,0.635325014591217,0.553510844707489,-0.036767248064279556,0.5139274001121521,0.1872612088918686,-0.6564019322395325,0.6314785480499268,0.5524019598960876,-0.07165061682462692,0.5171870589256287,0.18593043088912964,-0.6505895256996155,0.628905177116394,0.5438633561134338,-0.03598792105913162,0.5185146331787109,0.19441719353199005,-0.5981362462043762,0.5898696184158325,0.5209525227546692,0.04062680900096893,0.5328775644302368,0.5192031264305115,-0.04085253179073334,0.5988658666610718,0.6741088032722473,0.05013655871152878,0.5236101746559143,0.6761216521263123,-0.04016939550638199,0.6033827662467957,0.7962349653244019,0.2610374093055725,0.5174052715301514,0.8065913915634155,0.1542472094297409,0.5956716537475586,0.8148450255393982,0.2739817500114441,0.5230387449264526,0.8199043869972229,0.1655445545911789,0.6278325319290161,0.8446832895278931,0.13857115805149078,0.5132960677146912,0.8550711870193481,0.01016893982887268
87,draw_x,a06_s10_e03,0.5706478357315063,0.23824921250343323,-0.25664156675338745,0.5751712918281555,0.22477687895298004,-0.22976775467395782,0.5783379673957825,0.22494156658649445,-0.2297552078962326,0.5816941261291504,0.22523023188114166,-0.22973796725273132,0.5653956532478333,0.22425514459609985,-0.2373335063457489,0.5608215928077698,0.22429461777210236,-0.23737689852714539,0.5560766458511353,0.2244948297739029,-0.23738637566566467,0.5844889879226685,0.2334129810333252,-0.08042115718126297,0.5473292469978333,0.23218612372875214,-0.11771780252456665,0.5747798681259155,0.25450676679611206,-0.20116665959358215,0.5623420476913452,0.2538825571537018,-0.21257707476615906,0.6099981069564819,0.3291250467300415,0.018675420433282852,0.520845890045166,0.3062378764152527,-0.10934994369745255,0.6234704852104187,0.4277023375034332,0.04581108316779137,0.5041378736495972,0.3014143407344818,-0.331214964389801,0.6347329616546631,0.5248685479164124,-0.02141624316573143,0.5130575299263,0.2133328765630722,-0.5871967077255249,0.635345458984375,0.553543210029602,-0.037532322108745575,0.5185396075248718,0.19080962240695953,-0.6522685885429382,0.6315125823020935,0.5524419546127319,-0.07247817516326904,0.5221185684204102,0.18666872382164001,-0.6480029821395874,0.6289381980895996,0.5439103841781616,-0.03668434917926788,0.5226836204528809,0.1953396052122116,-0.5946258306503296,0.5898704528808594,0.5210195183753967,0.04054228216409683,0.532875120639801,0.5192126631736755,-0.04076243191957474,0.5988675951957703,0.6741073727607727,0.05514705926179886,0.5236117839813232,0.676141083240509,-0.03994567692279816,0.6033781170845032,0.796149492263794,0.269027441740036,0.5174373388290405,0.8066006302833557,0.15287083387374878,0.5956551432609558,0.8147918581962585,0.2821522355079651,0.5230358839035034,0.819940984249115,0.16385957598686218,0.6278624534606934,0.8446466326713562,0.1453865021467209,0.5133000016212463,0.8550884127616882,0.007614698261022568
88,draw_x,a06_s10_e03,0.5711361765861511,0.23842836916446686,-0.2505517601966858,0.5753414034843445,0.22486206889152527,-0.2238709181547165,0.578466534614563,0.22498521208763123,-0.2238595187664032,0.5817704796791077,0.2252480387687683,-0.22384509444236755,0.5656179189682007,0.2243937849998474,-0.23354990780353546,0.5610702633857727,0.2244432121515274,-0.23359672725200653,0.5564273595809937,0.22463689744472504,-0.23361515998840332,0.5845094919204712,0.23328280448913574,-0.07388047873973846,0.5476257801055908,0.2321881800889969,-0.11859822273254395,0.5750939846038818,0.2545188069343567,-0.19453510642051697,0.5633792281150818,0.25391095876693726,-0.20866838097572327,0.6099415421485901,0.32878828048706055,0.025909805670380592,0.5208168029785156,0.3062857687473297,-0.11520786583423615,0.6234701871871948,0.42725566029548645,0.051074445247650146,0.5043572187423706,0.3087410628795624,-0.352114737033844,0.6348146796226501,0.5248961448669434,-0.015185356140136719,0.5169750452041626,0.22972741723060608,-0.6084897518157959,0.6354295611381531,0.5535565614700317,-0.031237047165632248,0.5229614973068237,0.20771507918834686,-0.6744939088821411,0.6316244602203369,0.5524572730064392,-0.06643381714820862,0.5265579223632812,0.20639930665493011,-0.665642261505127,0.6290539503097534,0.543963611125946,-0.030730802565813065,0.52706378698349,0.21456363797187805,-0.614140510559082,0.5898610353469849,0.5210784077644348,0.04184827208518982,0.5328836441040039,0.5192984342575073,-0.04202967509627342,0.5989523530006409,0.6741504073143005,0.05214981362223625,0.5236024856567383,0.6762123703956604,-0.04468803480267525,0.6033720374107361,0.796147882938385,0.2698555886745453,0.5174949765205383,0.8067240118980408,0.14531150460243225,0.5955934524536133,0.8147895932197571,0.28364279866218567,0.5230441689491272,0.8200056552886963,0.15591491758823395,0.6278699636459351,0.8446518778800964,0.1469794064760208,0.5134576559066772,0.85512375831604,-0.0019177158828824759
89,draw_x,a06_s10_e03,0.5712375640869141,0.23855210840702057,-0.24293343722820282,0.5754047632217407,0.22495661675930023,-0.21706315875053406,0.578516960144043,0.22503311932086945,-0.217049241065979,0.581797182559967,0.22525589168071747,-0.21703417599201202,0.5656276941299438,0.2246440201997757,-0.2270166426897049,0.5610821843147278,0.22475847601890564,-0.22706469893455505,0.5564574003219604,0.22503265738487244,-0.22709420323371887,0.584507942199707,0.23302941024303436,-0.06859394907951355,0.547817051410675,0.23228715360164642,-0.11609214544296265,0.5752571821212769,0.2545338571071625,-0.18712404370307922,0.5635846853256226,0.25397130846977234,-0.20154890418052673,0.6098676323890686,0.328769713640213,0.031914059072732925,0.5208313465118408,0.3062359094619751,-0.11515488475561142,0.6234804391860962,0.42713049054145813,0.056051164865493774,0.5057941675186157,0.3105727732181549,-0.35381242632865906,0.6350059509277344,0.5249029994010925,-0.007491844240576029,0.5239678621292114,0.24715487658977509,-0.6117303371429443,0.6355943083763123,0.5536171197891235,-0.022708985954523087,0.5311124920845032,0.22600598633289337,-0.6773349046707153,0.6317614316940308,0.5525014996528625,-0.05812472850084305,0.533725380897522,0.22477617859840393,-0.6684122085571289,0.6291983723640442,0.5440443754196167,-0.022817425429821014,0.5338259935379028,0.23289643228054047,-0.6171055436134338,0.5898370742797852,0.5211145877838135,0.0421714261174202,0.5329395532608032,0.5193895697593689,-0.04233657568693161,0.5989540815353394,0.674018144607544,0.05051315948367119,0.5235918164253235,0.6762116551399231,-0.046121325343847275,0.6033691167831421,0.7961776852607727,0.26977697014808655,0.5175555944442749,0.8070661425590515,0.13977965712547302,0.5955735445022583,0.8148197531700134,0.283332496881485,0.5231225490570068,0.820410430431366,0.14969654381275177,0.6278690099716187,0.844648003578186,0.14670981466770172,0.513458788394928,0.8553751111030579,-0.00816265493631363
90,draw_x,a06_s10_e03,0.570870041847229,0.2387988418340683,-0.2440543919801712,0.5754114985466003,0.225086510181427,-0.218637615442276,0.5785374641418457,0.22515077888965607,-0.21862177550792694,0.5818480849266052,0.22532711923122406,-0.21860143542289734,0.5655750036239624,0.22481337189674377,-0.22800526022911072,0.5610368251800537,0.22486795485019684,-0.22804789245128632,0.5563668012619019,0.2250886708498001,-0.2280748337507248,0.584560751914978,0.23302754759788513,-0.06797696650028229,0.5476309061050415,0.23191803693771362,-0.11420190334320068,0.575080931186676,0.254600465297699,-0.18694695830345154,0.5629841089248657,0.25403812527656555,-0.20075884461402893,0.6084922552108765,0.32834911346435547,0.03566998615860939,0.5204537510871887,0.304686576128006,-0.11468370258808136,0.623458206653595,0.42697396874427795,0.0687699168920517,0.5102521181106567,0.31302839517593384,-0.35866600275039673,0.6351215243339539,0.5249230265617371,0.01405576802790165,0.5294865369796753,0.26836273074150085,-0.6321476101875305,0.6357706785202026,0.5537653565406799,0.0028032390400767326,0.538573145866394,0.2551220953464508,-0.6973062753677368,0.6321173310279846,0.5526875257492065,-0.033646322786808014,0.5394423604011536,0.2504845857620239,-0.6891219615936279,0.6295181512832642,0.5442570447921753,-0.000809857330750674,0.5381874442100525,0.25716105103492737,-0.6379071474075317,0.5897666215896606,0.5207733511924744,0.042167045176029205,0.5329529047012329,0.5191688537597656,-0.042333364486694336,0.5989536643028259,0.6739320755004883,0.04662235826253891,0.5235132575035095,0.6761831641197205,-0.0453055277466774,0.6033650636672974,0.7961767315864563,0.2635326087474823,0.5175848603248596,0.8073135614395142,0.14173097908496857,0.5955706238746643,0.8148182034492493,0.27666303515434265,0.5231667757034302,0.8207878470420837,0.15186522901058197,0.6278570890426636,0.844645082950592,0.1377725750207901,0.5133359432220459,0.8554514646530151,-0.00709252804517746
91,draw_x,a06_s10_e03,0.5711808204650879,0.23885013163089752,-0.24600808322429657,0.5758498311042786,0.2250940501689911,-0.2214823216199875,0.579156219959259,0.22515718638896942,-0.22147604823112488,0.5823026895523071,0.22533205151557922,-0.22142989933490753,0.5661431550979614,0.2248077690601349,-0.23422066867351532,0.561633825302124,0.2248426079750061,-0.23424944281578064,0.5567958950996399,0.2250303328037262,-0.23426738381385803,0.5847454071044922,0.23299472033977509,-0.06891179829835892,0.5476347804069519,0.2316885143518448,-0.1279938817024231,0.5751343369483948,0.25472864508628845,-0.19058871269226074,0.5630422234535217,0.2541936933994293,-0.20137400925159454,0.6082835793495178,0.32769230008125305,0.03182943910360336,0.5187913179397583,0.3046998977661133,-0.12094440311193466,0.6234146356582642,0.4269119203090668,0.06892500072717667,0.5163497924804688,0.32548028230667114,-0.35401326417922974,0.6352381706237793,0.5249469876289368,0.009584279730916023,0.5392701625823975,0.2900022566318512,-0.622411847114563,0.6359505653381348,0.5538682341575623,-0.002150898100808263,0.5491669178009033,0.2792576551437378,-0.6845206618309021,0.6323621273040771,0.5527862906455994,-0.03848133236169815,0.5496973395347595,0.2731461524963379,-0.6795369386672974,0.6297124028205872,0.5443704724311829,-0.005157129839062691,0.5477992296218872,0.2775382399559021,-0.6284598112106323,0.5898134708404541,0.520560085773468,0.04226834699511528,0.5329517126083374,0.5191777348518372,-0.042435165494680405,0.5989357233047485,0.6737464666366577,0.05095384269952774,0.5235230922698975,0.6760576367378235,-0.043962836265563965,0.6033658385276794,0.7961052060127258,0.2728884816169739,0.5175884962081909,0.8073936104774475,0.1511673480272293,0.5955771803855896,0.8147846460342407,0.28672730922698975,0.523167610168457,0.820870041847229,0.16208437085151672,0.6278848648071289,0.8446496725082397,0.15109750628471375,0.5132461190223694,0.8555046916007996,0.00582360103726387
92,draw_x,a06_s10_e03,0.5714924335479736,0.2390093207359314,-0.24345281720161438,0.5760046243667603,0.22509030997753143,-0.21952255070209503,0.5794442296028137,0.2250940054655075,-0.21950456500053406,0.5825281739234924,0.22518175840377808,-0.21945610642433167,0.5662839412689209,0.22481104731559753,-0.23006221652030945,0.561789870262146,0.22484605014324188,-0.2300940304994583,0.5569368600845337,0.22503194212913513,-0.2301078736782074,0.584900975227356,0.23239417374134064,-0.06863836944103241,0.5477038621902466,0.2317468523979187,-0.12124653160572052,0.5755805373191833,0.2548564672470093,-0.18648117780685425,0.5634390711784363,0.2544539272785187,-0.1995338797569275,0.6083856821060181,0.327282577753067,0.03569656237959862,0.518173098564148,0.3048618733882904,-0.12030132859945297,0.6233372688293457,0.4268415868282318,0.06879611313343048,0.5154234170913696,0.32646051049232483,-0.35165584087371826,0.6352844834327698,0.5249736309051514,0.003739930223673582,0.5419623851776123,0.3032119870185852,-0.6152862906455994,0.6360375881195068,0.5539595484733582,-0.009424226358532906,0.5562738180160522,0.29424798488616943,-0.677958607673645,0.6323755979537964,0.5527924299240112,-0.04562173783779144,0.5592790842056274,0.28659915924072266,-0.6724303364753723,0.629716694355011,0.5443728566169739,-0.01119293924421072,0.5561479926109314,0.28953078389167786,-0.6210816502571106,0.5898095369338989,0.5203909873962402,0.04220760613679886,0.5329415798187256,0.5191839933395386,-0.04237530007958412,0.5988924503326416,0.6734982132911682,0.051417820155620575,0.5235602855682373,0.6758537888526917,-0.04242724925279617,0.6033669114112854,0.7959033846855164,0.2723434567451477,0.5175989866256714,0.8072264194488525,0.15260618925094604,0.5956017971038818,0.8146047592163086,0.2860921025276184,0.5231517553329468,0.8206254839897156,0.16353152692317963,0.6278477311134338,0.8446012735366821,0.15094979107379913,0.5132743120193481,0.8552428483963013,0.0080774687230587
93,draw_x,a06_s10_e03,0.5715526938438416,0.2389058619737625,-0.24079319834709167,0.5760348439216614,0.2250673621892929,-0.21677438914775848,0.579494833946228,0.22505593299865723,-0.216751366853714,0.5825835466384888,0.22512933611869812,-0.21670512855052948,0.5662928819656372,0.22475455701351166,-0.2273969203233719,0.5617877244949341,0.2247844785451889,-0.2274288833141327,0.5569359064102173,0.22494250535964966,-0.2274431735277176,0.5849218368530273,0.23198986053466797,-0.06670192629098892,0.5477033257484436,0.23167400062084198,-0.1199939027428627,0.5756606459617615,0.25471627712249756,-0.18362340331077576,0.5634756684303284,0.25438618659973145,-0.19839081168174744,0.6084026098251343,0.32717159390449524,0.03909745067358017,0.5181308388710022,0.3053496479988098,-0.12010568380355835,0.623268723487854,0.4265715181827545,0.07225137948989868,0.5173933506011963,0.3329676687717438,-0.35393086075782776,0.6353871822357178,0.5249783396720886,0.007223706692457199,0.547675609588623,0.3122117221355438,-0.6235843896865845,0.6362062096595764,0.553986132144928,-0.005927314516156912,0.5613330602645874,0.31005164980888367,-0.6859943866729736,0.6324476003646851,0.5527941584587097,-0.04200058430433273,0.5653985142707825,0.3052636682987213,-0.6783826947212219,0.6297451853752136,0.5443728566169739,-0.007593823131173849,0.5622371435165405,0.30622386932373047,-0.6277677416801453,0.5898367166519165,0.5201147794723511,0.04298872873187065,0.533062756061554,0.5191911458969116,-0.04314925894141197,0.598820149898529,0.6733940839767456,0.0513809509575367,0.523647665977478,0.675774335861206,-0.041397575289011,0.6033743619918823,0.7958526015281677,0.2723255753517151,0.5176029205322266,0.8070251941680908,0.15881460905075073,0.5956393480300903,0.8145596385002136,0.28612902760505676,0.5231238603591919,0.8204190731048584,0.17044612765312195,0.6278144121170044,0.8445647954940796,0.15159094333648682,0.5132790803909302,0.8550990223884583,0.016271989792585373
94,draw_x,a06_s10_e03,0.5717730522155762,0.23846806585788727,-0.24111425876617432,0.576277494430542,0.22496052086353302,-0.217561274766922,0.5798369646072388,0.22498354315757751,-0.21754412353038788,0.5828233361244202,0.2250908762216568,-0.21748748421669006,0.5664678812026978,0.22448831796646118,-0.23009303212165833,0.5618957281112671,0.22449900209903717,-0.23011383414268494,0.5570441484451294,0.22454465925693512,-0.23012101650238037,0.5850215554237366,0.23189355432987213,-0.06875012069940567,0.5477028489112854,0.23126938939094543,-0.12311067432165146,0.5757985711097717,0.2543586492538452,-0.18551944196224213,0.5634750127792358,0.2539636194705963,-0.19971106946468353,0.6084187626838684,0.32713794708251953,0.036432038992643356,0.5183074474334717,0.30536726117134094,-0.12094037234783173,0.6231500506401062,0.42652809619903564,0.0690409243106842,0.5282920598983765,0.3501504361629486,-0.3522631525993347,0.6354417204856873,0.5249726176261902,0.004652814008295536,0.5621051788330078,0.3319511413574219,-0.6223992109298706,0.6363117098808289,0.5539900064468384,-0.010946154594421387,0.5736892223358154,0.33620208501815796,-0.6828579306602478,0.6324878931045532,0.5527564287185669,-0.047740738838911057,0.578083336353302,0.33202704787254333,-0.6758534908294678,0.6297491788864136,0.5443058609962463,-0.010410737246274948,0.5751562714576721,0.3313341438770294,-0.6252627372741699,0.5898756384849548,0.519849956035614,0.04291868954896927,0.5330407619476318,0.5191578269004822,-0.04306484013795853,0.5986436605453491,0.6733594536781311,0.050225816667079926,0.5236172676086426,0.6757762432098389,-0.039616815745830536,0.6033557653427124,0.7958486080169678,0.27810779213905334,0.5176125764846802,0.8069590926170349,0.1666490137577057,0.5956069827079773,0.814549446105957,0.292740136384964,0.5231577157974243,0.8203926682472229,0.17867395281791687,0.6277650594711304,0.8445645570755005,0.1561114639043808,0.5132589340209961,0.855085015296936,0.023045355454087257
95,draw_x,a06_s10_e03,0.5718596577644348,0.23814301192760468,-0.24936187267303467,0.5764176249504089,0.22486747801303864,-0.2263200730085373,0.5800378322601318,0.22492298483848572,-0.22628943622112274,0.5829823613166809,0.22506263852119446,-0.22621402144432068,0.566557765007019,0.22430138289928436,-0.23724813759326935,0.561939537525177,0.22430852055549622,-0.23727378249168396,0.5571039915084839,0.2242932766675949,-0.2372817099094391,0.5851244926452637,0.2318490594625473,-0.07442675530910492,0.5477079153060913,0.23081262409687042,-0.12577442824840546,0.5758861303329468,0.25405922532081604,-0.1914307028055191,0.5634728670120239,0.2535514235496521,-0.2057531177997589,0.6086304187774658,0.32657521963119507,0.035216547548770905,0.5185866951942444,0.3049425780773163,-0.122331902384758,0.6229551434516907,0.4257306158542633,0.06749250739812851,0.5284033417701721,0.35595226287841797,-0.3467336893081665,0.6355164647102356,0.52499920129776,-0.006174653302878141,0.5651059150695801,0.34173494577407837,-0.6080034971237183,0.6364302039146423,0.5539937615394592,-0.02303972654044628,0.5771687626838684,0.3530430197715759,-0.6673557162284851,0.6325441598892212,0.5527141094207764,-0.06025134399533272,0.583696722984314,0.34931400418281555,-0.6591264605522156,0.6297604441642761,0.5442531704902649,-0.021625472232699394,0.5809701681137085,0.34594836831092834,-0.6093763709068298,0.5898931622505188,0.5195658802986145,0.04285173490643501,0.5329906940460205,0.5190368890762329,-0.042999740689992905,0.5985733866691589,0.6733020544052124,0.05184031277894974,0.5235992074012756,0.6757889986038208,-0.03635796159505844,0.6033468842506409,0.7958366870880127,0.28082019090652466,0.5176345705986023,0.8069584965705872,0.16601906716823578,0.5955667495727539,0.8145268559455872,0.2953265607357025,0.523178219795227,0.8203884363174438,0.17778652906417847,0.6277477741241455,0.8445630669593811,0.16020533442497253,0.5132727026939392,0.8550991415977478,0.023534473031759262
96,draw_x,a06_s10_e03,0.5718740224838257,0.2380683273077011,-0.26506590843200684,0.5764437913894653,0.2248399406671524,-0.24147295951843262,0.5800817012786865,0.22490490972995758,-0.24145221710205078,0.583034873008728,0.22505326569080353,-0.24139456450939178,0.5665723085403442,0.22423730790615082,-0.25278130173683167,0.5619436502456665,0.22423096001148224,-0.25281113386154175,0.5571116209030151,0.22418434917926788,-0.25282612442970276,0.5851675271987915,0.23182399570941925,-0.08798159658908844,0.547703206539154,0.2304883897304535,-0.14305056631565094,0.5758901238441467,0.25394338369369507,-0.20593026280403137,0.5634268522262573,0.25336989760398865,-0.22209250926971436,0.6086422204971313,0.3238867223262787,0.02384084090590477,0.5183905363082886,0.30503854155540466,-0.13480620086193085,0.6228973865509033,0.424687922000885,0.05872005969285965,0.5336581468582153,0.36600562930107117,-0.3451419472694397,0.6355327367782593,0.5252107977867126,-0.01855047605931759,0.5709611773490906,0.3547012507915497,-0.5926792025566101,0.6364349722862244,0.5541908740997314,-0.03671931475400925,0.5850106477737427,0.3715899884700775,-0.6513176560401917,0.6325427889823914,0.5528198480606079,-0.07338707149028778,0.5913002490997314,0.37001562118530273,-0.6466051340103149,0.6297498941421509,0.5443488359451294,-0.033979155123233795,0.5871575474739075,0.36388635635375977,-0.5957707166671753,0.5901927351951599,0.5195780992507935,0.04280119389295578,0.532975971698761,0.5190470218658447,-0.04295000433921814,0.5984584093093872,0.6732986569404602,0.05202312394976616,0.5235768556594849,0.6757867932319641,-0.03527197241783142,0.6033350825309753,0.7958129048347473,0.28373077511787415,0.5176395773887634,0.8068987727165222,0.16932466626167297,0.5955270528793335,0.814480185508728,0.2984474301338196,0.5231636762619019,0.8202985525131226,0.18131551146507263,0.6277375221252441,0.844576895236969,0.1629991978406906,0.5134249925613403,0.8550784587860107,0.027078401297330856
97,draw_x,a06_s10_e03,0.5719364881515503,0.23750972747802734,-0.27672049403190613,0.5764760375022888,0.22458072006702423,-0.25198522210121155,0.5801289677619934,0.22467559576034546,-0.25195401906967163,0.5830698013305664,0.2248072624206543,-0.2518971860408783,0.5665860176086426,0.22394327819347382,-0.26414376497268677,0.5619482398033142,0.22389918565750122,-0.26417940855026245,0.557114839553833,0.22381173074245453,-0.26420503854751587,0.5851670503616333,0.2314472645521164,-0.09837169945240021,0.5476967096328735,0.23001335561275482,-0.15756945312023163,0.5759376287460327,0.253252774477005,-0.21792443096637726,0.563420295715332,0.25272929668426514,-0.23543986678123474,0.6080496907234192,0.3229031562805176,0.013996968977153301,0.5182582139968872,0.30526047945022583,-0.1557415872812271,0.622907817363739,0.4246487617492676,0.05044006556272507,0.5359119176864624,0.36532163619995117,-0.3467842936515808,0.6356761455535889,0.5255687832832336,-0.030514642596244812,0.5822592377662659,0.37411805987358093,-0.5781344175338745,0.6364396810531616,0.5544974207878113,-0.052038151770830154,0.5951026678085327,0.395260751247406,-0.6368321776390076,0.6325455904006958,0.5529641509056091,-0.08799342066049576,0.6021238565444946,0.39076271653175354,-0.6343032121658325,0.6297521591186523,0.5444504022598267,-0.04604146257042885,0.5986523628234863,0.3844994008541107,-0.5816319584846497,0.5904571413993835,0.5195996761322021,0.04329006001353264,0.532975435256958,0.5190455913543701,-0.0434216633439064,0.5982374548912048,0.6732731461524963,0.05284823104739189,0.5235788822174072,0.6757875084877014,-0.03521684184670448,0.6032943725585938,0.7958095073699951,0.29154202342033386,0.5176395177841187,0.8067647218704224,0.17244483530521393,0.5954915285110474,0.8144404888153076,0.3069622218608856,0.5229898691177368,0.8200761675834656,0.1848778873682022,0.6276865005493164,0.8445833921432495,0.17174488306045532,0.5135849714279175,0.8550902605056763,0.03045816719532013
98,draw_x,a06_s10_e03,0.5719353556632996,0.23695380985736847,-0.30973532795906067,0.5764750838279724,0.2242349535226822,-0.28645235300064087,0.5801328420639038,0.22436442971229553,-0.28641214966773987,0.583075761795044,0.2244655042886734,-0.2863597869873047,0.566545307636261,0.2235705554485321,-0.2973580062389374,0.561886191368103,0.2234753966331482,-0.2973950505256653,0.5570599436759949,0.2233799248933792,-0.2974337637424469,0.585168719291687,0.23085209727287292,-0.13956773281097412,0.5476548075675964,0.22959254682064056,-0.19299843907356262,0.5759364366531372,0.2527789771556854,-0.2534549832344055,0.5632198452949524,0.2523176074028015,-0.2693096101284027,0.6080390810966492,0.32276663184165955,-0.02693851850926876,0.5182164907455444,0.30616268515586853,-0.18792322278022766,0.6231228113174438,0.4262166917324066,0.016557559370994568,0.543555498123169,0.37019261717796326,-0.3318048119544983,0.6356810331344604,0.5259090065956116,-0.06637345254421234,0.5957019925117493,0.3948526680469513,-0.5017620921134949,0.6364358067512512,0.5547506213188171,-0.09183069318532944,0.6064605712890625,0.4133504629135132,-0.5539172887802124,0.632502555847168,0.5530723929405212,-0.1265030950307846,0.6130804419517517,0.40787622332572937,-0.5607510805130005,0.6296988725662231,0.5444754362106323,-0.0817142128944397,0.6100460886955261,0.40266039967536926,-0.5076883435249329,0.5904622077941895,0.5197738409042358,0.04316987842321396,0.5328506827354431,0.5190966725349426,-0.04328868165612221,0.5979743599891663,0.6728763580322266,0.07239232957363129,0.5235929489135742,0.6755481958389282,-0.03217942640185356,0.6032666563987732,0.7959610819816589,0.2934655547142029,0.5176404714584351,0.8065322637557983,0.1639612764120102,0.5954846143722534,0.8144811391830444,0.3073822557926178,0.5228933095932007,0.8198533654212952,0.17480404675006866,0.6276692152023315,0.8446008563041687,0.17439952492713928,0.5137250423431396,0.8549008965492249,0.024837417528033257
99,draw_x,a06_s10_e03,0.5719362497329712,0.2364937961101532,-0.3059574365615845,0.5764811635017395,0.22397224605083466,-0.2828220725059509,0.5801585912704468,0.22413283586502075,-0.2827857434749603,0.5830967426300049,0.22423550486564636,-0.28273284435272217,0.5665364265441895,0.22326916456222534,-0.2931761145591736,0.5618731379508972,0.2231297641992569,-0.29320818185806274,0.5570478439331055,0.22302468121051788,-0.2932586371898651,0.5851728916168213,0.23051311075687408,-0.13899554312229156,0.5476400852203369,0.22921037673950195,-0.18963831663131714,0.575937807559967,0.25243809819221497,-0.2509099841117859,0.5631220936775208,0.2519553005695343,-0.2659459114074707,0.6080304384231567,0.32269057631492615,-0.03058166429400444,0.5181573629379272,0.3064526617527008,-0.1830114871263504,0.6230854988098145,0.4295301139354706,0.014936293475329876,0.5456551909446716,0.374524861574173,-0.30828312039375305,0.635306715965271,0.5275839567184448,-0.0660434290766716,0.5999530553817749,0.40319961309432983,-0.46391311287879944,0.6361264586448669,0.5557637810707092,-0.09126025438308716,0.6121377944946289,0.4221590459346771,-0.5134812593460083,0.6322780251502991,0.5535916686058044,-0.12563812732696533,0.619301974773407,0.41796743869781494,-0.5216280221939087,0.6294792294502258,0.5447935461997986,-0.08130145817995071,0.6157026290893555,0.4128870368003845,-0.4698830246925354,0.5905253887176514,0.5199204683303833,0.0422217957675457,0.5328077673912048,0.5190998315811157,-0.04232154041528702,0.5978087782859802,0.6724878549575806,0.0707261934876442,0.5236406326293945,0.6753814220428467,-0.03136691078543663,0.603263795375824,0.7960831522941589,0.29134947061538696,0.5176589488983154,0.8065153360366821,0.16090276837348938,0.5954819917678833,0.8145034909248352,0.3051307797431946,0.5229076743125916,0.819845974445343,0.17152807116508484,0.6276954412460327,0.8447057008743286,0.17246419191360474,0.513873815536499,0.8549103140830994,0.023314300924539566
100,draw_x,a06_s10_e03,0.5719197988510132,0.2363307923078537,-0.31592005491256714,0.576473593711853,0.22386176884174347,-0.2933427393436432,0.5801573395729065,0.22403548657894135,-0.2933039665222168,0.5830985307693481,0.22414422035217285,-0.2932502031326294,0.5664886236190796,0.2231520116329193,-0.3026544451713562,0.5618113875389099,0.22300651669502258,-0.30268579721450806,0.5570147633552551,0.22290349006652832,-0.3027416467666626,0.5851719975471497,0.2304135411977768,-0.1526011824607849,0.547594428062439,0.22914128005504608,-0.1983085423707962,0.5759269595146179,0.25237736105918884,-0.2621377110481262,0.5630020499229431,0.2518438398838043,-0.2757027745246887,0.6080383658409119,0.3227578401565552,-0.04413435608148575,0.5181182622909546,0.3073522448539734,-0.18827609717845917,0.6231293678283691,0.43252599239349365,0.0059027341194450855,0.5468250513076782,0.378309428691864,-0.29197782278060913,0.6343535780906677,0.529847264289856,-0.0727972462773323,0.6067948341369629,0.41587206721305847,-0.42834773659706116,0.6352601647377014,0.5575576424598694,-0.09767177700996399,0.6181215643882751,0.43307560682296753,-0.47423210740089417,0.6318754553794861,0.5545165538787842,-0.13145101070404053,0.6254156827926636,0.4277060627937317,-0.4839780926704407,0.6291472911834717,0.5453160405158997,-0.08776609599590302,0.6220420002937317,0.42405080795288086,-0.4342738091945648,0.5909205675125122,0.5205960869789124,0.040682971477508545,0.532850444316864,0.5191827416419983,-0.040767960250377655,0.5976952314376831,0.6720097661018372,0.07834286987781525,0.523642897605896,0.6752458810806274,-0.028285060077905655,0.6032744646072388,0.7963075041770935,0.29373905062675476,0.5176730751991272,0.806463897228241,0.15579159557819366,0.5955772995948792,0.8146846890449524,0.30699798464775085,0.5229358077049255,0.8198337554931641,0.16571228206157684,0.6277647614479065,0.8447636365890503,0.17718902230262756,0.5138814449310303,0.854922354221344,0.019610179588198662
101,draw_x,a06_s10_e03,0.5719199180603027,0.23621825873851776,-0.335898220539093,0.5764742493629456,0.2237931191921234,-0.31349992752075195,0.5801647901535034,0.22398000955581665,-0.31345972418785095,0.5831097960472107,0.22409896552562714,-0.31341201066970825,0.5664785504341125,0.22306518256664276,-0.3224203288555145,0.5617966651916504,0.22291192412376404,-0.3224555253982544,0.5570073127746582,0.2228078693151474,-0.3225131332874298,0.5851784944534302,0.2303989827632904,-0.17259860038757324,0.5475800633430481,0.22911372780799866,-0.2161935269832611,0.5759289860725403,0.25235074758529663,-0.28187501430511475,0.5629494786262512,0.2517906725406647,-0.29480230808258057,0.6080484390258789,0.3233568072319031,-0.05853523686528206,0.5180628299713135,0.30807703733444214,-0.2024897038936615,0.6234552264213562,0.4363860785961151,-0.005125781521201134,0.5477977395057678,0.3840184211730957,-0.2851034104824066,0.6337811946868896,0.5318721532821655,-0.0850105807185173,0.6113195419311523,0.4227774441242218,-0.39977437257766724,0.6346896290779114,0.5592178702354431,-0.1106385588645935,0.6230541467666626,0.43998777866363525,-0.44381260871887207,0.6313764452934265,0.5553939342498779,-0.1442987620830536,0.6302257180213928,0.43412110209465027,-0.4538958966732025,0.6286972165107727,0.5459387898445129,-0.10012412071228027,0.6268774271011353,0.4308457374572754,-0.4051671028137207,0.5911363363265991,0.5209730863571167,0.03906048834323883,0.5328335165977478,0.51920485496521,-0.03914403170347214,0.5975223183631897,0.6716066598892212,0.08089195191860199,0.5236361622810364,0.6751982569694519,-0.02295762114226818,0.6032726168632507,0.7967125177383423,0.29932790994644165,0.5176968574523926,0.8064544796943665,0.16081154346466064,0.5956198573112488,0.8151226043701172,0.31284645199775696,0.5230621695518494,0.8198419809341431,0.17100879549980164,0.627778947353363,0.8448721170425415,0.1836317777633667,0.5138832330703735,0.8549931049346924,0.024905875325202942
102,draw_x,a06_s10_e03,0.5719364285469055,0.2361525446176529,-0.33703309297561646,0.5764843225479126,0.2237403839826584,-0.3141016364097595,0.5801891088485718,0.22393068671226501,-0.3140588402748108,0.5831289291381836,0.22405067086219788,-0.3140045404434204,0.5664788484573364,0.22300554811954498,-0.32370439171791077,0.5617954730987549,0.2228441685438156,-0.32374078035354614,0.5570061802864075,0.22273902595043182,-0.3238039016723633,0.5851854681968689,0.2303459793329239,-0.17200930416584015,0.5475717782974243,0.22909794747829437,-0.21858985722064972,0.5759515762329102,0.2523418664932251,-0.2825818955898285,0.5629419684410095,0.2517774701118469,-0.29634639620780945,0.6080545783042908,0.32340991497039795,-0.05286527797579765,0.5178378224372864,0.30889374017715454,-0.2117067277431488,0.6234551668167114,0.4361593425273895,0.0024442817084491253,0.5480260252952576,0.38766929507255554,-0.293690949678421,0.6332694888114929,0.532767117023468,-0.07421858608722687,0.614590048789978,0.4267479181289673,-0.40160638093948364,0.6342419385910034,0.5599039793014526,-0.09842242300510406,0.6265488862991333,0.4441565275192261,-0.44567984342575073,0.6310195922851562,0.5557148456573486,-0.13196294009685516,0.6331750154495239,0.43795159459114075,-0.4541343152523041,0.6283730864524841,0.5461825728416443,-0.08932086080312729,0.6297553777694702,0.434294193983078,-0.4059986472129822,0.5913381576538086,0.5212206244468689,0.039259590208530426,0.5328250527381897,0.5192550420761108,-0.039342425763607025,0.5974107980728149,0.6713802814483643,0.09033498913049698,0.5236368775367737,0.6751579642295837,-0.02154308371245861,0.6032716035842896,0.797242283821106,0.3111708164215088,0.5177103877067566,0.8064634799957275,0.1639830619096756,0.5956372022628784,0.8156582713127136,0.3249944746494293,0.5231480002403259,0.8198912739753723,0.17465205490589142,0.6278418302536011,0.8451347947120667,0.1986432671546936,0.5138990879058838,0.8551080822944641,0.02848445251584053
103,draw_x,a06_s10_e03,0.571969211101532,0.23608523607254028,-0.3296370506286621,0.5765193104743958,0.22368867695331573,-0.3060291111469269,0.5802417993545532,0.22388054430484772,-0.30598947405815125,0.5831626653671265,0.22400681674480438,-0.305935800075531,0.5664867758750916,0.2229558676481247,-0.3157694339752197,0.5617968440055847,0.22279050946235657,-0.3158019185066223,0.5570068359375,0.22268380224704742,-0.3158676028251648,0.5851980447769165,0.2303166687488556,-0.163803368806839,0.5475641489028931,0.22908014059066772,-0.2106095552444458,0.5760304927825928,0.2523311674594879,-0.2752927839756012,0.5629376173019409,0.25175994634628296,-0.2891337275505066,0.6080242395401001,0.32340314984321594,-0.044034749269485474,0.5177083015441895,0.30957719683647156,-0.21048963069915771,0.6231561303138733,0.435724675655365,0.010407453402876854,0.5498566627502441,0.3915002644062042,-0.29190921783447266,0.6327184438705444,0.5329276323318481,-0.07248426228761673,0.6181666254997253,0.43115124106407166,-0.3848528563976288,0.6338638663291931,0.5600117444992065,-0.09454041719436646,0.6306877136230469,0.4488184154033661,-0.42824697494506836,0.6308106780052185,0.5557464361190796,-0.13058452308177948,0.6369563937187195,0.44289037585258484,-0.4354531764984131,0.628175675868988,0.546209454536438,-0.08767910301685333,0.6335647702217102,0.4393441379070282,-0.38849544525146484,0.5914555788040161,0.5213181376457214,0.04032141715288162,0.5327854156494141,0.5192598104476929,-0.0404030978679657,0.5973190665245056,0.6714685559272766,0.08725669234991074,0.5236388444900513,0.6752283573150635,-0.02286526747047901,0.6032719016075134,0.7974179983139038,0.3136729598045349,0.517735481262207,0.8067055940628052,0.16595706343650818,0.5956544876098633,0.815758466720581,0.32812806963920593,0.5232762098312378,0.8201056718826294,0.17720521986484528,0.6278348565101624,0.8453185558319092,0.20240464806556702,0.513965904712677,0.8558453321456909,0.03005940280854702
104,draw_x,a06_s10_e03,0.5719686150550842,0.2360210418701172,-0.35012680292129517,0.5765200853347778,0.22362664341926575,-0.326366662979126,0.5802463293075562,0.22382134199142456,-0.32632380723953247,0.5831691026687622,0.22394636273384094,-0.3262741267681122,0.5664733052253723,0.22291050851345062,-0.3360578119754791,0.5617720484733582,0.22275012731552124,-0.3360913395881653,0.5569890737533569,0.2226533442735672,-0.3361507058143616,0.5852066278457642,0.23025134205818176,-0.1823933869600296,0.5475617051124573,0.2290705144405365,-0.22835199534893036,0.5760436654090881,0.25230756402015686,-0.2949419915676117,0.5628867149353027,0.25174418091773987,-0.3085060119628906,0.608016848564148,0.32332706451416016,-0.05528031662106514,0.5176736116409302,0.31062424182891846,-0.22318033874034882,0.6231094598770142,0.4355468153953552,0.005601349286735058,0.550595760345459,0.3951016366481781,-0.28303712606430054,0.6321622133255005,0.5327717661857605,-0.06970024108886719,0.6197913289070129,0.43351393938064575,-0.35369259119033813,0.6336729526519775,0.5599581599235535,-0.09255225211381912,0.6327137351036072,0.4498352110385895,-0.3945525884628296,0.6306557655334473,0.5556915998458862,-0.1270308643579483,0.6381102204322815,0.4434889554977417,-0.40388917922973633,0.62797611951828,0.5461868643760681,-0.08511883020401001,0.6346379518508911,0.44060400128364563,-0.35755565762519836,0.5915888547897339,0.5214070677757263,0.04095851629972458,0.5327942967414856,0.5192588567733765,-0.04105464369058609,0.597305417060852,0.6715437769889832,0.08850861340761185,0.5236572027206421,0.6752234697341919,-0.0225013867020607,0.6032723188400269,0.7979357242584229,0.3178565800189972,0.5177716612815857,0.8069393038749695,0.17052707076072693,0.5956770181655884,0.8161666989326477,0.3324594497680664,0.5233385562896729,0.8203515410423279,0.18217605352401733,0.6278570890426636,0.8456181287765503,0.2053133249282837,0.5139998197555542,0.8561767339706421,0.03370443731546402
105,draw_x,a06_s10_e03,0.571947455406189,0.23598629236221313,-0.3510442078113556,0.576508104801178,0.22357799112796783,-0.3272256851196289,0.5802459120750427,0.22377480566501617,-0.32718712091445923,0.5831722617149353,0.22389575839042664,-0.32714128494262695,0.5664216876029968,0.22288617491722107,-0.3370130658149719,0.5617024302482605,0.2227317839860916,-0.3370473086833954,0.5569301843643188,0.22264553606510162,-0.33710965514183044,0.5852129459381104,0.23019962012767792,-0.18239547312259674,0.5475566387176514,0.2290716916322708,-0.22867290675640106,0.5760454535484314,0.2523013949394226,-0.2954254746437073,0.5627814531326294,0.25174257159233093,-0.3090866208076477,0.6080155968666077,0.3232598602771759,-0.05342739075422287,0.5176385045051575,0.3112787902355194,-0.22450272738933563,0.6230975389480591,0.4352928400039673,0.006571309175342321,0.5512937307357788,0.3956471383571625,-0.2846091389656067,0.6318002939224243,0.5326798558235168,-0.06844726204872131,0.6208149194717407,0.4353369176387787,-0.3589417040348053,0.6335834264755249,0.5599364638328552,-0.09163285791873932,0.6333125829696655,0.4520649313926697,-0.4007791578769684,0.6305192708969116,0.5556187033653259,-0.1258677989244461,0.6384944915771484,0.44482603669166565,-0.4096211791038513,0.6277757883071899,0.5461465716362,-0.08401863276958466,0.6352079510688782,0.4420223534107208,-0.36268940567970276,0.591675877571106,0.5214694738388062,0.04189720377326012,0.532795786857605,0.5192615389823914,-0.04200220853090286,0.5972776412963867,0.6716637015342712,0.08932029455900192,0.5236693620681763,0.6752603054046631,-0.023199567571282387,0.6032660603523254,0.7981666326522827,0.3210056722164154,0.5177761316299438,0.8072168231010437,0.170523002743721,0.59568190574646,0.8162752389907837,0.3358249366283417,0.5233369469642639,0.8205779194831848,0.18220175802707672,0.6278523802757263,0.8458611369132996,0.20820851624011993,0.5140025019645691,0.8563854098320007,0.03282821923494339
106,draw_x,a06_s10_e03,0.5718914270401001,0.23597387969493866,-0.3558841347694397,0.5764738321304321,0.22356297075748444,-0.3317217230796814,0.5802287459373474,0.22376421093940735,-0.3316817879676819,0.5831729173660278,0.2238849252462387,-0.33163803815841675,0.5663470029830933,0.22287829220294952,-0.34170782566070557,0.5616127252578735,0.22272518277168274,-0.34174400568008423,0.5568579435348511,0.22264377772808075,-0.3418070375919342,0.5852154493331909,0.23019012808799744,-0.1850733458995819,0.5475446581840515,0.22908154129981995,-0.23216843605041504,0.5760337114334106,0.25230470299720764,-0.29953134059906006,0.5625907778739929,0.25174349546432495,-0.31344112753868103,0.6079995036125183,0.3232220709323883,-0.054005105048418045,0.5176142454147339,0.3116608262062073,-0.22771945595741272,0.6230933666229248,0.43511661887168884,0.006958705838769674,0.5516654849052429,0.39636993408203125,-0.288436621427536,0.6316565275192261,0.5325719118118286,-0.06815927475690842,0.6210867762565613,0.435676246881485,-0.36756631731987,0.6335418224334717,0.55987149477005,-0.09151697158813477,0.6336677670478821,0.45236825942993164,-0.4103585183620453,0.6304016709327698,0.555609405040741,-0.12568390369415283,0.6388109922409058,0.44496268033981323,-0.418921560049057,0.6276140809059143,0.5461463928222656,-0.08377989381551743,0.6354773640632629,0.4420856833457947,-0.37131813168525696,0.5917772650718689,0.5215578675270081,0.0426066592335701,0.5327996015548706,0.5192919373512268,-0.0427195206284523,0.5972501635551453,0.6720291972160339,0.08851184695959091,0.5236688852310181,0.6754201054573059,-0.02336021326482296,0.6032530069351196,0.7982521653175354,0.3281959891319275,0.5177989602088928,0.8074185848236084,0.17799916863441467,0.5956785678863525,0.8162745237350464,0.34395018219947815,0.5233587622642517,0.8206467032432556,0.1906111240386963,0.6277069449424744,0.8460781574249268,0.21556782722473145,0.5140398740768433,0.8565954566001892,0.04020199552178383
107,draw_x,a06_s10_e03,0.5718070268630981,0.23593954741954803,-0.3591282367706299,0.5764347910881042,0.2234906256198883,-0.3352806866168976,0.5802170038223267,0.22369900345802307,-0.3352402448654175,0.5831748843193054,0.22381697595119476,-0.3351971507072449,0.56623774766922,0.22283737361431122,-0.34503862261772156,0.5615060925483704,0.22269217669963837,-0.34507524967193604,0.5567483901977539,0.2226298302412033,-0.3451322615146637,0.5852346420288086,0.23014043271541595,-0.18871241807937622,0.5475406050682068,0.2290889173746109,-0.23478007316589355,0.5760082006454468,0.2523025870323181,-0.30271920561790466,0.5623705983161926,0.25174200534820557,-0.31632325053215027,0.6080068349838257,0.32319316267967224,-0.057216208428144455,0.5176252722740173,0.31180623173713684,-0.2269287407398224,0.6232674717903137,0.4350021481513977,0.004810465965420008,0.5514191389083862,0.3957293629646301,-0.28323930501937866,0.6316636204719543,0.5324916839599609,-0.07151564210653305,0.6197006702423096,0.4338702857494354,-0.3561117649078369,0.6335524916648865,0.5598421692848206,-0.09515023976564407,0.6325251460075378,0.44984742999076843,-0.3974113464355469,0.6304044127464294,0.5555926561355591,-0.1294378638267517,0.6375467777252197,0.44296178221702576,-0.4070444107055664,0.627610981464386,0.5461407899856567,-0.08723405748605728,0.6340130567550659,0.4400588572025299,-0.36014828085899353,0.591866135597229,0.5215643644332886,0.0430138073861599,0.5328342318534851,0.5192950367927551,-0.04313450679183006,0.5972464084625244,0.6720357537269592,0.08565929532051086,0.5236716866493225,0.6754932403564453,-0.023509617894887924,0.6031895279884338,0.7982557415962219,0.3212580382823944,0.517810583114624,0.8074266910552979,0.1809139847755432,0.5956178903579712,0.8162574768066406,0.3363754451274872,0.5233500599861145,0.8206287026405334,0.1937054544687271,0.6276013851165771,0.8460901975631714,0.20736107230186462,0.5141435861587524,0.856646716594696,0.043210819363594055
108,draw_x,a06_s10_e03,0.5717955231666565,0.23584657907485962,-0.3582678437232971,0.5764317512512207,0.22336885333061218,-0.3348723351955414,0.5802215337753296,0.2235872447490692,-0.3348289728164673,0.5831838250160217,0.22371038794517517,-0.3347843885421753,0.5662198066711426,0.22272150218486786,-0.34454357624053955,0.561493992805481,0.22257140278816223,-0.34458208084106445,0.5567354559898376,0.22252987325191498,-0.34464231133461,0.5852638483047485,0.23008319735527039,-0.18983176350593567,0.5475414991378784,0.22908000648021698,-0.23569011688232422,0.5760075449943542,0.2522948384284973,-0.30239564180374146,0.5623127222061157,0.2517316937446594,-0.31595176458358765,0.6080563068389893,0.32330915331840515,-0.05965649336576462,0.5176342725753784,0.311775803565979,-0.22857269644737244,0.6232961416244507,0.4350346624851227,0.0020598657429218292,0.5510156154632568,0.3965708911418915,-0.2870435416698456,0.63168865442276,0.532636821269989,-0.07359211891889572,0.6190585494041443,0.4342590570449829,-0.3697480857372284,0.6335617303848267,0.5599310994148254,-0.0971023365855217,0.6318855285644531,0.4509507715702057,-0.4120156168937683,0.630405604839325,0.5556929707527161,-0.13116128742694855,0.6373063325881958,0.44373658299446106,-0.42096763849258423,0.6276117563247681,0.5462771654129028,-0.08918775618076324,0.6336105465888977,0.44061312079429626,-0.37379398941993713,0.5919901132583618,0.5215853452682495,0.043030787259340286,0.5328618288040161,0.519305944442749,-0.04315289109945297,0.5972377061843872,0.6720887422561646,0.08642812073230743,0.5236837863922119,0.6756616234779358,-0.023005884140729904,0.6031631827354431,0.7982664108276367,0.3238915205001831,0.5178353190422058,0.8076171278953552,0.1802256554365158,0.5955845713615417,0.816249668598175,0.33936065435409546,0.5234614610671997,0.8206989765167236,0.19283105432987213,0.6274452209472656,0.8461151719093323,0.21123437583446503,0.5141431093215942,0.8569925427436829,0.04306217283010483
109,draw_x,a06_s10_e03,0.5717862248420715,0.2358078807592392,-0.360385537147522,0.5764265060424805,0.2233186811208725,-0.3373350501060486,0.5802223086357117,0.2235429435968399,-0.33729198575019836,0.5831879377365112,0.2236674576997757,-0.3372495472431183,0.5662054419517517,0.2226758450269699,-0.34675920009613037,0.5614825487136841,0.2225286215543747,-0.34680014848709106,0.5567288398742676,0.2225005179643631,-0.34686118364334106,0.585288405418396,0.23006734251976013,-0.19220326840877533,0.5475468039512634,0.22909410297870636,-0.2371210753917694,0.5760083794593811,0.2522948384284973,-0.304380863904953,0.5622886419296265,0.2517324984073639,-0.3176639676094055,0.6081721186637878,0.3234572410583496,-0.061805617064237595,0.5176472663879395,0.31175845861434937,-0.22685356438159943,0.6232869029045105,0.4351015090942383,-8.226673526223749e-05,0.5504888296127319,0.3969036340713501,-0.2879827916622162,0.6317057013511658,0.5327852964401245,-0.07856734842061996,0.6176182627677917,0.4342397451400757,-0.37588489055633545,0.6335687041282654,0.5601197481155396,-0.10271960496902466,0.6300245523452759,0.4510996639728546,-0.4184843599796295,0.6304183006286621,0.5558518767356873,-0.13692958652973175,0.6358038783073425,0.44350895285606384,-0.4280545115470886,0.6276267766952515,0.5464527606964111,-0.09424670040607452,0.632125973701477,0.44012412428855896,-0.3802887797355652,0.5920721292495728,0.5216403603553772,0.04293910413980484,0.532867968082428,0.519379734992981,-0.043061621487140656,0.5972248315811157,0.6721321940422058,0.08809640258550644,0.5236866474151611,0.6757506728172302,-0.023063311353325844,0.6031383872032166,0.7982648611068726,0.32467764616012573,0.517840564250946,0.8076307773590088,0.17901164293289185,0.5955651998519897,0.8162238001823425,0.3400311768054962,0.5234680771827698,0.8206984400749207,0.19144292175769806,0.627440333366394,0.8461046814918518,0.21163320541381836,0.5141483545303345,0.8569925427436829,0.04127443581819534
110,draw_x,a06_s10_e03,0.5717874765396118,0.2358122169971466,-0.3663528859615326,0.5764324069023132,0.22331438958644867,-0.34386175870895386,0.580241322517395,0.22353391349315643,-0.34382301568984985,0.5832031965255737,0.22365142405033112,-0.34378692507743835,0.5662046670913696,0.22267214953899384,-0.3534858524799347,0.5614815354347229,0.22252850234508514,-0.35353025794029236,0.5567257404327393,0.2225063294172287,-0.3535881042480469,0.5853152871131897,0.2300596982240677,-0.19849659502506256,0.547575831413269,0.22911354899406433,-0.24433636665344238,0.5760258436203003,0.25231069326400757,-0.30996257066726685,0.5622897744178772,0.25178518891334534,-0.3235124945640564,0.6085445880889893,0.3235182464122772,-0.06737299263477325,0.517654299736023,0.31175798177719116,-0.2278600037097931,0.6233540177345276,0.4355165660381317,-0.006275857333093882,0.5501388311386108,0.3979431390762329,-0.28622812032699585,0.6318328976631165,0.5329610109329224,-0.09241876751184464,0.6166341304779053,0.4359000623226166,-0.37603887915611267,0.6336358785629272,0.5602943301200867,-0.11842752993106842,0.6286920309066772,0.4515775442123413,-0.41861772537231445,0.6304383277893066,0.5560805201530457,-0.1534852385520935,0.6344327926635742,0.4430617094039917,-0.42939043045043945,0.6276569962501526,0.5467193126678467,-0.108550526201725,0.6308698058128357,0.44008302688598633,-0.38093727827072144,0.5920969247817993,0.5216565728187561,0.04286807030439377,0.5328793525695801,0.5194462537765503,-0.04299021139740944,0.5972505807876587,0.6723969578742981,0.08673367649316788,0.5237469673156738,0.6759006977081299,-0.023137614130973816,0.6031490564346313,0.7982786297798157,0.32416707277297974,0.5178455114364624,0.8076996207237244,0.17781975865364075,0.5956298112869263,0.8161988854408264,0.33944931626319885,0.5234660506248474,0.8207257986068726,0.19008922576904297,0.627455472946167,0.8461290597915649,0.20844848453998566,0.5141514539718628,0.8570585250854492,0.0403992161154747
111,draw_x,a06_s10_e03,0.5717970132827759,0.23592735826969147,-0.377219021320343,0.5764312744140625,0.22332747280597687,-0.35569241642951965,0.580241858959198,0.2235369235277176,-0.3556503653526306,0.5832058191299438,0.22364674508571625,-0.35561293363571167,0.5662090182304382,0.2227146327495575,-0.36490756273269653,0.5614894032478333,0.2225877195596695,-0.3649587035179138,0.5567306876182556,0.22258003056049347,-0.36501723527908325,0.5853215456008911,0.23005548119544983,-0.2106722891330719,0.5476129055023193,0.22924524545669556,-0.25520604848861694,0.5760298371315002,0.2523941099643707,-0.32067006826400757,0.5623046159744263,0.25197476148605347,-0.33385801315307617,0.6090419888496399,0.3235374391078949,-0.08115600794553757,0.5176470279693604,0.3117966651916504,-0.22915735840797424,0.6233883500099182,0.4361454248428345,-0.019425593316555023,0.5464135408401489,0.40068545937538147,-0.2864055931568146,0.6318855285644531,0.5329613089561462,-0.10996691882610321,0.6143149137496948,0.43591374158859253,-0.3885769248008728,0.6336406469345093,0.560399055480957,-0.13750672340393066,0.625218391418457,0.4531795084476471,-0.43071794509887695,0.630467414855957,0.5563243627548218,-0.17294539511203766,0.6306087970733643,0.4432874619960785,-0.4454413950443268,0.6277055144309998,0.5469696521759033,-0.1260487139225006,0.6274369955062866,0.4400322735309601,-0.39475134015083313,0.5921205282211304,0.5217047929763794,0.041456859558820724,0.5329304933547974,0.519576907157898,-0.041584331542253494,0.5972427129745483,0.6724785566329956,0.08601699024438858,0.5238096714019775,0.6759373545646667,-0.022152556106448174,0.603101372718811,0.7984614968299866,0.32036834955215454,0.5178788304328918,0.8077207207679749,0.17751730978488922,0.5955759286880493,0.8163025379180908,0.3350905478000641,0.5235260128974915,0.8207506537437439,0.18965372443199158,0.6273742914199829,0.8461310863494873,0.20106343924999237,0.5141538381576538,0.8571033477783203,0.03941689431667328
112,draw_x,a06_s10_e03,0.5718003511428833,0.23601825535297394,-0.3785201907157898,0.5764323472976685,0.22335310280323029,-0.3574889302253723,0.5802455544471741,0.22355221211910248,-0.3574444651603699,0.5832096338272095,0.22365354001522064,-0.35740524530410767,0.5662153363227844,0.22275696694850922,-0.3664640486240387,0.5614930391311646,0.2226429134607315,-0.3665179908275604,0.5567303895950317,0.22264693677425385,-0.366582453250885,0.5853462219238281,0.23007270693778992,-0.2135729342699051,0.5476322770118713,0.22936135530471802,-0.25694355368614197,0.5760311484336853,0.25246942043304443,-0.32222220301628113,0.5623024702072144,0.2521299719810486,-0.33507680892944336,0.6095535755157471,0.323780357837677,-0.0825853943824768,0.5175896883010864,0.3117887079715729,-0.22972111403942108,0.6229338049888611,0.4363677203655243,-0.01983548142015934,0.5424036383628845,0.4014359414577484,-0.2872471213340759,0.631872832775116,0.5329490303993225,-0.11145596206188202,0.6089302897453308,0.437513530254364,-0.39057421684265137,0.6335305571556091,0.5603997707366943,-0.1385873407125473,0.6188065409660339,0.45725569128990173,-0.4335463047027588,0.6304703950881958,0.5563399195671082,-0.17460232973098755,0.6232278943061829,0.44617679715156555,-0.44615498185157776,0.6277222633361816,0.5470038056373596,-0.12785425782203674,0.6211976408958435,0.4421460032463074,-0.3961949646472931,0.5921217203140259,0.5217404961585999,0.0405423603951931,0.5329393148422241,0.5197547674179077,-0.04067036882042885,0.5972315073013306,0.6724705100059509,0.08584723621606827,0.5238803625106812,0.6759222745895386,-0.020844800397753716,0.6030934453010559,0.7985714673995972,0.3135450482368469,0.5179370641708374,0.8077335357666016,0.1773378551006317,0.5955764651298523,0.816356897354126,0.32750338315963745,0.523648738861084,0.8207645416259766,0.18935196101665497,0.6273228526115417,0.8461330533027649,0.19325357675552368,0.5141410231590271,0.8571410775184631,0.03885771334171295
113,draw_x,a06_s10_e03,0.5718114376068115,0.23604518175125122,-0.38048049807548523,0.5764369368553162,0.22339940071105957,-0.36065828800201416,0.5802463293075562,0.2235807627439499,-0.36061665415763855,0.5832120776176453,0.22367724776268005,-0.3605792224407196,0.5662429332733154,0.22280551493167877,-0.3709273040294647,0.5615077018737793,0.22271129488945007,-0.3709816634654999,0.5567395091056824,0.22271300852298737,-0.3710342049598694,0.5853515267372131,0.23008093237876892,-0.21787750720977783,0.547650158405304,0.22942295670509338,-0.2676022946834564,0.5760378241539001,0.25248605012893677,-0.3240993916988373,0.5623010396957397,0.252191960811615,-0.33860042691230774,0.6098305583000183,0.3245762586593628,-0.08141464740037918,0.5170636773109436,0.3117515742778778,-0.232276052236557,0.6233121156692505,0.43401986360549927,-0.016201365739107132,0.5368240475654602,0.4033999443054199,-0.2684268653392792,0.6324781775474548,0.5314047932624817,-0.1214698925614357,0.5963070392608643,0.4580270051956177,-0.3587815463542938,0.6335522532463074,0.5596761107444763,-0.15081945061683655,0.6025961637496948,0.4768637716770172,-0.4012793004512787,0.6305007338523865,0.5561500191688538,-0.19049778580665588,0.6068013310432434,0.4629703760147095,-0.41657328605651855,0.6278207898139954,0.5468446612358093,-0.13983872532844543,0.6062082052230835,0.4596540331840515,-0.36496004462242126,0.5921146869659424,0.5217204689979553,0.04056111350655556,0.5329903960227966,0.5199264883995056,-0.04068524390459061,0.5972281694412231,0.6724892258644104,0.10083208978176117,0.5238968729972839,0.6759611368179321,-0.02098924294114113,0.6030896902084351,0.7985660433769226,0.3147020936012268,0.5179839134216309,0.8077353239059448,0.1622193604707718,0.595565676689148,0.8163422346115112,0.327935129404068,0.523741602897644,0.8207578659057617,0.17189422249794006,0.627282440662384,0.8460453152656555,0.1954348385334015,0.5141372680664062,0.8571575880050659,0.02164299413561821
114,draw_x,a06_s10_e03,0.5718346834182739,0.2361786663532257,-0.4021078646183014,0.5764476656913757,0.22347266972064972,-0.38225528597831726,0.5802526473999023,0.2236296832561493,-0.38222160935401917,0.5832139253616333,0.22371172904968262,-0.3822004199028015,0.5662885904312134,0.22290359437465668,-0.3930361866950989,0.5615448355674744,0.22283904254436493,-0.39308831095695496,0.5567566752433777,0.2228337824344635,-0.3931223750114441,0.5853562951087952,0.23008665442466736,-0.2359738051891327,0.5476509928703308,0.22951726615428925,-0.2880576550960541,0.5760397911071777,0.25255659222602844,-0.344192773103714,0.5623023509979248,0.25232186913490295,-0.3594328463077545,0.6104041934013367,0.3248066306114197,-0.09614638239145279,0.5148881673812866,0.3125934898853302,-0.2404816448688507,0.6243323683738708,0.4322189390659332,-0.02590211294591427,0.5289742946624756,0.40441563725471497,-0.2670465111732483,0.6344488859176636,0.5300004482269287,-0.1356935352087021,0.5834909677505493,0.46301642060279846,-0.3591541051864624,0.6348335146903992,0.5591502785682678,-0.16581185162067413,0.5910208225250244,0.4891396462917328,-0.4020242691040039,0.6311467289924622,0.5560880899429321,-0.20720696449279785,0.5957111120223999,0.4766133725643158,-0.4189867079257965,0.6284528970718384,0.5467695593833923,-0.15470312535762787,0.5951204895973206,0.47101497650146484,-0.3661856949329376,0.5921003818511963,0.5216662287712097,0.040042292326688766,0.532892644405365,0.520200788974762,-0.040154535323381424,0.5972253084182739,0.6728895902633667,0.09865844994783401,0.523909866809845,0.6760491132736206,-0.017490725964307785,0.6030804514884949,0.7985219359397888,0.3159148097038269,0.5180059671401978,0.8075739145278931,0.17065125703811646,0.5955437421798706,0.8162781596183777,0.32910633087158203,0.5237574577331543,0.8205597400665283,0.18048366904258728,0.6271551847457886,0.8459640145301819,0.19579006731510162,0.514155924320221,0.8570041656494141,0.028162693604826927
115,draw_x,a06_s10_e03,0.5718391537666321,0.23627696931362152,-0.3922308087348938,0.576447069644928,0.2235327512025833,-0.3721838593482971,0.5802491903305054,0.22366894781589508,-0.37214750051498413,0.5832096934318542,0.22373786568641663,-0.3721168637275696,0.5663105249404907,0.22298282384872437,-0.38221144676208496,0.5615655183792114,0.22293777763843536,-0.38225963711738586,0.5567672252655029,0.2229171246290207,-0.38229337334632874,0.5853585004806519,0.23008817434310913,-0.22852110862731934,0.5476503372192383,0.22957010567188263,-0.2773934304714203,0.5760324001312256,0.252625972032547,-0.33569785952568054,0.5622998476028442,0.25244539976119995,-0.3499999940395355,0.6108129024505615,0.3250328302383423,-0.09290999919176102,0.5139614343643188,0.31319305300712585,-0.2399246245622635,0.6247785091400146,0.430467814207077,-0.022152947261929512,0.5223906636238098,0.40554824471473694,-0.24857667088508606,0.6356672048568726,0.5285056233406067,-0.12877948582172394,0.571285605430603,0.4667019546031952,-0.3449273407459259,0.635708212852478,0.5583376288414001,-0.1584387868642807,0.5778146982192993,0.49446728825569153,-0.3874686062335968,0.6318159103393555,0.555738627910614,-0.19929847121238708,0.583093523979187,0.48579829931259155,-0.40524882078170776,0.629179835319519,0.5463992357254028,-0.1473165899515152,0.5832244157791138,0.4789586365222931,-0.3521471917629242,0.5920487642288208,0.5215257406234741,0.039101433008909225,0.5328558683395386,0.5201610326766968,-0.039209432899951935,0.5972527265548706,0.6729759573936462,0.09611571580171585,0.5239649415016174,0.676051676273346,-0.01458081603050232,0.6030433773994446,0.7984995245933533,0.3015490770339966,0.5180133581161499,0.8075342178344727,0.1709384024143219,0.5954127311706543,0.8162704706192017,0.31326183676719666,0.5237549543380737,0.8204866051673889,0.18071067333221436,0.627050518989563,0.8459230661392212,0.1823011040687561,0.514153003692627,0.8570005297660828,0.028934713453054428
116,draw_x,a06_s10_e03,0.5718251466751099,0.23635901510715485,-0.39355289936065674,0.5764106512069702,0.2235822081565857,-0.3739296495914459,0.5801870822906494,0.22369384765625,-0.3738923668861389,0.5831702947616577,0.22375211119651794,-0.37386268377304077,0.5663005113601685,0.22305604815483093,-0.3830494284629822,0.5615481734275818,0.22302527725696564,-0.38309940695762634,0.5567542910575867,0.22299757599830627,-0.3831309676170349,0.5853552222251892,0.23008568584918976,-0.2315818965435028,0.5476474165916443,0.22960342466831207,-0.2766808867454529,0.576021134853363,0.2526683211326599,-0.3376818299293518,0.562298595905304,0.25253036618232727,-0.3508467972278595,0.6112529635429382,0.32537761330604553,-0.0968189537525177,0.5136982798576355,0.31325027346611023,-0.22697857022285461,0.625249981880188,0.42952531576156616,-0.021940531209111214,0.5139955878257751,0.40796518325805664,-0.23389267921447754,0.6360828876495361,0.5274742245674133,-0.13012245297431946,0.5580355525016785,0.471316933631897,-0.3372422158718109,0.6360949277877808,0.5576066374778748,-0.16013264656066895,0.5673583149909973,0.5000479817390442,-0.3797508776187897,0.6320027709007263,0.5552873611450195,-0.20151157677173615,0.5736589431762695,0.49182671308517456,-0.39795276522636414,0.6293604969978333,0.5459963083267212,-0.1487608700990677,0.5735753178596497,0.48453718423843384,-0.3445878326892853,0.5917825102806091,0.5214989185333252,0.0367097444832325,0.5326694250106812,0.5201982855796814,-0.03682606294751167,0.5973891019821167,0.6730958223342896,0.09178941696882248,0.5239693522453308,0.676072895526886,-0.01160444226115942,0.6030286550521851,0.7982701659202576,0.2916187644004822,0.5180284976959229,0.8068125247955322,0.17535029351711273,0.5953648090362549,0.8161088228225708,0.30330151319503784,0.5237593054771423,0.8197994232177734,0.1852821558713913,0.6269306540489197,0.8456470966339111,0.17213769257068634,0.5141521692276001,0.8560797572135925,0.03547932952642441
117,draw_x,a06_s10_e03,0.571825385093689,0.23637178540229797,-0.4043685793876648,0.5763972997665405,0.22359125316143036,-0.38524654507637024,0.5801674127578735,0.2236955463886261,-0.38520219922065735,0.5831563472747803,0.22375091910362244,-0.38517144322395325,0.5662992000579834,0.22309350967407227,-0.39476144313812256,0.5615445971488953,0.2230817675590515,-0.39481908082962036,0.5567490458488464,0.22306089103221893,-0.3948472738265991,0.5853568315505981,0.23007561266422272,-0.24411730468273163,0.5476456880569458,0.22966696321964264,-0.29168611764907837,0.5760246515274048,0.2526732385158539,-0.3490026891231537,0.5623263716697693,0.25257375836372375,-0.36278849840164185,0.6116496324539185,0.325522780418396,-0.10627137124538422,0.5131992101669312,0.3141728639602661,-0.22864949703216553,0.6254182457923889,0.4292151629924774,-0.02329862490296364,0.5083389282226562,0.4112023115158081,-0.23576891422271729,0.6363586187362671,0.525995135307312,-0.13044078648090363,0.5499909520149231,0.4810737669467926,-0.33625274896621704,0.6364370584487915,0.5566436648368835,-0.15974090993404388,0.5588613748550415,0.5109940767288208,-0.37802547216415405,0.632340133190155,0.5545443296432495,-0.20212674140930176,0.5662147998809814,0.5034306049346924,-0.396831214427948,0.6297237277030945,0.5453821420669556,-0.1493912935256958,0.5657706260681152,0.4949633479118347,-0.34366893768310547,0.591889500617981,0.5216241478919983,0.036418695002794266,0.5327513217926025,0.5205506682395935,-0.03654208406805992,0.5977224111557007,0.6732534766197205,0.09720651805400848,0.5239912867546082,0.676075279712677,-0.011840438470244408,0.6030082106590271,0.7980758547782898,0.295645147562027,0.5180389881134033,0.8065788745880127,0.1697411686182022,0.5952150821685791,0.8159838914871216,0.3074585497379303,0.5237485766410828,0.8194847106933594,0.1788976490497589,0.626922607421875,0.8454487919807434,0.1775624006986618,0.514154851436615,0.8558510541915894,0.0304889976978302
118,draw_x,a06_s10_e03,0.5718254446983337,0.23643222451210022,-0.4018056392669678,0.5763759016990662,0.22361832857131958,-0.383892685174942,0.5801344513893127,0.22370709478855133,-0.3838157057762146,0.5831266641616821,0.22375310957431793,-0.38376232981681824,0.5662986040115356,0.2231612354516983,-0.3935116231441498,0.5615447759628296,0.22316285967826843,-0.3935670256614685,0.5567474961280823,0.2231397032737732,-0.3934782147407532,0.585320770740509,0.23006799817085266,-0.23715762794017792,0.5476412177085876,0.22968317568302155,-0.2870338559150696,0.5760263204574585,0.25268325209617615,-0.3475736677646637,0.5623570084571838,0.2526043951511383,-0.3620165288448334,0.6118454933166504,0.3254331052303314,-0.09896057844161987,0.5126451253890991,0.31478872895240784,-0.1994769275188446,0.6254043579101562,0.42831772565841675,-0.012186121195554733,0.5030981302261353,0.41294267773628235,-0.20998625457286835,0.6365602016448975,0.5246776342391968,-0.1249130368232727,0.5344885587692261,0.4856775403022766,-0.34214118123054504,0.6367138624191284,0.5558233857154846,-0.1529935896396637,0.5420606136322021,0.515815794467926,-0.3865000605583191,0.6325333714485168,0.5537402629852295,-0.1943059265613556,0.5497082471847534,0.50779128074646,-0.4054929316043854,0.6299010515213013,0.5447073578834534,-0.14268611371517181,0.5486178994178772,0.49798882007598877,-0.3507983088493347,0.5922908782958984,0.5219635367393494,0.03474589064717293,0.5336369276046753,0.5210327506065369,-0.0348561629652977,0.5979987978935242,0.6733413934707642,0.09546102583408356,0.5239821076393127,0.6760831475257874,-0.013964216224849224,0.6030039191246033,0.7980024814605713,0.2909925878047943,0.5180433988571167,0.8065204620361328,0.15799811482429504,0.595131516456604,0.815865159034729,0.30238574743270874,0.5237550735473633,0.8193902969360352,0.16644462943077087,0.6269194483757019,0.8453662991523743,0.1720397174358368,0.5140802264213562,0.8558493852615356,0.017100010067224503
119,draw_x,a06_s10_e03,0.5717840194702148,0.23651014268398285,-0.38246217370033264,0.5763016939163208,0.22363083064556122,-0.3636914789676666,0.5800526738166809,0.22371014952659607,-0.36365967988967896,0.5830539464950562,0.2237517237663269,-0.36362898349761963,0.5662680864334106,0.22320197522640228,-0.3720890283584595,0.5615196824073792,0.2232079803943634,-0.37212929129600525,0.5567165613174438,0.2231789082288742,-0.3720846474170685,0.5852499604225159,0.2300533652305603,-0.22310420870780945,0.5476260781288147,0.2296873927116394,-0.26693812012672424,0.575986921787262,0.25272122025489807,-0.3292335867881775,0.5623461604118347,0.2526659369468689,-0.34182310104370117,0.6120436191558838,0.32534557580947876,-0.09707973897457123,0.512310266494751,0.31556224822998047,-0.18345800042152405,0.6254309415817261,0.4283623993396759,-0.005448746960610151,0.4999186098575592,0.4152403175830841,-0.19429141283035278,0.6371814012527466,0.5244772434234619,-0.12412911653518677,0.5260640978813171,0.49071115255355835,-0.33740952610969543,0.6373475790023804,0.5555160641670227,-0.15038500726222992,0.5298042893409729,0.5220803618431091,-0.3832988142967224,0.6326959133148193,0.5534309148788452,-0.19096586108207703,0.5378336906433105,0.51344233751297,-0.4050450325012207,0.6300214529037476,0.5444856882095337,-0.139963299036026,0.5382761359214783,0.5026488900184631,-0.3477005660533905,0.5924900770187378,0.523820161819458,0.03148214519023895,0.5340532064437866,0.5232341885566711,-0.031570129096508026,0.5982920527458191,0.6736201047897339,0.09227092564105988,0.5236780047416687,0.6767798662185669,-0.013966145925223827,0.603039562702179,0.7979901432991028,0.29398640990257263,0.5180458426475525,0.8065139055252075,0.16049423813819885,0.5951582789421082,0.8158420324325562,0.30599769949913025,0.523841917514801,0.8193797469139099,0.16999551653862,0.6269158720970154,0.8453611731529236,0.1753496527671814,0.5139280557632446,0.8558533787727356,0.019974075257778168
120,draw_x,a06_s10_e03,0.57172691822052,0.236590176820755,-0.381523072719574,0.5762137770652771,0.22363314032554626,-0.3627827763557434,0.5799874663352966,0.2237086147069931,-0.36276009678840637,0.5829848647117615,0.2237357348203659,-0.36273062229156494,0.5662028789520264,0.2232576310634613,-0.37064245343208313,0.5614737868309021,0.2232826054096222,-0.3706797957420349,0.5566660761833191,0.2232685536146164,-0.37063315510749817,0.5852101445198059,0.2300388216972351,-0.22170642018318176,0.5476199388504028,0.2298021912574768,-0.26600581407546997,0.5759634971618652,0.25278159976005554,-0.32892322540283203,0.5623442530632019,0.2527826130390167,-0.34112244844436646,0.6122569441795349,0.3252286911010742,-0.09369543194770813,0.512119472026825,0.31674644351005554,-0.18503670394420624,0.6255584955215454,0.4281662106513977,-0.005467708222568035,0.4983307719230652,0.4180529713630676,-0.18060488998889923,0.6378977298736572,0.5240352153778076,-0.12191859632730484,0.5183233022689819,0.49648934602737427,-0.3049948215484619,0.6380599737167358,0.5550378561019897,-0.14854587614536285,0.519840657711029,0.526516854763031,-0.34795716404914856,0.6331154704093933,0.5530974268913269,-0.18984277546405792,0.5280838012695312,0.5202707648277283,-0.37253743410110474,0.6304510831832886,0.5442694425582886,-0.1380937397480011,0.5293446779251099,0.5091925263404846,-0.31603479385375977,0.5925922989845276,0.5245924592018127,0.03029824234545231,0.5344323515892029,0.52345210313797,-0.030383434146642685,0.5987551808357239,0.6737661361694336,0.09223181009292603,0.5235539674758911,0.676809549331665,-0.014153936877846718,0.6031720638275146,0.7979408502578735,0.29402732849121094,0.5179938077926636,0.8063821792602539,0.15899255871772766,0.5953884124755859,0.8157712817192078,0.3059440851211548,0.5237903594970703,0.8193782567977905,0.16790346801280975,0.6269267201423645,0.8455646634101868,0.17511549592018127,0.5138887166976929,0.8554063439369202,0.018797315657138824
121,draw_x,a06_s10_e03,0.5715862512588501,0.23677127063274384,-0.3696066737174988,0.5760392546653748,0.2236880362033844,-0.34979793429374695,0.5798291563987732,0.2237403839826584,-0.34978431463241577,0.5828543305397034,0.2237473428249359,-0.3497541546821594,0.5660743117332458,0.22336821258068085,-0.3574724793434143,0.5613762736320496,0.2233877331018448,-0.35750389099121094,0.5566008687019348,0.2233603298664093,-0.3574882745742798,0.5851200222969055,0.2300354689359665,-0.21314163506031036,0.5475892424583435,0.22981327772140503,-0.2530151903629303,0.5758348703384399,0.2529252767562866,-0.31769755482673645,0.5622738599777222,0.2529407739639282,-0.32898393273353577,0.6124407052993774,0.32509106397628784,-0.09193865954875946,0.5116987824440002,0.31767818331718445,-0.17376652359962463,0.6257036328315735,0.4280146062374115,-0.004761802032589912,0.4965030252933502,0.41878417134284973,-0.1490555852651596,0.63824862241745,0.5234509706497192,-0.12115748226642609,0.5104624032974243,0.5005099177360535,-0.25207194685935974,0.6385273337364197,0.5543984770774841,-0.14832451939582825,0.5104696154594421,0.5317448377609253,-0.2916664481163025,0.6336089372634888,0.552608847618103,-0.1888832151889801,0.5183927416801453,0.5273779034614563,-0.31837671995162964,0.6310123801231384,0.5439065098762512,-0.1370336413383484,0.5212236642837524,0.5176973342895508,-0.2638174593448639,0.5926944613456726,0.5248502492904663,0.02699914202094078,0.5347079634666443,0.5236872434616089,-0.027060726657509804,0.5990830063819885,0.6740949153900146,0.0920138955116272,0.5229973196983337,0.6771480441093445,-0.014207241125404835,0.6033052802085876,0.7979231476783752,0.2949768006801605,0.5178968906402588,0.8063730001449585,0.15281419456005096,0.595721960067749,0.8156961798667908,0.3069784641265869,0.5237973928451538,0.8194640278816223,0.16057872772216797,0.6269667744636536,0.8456907272338867,0.17631122469902039,0.5131146907806396,0.8549602627754211,0.012729798443615437
122,draw_x,a06_s10_e03,0.5714903473854065,0.23702804744243622,-0.36487317085266113,0.5759249329566956,0.22380638122558594,-0.3449423611164093,0.5797268152236938,0.22383910417556763,-0.34493085741996765,0.5827513337135315,0.22382350265979767,-0.34489741921424866,0.5659609436988831,0.22350266575813293,-0.3520154356956482,0.5612853169441223,0.22349897027015686,-0.3520447313785553,0.5565320253372192,0.22345228493213654,-0.35203835368156433,0.5850499868392944,0.2300405353307724,-0.2101583480834961,0.5475537180900574,0.2298261523246765,-0.24590691924095154,0.5757330656051636,0.253157377243042,-0.31334665417671204,0.5622129440307617,0.2532023787498474,-0.32360661029815674,0.6126704812049866,0.3249262869358063,-0.09218917787075043,0.5114951729774475,0.3185744285583496,-0.16741326451301575,0.6258894205093384,0.4278701841831207,-0.0072111571207642555,0.49560123682022095,0.4194493591785431,-0.13499554991722107,0.6385226249694824,0.5230456590652466,-0.12150987237691879,0.5038575530052185,0.5045875310897827,-0.23112459480762482,0.6390082240104675,0.5539581179618835,-0.14865179359912872,0.5039893388748169,0.5375592708587646,-0.26851898431777954,0.6342708468437195,0.5522726774215698,-0.19238604605197906,0.5112829208374023,0.533664882183075,-0.2975923418998718,0.6317329406738281,0.5436438322067261,-0.14004899561405182,0.5140100121498108,0.5241650342941284,-0.2439940720796585,0.5926845669746399,0.5249151587486267,0.02410154789686203,0.5346987843513489,0.5241009593009949,-0.024159274995326996,0.599259614944458,0.6742474436759949,0.09383032470941544,0.5228598117828369,0.6779651045799255,-0.014119218103587627,0.6035248637199402,0.7978214025497437,0.2939770221710205,0.5178665518760681,0.8064207434654236,0.14872527122497559,0.5963103175163269,0.8153688907623291,0.30539175868034363,0.5238623023033142,0.819583535194397,0.15573854744434357,0.6269581317901611,0.8457100987434387,0.1745571792125702,0.5123270153999329,0.8544639348983765,0.009061511605978012
123,draw_x,a06_s10_e03,0.5714297890663147,0.23724767565727234,-0.3710283637046814,0.575885534286499,0.22391287982463837,-0.3515975773334503,0.579695463180542,0.22393201291561127,-0.3515910804271698,0.5827040672302246,0.22390221059322357,-0.3515593111515045,0.5658901333808899,0.22359487414360046,-0.3568283021450043,0.5612283945083618,0.22355738282203674,-0.3568601608276367,0.5564775466918945,0.22348856925964355,-0.35683301091194153,0.5850127935409546,0.23004473745822906,-0.21911194920539856,0.5474827289581299,0.22983206808567047,-0.24747474491596222,0.5756626725196838,0.25338175892829895,-0.3207666575908661,0.5621629953384399,0.25342729687690735,-0.32905876636505127,0.6128098964691162,0.32480981945991516,-0.104603610932827,0.5112409591674805,0.31921830773353577,-0.17417459189891815,0.6260517835617065,0.4275089502334595,-0.02265274152159691,0.49496540427207947,0.4220535159111023,-0.13867080211639404,0.6387114524841309,0.5227378010749817,-0.13156497478485107,0.49817514419555664,0.5097392797470093,-0.23221397399902344,0.6393288969993591,0.5536515116691589,-0.15817928314208984,0.49611130356788635,0.5427106022834778,-0.2682268023490906,0.6347998976707458,0.5519940853118896,-0.20258808135986328,0.5021857023239136,0.5396330952644348,-0.29889053106307983,0.6322709321975708,0.5434175729751587,-0.15098664164543152,0.5050936937332153,0.5307260751724243,-0.24575810134410858,0.5924994349479675,0.524787187576294,0.022825520485639572,0.5342957377433777,0.5240891575813293,-0.022897901013493538,0.5993474721908569,0.6742405295372009,0.09021949023008347,0.5228637456893921,0.678066611289978,-0.014158511534333229,0.6036759614944458,0.7976123690605164,0.2782706320285797,0.51784747838974,0.8064362406730652,0.14710839092731476,0.5966561436653137,0.8150711059570312,0.288444459438324,0.5238651037216187,0.8196561932563782,0.1540665626525879,0.6269559860229492,0.8457217812538147,0.15707828104496002,0.5121077299118042,0.8540929555892944,0.007726525422185659
124,draw_x,a06_s10_e03,0.5713815093040466,0.2373678982257843,-0.3964816927909851,0.5758496522903442,0.22398580610752106,-0.37730640172958374,0.579671323299408,0.22399382293224335,-0.37729930877685547,0.5826663970947266,0.22395025193691254,-0.377275288105011,0.5658365488052368,0.22365222871303558,-0.3829208314418793,0.5611894726753235,0.22358885407447815,-0.3829723596572876,0.5564419031143188,0.2235065996646881,-0.38296061754226685,0.5849796533584595,0.23004454374313354,-0.24126477539539337,0.5474058389663696,0.22983409464359283,-0.2706116735935211,0.5755948424339294,0.25348055362701416,-0.34415966272354126,0.5621166229248047,0.25354012846946716,-0.35268765687942505,0.6129003763198853,0.32476621866226196,-0.12363769859075546,0.5111881494522095,0.3193638026714325,-0.17974258959293365,0.6261469125747681,0.4272485673427582,-0.042040131986141205,0.4954160749912262,0.4235388934612274,-0.14242352545261383,0.6388793587684631,0.5223917365074158,-0.15089485049247742,0.49436479806900024,0.5141071081161499,-0.23595598340034485,0.6395338177680969,0.5534520745277405,-0.17790193855762482,0.48870986700057983,0.5467260479927063,-0.2710341513156891,0.6352273225784302,0.5518219470977783,-0.2230774164199829,0.49349039793014526,0.5457950830459595,-0.30457180738449097,0.6327087879180908,0.5433114171028137,-0.17075400054454803,0.49724191427230835,0.5377339720726013,-0.2508339583873749,0.5924677848815918,0.5241555571556091,0.022492798045277596,0.5342555642127991,0.5237497687339783,-0.022579874843358994,0.5994864106178284,0.6741210222244263,0.082879438996315,0.5229164958000183,0.6778572201728821,-0.014249539002776146,0.6037471294403076,0.7973362803459167,0.27324792742729187,0.517781674861908,0.8063987493515015,0.1499772071838379,0.5967692136764526,0.8147398829460144,0.2837469279766083,0.5238021612167358,0.8196445107460022,0.1575832962989807,0.6269903779029846,0.8457285165786743,0.15134480595588684,0.5120308995246887,0.8538604974746704,0.010298986919224262
125,draw_x,a06_s10_e03,0.5712862610816956,0.23738519847393036,-0.42081546783447266,0.5757721662521362,0.2239900678396225,-0.4016786515712738,0.5796228647232056,0.22399704158306122,-0.40166783332824707,0.5826238393783569,0.2239510416984558,-0.40164899826049805,0.5656996369361877,0.2236587107181549,-0.40733522176742554,0.5610666275024414,0.22359588742256165,-0.407397985458374,0.5563279986381531,0.22351379692554474,-0.4073942303657532,0.5849481225013733,0.23002900183200836,-0.2627354562282562,0.5472966432571411,0.22983375191688538,-0.29214051365852356,0.5755027532577515,0.2535064220428467,-0.36707931756973267,0.5620154738426208,0.2535897195339203,-0.37558624148368835,0.612980306148529,0.3247571289539337,-0.141531839966774,0.5112041234970093,0.3195502460002899,-0.1932210922241211,0.6262665390968323,0.427171528339386,-0.060232359915971756,0.49561530351638794,0.4242764711380005,-0.15148569643497467,0.639037549495697,0.5221002101898193,-0.1712770164012909,0.49205002188682556,0.5168158411979675,-0.24602124094963074,0.6396878957748413,0.5533888936042786,-0.19932539761066437,0.48287883400917053,0.5499050617218018,-0.281222403049469,0.635395348072052,0.5517423748970032,-0.2447982281446457,0.48792093992233276,0.5500161647796631,-0.31585928797721863,0.6328517198562622,0.5432365536689758,-0.19130754470825195,0.49246835708618164,0.5415071249008179,-0.26134851574897766,0.5923441052436829,0.5234785079956055,0.0221513994038105,0.5341108441352844,0.5232251286506653,-0.022252686321735382,0.5995082259178162,0.6740808486938477,0.0735168606042862,0.5230292677879333,0.677666425704956,-0.013838361017405987,0.6037931442260742,0.7971935868263245,0.2712644338607788,0.5176532864570618,0.8062840104103088,0.1594497263431549,0.596845805644989,0.8144830465316772,0.28240180015563965,0.5235617160797119,0.8195788264274597,0.16794408857822418,0.6270152926445007,0.8457472324371338,0.14764566719532013,0.5120171308517456,0.8537054657936096,0.018407681956887245
126,draw_x,a06_s10_e03,0.5711733102798462,0.23741067945957184,-0.4264742434024811,0.5756655335426331,0.22399352490901947,-0.4074472486972809,0.5795495510101318,0.2239997386932373,-0.40743499994277954,0.5825726985931396,0.223952054977417,-0.40741848945617676,0.5655226707458496,0.22366397082805634,-0.41304129362106323,0.5609074234962463,0.2236015796661377,-0.41310572624206543,0.5561545491218567,0.22351913154125214,-0.4131046235561371,0.584919810295105,0.23001867532730103,-0.26882290840148926,0.5471698045730591,0.22983701527118683,-0.2978212237358093,0.5754092335700989,0.2535351812839508,-0.37280958890914917,0.5618910789489746,0.25365421175956726,-0.38119325041770935,0.6130327582359314,0.32473239302635193,-0.1473156064748764,0.5111992359161377,0.3197104334831238,-0.20025265216827393,0.6263636350631714,0.42715999484062195,-0.06607989966869354,0.49584874510765076,0.42552024126052856,-0.15432435274124146,0.6391116976737976,0.5221238136291504,-0.17490346729755402,0.4904205799102783,0.5176336765289307,-0.24830381572246552,0.6397675275802612,0.5534027218818665,-0.2028655707836151,0.4798097610473633,0.5503904223442078,-0.2832844853401184,0.6354252099990845,0.5517471432685852,-0.2478843480348587,0.48467016220092773,0.5508644580841064,-0.3186275362968445,0.6328617334365845,0.5432470440864563,-0.19473415613174438,0.4898979663848877,0.5425710678100586,-0.2639647126197815,0.592083215713501,0.5231272578239441,0.02173691615462303,0.5338538885116577,0.5228756666183472,-0.02184620127081871,0.5995215177536011,0.6740769147872925,0.0619518868625164,0.5230929851531982,0.6775429248809814,-0.013249294832348824,0.6038099527359009,0.7970925569534302,0.2607101500034332,0.5175269842147827,0.8060286045074463,0.1681828498840332,0.5968602895736694,0.8143255114555359,0.27193304896354675,0.5233331918716431,0.8192048668861389,0.17759078741073608,0.6270339488983154,0.8457643389701843,0.13657864928245544,0.5120218992233276,0.8533226847648621,0.028108399361371994
127,draw_x,a06_s10_e03,0.5709801912307739,0.23745785653591156,-0.42216429114341736,0.5754863023757935,0.2240038365125656,-0.4032038748264313,0.5793966054916382,0.2240067422389984,-0.40319475531578064,0.582486093044281,0.22395502030849457,-0.40317901968955994,0.5652899742126465,0.2236778289079666,-0.4083702564239502,0.5606964826583862,0.22360928356647491,-0.40843161940574646,0.555944561958313,0.22352859377861023,-0.4084324836730957,0.584883987903595,0.23001337051391602,-0.26479583978652954,0.5470430850982666,0.22983957827091217,-0.2918330729007721,0.5752413272857666,0.2535974085330963,-0.368526816368103,0.5616918802261353,0.25373831391334534,-0.37630724906921387,0.6130560636520386,0.3247094750404358,-0.14450326561927795,0.5112407207489014,0.31968918442726135,-0.19882544875144958,0.6264334321022034,0.4271371066570282,-0.0660245344042778,0.496298611164093,0.42511990666389465,-0.14571838080883026,0.6391066908836365,0.5221369862556458,-0.17703287303447723,0.4892602562904358,0.5157038569450378,-0.2431848794221878,0.6397942900657654,0.553399920463562,-0.20575852692127228,0.4784236550331116,0.5484603643417358,-0.2786623537540436,0.6354134678840637,0.5517353415489197,-0.251102477312088,0.4833405017852783,0.5486640334129333,-0.3155626058578491,0.6328554749488831,0.5432242155075073,-0.19696323573589325,0.4888361990451813,0.5401659607887268,-0.25967517495155334,0.5919771194458008,0.5227675437927246,0.02066480554640293,0.5336803197860718,0.5222012400627136,-0.020777668803930283,0.5995165705680847,0.6740803122520447,0.059907786548137665,0.5231186151504517,0.6774512529373169,-0.013341793790459633,0.6038533449172974,0.7970884442329407,0.2595321238040924,0.5175002217292786,0.806030809879303,0.16692158579826355,0.5969842076301575,0.8142473697662354,0.27073153853416443,0.5233221054077148,0.8192154765129089,0.17610177397727966,0.6270467042922974,0.8457967042922974,0.13349629938602448,0.5120002031326294,0.8532962203025818,0.027045030146837234
128,draw_x,a06_s10_e03,0.5707569718360901,0.23747001588344574,-0.4262278079986572,0.5753297209739685,0.22400858998298645,-0.407592236995697,0.5792618989944458,0.2240092009305954,-0.4075777530670166,0.5824160575866699,0.22395461797714233,-0.40755829215049744,0.5650361776351929,0.22368210554122925,-0.41237449645996094,0.5604090094566345,0.2236141562461853,-0.4124395251274109,0.5556724667549133,0.2235400229692459,-0.41244015097618103,0.584867000579834,0.23001033067703247,-0.26998797059059143,0.5468692779541016,0.22986193001270294,-0.29517409205436707,0.5750802159309387,0.25363680720329285,-0.3728657364845276,0.5614336133003235,0.2538127303123474,-0.3801600933074951,0.6130721569061279,0.3246897757053375,-0.14918175339698792,0.5112513303756714,0.3197001814842224,-0.19894228875637054,0.6264641284942627,0.4271257221698761,-0.06955822557210922,0.4957309663295746,0.4253946542739868,-0.14857950806617737,0.6390992999076843,0.5222087502479553,-0.1778152883052826,0.4875093996524811,0.5160412192344666,-0.24501118063926697,0.6397813558578491,0.5534070134162903,-0.2058933973312378,0.47704237699508667,0.5481452941894531,-0.2799477279186249,0.6353363394737244,0.5517516732215881,-0.2508549392223358,0.482138454914093,0.5482612252235413,-0.3161947429180145,0.6327897310256958,0.5432402491569519,-0.19750471413135529,0.48740920424461365,0.5400868654251099,-0.26109573245048523,0.5918834805488586,0.5223270654678345,0.020281868055462837,0.5335803031921387,0.5215612053871155,-0.020402632653713226,0.599522054195404,0.6740239262580872,0.057343173772096634,0.5231453776359558,0.6773330569267273,-0.01303392369300127,0.6038906574249268,0.7971277832984924,0.25187793374061584,0.5174341201782227,0.8059981465339661,0.16687119007110596,0.5970026254653931,0.8142929673194885,0.2624814212322235,0.5232611894607544,0.8191792368888855,0.17592963576316833,0.6270714998245239,0.8459989428520203,0.12529034912586212,0.5119766592979431,0.8531395792961121,0.026663336902856827
129,draw_x,a06_s10_e03,0.5706220865249634,0.2374761402606964,-0.4268112778663635,0.5752023458480835,0.2240123748779297,-0.40826550126075745,0.5791279077529907,0.22401142120361328,-0.40825018286705017,0.5823395848274231,0.22395601868629456,-0.4082314372062683,0.5648908019065857,0.22368860244750977,-0.4130632281303406,0.5602647066116333,0.2236195206642151,-0.4131271243095398,0.5555344820022583,0.22354629635810852,-0.4131264090538025,0.5848202705383301,0.23000863194465637,-0.27088311314582825,0.546746551990509,0.229865163564682,-0.2959761619567871,0.5749650597572327,0.25365957617759705,-0.373457133769989,0.5613051652908325,0.2538343071937561,-0.3807466924190521,0.6130747199058533,0.32467973232269287,-0.15053489804267883,0.5112639665603638,0.31970059871673584,-0.19879361987113953,0.6265338659286499,0.4271309971809387,-0.07009910047054291,0.4956797659397125,0.42608642578125,-0.14754639565944672,0.6390385031700134,0.5225705504417419,-0.1759861707687378,0.48732203245162964,0.5173742771148682,-0.24254126846790314,0.639741063117981,0.553471028804779,-0.20366573333740234,0.47732505202293396,0.5487798452377319,-0.2770230174064636,0.6352075338363647,0.5517850518226624,-0.24836821854114532,0.4822654128074646,0.5489709377288818,-0.31340134143829346,0.6326303482055664,0.5432899594306946,-0.1954856514930725,0.487224817276001,0.5409625172615051,-0.2586771249771118,0.5917233824729919,0.522135853767395,0.019799884408712387,0.533230721950531,0.5212628245353699,-0.019926462322473526,0.5994961261749268,0.6740237474441528,0.052184682339429855,0.5231510400772095,0.6773255467414856,-0.01164950616657734,0.6039444804191589,0.7972545027732849,0.24687322974205017,0.5173723697662354,0.8059978485107422,0.1718495786190033,0.5970903635025024,0.8143619894981384,0.25748854875564575,0.5232352018356323,0.8191630244255066,0.18120236694812775,0.6270557045936584,0.8462276458740234,0.12002862989902496,0.5119410753250122,0.8531469106674194,0.031812749803066254
130,draw_x,a06_s10_e03,0.5704699158668518,0.2374829202890396,-0.42719292640686035,0.5751010179519653,0.22400565445423126,-0.4088289737701416,0.5790306329727173,0.22399678826332092,-0.40881219506263733,0.5822855234146118,0.2239370197057724,-0.4087925851345062,0.5647040009498596,0.2236912101507187,-0.4133908748626709,0.5600403547286987,0.22362248599529266,-0.4134543538093567,0.5552935004234314,0.22355172038078308,-0.41345125436782837,0.5847952365875244,0.229997918009758,-0.27262455224990845,0.5465824007987976,0.22987502813339233,-0.29668664932250977,0.5748654007911682,0.2536666989326477,-0.37432146072387695,0.5611120462417603,0.25386932492256165,-0.38130849599838257,0.6131077408790588,0.3246742784976959,-0.15244163572788239,0.5112714767456055,0.31986093521118164,-0.1991490125656128,0.626587986946106,0.4272404909133911,-0.07193208485841751,0.49575501680374146,0.42669811844825745,-0.14851245284080505,0.6389403343200684,0.523245096206665,-0.17595717310905457,0.4865885376930237,0.5177679657936096,-0.2433508187532425,0.6396464109420776,0.5536972880363464,-0.20329248905181885,0.4772135317325592,0.548548698425293,-0.2776210308074951,0.6350952386856079,0.5520154237747192,-0.24780413508415222,0.4822196364402771,0.5486608147621155,-0.31397169828414917,0.6325052380561829,0.5435400009155273,-0.19530867040157318,0.4870077073574066,0.5408758521080017,-0.25946229696273804,0.5915789604187012,0.5220353603363037,0.019460059702396393,0.5330203175544739,0.5210698843002319,-0.019591476768255234,0.599479615688324,0.6739507913589478,0.05661245435476303,0.5231806039810181,0.6772323250770569,-0.011456984095275402,0.6039645075798035,0.7974522113800049,0.24881646037101746,0.5173437595367432,0.8061120510101318,0.17064785957336426,0.5970948934555054,0.8146460652351379,0.25909650325775146,0.5232344269752502,0.8193193674087524,0.17936310172080994,0.6271271109580994,0.8463531732559204,0.12262654304504395,0.5118259191513062,0.8532910943031311,0.029958169907331467
131,draw_x,a06_s10_e03,0.5704243779182434,0.2374965101480484,-0.4224584102630615,0.5750696659088135,0.22400839626789093,-0.40384942293167114,0.5790029764175415,0.22399799525737762,-0.40383243560791016,0.5822639465332031,0.22393697500228882,-0.40381041169166565,0.5646423697471619,0.22369514405727386,-0.4088333249092102,0.5599545240402222,0.22362589836120605,-0.40889424085617065,0.5551962852478027,0.22355611622333527,-0.40889328718185425,0.5847828984260559,0.22999605536460876,-0.26735275983810425,0.5464823246002197,0.2298879772424698,-0.2933555245399475,0.5748308897018433,0.2537049651145935,-0.36947697401046753,0.5610421299934387,0.25394055247306824,-0.3770100474357605,0.6131572127342224,0.324672132730484,-0.147658109664917,0.5112765431404114,0.3199274241924286,-0.19745704531669617,0.6266064047813416,0.4273262321949005,-0.0673300176858902,0.4956481456756592,0.4268597364425659,-0.1446668803691864,0.6388254761695862,0.5236795544624329,-0.17260107398033142,0.4871542453765869,0.5170933604240417,-0.23881879448890686,0.6395295858383179,0.5538772344589233,-0.20012757182121277,0.4779452681541443,0.5480996370315552,-0.2730293571949005,0.634905993938446,0.5521856546401978,-0.2444220781326294,0.483035147190094,0.5480870604515076,-0.3091921806335449,0.6322940587997437,0.5436996817588806,-0.19194892048835754,0.4877602458000183,0.5402239561080933,-0.2548985481262207,0.5914568305015564,0.5220195651054382,0.019408168271183968,0.5327586531639099,0.5210306644439697,-0.019541554152965546,0.5994690656661987,0.67393559217453,0.05393548682332039,0.5232107639312744,0.6772012710571289,-0.010710903443396091,0.6039908528327942,0.7975025773048401,0.2479255497455597,0.5172922015190125,0.8059787154197693,0.17337794601917267,0.5971590280532837,0.8146974444389343,0.25849246978759766,0.5230393409729004,0.8191014528274536,0.1826910376548767,0.627043604850769,0.8464078903198242,0.12138707935810089,0.5118757486343384,0.8531500101089478,0.033627595752477646
132,draw_x,a06_s10_e03,0.5702472925186157,0.2375028282403946,-0.4230974614620209,0.5749650001525879,0.2240080088376999,-0.4045250415802002,0.5788999199867249,0.22399456799030304,-0.4045090079307556,0.5822135210037231,0.22393305599689484,-0.4044876992702484,0.5644035935401917,0.22369885444641113,-0.4092474579811096,0.5596736669540405,0.22362945973873138,-0.4093092978000641,0.5548895001411438,0.22356033325195312,-0.409308522939682,0.5847727060317993,0.22999444603919983,-0.26861515641212463,0.5463232398033142,0.2299371063709259,-0.29342639446258545,0.5747620463371277,0.2537110447883606,-0.37041160464286804,0.5608404874801636,0.25396138429641724,-0.3775753676891327,0.6131668090820312,0.32468000054359436,-0.15004141628742218,0.5112754106521606,0.3201761841773987,-0.1974969208240509,0.6266065239906311,0.4273475706577301,-0.0712994635105133,0.49574366211891174,0.427472323179245,-0.14574937522411346,0.6385735869407654,0.5237820148468018,-0.17723175883293152,0.48747649788856506,0.5191429257392883,-0.23923631012439728,0.6392877697944641,0.5538846254348755,-0.20535823702812195,0.47852206230163574,0.5501657128334045,-0.27355748414993286,0.6346026659011841,0.5521882772445679,-0.24901652336120605,0.4836072027683258,0.5504014492034912,-0.30944886803627014,0.631935715675354,0.5437014102935791,-0.19633065164089203,0.4880802631378174,0.5423688888549805,-0.25515589118003845,0.591353714466095,0.521990954875946,0.019214559346437454,0.5326288938522339,0.5209370255470276,-0.019349364563822746,0.599411129951477,0.6738664507865906,0.051677532494068146,0.5232521891593933,0.6771438121795654,-0.009594330564141273,0.6039867997169495,0.7975336313247681,0.24676521122455597,0.5172837972640991,0.8059688210487366,0.176968514919281,0.597147524356842,0.8147289752960205,0.257486492395401,0.522994875907898,0.8190743923187256,0.186632439494133,0.6269886493682861,0.8464362621307373,0.12074991315603256,0.5118858814239502,0.8530991077423096,0.03778846189379692
133,draw_x,a06_s10_e03,0.5701976418495178,0.23750777542591095,-0.42162925004959106,0.5749078989028931,0.22400978207588196,-0.402993768453598,0.5788349509239197,0.22399547696113586,-0.40297847986221313,0.5821751952171326,0.2239333987236023,-0.40295618772506714,0.5643277168273926,0.22370167076587677,-0.40787473320961,0.5595875978469849,0.223634272813797,-0.40793532133102417,0.5547809600830078,0.22357288002967834,-0.4079352021217346,0.5847498774528503,0.22999273240566254,-0.2667258381843567,0.5461939573287964,0.2299736589193344,-0.2923116981983185,0.5747236013412476,0.2537307143211365,-0.36880287528038025,0.5607655644416809,0.25401514768600464,-0.3761872351169586,0.6132119297981262,0.3246774673461914,-0.14744040369987488,0.5112655162811279,0.32031112909317017,-0.19745032489299774,0.6266077756881714,0.42735376954078674,-0.06829617917537689,0.49580031633377075,0.42768219113349915,-0.1465167999267578,0.6383415460586548,0.5238804817199707,-0.17518720030784607,0.48789939284324646,0.5200943350791931,-0.24007418751716614,0.6390366554260254,0.5539100766181946,-0.20347698032855988,0.47900304198265076,0.5509291887283325,-0.2746691107749939,0.6343071460723877,0.5522059202194214,-0.24708764255046844,0.484194278717041,0.5511792898178101,-0.3103606700897217,0.6315978765487671,0.5437119603157043,-0.19432196021080017,0.48861461877822876,0.5430906414985657,-0.25589632987976074,0.5911581516265869,0.5220126509666443,0.0194015484303236,0.5324248671531677,0.5209813714027405,-0.019534312188625336,0.5993972420692444,0.6737983822822571,0.05379457026720047,0.5232567191123962,0.6771591901779175,-0.008856612257659435,0.6039887070655823,0.7975866198539734,0.25020653009414673,0.5172408223152161,0.8059093952178955,0.1806465983390808,0.5971362590789795,0.8148746490478516,0.2610519826412201,0.5228578448295593,0.8188608288764954,0.19072796404361725,0.6269739270210266,0.8464745879173279,0.12485386431217194,0.5120145678520203,0.8530519604682922,0.041863374412059784
134,draw_x,a06_s10_e03,0.5701431632041931,0.23752662539482117,-0.4225802421569824,0.5748690366744995,0.2240128368139267,-0.40400537848472595,0.57879638671875,0.2239963561296463,-0.40399178862571716,0.5821513533592224,0.22393298149108887,-0.40397077798843384,0.5642625689506531,0.2237134873867035,-0.40881842374801636,0.5595064759254456,0.22365190088748932,-0.40887951850891113,0.554685652256012,0.22360281646251678,-0.40887966752052307,0.5847428441047668,0.22998997569084167,-0.26769036054611206,0.546104371547699,0.2300111949443817,-0.29294660687446594,0.5746876001358032,0.2537555396556854,-0.36971724033355713,0.5607120394706726,0.25407132506370544,-0.3770085275173187,0.613249659538269,0.3246758282184601,-0.14838340878486633,0.511238157749176,0.32038936018943787,-0.1976499855518341,0.6266061067581177,0.42735961079597473,-0.06907939165830612,0.4958280026912689,0.42783692479133606,-0.14749333262443542,0.6382172107696533,0.5240079760551453,-0.17613889276981354,0.48792606592178345,0.5202621817588806,-0.24137350916862488,0.6388649940490723,0.5539608001708984,-0.20452094078063965,0.4794425964355469,0.5511724352836609,-0.2760263979434967,0.6341157555580139,0.5522431135177612,-0.24819032847881317,0.48461538553237915,0.5514421463012695,-0.3116815686225891,0.6313918828964233,0.5437472462654114,-0.19526955485343933,0.4888692796230316,0.5432912111282349,-0.2571583390235901,0.5910012125968933,0.5220213532447815,0.019493145868182182,0.5322356224060059,0.520982563495636,-0.019625348970294,0.5993894338607788,0.673702597618103,0.05514151602983475,0.5232623815536499,0.6771379709243774,-0.00859767571091652,0.6039904952049255,0.797626793384552,0.25181180238723755,0.5172203183174133,0.8059014678001404,0.17922931909561157,0.5971333384513855,0.8151043057441711,0.2626916766166687,0.522832989692688,0.8188173770904541,0.1890399008989334,0.6269738078117371,0.846491277217865,0.1265866756439209,0.5120101571083069,0.8530586957931519,0.040097031742334366
135,draw_x,a06_s10_e03,0.5700540542602539,0.2375454157590866,-0.4257056713104248,0.5748072862625122,0.22401516139507294,-0.40734872221946716,0.5787343382835388,0.22399714589118958,-0.4073357582092285,0.5821205973625183,0.2239326685667038,-0.4073176980018616,0.5641704797744751,0.22372128069400787,-0.4120248258113861,0.5594135522842407,0.22366215288639069,-0.412085622549057,0.5545979738235474,0.223621666431427,-0.4120868742465973,0.584736704826355,0.22998832166194916,-0.27116501331329346,0.5460617542266846,0.2300432175397873,-0.2958088219165802,0.5746545195579529,0.2537941038608551,-0.3728158175945282,0.5606303215026855,0.25413385033607483,-0.37992754578590393,0.6132838129997253,0.3246716558933258,-0.15080896019935608,0.5112398862838745,0.3204410672187805,-0.20018282532691956,0.6266032457351685,0.4273642599582672,-0.07117835432291031,0.4958323538303375,0.42782652378082275,-0.14870767295360565,0.6381844282150269,0.5241469144821167,-0.17770513892173767,0.4878202974796295,0.5206039547920227,-0.2421046495437622,0.6388314962387085,0.5540351867675781,-0.20599889755249023,0.47952666878700256,0.5513157248497009,-0.2772868275642395,0.6340187788009644,0.5523147583007812,-0.2498151957988739,0.4847602844238281,0.5514806509017944,-0.3120564818382263,0.6312717795372009,0.5438130497932434,-0.19690072536468506,0.48898616433143616,0.5432965755462646,-0.25723880529403687,0.5908858180046082,0.5220263004302979,0.019576558843255043,0.5321391820907593,0.520962119102478,-0.019707703962922096,0.599386990070343,0.6735966801643372,0.05603642389178276,0.5232654809951782,0.6771355867385864,-0.008453967049717903,0.6039923429489136,0.7975910902023315,0.25279051065444946,0.5171829462051392,0.8058841824531555,0.1787433922290802,0.5971289873123169,0.8151065707206726,0.2636699080467224,0.522804319858551,0.8187537789344788,0.188541442155838,0.6269737482070923,0.8464958071708679,0.12762436270713806,0.5120511651039124,0.8530501127243042,0.039640530943870544
136,draw_x,a06_s10_e03,0.5699504613876343,0.23757079243659973,-0.43246787786483765,0.5747477412223816,0.224022775888443,-0.41427311301231384,0.5786636471748352,0.22400067746639252,-0.4142609238624573,0.5820819735527039,0.22393426299095154,-0.4142456650733948,0.5640884041786194,0.22373810410499573,-0.4186383783817291,0.5593246221542358,0.2236824929714203,-0.4187043309211731,0.5545110106468201,0.22365190088748932,-0.4187082350254059,0.5847275257110596,0.22998684644699097,-0.27814382314682007,0.5460103154182434,0.23007245361804962,-0.30124765634536743,0.5745930671691895,0.253827840089798,-0.37956443428993225,0.56050044298172,0.25418922305107117,-0.3862447738647461,0.6133004426956177,0.32465699315071106,-0.15785862505435944,0.511241614818573,0.3204537630081177,-0.20331904292106628,0.6266046762466431,0.42739540338516235,-0.07989398390054703,0.4958639144897461,0.42784178256988525,-0.1502162516117096,0.6381779909133911,0.5241541862487793,-0.1864524781703949,0.48786717653274536,0.5210745334625244,-0.2422436773777008,0.6388217806816101,0.5540421605110168,-0.21498040854930878,0.4795915186405182,0.5516445636749268,-0.27799805998802185,0.6339932680130005,0.5523310899734497,-0.2589104473590851,0.48489275574684143,0.5518792271614075,-0.31344905495643616,0.6312294602394104,0.5438238978385925,-0.2056652307510376,0.4890952706336975,0.5437124371528625,-0.2581947445869446,0.5907660126686096,0.522007942199707,0.019255386665463448,0.5320377945899963,0.520943820476532,-0.019388124346733093,0.5993502140045166,0.6735040545463562,0.05471832677721977,0.5232704877853394,0.67723149061203,-0.007666688412427902,0.6039936542510986,0.7976793050765991,0.2502109408378601,0.5171788334846497,0.8060292601585388,0.17897066473960876,0.597126841545105,0.8152637481689453,0.26096615195274353,0.5228191018104553,0.8188468813896179,0.18865792453289032,0.626986563205719,0.8466165661811829,0.12439459562301636,0.5120387077331543,0.8531970977783203,0.039716195315122604
137,draw_x,a06_s10_e03,0.5699398517608643,0.23757769167423248,-0.4373897910118103,0.574741780757904,0.22402410209178925,-0.41901350021362305,0.5786594748497009,0.2239995002746582,-0.41900157928466797,0.5820765495300293,0.22393225133419037,-0.41898655891418457,0.5640777349472046,0.22374136745929718,-0.4234718680381775,0.5593137145042419,0.2236834615468979,-0.4235396385192871,0.5544968843460083,0.2236557900905609,-0.42354685068130493,0.5847214460372925,0.22998544573783875,-0.2818673849105835,0.5459895730018616,0.23007920384407043,-0.3054046034812927,0.5745839476585388,0.2538610100746155,-0.38408738374710083,0.5604791641235352,0.25423482060432434,-0.3909028172492981,0.6133031845092773,0.3246220648288727,-0.160523921251297,0.5112448334693909,0.32045304775238037,-0.20692689716815948,0.6266040802001953,0.4274003207683563,-0.08317120373249054,0.4958709180355072,0.42779800295829773,-0.1553783267736435,0.638170063495636,0.5241042375564575,-0.19089917838573456,0.48795223236083984,0.5211513042449951,-0.24808141589164734,0.6388139724731445,0.5540370941162109,-0.21965937316417694,0.4796208441257477,0.5518643856048584,-0.28349241614341736,0.6339857578277588,0.5523235201835632,-0.2637850046157837,0.4849662780761719,0.5521211624145508,-0.31991076469421387,0.6312140226364136,0.5438110828399658,-0.2102387696504593,0.4891911447048187,0.5438821315765381,-0.26434680819511414,0.5906256437301636,0.5219776630401611,0.019119201228022575,0.5319181680679321,0.5209067463874817,-0.019252140074968338,0.5992946028709412,0.6733847856521606,0.055256374180316925,0.5232675075531006,0.6772397756576538,-0.007090198341757059,0.6039950251579285,0.7976872324943542,0.25040605664253235,0.5171812176704407,0.8060640692710876,0.1803053915500641,0.5971326231956482,0.8152807354927063,0.2611713707447052,0.5228630304336548,0.818865180015564,0.19008585810661316,0.6269855499267578,0.8466256260871887,0.12480799108743668,0.5120391249656677,0.8533660173416138,0.04089871793985367
138,draw_x,a06_s10_e03,0.5698703527450562,0.23759163916110992,-0.4359303414821625,0.5747048258781433,0.2240259200334549,-0.41765594482421875,0.5786217451095581,0.2239997833967209,-0.41764259338378906,0.5820590257644653,0.22393175959587097,-0.4176256060600281,0.5640179514884949,0.22374491393566132,-0.4220659136772156,0.5592533349990845,0.22368621826171875,-0.4221329092979431,0.5544413328170776,0.22366085648536682,-0.42213892936706543,0.584716260433197,0.2299840897321701,-0.28116375207901,0.5459613800048828,0.23008768260478973,-0.3045370280742645,0.5745454430580139,0.2538919448852539,-0.3828754127025604,0.5604084730148315,0.2542780041694641,-0.3896448612213135,0.6133122444152832,0.32460469007492065,-0.16019973158836365,0.5112541913986206,0.3204556703567505,-0.20658521354198456,0.6266054511070251,0.427347868680954,-0.08289997279644012,0.49582356214523315,0.4277682602405548,-0.15574362874031067,0.6381837129592896,0.5239049792289734,-0.1898508369922638,0.4881706237792969,0.5209526419639587,-0.24811474978923798,0.6388342976570129,0.5539834499359131,-0.21836134791374207,0.47979897260665894,0.5518254041671753,-0.28354325890541077,0.6339841485023499,0.552221953868866,-0.26231804490089417,0.4851810336112976,0.5520849227905273,-0.31990471482276917,0.6312093138694763,0.5437065958976746,-0.2090921700000763,0.4894125461578369,0.5438171625137329,-0.26440027356147766,0.5905905961990356,0.5219652056694031,0.01895458623766899,0.531880259513855,0.5208918452262878,-0.019088050350546837,0.5992815494537354,0.673288881778717,0.055624496191740036,0.5232349634170532,0.6772423386573792,-0.007083917502313852,0.6039836406707764,0.7977014183998108,0.25092813372612,0.517185628414154,0.8060926795005798,0.17995727062225342,0.5971218347549438,0.8153202533721924,0.2617197036743164,0.522875964641571,0.818881094455719,0.18953609466552734,0.6269828677177429,0.8466262817382812,0.12569580972194672,0.5120258927345276,0.8538666367530823,0.04082384333014488
