frame_index,label,video_id,l0_x,l0_y,l0_z,l1_x,l1_y,l1_z,l2_x,l2_y,l2_z,l3_x,l3_y,l3_z,l4_x,l4_y,l4_z,l5_x,l5_y,l5_z,l6_x,l6_y,l6_z,l7_x,l7_y,l7_z,l8_x,l8_y,l8_z,l9_x,l9_y,l9_z,l10_x,l10_y,l10_z,l11_x,l11_y,l11_z,l12_x,l12_y,l12_z,l13_x,l13_y,l13_z,l14_x,l14_y,l14_z,l15_x,l15_y,l15_z,l16_x,l16_y,l16_z,l17_x,l17_y,l17_z,l18_x,l18_y,l18_z,l19_x,l19_y,l19_z,l20_x,l20_y,l20_z,l21_x,l21_y,l21_z,l22_x,l22_y,l22_z,l23_x,l23_y,l23_z,l24_x,l24_y,l24_z,l25_x,l25_y,l25_z,l26_x,l26_y,l26_z,l27_x,l27_y,l27_z,l28_x,l28_y,l28_z,l29_x,l29_y,l29_z,l30_x,l30_y,l30_z,l31_x,l31_y,l31_z,l32_x,l32_y,l32_z
0,drink,a16_s01_e02,0.5276447534561157,0.2929866909980774,-0.3586466908454895,0.5340414047241211,0.27937227487564087,-0.3416898548603058,0.5371594429016113,0.2794109582901001,-0.3417229652404785,0.5409020185470581,0.2797190546989441,-0.3417268395423889,0.521454393863678,0.2798161208629608,-0.34360966086387634,0.5171323418617249,0.2798698842525482,-0.34362712502479553,0.5135796070098877,0.2802659571170807,-0.34363019466400146,0.5454435348510742,0.2845965325832367,-0.21753744781017303,0.5072035193443298,0.28596946597099304,-0.22789707779884338,0.5346774458885193,0.30940213799476624,-0.31056007742881775,0.5200337767601013,0.3092191815376282,-0.3136146664619446,0.577817440032959,0.3759557008743286,-0.12023212760686874,0.4774232804775238,0.3755181133747101,-0.13259238004684448,0.5900283455848694,0.4783466160297394,-0.05731385201215744,0.46415990591049194,0.47960519790649414,-0.07601011544466019,0.6075831055641174,0.5604967474937439,-0.16324381530284882,0.45112982392311096,0.5598248839378357,-0.17655238509178162,0.6109949946403503,0.5900025963783264,-0.1925710141658783,0.4436626434326172,0.585567057132721,-0.20854386687278748,0.607569694519043,0.5899881720542908,-0.2335672825574875,0.44351834058761597,0.583923876285553,-0.24870304763317108,0.6047083139419556,0.5820948481559753,-0.18132959306240082,0.44913387298583984,0.5752758383750916,-0.19497230648994446,0.5550798773765564,0.5691995620727539,0.00790625624358654,0.4972658157348633,0.5721973776817322,-0.007918912917375565,0.5670144557952881,0.7158372402191162,0.019855983555316925,0.49036139249801636,0.7197183966636658,-0.006359823048114777,0.5675233006477356,0.836925208568573,0.18665088713169098,0.48704439401626587,0.8455379009246826,0.1570315957069397,0.5569348931312561,0.8538697361946106,0.1943715214729309,0.4928932189941406,0.8607722520828247,0.16417987644672394,0.5905030965805054,0.8898683190345764,0.06074478477239609,0.4773101806640625,0.8939975500106812,0.023450147360563278
1,drink,a16_s01_e02,0.5276387929916382,0.29358404874801636,-0.358627587556839,0.5340245366096497,0.27989158034324646,-0.34177717566490173,0.5370906591415405,0.27989786863327026,-0.34180742502212524,0.5406496524810791,0.28008466958999634,-0.3418096601963043,0.521486759185791,0.28002703189849854,-0.3436047434806824,0.5172234773635864,0.28004851937294006,-0.34362202882766724,0.5137421488761902,0.28035128116607666,-0.34362462162971497,0.5454065203666687,0.2849099338054657,-0.21827206015586853,0.5074843168258667,0.28604140877723694,-0.22750158607959747,0.5346634387969971,0.3096545934677124,-0.31055790185928345,0.5200377106666565,0.3095702826976776,-0.31337136030197144,0.5777982473373413,0.3750506639480591,-0.12047459930181503,0.4774289131164551,0.3740752935409546,-0.1316296011209488,0.5900478363037109,0.4762650728225708,-0.05776212736964226,0.4642089903354645,0.4774665832519531,-0.07492293417453766,0.6080468893051147,0.5605038404464722,-0.16366103291511536,0.45136722922325134,0.5580050349235535,-0.1756645292043686,0.6111121773719788,0.5900612473487854,-0.19302217662334442,0.4435850977897644,0.5855394601821899,-0.20777089893817902,0.6076146364212036,0.589989423751831,-0.2345883548259735,0.44363051652908325,0.5837665796279907,-0.2481221854686737,0.6048759818077087,0.582259476184845,-0.18197251856327057,0.44925054907798767,0.5751765370368958,-0.19417354464530945,0.5550764799118042,0.5692906975746155,0.007378567010164261,0.49743324518203735,0.5720303654670715,-0.00739775225520134,0.5665649175643921,0.7158384323120117,0.016415655612945557,0.490396648645401,0.7197265625,-0.0063280463218688965,0.567447304725647,0.8373457789421082,0.1805228292942047,0.4873964190483093,0.8466407060623169,0.15702615678310394,0.5566607713699341,0.854493260383606,0.1881348341703415,0.49356311559677124,0.8610218167304993,0.16417263448238373,0.590503990650177,0.8898445963859558,0.05452123284339905,0.47742313146591187,0.8939913511276245,0.023589733988046646
2,drink,a16_s01_e02,0.5276350378990173,0.2940935492515564,-0.35458412766456604,0.5340138673782349,0.2803835868835449,-0.33860161900520325,0.5370404124259949,0.28036877512931824,-0.33862632513046265,0.5404782891273499,0.28047049045562744,-0.3386247754096985,0.5215222835540771,0.2802828848361969,-0.33982664346694946,0.5173075199127197,0.28027257323265076,-0.33983808755874634,0.513882577419281,0.28047817945480347,-0.3398323059082031,0.5453829169273376,0.28518760204315186,-0.21689856052398682,0.5077106952667236,0.28613242506980896,-0.22376863658428192,0.5346550345420837,0.3098873794078827,-0.30707496404647827,0.5200446844100952,0.30986538529396057,-0.3090919852256775,0.5777891874313354,0.3745303750038147,-0.11941660940647125,0.47743621468544006,0.3731625974178314,-0.12828433513641357,0.5900454521179199,0.475372314453125,-0.05662905052304268,0.46421605348587036,0.4758949875831604,-0.07127203047275543,0.6083375215530396,0.5605040788650513,-0.16093537211418152,0.45145782828330994,0.5563780665397644,-0.17189684510231018,0.6112305521965027,0.5900986790657043,-0.18998022377490997,0.44346627593040466,0.5851901173591614,-0.2038223296403885,0.6076629161834717,0.589988648891449,-0.23183508217334747,0.44363802671432495,0.5831391215324402,-0.24439024925231934,0.6050202250480652,0.5823729038238525,-0.1793724149465561,0.4492731988430023,0.5745119452476501,-0.19055546820163727,0.5550655722618103,0.5693709850311279,0.006961526814848185,0.49745798110961914,0.5718586444854736,-0.006979235447943211,0.5663686990737915,0.7158804535865784,0.015115998685359955,0.49041876196861267,0.7197433114051819,-0.0062767816707491875,0.5674196481704712,0.8379590511322021,0.17455646395683289,0.4876810610294342,0.8474046587944031,0.15481165051460266,0.556529700756073,0.8552791476249695,0.181709885597229,0.49386852979660034,0.8612591028213501,0.16165536642074585,0.5905013680458069,0.8898126482963562,0.048879269510507584,0.47757968306541443,0.8939327001571655,0.022594917565584183
3,drink,a16_s01_e02,0.5276330709457397,0.29431071877479553,-0.35728102922439575,0.5340034365653992,0.2805978059768677,-0.3416197896003723,0.5370033383369446,0.2805657982826233,-0.34163787961006165,0.5403595566749573,0.2806147038936615,-0.3416348397731781,0.5215417146682739,0.28040915727615356,-0.3426106870174408,0.5173637866973877,0.2803952097892761,-0.34262320399284363,0.5139700174331665,0.2805550694465637,-0.3426164388656616,0.5453559160232544,0.2853206396102905,-0.22008590400218964,0.507839560508728,0.2862072288990021,-0.2260308712720871,0.5346499681472778,0.30999451875686646,-0.3097386062145233,0.5200495719909668,0.3100431263446808,-0.31144607067108154,0.5777827501296997,0.37417712807655334,-0.1213231235742569,0.4774349331855774,0.37284013628959656,-0.1297377496957779,0.5900740027427673,0.47468259930610657,-0.05777427554130554,0.4642174243927002,0.47589921951293945,-0.07215516269207001,0.6085889339447021,0.5605720281600952,-0.1612868458032608,0.4515741765499115,0.5563660860061646,-0.17195816338062286,0.61133873462677,0.5901647210121155,-0.19020891189575195,0.4434549808502197,0.5852511525154114,-0.20398876070976257,0.6077205538749695,0.5899974703788757,-0.23234805464744568,0.44371142983436584,0.5831509232521057,-0.24441936612129211,0.6051473021507263,0.5825653076171875,-0.17983052134513855,0.44931530952453613,0.5745851993560791,-0.19058814644813538,0.5550565123558044,0.5694371461868286,0.0068784961476922035,0.4974885880947113,0.5717984437942505,-0.006898369640111923,0.5662054419517517,0.7159047722816467,0.014060096815228462,0.4904356002807617,0.7197692394256592,-0.006505703087896109,0.5673854947090149,0.8383187055587769,0.17459075152873993,0.48788022994995117,0.8481152653694153,0.15458539128303528,0.5563744306564331,0.8557196259498596,0.18185700476169586,0.49418091773986816,0.861653745174408,0.16147038340568542,0.5905061960220337,0.8898294568061829,0.048636067658662796,0.4776367247104645,0.8939307332038879,0.022374166175723076
4,drink,a16_s01_e02,0.5276272296905518,0.29445257782936096,-0.3618472218513489,0.5339910387992859,0.2807314097881317,-0.34611037373542786,0.5369715094566345,0.2806881070137024,-0.3461255133152008,0.5402666926383972,0.28070688247680664,-0.34612351655960083,0.5215470790863037,0.28049030900001526,-0.34706249833106995,0.5173825025558472,0.28047460317611694,-0.34707754850387573,0.5140121579170227,0.28060662746429443,-0.34707164764404297,0.5453321933746338,0.28542560338974,-0.2237158715724945,0.507931113243103,0.28628119826316833,-0.22946710884571075,0.5346449613571167,0.3100774586200714,-0.31395235657691956,0.5200507044792175,0.31017154455184937,-0.31561151146888733,0.5777765512466431,0.37400519847869873,-0.12354850769042969,0.4774329662322998,0.37271609902381897,-0.13196441531181335,0.5900892615318298,0.4743209183216095,-0.059239357709884644,0.4642200469970703,0.4758795201778412,-0.07428336143493652,0.6086692214012146,0.5605873465538025,-0.16310185194015503,0.4516969621181488,0.5561684370040894,-0.17391963303089142,0.6113533973693848,0.5902032256126404,-0.1920401155948639,0.44348326325416565,0.585235059261322,-0.20590655505657196,0.6077238321304321,0.5900009274482727,-0.2344590723514557,0.44391554594039917,0.5830076336860657,-0.24634340405464172,0.6051813960075378,0.5826650261878967,-0.18177875876426697,0.4494573473930359,0.5744533538818359,-0.19248266518115997,0.5550360083580017,0.5695790648460388,0.006830407772213221,0.49751192331314087,0.5717971920967102,-0.006852754391729832,0.5661101937294006,0.7159250378608704,0.01321991253644228,0.4904535710811615,0.719817042350769,-0.0065009333193302155,0.5673709511756897,0.8384996652603149,0.17580386996269226,0.48801979422569275,0.8484752178192139,0.1565217673778534,0.5563098788261414,0.8558781743049622,0.18307051062583923,0.4943830370903015,0.8618314266204834,0.16374275088310242,0.590506374835968,0.889828085899353,0.0499042272567749,0.4777323603630066,0.8939275741577148,0.02404206618666649
5,drink,a16_s01_e02,0.5276072025299072,0.2944795787334442,-0.36232179403305054,0.5339662432670593,0.28075507283210754,-0.3464837670326233,0.5369353294372559,0.2807072103023529,-0.3465003967285156,0.5401697158813477,0.28071513772010803,-0.34649890661239624,0.5215483903884888,0.28050073981285095,-0.34741324186325073,0.5173942446708679,0.2804843485355377,-0.3474283814430237,0.5140388607978821,0.280610054731369,-0.34742385149002075,0.5453154444694519,0.2854517996311188,-0.22410567104816437,0.5080012083053589,0.2862955331802368,-0.22976748645305634,0.5346304178237915,0.3100932538509369,-0.31449609994888306,0.5200498104095459,0.3102163076400757,-0.3161289691925049,0.5777755975723267,0.37392452359199524,-0.12446655333042145,0.4774330258369446,0.37256187200546265,-0.13241800665855408,0.5900982618331909,0.47415226697921753,-0.060767631977796555,0.46417903900146484,0.47563931345939636,-0.07496411353349686,0.6087687015533447,0.5606426000595093,-0.1648157387971878,0.4518095850944519,0.5556871891021729,-0.17446839809417725,0.6114195585250854,0.5902670621871948,-0.19376970827579498,0.4434829354286194,0.5851515531539917,-0.20639638602733612,0.6077653169631958,0.5900213122367859,-0.2362077534198761,0.4439968466758728,0.5828360915184021,-0.24674277007579803,0.6052552461624146,0.5827934145927429,-0.18348588049411774,0.4495401382446289,0.5743108987808228,-0.19298772513866425,0.5550276041030884,0.5696842074394226,0.00679791858419776,0.49753451347351074,0.5718008279800415,-0.006820805370807648,0.566035807132721,0.7159331440925598,0.014205580577254295,0.4904702603816986,0.7198740243911743,-0.005198772065341473,0.5673397779464722,0.8386778235435486,0.17709240317344666,0.48816004395484924,0.8487228155136108,0.15887625515460968,0.5562423467636108,0.8560820817947388,0.18446719646453857,0.49455708265304565,0.861973226070404,0.16615867614746094,0.5905246734619141,0.8898109793663025,0.05116846412420273,0.4777960777282715,0.8938983082771301,0.026421809569001198
6,drink,a16_s01_e02,0.5274821519851685,0.2944432199001312,-0.36251407861709595,0.5338560342788696,0.28072690963745117,-0.34654688835144043,0.5368670225143433,0.2806810140609741,-0.3465650677680969,0.5400092601776123,0.2806776165962219,-0.3465643525123596,0.5215068459510803,0.280463308095932,-0.3473740518093109,0.5173801183700562,0.2804470956325531,-0.34738922119140625,0.5140372514724731,0.2805694341659546,-0.3473845422267914,0.5452884435653687,0.2854531705379486,-0.22391942143440247,0.5080171823501587,0.2862960994243622,-0.2295524626970291,0.5345652103424072,0.3100874125957489,-0.31466370820999146,0.5199938416481018,0.31021586060523987,-0.3161639869213104,0.5777747631072998,0.3737899363040924,-0.12493127584457397,0.477416455745697,0.37245973944664,-0.13188134133815765,0.5901289582252502,0.4739246368408203,-0.06346648186445236,0.4638906419277191,0.47486308217048645,-0.0755281001329422,0.6088387966156006,0.560718834400177,-0.16996708512306213,0.4518226981163025,0.5539199113845825,-0.18083661794662476,0.6114444136619568,0.5903720855712891,-0.19969329237937927,0.4434916377067566,0.5832874178886414,-0.21360215544700623,0.6077715158462524,0.5900697112083435,-0.24214252829551697,0.44409117102622986,0.5800569653511047,-0.25364693999290466,0.6052727103233337,0.5829542279243469,-0.18863041698932648,0.4496697783470154,0.5709181427955627,-0.19945427775382996,0.5550180673599243,0.5698443055152893,0.006739424075931311,0.49749502539634705,0.5718222260475159,-0.006762460805475712,0.5660088658332825,0.7160043120384216,0.014409842900931835,0.49047937989234924,0.7198776602745056,-0.004618125502020121,0.5673378705978394,0.8387182354927063,0.1788942813873291,0.4882240295410156,0.8488816022872925,0.16145575046539307,0.5562374591827393,0.8561318516731262,0.18644045293331146,0.49467024207115173,0.8620734810829163,0.1688489019870758,0.5905541777610779,0.8897991180419922,0.05159047991037369,0.4778112471103668,0.893896758556366,0.02822498418390751
7,drink,a16_s01_e02,0.5272344350814819,0.2943806052207947,-0.3575006425380707,0.5336709022521973,0.2806912064552307,-0.341455340385437,0.5367676615715027,0.2806548774242401,-0.3414732813835144,0.5397894978523254,0.28064870834350586,-0.3414691090583801,0.5213779807090759,0.28041544556617737,-0.34191304445266724,0.517303466796875,0.28040018677711487,-0.34192711114883423,0.5139921307563782,0.28052011132240295,-0.34192362427711487,0.5452570915222168,0.28546226024627686,-0.22006085515022278,0.5080239176750183,0.2862975299358368,-0.2239353209733963,0.5344236493110657,0.3100742697715759,-0.31029897928237915,0.5198436975479126,0.31020721793174744,-0.311394065618515,0.577773928642273,0.37366798520088196,-0.1234540119767189,0.4774000644683838,0.3724062144756317,-0.12878097593784332,0.5902078747749329,0.47382986545562744,-0.06316374242305756,0.4635370373725891,0.4741477370262146,-0.07675231248140335,0.6089260578155518,0.5607213973999023,-0.16930224001407623,0.4513624608516693,0.5527425408363342,-0.18572230637073517,0.6114960312843323,0.5904140472412109,-0.19878119230270386,0.4431930184364319,0.5814985632896423,-0.21863682568073273,0.6078188419342041,0.5900813341140747,-0.24084241688251495,0.4440135955810547,0.577876091003418,-0.25767818093299866,0.6053451895713806,0.583004891872406,-0.18783719837665558,0.449537992477417,0.5690162181854248,-0.20404641330242157,0.5550242066383362,0.5700559020042419,0.006674177944660187,0.49750471115112305,0.5719883441925049,-0.006697730161249638,0.5659825801849365,0.7160195708274841,0.014932109043002129,0.49050870537757874,0.719916582107544,-0.003993689082562923,0.5673263669013977,0.8387486338615417,0.17899073660373688,0.48829278349876404,0.848929762840271,0.16142287850379944,0.5562023520469666,0.8561703562736511,0.18657253682613373,0.49477308988571167,0.8621029257774353,0.16877947747707367,0.5905722975730896,0.8897868990898132,0.05166734382510185,0.47786110639572144,0.8938816785812378,0.028660913929343224
8,drink,a16_s01_e02,0.5269266366958618,0.2943781614303589,-0.36022430658340454,0.533451497554779,0.2806967496871948,-0.34431326389312744,0.5366524457931519,0.2806679308414459,-0.3443298935890198,0.5395687818527222,0.2806628942489624,-0.34432852268218994,0.5212135314941406,0.2804156243801117,-0.34448888897895813,0.5171981453895569,0.2804001271724701,-0.3445011079311371,0.5139018893241882,0.2805168926715851,-0.3444947302341461,0.5452210903167725,0.2855440378189087,-0.2225283831357956,0.508025586605072,0.28630530834198,-0.22523240745067596,0.5342439413070679,0.31008443236351013,-0.3128628730773926,0.5196057558059692,0.31022292375564575,-0.31366562843322754,0.5777730941772461,0.3736143410205841,-0.12411881983280182,0.47740107774734497,0.3722953498363495,-0.12890948355197906,0.590258002281189,0.47369030117988586,-0.06263305246829987,0.46265214681625366,0.47117456793785095,-0.07808828353881836,0.6090825200080872,0.5604783296585083,-0.16305094957351685,0.4474741816520691,0.5471246242523193,-0.1922719031572342,0.6115881204605103,0.5903483033180237,-0.19075104594230652,0.44004249572753906,0.5742334723472595,-0.22501258552074432,0.60787034034729,0.5899401903152466,-0.23260712623596191,0.4414263665676117,0.5696300268173218,-0.26484036445617676,0.605441689491272,0.5829546451568604,-0.1812046468257904,0.4467025697231293,0.5605071783065796,-0.21113650500774384,0.5550061464309692,0.5701068639755249,0.006567883305251598,0.497489869594574,0.5720160603523254,-0.006590268574655056,0.5659419298171997,0.7160055041313171,0.022976690903306007,0.49056535959243774,0.7199220061302185,-0.004003201611340046,0.5672870874404907,0.8387395143508911,0.18590030074119568,0.48832082748413086,0.849067747592926,0.15679794549942017,0.5561205148696899,0.8561724424362183,0.19316111505031586,0.4948042929172516,0.8622552752494812,0.16328302025794983,0.590572714805603,0.889723002910614,0.0574602372944355,0.4779418408870697,0.8938988447189331,0.02161443792283535
9,drink,a16_s01_e02,0.5265020728111267,0.2944154143333435,-0.3603654205799103,0.5331234335899353,0.28079232573509216,-0.3444884717464447,0.5364857912063599,0.2807762920856476,-0.34450533986091614,0.5392805933952332,0.2807638943195343,-0.34450358152389526,0.520957350730896,0.2804873585700989,-0.344552218914032,0.517022967338562,0.28046897053718567,-0.3445647954940796,0.5137326717376709,0.28055641055107117,-0.3445579707622528,0.5451732873916626,0.28569087386131287,-0.2224912941455841,0.5080267190933228,0.28638792037963867,-0.22505943477153778,0.5339853167533875,0.31015142798423767,-0.3129390776157379,0.5192973017692566,0.31032276153564453,-0.3136715292930603,0.5777783393859863,0.37354740500450134,-0.12351115047931671,0.4774889051914215,0.3722037374973297,-0.12713880836963654,0.5903530716896057,0.4736219346523285,-0.05682053416967392,0.46233052015304565,0.46629685163497925,-0.07877251505851746,0.6092315912246704,0.5601251125335693,-0.1502661257982254,0.4443601667881012,0.5375610589981079,-0.19960787892341614,0.6116881966590881,0.5902301669120789,-0.1761263757944107,0.43734192848205566,0.5634000897407532,-0.23273682594299316,0.6079322099685669,0.5897346138954163,-0.21821951866149902,0.43894797563552856,0.5591495633125305,-0.2727859616279602,0.6055574417114258,0.5828209519386292,-0.16831833124160767,0.44370442628860474,0.5504382848739624,-0.2188614308834076,0.5550049543380737,0.5701588988304138,0.006317157298326492,0.4975089430809021,0.5720085501670837,-0.006339461542665958,0.5659218430519104,0.7159951329231262,0.02613065578043461,0.49059581756591797,0.7199305891990662,-0.004192125052213669,0.567272961139679,0.8386667966842651,0.19020286202430725,0.48832184076309204,0.8490964770317078,0.15338735282421112,0.5560819506645203,0.8561328053474426,0.19746598601341248,0.4948144853115082,0.8623075485229492,0.15948832035064697,0.5905742049217224,0.889609158039093,0.06197964400053024,0.4779445230960846,0.893784761428833,0.01757047325372696
10,drink,a16_s01_e02,0.5260968208312988,0.2943950295448303,-0.37087908387184143,0.5328238010406494,0.28079289197921753,-0.35441333055496216,0.5363486409187317,0.28077784180641174,-0.35443490743637085,0.5390647649765015,0.28076478838920593,-0.354437917470932,0.5206574201583862,0.28048956394195557,-0.35389795899391174,0.516791045665741,0.2804713547229767,-0.3539182245731354,0.5134662985801697,0.28055673837661743,-0.3539064824581146,0.5451232194900513,0.28574249148368835,-0.22869186103343964,0.5080156326293945,0.28643929958343506,-0.22883343696594238,0.5337580442428589,0.31015297770500183,-0.32232850790023804,0.5189879536628723,0.3103422224521637,-0.3223891258239746,0.5777930617332458,0.3735237121582031,-0.12845268845558167,0.47765007615089417,0.3721923232078552,-0.1273718774318695,0.5906577110290527,0.4734194874763489,-0.06641983985900879,0.4617892801761627,0.46144112944602966,-0.0937228575348854,0.6093242764472961,0.5596028566360474,-0.16259518265724182,0.44056248664855957,0.5239092111587524,-0.24072878062725067,0.6117932200431824,0.5900058746337891,-0.18941344320774078,0.4338614046573639,0.5458498001098633,-0.2771809697151184,0.6079609394073486,0.5893879532814026,-0.23142309486865997,0.4351275563240051,0.5419372916221619,-0.3164348900318146,0.6055979132652283,0.5826303958892822,-0.1805828958749771,0.43936610221862793,0.5345064997673035,-0.2604578137397766,0.5549079179763794,0.5701874494552612,0.005676667205989361,0.49750930070877075,0.5719937682151794,-0.005706903524696827,0.5659060478210449,0.7159814238548279,0.02511262521147728,0.49060654640197754,0.7200157046318054,-0.004533753730356693,0.5672668218612671,0.8385981321334839,0.19706037640571594,0.4884089529514313,0.849129855632782,0.15838947892189026,0.5560438632965088,0.8561192154884338,0.2052907645702362,0.4949112832546234,0.8623131513595581,0.16524559259414673,0.590582013130188,0.8895599246025085,0.0680762454867363,0.47797098755836487,0.8937644362449646,0.021230174228549004
11,drink,a16_s01_e02,0.525080680847168,0.2943286895751953,-0.3656083345413208,0.5320128202438354,0.2806814908981323,-0.34900781512260437,0.5360029935836792,0.280677855014801,-0.3490232825279236,0.5386478304862976,0.2806752026081085,-0.34901878237724304,0.5198677778244019,0.28044697642326355,-0.34742406010627747,0.5162448287010193,0.28045204281806946,-0.34744858741760254,0.5128276944160461,0.28053924441337585,-0.3474310040473938,0.545035183429718,0.2857474088668823,-0.22261667251586914,0.5079900622367859,0.2864711880683899,-0.2199961245059967,0.5330695509910583,0.31015387177467346,-0.3170962333679199,0.5182039141654968,0.3103683292865753,-0.3160605728626251,0.5778659582138062,0.3735126256942749,-0.12192179262638092,0.47792157530784607,0.37212520837783813,-0.11945948749780655,0.5910362005233765,0.47342807054519653,-0.05903899669647217,0.46079176664352417,0.45666804909706116,-0.09891234338283539,0.6095030903816223,0.5592395067214966,-0.149967759847641,0.4393872320652008,0.5135523676872253,-0.26333197951316833,0.6120452284812927,0.5898920893669128,-0.17533014714717865,0.43279504776000977,0.5314812064170837,-0.30181223154067993,0.6081209778785706,0.5891196131706238,-0.21689124405384064,0.43372923135757446,0.5270562171936035,-0.3381574749946594,0.6057406067848206,0.58247971534729,-0.16759708523750305,0.43756985664367676,0.5215936899185181,-0.28232699632644653,0.5549218058586121,0.5702933073043823,0.005289129447191954,0.4976045489311218,0.571990966796875,-0.005325612612068653,0.5658844709396362,0.7159928679466248,0.029246386140584946,0.49061059951782227,0.7200447916984558,-0.011579805985093117,0.5672300457954407,0.838595986366272,0.20782878994941711,0.4884127974510193,0.8491275310516357,0.1480148732662201,0.5560210943222046,0.8561185598373413,0.21654650568962097,0.4949546456336975,0.862305760383606,0.15447738766670227,0.5905462503433228,0.8894585371017456,0.08181457221508026,0.4779752194881439,0.8937624096870422,0.012167751789093018
12,drink,a16_s01_e02,0.5240648984909058,0.29358500242233276,-0.3363288342952728,0.5313693881034851,0.2797181010246277,-0.31932297348976135,0.5357173681259155,0.2797868847846985,-0.3193407952785492,0.5383830666542053,0.2799397110939026,-0.3193507194519043,0.5191184878349304,0.2795678675174713,-0.3179566264152527,0.5157119035720825,0.27958694100379944,-0.3179987370967865,0.5121872425079346,0.27971869707107544,-0.3179866373538971,0.5449854731559753,0.2856709659099579,-0.19391685724258423,0.5079465508460999,0.2861451506614685,-0.19162945449352264,0.5323651432991028,0.30985623598098755,-0.288321316242218,0.5172728896141052,0.3100131154060364,-0.2877456247806549,0.5778637528419495,0.37346675992012024,-0.10178987681865692,0.4779277741909027,0.3720179796218872,-0.10392490774393082,0.591579794883728,0.47344690561294556,-0.05919555574655533,0.45910507440567017,0.4536888003349304,-0.15578073263168335,0.6100385785102844,0.55922532081604,-0.1527520716190338,0.43972378969192505,0.4843989610671997,-0.39747971296310425,0.6126005053520203,0.5898938775062561,-0.18205437064170837,0.4327285885810852,0.49765029549598694,-0.4474565088748932,0.6085193753242493,0.589113175868988,-0.2172190397977829,0.4340432584285736,0.48827219009399414,-0.47576379776000977,0.6061105132102966,0.5824853181838989,-0.1677059680223465,0.4380219578742981,0.4833177328109741,-0.4153311848640442,0.5549308061599731,0.57025545835495,0.0059127104468643665,0.49769988656044006,0.5718896985054016,-0.005965701304376125,0.5658785104751587,0.7160914540290833,0.024567460641264915,0.4906330704689026,0.720550537109375,-0.011461162008345127,0.567226767539978,0.8387952446937561,0.20320434868335724,0.48849576711654663,0.8492352962493896,0.1518685519695282,0.5560376644134521,0.8563169836997986,0.21197541058063507,0.4950922429561615,0.862339437007904,0.15958526730537415,0.5906223654747009,0.889454185962677,0.07726900279521942,0.4780522286891937,0.8937540054321289,0.016063198447227478
13,drink,a16_s01_e02,0.5225762128829956,0.29255062341690063,-0.33131128549575806,0.530404806137085,0.27855587005615234,-0.314586341381073,0.5350410342216492,0.2786310315132141,-0.31459686160087585,0.5379675030708313,0.2789144814014435,-0.3145982623100281,0.5181373953819275,0.2785196900367737,-0.31333956122398376,0.5148485898971558,0.2785574793815613,-0.31338927149772644,0.5112897753715515,0.2787570059299469,-0.3133704960346222,0.5447951555252075,0.2854737937450409,-0.19123241305351257,0.5079159736633301,0.2857489585876465,-0.1887444406747818,0.5312176942825317,0.30916836857795715,-0.2838546633720398,0.5160501599311829,0.3092942535877228,-0.28324174880981445,0.5778659582138062,0.37336617708206177,-0.09772598743438721,0.47790560126304626,0.3719937205314636,-0.09768005460500717,0.5918747186660767,0.4736868143081665,-0.059208326041698456,0.4553263187408447,0.4573706388473511,-0.1676264852285385,0.6103953719139099,0.5592852234840393,-0.15519021451473236,0.4404010772705078,0.4608810544013977,-0.42056041955947876,0.6130638122558594,0.5898846387863159,-0.18396763503551483,0.4332191050052643,0.46334078907966614,-0.47036558389663696,0.6089124083518982,0.5890706181526184,-0.22035053372383118,0.43458351492881775,0.4509483575820923,-0.4894060492515564,0.6064567565917969,0.5824794173240662,-0.16840454936027527,0.43840494751930237,0.4490925073623657,-0.4343564510345459,0.5549229979515076,0.5700739622116089,0.006675776094198227,0.4977783262729645,0.5717315077781677,-0.006761811673641205,0.5658751726150513,0.7162657380104065,0.014521735720336437,0.490630567073822,0.7210888266563416,-0.007218070328235626,0.5672236084938049,0.8390981554985046,0.20456933975219727,0.48855775594711304,0.8492759466171265,0.17429277300834656,0.5560372471809387,0.8565940856933594,0.21470768749713898,0.4951848089694977,0.8623420596122742,0.18395662307739258,0.5908063054084778,0.8894728422164917,0.07930343598127365,0.4781130850315094,0.8938037753105164,0.04040749743580818
14,drink,a16_s01_e02,0.5216315984725952,0.29218101501464844,-0.33858388662338257,0.5298036932945251,0.2779937982559204,-0.32217928767204285,0.5345791578292847,0.27801817655563354,-0.32219281792640686,0.5376955270767212,0.2783096730709076,-0.3221927285194397,0.5174137353897095,0.27813655138015747,-0.3212752938270569,0.5140805840492249,0.2782057821750641,-0.32132023572921753,0.5105383992195129,0.2784323990345001,-0.32130616903305054,0.5446527600288391,0.28534170985221863,-0.1943371593952179,0.5078344345092773,0.2856747806072235,-0.19833700358867645,0.5303643941879272,0.30890899896621704,-0.2910735607147217,0.5150812268257141,0.30914610624313354,-0.2910026013851166,0.5778728723526001,0.37335988879203796,-0.09822071343660355,0.47789376974105835,0.37202030420303345,-0.10476579517126083,0.592022716999054,0.4739174246788025,-0.07145274430513382,0.4505104422569275,0.4621131718158722,-0.1908336728811264,0.6107110977172852,0.5595230460166931,-0.16942813992500305,0.4407435357570648,0.43525391817092896,-0.44815269112586975,0.613371729850769,0.5898993611335754,-0.19422733783721924,0.4369891583919525,0.42715027928352356,-0.4965430200099945,0.609265923500061,0.5890807509422302,-0.22632797062397003,0.4402303099632263,0.414777547121048,-0.5077948570251465,0.6068247556686401,0.582531213760376,-0.18203039467334747,0.4419993460178375,0.4159570038318634,-0.4583202004432678,0.5549243688583374,0.5700549483299255,0.006719636730849743,0.49789494276046753,0.5717161297798157,-0.006823204457759857,0.5658754110336304,0.7163907885551453,0.014870340935885906,0.49062633514404297,0.7216624021530151,0.0006220837822183967,0.5672210454940796,0.8393247127532959,0.212803915143013,0.4886390268802643,0.8495280742645264,0.18156766891479492,0.5560470819473267,0.8567251563072205,0.22371511161327362,0.49524417519569397,0.8624693751335144,0.19159069657325745,0.59093177318573,0.8895169496536255,0.09162495285272598,0.4782671332359314,0.893848717212677,0.05164293572306633
15,drink,a16_s01_e02,0.5198960900306702,0.2913638651371002,-0.3304033875465393,0.5284340381622314,0.2770117521286011,-0.31563225388526917,0.5334030985832214,0.27702295780181885,-0.3156244456768036,0.5370643734931946,0.27729135751724243,-0.31560218334198,0.5162513256072998,0.27730533480644226,-0.31212976574897766,0.5128851532936096,0.2774597108364105,-0.3121865689754486,0.509617269039154,0.27777671813964844,-0.31217625737190247,0.5444344878196716,0.28501397371292114,-0.19853535294532776,0.5077446699142456,0.28548458218574524,-0.18866173923015594,0.5290535092353821,0.3083617389202118,-0.2862682342529297,0.5137819051742554,0.30865293741226196,-0.2828349173069,0.5779671669006348,0.37335243821144104,-0.10325189679861069,0.4780966341495514,0.3705330193042755,-0.09610562026500702,0.5921003818511963,0.47414878010749817,-0.07446259260177612,0.44804853200912476,0.46042320132255554,-0.18601804971694946,0.6110268831253052,0.5598017573356628,-0.16832080483436584,0.44002366065979004,0.4055359959602356,-0.4438878893852234,0.6136168837547302,0.5899218320846558,-0.19246947765350342,0.43704700469970703,0.39055687189102173,-0.4916377663612366,0.6095367074012756,0.5891091227531433,-0.22312375903129578,0.44088298082351685,0.38149064779281616,-0.4986657500267029,0.6070975661277771,0.5826165676116943,-0.1820058524608612,0.44221562147140503,0.38573157787323,-0.4527226388454437,0.5549213886260986,0.5699464082717896,0.00617105420678854,0.4979611933231354,0.5715166926383972,-0.006322677247226238,0.5658687949180603,0.7164919972419739,0.01526513509452343,0.4905850887298584,0.721667468547821,0.0039584217593073845,0.5672122240066528,0.8393441438674927,0.21875707805156708,0.4886553883552551,0.8495291471481323,0.18493857979774475,0.5560466051101685,0.8567395806312561,0.23040315508842468,0.49525922536849976,0.8624644875526428,0.19537626206874847,0.5909742712974548,0.8895101547241211,0.10061059892177582,0.47836941480636597,0.8938400745391846,0.058497052639722824
16,drink,a16_s01_e02,0.5182554125785828,0.29007449746131897,-0.31605640053749084,0.5271425247192383,0.2759634256362915,-0.30162331461906433,0.5322455763816833,0.27602577209472656,-0.30161091685295105,0.5363410711288452,0.27627354860305786,-0.3015839457511902,0.5151718854904175,0.2761416435241699,-0.2962819039821625,0.5117965936660767,0.2763485014438629,-0.2963404953479767,0.5088012218475342,0.276696115732193,-0.2963365912437439,0.5442216992378235,0.2846095860004425,-0.19061562418937683,0.5076264142990112,0.28507962822914124,-0.16982634365558624,0.5275248289108276,0.3075650930404663,-0.2738185524940491,0.5125176906585693,0.3076005280017853,-0.2678452134132385,0.5780524611473083,0.3733484447002411,-0.10388314723968506,0.4784614145755768,0.3680470883846283,-0.081639364361763,0.5921436548233032,0.4742829501628876,-0.07414387166500092,0.4465576112270355,0.45668497681617737,-0.17646297812461853,0.611157238483429,0.56024569272995,-0.1638241857290268,0.4402821958065033,0.3898743987083435,-0.42564067244529724,0.6137276291847229,0.5900949239730835,-0.18402689695358276,0.4380650520324707,0.372042179107666,-0.4729260504245758,0.6096153855323792,0.5892781019210815,-0.2136530578136444,0.44293466210365295,0.3637126684188843,-0.47650665044784546,0.6071454882621765,0.5829154849052429,-0.17550966143608093,0.44445258378982544,0.36933645606040955,-0.43316715955734253,0.554916262626648,0.5698751211166382,0.005143128335475922,0.4979794919490814,0.5713022351264954,-0.0053395600989460945,0.5658661723136902,0.7169829607009888,0.013929568231105804,0.49054163694381714,0.7218015193939209,0.005717054940760136,0.5671912431716919,0.8394013047218323,0.22582879662513733,0.4887006878852844,0.849561870098114,0.19356267154216766,0.5560294389724731,0.8567912578582764,0.23916494846343994,0.4952872693538666,0.8624664545059204,0.20538146793842316,0.5910394191741943,0.8895514607429504,0.11144399642944336,0.4784683287143707,0.8938397765159607,0.07057612389326096
17,drink,a16_s01_e02,0.5170923471450806,0.28924065828323364,-0.2879315912723541,0.5260595083236694,0.27527931332588196,-0.2733455300331116,0.5312861800193787,0.2753925025463104,-0.27333229780197144,0.5356156229972839,0.2756846249103546,-0.27330368757247925,0.5142913460731506,0.27531731128692627,-0.266769677400589,0.5109730958938599,0.2755293846130371,-0.26681071519851685,0.5081862807273865,0.27585920691490173,-0.2668021619319916,0.5439766049385071,0.2844005525112152,-0.16704176366329193,0.5074900388717651,0.28494492173194885,-0.13970039784908295,0.5264174342155457,0.3070262670516968,-0.24790267646312714,0.5117231607437134,0.3069273829460144,-0.24018020927906036,0.5780536532402039,0.3733280897140503,-0.0913899689912796,0.47967806458473206,0.3671209514141083,-0.05755690857768059,0.5920950174331665,0.4742752015590668,-0.06756075471639633,0.4436224400997162,0.44935721158981323,-0.16112032532691956,0.6111849546432495,0.5604007244110107,-0.1413671374320984,0.44128745794296265,0.368487685918808,-0.3904842436313629,0.6137781739234924,0.5902568697929382,-0.16090701520442963,0.44178080558776855,0.3471422493457794,-0.43693917989730835,0.6096353530883789,0.5894994139671326,-0.19152720272541046,0.4472990930080414,0.3385164439678192,-0.4409249722957611,0.6071479916572571,0.5832273364067078,-0.15349790453910828,0.44983211159706116,0.34543997049331665,-0.3980758786201477,0.5549333691596985,0.5699134469032288,0.0037591352593153715,0.49803751707077026,0.5713126063346863,-0.003971449099481106,0.5658639669418335,0.7172628045082092,0.014310764148831367,0.49048811197280884,0.7219032645225525,0.008119345642626286,0.5671736001968384,0.839447021484375,0.2264937460422516,0.48871511220932007,0.8494813442230225,0.19276538491249084,0.5560232400894165,0.8568212389945984,0.23953500390052795,0.49530377984046936,0.862275242805481,0.2042894810438156,0.5910779237747192,0.8895698189735413,0.11277862638235092,0.4784986972808838,0.8938047885894775,0.0719737783074379
18,drink,a16_s01_e02,0.5169808268547058,0.288051575422287,-0.27875563502311707,0.5258516669273376,0.2744591534137726,-0.2636144757270813,0.531062126159668,0.2746363878250122,-0.26359719038009644,0.5354251265525818,0.27490103244781494,-0.2635665833950043,0.514055609703064,0.2744796872138977,-0.25715404748916626,0.5107036232948303,0.27479010820388794,-0.25719624757766724,0.5079375505447388,0.2751731872558594,-0.25718945264816284,0.5439099669456482,0.28380775451660156,-0.15702034533023834,0.507355809211731,0.28476396203041077,-0.13007919490337372,0.5264466404914856,0.30593937635421753,-0.2388567179441452,0.5116217136383057,0.30607277154922485,-0.23126666247844696,0.5780677795410156,0.37333011627197266,-0.08112605661153793,0.48053592443466187,0.3659909665584564,-0.051783353090286255,0.592043399810791,0.4742793142795563,-0.05423778295516968,0.442347913980484,0.44331297278404236,-0.15592636168003082,0.6111980676651001,0.5604471564292908,-0.12493189424276352,0.44276338815689087,0.36038461327552795,-0.3839026093482971,0.61379075050354,0.5904034376144409,-0.1442578285932541,0.44560879468917847,0.33456042408943176,-0.4311140179634094,0.609639585018158,0.5896973013877869,-0.17516681551933289,0.4513517916202545,0.3275340795516968,-0.43192753195762634,0.6071468591690063,0.5834325551986694,-0.13741536438465118,0.4540939927101135,0.33494454622268677,-0.390653133392334,0.5550060868263245,0.5699201226234436,0.003699410008266568,0.4981064796447754,0.5713115334510803,-0.0039100656285882,0.5658654570579529,0.717431902885437,0.01806880161166191,0.49044471979141235,0.7219937443733215,0.0069857873022556305,0.5671417117118835,0.839457631111145,0.23100948333740234,0.4887274205684662,0.8494827747344971,0.18872147798538208,0.5559870004653931,0.8568242192268372,0.2441062033176422,0.49534544348716736,0.8622757196426392,0.19982004165649414,0.5911002159118652,0.8895787596702576,0.11809144169092178,0.47853225469589233,0.893791139125824,0.06690354645252228
19,drink,a16_s01_e02,0.5148397088050842,0.2869982421398163,-0.27102306485176086,0.5241979360580444,0.27353641390800476,-0.25721701979637146,0.5293442010879517,0.27372437715530396,-0.2571808397769928,0.5341478586196899,0.27407631278038025,-0.2571454644203186,0.513003945350647,0.27373284101486206,-0.24924862384796143,0.5099173784255981,0.2741500735282898,-0.24930080771446228,0.5072706937789917,0.27460670471191406,-0.24930381774902344,0.543465256690979,0.2833101451396942,-0.15722496807575226,0.5073044896125793,0.28435230255126953,-0.12357799708843231,0.5240625739097595,0.304925799369812,-0.23380252718925476,0.5100253224372864,0.30523836612701416,-0.22425320744514465,0.5780590176582336,0.37337636947631836,-0.0796508938074112,0.4810701310634613,0.3656873404979706,-0.054228056222200394,0.5920364260673523,0.4742763936519623,-0.04887344688177109,0.4407769739627838,0.430653840303421,-0.16382116079330444,0.6112039089202881,0.5605829358100891,-0.11033166944980621,0.4470953047275543,0.3438310921192169,-0.3870912194252014,0.6137897372245789,0.5904846787452698,-0.12744076550006866,0.45183616876602173,0.31643790006637573,-0.4353724420070648,0.609638512134552,0.5898343324661255,-0.15751929581165314,0.45764485001564026,0.3104042410850525,-0.4296560287475586,0.6071387529373169,0.5836215615272522,-0.12236417829990387,0.4597494602203369,0.31935274600982666,-0.3916131556034088,0.5550254583358765,0.5699869990348816,0.003828502492979169,0.49811071157455444,0.5713667273521423,-0.004065654706209898,0.5658514499664307,0.7174666523933411,0.023743750527501106,0.49039220809936523,0.7222338914871216,0.006116120610386133,0.5670669078826904,0.8394863605499268,0.2422146052122116,0.4888034462928772,0.8496015667915344,0.18810339272022247,0.555941641330719,0.8568453192710876,0.2561877369880676,0.495431512594223,0.8623764514923096,0.19970619678497314,0.5911030769348145,0.8895730376243591,0.13108447194099426,0.4786762595176697,0.8938726782798767,0.06698879599571228
20,drink,a16_s01_e02,0.5133737921714783,0.28427284955978394,-0.25364869832992554,0.5227659940719604,0.2718816101551056,-0.24019746482372284,0.5276878476142883,0.2721499502658844,-0.24016225337982178,0.53281170129776,0.2726666033267975,-0.24012479186058044,0.512151837348938,0.2722201347351074,-0.23143836855888367,0.5092058181762695,0.27268075942993164,-0.231490820646286,0.5066418051719666,0.2731350362300873,-0.231492280960083,0.5429591536521912,0.2824707329273224,-0.14441823959350586,0.5072669982910156,0.2833358943462372,-0.1068800836801529,0.5222049951553345,0.3027912378311157,-0.2181997299194336,0.508928656578064,0.3028496503829956,-0.20756497979164124,0.5780531764030457,0.37334540486335754,-0.07036624848842621,0.48173078894615173,0.36537790298461914,-0.04325299710035324,0.5920014977455139,0.473855584859848,-0.04270239174365997,0.44015055894851685,0.4251233637332916,-0.15964676439762115,0.6111932992935181,0.5604990124702454,-0.10335870832204819,0.4496625065803528,0.34242498874664307,-0.3821863830089569,0.6137776374816895,0.5904449820518494,-0.12015610933303833,0.45419543981552124,0.31386587023735046,-0.4305036664009094,0.6096307635307312,0.5898295044898987,-0.14994078874588013,0.4595600962638855,0.3069073557853699,-0.4263879358768463,0.6071280241012573,0.5836157202720642,-0.11525945365428925,0.4618960916996002,0.3165864050388336,-0.3870374858379364,0.5550390481948853,0.5700079798698425,0.004052597563713789,0.4981389045715332,0.5713669657707214,-0.004307330586016178,0.5658445954322815,0.7174660563468933,0.026525303721427917,0.4903899133205414,0.7222260236740112,0.002115527167916298,0.5670098066329956,0.8394871950149536,0.24249763786792755,0.48882174491882324,0.8498159050941467,0.18155503273010254,0.5558426976203918,0.8568478226661682,0.256161093711853,0.4954405725002289,0.8626546263694763,0.1936521828174591,0.5910965204238892,0.8895249962806702,0.13061439990997314,0.47869277000427246,0.8938747048377991,0.06418568640947342
21,drink,a16_s01_e02,0.5129163265228271,0.28204774856567383,-0.24382741749286652,0.5225386619567871,0.2706459164619446,-0.22884909808635712,0.5273884534835815,0.27100011706352234,-0.2288120687007904,0.5325119495391846,0.2716583013534546,-0.22877955436706543,0.5119916200637817,0.2708854675292969,-0.21991047263145447,0.5090773105621338,0.2713032364845276,-0.21996228396892548,0.5064636468887329,0.2717040479183197,-0.2199598103761673,0.5428241491317749,0.2820570170879364,-0.13032619655132294,0.5072820782661438,0.28225576877593994,-0.09199897944927216,0.5212372541427612,0.30135390162467957,-0.20803900063037872,0.5084360837936401,0.3004763722419739,-0.19725407660007477,0.5779829621315002,0.3733122646808624,-0.05901836231350899,0.48262983560562134,0.36518651247024536,-0.03523295000195503,0.59200519323349,0.4731038510799408,-0.03498195484280586,0.4387738108634949,0.41239306330680847,-0.16455556452274323,0.6111998558044434,0.5603446364402771,-0.08650211244821548,0.45653992891311646,0.32460981607437134,-0.38711661100387573,0.6137941479682922,0.590373694896698,-0.10209313780069351,0.46161967515945435,0.2985144555568695,-0.4375514090061188,0.6096455454826355,0.5898227095603943,-0.13241122663021088,0.4670151174068451,0.2940707802772522,-0.42714691162109375,0.6071478128433228,0.583611786365509,-0.09837819635868073,0.46832913160324097,0.3045092523097992,-0.39074355363845825,0.5550381541252136,0.5700472593307495,0.004649386275559664,0.4981435239315033,0.5713881850242615,-0.004906017798930407,0.5657716989517212,0.7174757122993469,0.03165304660797119,0.49033409357070923,0.7222276926040649,-0.0067329565063118935,0.566928505897522,0.8393998742103577,0.25201502442359924,0.4888235926628113,0.850416362285614,0.16710785031318665,0.5557484030723572,0.8567902445793152,0.2660963237285614,0.49542874097824097,0.8633185625076294,0.17791424691677094,0.5910559892654419,0.8894504308700562,0.13869428634643555,0.4787159562110901,0.8938963413238525,0.04321820288896561
22,drink,a16_s01_e02,0.5117131471633911,0.278867244720459,-0.23969371616840363,0.5216878056526184,0.2678930163383484,-0.22663100063800812,0.5262390971183777,0.26819419860839844,-0.22659043967723846,0.5313435792922974,0.2688930928707123,-0.22655685245990753,0.5116474628448486,0.26833802461624146,-0.21584534645080566,0.5088977813720703,0.2687738537788391,-0.21590328216552734,0.5063778758049011,0.2693065404891968,-0.2159082442522049,0.5424426198005676,0.28051772713661194,-0.1356544941663742,0.507713794708252,0.280368834733963,-0.08986617624759674,0.5193912386894226,0.2982237637042999,-0.20700959861278534,0.5078372955322266,0.296601802110672,-0.19393214583396912,0.5779820084571838,0.37331292033195496,-0.06445099413394928,0.48405465483665466,0.3648204207420349,-0.036658503115177155,0.5920025110244751,0.47300708293914795,-0.03893342614173889,0.4386027455329895,0.4051952660083771,-0.16979189217090607,0.6111958026885986,0.5603773593902588,-0.08419909328222275,0.4605472683906555,0.31885194778442383,-0.3942883610725403,0.6137934327125549,0.5903750061988831,-0.09825120866298676,0.4645642340183258,0.29370296001434326,-0.4451591372489929,0.6096611022949219,0.589851438999176,-0.12886691093444824,0.4702889025211334,0.28997567296028137,-0.4322122633457184,0.6071687936782837,0.5836308002471924,-0.0959400087594986,0.47187867760658264,0.2996966242790222,-0.3976234197616577,0.5550414323806763,0.5700609683990479,0.0049299150705337524,0.4981536269187927,0.5713549852371216,-0.005190572701394558,0.5656983256340027,0.7174466252326965,0.03955274447798729,0.490308940410614,0.7221928238868713,-0.008773045614361763,0.5668334364891052,0.8392189741134644,0.2600264549255371,0.48881858587265015,0.8506413698196411,0.1609073132276535,0.5556778311729431,0.8566702604293823,0.2739753723144531,0.4953893721103668,0.8636487126350403,0.17093198001384735,0.5910069942474365,0.8891972899436951,0.14631174504756927,0.47870054841041565,0.8938767313957214,0.03533270210027695
23,drink,a16_s01_e02,0.5113483667373657,0.276703804731369,-0.23332150280475616,0.5213530659675598,0.26560312509536743,-0.21993418037891388,0.5256842374801636,0.2658149003982544,-0.21989257633686066,0.5306483507156372,0.2664712071418762,-0.21985821425914764,0.511687695980072,0.2662724256515503,-0.20883171260356903,0.5089829564094543,0.266679972410202,-0.20888590812683105,0.5064029097557068,0.2672470211982727,-0.20889389514923096,0.5422661304473877,0.2790123522281647,-0.12860926985740662,0.5090692639350891,0.2785709798336029,-0.08138271421194077,0.5185837149620056,0.29564374685287476,-0.2005515992641449,0.5079203248023987,0.29369738698005676,-0.1871887743473053,0.5780206918716431,0.3732938766479492,-0.05865336209535599,0.4851497709751129,0.36414211988449097,-0.030909579247236252,0.5920135974884033,0.4729063808917999,-0.033091865479946136,0.4378983974456787,0.39686882495880127,-0.17155559360980988,0.6112220883369446,0.5603752136230469,-0.0688805878162384,0.46328336000442505,0.31457653641700745,-0.39327654242515564,0.6138536334037781,0.5903595685958862,-0.08134272694587708,0.46818071603775024,0.2914513647556305,-0.44386976957321167,0.6097627878189087,0.5898541808128357,-0.11216838657855988,0.47414883971214294,0.2873992919921875,-0.430624783039093,0.6073057651519775,0.5836315751075745,-0.0804625004529953,0.475574791431427,0.29711371660232544,-0.3963835537433624,0.5550400018692017,0.5700781941413879,0.005214295350015163,0.498166561126709,0.5713223218917847,-0.005476971622556448,0.5655628442764282,0.7174069881439209,0.048342470079660416,0.49024900794029236,0.7220569252967834,-0.012376999482512474,0.5667302012443542,0.839073896408081,0.2700047194957733,0.4887574315071106,0.8508142828941345,0.15048928558826447,0.5556738972663879,0.8565956354141235,0.2840512990951538,0.49526286125183105,0.8639606833457947,0.15965421497821808,0.5909932851791382,0.8888441324234009,0.1569429337978363,0.4784361720085144,0.8938756585121155,0.023512238636612892
24,drink,a16_s01_e02,0.5115369558334351,0.2730928361415863,-0.23032677173614502,0.5215538740158081,0.262493759393692,-0.21624180674552917,0.5258162021636963,0.26284340023994446,-0.2161988765001297,0.5306330919265747,0.2635989189147949,-0.2161647528409958,0.5117390155792236,0.2630520164966583,-0.20546147227287292,0.5093070268630981,0.26342982053756714,-0.20551900565624237,0.5069757699966431,0.2639853358268738,-0.2055276334285736,0.5421853065490723,0.2771271765232086,-0.12290088832378387,0.5108309984207153,0.2761234641075134,-0.07745588570833206,0.5185434222221375,0.29215753078460693,-0.19703035056591034,0.5080932974815369,0.28965267539024353,-0.18421418964862823,0.5780414342880249,0.37301120162010193,-0.05222756788134575,0.4855288565158844,0.3630869686603546,-0.028215700760483742,0.5920292139053345,0.47235235571861267,-0.025527223944664,0.43645358085632324,0.39190635085105896,-0.17311228811740875,0.611221194267273,0.560165524482727,-0.060443561524152756,0.4630467891693115,0.31385019421577454,-0.3966432809829712,0.6138659119606018,0.5902655124664307,-0.0726541131734848,0.4683680534362793,0.29200369119644165,-0.4478655755519867,0.6097947359085083,0.5898380875587463,-0.10366035997867584,0.4744504988193512,0.28798261284828186,-0.43286198377609253,0.6073402166366577,0.5835811495780945,-0.07208838313817978,0.47585010528564453,0.29713213443756104,-0.3993709087371826,0.5550115704536438,0.5700781941413879,0.006220445968210697,0.49816474318504333,0.571245551109314,-0.006482519209384918,0.565436065196991,0.7171851396560669,0.05692613869905472,0.49020910263061523,0.7217448949813843,-0.013601300306618214,0.5667219161987305,0.8390467166900635,0.27657240629196167,0.4887363314628601,0.850807785987854,0.14661698043346405,0.5557328462600708,0.8566226959228516,0.2903815805912018,0.49523502588272095,0.8640100359916687,0.1554560512304306,0.5909931659698486,0.8884896039962769,0.16320863366127014,0.47828322649002075,0.893832266330719,0.019007664173841476
25,drink,a16_s01_e02,0.5116986036300659,0.26849696040153503,-0.22872957587242126,0.5217136144638062,0.2591973841190338,-0.21584752202033997,0.5259779691696167,0.25967440009117126,-0.21580083668231964,0.5306710004806519,0.2605122923851013,-0.21576464176177979,0.5122881531715393,0.2594573199748993,-0.20402970910072327,0.5102273225784302,0.25987517833709717,-0.20409318804740906,0.5081512331962585,0.26039302349090576,-0.2041010856628418,0.5421570539474487,0.27511778473854065,-0.12760475277900696,0.512985348701477,0.27348336577415466,-0.07840506732463837,0.5177401900291443,0.2876039445400238,-0.19767571985721588,0.5081956386566162,0.28531941771507263,-0.18364834785461426,0.5781715512275696,0.37298858165740967,-0.05748866870999336,0.4854704737663269,0.36277949810028076,-0.028484797105193138,0.5922751426696777,0.4723464250564575,-0.030065789818763733,0.4339882433414459,0.38601240515708923,-0.1701517403125763,0.6113214492797852,0.5601495504379272,-0.06746743619441986,0.4621973931789398,0.31052523851394653,-0.39294615387916565,0.6139469146728516,0.5902596116065979,-0.07971350848674774,0.46806424856185913,0.2889229655265808,-0.44358688592910767,0.6099924445152283,0.5898418426513672,-0.11087369918823242,0.473975270986557,0.28584784269332886,-0.4318186342716217,0.6075752973556519,0.5835361480712891,-0.07932455092668533,0.4750940203666687,0.29407769441604614,-0.39624282717704773,0.5549977421760559,0.5700400471687317,0.00653095543384552,0.49809712171554565,0.5710282921791077,-0.006802069954574108,0.5654059648513794,0.7169390320777893,0.056383006274700165,0.4901711940765381,0.7213016748428345,-0.012651043012738228,0.566719651222229,0.8390089869499207,0.2749958634376526,0.48864635825157166,0.8506052494049072,0.1501816064119339,0.5558972954750061,0.8566588163375854,0.28871405124664307,0.4949638843536377,0.86390620470047,0.15932755172252655,0.5910165309906006,0.8884508013725281,0.16116099059581757,0.47826069593429565,0.8935422897338867,0.023540448397397995
26,drink,a16_s01_e02,0.5118386745452881,0.2652401030063629,-0.2298244684934616,0.5218777656555176,0.25710925459861755,-0.2161727249622345,0.5260460376739502,0.25769898295402527,-0.21612365543842316,0.5307593941688538,0.2586327791213989,-0.21608173847198486,0.5134075880050659,0.2573494613170624,-0.2052040547132492,0.5115947723388672,0.25793251395225525,-0.20527203381061554,0.509621798992157,0.25859370827674866,-0.20528581738471985,0.5421472191810608,0.2741585969924927,-0.12578944861888885,0.5139749646186829,0.2726421058177948,-0.08028338849544525,0.5174485445022583,0.28487327694892883,-0.19802558422088623,0.508252739906311,0.28276798129081726,-0.18518204987049103,0.5783252120018005,0.37291473150253296,-0.05647636577486992,0.48550137877464294,0.36227184534072876,-0.033175501972436905,0.5924583673477173,0.4722927212715149,-0.031953297555446625,0.43325942754745483,0.38007551431655884,-0.1784868836402893,0.6113888621330261,0.5597589612007141,-0.07404539734125137,0.462057501077652,0.3070107400417328,-0.4022893011569977,0.614073634147644,0.5899370312690735,-0.08694913983345032,0.46838274598121643,0.28656312823295593,-0.4534989893436432,0.6103127598762512,0.589573860168457,-0.11862627416849136,0.4741712212562561,0.2844504415988922,-0.43932637572288513,0.6078910827636719,0.5830327272415161,-0.08632964640855789,0.47514986991882324,0.29190295934677124,-0.4055914878845215,0.5550107359886169,0.5699170231819153,0.008275862783193588,0.4980987012386322,0.5709106922149658,-0.008557573892176151,0.5654129385948181,0.7167902588844299,0.06271234154701233,0.4901469647884369,0.720860481262207,-0.015821658074855804,0.56671541929245,0.8390213251113892,0.2815403938293457,0.48859697580337524,0.8504437208175659,0.1446634829044342,0.5560103058815002,0.8568121194839478,0.295077383518219,0.49474138021469116,0.8637781143188477,0.1533927023410797,0.5911378860473633,0.8884763121604919,0.16570022702217102,0.4782775342464447,0.8933290839195251,0.0164435226470232
27,drink,a16_s01_e02,0.5123072862625122,0.2638106644153595,-0.22846761345863342,0.5224531292915344,0.2561127543449402,-0.21350005269050598,0.5263549089431763,0.25682398676872253,-0.21344764530658722,0.5308675765991211,0.25785189867019653,-0.21339969336986542,0.5146845579147339,0.2564745545387268,-0.20347094535827637,0.5129791498184204,0.2572714388370514,-0.20354187488555908,0.5110226273536682,0.2581850290298462,-0.20356151461601257,0.5421562790870667,0.27410733699798584,-0.11978745460510254,0.5143120884895325,0.27291300892829895,-0.07836563140153885,0.5177754163742065,0.2832927107810974,-0.19573505222797394,0.5086230039596558,0.281719833612442,-0.18405306339263916,0.5785343647003174,0.3728697597980499,-0.05143420025706291,0.4854368269443512,0.3617267906665802,-0.03535653278231621,0.5926177501678467,0.4722769558429718,-0.031477101147174835,0.4317565858364105,0.37265509366989136,-0.18510285019874573,0.6114746332168579,0.5592179894447327,-0.07719641178846359,0.4627050459384918,0.3007522523403168,-0.4011850357055664,0.6144490838050842,0.5894111394882202,-0.09098763763904572,0.46954506635665894,0.28184038400650024,-0.45237940549850464,0.6110447645187378,0.5891731977462769,-0.12265463918447495,0.47587719559669495,0.27983734011650085,-0.43771257996559143,0.60854172706604,0.5824435353279114,-0.08986197412014008,0.47640472650527954,0.2869799733161926,-0.40426531434059143,0.5550419688224792,0.5695525407791138,0.009564017876982689,0.4980919361114502,0.5706877112388611,-0.009845782071352005,0.5654222369194031,0.7167117595672607,0.060155339539051056,0.49009543657302856,0.7206679582595825,-0.01918504200875759,0.5667489171028137,0.839120090007782,0.27753570675849915,0.48858532309532166,0.8503026366233826,0.14028768241405487,0.5562395453453064,0.8570473790168762,0.2908557951450348,0.49464544653892517,0.8636544346809387,0.14886830747127533,0.5914403200149536,0.8886045217514038,0.16059306263923645,0.47831591963768005,0.8932947516441345,0.011050159111618996
28,drink,a16_s01_e02,0.512988805770874,0.26398199796676636,-0.23202748596668243,0.5229701399803162,0.2562820315361023,-0.2178363800048828,0.526626706123352,0.2569670081138611,-0.21778185665607452,0.5309422612190247,0.25800028443336487,-0.217734694480896,0.5157240629196167,0.25691941380500793,-0.2071978598833084,0.5140581727027893,0.2578195631504059,-0.20727255940437317,0.512133002281189,0.2588123083114624,-0.20729383826255798,0.5421463847160339,0.2743030786514282,-0.1258542835712433,0.5146294832229614,0.27326643466949463,-0.08247499167919159,0.5179203152656555,0.28319233655929565,-0.20006978511810303,0.5093410015106201,0.2819301187992096,-0.18771430850028992,0.5788389444351196,0.37288379669189453,-0.05561875179409981,0.48547592759132385,0.3615216612815857,-0.03746875375509262,0.5929715037345886,0.4727577865123749,-0.03486531227827072,0.43148428201675415,0.36813032627105713,-0.1868867576122284,0.6117808222770691,0.5592018365859985,-0.0806661993265152,0.4633360505104065,0.29541853070259094,-0.3999750018119812,0.6150368452072144,0.5893160700798035,-0.09545088559389114,0.47032660245895386,0.276084303855896,-0.4513095021247864,0.6119800209999084,0.5890907049179077,-0.12708696722984314,0.476862370967865,0.27457761764526367,-0.43639078736305237,0.6094438433647156,0.5821714997291565,-0.09294547885656357,0.4772488474845886,0.2817939519882202,-0.4030521810054779,0.5550540685653687,0.5694196820259094,0.009603439830243587,0.49805769324302673,0.5705793499946594,-0.009878904558718204,0.5654199719429016,0.7165518999099731,0.0691540315747261,0.4900263845920563,0.7205072641372681,-0.019566712900996208,0.566752552986145,0.8390973806381226,0.29315170645713806,0.4885648787021637,0.8502771854400635,0.13483774662017822,0.5562990307807922,0.8570444583892822,0.3072265386581421,0.4945638179779053,0.8636547327041626,0.14275848865509033,0.5915802717208862,0.8886178135871887,0.1767805814743042,0.4782753586769104,0.8932932615280151,0.003946361131966114
29,drink,a16_s01_e02,0.5188631415367126,0.26341235637664795,-0.23537778854370117,0.527510404586792,0.25659117102622986,-0.22218027710914612,0.5307323932647705,0.2573835551738739,-0.2221299409866333,0.5341500639915466,0.25851958990097046,-0.22208473086357117,0.5202280879020691,0.2571650445461273,-0.21233037114143372,0.5182660222053528,0.2581627368927002,-0.21239595115184784,0.5160845518112183,0.25922566652297974,-0.21240690350532532,0.5427009463310242,0.2743438482284546,-0.11870996654033661,0.5159236192703247,0.273428350687027,-0.08735347539186478,0.523894727230072,0.28185227513313293,-0.20362365245819092,0.5143037438392639,0.2809072434902191,-0.1898287683725357,0.5790684819221497,0.37287694215774536,-0.047042496502399445,0.4854500889778137,0.3611624836921692,-0.051353342831134796,0.593441367149353,0.47279030084609985,-0.029970984905958176,0.43115362524986267,0.3606170415878296,-0.21856263279914856,0.612190842628479,0.5575925707817078,-0.08161355555057526,0.46333473920822144,0.2918738126754761,-0.4284754693508148,0.6159605979919434,0.5880516767501831,-0.09635339677333832,0.4702048897743225,0.2731892466545105,-0.48155245184898376,0.6132749319076538,0.5880010724067688,-0.12801948189735413,0.4768381118774414,0.27147528529167175,-0.46625176072120667,0.6107209324836731,0.5804451107978821,-0.09455449134111404,0.47728902101516724,0.27804034948349,-0.4316609799861908,0.5550549626350403,0.5692141056060791,0.01270933635532856,0.49802127480506897,0.5704473257064819,-0.012982392683625221,0.5654188990592957,0.7164891958236694,0.07731366902589798,0.4899539351463318,0.7204192876815796,-0.023437470197677612,0.5667510032653809,0.839126706123352,0.3019557595252991,0.48856478929519653,0.8501262068748474,0.13188490271568298,0.5563714504241943,0.8570718169212341,0.31596019864082336,0.49456486105918884,0.8636316061019897,0.13978233933448792,0.5916991233825684,0.8887560963630676,0.1842215210199356,0.4782279431819916,0.8932910561561584,-0.002092215698212385
30,drink,a16_s01_e02,0.5198845267295837,0.264149934053421,-0.2347743809223175,0.5285627245903015,0.2570776343345642,-0.21842658519744873,0.5317385196685791,0.25784942507743835,-0.21836885809898376,0.534953236579895,0.25894495844841003,-0.21832111477851868,0.5213771462440491,0.257647305727005,-0.21013016998767853,0.51943039894104,0.2586005628108978,-0.2102048397064209,0.5173255205154419,0.25960439443588257,-0.21023252606391907,0.542852520942688,0.274908185005188,-0.11601871252059937,0.5168312191963196,0.2738073766231537,-0.08493552356958389,0.5249818563461304,0.28253522515296936,-0.20050713419914246,0.5155666470527649,0.28146129846572876,-0.19019044935703278,0.579209566116333,0.3728770911693573,-0.045291803777217865,0.4853518009185791,0.36066848039627075,-0.05130516365170479,0.593619167804718,0.4728282392024994,-0.029928963631391525,0.43070855736732483,0.3553906977176666,-0.21600580215454102,0.6125022768974304,0.5571518540382385,-0.08259456604719162,0.4638060927391052,0.28680217266082764,-0.42288002371788025,0.6165977716445923,0.5875878930091858,-0.09731081128120422,0.4717124402523041,0.26877376437187195,-0.47573322057724,0.6141771674156189,0.587675929069519,-0.12931224703788757,0.47863849997520447,0.2682763934135437,-0.46003037691116333,0.6116197109222412,0.5800250768661499,-0.09581363946199417,0.47863370180130005,0.2749164402484894,-0.4260338246822357,0.5550507307052612,0.5690354704856873,0.013196287676692009,0.497945636510849,0.5704044699668884,-0.01346573419868946,0.5654168128967285,0.7164855599403381,0.07595662772655487,0.4898911416530609,0.7203366756439209,-0.024467626586556435,0.566749632358551,0.8391631245613098,0.30030226707458496,0.4885649085044861,0.8501136302947998,0.13006503880023956,0.5564382076263428,0.85709148645401,0.3143065273761749,0.49456772208213806,0.8636460900306702,0.13786056637763977,0.5917355418205261,0.8889137506484985,0.1823289394378662,0.47798770666122437,0.8933128714561462,-0.0036412100307643414
31,drink,a16_s01_e02,0.5205318927764893,0.2643447518348694,-0.23174433410167694,0.5294157266616821,0.25740110874176025,-0.21523508429527283,0.5326406359672546,0.25816816091537476,-0.21517309546470642,0.5357704162597656,0.2592458724975586,-0.21512694656848907,0.522014856338501,0.2579774558544159,-0.206546351313591,0.5200082659721375,0.2589045464992523,-0.20662181079387665,0.5178778767585754,0.2598719298839569,-0.20665307343006134,0.5430254340171814,0.27532440423965454,-0.11682148277759552,0.5171287059783936,0.2738551199436188,-0.0824798196554184,0.5254286527633667,0.2822633981704712,-0.1980924904346466,0.5160349011421204,0.28096917271614075,-0.18801972270011902,0.5792608857154846,0.37272974848747253,-0.04810802638530731,0.4852959215641022,0.3600626587867737,-0.05078689381480217,0.5939155220985413,0.47278183698654175,-0.030040625482797623,0.42997854948043823,0.3494696021080017,-0.21404583752155304,0.6128556728363037,0.5571014881134033,-0.08315889537334442,0.4659460186958313,0.279751181602478,-0.4170617163181305,0.6170989274978638,0.5874776840209961,-0.09766539931297302,0.4750400483608246,0.26058143377304077,-0.4693167805671692,0.6147825717926025,0.5876253843307495,-0.12994036078453064,0.4819704592227936,0.2613793909549713,-0.4536213278770447,0.6122841835021973,0.5800122022628784,-0.09652139991521835,0.4811668395996094,0.2688136398792267,-0.41987985372543335,0.5550468564033508,0.5689407587051392,0.0129354577511549,0.4978939890861511,0.5703192353248596,-0.013200958259403706,0.5654152631759644,0.7164921164512634,0.07434509694576263,0.489790678024292,0.7202543020248413,-0.023696811869740486,0.5667527914047241,0.8392085433006287,0.30314287543296814,0.48856720328330994,0.8500710129737854,0.13242371380329132,0.5565571188926697,0.8571147918701172,0.317741721868515,0.49458175897598267,0.8636553883552551,0.14040783047676086,0.5917487740516663,0.8890296816825867,0.18603107333183289,0.47785407304763794,0.8933697938919067,-0.0004999077646061778
32,drink,a16_s01_e02,0.5229900479316711,0.2643531262874603,-0.23306763172149658,0.5314115285873413,0.257633775472641,-0.21442905068397522,0.5346273183822632,0.2583930492401123,-0.21436908841133118,0.5377020835876465,0.25942733883857727,-0.21432432532310486,0.523379921913147,0.2582111656665802,-0.2077101171016693,0.5211794972419739,0.25912338495254517,-0.20778372883796692,0.5189025402069092,0.26007115840911865,-0.2078183889389038,0.54351806640625,0.27547386288642883,-0.10823488235473633,0.5171166658401489,0.2740173935890198,-0.08353236317634583,0.5283867716789246,0.28222325444221497,-0.19708502292633057,0.5180546045303345,0.2804941236972809,-0.18944285809993744,0.5792853832244873,0.37211716175079346,-0.04063483700156212,0.48497825860977173,0.35966557264328003,-0.053493522107601166,0.5940103530883789,0.47224166989326477,-0.027511585503816605,0.4286676049232483,0.34563761949539185,-0.2265174686908722,0.6129787564277649,0.5568538904190063,-0.08284395933151245,0.46627077460289,0.2759872078895569,-0.4235771596431732,0.6172540187835693,0.5870773196220398,-0.09768789261579514,0.47618380188941956,0.2553778290748596,-0.47642654180526733,0.6150048971176147,0.5873401165008545,-0.12992453575134277,0.4828874468803406,0.2567862868309021,-0.4583236575126648,0.6125293970108032,0.5797300338745117,-0.0965702086687088,0.4820705056190491,0.2647077739238739,-0.42561620473861694,0.555043637752533,0.5687367916107178,0.013720753602683544,0.49780815839767456,0.5700480937957764,-0.013987123966217041,0.5654140114784241,0.7165001034736633,0.07223067432641983,0.489749014377594,0.7201002240180969,-0.02433018758893013,0.5667585134506226,0.8392547369003296,0.2994878888130188,0.4885500371456146,0.8500669002532959,0.13367405533790588,0.5565962195396423,0.8571430444717407,0.3138914704322815,0.4945700168609619,0.8636767268180847,0.14181025326251984,0.591764509677887,0.889137327671051,0.18145550787448883,0.47772711515426636,0.8935155868530273,-0.000314941571559757
33,drink,a16_s01_e02,0.5242449045181274,0.2646511197090149,-0.23364052176475525,0.532622754573822,0.25771382451057434,-0.2143481969833374,0.5357145071029663,0.25857189297676086,-0.21428756415843964,0.5386868715286255,0.2597501575946808,-0.21424350142478943,0.5246840119361877,0.25824737548828125,-0.20812363922595978,0.5225240588188171,0.2591732442378998,-0.20819535851478577,0.5202988386154175,0.2601059079170227,-0.2082313597202301,0.543721079826355,0.2759852409362793,-0.10669032484292984,0.5180599093437195,0.27416181564331055,-0.08360142260789871,0.5289165377616882,0.28238433599472046,-0.19680248200893402,0.519088089466095,0.2804858088493347,-0.18997624516487122,0.5792824029922485,0.37140241265296936,-0.03929467499256134,0.4846143126487732,0.3589496314525604,-0.05356312915682793,0.5941435694694519,0.4713856279850006,-0.02749645709991455,0.42812269926071167,0.34076985716819763,-0.2276947796344757,0.6131061911582947,0.5564876198768616,-0.08322884142398834,0.46630239486694336,0.2731667757034302,-0.42411088943481445,0.6174124479293823,0.5866912007331848,-0.0981031060218811,0.47661519050598145,0.2519093155860901,-0.4772167205810547,0.6151851415634155,0.587041437625885,-0.130282923579216,0.4833126962184906,0.2532021105289459,-0.4583808481693268,0.612740159034729,0.5794141888618469,-0.0968959704041481,0.48265212774276733,0.26135703921318054,-0.4259384572505951,0.5550345778465271,0.5683397650718689,0.013803988695144653,0.4977399408817291,0.5695381164550781,-0.014069517143070698,0.5654129981994629,0.7164736390113831,0.07219110429286957,0.48966366052627563,0.719837486743927,-0.0241050086915493,0.5667882561683655,0.8392828702926636,0.2990081310272217,0.48852357268333435,0.8500638604164124,0.1339908093214035,0.5566229820251465,0.8571975231170654,0.3133862316608429,0.49457067251205444,0.8637481331825256,0.1421014964580536,0.5917783379554749,0.8891857862472534,0.18060660362243652,0.4774266183376312,0.8935787677764893,-0.0005945517914369702
34,drink,a16_s01_e02,0.5298582315444946,0.2647910714149475,-0.24205859005451202,0.5364770293235779,0.2591063380241394,-0.21524325013160706,0.539260983467102,0.26033467054367065,-0.21519377827644348,0.5419797897338867,0.2619733214378357,-0.21515128016471863,0.528438925743103,0.2591085731983185,-0.21582452952861786,0.5259125828742981,0.25998854637145996,-0.2158929854631424,0.5233462452888489,0.2608729898929596,-0.21594028174877167,0.5446688532829285,0.2774076759815216,-0.0948714092373848,0.5188425779342651,0.27420806884765625,-0.09107647836208344,0.5341906547546387,0.2825929522514343,-0.19768312573432922,0.5234919786453247,0.2804979085922241,-0.1993429958820343,0.5792657136917114,0.37079063057899475,-0.02588782086968422,0.4837931990623474,0.35796263813972473,-0.07206043601036072,0.5942668318748474,0.4711148142814636,-0.017895089462399483,0.4276004731655121,0.33157044649124146,-0.2689698338508606,0.6131149530410767,0.5556954145431519,-0.07925797998905182,0.46749868988990784,0.26563045382499695,-0.45664986968040466,0.6174473762512207,0.586176335811615,-0.0955425426363945,0.4779239296913147,0.24682484567165375,-0.5122696161270142,0.615257203578949,0.5866117477416992,-0.12809623777866364,0.4846785068511963,0.24910511076450348,-0.4903590679168701,0.6128120422363281,0.5789029598236084,-0.0940970778465271,0.4840239882469177,0.2564675509929657,-0.45735296607017517,0.5550339221954346,0.5679370164871216,0.01741085946559906,0.49762335419654846,0.5692527890205383,-0.017670223489403725,0.5654200315475464,0.7164661884307861,0.0738597959280014,0.4896121025085449,0.7196815609931946,-0.024895433336496353,0.5668544173240662,0.8393266797065735,0.3017617464065552,0.4885285496711731,0.8500142693519592,0.13529925048351288,0.5566624402999878,0.8572909832000732,0.3162723481655121,0.4946419298648834,0.8637480139732361,0.14378389716148376,0.5917806029319763,0.8893206119537354,0.18115685880184174,0.4773237109184265,0.8936227560043335,0.001290113665163517
35,drink,a16_s01_e02,0.5298471450805664,0.26497989892959595,-0.24797947704792023,0.5365914702415466,0.2592708170413971,-0.2184167206287384,0.539393961429596,0.260562539100647,-0.21835196018218994,0.5422078371047974,0.2622872292995453,-0.21830657124519348,0.5285218954086304,0.2591954469680786,-0.2208920419216156,0.5260047316551208,0.26008638739585876,-0.22095897793769836,0.5234309434890747,0.2609865963459015,-0.22099819779396057,0.5451933145523071,0.27778342366218567,-0.09504406899213791,0.5189797282218933,0.2743086516857147,-0.09288924187421799,0.5341700315475464,0.2824172377586365,-0.2002965211868286,0.5234838128089905,0.2803162932395935,-0.2042032778263092,0.5791934728622437,0.3707311749458313,-0.02526048943400383,0.4834747314453125,0.3573141098022461,-0.07113717496395111,0.5943264961242676,0.47111231088638306,-0.01663857139647007,0.427558958530426,0.32685035467147827,-0.26496621966362,0.6131986975669861,0.5553877949714661,-0.0774269849061966,0.4675333499908447,0.26316386461257935,-0.4538951814174652,0.6175817847251892,0.5860803127288818,-0.09430204331874847,0.4782371520996094,0.24492548406124115,-0.5101029872894287,0.6153592467308044,0.5864700078964233,-0.12741976976394653,0.4848996102809906,0.24676208198070526,-0.48883891105651855,0.6128987669944763,0.5786802172660828,-0.09275069832801819,0.4843667447566986,0.2538701593875885,-0.4553355574607849,0.5550340414047241,0.5674717426300049,0.018117839470505714,0.4975326657295227,0.5688291788101196,-0.018375525251030922,0.565395712852478,0.7164202332496643,0.07914819568395615,0.48956289887428284,0.719375729560852,-0.024525491520762444,0.5669231414794922,0.8393296599388123,0.30282530188560486,0.48852381110191345,0.8498678207397461,0.13585984706878662,0.5568031668663025,0.8573675155639648,0.3168509006500244,0.49466246366500854,0.863734245300293,0.1441894769668579,0.5917624235153198,0.8893991708755493,0.18066318333148956,0.47717660665512085,0.8936214447021484,-0.0010669619077816606
36,drink,a16_s01_e02,0.5303441286087036,0.2652765214443207,-0.25213631987571716,0.5369132161140442,0.26030465960502625,-0.22327223420143127,0.5397447347640991,0.2617511451244354,-0.2231980860233307,0.5425992608070374,0.2636142075061798,-0.2231476753950119,0.5287283062934875,0.2599952816963196,-0.22521162033081055,0.5261388421058655,0.26090818643569946,-0.22527793049812317,0.523492157459259,0.26183244585990906,-0.2253168374300003,0.5455167293548584,0.2786804139614105,-0.0976862907409668,0.518970251083374,0.2744612693786621,-0.09617619961500168,0.5348570942878723,0.28255945444107056,-0.20433850586414337,0.5238569378852844,0.2804740071296692,-0.20788343250751495,0.5791724920272827,0.3705964982509613,-0.027353227138519287,0.48321065306663513,0.356728196144104,-0.07387629896402359,0.5945582389831543,0.4710964560508728,-0.016403205692768097,0.42752885818481445,0.32199904322624207,-0.2676026523113251,0.6131963729858398,0.555023193359375,-0.0749293714761734,0.4686656892299652,0.2580571472644806,-0.4519703984260559,0.6175727844238281,0.585601806640625,-0.09171125292778015,0.4791294038295746,0.23948906362056732,-0.5076651573181152,0.6153289675712585,0.585932195186615,-0.12468161433935165,0.4858318865299225,0.2418125569820404,-0.48578882217407227,0.6128671765327454,0.5780344009399414,-0.09021267294883728,0.4856890141963959,0.24908208847045898,-0.45287227630615234,0.5550479888916016,0.5671523809432983,0.0185497235506773,0.4973781704902649,0.5686524510383606,-0.01881285384297371,0.5653997659683228,0.7161988615989685,0.07670095562934875,0.48954957723617554,0.7190639972686768,-0.024226143956184387,0.566941499710083,0.83919358253479,0.30338630080223083,0.48853835463523865,0.8489662408828735,0.14590999484062195,0.556810736656189,0.8573725819587708,0.3180353045463562,0.4947475492954254,0.8630009889602661,0.15542200207710266,0.5917052030563354,0.8894042372703552,0.18180139362812042,0.4771762788295746,0.8935067653656006,0.008771384134888649
37,drink,a16_s01_e02,0.5305659770965576,0.2653695344924927,-0.25191205739974976,0.5372163653373718,0.260763943195343,-0.2213793247938156,0.5400587320327759,0.2623458504676819,-0.2213018387556076,0.5429187417030334,0.26431986689567566,-0.2212512195110321,0.528957724571228,0.2602492868900299,-0.22424188256263733,0.5263229608535767,0.2611725926399231,-0.22430643439292908,0.5236477851867676,0.2621026337146759,-0.22435161471366882,0.5456521511077881,0.2791714072227478,-0.09255644679069519,0.5189700722694397,0.2745031416416168,-0.09545829892158508,0.5349302887916565,0.2819860875606537,-0.2026897668838501,0.5240123867988586,0.2796487510204315,-0.20722100138664246,0.5791176557540894,0.3702011704444885,-0.023991473019123077,0.48289480805397034,0.35560813546180725,-0.0723990723490715,0.594760000705719,0.4708893895149231,-0.014998423866927624,0.42758074402809143,0.3180079758167267,-0.26509591937065125,0.613196074962616,0.5549574494361877,-0.0736154168844223,0.4684576094150543,0.2563072741031647,-0.44537153840065,0.6175681948661804,0.5854921936988831,-0.09064146876335144,0.47914424538612366,0.2378217726945877,-0.500658392906189,0.6153057217597961,0.5857999920845032,-0.12351636588573456,0.4858722686767578,0.24051935970783234,-0.4792102873325348,0.6128462553024292,0.577849268913269,-0.08889233320951462,0.4856226444244385,0.24763117730617523,-0.44643181562423706,0.5550452470779419,0.5666781067848206,0.01917952299118042,0.49713292717933655,0.5682033896446228,-0.01944480463862419,0.5654222965240479,0.7157666087150574,0.07543010264635086,0.4895080029964447,0.7185927629470825,-0.024010000750422478,0.567008376121521,0.8389513492584229,0.3014328181743622,0.4885927140712738,0.8481062054634094,0.1467512547969818,0.5568730235099792,0.857370138168335,0.31594374775886536,0.4948742389678955,0.862115740776062,0.15615803003311157,0.5916864275932312,0.8894087076187134,0.18055275082588196,0.47724804282188416,0.8934846520423889,0.009578119963407516
38,drink,a16_s01_e02,0.5302990674972534,0.2653125524520874,-0.25091245770454407,0.5371176600456238,0.26082414388656616,-0.22170862555503845,0.5399935841560364,0.2624167799949646,-0.22162732481956482,0.5428804755210876,0.26436951756477356,-0.22157955169677734,0.5288336873054504,0.2602813243865967,-0.2239983081817627,0.526231586933136,0.2612066864967346,-0.2240629941225052,0.5236088037490845,0.2621458172798157,-0.2241048514842987,0.5456851720809937,0.27920761704444885,-0.09436119347810745,0.5190051794052124,0.2745186388492584,-0.09594831615686417,0.5345586538314819,0.2812937796115875,-0.2027934342622757,0.5238654613494873,0.2788625955581665,-0.20655977725982666,0.5791038870811462,0.36989477276802063,-0.023725422099232674,0.4824772775173187,0.3537074625492096,-0.0767533928155899,0.5947617292404175,0.47089099884033203,-0.011388158425688744,0.4274863600730896,0.31242355704307556,-0.2710348665714264,0.6131873726844788,0.5549680590629578,-0.06598140299320221,0.4687763750553131,0.24762515723705292,-0.44309622049331665,0.6175421476364136,0.585479199886322,-0.08299846947193146,0.48005956411361694,0.23008176684379578,-0.4986189305782318,0.615265965461731,0.5857845544815063,-0.11590015888214111,0.48684439063072205,0.23409543931484222,-0.47647055983543396,0.6128061413764954,0.5778583884239197,-0.08136028051376343,0.4861404001712799,0.24139715731143951,-0.44398435950279236,0.5550328493118286,0.5659521818161011,0.02050827443599701,0.49697795510292053,0.5678766965866089,-0.02076268009841442,0.5654450058937073,0.7153024673461914,0.07541804760694504,0.48945125937461853,0.718457818031311,-0.022789152339100838,0.5670560002326965,0.8385889530181885,0.3025537133216858,0.48865562677383423,0.8473788499832153,0.15428566932678223,0.5568763613700867,0.8573598265647888,0.3172270953655243,0.4950181841850281,0.8614348769187927,0.16429680585861206,0.5916967391967773,0.8893652558326721,0.180606409907341,0.47736629843711853,0.8934532403945923,0.016727827489376068
39,drink,a16_s01_e02,0.5300066471099854,0.2647285759449005,-0.25200796127319336,0.536973237991333,0.26072731614112854,-0.22339925169944763,0.5398704409599304,0.26229289174079895,-0.2233188897371292,0.5427818894386292,0.26418131589889526,-0.22327804565429688,0.5286906957626343,0.26014068722724915,-0.22472639381885529,0.5261214971542358,0.2610352337360382,-0.22479169070720673,0.5235494375228882,0.2619272768497467,-0.2248278558254242,0.5458933115005493,0.2790442109107971,-0.09482882916927338,0.5190821290016174,0.2741655707359314,-0.09590218216180801,0.5342452526092529,0.2800808548927307,-0.20431192219257355,0.5236600637435913,0.27754783630371094,-0.20708589255809784,0.578997015953064,0.36973899602890015,-0.023858319967985153,0.48208779096603394,0.35242465138435364,-0.07436980307102203,0.5947397947311401,0.4707588255405426,-0.012385642156004906,0.4274337887763977,0.308946430683136,-0.268136203289032,0.6131267547607422,0.554771363735199,-0.06529228389263153,0.4705754816532135,0.24383758008480072,-0.440910279750824,0.6174398064613342,0.585303544998169,-0.08237888664007187,0.48154860734939575,0.22567054629325867,-0.4960080683231354,0.6150935292243958,0.5856519341468811,-0.11524806171655655,0.48796120285987854,0.23061957955360413,-0.47604554891586304,0.6125971078872681,0.5777008533477783,-0.08059154450893402,0.4870966076850891,0.23821265995502472,-0.4423708915710449,0.554999828338623,0.5652862191200256,0.02057516574859619,0.4969131350517273,0.5672979354858398,-0.02082209102809429,0.5655093193054199,0.7149513959884644,0.07488797605037689,0.4894358217716217,0.7183026671409607,-0.022915374487638474,0.5671338438987732,0.8383132815361023,0.3021840751171112,0.4886963963508606,0.8473877310752869,0.15232311189174652,0.5568779706954956,0.8572877645492554,0.3168778419494629,0.49513715505599976,0.8614252805709839,0.16191914677619934,0.5916903018951416,0.8893100619316101,0.18001414835453033,0.47775983810424805,0.8935404419898987,0.015847599133849144
40,drink,a16_s01_e02,0.5305456519126892,0.26458245515823364,-0.25298020243644714,0.5373535752296448,0.2607615888118744,-0.22440722584724426,0.5401880741119385,0.2623498737812042,-0.22432687878608704,0.543023943901062,0.26423296332359314,-0.22428706288337708,0.5291341543197632,0.26017701625823975,-0.225521057844162,0.5265346765518188,0.26107195019721985,-0.22558696568012238,0.5239709615707397,0.26196539402008057,-0.22562086582183838,0.5459853410720825,0.27907636761665344,-0.0936199277639389,0.5194720029830933,0.2741599678993225,-0.09575797617435455,0.5344775915145874,0.27956119179725647,-0.20532767474651337,0.5240193605422974,0.2770296633243561,-0.20799961686134338,0.5789667367935181,0.3697001338005066,-0.021486932411789894,0.48181280493736267,0.3518635034561157,-0.07565917819738388,0.5947514772415161,0.4704943299293518,-0.011333945207297802,0.42749398946762085,0.3068085312843323,-0.27365803718566895,0.6130040884017944,0.5547456741333008,-0.06558475643396378,0.4717058539390564,0.24095572531223297,-0.4439707398414612,0.6172953248023987,0.5852569341659546,-0.08288183063268661,0.4822728633880615,0.22342798113822937,-0.500754714012146,0.6148743629455566,0.5856226682662964,-0.11569462716579437,0.4887125492095947,0.2281242161989212,-0.4768114984035492,0.6123759150505066,0.5776775479316711,-0.08092999458312988,0.48799484968185425,0.2357141673564911,-0.44446659088134766,0.554787814617157,0.5651079416275024,0.02138221450150013,0.49662089347839355,0.5670810341835022,-0.02162371389567852,0.5655356049537659,0.7143011093139648,0.07487480342388153,0.4893859326839447,0.718266487121582,-0.023572217673063278,0.5671793222427368,0.8378056287765503,0.30485644936561584,0.4886980950832367,0.8475968837738037,0.15124629437923431,0.5568528771400452,0.8568710684776306,0.3198111653327942,0.4951399266719818,0.8615360856056213,0.16075561940670013,0.5915089845657349,0.8890703320503235,0.18186956644058228,0.47793784737586975,0.893717885017395,0.015409784391522408
41,drink,a16_s01_e02,0.5310125946998596,0.26457539200782776,-0.25332093238830566,0.5375657081604004,0.26103654503822327,-0.22472095489501953,0.5403183102607727,0.2626543641090393,-0.22464092075824738,0.5430798530578613,0.26452872157096863,-0.22460170090198517,0.5294026136398315,0.26022782921791077,-0.22565117478370667,0.5267502069473267,0.2610861659049988,-0.22571849822998047,0.5241633653640747,0.26199600100517273,-0.22575218975543976,0.5459734797477722,0.2792266607284546,-0.0920742005109787,0.5194718837738037,0.2741091549396515,-0.09565792232751846,0.5346090197563171,0.2794126570224762,-0.20583832263946533,0.5241875052452087,0.2766037881374359,-0.2084144651889801,0.5787991285324097,0.3697187304496765,-0.020585453137755394,0.4809768795967102,0.3513772189617157,-0.0765238106250763,0.5947192311286926,0.46971040964126587,-0.01215712446719408,0.42702364921569824,0.3027895987033844,-0.27689629793167114,0.6126841306686401,0.5541874766349792,-0.067088283598423,0.47228842973709106,0.23886650800704956,-0.44388967752456665,0.6169589757919312,0.5844698548316956,-0.08416464179754257,0.48328113555908203,0.22184987366199493,-0.5012792944908142,0.6144588589668274,0.585030734539032,-0.11684362590312958,0.48985496163368225,0.2262953668832779,-0.4759693145751953,0.6119533777236938,0.5770776271820068,-0.08232490718364716,0.4889183044433594,0.23410680890083313,-0.4441465735435486,0.5546649694442749,0.5650168061256409,0.021876970306038857,0.4964658319950104,0.5669938921928406,-0.022104894742369652,0.5656009912490845,0.7139508128166199,0.07539482414722443,0.48934659361839294,0.7182581424713135,-0.02510971389710903,0.5672127604484558,0.8376764059066772,0.3062954246997833,0.48869624733924866,0.8478071689605713,0.1481635868549347,0.5568392872810364,0.8567146062850952,0.3212069869041443,0.4951460361480713,0.8616475462913513,0.15745294094085693,0.5912843942642212,0.8889659643173218,0.18192091584205627,0.4782179892063141,0.8939007520675659,0.006281273905187845
42,drink,a16_s01_e02,0.5314791798591614,0.2646092474460602,-0.25603026151657104,0.5378814935684204,0.26164311170578003,-0.22740395367145538,0.5405818819999695,0.2633523643016815,-0.22732505202293396,0.5432790517807007,0.2652965188026428,-0.22728803753852844,0.5296679735183716,0.26048851013183594,-0.2279994934797287,0.5269319415092468,0.26125985383987427,-0.2280683070421219,0.5242815613746643,0.2620866894721985,-0.2281019687652588,0.5459660887718201,0.2797227203845978,-0.09360643476247787,0.5194683074951172,0.2741299569606781,-0.0966922864317894,0.5349688529968262,0.2794701159000397,-0.20896705985069275,0.5243507623672485,0.2765110731124878,-0.21116125583648682,0.5786584615707397,0.37010252475738525,-0.022332895547151566,0.4803387224674225,0.3510071933269501,-0.07944045215845108,0.5947297215461731,0.4697343707084656,-0.012797430157661438,0.42699116468429565,0.3003446161746979,-0.27713534235954285,0.6126629114151001,0.5543698072433472,-0.06799591332674026,0.4732486307621002,0.23740939795970917,-0.4424939751625061,0.6168347597122192,0.5846039056777954,-0.08480361849069595,0.48447245359420776,0.22160713374614716,-0.501099705696106,0.6143566370010376,0.5851737260818481,-0.11725306510925293,0.49089890718460083,0.2261631190776825,-0.47203630208969116,0.6118825078010559,0.577217698097229,-0.08308059722185135,0.48971301317214966,0.2336639016866684,-0.4421088695526123,0.5546360611915588,0.5650147795677185,0.022037429735064507,0.49628251791000366,0.5669468641281128,-0.022258203476667404,0.565596878528595,0.7138469815254211,0.08071291446685791,0.4893344044685364,0.7182573080062866,-0.024966876953840256,0.5672217607498169,0.8375353217124939,0.3098527491092682,0.4886625409126282,0.8478075861930847,0.14797821640968323,0.5568336248397827,0.856513261795044,0.324510395526886,0.49510064721107483,0.8615512251853943,0.15724070370197296,0.5909746289253235,0.8887643814086914,0.18364422023296356,0.47831258177757263,0.8939311504364014,0.0057312012650072575
43,drink,a16_s01_e02,0.5315612554550171,0.2648812234401703,-0.2551897168159485,0.5379763841629028,0.26239126920700073,-0.2272476702928543,0.5406233072280884,0.26417824625968933,-0.22716669738292694,0.5432762503623962,0.2661571502685547,-0.22712965309619904,0.5297519564628601,0.26080432534217834,-0.227650448679924,0.5269584059715271,0.2614334225654602,-0.22771871089935303,0.5242579579353333,0.2621462047100067,-0.22775249183177948,0.5458590388298035,0.28020742535591125,-0.09346675872802734,0.5194387435913086,0.27414241433143616,-0.09632568806409836,0.5349814891815186,0.27978768944740295,-0.2088150531053543,0.5242840647697449,0.27658751606941223,-0.2104071080684662,0.5784591436386108,0.370536744594574,-0.02332599274814129,0.4795423448085785,0.3507051467895508,-0.07849934697151184,0.5946149230003357,0.46982938051223755,-0.015555620193481445,0.42659467458724976,0.2992529273033142,-0.2760590612888336,0.6123911142349243,0.5546293258666992,-0.07109199464321136,0.4731585383415222,0.23701444268226624,-0.4402398467063904,0.6163687109947205,0.5846593379974365,-0.08959972113370895,0.48456519842147827,0.22093729674816132,-0.49968060851097107,0.6137786507606506,0.5852081775665283,-0.12302406877279282,0.4909224510192871,0.225412517786026,-0.46907320618629456,0.6112649440765381,0.5773667097091675,-0.08681535720825195,0.48963451385498047,0.23314017057418823,-0.43975624442100525,0.5546230673789978,0.5650168061256409,0.02183615230023861,0.49621710181236267,0.5669524073600769,-0.02205856889486313,0.5655955672264099,0.7138360142707825,0.0849975049495697,0.48931455612182617,0.7182735204696655,-0.02483639121055603,0.5672190189361572,0.8374363780021667,0.312732070684433,0.48866909742355347,0.8476012349128723,0.14430899918079376,0.5567693114280701,0.8563937544822693,0.3272797465324402,0.49512219429016113,0.8613272905349731,0.15298955142498016,0.590915322303772,0.8885827660560608,0.18744756281375885,0.4784186780452728,0.8939904570579529,0.0019233759958297014
44,drink,a16_s01_e02,0.5315139293670654,0.26521167159080505,-0.25463438034057617,0.5379216074943542,0.2630089521408081,-0.22714991867542267,0.5405997037887573,0.2648410201072693,-0.22707056999206543,0.5431979298591614,0.2668282389640808,-0.2270330935716629,0.529671311378479,0.2611364424228668,-0.2274516075849533,0.5268858075141907,0.26164740324020386,-0.22751858830451965,0.5241914391517639,0.2622499167919159,-0.22755110263824463,0.5455532073974609,0.2806600332260132,-0.09412572532892227,0.5194467902183533,0.27415603399276733,-0.09518098086118698,0.5347109436988831,0.2800416052341461,-0.20878788828849792,0.5240951776504517,0.2766636908054352,-0.20992699265480042,0.5783352255821228,0.37091153860092163,-0.02387341298162937,0.47936946153640747,0.3507746458053589,-0.0775696188211441,0.5945223569869995,0.47015634179115295,-0.017270658165216446,0.4262935519218445,0.29898521304130554,-0.27278339862823486,0.6122902631759644,0.5548515915870667,-0.07119590044021606,0.47315865755081177,0.23623278737068176,-0.4234980046749115,0.6161737442016602,0.584830105304718,-0.08999992907047272,0.4844587743282318,0.22048063576221466,-0.48037075996398926,0.6134681105613708,0.5852827429771423,-0.12352564185857773,0.49088138341903687,0.22476883232593536,-0.4527987539768219,0.6108993887901306,0.5775126814842224,-0.0870513841509819,0.4896014332771301,0.2323644757270813,-0.42369604110717773,0.5546176433563232,0.5650195479393005,0.02174960821866989,0.49619489908218384,0.5669527053833008,-0.021977391093969345,0.5655694007873535,0.713805079460144,0.08857960253953934,0.48928746581077576,0.7182779908180237,-0.024749290198087692,0.5672285556793213,0.8374008536338806,0.31479519605636597,0.48866167664527893,0.8474928736686707,0.13891193270683289,0.5567675828933716,0.856324315071106,0.3291979134082794,0.49511775374412537,0.8612813353538513,0.14698833227157593,0.5909073948860168,0.888462245464325,0.1901177018880844,0.4784020781517029,0.8941102623939514,-0.0034555953461676836
45,drink,a16_s01_e02,0.5314047336578369,0.26588502526283264,-0.2524048984050751,0.5378983616828918,0.26379629969596863,-0.2250865399837494,0.5405643582344055,0.26566243171691895,-0.22500315308570862,0.5431620478630066,0.26765134930610657,-0.22496500611305237,0.5296570062637329,0.2616400420665741,-0.22435851395130157,0.5268839001655579,0.2620273232460022,-0.22442738711833954,0.5242012143135071,0.2625044882297516,-0.22445686161518097,0.5454760789871216,0.2811688184738159,-0.09440512955188751,0.5194885730743408,0.2742975652217865,-0.09292642027139664,0.5346624851226807,0.2808398902416229,-0.2077658623456955,0.5240386724472046,0.2772362530231476,-0.20813968777656555,0.5783170461654663,0.3715739846229553,-0.02581077814102173,0.47935381531715393,0.35084646940231323,-0.07473881542682648,0.5945075750350952,0.4705699682235718,-0.020349862053990364,0.4259122312068939,0.30067920684814453,-0.2651475965976715,0.6122725009918213,0.5557253360748291,-0.07485208660364151,0.47278934717178345,0.23716594278812408,-0.41453424096107483,0.6160373091697693,0.5854558944702148,-0.09387330710887909,0.48437634110450745,0.2210167795419693,-0.47015324234962463,0.6132820844650269,0.5857779383659363,-0.1273072063922882,0.4908272624015808,0.2251405268907547,-0.4439426362514496,0.6106614470481873,0.578265905380249,-0.09068937599658966,0.48939070105552673,0.23279061913490295,-0.41505560278892517,0.5546167492866516,0.5650343298912048,0.020791299641132355,0.4961486756801605,0.5669527649879456,-0.02101239748299122,0.5654616951942444,0.7137995958328247,0.0864681750535965,0.4892784655094147,0.7182806134223938,-0.022055737674236298,0.5672314763069153,0.8372992277145386,0.3121662139892578,0.48865240812301636,0.8468397259712219,0.14015397429466248,0.5567604899406433,0.8561973571777344,0.3260399401187897,0.49510496854782104,0.860775351524353,0.14817550778388977,0.5907461643218994,0.8882809281349182,0.1863372027873993,0.47838178277015686,0.8941096067428589,-0.0007046940154395998
46,drink,a16_s01_e02,0.5313540101051331,0.265914648771286,-0.24832968413829803,0.5378469228744507,0.264030784368515,-0.2217753678560257,0.5405281782150269,0.26595014333724976,-0.2216927707195282,0.5431479215621948,0.2679852545261383,-0.22165267169475555,0.5296088457107544,0.2617238759994507,-0.22063252329826355,0.5268446803092957,0.2620749771595001,-0.22070404887199402,0.5241676568984985,0.2625190317630768,-0.22073431313037872,0.5453900098800659,0.2815619111061096,-0.09415526688098907,0.5194792151451111,0.27435871958732605,-0.09201596677303314,0.5346177816390991,0.28097185492515564,-0.2051103562116623,0.5239834189414978,0.27726614475250244,-0.20516526699066162,0.5782825350761414,0.37192344665527344,-0.026131531223654747,0.4793570041656494,0.35091432929039,-0.07279431074857712,0.5944985747337341,0.47090891003608704,-0.020581860095262527,0.42590102553367615,0.30256736278533936,-0.26274365186691284,0.612241268157959,0.5563132762908936,-0.07717881351709366,0.47087931632995605,0.23901765048503876,-0.41864314675331116,0.6159047484397888,0.586169958114624,-0.09605932980775833,0.48324814438819885,0.22230306267738342,-0.47419071197509766,0.6130630970001221,0.5862241983413696,-0.1296469271183014,0.48969119787216187,0.22627094388008118,-0.4489850401878357,0.610394299030304,0.5788238644599915,-0.09303037077188492,0.4881526529788971,0.234060138463974,-0.4191299080848694,0.5546180009841919,0.5651571750640869,0.020087480545043945,0.4961327910423279,0.5670148730278015,-0.020311549305915833,0.5653025507926941,0.7138133645057678,0.08528770506381989,0.4892573356628418,0.7182864546775818,-0.02027979865670204,0.5672479271888733,0.8372287750244141,0.31192731857299805,0.4886346757411957,0.846244215965271,0.1426631510257721,0.5567632913589478,0.8561130166053772,0.32592490315437317,0.49510106444358826,0.8602665066719055,0.1508859544992447,0.5907445549964905,0.8881479501724243,0.18548700213432312,0.4783458709716797,0.8941017389297485,0.0030950778163969517
47,drink,a16_s01_e02,0.5303992033004761,0.2659722566604614,-0.24672572314739227,0.5372474789619446,0.2640540599822998,-0.22067682445049286,0.5398892164230347,0.2659752070903778,-0.22059354186058044,0.542463481426239,0.268018513917923,-0.22054901719093323,0.529110312461853,0.26173192262649536,-0.2188148945569992,0.526448130607605,0.2620876133441925,-0.21888701617717743,0.5238204598426819,0.26253506541252136,-0.218910813331604,0.5448514223098755,0.28168985247612,-0.0942857414484024,0.5192159414291382,0.2743726968765259,-0.09004274010658264,0.5334109663963318,0.281089186668396,-0.20411093533039093,0.5229546427726746,0.27741700410842896,-0.20336492359638214,0.5779823064804077,0.3721451163291931,-0.027190804481506348,0.4793229103088379,0.3511563837528229,-0.06543006747961044,0.5943571329116821,0.47091203927993774,-0.021962657570838928,0.4251939356327057,0.3087811768054962,-0.2517360746860504,0.6122333407402039,0.5563147068023682,-0.08022699505090714,0.4674956798553467,0.24402564764022827,-0.4208557605743408,0.6157941818237305,0.5862943530082703,-0.09867768734693527,0.47994446754455566,0.22405700385570526,-0.47645124793052673,0.6128233671188354,0.5863267779350281,-0.13224901258945465,0.48622164130210876,0.2276930958032608,-0.4518086910247803,0.6101453304290771,0.5790082216262817,-0.09585195034742355,0.4852508008480072,0.23626704514026642,-0.42161718010902405,0.5546169281005859,0.5651613473892212,0.019125226885080338,0.4961291253566742,0.5670064091682434,-0.019366400316357613,0.5651664137840271,0.7137110233306885,0.08468978106975555,0.4892519414424896,0.7181719541549683,-0.019900094717741013,0.5672734975814819,0.8370789885520935,0.30152833461761475,0.4886171221733093,0.8455851674079895,0.14134268462657928,0.556811511516571,0.8559674620628357,0.314461886882782,0.49508851766586304,0.859714686870575,0.14936402440071106,0.5906772017478943,0.8878681063652039,0.17462478578090668,0.47834521532058716,0.8940249085426331,0.0025622586254030466
48,drink,a16_s01_e02,0.5269323587417603,0.26589447259902954,-0.23947259783744812,0.5346328020095825,0.26376962661743164,-0.21725985407829285,0.5375851392745972,0.26566022634506226,-0.21717515587806702,0.5403422713279724,0.2677103579044342,-0.217129185795784,0.5270248055458069,0.2616075575351715,-0.21188871562480927,0.5247086882591248,0.26199597120285034,-0.21196027100086212,0.5223299264907837,0.2624589204788208,-0.21198193728923798,0.5441753268241882,0.2816633880138397,-0.100247822701931,0.5189188718795776,0.27436500787734985,-0.08412809669971466,0.5301941633224487,0.2809920608997345,-0.2011907994747162,0.5206758975982666,0.27746862173080444,-0.19587427377700806,0.5778021216392517,0.3721267282962799,-0.038086481392383575,0.4793286919593811,0.3515090048313141,-0.051129765808582306,0.5943476557731628,0.47043025493621826,-0.026737606152892113,0.42472323775291443,0.31605830788612366,-0.2142811119556427,0.6122313141822815,0.5562704801559448,-0.08088313788175583,0.4654615521430969,0.250143438577652,-0.3782930374145508,0.6157417893409729,0.5863062739372253,-0.09876937419176102,0.4768172800540924,0.23029091954231262,-0.43106135725975037,0.6126924753189087,0.5863521099090576,-0.13232572376728058,0.48354020714759827,0.23360317945480347,-0.40948861837387085,0.6099885702133179,0.5791552066802979,-0.09618236124515533,0.48287534713745117,0.24233028292655945,-0.38064950704574585,0.554648756980896,0.5651941299438477,0.015579971484839916,0.49613767862319946,0.5670387744903564,-0.015838084742426872,0.5651626586914062,0.7137495875358582,0.08009833097457886,0.48918843269348145,0.7181894183158875,-0.018344681710004807,0.567298412322998,0.8369964957237244,0.29697105288505554,0.48856329917907715,0.8451611995697021,0.14144264161586761,0.5568189024925232,0.8558653593063354,0.3103417456150055,0.49506646394729614,0.8593295216560364,0.14940059185028076,0.5905606746673584,0.8877031207084656,0.17177698016166687,0.4783058166503906,0.8939989805221558,0.004564175382256508
49,drink,a16_s01_e02,0.525039792060852,0.2653857469558716,-0.23456506431102753,0.5328007340431213,0.2630573809146881,-0.2139890193939209,0.5359134078025818,0.2649274170398712,-0.2139073610305786,0.5387882590293884,0.26697614789009094,-0.21385924518108368,0.5254339575767517,0.26099923253059387,-0.20767858624458313,0.5232599973678589,0.26144006848335266,-0.2077522724866867,0.5210121870040894,0.2619439661502838,-0.2077673226594925,0.5436797738075256,0.2813652753829956,-0.10238726437091827,0.5184110403060913,0.2742844521999359,-0.08210913836956024,0.5289136171340942,0.2805573642253876,-0.19809973239898682,0.5195410847663879,0.27734482288360596,-0.1914946734905243,0.5777725577354431,0.372069776058197,-0.04064812511205673,0.4793277382850647,0.3520093858242035,-0.047679975628852844,0.5942915678024292,0.4696749746799469,-0.029128115624189377,0.42381924390792847,0.32495802640914917,-0.21067118644714355,0.6122468113899231,0.55607008934021,-0.08402728289365768,0.4619791507720947,0.25817301869392395,-0.3894980847835541,0.6157382726669312,0.5863044261932373,-0.10086103528738022,0.4719741940498352,0.24011744558811188,-0.4422411024570465,0.6126723885536194,0.586361289024353,-0.13431157171726227,0.4787072539329529,0.24256935715675354,-0.4215201735496521,0.6099642515182495,0.5791736841201782,-0.09899412095546722,0.4783662259578705,0.25020861625671387,-0.3919593393802643,0.5546658039093018,0.5651886463165283,0.014414727687835693,0.496135413646698,0.567041277885437,-0.014688174240291119,0.5651403665542603,0.7136642336845398,0.07521357387304306,0.4891532361507416,0.7181844711303711,-0.017063569277524948,0.5673018097877502,0.8369702100753784,0.28875723481178284,0.48852187395095825,0.8449240922927856,0.14212140440940857,0.5568290948867798,0.8558408617973328,0.3017977476119995,0.49504342675209045,0.8591532111167908,0.15000954270362854,0.5904062986373901,0.8876123428344727,0.16489753127098083,0.47829145193099976,0.8939915895462036,0.00766355823725462
50,drink,a16_s01_e02,0.5223896503448486,0.2642824053764343,-0.22564354538917542,0.5300654172897339,0.26126447319984436,-0.20877604186534882,0.5332164764404297,0.26289406418800354,-0.2086987942457199,0.5363091826438904,0.26469260454177856,-0.20864374935626984,0.5230737924575806,0.2594866156578064,-0.200476735830307,0.5209306478500366,0.2599782645702362,-0.20054562389850616,0.5187598466873169,0.26053059101104736,-0.20054921507835388,0.5427265763282776,0.2800292670726776,-0.10853681713342667,0.5168908834457397,0.2741152346134186,-0.0794966071844101,0.5264971852302551,0.27999958395957947,-0.19296295940876007,0.5174157023429871,0.2770692706108093,-0.18356840312480927,0.5777696371078491,0.3717428743839264,-0.045418694615364075,0.47933220863342285,0.35316237807273865,-0.03810245543718338,0.5942934155464172,0.4676864743232727,-0.02417873404920101,0.423090398311615,0.3407624363899231,-0.17757371068000793,0.6126171350479126,0.5531370043754578,-0.06670272350311279,0.4559970796108246,0.26901426911354065,-0.3629288077354431,0.6161928176879883,0.5834669470787048,-0.07757080346345901,0.46453532576560974,0.2512279152870178,-0.41152310371398926,0.613142728805542,0.5843666195869446,-0.1112266406416893,0.4708253741264343,0.25139403343200684,-0.39466121792793274,0.6104734539985657,0.576783299446106,-0.08039578050374985,0.47065773606300354,0.25868454575538635,-0.3663335144519806,0.5546661019325256,0.565156102180481,0.011972474865615368,0.4961327910423279,0.5670368075370789,-0.012264740653336048,0.5651386976242065,0.713566243648529,0.06710439920425415,0.4891420304775238,0.7181841135025024,-0.01726398803293705,0.5673176050186157,0.8369470834732056,0.2765132784843445,0.48851990699768066,0.8445661067962646,0.14030048251152039,0.5568610429763794,0.8558036684989929,0.2891969680786133,0.49505987763404846,0.8587065935134888,0.14810308814048767,0.5902673006057739,0.8876094222068787,0.15566527843475342,0.47828736901283264,0.893975555896759,0.00763718644157052
51,drink,a16_s01_e02,0.5165051221847534,0.26445478200912476,-0.22341632843017578,0.5253437161445618,0.2604146897792816,-0.20987562835216522,0.5283942222595215,0.2616589367389679,-0.2098025530576706,0.5316683053970337,0.26302874088287354,-0.20975467562675476,0.5187941789627075,0.2591291069984436,-0.19895097613334656,0.5171641111373901,0.25958582758903503,-0.19902075827121735,0.5154384970664978,0.2601202428340912,-0.19902601838111877,0.5411928296089172,0.2790917158126831,-0.12795785069465637,0.5162745118141174,0.27404528856277466,-0.07922538369894028,0.520317792892456,0.2806752324104309,-0.19403567910194397,0.512785017490387,0.27827656269073486,-0.18117056787014008,0.5777739882469177,0.37168407440185547,-0.06595771014690399,0.4797057509422302,0.35523098707199097,-0.03188503906130791,0.5945066213607788,0.46770593523979187,-0.03948957845568657,0.42311039566993713,0.34886324405670166,-0.16312848031520844,0.6133336424827576,0.5529550909996033,-0.07272157073020935,0.45636606216430664,0.26967838406562805,-0.3572911024093628,0.6169587969779968,0.5834370851516724,-0.07905647158622742,0.4627113938331604,0.2504848837852478,-0.4057513177394867,0.6139854192733765,0.5843381881713867,-0.11307867616415024,0.4691087305545807,0.2515356242656708,-0.3882615566253662,0.6113883852958679,0.5767782330513,-0.08483924716711044,0.4694597125053406,0.25951260328292847,-0.36042529344558716,0.5546761155128479,0.5658050179481506,0.0073037282563745975,0.4961354732513428,0.5675256848335266,-0.007582183927297592,0.5651346445083618,0.7137415409088135,0.06372493505477905,0.489133358001709,0.7185344099998474,-0.012547698803246021,0.5673290491104126,0.8369194865226746,0.27664411067962646,0.4884769320487976,0.8445054888725281,0.14365601539611816,0.5568732619285583,0.8557695746421814,0.2898580729961395,0.4950515329837799,0.8586269021034241,0.15158583223819733,0.5901328325271606,0.8875609636306763,0.15807831287384033,0.4782477021217346,0.8939701914787292,0.016160447150468826
52,drink,a16_s01_e02,0.5121350288391113,0.2644006609916687,-0.22692792117595673,0.5215258002281189,0.25885361433029175,-0.21277780830860138,0.524946928024292,0.2597595751285553,-0.21271386742591858,0.5286969542503357,0.26076796650886536,-0.212670236825943,0.5147539377212524,0.2580251693725586,-0.20204786956310272,0.5131991505622864,0.25842294096946716,-0.2021181285381317,0.5115572214126587,0.2588713765144348,-0.20212861895561218,0.5403373837471008,0.2776360511779785,-0.14075502753257751,0.5151041746139526,0.27361825108528137,-0.08034947514533997,0.5158683061599731,0.28068387508392334,-0.1973678171634674,0.5091328024864197,0.27839395403862,-0.18429479002952576,0.577763557434082,0.3712131381034851,-0.0763610452413559,0.48045140504837036,0.3566761910915375,-0.03488126024603844,0.5947088003158569,0.467612624168396,-0.04613923281431198,0.42271965742111206,0.3653131127357483,-0.16997021436691284,0.6141706705093384,0.552277684211731,-0.07516568899154663,0.4504312574863434,0.2792679965496063,-0.374031662940979,0.6184548139572144,0.5831533074378967,-0.08169049769639969,0.4548707902431488,0.25670138001441956,-0.4242921769618988,0.615652859210968,0.5841010212898254,-0.11614146083593369,0.4623422622680664,0.25661081075668335,-0.4059600234031677,0.6130698919296265,0.576482892036438,-0.08609645068645477,0.463143914937973,0.26511290669441223,-0.37683671712875366,0.5548132658004761,0.5661934614181519,0.0052071213722229,0.4963216185569763,0.567974328994751,-0.005478887353092432,0.5651902556419373,0.7136958241462708,0.05643371865153313,0.48914122581481934,0.7185450792312622,-0.005526950117200613,0.5673824548721313,0.8367862105369568,0.2720835506916046,0.4885062277317047,0.8441553115844727,0.1600918471813202,0.5569188594818115,0.8556063175201416,0.28560203313827515,0.49513134360313416,0.8580105900764465,0.16960367560386658,0.5901268124580383,0.8875104188919067,0.15588721632957458,0.47824567556381226,0.8939337134361267,0.03702950105071068
53,drink,a16_s01_e02,0.5106355547904968,0.2647619843482971,-0.23739567399024963,0.520271897315979,0.2585723400115967,-0.22884388267993927,0.523882269859314,0.2593476474285126,-0.22878558933734894,0.527898907661438,0.2602379024028778,-0.22874435782432556,0.5132530331611633,0.25795552134513855,-0.21340374648571014,0.5117015242576599,0.2583244740962982,-0.21347582340240479,0.5100892782211304,0.258723646402359,-0.21347889304161072,0.5400277376174927,0.2771701514720917,-0.15563072264194489,0.5142125487327576,0.2735796272754669,-0.09084165096282959,0.5143216848373413,0.2816407382488251,-0.2124575823545456,0.5076056718826294,0.2794562578201294,-0.19317418336868286,0.5777491331100464,0.3709835112094879,-0.08961077034473419,0.4810672402381897,0.3579440414905548,-0.03807241469621658,0.5949939489364624,0.46764373779296875,-0.059212468564510345,0.4227076470851898,0.3736996352672577,-0.16961058974266052,0.6150617003440857,0.5517897009849548,-0.08893944323062897,0.4469107985496521,0.2802429795265198,-0.3801654279232025,0.6198024153709412,0.5829519629478455,-0.09731324017047882,0.4494962692260742,0.25774234533309937,-0.430713027715683,0.61707603931427,0.5839702486991882,-0.12986460328102112,0.45781558752059937,0.25682803988456726,-0.4125012457370758,0.6145907640457153,0.5763375163078308,-0.10056456178426743,0.45907288789749146,0.26539698243141174,-0.3829646110534668,0.5551051497459412,0.5666748285293579,0.0027821133844554424,0.4967033267021179,0.5685457587242126,-0.003049409482628107,0.5653144121170044,0.7137883901596069,0.05716093257069588,0.489155113697052,0.7186393737792969,0.0009466392220929265,0.5674843788146973,0.8367620706558228,0.27681803703308105,0.4885181784629822,0.8441322445869446,0.1715773344039917,0.5569968819618225,0.8555734157562256,0.29056844115257263,0.49517035484313965,0.8579052686691284,0.18169274926185608,0.590118944644928,0.8874979019165039,0.15677812695503235,0.478222519159317,0.8939322829246521,0.04870612546801567
54,drink,a16_s01_e02,0.5101267695426941,0.26568225026130676,-0.24241645634174347,0.5200498104095459,0.2585490643978119,-0.23369979858398438,0.5237509608268738,0.2592748701572418,-0.23364274203777313,0.5278187990188599,0.26013699173927307,-0.23359937965869904,0.5127931237220764,0.25800344347953796,-0.21858790516853333,0.5111650824546814,0.25836899876594543,-0.21865856647491455,0.5094881653785706,0.25875502824783325,-0.2186610996723175,0.5399017333984375,0.2769836187362671,-0.15739455819129944,0.5137365460395813,0.2734929621219635,-0.0958242267370224,0.5137397050857544,0.28346842527389526,-0.21675018966197968,0.5068761110305786,0.281437486410141,-0.19783726334571838,0.5777467489242554,0.3708854019641876,-0.09097488969564438,0.48137959837913513,0.3591766059398651,-0.03927016630768776,0.5951834321022034,0.4676697850227356,-0.05905153229832649,0.42286014556884766,0.3820110559463501,-0.1688857227563858,0.6158233880996704,0.5514048337936401,-0.09140145778656006,0.4442766606807709,0.28927040100097656,-0.3827306628227234,0.6209744811058044,0.5826998949050903,-0.1008874773979187,0.44524186849594116,0.2659701704978943,-0.4343169331550598,0.6181420683860779,0.5837449431419373,-0.13290521502494812,0.45367884635925293,0.26448559761047363,-0.412811279296875,0.615630030632019,0.5760592222213745,-0.10328701883554459,0.4555431008338928,0.2742663323879242,-0.38487398624420166,0.5554101467132568,0.5673163533210754,0.0013257631799206138,0.49703097343444824,0.5692079067230225,-0.00158688856754452,0.5653578639030457,0.7138530015945435,0.05584476515650749,0.4892438054084778,0.7187144160270691,0.004064557142555714,0.5675800442695618,0.8367111682891846,0.2749614715576172,0.48852235078811646,0.8440813422203064,0.17523302137851715,0.5571167469024658,0.855551540851593,0.28891700506210327,0.4951706826686859,0.8577785491943359,0.18550142645835876,0.5900861620903015,0.8874350786209106,0.15880542993545532,0.47823524475097656,0.893909215927124,0.053418856114149094
55,drink,a16_s01_e02,0.5096880197525024,0.2681928277015686,-0.26352816820144653,0.5196343660354614,0.25872087478637695,-0.25427475571632385,0.5235938429832458,0.2593269646167755,-0.2542151212692261,0.527927815914154,0.2602304220199585,-0.2541755139827728,0.511890172958374,0.25835952162742615,-0.2409277707338333,0.5101957321166992,0.2586289942264557,-0.2409975528717041,0.5083719491958618,0.25895729660987854,-0.24099838733673096,0.5399660468101501,0.2770227789878845,-0.17603036761283875,0.5127763152122498,0.2736112177371979,-0.12021198123693466,0.513839602470398,0.2869125306606293,-0.23567542433738708,0.5065657496452332,0.2851622700691223,-0.21919624507427216,0.577869713306427,0.3710656464099884,-0.10509181022644043,0.4816831648349762,0.3611378073692322,-0.05930284783244133,0.5954053997993469,0.4688969552516937,-0.06860189139842987,0.42325258255004883,0.3963117301464081,-0.17623019218444824,0.6161834001541138,0.5510531067848206,-0.10323242843151093,0.4391917586326599,0.3102204501628876,-0.4237453043460846,0.621558666229248,0.5825307369232178,-0.11315319687128067,0.4403090476989746,0.2834318280220032,-0.4730910360813141,0.6186699867248535,0.5835477113723755,-0.14356692135334015,0.4484325349330902,0.28047481179237366,-0.46254962682724,0.6160649657249451,0.575759768486023,-0.11460715532302856,0.45020875334739685,0.29017606377601624,-0.42827361822128296,0.5556104779243469,0.568522572517395,0.0007350119994953275,0.49726614356040955,0.5702956914901733,-0.0009777030209079385,0.5654221177101135,0.7143445611000061,0.056655991822481155,0.48928847908973694,0.7190020084381104,0.015378246083855629,0.56763756275177,0.8367044925689697,0.2760060429573059,0.4884929060935974,0.8440530300140381,0.18737870454788208,0.5571836829185486,0.8555453419685364,0.2897343635559082,0.49515312910079956,0.8577511310577393,0.19802550971508026,0.5900141596794128,0.8874290585517883,0.1593271791934967,0.47822481393814087,0.8938783407211304,0.06825695186853409
56,drink,a16_s01_e02,0.5099490284919739,0.2691485583782196,-0.25723177194595337,0.5197522044181824,0.2588346302509308,-0.24467237293720245,0.5237722992897034,0.25936368107795715,-0.24461373686790466,0.5281550884246826,0.26031947135925293,-0.2445729672908783,0.5118061900138855,0.2585286796092987,-0.23299166560173035,0.5100842714309692,0.2587103545665741,-0.2330622375011444,0.5082117319107056,0.2589707374572754,-0.23306944966316223,0.540016770362854,0.27698957920074463,-0.16499951481819153,0.5122094750404358,0.2735567092895508,-0.11150995641946793,0.5142887830734253,0.2882795035839081,-0.22683227062225342,0.5068166851997375,0.2863532602787018,-0.21310436725616455,0.577996015548706,0.3710561692714691,-0.09933129698038101,0.481821209192276,0.3619791865348816,-0.05376226827502251,0.5954271554946899,0.4692554473876953,-0.07040552794933319,0.4257414937019348,0.40687066316604614,-0.1638796031475067,0.616336464881897,0.5510702133178711,-0.11677289009094238,0.43361741304397583,0.32406941056251526,-0.41101837158203125,0.6218055486679077,0.582551896572113,-0.12933775782585144,0.4347445070743561,0.2954029440879822,-0.45465174317359924,0.6188679933547974,0.5835580825805664,-0.15959356725215912,0.4427625238895416,0.29057133197784424,-0.4560280442237854,0.6162232160568237,0.5757765173912048,-0.12843367457389832,0.4446779191493988,0.2995223104953766,-0.42094406485557556,0.5558534264564514,0.5687344074249268,-0.0006860889843665063,0.4975643754005432,0.5704469680786133,0.00047112294123508036,0.5654478073120117,0.7143978476524353,0.0537516251206398,0.48941802978515625,0.7190379500389099,0.014246213249862194,0.5676435232162476,0.8365858197212219,0.25730860233306885,0.4884708821773529,0.8441043496131897,0.17975443601608276,0.5571831464767456,0.8554188013076782,0.2697494328022003,0.4950648248195648,0.857873797416687,0.18965795636177063,0.5897811651229858,0.8873534798622131,0.1464078724384308,0.4782087206840515,0.8938566446304321,0.05971614271402359
57,drink,a16_s01_e02,0.5102283358573914,0.2702619135379791,-0.25399941205978394,0.5201241374015808,0.2591503858566284,-0.24219706654548645,0.5242020487785339,0.2596123218536377,-0.24214932322502136,0.528535008430481,0.2604501247406006,-0.24210624396800995,0.5118309855461121,0.2588776648044586,-0.23008620738983154,0.5100204944610596,0.2589656710624695,-0.23015236854553223,0.5080671906471252,0.259139746427536,-0.23015503585338593,0.5401564836502075,0.2770124077796936,-0.1639859676361084,0.5116416811943054,0.27355054020881653,-0.10931570827960968,0.5148023366928101,0.28978535532951355,-0.2242819368839264,0.5068935751914978,0.2879108190536499,-0.2100423127412796,0.5782264471054077,0.371082603931427,-0.10161211341619492,0.48193126916885376,0.36280664801597595,-0.0477314218878746,0.5954755544662476,0.46972131729125977,-0.08096594363451004,0.4289432168006897,0.416913777589798,-0.15262708067893982,0.6163820028305054,0.5511051416397095,-0.14309440553188324,0.4314814507961273,0.34181639552116394,-0.399140864610672,0.6217969655990601,0.5825709700584412,-0.15939702093601227,0.43120861053466797,0.3150070011615753,-0.4432985186576843,0.6188185811042786,0.5835675001144409,-0.1894473135471344,0.4388121962547302,0.3086020052433014,-0.4550844728946686,0.6161625385284424,0.5757938623428345,-0.15506745874881744,0.44175562262535095,0.3167310059070587,-0.4096437096595764,0.5561224818229675,0.5690516233444214,-0.002868298441171646,0.4978376030921936,0.5706350207328796,0.002665199339389801,0.5655170679092407,0.7144846320152283,0.05142916366457939,0.4894891679286957,0.7190850973129272,0.017729146406054497,0.5676485300064087,0.8365811109542847,0.2533644735813141,0.48839378356933594,0.8442497849464417,0.18207409977912903,0.5571896433830261,0.855391800403595,0.2657664716243744,0.494947612285614,0.8580697774887085,0.19183775782585144,0.5896239876747131,0.8873399496078491,0.14305201172828674,0.47820258140563965,0.8938321471214294,0.06333941966295242
58,drink,a16_s01_e02,0.5105725526809692,0.2712900936603546,-0.2653599977493286,0.5204631686210632,0.2596985697746277,-0.25628718733787537,0.5245339274406433,0.26006075739860535,-0.2562425434589386,0.5286788940429688,0.26076602935791016,-0.25619444251060486,0.5119169354438782,0.2595387101173401,-0.2434484213590622,0.5100313425064087,0.25959810614585876,-0.24351663887500763,0.5080134272575378,0.25973260402679443,-0.24351108074188232,0.5405482053756714,0.2770245373249054,-0.179408460855484,0.5111044645309448,0.2737085223197937,-0.12418069690465927,0.5152819752693176,0.2909489572048187,-0.23673152923583984,0.5071057677268982,0.2889915704727173,-0.22106023132801056,0.5784556269645691,0.3711995780467987,-0.11410684883594513,0.4819584786891937,0.36329105496406555,-0.053706198930740356,0.5954740047454834,0.4700271487236023,-0.09142497181892395,0.4320754110813141,0.42581599950790405,-0.1613943725824356,0.6163583993911743,0.5510123372077942,-0.15267720818519592,0.4310714602470398,0.35324278473854065,-0.4056782126426697,0.6217758655548096,0.5824816823005676,-0.16797475516796112,0.42920979857444763,0.32789477705955505,-0.45039647817611694,0.6187769174575806,0.5834088921546936,-0.19804151356220245,0.43615275621414185,0.32010355591773987,-0.45313653349876404,0.6161438226699829,0.5754954218864441,-0.16443462669849396,0.4390833377838135,0.32847315073013306,-0.41390472650527954,0.5564901232719421,0.5692116618156433,-0.003973277285695076,0.49832582473754883,0.5707525610923767,0.0037658456712961197,0.5655627250671387,0.7144920229911804,0.05112292245030403,0.48954835534095764,0.7191731333732605,0.017330564558506012,0.5676539540290833,0.8365669846534729,0.2545086145401001,0.4883277416229248,0.844527542591095,0.17963556945323944,0.5571917295455933,0.8553406596183777,0.26705825328826904,0.49488648772239685,0.8586090207099915,0.1890920102596283,0.5895344018936157,0.8873350620269775,0.14431092143058777,0.47814878821372986,0.8938292264938354,0.06000713258981705
59,drink,a16_s01_e02,0.5108505487442017,0.2739439010620117,-0.2651100158691406,0.520724356174469,0.2613328695297241,-0.2553481161594391,0.5247189998626709,0.26164454221725464,-0.2553101181983948,0.5288857221603394,0.26228228211402893,-0.255265474319458,0.5120322704315186,0.2610526382923126,-0.2433508336544037,0.5101467967033386,0.2611147463321686,-0.2434169054031372,0.50816810131073,0.2612100839614868,-0.24341611564159393,0.5409883260726929,0.2773110568523407,-0.17395606637001038,0.510981559753418,0.2742810547351837,-0.12295118719339371,0.5154997706413269,0.29320499300956726,-0.23499169945716858,0.5073243379592896,0.29103171825408936,-0.22032499313354492,0.5786474943161011,0.37120285630226135,-0.10773696005344391,0.4820367395877838,0.36339232325553894,-0.05358564108610153,0.5953280925750732,0.4698442220687866,-0.08692790567874908,0.43550196290016174,0.43130260705947876,-0.15291175246238708,0.6160792112350464,0.5507436394691467,-0.15454663336277008,0.42664843797683716,0.36683082580566406,-0.4050622880458832,0.6214584708213806,0.5819426774978638,-0.1710491180419922,0.42421674728393555,0.3406105935573578,-0.44805797934532166,0.6185401678085327,0.5829967856407166,-0.20150406658649445,0.4319620132446289,0.33101049065589905,-0.44810763001441956,0.6158283948898315,0.5749977827072144,-0.16656829416751862,0.4342103898525238,0.3406452238559723,-0.4111579954624176,0.5565891861915588,0.5692031979560852,-0.0037608370184898376,0.49864858388900757,0.5706807971000671,0.0035497781354933977,0.5655981302261353,0.7144852876663208,0.04500453546643257,0.4896124303340912,0.7191650867462158,0.013994188979268074,0.5676371455192566,0.8365784883499146,0.2437056303024292,0.4883137345314026,0.8447123765945435,0.17426910996437073,0.5571607351303101,0.8553140759468079,0.2555907368659973,0.4948769211769104,0.8589480519294739,0.18271692097187042,0.5895112752914429,0.8873774409294128,0.1315201222896576,0.47814854979515076,0.8937987089157104,0.05666906386613846
60,drink,a16_s01_e02,0.5110936164855957,0.276720255613327,-0.2546876072883606,0.5208151340484619,0.26329511404037476,-0.24648085236549377,0.5250214338302612,0.2636339068412781,-0.24648669362068176,0.5296403169631958,0.26433247327804565,-0.24643945693969727,0.5122216939926147,0.2628794312477112,-0.23479107022285461,0.5103036761283875,0.26295292377471924,-0.23483829200267792,0.5083656311035156,0.26301828026771545,-0.23482856154441833,0.5414950251579285,0.2779593765735626,-0.16801857948303223,0.5110283493995667,0.27502891421318054,-0.11793278157711029,0.5160812139511108,0.29583194851875305,-0.2239236831665039,0.5075014233589172,0.29347720742225647,-0.20972423255443573,0.5787690877914429,0.37124744057655334,-0.10339461266994476,0.482056200504303,0.36370375752449036,-0.035732172429561615,0.5952284932136536,0.46962636709213257,-0.08079870045185089,0.43847447633743286,0.4384094178676605,-0.12443914264440536,0.6159068942070007,0.5507670044898987,-0.15701018273830414,0.42373543977737427,0.38564789295196533,-0.3798799514770508,0.6212061643600464,0.5819094777107239,-0.17490427196025848,0.419813871383667,0.36268675327301025,-0.4234717786312103,0.6181995272636414,0.5829473733901978,-0.20635204017162323,0.4272821843624115,0.3525019586086273,-0.43125659227371216,0.6154353618621826,0.5749865770339966,-0.16936495900154114,0.42975568771362305,0.360895037651062,-0.3898170292377472,0.5565851330757141,0.5691967010498047,-0.0039576319977641106,0.498768150806427,0.5706700086593628,0.0037511650007218122,0.5656181573867798,0.7144678831100464,0.035395003855228424,0.4896464943885803,0.719015896320343,0.012456448748707771,0.5675899982452393,0.836580216884613,0.2216847687959671,0.4882175922393799,0.8450496196746826,0.15971030294895172,0.5570939779281616,0.8552170991897583,0.23209397494792938,0.4947512745857239,0.8594962954521179,0.16708378493785858,0.5894240140914917,0.887374997138977,0.10765869915485382,0.47812867164611816,0.8937979340553284,0.03928719088435173
61,drink,a16_s01_e02,0.5118719339370728,0.278094083070755,-0.25828689336776733,0.5219727754592896,0.2646917402744293,-0.24693512916564941,0.526657223701477,0.26513490080833435,-0.24693551659584045,0.5316636562347412,0.26598411798477173,-0.24689821898937225,0.5124512910842896,0.26400622725486755,-0.23726022243499756,0.5103827118873596,0.2640417814254761,-0.2373075783252716,0.5084037184715271,0.26410019397735596,-0.23729634284973145,0.5423707962036133,0.27857768535614014,-0.1638868898153305,0.5110899806022644,0.2755911648273468,-0.11735896021127701,0.5184219479560852,0.29727810621261597,-0.22464928030967712,0.5077797770500183,0.294795423746109,-0.2129947394132614,0.5787738561630249,0.3712720274925232,-0.10079534351825714,0.48204055428504944,0.3644161522388458,-0.03600286692380905,0.5949849486351013,0.46945443749427795,-0.08100216835737228,0.44113054871559143,0.44496917724609375,-0.1318037360906601,0.6156018376350403,0.5507404208183289,-0.16768628358840942,0.42268234491348267,0.397985577583313,-0.38159066438674927,0.6206815838813782,0.5818421244621277,-0.187706857919693,0.41642969846725464,0.37744346261024475,-0.42570313811302185,0.6176396012306213,0.5829089283943176,-0.2198784351348877,0.4222249388694763,0.36779823899269104,-0.44371652603149414,0.6149166226387024,0.5749884247779846,-0.1805969774723053,0.42555874586105347,0.3741002082824707,-0.3976934254169464,0.5565698742866516,0.5691692233085632,-0.004035937134176493,0.49887213110923767,0.5706146359443665,0.003845730796456337,0.5656557679176331,0.7141678333282471,0.03452769294381142,0.48965758085250854,0.7188457250595093,0.0068665132857859135,0.567573606967926,0.836502730846405,0.21594032645225525,0.4881179928779602,0.8457915782928467,0.1484794169664383,0.5569583177566528,0.855046808719635,0.22571484744548798,0.4947393834590912,0.8609464764595032,0.1549341380596161,0.5894598960876465,0.8873385190963745,0.09958309680223465,0.47796422243118286,0.8939540982246399,0.022847717627882957
62,drink,a16_s01_e02,0.5139762759208679,0.2796158194541931,-0.2714058756828308,0.5240020155906677,0.2662517726421356,-0.25645357370376587,0.5288665294647217,0.26676657795906067,-0.2564653754234314,0.5338689684867859,0.26769596338272095,-0.2564370334148407,0.5136107802391052,0.2656005024909973,-0.24987423419952393,0.5108925104141235,0.2655709385871887,-0.24992342293262482,0.5087586045265198,0.26563844084739685,-0.24991369247436523,0.5434009432792664,0.27922487258911133,-0.16223320364952087,0.5111308097839355,0.2764126658439636,-0.12733358144760132,0.521647572517395,0.2987801432609558,-0.23329094052314758,0.5089017152786255,0.2966958284378052,-0.22573378682136536,0.5788812637329102,0.37150248885154724,-0.09859274327754974,0.48198026418685913,0.36595213413238525,-0.03746683523058891,0.5948531031608582,0.46942856907844543,-0.08269869536161423,0.44419580698013306,0.4518314599990845,-0.13790252804756165,0.6150436997413635,0.5505039691925049,-0.18386057019233704,0.4229647219181061,0.4120437204837799,-0.3986569046974182,0.6199363470077515,0.5817148685455322,-0.2077740728855133,0.4161589741706848,0.39284631609916687,-0.4459359645843506,0.6168175935745239,0.582815408706665,-0.24075904488563538,0.4210982322692871,0.3823433220386505,-0.4617878496646881,0.6140437126159668,0.5749472379684448,-0.19764110445976257,0.42462262511253357,0.3881448805332184,-0.4133847653865814,0.5565515160560608,0.5691598057746887,-0.003683066461235285,0.49904865026474,0.5706093311309814,0.0034984354861080647,0.5657123923301697,0.7140856385231018,0.035691045224666595,0.489734947681427,0.7187508344650269,0.0068100676871836185,0.5675961971282959,0.8363898396492004,0.21354606747627258,0.48809900879859924,0.8457907438278198,0.15214906632900238,0.5569584965705872,0.8548524975776672,0.22276392579078674,0.49473872780799866,0.8609955310821533,0.15919238328933716,0.5896276235580444,0.8872920274734497,0.09497352689504623,0.47796374559402466,0.8938495516777039,0.025833863765001297
63,drink,a16_s01_e02,0.5176348686218262,0.28149494528770447,-0.24623934924602509,0.5274677276611328,0.26898613572120667,-0.22830674052238464,0.532316267490387,0.2697077691555023,-0.22833725810050964,0.5367140173912048,0.27063417434692383,-0.22830712795257568,0.5162290334701538,0.2677452266216278,-0.22513408958911896,0.5133150815963745,0.2675728499889374,-0.22515900433063507,0.5103546977043152,0.2674480974674225,-0.2251182496547699,0.5450040102005005,0.2804397642612457,-0.12182997167110443,0.5113966464996338,0.2772635221481323,-0.10776762664318085,0.5253055095672607,0.30027496814727783,-0.20624308288097382,0.5112987756729126,0.29830387234687805,-0.2028495818376541,0.5788892507553101,0.3715737760066986,-0.0679919421672821,0.48125219345092773,0.3679591417312622,-0.021383482962846756,0.5947878360748291,0.4695754945278168,-0.06430535018444061,0.44675031304359436,0.4587000906467438,-0.10077331960201263,0.6148208379745483,0.5505131483078003,-0.17182502150535583,0.42435115575790405,0.4310816824436188,-0.35882145166397095,0.6195047497749329,0.5817450881004333,-0.19861158728599548,0.4150800108909607,0.41433700919151306,-0.4070645272731781,0.6165323853492737,0.582837700843811,-0.2319832146167755,0.41906601190567017,0.40208449959754944,-0.42430585622787476,0.6138362884521484,0.5750085115432739,-0.18629738688468933,0.4235227704048157,0.4074142277240753,-0.3728622794151306,0.5564683675765991,0.5691367387771606,-0.003605902660638094,0.49906444549560547,0.5705975294113159,0.003450190182775259,0.5657253861427307,0.7140966057777405,0.028681347146630287,0.4898095726966858,0.7187666296958923,0.006763428449630737,0.5676612257957458,0.8364293575286865,0.19839945435523987,0.4880785048007965,0.8461851477622986,0.15293572843074799,0.5570206642150879,0.8548672795295715,0.2068367302417755,0.4945999085903168,0.8611754179000854,0.15983368456363678,0.5896279215812683,0.8873123526573181,0.07921289652585983,0.47810086607933044,0.8938092589378357,0.026857465505599976
64,drink,a16_s01_e02,0.5222532153129578,0.28180018067359924,-0.24850745499134064,0.5314282774925232,0.26942411065101624,-0.2314538061618805,0.5359412431716919,0.27022314071655273,-0.23145660758018494,0.5394781827926636,0.27125540375709534,-0.2314215898513794,0.5192142724990845,0.26806169748306274,-0.2288450002670288,0.5160428285598755,0.26785480976104736,-0.22886362671852112,0.5126060843467712,0.26768937706947327,-0.22880776226520538,0.546845555305481,0.2807174623012543,-0.12277273833751678,0.5116122961044312,0.27746447920799255,-0.11369267851114273,0.530005693435669,0.3005771040916443,-0.21015331149101257,0.5146405696868896,0.29861462116241455,-0.20629343390464783,0.5788899064064026,0.37168648838996887,-0.06332133710384369,0.4806973934173584,0.36933162808418274,-0.027760639786720276,0.5947566628456116,0.4699171781539917,-0.057377927005290985,0.44887909293174744,0.46096715331077576,-0.10664757341146469,0.614655077457428,0.5505205988883972,-0.17366310954093933,0.42556142807006836,0.4453829824924469,-0.3629665970802307,0.6191561818122864,0.5817994475364685,-0.20379889011383057,0.4165967106819153,0.43381163477897644,-0.4122024178504944,0.6163297891616821,0.5828659534454346,-0.2381010502576828,0.4194629192352295,0.42159387469291687,-0.4282340109348297,0.6137108206748962,0.5750186443328857,-0.18921750783920288,0.4241575300693512,0.42468753457069397,-0.37730684876441956,0.5563861131668091,0.5690520405769348,-0.0033825640566647053,0.4990940988063812,0.570547878742218,0.003269857494160533,0.5657261610031128,0.714096188545227,0.03082316555082798,0.48985958099365234,0.7188900113105774,0.004948441404849291,0.5676628351211548,0.8364442586898804,0.2048926055431366,0.4880802631378174,0.8474858999252319,0.15228942036628723,0.5570250749588013,0.8548855185508728,0.21370646357536316,0.4945301115512848,0.8622315526008606,0.1587507575750351,0.5896238088607788,0.8872626423835754,0.08507098257541656,0.47810298204421997,0.8940786719322205,0.022417830303311348
65,drink,a16_s01_e02,0.525631308555603,0.2823929488658905,-0.26577073335647583,0.5339930057525635,0.27003908157348633,-0.24589256942272186,0.5380933880805969,0.27087172865867615,-0.24592626094818115,0.5411918759346008,0.27190157771110535,-0.2459091693162918,0.5216143131256104,0.26851674914360046,-0.24621424078941345,0.518037736415863,0.2683055102825165,-0.2462369203567505,0.5145965814590454,0.26808735728263855,-0.24619200825691223,0.5479992628097534,0.28091511130332947,-0.12988469004631042,0.5118140578269958,0.2776218354701996,-0.12887042760849,0.5330700874328613,0.3009066581726074,-0.220878005027771,0.5173145532608032,0.2992698550224304,-0.2222316563129425,0.5788905620574951,0.37171974778175354,-0.06653620302677155,0.4796876907348633,0.36979156732559204,-0.039500102400779724,0.5947102308273315,0.4700498580932617,-0.05608891695737839,0.45076698064804077,0.4604339301586151,-0.1094895452260971,0.6144692301750183,0.5503808856010437,-0.17690090835094452,0.4257187843322754,0.4553135633468628,-0.3605916202068329,0.6189114451408386,0.581801176071167,-0.20929089188575745,0.4162282943725586,0.4527391791343689,-0.4104016423225403,0.6161640286445618,0.582851231098175,-0.2448178231716156,0.41846051812171936,0.4401354193687439,-0.43019962310791016,0.6135870218276978,0.5749828219413757,-0.19335626065731049,0.42325860261917114,0.44056999683380127,-0.37664884328842163,0.5563523769378662,0.5689877271652222,-0.002792030805721879,0.4991164207458496,0.5705341100692749,0.002726234495639801,0.5657225847244263,0.7139990329742432,0.028903912752866745,0.48997774720191956,0.7188910841941833,0.0042335097678005695,0.5676642656326294,0.8364393711090088,0.20610256493091583,0.4880770146846771,0.8480084538459778,0.15710678696632385,0.5570251941680908,0.8549085855484009,0.2152278870344162,0.4945213794708252,0.8626652359962463,0.16360974311828613,0.5896421670913696,0.8871342539787292,0.08547739684581757,0.47797226905822754,0.8941401839256287,0.02398546412587166
66,drink,a16_s01_e02,0.526471734046936,0.28344348073005676,-0.25802409648895264,0.534895658493042,0.2712211012840271,-0.23611721396446228,0.5388782024383545,0.27214834094047546,-0.2361612766981125,0.5419303178787231,0.27314892411231995,-0.2361503541469574,0.5225337743759155,0.269462913274765,-0.23846504092216492,0.5188490152359009,0.26923948526382446,-0.2384624183177948,0.515475332736969,0.2690172493457794,-0.23841002583503723,0.5487797856330872,0.2816929221153259,-0.11455640941858292,0.5119345188140869,0.2781524956226349,-0.12081803381443024,0.5338121056556702,0.30179157853126526,-0.2110544741153717,0.518178403377533,0.30030977725982666,-0.21416370570659637,0.5788816213607788,0.3719019889831543,-0.049978263676166534,0.47911912202835083,0.37002435326576233,-0.03646082058548927,0.5946294069290161,0.4702261984348297,-0.04113832116127014,0.45419445633888245,0.45748278498649597,-0.10187027603387833,0.6141440272331238,0.5504220128059387,-0.1695457398891449,0.4260978698730469,0.46661847829818726,-0.35268276929855347,0.6185558438301086,0.582021951675415,-0.1996460258960724,0.4179145395755768,0.4720667898654938,-0.4043385088443756,0.6157890558242798,0.5830116271972656,-0.23412492871284485,0.4205991327762604,0.458818644285202,-0.4291574954986572,0.6132803559303284,0.5752012729644775,-0.1846649944782257,0.42502808570861816,0.45619523525238037,-0.3700528144836426,0.5563517808914185,0.5691745281219482,-0.0019928407855331898,0.49913710355758667,0.5706567764282227,0.00196528946980834,0.5657237768173218,0.7140319347381592,0.02603449486196041,0.4900755286216736,0.7189828157424927,-0.003467822913080454,0.5676964521408081,0.8364078402519226,0.21056237816810608,0.4880198538303375,0.8484728932380676,0.1575012058019638,0.5570365190505981,0.8548972010612488,0.22050437331199646,0.4944894313812256,0.8630774617195129,0.16435083746910095,0.5896720290184021,0.8871303796768188,0.091612808406353,0.4776705205440521,0.8941785097122192,0.0256367065012455
67,drink,a16_s01_e02,0.5284111499786377,0.2844477891921997,-0.24947349727153778,0.5367114543914795,0.27285823225975037,-0.2276715338230133,0.5401960611343384,0.27375203371047974,-0.22771576046943665,0.5436248183250427,0.2746586203575134,-0.2277110069990158,0.524178147315979,0.27082642912864685,-0.22964420914649963,0.520035445690155,0.27049487829208374,-0.22964279353618622,0.5166771411895752,0.2702450752258301,-0.2296009063720703,0.5498324632644653,0.2826187312602997,-0.10683419555425644,0.5121284127235413,0.27879923582077026,-0.1147649735212326,0.5354425311088562,0.3027072548866272,-0.20381569862365723,0.519856870174408,0.30136770009994507,-0.20682522654533386,0.5788861513137817,0.3721230924129486,-0.044983625411987305,0.47887593507766724,0.37018826603889465,-0.03596087917685509,0.5944949984550476,0.4708857238292694,-0.03635520488023758,0.45700836181640625,0.45718327164649963,-0.0952826514840126,0.6138461828231812,0.5509761571884155,-0.16759315133094788,0.42743849754333496,0.4834479093551636,-0.3345732092857361,0.6182153820991516,0.582628071308136,-0.1945222020149231,0.4187604784965515,0.488319456577301,-0.3856079578399658,0.615429162979126,0.5834048986434937,-0.22882819175720215,0.42174720764160156,0.47718292474746704,-0.4152436852455139,0.6129792332649231,0.5757637619972229,-0.18249130249023438,0.42607006430625916,0.4747442305088043,-0.35335642099380493,0.556370198726654,0.5693114399909973,-0.0010777894640341401,0.49916988611221313,0.5707229375839233,0.0010899509070441127,0.5657258033752441,0.7140936255455017,0.028211209923028946,0.49023008346557617,0.7191160917282104,-0.006359466817229986,0.56769859790802,0.8363810181617737,0.2049546241760254,0.4880051016807556,0.8491345643997192,0.1502804309129715,0.5570417642593384,0.8548945188522339,0.21386496722698212,0.49448078870773315,0.8640007376670837,0.15659351646900177,0.5896669030189514,0.8871260285377502,0.08610369265079498,0.47686368227005005,0.8942165374755859,0.01937941089272499
68,drink,a16_s01_e02,0.5299390554428101,0.28572550415992737,-0.2588079273700714,0.5380649566650391,0.27444788813591003,-0.2366636097431183,0.5413085222244263,0.27527916431427,-0.23672278225421906,0.545123815536499,0.27609798312187195,-0.23673316836357117,0.5258220434188843,0.27236679196357727,-0.23969146609306335,0.5214427709579468,0.27194976806640625,-0.23969444632530212,0.5179060697555542,0.2716551125049591,-0.2396697700023651,0.5505181550979614,0.2836880683898926,-0.11627329885959625,0.5125163793563843,0.27952754497528076,-0.12528635561466217,0.5364859104156494,0.30385544896125793,-0.21083149313926697,0.5213156938552856,0.30244284868240356,-0.21638350188732147,0.5788866281509399,0.3723624646663666,-0.053136371076107025,0.4788740575313568,0.37013325095176697,-0.047456223517656326,0.5942457318305969,0.4711115062236786,-0.04238517954945564,0.45822006464004517,0.45611345767974854,-0.09733857214450836,0.6135259866714478,0.5516555905342102,-0.1667584478855133,0.4287872314453125,0.49865466356277466,-0.3177036941051483,0.6178807020187378,0.5834729075431824,-0.19907817244529724,0.4190647006034851,0.5067008137702942,-0.3661841154098511,0.615050733089447,0.5839517712593079,-0.2350204437971115,0.4224584996700287,0.4972866177558899,-0.3986411690711975,0.6126082539558411,0.5765264630317688,-0.1833036243915558,0.42667365074157715,0.494980126619339,-0.33715811371803284,0.5563690066337585,0.5694242715835571,0.00011840781371574849,0.49923187494277954,0.5707221627235413,-7.587828440591693e-05,0.5657275915145874,0.7140829563140869,0.02962465211749077,0.4903903007507324,0.7191300988197327,-0.012429659254848957,0.5676892995834351,0.8363812565803528,0.19605839252471924,0.4880014955997467,0.8500246405601501,0.13305936753749847,0.5570458173751831,0.8548998236656189,0.2035662829875946,0.49440836906433105,0.865068256855011,0.13815967738628387,0.5896872878074646,0.8871291875839233,0.07504141330718994,0.4759244918823242,0.8942431211471558,0.00040563108632341027
69,drink,a16_s01_e02,0.5315148830413818,0.2867202162742615,-0.2682834267616272,0.5391313433647156,0.2756366729736328,-0.24750396609306335,0.5423581004142761,0.2764255106449127,-0.24755319952964783,0.54634690284729,0.2771604657173157,-0.24756073951721191,0.5274366140365601,0.2734827399253845,-0.24998822808265686,0.5230275988578796,0.2730037569999695,-0.2499936819076538,0.5192037224769592,0.27264147996902466,-0.24997887015342712,0.5511066317558289,0.28452068567276,-0.11977840960025787,0.5131776928901672,0.2799854278564453,-0.13721905648708344,0.5375330448150635,0.3046739399433136,-0.22137276828289032,0.5227482914924622,0.3031490743160248,-0.2261902540922165,0.5788939595222473,0.37254685163497925,-0.05688853934407234,0.4788902699947357,0.3700913190841675,-0.059115082025527954,0.5939863324165344,0.4712178409099579,-0.043512169271707535,0.45912981033325195,0.45671072602272034,-0.09572766721248627,0.6133162975311279,0.5524598956108093,-0.1657634675502777,0.4312504231929779,0.5068853497505188,-0.29573675990104675,0.617588996887207,0.5842562913894653,-0.1957693248987198,0.42166227102279663,0.5214236974716187,-0.3408910632133484,0.6147412657737732,0.5844556093215942,-0.23158292472362518,0.4225948750972748,0.5138628482818604,-0.3747710883617401,0.612342894077301,0.5771859884262085,-0.18111836910247803,0.4267367720603943,0.509245753288269,-0.3152329921722412,0.5563620328903198,0.5694448351860046,0.0018443356966599822,0.4992516040802002,0.570712149143219,-0.001785618020221591,0.565727949142456,0.7140868902206421,0.030472945421934128,0.4905683100223541,0.7191213965415955,-0.014795335941016674,0.5676268339157104,0.8364759683609009,0.18568170070648193,0.4879981577396393,0.8505356311798096,0.12520508468151093,0.5569995641708374,0.8549643754959106,0.19190803170204163,0.4943753778934479,0.8656162023544312,0.12975168228149414,0.5897144675254822,0.8871318697929382,0.06220634654164314,0.4756343960762024,0.894264817237854,-0.007926149293780327
70,drink,a16_s01_e02,0.53257155418396,0.2871468961238861,-0.29445844888687134,0.5398298501968384,0.2762959599494934,-0.2755303680896759,0.5431866645812988,0.27708184719085693,-0.2755601108074188,0.5472604036331177,0.2778010368347168,-0.2755598723888397,0.5284291505813599,0.274068683385849,-0.27750641107559204,0.5240253210067749,0.2735460102558136,-0.2775249779224396,0.5200352668762207,0.2731419503688812,-0.2775205969810486,0.5517225861549377,0.2853545844554901,-0.15332435071468353,0.513640820980072,0.28033944964408875,-0.1665911078453064,0.5382212400436401,0.30512672662734985,-0.24880269169807434,0.5235270261764526,0.3034229278564453,-0.25255322456359863,0.5789364576339722,0.37289151549339294,-0.07652478665113449,0.47890448570251465,0.37003782391548157,-0.08521179854869843,0.5937099456787109,0.47135406732559204,-0.04560602456331253,0.4600098133087158,0.4569931924343109,-0.09911735355854034,0.6131865978240967,0.5542786717414856,-0.15803788602352142,0.4338343143463135,0.5145065188407898,-0.2724452018737793,0.6172438859939575,0.5858638286590576,-0.18728570640087128,0.4249642789363861,0.5359561443328857,-0.3123437762260437,0.6143230199813843,0.5857337117195129,-0.22681450843811035,0.4244564473628998,0.5287691354751587,-0.34802892804145813,0.611971914768219,0.5786189436912537,-0.1754056066274643,0.428351491689682,0.5217916369438171,-0.29184454679489136,0.5563432574272156,0.5694431662559509,0.004529105499386787,0.49921125173568726,0.5706247687339783,-0.004492799285799265,0.5657209157943726,0.7140366435050964,0.034352660179138184,0.4907608926296234,0.7190649509429932,-0.015135216526687145,0.5674986839294434,0.8364350199699402,0.18409012258052826,0.487997829914093,0.8508764505386353,0.11852429807186127,0.5567920804023743,0.8549289703369141,0.1895657479763031,0.49437040090560913,0.8658962845802307,0.12223803997039795,0.5897117257118225,0.8871088027954102,0.05903655290603638,0.4754036068916321,0.8943144083023071,-0.016727108508348465
71,drink,a16_s01_e02,0.5337035655975342,0.2882981598377228,-0.3160805404186249,0.5406198501586914,0.2776564657688141,-0.2979132831096649,0.5441858172416687,0.2783893048763275,-0.2979423403739929,0.5481317043304443,0.2791295051574707,-0.29793357849121094,0.5297703146934509,0.2752934396266937,-0.30000630021095276,0.5254572629928589,0.2745456397533417,-0.3000112771987915,0.5213659405708313,0.27395740151405334,-0.3000156283378601,0.5522692203521729,0.28664669394493103,-0.17788024246692657,0.5144327878952026,0.28053492307662964,-0.1905285120010376,0.5387764573097229,0.30586129426956177,-0.27072253823280334,0.524351954460144,0.30381831526756287,-0.2743823230266571,0.5789375305175781,0.3730817437171936,-0.09579358994960785,0.4789041578769684,0.3699812889099121,-0.10511127859354019,0.5935196876525879,0.4716612994670868,-0.04625461995601654,0.4610075354576111,0.46448224782943726,-0.08158722519874573,0.6129411458969116,0.556505024433136,-0.15652766823768616,0.4368830621242523,0.5389195084571838,-0.2018647938966751,0.6167328953742981,0.5878762602806091,-0.18485449254512787,0.4281046390533447,0.563414990901947,-0.23509268462657928,0.613654375076294,0.5874921083450317,-0.22645249962806702,0.42698726058006287,0.559257447719574,-0.2739338278770447,0.6113311052322388,0.5805715322494507,-0.174748495221138,0.43159762024879456,0.5509671568870544,-0.2208690196275711,0.5563598871231079,0.5697348117828369,0.005733431316912174,0.49927210807800293,0.570688784122467,-0.005709134973585606,0.5657387971878052,0.7141174077987671,0.03985665366053581,0.49100741744041443,0.7190669775009155,-0.014462791383266449,0.5674360990524292,0.8365833163261414,0.185200035572052,0.487995445728302,0.8519055247306824,0.12225341796875,0.5565946102142334,0.855046272277832,0.190547376871109,0.4943212866783142,0.8667022585868835,0.12602800130844116,0.5898698568344116,0.887213945388794,0.061356574296951294,0.4753018021583557,0.8946755528450012,-0.011690727435052395
72,drink,a16_s01_e02,0.5355716943740845,0.28947433829307556,-0.32250481843948364,0.5418802499771118,0.27867498993873596,-0.3045439124107361,0.5456809997558594,0.27928459644317627,-0.30456724762916565,0.5491682291030884,0.28002044558525085,-0.3045521378517151,0.5314794182777405,0.276540607213974,-0.3071133494377136,0.5271910429000854,0.27583396434783936,-0.3071143925189972,0.5229572653770447,0.27504757046699524,-0.30711692571640015,0.5528262853622437,0.28731679916381836,-0.18453511595726013,0.5153917670249939,0.280860036611557,-0.1992543488740921,0.5398896932601929,0.30646055936813354,-0.27691689133644104,0.5259641408920288,0.30444541573524475,-0.28117460012435913,0.5789650678634644,0.3732633590698242,-0.0996471494436264,0.47898149490356445,0.3699534237384796,-0.11247905343770981,0.5934544801712036,0.47197067737579346,-0.04633239656686783,0.46175938844680786,0.4676923453807831,-0.07327544689178467,0.6124738454818726,0.5572578310966492,-0.14998021721839905,0.44118422269821167,0.5471970438957214,-0.17578184604644775,0.6161177754402161,0.5885090231895447,-0.1773667186498642,0.43277740478515625,0.5747716426849365,-0.2070557326078415,0.6129952669143677,0.5880625247955322,-0.21969807147979736,0.43252912163734436,0.5713964700698853,-0.24549773335456848,0.6106943488121033,0.5811387300491333,-0.16867953538894653,0.4375000596046448,0.5624895691871643,-0.19385305047035217,0.5563915371894836,0.5699111223220825,0.006503204349428415,0.4993259310722351,0.570770800113678,-0.006487759295850992,0.5657562613487244,0.7141099572181702,0.04213900864124298,0.49111008644104004,0.7190256714820862,-0.01404580008238554,0.5673525929450989,0.8365846276283264,0.18367630243301392,0.4879942536354065,0.8523536324501038,0.12190500646829605,0.5564457774162292,0.8550531268119812,0.1888161152601242,0.49425745010375977,0.8670443892478943,0.12555623054504395,0.5898729562759399,0.8872138261795044,0.06076488643884659,0.47531500458717346,0.8948788046836853,-0.011379685252904892
73,drink,a16_s01_e02,0.5367963910102844,0.2903004586696625,-0.329495370388031,0.5427120923995972,0.27936506271362305,-0.3112650513648987,0.5465686321258545,0.27992936968803406,-0.31128764152526855,0.5497840046882629,0.2806733250617981,-0.31127360463142395,0.5325543880462646,0.2774085998535156,-0.3142893314361572,0.528354287147522,0.27680447697639465,-0.31429556012153625,0.5240707993507385,0.27590835094451904,-0.3142980635166168,0.553088366985321,0.2878379821777344,-0.18952181935310364,0.5160618424415588,0.2811814546585083,-0.20612922310829163,0.5407553911209106,0.30685919523239136,-0.2831605076789856,0.5271885991096497,0.3048853874206543,-0.28798413276672363,0.5789848566055298,0.37345603108406067,-0.10259222984313965,0.47899413108825684,0.3699273467063904,-0.11774186789989471,0.5933161377906799,0.47221824526786804,-0.04689484089612961,0.46285390853881836,0.4708852171897888,-0.07464317977428436,0.611841082572937,0.5579183101654053,-0.15031859278678894,0.4464191496372223,0.552031397819519,-0.17700068652629852,0.6154223084449768,0.589092493057251,-0.178024023771286,0.43788376450538635,0.5813099145889282,-0.208608940243721,0.6124548316001892,0.5886364579200745,-0.21968650817871094,0.43821263313293457,0.5777145624160767,-0.246514230966568,0.6101130247116089,0.5815872550010681,-0.16882432997226715,0.4434656500816345,0.5688914060592651,-0.19462105631828308,0.5563992261886597,0.5700224041938782,0.007074492983520031,0.4993289113044739,0.570890486240387,-0.007071687839925289,0.565839946269989,0.7141104340553284,0.040760524570941925,0.4911351799964905,0.7190259099006653,-0.01388589758425951,0.5672793984413147,0.8367710709571838,0.18039388954639435,0.4880046248435974,0.8523362278938293,0.12609845399856567,0.5563294291496277,0.8551923632621765,0.18578869104385376,0.494206041097641,0.8670772314071655,0.13053664565086365,0.5899113416671753,0.8872786164283752,0.05716662481427193,0.47533416748046875,0.8949123620986938,-0.006281118839979172
74,drink,a16_s01_e02,0.5378110408782959,0.29113563895225525,-0.3170221149921417,0.5436749458312988,0.2799769341945648,-0.29866477847099304,0.5474687814712524,0.2805606722831726,-0.2986896336078644,0.5504087209701538,0.28133487701416016,-0.29867950081825256,0.533500075340271,0.2780132293701172,-0.30137020349502563,0.5293287038803101,0.27742800116539,-0.3013755977153778,0.5249946117401123,0.2764423191547394,-0.30137166380882263,0.5533438324928284,0.2884596586227417,-0.1776086986064911,0.5166219472885132,0.2814115285873413,-0.19242437183856964,0.54157555103302,0.30730685591697693,-0.2709657549858093,0.5281704664230347,0.305257648229599,-0.2752665877342224,0.5790209770202637,0.37367963790893555,-0.09606291353702545,0.47927942872047424,0.36962178349494934,-0.10681919008493423,0.5931703448295593,0.47254571318626404,-0.03974234685301781,0.4655354619026184,0.4720678925514221,-0.06279690563678741,0.6113291382789612,0.5585598349571228,-0.14723017811775208,0.4528122544288635,0.5554759502410889,-0.16368964314460754,0.6146724820137024,0.5894501805305481,-0.17660877108573914,0.443539559841156,0.5851911306381226,-0.19681280851364136,0.6116902828216553,0.5888777375221252,-0.21853704750537872,0.4445980489253998,0.582753598690033,-0.2349652349948883,0.6092628240585327,0.5816676616668701,-0.16618119180202484,0.45040804147720337,0.5739524364471436,-0.18144673109054565,0.5564098954200745,0.5700514912605286,0.0075964792631566525,0.49929752945899963,0.5708246231079102,-0.007585114799439907,0.5659283399581909,0.7141587734222412,0.030354583635926247,0.4911394715309143,0.7191029787063599,-0.012658463791012764,0.5672551989555359,0.8368920087814331,0.1716095507144928,0.4880044460296631,0.8527898192405701,0.12788008153438568,0.5562766790390015,0.8552541732788086,0.1771547645330429,0.49419793486595154,0.8673105835914612,0.13255524635314941,0.5899651646614075,0.8873322606086731,0.04857789725065231,0.4751775860786438,0.8949766755104065,-0.0044099404476583
75,drink,a16_s01_e02,0.5380369424819946,0.29195600748062134,-0.31681710481643677,0.5439316034317017,0.2805598974227905,-0.298519492149353,0.5477246642112732,0.2811594605445862,-0.2985440194606781,0.5506057143211365,0.28197193145751953,-0.29853707551956177,0.5337754487991333,0.2786223292350769,-0.3017767667770386,0.5296428203582764,0.2780715525150299,-0.30178287625312805,0.5253340005874634,0.27702760696411133,-0.3017776310443878,0.5534194707870483,0.2890790104866028,-0.17583215236663818,0.5169116258621216,0.28165239095687866,-0.1932625025510788,0.5417666435241699,0.30776819586753845,-0.2698936462402344,0.528422474861145,0.3056892156600952,-0.274946391582489,0.5790249109268188,0.373787522315979,-0.0936719998717308,0.4793913960456848,0.3693041503429413,-0.1080009937286377,0.5929182171821594,0.4728100001811981,-0.03359054774045944,0.4663011431694031,0.47244855761528015,-0.06466289609670639,0.6109105944633484,0.559131920337677,-0.1424512416124344,0.4550258219242096,0.5556049942970276,-0.1658097207546234,0.614065945148468,0.5897179841995239,-0.1725739687681198,0.4461394250392914,0.5857676267623901,-0.19909785687923431,0.6110817193984985,0.5891008377075195,-0.21469441056251526,0.4481421113014221,0.5840654969215393,-0.23652449250221252,0.6086260080337524,0.5817766785621643,-0.16156817972660065,0.4537171423435211,0.5753856897354126,-0.18306511640548706,0.5564091205596924,0.5700072050094604,0.008936217986047268,0.4991883635520935,0.5705370306968689,-0.008918531239032745,0.566005527973175,0.7142034769058228,0.02691951021552086,0.4911435544490814,0.7191080451011658,-0.01327836699783802,0.5672286152839661,0.837032675743103,0.1693352311849594,0.4880037307739258,0.8529927730560303,0.12736879289150238,0.556230366230011,0.8553362488746643,0.17495021224021912,0.4941529631614685,0.8674233555793762,0.13217777013778687,0.5900160670280457,0.8873979449272156,0.046631474047899246,0.4751872420310974,0.8949887156486511,-0.005256966687738895
76,drink,a16_s01_e02,0.5377371907234192,0.29239028692245483,-0.3179859519004822,0.5437219142913818,0.2808462381362915,-0.2998107075691223,0.5475503206253052,0.28143587708473206,-0.2998318672180176,0.5505191683769226,0.28226473927497864,-0.29982447624206543,0.5335524082183838,0.2789457440376282,-0.3029239773750305,0.5294513702392578,0.2784050703048706,-0.3029295802116394,0.525204598903656,0.27735206484794617,-0.3029244542121887,0.5534161329269409,0.2894028425216675,-0.17702654004096985,0.5169402956962585,0.2818757891654968,-0.19392673671245575,0.5415618419647217,0.3080796003341675,-0.27102160453796387,0.5281388759613037,0.3060072660446167,-0.2759418487548828,0.5790308713912964,0.37397241592407227,-0.09140455722808838,0.479447603225708,0.3691430687904358,-0.10908877849578857,0.592788577079773,0.47303855419158936,-0.03340250998735428,0.4670740067958832,0.47182589769363403,-0.0695272907614708,0.6107246279716492,0.5594350099563599,-0.14103135466575623,0.45785483717918396,0.5529471039772034,-0.17872294783592224,0.613714873790741,0.5899003744125366,-0.17100073397159576,0.4490571916103363,0.5834944248199463,-0.21281138062477112,0.610700786113739,0.5892632007598877,-0.21285279095172882,0.4513295590877533,0.5814525485038757,-0.2493516504764557,0.6082731485366821,0.5818822383880615,-0.15995275974273682,0.4569525718688965,0.5721434950828552,-0.19581876695156097,0.5564155578613281,0.5699745416641235,0.00924367643892765,0.49912577867507935,0.5703768134117126,-0.009226885624229908,0.5660542249679565,0.7142907381057739,0.025748562067747116,0.49118056893348694,0.7191523909568787,-0.01370712649077177,0.5671936273574829,0.8371559381484985,0.17100028693675995,0.4880024790763855,0.8533294200897217,0.1269480586051941,0.5561836361885071,0.8553916215896606,0.1768181473016739,0.49413028359413147,0.8676538467407227,0.13172857463359833,0.5900577306747437,0.8874940872192383,0.048191316425800323,0.47514328360557556,0.8951033353805542,-0.006064360961318016
77,drink,a16_s01_e02,0.5375111699104309,0.292519748210907,-0.3140113055706024,0.543523371219635,0.2809392511844635,-0.2957454323768616,0.5473756194114685,0.2815362811088562,-0.2957680821418762,0.5504196286201477,0.2823708951473236,-0.29576095938682556,0.5333375930786133,0.2790524363517761,-0.2985467314720154,0.5292418003082275,0.278512567281723,-0.29855257272720337,0.5250387191772461,0.2774873375892639,-0.2985476851463318,0.5533778071403503,0.28952521085739136,-0.17390522360801697,0.5169190168380737,0.28204888105392456,-0.18887124955654144,0.5414026975631714,0.30824223160743713,-0.26742321252822876,0.5279058218002319,0.3061679005622864,-0.27185919880867004,0.5790334939956665,0.374113529920578,-0.08873803168535233,0.47945618629455566,0.3690430223941803,-0.10480515658855438,0.5926047563552856,0.47313764691352844,-0.03195975348353386,0.4679931104183197,0.47103485465049744,-0.07035656273365021,0.6103755831718445,0.5594303011894226,-0.14050230383872986,0.45933040976524353,0.5515706539154053,-0.1851939558982849,0.6133055090904236,0.589873731136322,-0.17080608010292053,0.45113223791122437,0.5811971426010132,-0.2203483283519745,0.6103159189224243,0.5892449617385864,-0.21230900287628174,0.4534570574760437,0.5789241790771484,-0.25674667954444885,0.6078386306762695,0.5818449854850769,-0.15931464731693268,0.45863837003707886,0.5693339109420776,-0.20250478386878967,0.5564209818840027,0.569940447807312,0.009118830785155296,0.4990714192390442,0.5702735185623169,-0.009102259762585163,0.5660735368728638,0.7143229246139526,0.026284825056791306,0.4911874830722809,0.7192984223365784,-0.01380144339054823,0.5671396255493164,0.8371769189834595,0.17464521527290344,0.48799195885658264,0.8534305691719055,0.12724079191684723,0.5560780167579651,0.8553950786590576,0.18076346814632416,0.4941137731075287,0.8676842451095581,0.131992369890213,0.590035080909729,0.887488067150116,0.05180291086435318,0.4751409888267517,0.8951253294944763,-0.006111424881964922
78,drink,a16_s01_e02,0.5372621417045593,0.2923603951931,-0.297096848487854,0.5433911085128784,0.2808387875556946,-0.27834612131118774,0.5472765564918518,0.2814408242702484,-0.2783760726451874,0.5502635836601257,0.28226473927497864,-0.2783746123313904,0.533123791217804,0.2789455056190491,-0.2814694046974182,0.5290554761886597,0.2783880829811096,-0.28146442770957947,0.5248830318450928,0.2773987054824829,-0.28146255016326904,0.5533342361450195,0.2894727885723114,-0.15611602365970612,0.5168799161911011,0.28206536173820496,-0.17252559959888458,0.541244626045227,0.3082020580768585,-0.25046783685684204,0.5278443694114685,0.3061176538467407,-0.2552602291107178,0.5790354013442993,0.3741130232810974,-0.07123502343893051,0.4794614315032959,0.3689343333244324,-0.09389188140630722,0.592505693435669,0.4730586111545563,-0.020287130028009415,0.4684293866157532,0.4706236720085144,-0.05725712701678276,0.6102011203765869,0.5593929290771484,-0.12966369092464447,0.4600520133972168,0.5517091751098633,-0.16893206536769867,0.6132132411003113,0.5898319482803345,-0.16047944128513336,0.45180028676986694,0.581632673740387,-0.2042361944913864,0.6101986169815063,0.589219331741333,-0.2014426440000534,0.45404481887817383,0.579486072063446,-0.24073132872581482,0.6076616048812866,0.5818183422088623,-0.14837577939033508,0.45938071608543396,0.5694292783737183,-0.18629233539104462,0.5564712285995483,0.569772481918335,0.009028123691678047,0.49910736083984375,0.57007896900177,-0.009008140303194523,0.5660776495933533,0.7143308520317078,0.026518624275922775,0.49119073152542114,0.719424843788147,-0.015288417227566242,0.5671029686927795,0.8371830582618713,0.1763954758644104,0.48799362778663635,0.8534718155860901,0.12491239607334137,0.5560458898544312,0.8553990721702576,0.1826622188091278,0.49410638213157654,0.8676775693893433,0.1295287013053894,0.5900337100028992,0.8875415325164795,0.0537782683968544,0.47515958547592163,0.895114541053772,-0.008406789973378181
79,drink,a16_s01_e02,0.5371214151382446,0.2923889756202698,-0.2970457375049591,0.5433207750320435,0.28083866834640503,-0.27853482961654663,0.5470857620239258,0.28142574429512024,-0.2785627543926239,0.5502344369888306,0.28221768140792847,-0.27855855226516724,0.5330075025558472,0.27898845076560974,-0.2812914252281189,0.5288633108139038,0.27838799357414246,-0.28128695487976074,0.5246931314468384,0.2774643003940582,-0.2812841534614563,0.5533069372177124,0.28942835330963135,-0.15697064995765686,0.516749918460846,0.2821614444255829,-0.17187371850013733,0.5412079095840454,0.3082616627216339,-0.2506771981716156,0.5276318788528442,0.30624279379844666,-0.2550157904624939,0.5790429711341858,0.374119371175766,-0.07263036072254181,0.4794680178165436,0.36884692311286926,-0.09297750890254974,0.5924863219261169,0.4730358421802521,-0.02358987182378769,0.46849164366722107,0.4702862501144409,-0.062227100133895874,0.6101009249687195,0.5595976710319519,-0.13158228993415833,0.46042412519454956,0.5507214069366455,-0.18315061926841736,0.6131433248519897,0.5899461507797241,-0.16201823949813843,0.45249778032302856,0.5804256200790405,-0.2191377878189087,0.6101354360580444,0.589323103427887,-0.20261569321155548,0.45474138855934143,0.577980637550354,-0.2548397183418274,0.6075780987739563,0.5819146633148193,-0.15002314746379852,0.45988503098487854,0.5676692724227905,-0.20044651627540588,0.5565642714500427,0.569747805595398,0.009006793610751629,0.49920377135276794,0.5700589418411255,-0.008977241814136505,0.5660704374313354,0.7143334150314331,0.027006279677152634,0.49119386076927185,0.7197323441505432,-0.015385310165584087,0.5670793652534485,0.8371649980545044,0.1782054603099823,0.4879928529262543,0.8536712527275085,0.12384893745183945,0.5560203790664673,0.8553764820098877,0.18484631180763245,0.4940919876098633,0.8677874207496643,0.1283561885356903,0.5900076627731323,0.8875429034233093,0.05631992965936661,0.47517919540405273,0.8951475620269775,-0.009402742609381676
80,drink,a16_s01_e02,0.5365732312202454,0.2924688160419464,-0.29305702447891235,0.5429917573928833,0.28086787462234497,-0.27487194538116455,0.5465043783187866,0.2814421057701111,-0.27489930391311646,0.5499623417854309,0.28219789266586304,-0.2748953700065613,0.532525897026062,0.27908334136009216,-0.2773083448410034,0.5283156037330627,0.2784518301486969,-0.27730321884155273,0.5241553783416748,0.27761542797088623,-0.27729758620262146,0.5531734228134155,0.2893948554992676,-0.15385636687278748,0.5164817571640015,0.2823067009449005,-0.1673615276813507,0.5410364270210266,0.3083299398422241,-0.24680519104003906,0.5272255539894104,0.3063797950744629,-0.2507489025592804,0.5790451765060425,0.3740633726119995,-0.0695810467004776,0.47947439551353455,0.3687797784805298,-0.08823515474796295,0.5924853682518005,0.47283297777175903,-0.021644482389092445,0.4685666561126709,0.47000566124916077,-0.06069476529955864,0.6101059317588806,0.5597109198570251,-0.12989389896392822,0.4605962336063385,0.5493618249893188,-0.18349213898181915,0.6131640672683716,0.5900505781173706,-0.1606396734714508,0.4526931643486023,0.5788543224334717,-0.21974822878837585,0.6100999116897583,0.5894315838813782,-0.20113083720207214,0.45492634177207947,0.5761957168579102,-0.25566181540489197,0.6075348854064941,0.5821266770362854,-0.14829052984714508,0.4601002335548401,0.56601482629776,-0.2009158581495285,0.5566690564155579,0.5697457194328308,0.008914904668927193,0.4992453455924988,0.5700544118881226,-0.008891923353075981,0.5660692453384399,0.7143564820289612,0.02700929343700409,0.4912034571170807,0.7198957800865173,-0.015471449121832848,0.5670324563980103,0.8371925950050354,0.17708350718021393,0.4880039691925049,0.8536911606788635,0.12304240465164185,0.5559726357460022,0.8554150462150574,0.18342113494873047,0.4940900206565857,0.8677886128425598,0.12745128571987152,0.5900065898895264,0.887575089931488,0.054677534848451614,0.4752171039581299,0.8951504826545715,-0.009922631084918976
81,drink,a16_s01_e02,0.5351957082748413,0.29241132736206055,-0.31531912088394165,0.5422742962837219,0.280822217464447,-0.2977738678455353,0.5454434752464294,0.28139960765838623,-0.2978013753890991,0.5492529273033142,0.28214675188064575,-0.2977984547615051,0.5312279462814331,0.2790343165397644,-0.29967817664146423,0.526901364326477,0.2784018814563751,-0.29968172311782837,0.5228925943374634,0.2775804102420807,-0.299679696559906,0.5529617071151733,0.28932154178619385,-0.17644309997558594,0.5157837271690369,0.282333105802536,-0.1873129904270172,0.5403741598129272,0.30831703543663025,-0.2687118947505951,0.5261324644088745,0.3064069449901581,-0.27191346883773804,0.579028844833374,0.3737870454788208,-0.08573063462972641,0.4794169068336487,0.36876076459884644,-0.10255519300699234,0.5924813151359558,0.4725940525531769,-0.027942392975091934,0.468193382024765,0.47052133083343506,-0.06298211961984634,0.6104897260665894,0.5597782135009766,-0.1320994347333908,0.45932871103286743,0.5529811382293701,-0.17242112755775452,0.6135455369949341,0.5903571248054504,-0.16182690858840942,0.45131462812423706,0.5833098888397217,-0.2061951607465744,0.6103155612945557,0.5897626280784607,-0.20432540774345398,0.4534469246864319,0.5814073085784912,-0.2439795434474945,0.6078286170959473,0.5825680494308472,-0.15107865631580353,0.45858949422836304,0.5716819167137146,-0.19011543691158295,0.5566866397857666,0.5697134137153625,0.008822159841656685,0.49925050139427185,0.569966733455658,-0.008800479583442211,0.5661170482635498,0.7144817113876343,0.024767406284809113,0.49120745062828064,0.719936728477478,-0.01523843128234148,0.5669995546340942,0.837239146232605,0.17625126242637634,0.48800545930862427,0.8536971211433411,0.12719392776489258,0.5559214353561401,0.8554386496543884,0.18264387547969818,0.49408572912216187,0.8677850365638733,0.1321815699338913,0.590000569820404,0.88759845495224,0.053042419254779816,0.47529393434524536,0.8951026797294617,-0.006105860695242882
82,drink,a16_s01_e02,0.5333543419837952,0.2923847734928131,-0.3159174621105194,0.5411479473114014,0.280792236328125,-0.2985852360725403,0.5440409183502197,0.28136682510375977,-0.29861027002334595,0.5479248762130737,0.28212636709213257,-0.29860419034957886,0.5294969081878662,0.2789977788925171,-0.2998507618904114,0.5252360105514526,0.2783623933792114,-0.29985180497169495,0.5214949250221252,0.27756306529045105,-0.29984694719314575,0.5526139736175537,0.2892378568649292,-0.17909382283687592,0.5150113105773926,0.2824549078941345,-0.18700474500656128,0.5394654273986816,0.3082960844039917,-0.2701205611228943,0.5247783660888672,0.30640897154808044,-0.27247124910354614,0.5790313482284546,0.37369903922080994,-0.09024357795715332,0.47938719391822815,0.36877626180648804,-0.10255452245473862,0.5926420092582703,0.47258275747299194,-0.03282158821821213,0.46794724464416504,0.4706893563270569,-0.06292630732059479,0.6109222769737244,0.5597425699234009,-0.13304582238197327,0.45854297280311584,0.5530021786689758,-0.17147031426429749,0.6142643690109253,0.5903425216674805,-0.16219694912433624,0.4504949450492859,0.5832890868186951,-0.20511674880981445,0.6107930541038513,0.5897534489631653,-0.2051352709531784,0.45258036255836487,0.5809028744697571,-0.24243733286857605,0.6083084344863892,0.5825880765914917,-0.15204684436321259,0.45770639181137085,0.5709900259971619,-0.1891196072101593,0.5567236542701721,0.5698100924491882,0.00853209849447012,0.4992522597312927,0.5700331926345825,-0.008510193787515163,0.5661205649375916,0.7148522734642029,0.026290496811270714,0.4912109375,0.7200281023979187,-0.014094079844653606,0.5669894814491272,0.8372798562049866,0.17716820538043976,0.48800888657569885,0.8536936044692993,0.127243310213089,0.5559168457984924,0.8554562330245972,0.1834506094455719,0.49410995841026306,0.8677538633346558,0.13222473859786987,0.5900290012359619,0.8876656889915466,0.053390223532915115,0.47529950737953186,0.8951120972633362,-0.006001372821629047
83,drink,a16_s01_e02,0.5326343178749084,0.29234087467193604,-0.32355332374572754,0.5406030416488647,0.2807631492614746,-0.30663543939590454,0.543333888053894,0.2813419997692108,-0.3066607117652893,0.5472546219825745,0.28209957480430603,-0.3066553473472595,0.5287340879440308,0.2789643406867981,-0.30767330527305603,0.5244377255439758,0.2783365547657013,-0.3076747953891754,0.5207720398902893,0.2775808572769165,-0.30766746401786804,0.5523155927658081,0.2889886796474457,-0.1876339614391327,0.5144897103309631,0.2825540006160736,-0.19437123835086823,0.5390743017196655,0.3082783818244934,-0.2778053879737854,0.5242195725440979,0.306446373462677,-0.279798686504364,0.5790508985519409,0.3734578788280487,-0.09784999489784241,0.47936758399009705,0.36879825592041016,-0.10705696046352386,0.5929027199745178,0.472555011510849,-0.041742317378520966,0.46778956055641174,0.47151270508766174,-0.06385748833417892,0.6115010976791382,0.5597220659255981,-0.14328953623771667,0.4582805037498474,0.5542222857475281,-0.17208725214004517,0.6151028275489807,0.5903308391571045,-0.17233654856681824,0.45029062032699585,0.5844445824623108,-0.20549681782722473,0.6114365458488464,0.5897455811500549,-0.21463021636009216,0.45191043615341187,0.5820671916007996,-0.24328163266181946,0.6089590191841125,0.5825998187065125,-0.1620045155286789,0.45742321014404297,0.5728994607925415,-0.18985424935817719,0.5567257404327393,0.5698089003562927,0.007969005033373833,0.499225378036499,0.5700314044952393,-0.00794775877147913,0.5661419034004211,0.7148546576499939,0.02650059387087822,0.491204172372818,0.7200227975845337,-0.012419955804944038,0.5669583082199097,0.8372913002967834,0.17561882734298706,0.4880140721797943,0.8536155223846436,0.1277117282152176,0.5558733344078064,0.8554701209068298,0.18162980675697327,0.4941161274909973,0.8676403760910034,0.13259509205818176,0.5900353789329529,0.8876861929893494,0.0517352819442749,0.4753040373325348,0.8950642347335815,-0.005360394716262817
84,drink,a16_s01_e02,0.5321069955825806,0.2921527028083801,-0.33778807520866394,0.5401071310043335,0.2805505692958832,-0.32088035345077515,0.5427536964416504,0.28111568093299866,-0.3209061026573181,0.5466495156288147,0.28179851174354553,-0.32090216875076294,0.5280441045761108,0.2787890136241913,-0.321733295917511,0.5236688852310181,0.27818915247917175,-0.32174307107925415,0.5201122760772705,0.27750110626220703,-0.32174015045166016,0.5520380139350891,0.28847911953926086,-0.20125405490398407,0.513974130153656,0.282555490732193,-0.20690786838531494,0.5387448072433472,0.30820146203041077,-0.2918475568294525,0.5237729549407959,0.3064383864402771,-0.29352709650993347,0.5790713429450989,0.37334203720092773,-0.1105700358748436,0.4793495237827301,0.36883875727653503,-0.11626113951206207,0.5930707454681396,0.4725569486618042,-0.05381806567311287,0.4677237868309021,0.472331702709198,-0.06496183574199677,0.612082302570343,0.5597031116485596,-0.1553894430398941,0.4570978283882141,0.5551984310150146,-0.1723470538854599,0.6158230900764465,0.5903137922286987,-0.184064581990242,0.44883307814598083,0.5850039720535278,-0.20491740107536316,0.612204909324646,0.5897207260131836,-0.22589536011219025,0.4499480128288269,0.5828830003738403,-0.24345514178276062,0.6097441911697388,0.5825977921485901,-0.1738513708114624,0.4554441571235657,0.5740708112716675,-0.1903418004512787,0.5567301511764526,0.5697982907295227,0.007046288810670376,0.4991993308067322,0.570027232170105,-0.007036627735942602,0.5661448240280151,0.7148899435997009,0.02626078948378563,0.49120402336120605,0.7200419902801514,-0.011808229610323906,0.5669535398483276,0.83733731508255,0.17613689601421356,0.48806461691856384,0.853610634803772,0.13062459230422974,0.5558701753616333,0.8555148243904114,0.18222802877426147,0.49417823553085327,0.8676283955574036,0.13567271828651428,0.5900358557701111,0.8877066969871521,0.05201064422726631,0.47556671500205994,0.8950687050819397,-0.0028433927800506353
85,drink,a16_s01_e02,0.5315547585487366,0.29196009039878845,-0.3393779993057251,0.539452314376831,0.2803425192832947,-0.3220521807670593,0.5421249270439148,0.2809048891067505,-0.32207655906677246,0.5457766652107239,0.28152111172676086,-0.3220716118812561,0.5272563695907593,0.2785494029521942,-0.32298481464385986,0.5229027271270752,0.2779712677001953,-0.32299143075942993,0.5195114612579346,0.27735793590545654,-0.32298457622528076,0.5515623688697815,0.287974089384079,-0.20159199833869934,0.5135839581489563,0.28255999088287354,-0.20766642689704895,0.5383591651916504,0.3081117868423462,-0.2933247685432434,0.5233334302902222,0.30642998218536377,-0.2951304614543915,0.5790735483169556,0.37331095337867737,-0.11282803863286972,0.47931089997291565,0.3690144419670105,-0.11656296253204346,0.5931901335716248,0.47256338596343994,-0.056947480887174606,0.46744823455810547,0.47263798117637634,-0.0653115063905716,0.612907886505127,0.5598224997520447,-0.1581212729215622,0.4548875391483307,0.554418683052063,-0.17336393892765045,0.6168097257614136,0.5903422236442566,-0.18675801157951355,0.4470016360282898,0.5837888717651367,-0.20585210621356964,0.6133561730384827,0.5897310376167297,-0.22832325100898743,0.44790998101234436,0.5814061760902405,-0.24483168125152588,0.6109306812286377,0.5826191306114197,-0.17646867036819458,0.4531666338443756,0.5726290941238403,-0.1916523426771164,0.5567323565483093,0.5698238611221313,0.00590944942086935,0.49918293952941895,0.5701071619987488,-0.005906189326196909,0.566084086894989,0.714888870716095,0.026240065693855286,0.49120718240737915,0.7200427651405334,-0.010943416506052017,0.5669461488723755,0.8374375700950623,0.17628616094589233,0.4880693852901459,0.8535443544387817,0.13393566012382507,0.5558656454086304,0.8556258082389832,0.18238425254821777,0.4941933751106262,0.8675289154052734,0.1390630006790161,0.5900382399559021,0.8877349495887756,0.05077296495437622,0.4755701422691345,0.8950203061103821,0.0002522996219340712
86,drink,a16_s01_e02,0.5311918258666992,0.2917355000972748,-0.3354019224643707,0.5390568375587463,0.2800363004207611,-0.3180508017539978,0.541747510433197,0.2806045413017273,-0.3180779814720154,0.5452615022659302,0.2811676561832428,-0.31807222962379456,0.5267540216445923,0.27817919850349426,-0.31902357935905457,0.5224047899246216,0.27761605381965637,-0.31902772188186646,0.5190739035606384,0.27707576751708984,-0.319021999835968,0.5512112975120544,0.28748244047164917,-0.1981162577867508,0.5132491588592529,0.28254401683807373,-0.2043721228837967,0.5380548238754272,0.30801841616630554,-0.28958895802497864,0.5229898691177368,0.30640819668769836,-0.29144665598869324,0.5790702700614929,0.3732369542121887,-0.1101640835404396,0.47927045822143555,0.3691413998603821,-0.11437259614467621,0.5932613611221313,0.47256144881248474,-0.05511406809091568,0.46727728843688965,0.47307080030441284,-0.06311855465173721,0.6133140325546265,0.5597693920135498,-0.15739496052265167,0.4532241225242615,0.5548728704452515,-0.163487046957016,0.6173941493034363,0.5902614593505859,-0.18616624176502228,0.44509243965148926,0.5844128727912903,-0.1952398717403412,0.6140677332878113,0.5896517634391785,-0.22761479020118713,0.44561567902565,0.5822629928588867,-0.2349797487258911,0.6116244792938232,0.5825859308242798,-0.1757667064666748,0.4507971704006195,0.5737758278846741,-0.18205367028713226,0.5567376613616943,0.5698360204696655,0.005530760623514652,0.4992131292819977,0.5701220631599426,-0.005527970381081104,0.5660842657089233,0.7148861289024353,0.026337167248129845,0.49121278524398804,0.7200449705123901,-0.010209130123257637,0.5669333338737488,0.8375579714775085,0.17618243396282196,0.4880964159965515,0.8535395264625549,0.13481810688972473,0.5558617115020752,0.8556782007217407,0.18223831057548523,0.49419331550598145,0.8675102591514587,0.14000815153121948,0.5900282263755798,0.8877642154693604,0.050423283129930496,0.47587984800338745,0.8949850797653198,0.001794695621356368
87,drink,a16_s01_e02,0.5307852625846863,0.29145926237106323,-0.33312851190567017,0.538654625415802,0.27969852089881897,-0.3158472180366516,0.5414111018180847,0.2802944481372833,-0.3158734440803528,0.5447960495948792,0.28082624077796936,-0.31586629152297974,0.5262447595596313,0.2777772545814514,-0.3167191743850708,0.5219146013259888,0.2772286534309387,-0.31672120094299316,0.5186233520507812,0.2767612040042877,-0.3167162835597992,0.5509198904037476,0.2870667278766632,-0.19665876030921936,0.5129584074020386,0.2825210690498352,-0.20242342352867126,0.5376969575881958,0.3079012334346771,-0.28761109709739685,0.522591233253479,0.3063656985759735,-0.2893374264240265,0.5790604948997498,0.37319090962409973,-0.10987770557403564,0.47923964262008667,0.36924201250076294,-0.11294092983007431,0.5932806730270386,0.4725472033023834,-0.05523492023348808,0.46708789467811584,0.47307905554771423,-0.06131148338317871,0.6135883331298828,0.5597450733184814,-0.15720613300800323,0.45188412070274353,0.5546498894691467,-0.15936873853206635,0.617742657661438,0.5902114510536194,-0.18591323494911194,0.44380268454551697,0.5844038724899292,-0.1908024698495865,0.6144223809242249,0.5895863771438599,-0.22725829482078552,0.4442397952079773,0.5822927951812744,-0.2308052033185959,0.6119765639305115,0.5825672149658203,-0.17554569244384766,0.44929009675979614,0.5738245248794556,-0.1780710518360138,0.5567523241043091,0.569834291934967,0.004979315213859081,0.49929070472717285,0.5701278448104858,-0.004977222066372633,0.5660809874534607,0.7147964239120483,0.02663254737854004,0.4912143647670746,0.7200424671173096,-0.009379548020660877,0.566926121711731,0.8375709056854248,0.17623461782932281,0.4881379008293152,0.8534154295921326,0.13491077721118927,0.5558505058288574,0.8556893467903137,0.18224705755710602,0.4942662715911865,0.8673661351203918,0.1400144249200821,0.5900390148162842,0.887786328792572,0.05025456100702286,0.475909948348999,0.8949534893035889,0.002140970900654793
88,drink,a16_s01_e02,0.5305479764938354,0.29117730259895325,-0.33954352140426636,0.538379430770874,0.2793637216091156,-0.32221364974975586,0.5411810278892517,0.27997878193855286,-0.32223618030548096,0.5445025563240051,0.2804875373840332,-0.3222280740737915,0.5259585976600647,0.2774363160133362,-0.32303789258003235,0.5216392278671265,0.27691972255706787,-0.3230433464050293,0.5183767676353455,0.276520699262619,-0.3230398893356323,0.5507157444953918,0.28671732544898987,-0.20243525505065918,0.5127798318862915,0.2825106382369995,-0.2080020010471344,0.537490963935852,0.3077482581138611,-0.2938377559185028,0.5223835706710815,0.3063061535358429,-0.29550501704216003,0.5790442228317261,0.3731893002986908,-0.1147402673959732,0.4792096018791199,0.3693334758281708,-0.11700087785720825,0.5933209657669067,0.47254690527915955,-0.05765237659215927,0.4667673110961914,0.4730660319328308,-0.06148315593600273,0.6138612031936646,0.5601136684417725,-0.1577649712562561,0.45095330476760864,0.5546784996986389,-0.16224534809589386,0.6179279088973999,0.59032142162323,-0.18603844940662384,0.44315099716186523,0.5843221545219421,-0.19361989200115204,0.614690899848938,0.5897079110145569,-0.22733862698078156,0.44368624687194824,0.5821532011032104,-0.23338362574577332,0.6123138666152954,0.5827282667160034,-0.17600181698799133,0.4486734867095947,0.5735946893692017,-0.1808091551065445,0.5567626357078552,0.5698491334915161,0.004716699942946434,0.49929380416870117,0.5701821446418762,-0.004719491116702557,0.5660783052444458,0.7147922515869141,0.026693075895309448,0.4912160336971283,0.720043957233429,-0.00851509440690279,0.5669225454330444,0.8375819325447083,0.17857210338115692,0.48815661668777466,0.8532692193984985,0.1401447355747223,0.555846095085144,0.8556950092315674,0.18495920300483704,0.4943004548549652,0.8671324253082275,0.14572182297706604,0.5900408029556274,0.8878009915351868,0.052028290927410126,0.4759852886199951,0.8948825001716614,0.0077447229996323586
89,drink,a16_s01_e02,0.5304877758026123,0.2910270392894745,-0.343973845243454,0.5382826328277588,0.2792121469974518,-0.32670000195503235,0.5410799980163574,0.27982744574546814,-0.3267202377319336,0.5444031953811646,0.2803230881690979,-0.32671377062797546,0.5258835554122925,0.27729156613349915,-0.32763025164604187,0.5215562582015991,0.27679067850112915,-0.3276364207267761,0.518290102481842,0.2764250338077545,-0.32763099670410156,0.5505790114402771,0.28652259707450867,-0.20619431138038635,0.5126546621322632,0.28250911831855774,-0.21221037209033966,0.5374144911766052,0.3076710104942322,-0.2978997528553009,0.5223051309585571,0.306277334690094,-0.2997000515460968,0.5789855718612671,0.37316519021987915,-0.1170448511838913,0.4791772961616516,0.369377464056015,-0.11995170265436172,0.5933608412742615,0.4725411832332611,-0.05860418826341629,0.4663788676261902,0.4730166494846344,-0.062035322189331055,0.6139944791793823,0.5601035952568054,-0.15808716416358948,0.44992145895957947,0.5550552010536194,-0.16351962089538574,0.6179854869842529,0.5903106331825256,-0.18623360991477966,0.4423280358314514,0.5845174193382263,-0.19488483667373657,0.6147487759590149,0.5897047519683838,-0.2276504784822464,0.44300517439842224,0.5825188159942627,-0.2348669320344925,0.6123946905136108,0.5827209949493408,-0.17635390162467957,0.44796666502952576,0.5739968419075012,-0.18217585980892181,0.5567601323127747,0.5698580145835876,0.004640374332666397,0.49926504492759705,0.5702096223831177,-0.0046456786803901196,0.5661290884017944,0.7147938013076782,0.023042872548103333,0.4912145733833313,0.7200878262519836,-0.00828514527529478,0.5669184923171997,0.8376302719116211,0.1777839958667755,0.48819461464881897,0.8532495498657227,0.14396406710147858,0.555842936038971,0.8557042479515076,0.18434834480285645,0.4943448007106781,0.8670463562011719,0.14996103942394257,0.5900565385818481,0.8878322839736938,0.05088825151324272,0.47620925307273865,0.8948984146118164,0.011683512479066849
90,drink,a16_s01_e02,0.5303307771682739,0.2907089591026306,-0.34096139669418335,0.5381023287773132,0.27889299392700195,-0.32362261414527893,0.5409340262413025,0.2795346677303314,-0.32364460825920105,0.5442023277282715,0.28004828095436096,-0.32363906502723694,0.5257172584533691,0.2769642174243927,-0.32453984022140503,0.521399736404419,0.2764972746372223,-0.324544221162796,0.5181553959846497,0.2761884331703186,-0.3245397210121155,0.550419807434082,0.28631070256233215,-0.20352907478809357,0.5125430226325989,0.2824835181236267,-0.2094889134168625,0.5372733473777771,0.3075137436389923,-0.2951033413410187,0.5221499800682068,0.30615749955177307,-0.29688164591789246,0.5789470672607422,0.37315455079078674,-0.11535289138555527,0.47916746139526367,0.36941656470298767,-0.11827836185693741,0.5933653116226196,0.47245073318481445,-0.057331204414367676,0.46613484621047974,0.4729470908641815,-0.06230444461107254,0.61400306224823,0.559824526309967,-0.1575949490070343,0.44951558113098145,0.5547553896903992,-0.16014151275157928,0.6179929971694946,0.5901215672492981,-0.18580585718154907,0.44216910004615784,0.5840921998023987,-0.1909697949886322,0.614761471748352,0.5895676016807556,-0.22727277874946594,0.4429244101047516,0.5820406675338745,-0.23098793625831604,0.6124006509780884,0.5826218724250793,-0.17596188187599182,0.44785529375076294,0.5735406279563904,-0.17881065607070923,0.5567371845245361,0.5698547959327698,0.004545684903860092,0.49918851256370544,0.5702221989631653,-0.004551193676888943,0.566159725189209,0.7145593166351318,0.02328154630959034,0.49121570587158203,0.720018208026886,-0.0077420854941010475,0.5669105052947998,0.8376606702804565,0.17621508240699768,0.4882577955722809,0.8530443906784058,0.14424589276313782,0.5558103919029236,0.8557319641113281,0.182512104511261,0.4944654405117035,0.8668299317359924,0.1501094400882721,0.5900574326515198,0.8878556489944458,0.04882862791419029,0.4762938916683197,0.8948575854301453,0.012228457257151604
91,drink,a16_s01_e02,0.5303233861923218,0.2905428111553192,-0.3412538170814514,0.5380703210830688,0.278757244348526,-0.32384824752807617,0.5408943891525269,0.2794003486633301,-0.3238704800605774,0.5441708564758301,0.27991798520088196,-0.323865681886673,0.5257167816162109,0.27681559324264526,-0.3249027729034424,0.5213980078697205,0.2763569951057434,-0.3249059319496155,0.5181491374969482,0.27606505155563354,-0.3249000012874603,0.5503371357917786,0.2861822545528412,-0.20335717499256134,0.5124953985214233,0.28246772289276123,-0.2098931521177292,0.5372489094734192,0.3074144423007965,-0.29522809386253357,0.522130012512207,0.3060741126537323,-0.2971755564212799,0.5788966417312622,0.3731526732444763,-0.11466294527053833,0.4791231155395508,0.3694320023059845,-0.11826340109109879,0.5933547019958496,0.4723447859287262,-0.056424081325531006,0.46582451462745667,0.4728831946849823,-0.06266015768051147,0.6139410734176636,0.558712363243103,-0.1569257378578186,0.4492982029914856,0.5545715689659119,-0.1605318933725357,0.6179759502410889,0.5893124938011169,-0.18522559106349945,0.4419240355491638,0.5838249921798706,-0.19162330031394958,0.6147452592849731,0.5888992547988892,-0.22660961747169495,0.4426846504211426,0.5816749930381775,-0.23158934712409973,0.612388014793396,0.5819185972213745,-0.17526420950889587,0.4476584792137146,0.5731636881828308,-0.17916223406791687,0.5566922426223755,0.5698518753051758,0.004543507006019354,0.4989558756351471,0.5702716112136841,-0.004549470730125904,0.5662171244621277,0.7145479917526245,0.019905824214220047,0.4912044405937195,0.7200062274932861,-0.007512972690165043,0.5669177770614624,0.8379257917404175,0.17228913307189941,0.48832249641418457,0.8526155352592468,0.14610159397125244,0.5558384656906128,0.8558714985847473,0.17855969071388245,0.4944940209388733,0.8664005398750305,0.15222513675689697,0.5903050303459167,0.8881548047065735,0.04432152211666107,0.47656136751174927,0.8948011994361877,0.01438442338258028
