frame_index,label,video_id,l0_x,l0_y,l0_z,l1_x,l1_y,l1_z,l2_x,l2_y,l2_z,l3_x,l3_y,l3_z,l4_x,l4_y,l4_z,l5_x,l5_y,l5_z,l6_x,l6_y,l6_z,l7_x,l7_y,l7_z,l8_x,l8_y,l8_z,l9_x,l9_y,l9_z,l10_x,l10_y,l10_z,l11_x,l11_y,l11_z,l12_x,l12_y,l12_z,l13_x,l13_y,l13_z,l14_x,l14_y,l14_z,l15_x,l15_y,l15_z,l16_x,l16_y,l16_z,l17_x,l17_y,l17_z,l18_x,l18_y,l18_z,l19_x,l19_y,l19_z,l20_x,l20_y,l20_z,l21_x,l21_y,l21_z,l22_x,l22_y,l22_z,l23_x,l23_y,l23_z,l24_x,l24_y,l24_z,l25_x,l25_y,l25_z,l26_x,l26_y,l26_z,l27_x,l27_y,l27_z,l28_x,l28_y,l28_z,l29_x,l29_y,l29_z,l30_x,l30_y,l30_z,l31_x,l31_y,l31_z,l32_x,l32_y,l32_z
0,drink,a16_s03_e01,0.5909493565559387,0.22287920117378235,-0.3997457027435303,0.5984174609184265,0.21097680926322937,-0.378469854593277,0.6021113991737366,0.21137771010398865,-0.3784773051738739,0.6048746705055237,0.2118334174156189,-0.3784576654434204,0.5849487781524658,0.21020382642745972,-0.380655974149704,0.5799471735954285,0.2104349136352539,-0.3806995749473572,0.5763928890228271,0.21100091934204102,-0.38070163130760193,0.6119399666786194,0.22082704305648804,-0.24052688479423523,0.5702623128890991,0.22054076194763184,-0.25324878096580505,0.5992436408996582,0.24136632680892944,-0.34815552830696106,0.5825126767158508,0.24209417402744293,-0.3517933487892151,0.6485865712165833,0.32286345958709717,-0.13627341389656067,0.5374314785003662,0.3228555917739868,-0.1671624779701233,0.666366457939148,0.4373197555541992,-0.06887508183717728,0.5174907445907593,0.44352293014526367,-0.12000851333141327,0.6749585866928101,0.5418242812156677,-0.17750152945518494,0.5055052638053894,0.5470258593559265,-0.21635505557060242,0.6790514588356018,0.5762961506843567,-0.20920391380786896,0.5011310577392578,0.5798307061195374,-0.2529769837856293,0.6720016002655029,0.5740513205528259,-0.25400102138519287,0.5076891779899597,0.5781831741333008,-0.29261210560798645,0.6682870984077454,0.565081000328064,-0.19758100807666779,0.5113911628723145,0.5693565607070923,-0.2345801144838333,0.6264054775238037,0.5449634790420532,0.016295280307531357,0.5590075850486755,0.5454598665237427,-0.01642203889787197,0.6373212337493896,0.7070720195770264,0.05171841382980347,0.5444666147232056,0.7105273008346558,0.0035402632784098387,0.6501258015632629,0.852085530757904,0.22110645473003387,0.528421938419342,0.8520281910896301,0.19133822619915009,0.6418843269348145,0.8737545013427734,0.22811882197856903,0.5352351665496826,0.8705909252166748,0.20008809864521027,0.6785594820976257,0.9079561233520508,0.07834981381893158,0.5141857862472534,0.9058331847190857,0.04398974031209946
1,drink,a16_s03_e01,0.5908905267715454,0.22298148274421692,-0.39647722244262695,0.5983928442001343,0.211008220911026,-0.37526074051856995,0.6021136045455933,0.21140414476394653,-0.3752804696559906,0.6048846244812012,0.21184897422790527,-0.37526729702949524,0.5848703980445862,0.21033190190792084,-0.3774875998497009,0.5799421668052673,0.21061089634895325,-0.3775343894958496,0.5763748288154602,0.21120740473270416,-0.377542108297348,0.6119399666786194,0.2208019644021988,-0.23496517539024353,0.5702850818634033,0.22061872482299805,-0.24736197292804718,0.599242627620697,0.2415752410888672,-0.34358784556388855,0.5825639367103577,0.24242927134037018,-0.34719473123550415,0.6485834717750549,0.32285767793655396,-0.12918660044670105,0.5375745296478271,0.32290804386138916,-0.1553838849067688,0.6663755178451538,0.43726712465286255,-0.06800536811351776,0.5177374482154846,0.4432009160518646,-0.10484899580478668,0.6753748655319214,0.5418313145637512,-0.189350426197052,0.505587100982666,0.5466948747634888,-0.20935693383216858,0.6789840459823608,0.5762798190116882,-0.22491757571697235,0.5011237859725952,0.5795692801475525,-0.24650855362415314,0.6719439029693604,0.5740203261375427,-0.27046698331832886,0.5076436400413513,0.5780068039894104,-0.28879624605178833,0.6682837605476379,0.5650546550750732,-0.20968317985534668,0.5113857388496399,0.56905597448349,-0.22844605147838593,0.6263888478279114,0.5448192954063416,0.016322758048772812,0.5590229630470276,0.545298159122467,-0.016451459378004074,0.6372417211532593,0.7068994641304016,0.04377468302845955,0.544537365436554,0.7092645764350891,-0.001878951909020543,0.6501399874687195,0.8521260619163513,0.21045581996440887,0.5283320546150208,0.8521434664726257,0.1806372106075287,0.641893744468689,0.8730512857437134,0.21671035885810852,0.5352314710617065,0.8705856800079346,0.1883735954761505,0.6792839169502258,0.9081209301948547,0.062441639602184296,0.5138012170791626,0.9062996506690979,0.02865177020430565
2,drink,a16_s03_e01,0.5908873677253723,0.2230561226606369,-0.39668911695480347,0.5983926057815552,0.21104104816913605,-0.37548357248306274,0.602129340171814,0.21142838895320892,-0.3755083382129669,0.6049200296401978,0.21186567842960358,-0.3754996359348297,0.584857165813446,0.2104361355304718,-0.3778173327445984,0.5799459218978882,0.2107476145029068,-0.37786638736724854,0.5763759613037109,0.21135272085666656,-0.3778778910636902,0.6119449734687805,0.22078360617160797,-0.2353578358888626,0.5703309178352356,0.22067728638648987,-0.2478836476802826,0.5992582440376282,0.24174626171588898,-0.34389734268188477,0.5826748013496399,0.24267694354057312,-0.347483366727829,0.6485843062400818,0.3228543996810913,-0.12891003489494324,0.5377845764160156,0.32294732332229614,-0.1560148149728775,0.6663800477981567,0.43726322054862976,-0.06806879490613937,0.5179795026779175,0.4430377185344696,-0.10592851787805557,0.6760852932929993,0.5416091084480286,-0.1944877803325653,0.5057184100151062,0.5465759038925171,-0.21003027260303497,0.6791452169418335,0.5760064721107483,-0.230332612991333,0.5011259317398071,0.579424262046814,-0.24713122844696045,0.6720776557922363,0.573752224445343,-0.2764877676963806,0.5076143145561218,0.5779454112052917,-0.28900212049484253,0.6685301065444946,0.5648033618927002,-0.21509873867034912,0.5113831758499146,0.56892991065979,-0.22900846600532532,0.6263860464096069,0.5447407364845276,0.016474176198244095,0.5590579509735107,0.5452339053153992,-0.01660599187016487,0.6372351050376892,0.7068750858306885,0.043942999094724655,0.544670581817627,0.7086045742034912,-0.0029403776861727238,0.6502566337585449,0.8521624207496643,0.21128621697425842,0.5283315777778625,0.8524150252342224,0.17976947128772736,0.6420273780822754,0.8724491000175476,0.2176198959350586,0.5352782011032104,0.8706391453742981,0.18752186000347137,0.6799274682998657,0.9084160327911377,0.06331832706928253,0.5135371088981628,0.9066122174263,0.027324307709932327
3,drink,a16_s03_e01,0.5908864140510559,0.2233514040708542,-0.39360469579696655,0.5983933806419373,0.2111465185880661,-0.37261804938316345,0.6021405458450317,0.2115122675895691,-0.37264561653137207,0.6049473285675049,0.21192461252212524,-0.3726409077644348,0.5848497152328491,0.21065296232700348,-0.37491726875305176,0.5799525380134583,0.21097758412361145,-0.3749654293060303,0.576377272605896,0.21156269311904907,-0.37497395277023315,0.6119514107704163,0.22078679502010345,-0.23226992785930634,0.5703743696212769,0.22083233296871185,-0.24462683498859406,0.5992713570594788,0.24211446940898895,-0.34047776460647583,0.5827689170837402,0.2431359738111496,-0.3440701365470886,0.6485869884490967,0.3228522539138794,-0.1263151317834854,0.5379695892333984,0.32295382022857666,-0.1508571356534958,0.6664254665374756,0.43713104724884033,-0.06695844233036041,0.5182153582572937,0.4425585865974426,-0.09994000941514969,0.6767518520355225,0.5408266186714172,-0.19230514764785767,0.5058313608169556,0.5460531115531921,-0.20507720112800598,0.679489016532898,0.5754944682121277,-0.22740522027015686,0.5011386871337891,0.5789105296134949,-0.24203750491142273,0.6728023290634155,0.5733804106712341,-0.27348512411117554,0.5076001882553101,0.5775941610336304,-0.28496021032333374,0.6694575548171997,0.5644121170043945,-0.21286973357200623,0.5113767385482788,0.5684860944747925,-0.22444939613342285,0.6263772249221802,0.54425448179245,0.016317151486873627,0.5591251254081726,0.5447275638580322,-0.01644778996706009,0.6372469663619995,0.7065489888191223,0.04147448390722275,0.5447641015052795,0.7080634832382202,-0.004472016356885433,0.6503128409385681,0.8521601557731628,0.2001771479845047,0.5282949209213257,0.8526316285133362,0.1704377681016922,0.6420479416847229,0.8719285130500793,0.20545849204063416,0.535275936126709,0.8707416653633118,0.17722515761852264,0.6803493499755859,0.9085490703582764,0.0501866340637207,0.5133830904960632,0.9068153500556946,0.017362017184495926
4,drink,a16_s03_e01,0.5908872485160828,0.22372698783874512,-0.3920850157737732,0.5984001159667969,0.2112872302532196,-0.37116342782974243,0.6021521687507629,0.21163101494312286,-0.37119168043136597,0.6049706339836121,0.2120158076286316,-0.3711874485015869,0.5848491191864014,0.21089473366737366,-0.373401939868927,0.5799688100814819,0.21122223138809204,-0.37344977259635925,0.5763855576515198,0.21177572011947632,-0.37345796823501587,0.6119551062583923,0.2208166867494583,-0.23079518973827362,0.5704182386398315,0.22101926803588867,-0.2429274618625641,0.5992814302444458,0.24255523085594177,-0.3388879597187042,0.5828410387039185,0.24358725547790527,-0.3424355983734131,0.6485785245895386,0.32284748554229736,-0.12469949573278427,0.5380611419677734,0.3229604661464691,-0.14876560866832733,0.6664432287216187,0.4369625151157379,-0.06556790322065353,0.518387496471405,0.4423466920852661,-0.09722920507192612,0.677108645439148,0.5398295521736145,-0.19103015959262848,0.5058330297470093,0.5458772778511047,-0.2020905762910843,0.679864764213562,0.5749222636222839,-0.22581496834754944,0.5011113286018372,0.5786997079849243,-0.23893015086650848,0.6736254096031189,0.572936475276947,-0.27197369933128357,0.5074291229248047,0.5774730443954468,-0.28224503993988037,0.670295238494873,0.5640221834182739,-0.2116020917892456,0.5112267136573792,0.5683533549308777,-0.22161254286766052,0.6263810992240906,0.5440779328346252,0.016273504123091698,0.5593050718307495,0.5445026159286499,-0.01640436239540577,0.6374426484107971,0.7064408659934998,0.04037127643823624,0.5448857545852661,0.7074215412139893,-0.005468228831887245,0.6503392457962036,0.8522009253501892,0.19941279292106628,0.5282430052757263,0.8527194261550903,0.16886231303215027,0.6420785188674927,0.8717174530029297,0.2048196792602539,0.5352498888969421,0.8707536458969116,0.17570313811302185,0.6805691123008728,0.9086557626724243,0.049548808485269547,0.513343870639801,0.9068886041641235,0.015650905668735504
5,drink,a16_s03_e01,0.5908870100975037,0.22408676147460938,-0.3923304080963135,0.5984078049659729,0.21140417456626892,-0.37149447202682495,0.6021644473075867,0.21172624826431274,-0.3715217709541321,0.6050005555152893,0.21208879351615906,-0.37151703238487244,0.5848482847213745,0.2111009955406189,-0.3736345171928406,0.5799806118011475,0.21142560243606567,-0.3736807703971863,0.5763906836509705,0.2119489163160324,-0.3736881911754608,0.6119714975357056,0.22082996368408203,-0.23125174641609192,0.57047039270401,0.221139058470726,-0.24269764125347137,0.5992890000343323,0.24290920794010162,-0.3391175866127014,0.5828906297683716,0.2439519464969635,-0.34247153997421265,0.6485704183578491,0.32280853390693665,-0.12533369660377502,0.5382683277130127,0.32296067476272583,-0.14696277678012848,0.666468620300293,0.4366111159324646,-0.0657067522406578,0.51857590675354,0.4419512152671814,-0.09404249489307404,0.6782647371292114,0.5390352606773376,-0.19317373633384705,0.5058585405349731,0.5456845760345459,-0.19895869493484497,0.6808947324752808,0.574259877204895,-0.22862103581428528,0.5010938048362732,0.57853102684021,-0.23549136519432068,0.6752716302871704,0.5725152492523193,-0.2749645411968231,0.507264256477356,0.5773599147796631,-0.2794325649738312,0.6721378564834595,0.5637968182563782,-0.21380606293678284,0.5110939145088196,0.5681895017623901,-0.21871700882911682,0.626172661781311,0.5440251231193542,0.01577680930495262,0.559312105178833,0.5443907976150513,-0.015908729285001755,0.6374844312667847,0.7064191102981567,0.036838311702013016,0.5449431538581848,0.7072510123252869,-0.005365916062146425,0.650467038154602,0.8523004055023193,0.19830860197544098,0.5281955599784851,0.8528102040290833,0.17119888961315155,0.6421564221382141,0.8716104030609131,0.204045370221138,0.5352145433425903,0.8707643151283264,0.1783829629421234,0.6809334754943848,0.9088916182518005,0.04811819642782211,0.5133073925971985,0.9070444703102112,0.01822536066174507
6,drink,a16_s03_e01,0.5908950567245483,0.2245243340730667,-0.39783650636672974,0.5984294414520264,0.21155956387519836,-0.3779214322566986,0.602181077003479,0.21186335384845734,-0.37794405221939087,0.6050390005111694,0.21220625936985016,-0.3779415488243103,0.5848557353019714,0.21134302020072937,-0.37952035665512085,0.5800138711929321,0.21166083216667175,-0.3795650601387024,0.5764117240905762,0.21213863790035248,-0.3795667886734009,0.6119999289512634,0.22091123461723328,-0.23893705010414124,0.5705308318138123,0.22132794559001923,-0.24780848622322083,0.5993034839630127,0.24329756200313568,-0.3447006344795227,0.5829662680625916,0.24435646831989288,-0.3473679721355438,0.6485710144042969,0.32282474637031555,-0.13256429135799408,0.5384832620620728,0.3229578137397766,-0.14890672266483307,0.6665748357772827,0.4365244209766388,-0.07067452371120453,0.5187351703643799,0.441388338804245,-0.09565157443284988,0.6792336702346802,0.5387983322143555,-0.19349296391010284,0.5058852434158325,0.5453916192054749,-0.19970080256462097,0.6817746758460999,0.5738096237182617,-0.22804662585258484,0.5010930299758911,0.5782483220100403,-0.23559482395648956,0.6770286560058594,0.5721740126609802,-0.2742946743965149,0.5071247220039368,0.577193021774292,-0.27954381704330444,0.6740013957023621,0.5636218786239624,-0.2139524519443512,0.5109512209892273,0.5679956078529358,-0.21941442787647247,0.6261669397354126,0.5436221361160278,0.014186618849635124,0.5593959093093872,0.5441024899482727,-0.014323825016617775,0.6375738382339478,0.7062950730323792,0.03302298113703728,0.5450235605239868,0.7069518566131592,-0.005146828014403582,0.6505703330039978,0.8523394465446472,0.1892981082201004,0.5281938314437866,0.8528492450714111,0.16766521334648132,0.6422145962715149,0.8715284466743469,0.19438771903514862,0.5352123379707336,0.8707829117774963,0.17423780262470245,0.6810944080352783,0.9089969396591187,0.03728200122714043,0.5133178234100342,0.9070663452148438,0.014093984849750996
7,drink,a16_s03_e01,0.5909009575843811,0.2248007357120514,-0.40988999605178833,0.5984463691711426,0.211666077375412,-0.3907618224620819,0.6021956205368042,0.21196068823337555,-0.390773206949234,0.605073869228363,0.21229052543640137,-0.39076876640319824,0.5848634243011475,0.21149879693984985,-0.39167341589927673,0.5800438523292542,0.21181266009807587,-0.39172062277793884,0.5764351487159729,0.21225781738758087,-0.3917192220687866,0.6120353937149048,0.22097548842430115,-0.25391724705696106,0.5706084966659546,0.22146782279014587,-0.2597786486148834,0.5993129014968872,0.2435605376958847,-0.35744914412498474,0.5830141305923462,0.2446126788854599,-0.3592545688152313,0.648564875125885,0.32295504212379456,-0.14768747985363007,0.5386067628860474,0.32295867800712585,-0.1542070209980011,0.6667361855506897,0.43645179271698,-0.0818813219666481,0.518941342830658,0.4412010610103607,-0.09752429276704788,0.6807923316955566,0.5387833714485168,-0.1977159082889557,0.5059015154838562,0.5451446771621704,-0.2008846253156662,0.6830757260322571,0.5737149119377136,-0.23101206123828888,0.5010852217674255,0.5780242681503296,-0.23670296370983124,0.6789878606796265,0.5720961689949036,-0.27735331654548645,0.5069403648376465,0.5769922733306885,-0.28041568398475647,0.6762683987617493,0.563586413860321,-0.21787385642528534,0.510772705078125,0.5677821040153503,-0.22033505141735077,0.626166582107544,0.543185293674469,0.011917339637875557,0.5594503879547119,0.5439055562019348,-0.012065084651112556,0.6376398801803589,0.7059723734855652,0.026538338512182236,0.5451058745384216,0.706652820110321,-0.005005215294659138,0.6506086587905884,0.8523607850074768,0.18333496153354645,0.5281928777694702,0.8528455495834351,0.16741183400154114,0.6422408223152161,0.8714360594749451,0.18846295773983002,0.5352118015289307,0.8707605600357056,0.17391063272953033,0.6810899376869202,0.9090193510055542,0.030990544706583023,0.5132742524147034,0.9070663452148438,0.014047197997570038
8,drink,a16_s03_e01,0.5909033417701721,0.2250785529613495,-0.4123021066188812,0.5984508991241455,0.21178178489208221,-0.3932780623435974,0.6022005677223206,0.2120690494775772,-0.393289178609848,0.6050877571105957,0.21238461136817932,-0.39328500628471375,0.5848663449287415,0.21167927980422974,-0.39411044120788574,0.5800691843032837,0.2119881510734558,-0.3941572308540344,0.5764560699462891,0.2123997062444687,-0.39415115118026733,0.6120486259460449,0.2210378497838974,-0.25672683119773865,0.5706821084022522,0.2216424196958542,-0.2623305916786194,0.5993167161941528,0.2437484860420227,-0.36000171303749084,0.5830543041229248,0.24480409920215607,-0.36172065138816833,0.6485630869865417,0.3229810893535614,-0.1508767455816269,0.5387424826622009,0.32295969128608704,-0.15543530881404877,0.6669946312904358,0.4360121190547943,-0.08526454120874405,0.5190932750701904,0.4409947693347931,-0.09756667166948318,0.6823607683181763,0.538107693195343,-0.20013324916362762,0.5058960914611816,0.545030951499939,-0.20062990486621857,0.6845875382423401,0.5732359290122986,-0.23323428630828857,0.5010109543800354,0.5778608918190002,-0.23542721569538116,0.6807354092597961,0.5717235803604126,-0.27962443232536316,0.5065166354179382,0.576873779296875,-0.2799980640411377,0.6782634854316711,0.5632940530776978,-0.22018685936927795,0.5103574991226196,0.56768399477005,-0.22040006518363953,0.6261547803878784,0.5421072244644165,0.01075551938265562,0.559480607509613,0.5433215498924255,-0.010907365940511227,0.6377421021461487,0.7056130766868591,0.02429567649960518,0.5451555252075195,0.7058316469192505,-0.005327009130269289,0.6506627202033997,0.8523788452148438,0.17422886192798615,0.5281928777694702,0.8528265357017517,0.16123712062835693,0.6422706246376038,0.8713380694389343,0.17858681082725525,0.5352036952972412,0.8707409501075745,0.16702505946159363,0.6810858845710754,0.9090969562530518,0.02070653811097145,0.5132610201835632,0.9070569276809692,0.0070545910857617855
9,drink,a16_s03_e01,0.5909096598625183,0.2253391593694687,-0.4136590361595154,0.5984619855880737,0.2118816077709198,-0.3947576880455017,0.6022094488143921,0.2121616005897522,-0.3947679400444031,0.6051099896430969,0.21246656775474548,-0.3947632908821106,0.5848792791366577,0.21184390783309937,-0.3954130709171295,0.5801113843917847,0.21215668320655823,-0.39545971155166626,0.5764937400817871,0.21253927052021027,-0.3954496383666992,0.6120798587799072,0.22111724317073822,-0.2588590979576111,0.5707892179489136,0.22184713184833527,-0.2636428475379944,0.5993248224258423,0.2438908964395523,-0.36164557933807373,0.5831056833267212,0.24498377740383148,-0.3631330132484436,0.6486189961433411,0.32307669520378113,-0.15311983227729797,0.5388955473899841,0.32295912504196167,-0.1573663204908371,0.6674672961235046,0.4356415569782257,-0.08731231093406677,0.5192834734916687,0.4407152831554413,-0.098263680934906,0.6840120553970337,0.5380909442901611,-0.20070257782936096,0.5058912038803101,0.5445646047592163,-0.20119380950927734,0.6864038705825806,0.5732198357582092,-0.2334730178117752,0.5009254217147827,0.5773177742958069,-0.23606181144714355,0.6823968291282654,0.5716806650161743,-0.27987250685691833,0.5060548186302185,0.5763917565345764,-0.2804547846317291,0.6801924109458923,0.5632080435752869,-0.2207183837890625,0.50993812084198,0.5673121213912964,-0.22086110711097717,0.6261618137359619,0.5416145920753479,0.010052802972495556,0.5595211982727051,0.5429156422615051,-0.010207335464656353,0.6377836465835571,0.7054633498191833,0.024430885910987854,0.5452502965927124,0.7054449915885925,-0.0052618118934333324,0.6506667733192444,0.8523826599121094,0.17124971747398376,0.5282572507858276,0.8527159094810486,0.15893864631652832,0.6422735452651978,0.8712910413742065,0.17535121738910675,0.5352416634559631,0.8705855011940002,0.1645711213350296,0.6810840368270874,0.9091005325317383,0.018542736768722534,0.5132645964622498,0.9069741368293762,0.0058180587366223335
10,drink,a16_s03_e01,0.5909228324890137,0.22548942267894745,-0.4126090109348297,0.598479688167572,0.21193887293338776,-0.39357033371925354,0.6022235155105591,0.2122139036655426,-0.3935818672180176,0.6051421165466309,0.21251307427883148,-0.39357614517211914,0.5848978161811829,0.21194396913051605,-0.3942696750164032,0.5801534652709961,0.21226373314857483,-0.3943164050579071,0.5765343904495239,0.2126283049583435,-0.3943069577217102,0.6121225953102112,0.22116748988628387,-0.2579733729362488,0.5708861947059631,0.22199715673923492,-0.2629218101501465,0.5993384718894958,0.24399927258491516,-0.3607993423938751,0.583154559135437,0.24511438608169556,-0.36233896017074585,0.6486542224884033,0.3232123553752899,-0.15299645066261292,0.5390539765357971,0.3229737877845764,-0.15818819403648376,0.6679517030715942,0.4354778528213501,-0.08880118280649185,0.5194038152694702,0.4406701624393463,-0.09869645535945892,0.6852489709854126,0.5376271605491638,-0.20240242779254913,0.5058574080467224,0.5445222854614258,-0.20152691006660461,0.6881381869316101,0.5729344487190247,-0.23500493168830872,0.5006837248802185,0.5772804021835327,-0.23655931651592255,0.6838741302490234,0.571380615234375,-0.28137171268463135,0.5055906176567078,0.5763727426528931,-0.28076159954071045,0.6816635727882385,0.5628572702407837,-0.22241103649139404,0.5095601677894592,0.5672904253005981,-0.2210942804813385,0.6261662244796753,0.5414993166923523,0.009839416481554508,0.5595422983169556,0.5428521037101746,-0.009993568994104862,0.6377946138381958,0.7052715420722961,0.026527192443609238,0.5452688336372375,0.70525062084198,-0.005105212330818176,0.6506702303886414,0.8523775935173035,0.17352360486984253,0.5282520055770874,0.8527154922485352,0.15838728845119476,0.642281174659729,0.8711974024772644,0.1775789111852646,0.535240650177002,0.8705806732177734,0.16394200921058655,0.6810804009437561,0.9090894460678101,0.021763864904642105,0.5132477283477783,0.9069764614105225,0.005841607227921486
11,drink,a16_s03_e01,0.5909559726715088,0.22552160918712616,-0.41136860847473145,0.5985220074653625,0.21195968985557556,-0.3920578360557556,0.6022540926933289,0.21223188936710358,-0.3920702338218689,0.6052017211914062,0.21252994239330292,-0.39206358790397644,0.584938645362854,0.21197551488876343,-0.39301344752311707,0.5802112817764282,0.2122982293367386,-0.3930608034133911,0.5765901207923889,0.21265359222888947,-0.3930548429489136,0.6121925115585327,0.22118385136127472,-0.2557845711708069,0.5709694027900696,0.22204424440860748,-0.2625565826892853,0.5993665456771851,0.24401825666427612,-0.3594096004962921,0.5832029581069946,0.24513858556747437,-0.36131447553634644,0.6486669182777405,0.32323750853538513,-0.15069104731082916,0.5391422510147095,0.3229789137840271,-0.1572532057762146,0.6682747006416321,0.43542763590812683,-0.08682459592819214,0.5195018649101257,0.4406651258468628,-0.09710796177387238,0.6858709454536438,0.5371524691581726,-0.2018832415342331,0.5057898759841919,0.5445326566696167,-0.2014143168926239,0.6890788078308105,0.5727697014808655,-0.23496654629707336,0.5004675388336182,0.5772749781608582,-0.23658359050750732,0.6846150755882263,0.5712785124778748,-0.281454861164093,0.5049391984939575,0.5763835906982422,-0.28098922967910767,0.6824209690093994,0.5627462863922119,-0.2220107764005661,0.5089555978775024,0.567337691783905,-0.2212616205215454,0.6262080669403076,0.5413996577262878,0.009694167412817478,0.5595515370368958,0.5428419709205627,-0.00984570849686861,0.6378628015518188,0.7052816152572632,0.02614119090139866,0.5453015565872192,0.7052584290504456,-0.005022349767386913,0.6506727933883667,0.8524287343025208,0.17735488712787628,0.528242826461792,0.852708637714386,0.16042323410511017,0.6423243284225464,0.87114417552948,0.1819690763950348,0.5352346897125244,0.8705093860626221,0.16636137664318085,0.6810771226882935,0.9090918302536011,0.026074156165122986,0.5132467746734619,0.907079815864563,0.008022785186767578
12,drink,a16_s03_e01,0.5909938812255859,0.22558631002902985,-0.4138166308403015,0.5985797643661499,0.21198099851608276,-0.39463913440704346,0.6022940874099731,0.21224907040596008,-0.3946516215801239,0.6052752137184143,0.2125464230775833,-0.39464932680130005,0.5849865078926086,0.2120136320590973,-0.39534011483192444,0.5802720189094543,0.21233844757080078,-0.39538484811782837,0.5766456723213196,0.21268293261528015,-0.3953733444213867,0.6122809648513794,0.2211923599243164,-0.2582394778728485,0.5710396766662598,0.2220751941204071,-0.26351407170295715,0.5993987321853638,0.24404440820217133,-0.3617219626903534,0.5832537412643433,0.24518103897571564,-0.3632655441761017,0.6487124562263489,0.32324352860450745,-0.15251284837722778,0.539215087890625,0.32298171520233154,-0.1581367552280426,0.6686541438102722,0.4353874921798706,-0.08791708946228027,0.519546627998352,0.4406796395778656,-0.09751720726490021,0.6864220499992371,0.536993145942688,-0.20236793160438538,0.5053792595863342,0.5446731448173523,-0.20154300332069397,0.6897183656692505,0.5727137327194214,-0.23536261916160583,0.49981197714805603,0.577290415763855,-0.23680126667022705,0.6850966215133667,0.5712621212005615,-0.28188174962997437,0.5036868453025818,0.5765186548233032,-0.28145673871040344,0.6829327344894409,0.5627263188362122,-0.22248511016368866,0.5077887773513794,0.5675907731056213,-0.2214866578578949,0.6262573599815369,0.5413066744804382,0.009432671591639519,0.5595589876174927,0.5427728891372681,-0.009585565887391567,0.6378922462463379,0.705306351184845,0.024378400295972824,0.5453636050224304,0.7052602171897888,-0.004977637901902199,0.6506717801094055,0.8524273037910461,0.1782115399837494,0.5282734036445618,0.8527039289474487,0.16168753802776337,0.6423295140266418,0.870998203754425,0.18313133716583252,0.5352838635444641,0.8704560995101929,0.1678188294172287,0.6810590028762817,0.9090883135795593,0.02700093947350979,0.5132817625999451,0.9071140289306641,0.009367798455059528
13,drink,a16_s03_e01,0.5910196304321289,0.22562578320503235,-0.41360941529273987,0.5986262559890747,0.2119927853345871,-0.39453786611557007,0.6023308038711548,0.21225880086421967,-0.3945503830909729,0.6053436994552612,0.21255730092525482,-0.39454910159111023,0.585026204586029,0.21204045414924622,-0.39501380920410156,0.5803261995315552,0.21236753463745117,-0.39505791664123535,0.5767002105712891,0.21270357072353363,-0.39504438638687134,0.6123663187026978,0.22120401263237,-0.2590131163597107,0.5711226463317871,0.22211003303527832,-0.26297640800476074,0.5994231104850769,0.24405735731124878,-0.36181211471557617,0.5832939743995667,0.24520272016525269,-0.3630375564098358,0.6487756371498108,0.3232293725013733,-0.15461452305316925,0.5393287539482117,0.32299259305000305,-0.1581338346004486,0.6689963936805725,0.435169517993927,-0.09041032940149307,0.5195907354354858,0.44067907333374023,-0.09707289934158325,0.6868462562561035,0.5369095206260681,-0.20229332149028778,0.5047628283500671,0.5448570251464844,-0.20100946724414825,0.6901809573173523,0.5726732015609741,-0.2349850833415985,0.4989248216152191,0.5773108601570129,-0.23577682673931122,0.6854442954063416,0.5712519884109497,-0.2814551889896393,0.502147912979126,0.576652467250824,-0.2809675335884094,0.6832667589187622,0.5627223253250122,-0.22234055399894714,0.5063673257827759,0.5678998827934265,-0.22124609351158142,0.6264193654060364,0.5412330627441406,0.008622369728982449,0.5596517324447632,0.5424991250038147,-0.008775520138442516,0.6379073858261108,0.7053002715110779,0.02377946302294731,0.5454238653182983,0.7047937512397766,-0.004672815091907978,0.6506696939468384,0.8524616956710815,0.17432916164398193,0.5282682180404663,0.8525645732879639,0.1616910994052887,0.6423336267471313,0.8709840178489685,0.17890241742134094,0.5352761745452881,0.8703172206878662,0.1676899641752243,0.6810582876205444,0.9090964794158936,0.02333916164934635,0.5132359266281128,0.9071100950241089,0.009840202517807484
14,drink,a16_s03_e01,0.5910771489143372,0.22565649449825287,-0.4141816198825836,0.5987120270729065,0.21199770271778107,-0.39512234926223755,0.6023884415626526,0.21226374804973602,-0.395135760307312,0.6054443120956421,0.21256305277347565,-0.39513546228408813,0.5851008296012878,0.21205194294452667,-0.39560648798942566,0.5804041028022766,0.21238118410110474,-0.3956502377986908,0.5767804384231567,0.21270979940891266,-0.3956347107887268,0.6124767065048218,0.22121909260749817,-0.25936824083328247,0.5712078809738159,0.2221256047487259,-0.26334479451179504,0.5994659066200256,0.24407169222831726,-0.36230823397636414,0.5833487510681152,0.2452182173728943,-0.3635368049144745,0.6488062143325806,0.32323014736175537,-0.1545334905385971,0.5393887758255005,0.32299572229385376,-0.15836557745933533,0.6692737340927124,0.43513235449790955,-0.08980880677700043,0.5196182727813721,0.44069185853004456,-0.0971267819404602,0.6870365738868713,0.5368897318840027,-0.20201340317726135,0.5040849447250366,0.5449162721633911,-0.2011752873659134,0.6903541088104248,0.5726643800735474,-0.2347242534160614,0.49798402190208435,0.5773195028305054,-0.23598483204841614,0.6855239868164062,0.5712488889694214,-0.2811605930328369,0.501084566116333,0.5766631364822388,-0.2810402512550354,0.6833257079124451,0.562719464302063,-0.22205600142478943,0.5053263902664185,0.5679553151130676,-0.22132746875286102,0.6264644861221313,0.5411732196807861,0.008514169603586197,0.5596566200256348,0.5424124598503113,-0.00866820476949215,0.6379159688949585,0.7053012847900391,0.023148449137806892,0.5454291105270386,0.7047555446624756,-0.004633029922842979,0.6506682634353638,0.8525184392929077,0.17567633092403412,0.5282648205757141,0.8524074554443359,0.16207781434059143,0.6423426270484924,0.8709745407104492,0.18048623204231262,0.5352731347084045,0.8701622486114502,0.16814230382442474,0.6810444593429565,0.9090933203697205,0.024954495951533318,0.5132566690444946,0.9071236848831177,0.009892905130982399
15,drink,a16_s03_e01,0.5911229848861694,0.22568060457706451,-0.4138455390930176,0.5987758636474609,0.21200323104858398,-0.394788920879364,0.6024363040924072,0.21227087080478668,-0.3948027491569519,0.6055204272270203,0.21257303655147552,-0.394802063703537,0.5851743817329407,0.21205705404281616,-0.39524704217910767,0.5804845690727234,0.21238717436790466,-0.39529043436050415,0.576870322227478,0.21271604299545288,-0.3952750563621521,0.6125880479812622,0.22125551104545593,-0.2593183219432831,0.5713192224502563,0.22214201092720032,-0.2630372643470764,0.5994926691055298,0.24409013986587524,-0.36207085847854614,0.5834082365036011,0.24523155391216278,-0.3632504940032959,0.6489068269729614,0.32323557138442993,-0.15478935837745667,0.5394512414932251,0.3230229914188385,-0.15831515192985535,0.669502317905426,0.4351050555706024,-0.09007922559976578,0.5196461081504822,0.4406926929950714,-0.09612247347831726,0.6872223615646362,0.5368937253952026,-0.2022365778684616,0.503106951713562,0.5447997450828552,-0.20079731941223145,0.6905314326286316,0.572680652141571,-0.23489615321159363,0.496742308139801,0.5771356821060181,-0.23547868430614471,0.6856347322463989,0.5712684392929077,-0.28126659989356995,0.4998449385166168,0.5762807130813599,-0.28096312284469604,0.6834320425987244,0.5627297759056091,-0.22222617268562317,0.5041750073432922,0.5677376389503479,-0.22120217978954315,0.6264714002609253,0.541180431842804,0.008277760818600655,0.5596448183059692,0.5424004197120667,-0.008432171307504177,0.6379221081733704,0.7053062319755554,0.021321166306734085,0.5454332232475281,0.7047072052955627,-0.004626263398677111,0.6506654024124146,0.8525218963623047,0.17289645969867706,0.5282685160636902,0.8523631691932678,0.16148969531059265,0.6423470973968506,0.870924711227417,0.1776222288608551,0.5352996587753296,0.8701146245002747,0.16748972237110138,0.6810420751571655,0.9090940356254578,0.022102151066064835,0.51325523853302,0.9071406126022339,0.009565575048327446
16,drink,a16_s03_e01,0.5911412835121155,0.2256951481103897,-0.41531890630722046,0.5988156199455261,0.21201011538505554,-0.39653363823890686,0.6024771928787231,0.21227818727493286,-0.39654868841171265,0.6055765748023987,0.21258027851581573,-0.3965494632720947,0.5852113962173462,0.21206547319889069,-0.39650431275367737,0.5805429220199585,0.21239563822746277,-0.39654651284217834,0.5769293308258057,0.21272195875644684,-0.39652976393699646,0.6126915812492371,0.2212669998407364,-0.26190394163131714,0.5714148283004761,0.22217939794063568,-0.26336878538131714,0.5995229482650757,0.2441045343875885,-0.3638160526752472,0.5834435820579529,0.24525417387485504,-0.3643236756324768,0.6489789485931396,0.32324880361557007,-0.15863922238349915,0.5395289063453674,0.3230763375759125,-0.15764853358268738,0.669801652431488,0.43510472774505615,-0.09564486145973206,0.5196691751480103,0.440708190202713,-0.0923546701669693,0.6871892213821411,0.5369583368301392,-0.20938773453235626,0.501858115196228,0.5445641875267029,-0.1986600160598755,0.6904932260513306,0.5727965831756592,-0.24273094534873962,0.4951404929161072,0.5764769315719604,-0.2332240343093872,0.6855472326278687,0.5714333057403564,-0.28900831937789917,0.49824514985084534,0.5753791332244873,-0.27971044182777405,0.6833202838897705,0.5628343224525452,-0.22929957509040833,0.502731442451477,0.5671584606170654,-0.21962782740592957,0.6264730095863342,0.5412352681159973,0.0069994754157960415,0.5596102476119995,0.5424060225486755,-0.007153247483074665,0.6379233002662659,0.7053537964820862,0.016562677919864655,0.5454362034797668,0.7047048807144165,-0.004153325222432613,0.6506614685058594,0.8525232076644897,0.1712687909603119,0.5282853245735168,0.8522889614105225,0.1620752364397049,0.6423733830451965,0.870832085609436,0.17629626393318176,0.5353512763977051,0.8700381517410278,0.1679881513118744,0.6810277104377747,0.9091169238090515,0.01999182440340519,0.5131687521934509,0.9071816205978394,0.01001584343612194
17,drink,a16_s03_e01,0.5911445021629333,0.225737527012825,-0.417649507522583,0.5988271832466125,0.21202221512794495,-0.3990713059902191,0.6025015115737915,0.2122899740934372,-0.3990868330001831,0.6055999994277954,0.21259446442127228,-0.39908868074417114,0.5852178335189819,0.21207675337791443,-0.3987814784049988,0.5805681943893433,0.2124001681804657,-0.398822158575058,0.5769535303115845,0.21272799372673035,-0.398802250623703,0.612756073474884,0.22130073606967926,-0.2648642659187317,0.5714925527572632,0.22218552231788635,-0.2650948762893677,0.5995343327522278,0.24415406584739685,-0.366316020488739,0.583467423915863,0.24528183043003082,-0.3664676547050476,0.6490465402603149,0.3232412338256836,-0.16162949800491333,0.5396053194999695,0.3231331706047058,-0.1576646864414215,0.6699769496917725,0.43506988883018494,-0.09845341742038727,0.5196703672409058,0.4406353533267975,-0.09200797975063324,0.6872645616531372,0.5369529724121094,-0.21112971007823944,0.49989399313926697,0.543849527835846,-0.19835935533046722,0.6904970407485962,0.572803795337677,-0.2441975325345993,0.4929274022579193,0.5755866169929504,-0.23275525867938995,0.6855901479721069,0.5714331269264221,-0.29060980677604675,0.4958389699459076,0.5743058919906616,-0.2796507775783539,0.6834295988082886,0.562834620475769,-0.23108509182929993,0.5002400875091553,0.5664340853691101,-0.21955156326293945,0.6264746189117432,0.5412245988845825,0.006374523974955082,0.5596108436584473,0.5423794388771057,-0.00652665551751852,0.6379259824752808,0.705327033996582,0.017099712044000626,0.5454404950141907,0.7047075629234314,-0.0035147264134138823,0.6506547331809998,0.8525092005729675,0.1698528528213501,0.5283063650131226,0.852270781993866,0.162347212433815,0.6423779129981995,0.8707143068313599,0.17462506890296936,0.5354093909263611,0.8700233697891235,0.16825610399246216,0.6810089945793152,0.909096360206604,0.017742624506354332,0.5131427049636841,0.9071837663650513,0.010121982544660568
18,drink,a16_s03_e01,0.5911481976509094,0.22575226426124573,-0.42019525170326233,0.5988329648971558,0.21202735602855682,-0.40171653032302856,0.6025122404098511,0.21229511499404907,-0.401732861995697,0.6056047677993774,0.21260029077529907,-0.401736319065094,0.5852221250534058,0.2120812088251114,-0.4012300968170166,0.5805791616439819,0.2124064713716507,-0.40127038955688477,0.5769640207290649,0.2127341330051422,-0.40125054121017456,0.6127819418907166,0.22130785882472992,-0.26788461208343506,0.5715631246566772,0.22219055891036987,-0.2671177387237549,0.5995396375656128,0.24416904151439667,-0.3690369725227356,0.5834780335426331,0.24529080092906952,-0.3689013123512268,0.649115264415741,0.32322341203689575,-0.16526418924331665,0.5397089719772339,0.3232537508010864,-0.1580197811126709,0.6702389121055603,0.43504369258880615,-0.10242656618356705,0.5196701288223267,0.4406070411205292,-0.09212325513362885,0.6874065399169922,0.5370054841041565,-0.21436254680156708,0.4979035258293152,0.543819785118103,-0.19830653071403503,0.6905394196510315,0.5728433132171631,-0.24725286662578583,0.49053817987442017,0.5755254626274109,-0.23259012401103973,0.685631513595581,0.571445643901825,-0.29357612133026123,0.49344855546951294,0.5742767453193665,-0.2797204852104187,0.6835118532180786,0.5628474950790405,-0.2342408001422882,0.4978782534599304,0.5664346218109131,-0.21962621808052063,0.6264742612838745,0.5412413477897644,0.00577730406075716,0.559613823890686,0.5423839092254639,-0.0059290300123393536,0.6379350423812866,0.7053641080856323,0.016954731196165085,0.5454434156417847,0.7048432230949402,-0.002355689648538828,0.6506483554840088,0.8525086641311646,0.17065581679344177,0.5283539295196533,0.8522199392318726,0.1641373336315155,0.6423665881156921,0.8706421256065369,0.17552901804447174,0.5355779528617859,0.869939923286438,0.1700468361377716,0.6809865236282349,0.9091090559959412,0.018490465357899666,0.5129828453063965,0.907207727432251,0.011808570474386215
19,drink,a16_s03_e01,0.5910804867744446,0.22577232122421265,-0.41939178109169006,0.5988156795501709,0.21203245222568512,-0.4006746709346771,0.6025192141532898,0.21229995787143707,-0.40069031715393066,0.6056131720542908,0.212607279419899,-0.4006921648979187,0.5852010250091553,0.21208740770816803,-0.4006813168525696,0.5805870294570923,0.21241220831871033,-0.40072423219680786,0.5769709348678589,0.2127387374639511,-0.4007067084312439,0.6128212809562683,0.22134517133235931,-0.26653438806533813,0.5716804265975952,0.22219859063625336,-0.2656337022781372,0.599521279335022,0.2442198544740677,-0.367997944355011,0.5834806561470032,0.24530307948589325,-0.36857396364212036,0.649208664894104,0.3232225179672241,-0.16482014954090118,0.5399027466773987,0.32325828075408936,-0.15330204367637634,0.6704336404800415,0.4349735677242279,-0.10362744331359863,0.5196679830551147,0.4402419626712799,-0.08372136205434799,0.6874334812164307,0.5370137095451355,-0.21683606505393982,0.4959298074245453,0.5427464246749878,-0.19151584804058075,0.6904814839363098,0.5728755593299866,-0.2502625286579132,0.4877595007419586,0.5739995837211609,-0.2257358729839325,0.6855658888816833,0.5714491605758667,-0.29660505056381226,0.4903600215911865,0.5728639364242554,-0.27420759201049805,0.6834319829940796,0.5628474354743958,-0.2367183268070221,0.4950501024723053,0.5654698610305786,-0.21367713809013367,0.6264729499816895,0.5412418842315674,0.004505261778831482,0.559611976146698,0.5423824787139893,-0.00465103704482317,0.6379125714302063,0.7054035067558289,0.01371035911142826,0.5454468727111816,0.7049173712730408,-0.0020384537056088448,0.6506472229957581,0.8524777293205261,0.16996891796588898,0.5284183621406555,0.8521946668624878,0.16492204368114471,0.6423691511154175,0.8704783916473389,0.17506468296051025,0.5357877612113953,0.8698503375053406,0.17081472277641296,0.6809591054916382,0.9091102480888367,0.016995536163449287,0.5129733681678772,0.9072063565254211,0.01208946481347084
20,drink,a16_s03_e01,0.5909548997879028,0.22578781843185425,-0.41919541358947754,0.5987734794616699,0.21203909814357758,-0.4000755846500397,0.6025252938270569,0.21231476962566376,-0.4000895619392395,0.6056200265884399,0.21262504160404205,-0.40008991956710815,0.5851531028747559,0.21209336817264557,-0.40050357580184937,0.5805922746658325,0.2124105989933014,-0.40054768323898315,0.5769771337509155,0.2127331644296646,-0.4005299508571625,0.6128652095794678,0.22139981389045715,-0.2657851576805115,0.5718826055526733,0.22217074036598206,-0.2637637257575989,0.5994699597358704,0.2442946434020996,-0.3674827516078949,0.5834630131721497,0.24530741572380066,-0.3678027093410492,0.6492622494697571,0.3230571150779724,-0.16421496868133545,0.5401734113693237,0.32326173782348633,-0.1494482010602951,0.67061847448349,0.43451616168022156,-0.10489200055599213,0.519629180431366,0.44006839394569397,-0.07759656757116318,0.6873992085456848,0.5368672013282776,-0.2196875810623169,0.4931638240814209,0.5398958921432495,-0.18593829870224,0.6904678344726562,0.5728492140769958,-0.2535017132759094,0.484224796295166,0.570719301700592,-0.21993446350097656,0.6855138540267944,0.5713841319084167,-0.299568235874176,0.4858679175376892,0.5693806409835815,-0.26911669969558716,0.6834177374839783,0.562747597694397,-0.23947103321552277,0.49007540941238403,0.5616598725318909,-0.20848536491394043,0.6264611482620239,0.54120272397995,0.004302344284951687,0.5596094131469727,0.5423311591148376,-0.004451567307114601,0.6379053592681885,0.705400824546814,0.01327466033399105,0.5454990863800049,0.7046859264373779,-0.0020376997999846935,0.6506377458572388,0.85247802734375,0.16815567016601562,0.5284587144851685,0.8520327806472778,0.16493402421474457,0.6423617601394653,0.8704345226287842,0.17321957647800446,0.5358216166496277,0.869553804397583,0.1708466112613678,0.680947482585907,0.9091100096702576,0.015224473550915718,0.513110339641571,0.907131016254425,0.012012521736323833
21,drink,a16_s03_e01,0.5909467935562134,0.22585798799991608,-0.4190986156463623,0.5987809896469116,0.21204879879951477,-0.3997858762741089,0.6025615930557251,0.21232913434505463,-0.39979642629623413,0.6056560277938843,0.21264444291591644,-0.3997933268547058,0.58515465259552,0.21209877729415894,-0.39988526701927185,0.5806185007095337,0.21241174638271332,-0.3999307155609131,0.5770355463027954,0.21272918581962585,-0.3999153971672058,0.6129985451698303,0.2214643657207489,-0.26522892713546753,0.5721976161003113,0.22216461598873138,-0.2616238296031952,0.5994682312011719,0.24441714584827423,-0.36720889806747437,0.5834676623344421,0.24535122513771057,-0.3668704926967621,0.6495362520217896,0.32304543256759644,-0.16466738283634186,0.5405377149581909,0.3232846260070801,-0.1466418206691742,0.6708345413208008,0.4344555139541626,-0.10866190493106842,0.5193914175033569,0.44007256627082825,-0.07454149425029755,0.6873716115951538,0.5368684530258179,-0.2247568666934967,0.4875074326992035,0.5385573506355286,-0.1822303682565689,0.690428614616394,0.5728768706321716,-0.2588791847229004,0.4780236780643463,0.5682142376899719,-0.21614785492420197,0.6854585409164429,0.5713844895362854,-0.3050481081008911,0.47981709241867065,0.5662992000579834,-0.26609858870506287,0.6833935379981995,0.5627354383468628,-0.24465250968933105,0.48372235894203186,0.5588420629501343,-0.20533111691474915,0.6264694333076477,0.5412195920944214,0.004067505709826946,0.559726357460022,0.5423189401626587,-0.004213548265397549,0.637866735458374,0.7054318189620972,0.013933072797954082,0.5455491542816162,0.7047032713890076,-0.0018067124765366316,0.6505932211875916,0.8524525165557861,0.17014381289482117,0.5284606218338013,0.8520721793174744,0.1680859625339508,0.6423487067222595,0.8703272342681885,0.17585423588752747,0.5358408689498901,0.8695533275604248,0.1743912249803543,0.6809076070785522,0.9091120362281799,0.016752352938055992,0.5130113363265991,0.907136082649231,0.014412006363272667
22,drink,a16_s03_e01,0.5908883810043335,0.22586505115032196,-0.41432398557662964,0.5987854599952698,0.21205592155456543,-0.3956109583377838,0.6026073694229126,0.21233543753623962,-0.39563676714897156,0.6057142615318298,0.2126511186361313,-0.395643025636673,0.585156261920929,0.21209247410297394,-0.3943299949169159,0.5806481838226318,0.21238818764686584,-0.39438074827194214,0.5770919322967529,0.21269960701465607,-0.3943694829940796,0.6131778955459595,0.22154755890369415,-0.26228487491607666,0.572587251663208,0.22208958864212036,-0.2554040849208832,0.5994487404823303,0.24447861313819885,-0.3631964325904846,0.583469033241272,0.24535593390464783,-0.3615102171897888,0.6497308015823364,0.3229980766773224,-0.16401855647563934,0.5408565998077393,0.32333266735076904,-0.14037571847438812,0.6709851026535034,0.4344944357872009,-0.10840996354818344,0.5192806720733643,0.439993679523468,-0.06701494008302689,0.6871660947799683,0.5374904870986938,-0.22507865726947784,0.48399534821510315,0.5356484651565552,-0.17662209272384644,0.6899135112762451,0.5732340216636658,-0.25933921337127686,0.4730526804924011,0.5625449419021606,-0.21074903011322021,0.6849488615989685,0.5715571641921997,-0.30540162324905396,0.4738979935646057,0.5600916147232056,-0.26172584295272827,0.6827205419540405,0.5628912448883057,-0.2449779510498047,0.47810572385787964,0.5533362627029419,-0.2003949135541916,0.6264580488204956,0.5412399172782898,0.0037429083604365587,0.5597834587097168,0.5423164963722229,-0.0038887441623955965,0.6378159523010254,0.7055473923683167,0.013791054487228394,0.5455684065818787,0.7047073841094971,-0.0016734993550926447,0.6505932211875916,0.8524455428123474,0.17134658992290497,0.5284537672996521,0.8520840406417847,0.17020174860954285,0.6423494815826416,0.8702698349952698,0.17750729620456696,0.5358378291130066,0.8695410490036011,0.17670662701129913,0.6809062361717224,0.9091423153877258,0.017864609137177467,0.5130051374435425,0.9070976376533508,0.01586786098778248
23,drink,a16_s03_e01,0.5907658338546753,0.2259015440940857,-0.4052309989929199,0.5987829566001892,0.21206822991371155,-0.38697147369384766,0.6026290655136108,0.21235495805740356,-0.38700610399246216,0.605746865272522,0.21268002688884735,-0.3870186507701874,0.5851539969444275,0.212095707654953,-0.3848646879196167,0.5806673765182495,0.21238480508327484,-0.3849138021469116,0.5771283507347107,0.2126947045326233,-0.38490360975265503,0.6133580803871155,0.22171235084533691,-0.2544800937175751,0.5729994177818298,0.22207628190517426,-0.24572665989398956,0.5994054675102234,0.24459534883499146,-0.35455408692359924,0.5834583044052124,0.2453799992799759,-0.3521464765071869,0.6500755548477173,0.32297831773757935,-0.16030004620552063,0.5413962602615356,0.3233710527420044,-0.1313619166612625,0.6711069941520691,0.434516966342926,-0.10729782283306122,0.5192389488220215,0.43942803144454956,-0.05805147439241409,0.6868346929550171,0.538018524646759,-0.22453279793262482,0.47954660654067993,0.530116617679596,-0.16904816031455994,0.6893990635871887,0.5734798908233643,-0.2592235803604126,0.467246949672699,0.5556765794754028,-0.20340533554553986,0.684444010257721,0.5717093348503113,-0.30516761541366577,0.4675234258174896,0.5531761050224304,-0.2556164860725403,0.6820552945137024,0.5630432963371277,-0.24445870518684387,0.4725176692008972,0.5461114645004272,-0.19361618161201477,0.6264567971229553,0.5412405133247375,0.003523064311593771,0.559995710849762,0.5423086285591125,-0.0036669746041297913,0.637607216835022,0.7055509090423584,0.012933371588587761,0.545573353767395,0.7047209143638611,-0.0016669544856995344,0.6505070328712463,0.8524487614631653,0.17181721329689026,0.5284407734870911,0.8521283268928528,0.17190441489219666,0.6422103643417358,0.8702596426010132,0.17826834321022034,0.5358067154884338,0.8695124983787537,0.1785551756620407,0.6809028387069702,0.9092494249343872,0.018272764980793,0.513005256652832,0.907089352607727,0.016785554587841034
24,drink,a16_s03_e01,0.5905879735946655,0.22589625418186188,-0.3873278498649597,0.5987745523452759,0.2120746523141861,-0.3689257800579071,0.6026467084884644,0.2123621106147766,-0.36896809935569763,0.6057720184326172,0.2126873880624771,-0.3689865469932556,0.5851444602012634,0.2120686173439026,-0.3661581873893738,0.5806779265403748,0.2123280018568039,-0.3662024140357971,0.5771464109420776,0.21263770759105682,-0.3661869168281555,0.613517165184021,0.2217869907617569,-0.2374817430973053,0.5733641386032104,0.22195658087730408,-0.22614333033561707,0.5993138551712036,0.24461564421653748,-0.33730366826057434,0.5834072232246399,0.2453460395336151,-0.334112286567688,0.650457501411438,0.3229273855686188,-0.14927038550376892,0.5418241620063782,0.323385626077652,-0.11292334645986557,0.6711879968643188,0.4345330595970154,-0.10640450567007065,0.5190345644950867,0.43873170018196106,-0.04051295295357704,0.6866330504417419,0.5382694602012634,-0.22372858226299286,0.4757022261619568,0.5246464014053345,-0.15288189053535461,0.689102053642273,0.5736473798751831,-0.2589370608329773,0.46323204040527344,0.5486240386962891,-0.18764324486255646,0.6841589212417603,0.5718159079551697,-0.30472272634506226,0.4628422260284424,0.5460309386253357,-0.24064595997333527,0.6816847920417786,0.5631473660469055,-0.2437133491039276,0.4678722321987152,0.5390599966049194,-0.17824304103851318,0.6264565587043762,0.541241466999054,0.0023804486263543367,0.5600622892379761,0.5422762036323547,-0.002507183700799942,0.6374191641807556,0.705609142780304,0.012209495529532433,0.5455322265625,0.7047248482704163,-0.0011490148026496172,0.6504813432693481,0.8525899052619934,0.1708133965730667,0.5284435153007507,0.8523256778717041,0.17179284989833832,0.6421738266944885,0.8703035712242126,0.17691382765769958,0.5358195304870605,0.8696068525314331,0.17829371988773346,0.6810172200202942,0.9094812273979187,0.016297366470098495,0.5128424763679504,0.9070500135421753,0.016720984131097794
25,drink,a16_s03_e01,0.5902819037437439,0.22589989006519318,-0.38864561915397644,0.5986979007720947,0.21207945048809052,-0.3703380823135376,0.6026536822319031,0.2123701572418213,-0.3703800141811371,0.6057769060134888,0.2126944661140442,-0.3703969419002533,0.585096538066864,0.21206022799015045,-0.36739712953567505,0.5806836485862732,0.2123010903596878,-0.3674411177635193,0.5771521925926208,0.2126106172800064,-0.3674243092536926,0.6136699914932251,0.22185921669006348,-0.23903267085552216,0.5738557577133179,0.22190509736537933,-0.22677810490131378,0.5991935729980469,0.2446334809064865,-0.3386915326118469,0.5833116173744202,0.2453242689371109,-0.3352420926094055,0.6509228348731995,0.32273733615875244,-0.1504153609275818,0.5422171354293823,0.32343778014183044,-0.11189980804920197,0.6714385747909546,0.4345764219760895,-0.11011210829019547,0.5182848572731018,0.43855950236320496,-0.039444081485271454,0.6865484118461609,0.5385554432868958,-0.23144371807575226,0.4720580577850342,0.5174858570098877,-0.1544194370508194,0.6889458298683167,0.5738332867622375,-0.26761800050735474,0.45826107263565063,0.5378968119621277,-0.18917736411094666,0.6840147972106934,0.5719223618507385,-0.31304916739463806,0.4569684863090515,0.5336562395095825,-0.24226276576519012,0.6814899444580078,0.5632277131080627,-0.2514960467815399,0.46235185861587524,0.5276128649711609,-0.1799681931734085,0.6264804601669312,0.5413429141044617,0.0004494690801948309,0.5601070523262024,0.5422941446304321,-0.000567344599403441,0.6373070478439331,0.7056569457054138,0.009445306845009327,0.5454875826835632,0.7049025893211365,0.00032109764288179576,0.6504688262939453,0.8527893424034119,0.17104320228099823,0.5285223722457886,0.8523341417312622,0.1776691973209381,0.6421524882316589,0.8704275488853455,0.1770394742488861,0.5360093116760254,0.8695622086524963,0.18450100719928741,0.6811662316322327,0.9097328186035156,0.016789406538009644,0.5126487016677856,0.9069086909294128,0.02346022054553032
26,drink,a16_s03_e01,0.5898122787475586,0.22589318454265594,-0.387087345123291,0.5985556840896606,0.21207809448242188,-0.36921489238739014,0.6026524901390076,0.21237477660179138,-0.36925584077835083,0.6057830452919006,0.21269813179969788,-0.3692724108695984,0.584987998008728,0.21202197670936584,-0.36554205417633057,0.5806875824928284,0.2122342586517334,-0.36558815836906433,0.5771585702896118,0.21255551278591156,-0.3655693829059601,0.6138597726821899,0.22186864912509918,-0.23918183147907257,0.5744333267211914,0.22184181213378906,-0.2237783670425415,0.5990074872970581,0.244639053940773,-0.33760368824005127,0.5831574201583862,0.24530397355556488,-0.33321020007133484,0.651401162147522,0.32254573702812195,-0.15119317173957825,0.5428489446640015,0.3234427571296692,-0.10729171335697174,0.6716772317886353,0.4345869719982147,-0.11375916004180908,0.51784747838974,0.4372386336326599,-0.03472591191530228,0.6865130662918091,0.5387545824050903,-0.2351338118314743,0.46718543767929077,0.508602499961853,-0.15095996856689453,0.6888657808303833,0.5739870667457581,-0.27142345905303955,0.4534796178340912,0.5271571278572083,-0.18560269474983215,0.6839233636856079,0.571997880935669,-0.3167661428451538,0.45174890756607056,0.5224891304969788,-0.2386835515499115,0.6813510656356812,0.5632838606834412,-0.25512853264808655,0.4567854404449463,0.5168689489364624,-0.17675939202308655,0.6265351176261902,0.5413427948951721,-0.00107221445068717,0.5602222084999084,0.5422438383102417,0.0009584672516211867,0.637124240398407,0.705793023109436,0.00802378449589014,0.5454511046409607,0.704918622970581,0.0019844435155391693,0.6504271626472473,0.852948784828186,0.17124848067760468,0.5285435318946838,0.8524051308631897,0.17970125377178192,0.6421322822570801,0.8704748153686523,0.17759615182876587,0.5361915826797485,0.8695569634437561,0.18648357689380646,0.6811758279800415,0.9097478985786438,0.017047885805368423,0.5123311281204224,0.9069129824638367,0.025097647681832314
27,drink,a16_s03_e01,0.5889571905136108,0.22590234875679016,-0.3748256266117096,0.5982047915458679,0.21208183467388153,-0.35756462812423706,0.6025478839874268,0.21237918734550476,-0.35760313272476196,0.6057811975479126,0.21270304918289185,-0.35761791467666626,0.5847916007041931,0.21201162040233612,-0.3530116379261017,0.5806673169136047,0.21220389008522034,-0.35306113958358765,0.577150821685791,0.21252956986427307,-0.3530392050743103,0.6140090823173523,0.2219446748495102,-0.22994156181812286,0.5751104950904846,0.22178789973258972,-0.21071331202983856,0.5983885526657104,0.2446492463350296,-0.32615309953689575,0.5827752351760864,0.24527350068092346,-0.320636123418808,0.6518306732177734,0.32222220301628113,-0.14563298225402832,0.5438666939735413,0.32337045669555664,-0.09601669013500214,0.6719008088111877,0.4345870912075043,-0.11213763803243637,0.5176374316215515,0.43363597989082336,-0.03281364589929581,0.6864811182022095,0.5387877821922302,-0.23241260647773743,0.4651123881340027,0.494598388671875,-0.1572449505329132,0.6887749433517456,0.5739946365356445,-0.2684319317340851,0.44957298040390015,0.511956512928009,-0.19219854474067688,0.6837921738624573,0.5720008015632629,-0.31357353925704956,0.4480113983154297,0.506857693195343,-0.24411797523498535,0.6811476349830627,0.5632842183113098,-0.2523149847984314,0.4532802104949951,0.5021480917930603,-0.18241620063781738,0.6265342235565186,0.5412970781326294,-0.0021131793037056923,0.5602420568466187,0.5421221852302551,0.002001203130930662,0.6370447278022766,0.7057968378067017,0.004978060722351074,0.54533851146698,0.7050140500068665,0.001894114539027214,0.6503907442092896,0.8529443144798279,0.16785576939582825,0.5285836458206177,0.8524354696273804,0.1785908341407776,0.6421111822128296,0.8704574108123779,0.1741001456975937,0.5362792015075684,0.869551420211792,0.1853058636188507,0.6811580657958984,0.9097251296043396,0.014008022844791412,0.512171745300293,0.9069099426269531,0.024098725989460945
28,drink,a16_s03_e01,0.587666392326355,0.22565235197544098,-0.36492782831192017,0.5975114107131958,0.21198132634162903,-0.3476095199584961,0.6021677255630493,0.21231025457382202,-0.3476470410823822,0.6057173013687134,0.2126462757587433,-0.34765908122062683,0.58443284034729,0.211810901761055,-0.3429281711578369,0.5805521011352539,0.21198517084121704,-0.34298035502433777,0.5770653486251831,0.21232880651950836,-0.34295588731765747,0.6140426993370056,0.22193489968776703,-0.22065599262714386,0.5755900740623474,0.22151489555835724,-0.20099811255931854,0.597012996673584,0.2445705384016037,-0.31655603647232056,0.581958532333374,0.24474124610424042,-0.31091779470443726,0.6521690487861633,0.32175973057746887,-0.137691468000412,0.545064389705658,0.3233107030391693,-0.0876443088054657,0.672211229801178,0.43457233905792236,-0.10892055183649063,0.5170384049415588,0.4309566617012024,-0.02712634578347206,0.6864712834358215,0.5387943983078003,-0.23205268383026123,0.46044716238975525,0.4854561686515808,-0.15660645067691803,0.6886832118034363,0.5740092396736145,-0.266887366771698,0.44371819496154785,0.5004886388778687,-0.1925278902053833,0.6836442351341248,0.5720027089118958,-0.31325218081474304,0.44271859526634216,0.4945889711380005,-0.24413757026195526,0.6809368133544922,0.5632817149162292,-0.2519879937171936,0.4486117959022522,0.4904071092605591,-0.18215802311897278,0.6265510320663452,0.5411967635154724,-0.0019001688342541456,0.5603338479995728,0.5419677495956421,0.0017845280235633254,0.6370000243186951,0.7057989239692688,0.005892138462513685,0.5453466176986694,0.7052527070045471,0.002330479212105274,0.6503890752792358,0.8528866171836853,0.1695665419101715,0.5286413431167603,0.8525217771530151,0.178659588098526,0.6421401500701904,0.8703668713569641,0.1763429045677185,0.5362868905067444,0.8694139719009399,0.18540872633457184,0.6811525225639343,0.9097119569778442,0.01630428247153759,0.5123931169509888,0.9069179892539978,0.02405690774321556
29,drink,a16_s03_e01,0.5863243341445923,0.22529281675815582,-0.3621962368488312,0.5966606140136719,0.21181967854499817,-0.3451134264469147,0.6015852093696594,0.21217890083789825,-0.3451504707336426,0.6055537462234497,0.2125542312860489,-0.34516406059265137,0.5840038061141968,0.21156543493270874,-0.33941298723220825,0.5803406238555908,0.2117576003074646,-0.33946654200553894,0.5769374370574951,0.2121105194091797,-0.33944031596183777,0.614047646522522,0.22189141809940338,-0.2195294201374054,0.5760701894760132,0.22123995423316956,-0.19545798003673553,0.5955097675323486,0.24438384175300598,-0.31452932953834534,0.580988347530365,0.2440386414527893,-0.30760708451271057,0.6524990797042847,0.3215332627296448,-0.13825654983520508,0.5460256338119507,0.3233058750629425,-0.08087696135044098,0.6726261377334595,0.43455857038497925,-0.10981686413288116,0.514975905418396,0.4288817346096039,-0.01822011172771454,0.6864581108093262,0.5387576222419739,-0.2329515665769577,0.45240840315818787,0.4768626093864441,-0.14550432562828064,0.6886417865753174,0.5740125775337219,-0.2689356207847595,0.4358012080192566,0.4894806742668152,-0.18093207478523254,0.6835367679595947,0.571963369846344,-0.31347739696502686,0.4350966811180115,0.4835798442363739,-0.23158082365989685,0.6807900071144104,0.5632158517837524,-0.2525888681411743,0.4409257769584656,0.4803174138069153,-0.17109377682209015,0.6265521049499512,0.5411960482597351,-0.0017605371540412307,0.5604225993156433,0.5418223738670349,0.0016417792066931725,0.6369820237159729,0.7058017253875732,0.006524102296680212,0.5453506708145142,0.7056750059127808,0.0025237994268536568,0.650358259677887,0.8526557683944702,0.1788213551044464,0.528695285320282,0.8526766896247864,0.1808333694934845,0.6421311497688293,0.8700929284095764,0.1866683065891266,0.5362009406089783,0.8693662881851196,0.1879619061946869,0.6811471581459045,0.9096700549125671,0.02777690812945366,0.512763261795044,0.9069756269454956,0.026075368747115135
30,drink,a16_s03_e01,0.5843147039413452,0.22372128069400787,-0.33980101346969604,0.5951428413391113,0.21117740869522095,-0.32209882140159607,0.6003684401512146,0.21161852777004242,-0.3221360146999359,0.604904055595398,0.21211998164653778,-0.3221453130245209,0.5833378434181213,0.21086780726909637,-0.3156934380531311,0.5799686312675476,0.2111179679632187,-0.3157455027103424,0.576773464679718,0.21139492094516754,-0.31570935249328613,0.6138898134231567,0.22160844504833221,-0.19733211398124695,0.5767332315444946,0.22049064934253693,-0.17056770622730255,0.5932625532150269,0.24328431487083435,-0.29294726252555847,0.5795038938522339,0.24206621944904327,-0.28519850969314575,0.6527696847915649,0.3211916983127594,-0.1208236813545227,0.5469189882278442,0.3233054280281067,-0.060257911682128906,0.6730495691299438,0.43408891558647156,-0.10337917506694794,0.513119637966156,0.42736583948135376,-0.01550169475376606,0.6864713430404663,0.5387194752693176,-0.23173263669013977,0.448787122964859,0.4645383656024933,-0.1509931981563568,0.6886359453201294,0.5740155577659607,-0.2680571675300598,0.4311686158180237,0.4726445972919464,-0.192508265376091,0.6834381818771362,0.5719537734985352,-0.3122407793998718,0.43037980794906616,0.46542519330978394,-0.23735837638378143,0.6806733012199402,0.5631925463676453,-0.2514306902885437,0.4365730285644531,0.4632943868637085,-0.17665202915668488,0.6265616416931152,0.5410254597663879,-0.0016708470648154616,0.5606552362442017,0.5410121083259583,0.0015472699888050556,0.636897623538971,0.7053810358047485,0.008002813905477524,0.5454120635986328,0.7057281732559204,-0.0008344364468939602,0.6499369144439697,0.8522958159446716,0.18970748782157898,0.5287100076675415,0.8529640436172485,0.1771630346775055,0.6415208578109741,0.869920015335083,0.19819001853466034,0.5357522964477539,0.8694047331809998,0.18453890085220337,0.681092381477356,0.909542441368103,0.04046352952718735,0.5135769844055176,0.9072037935256958,0.021460674703121185
31,drink,a16_s03_e01,0.582148015499115,0.22165092825889587,-0.2957666516304016,0.5934585928916931,0.20987436175346375,-0.28034165501594543,0.5988693237304688,0.2105080783367157,-0.28037840127944946,0.603965163230896,0.21124084293842316,-0.28037843108177185,0.5823897123336792,0.20953553915023804,-0.2713524401187897,0.5792957544326782,0.20980292558670044,-0.27140188217163086,0.5764880180358887,0.20995546877384186,-0.2713558077812195,0.6136958599090576,0.22118858993053436,-0.1695375293493271,0.5772364735603333,0.21945315599441528,-0.13158710300922394,0.5909537672996521,0.24173162877559662,-0.25448113679885864,0.5778980851173401,0.23985247313976288,-0.24345000088214874,0.6532608270645142,0.32080569863319397,-0.1061420813202858,0.5475367307662964,0.32320988178253174,-0.029557734727859497,0.6735104322433472,0.4335845708847046,-0.0998230054974556,0.5117730498313904,0.4244886636734009,-0.005338137038052082,0.6864755749702454,0.5386717915534973,-0.22808821499347687,0.4451445937156677,0.45207181572914124,-0.1667969524860382,0.6886171698570251,0.5740311145782471,-0.26545169949531555,0.4272502064704895,0.457170307636261,-0.20893791317939758,0.6832723021507263,0.5719549059867859,-0.30563077330589294,0.42600536346435547,0.4488064646720886,-0.2500506043434143,0.6804817318916321,0.5631920099258423,-0.24637973308563232,0.4325488209724426,0.44724348187446594,-0.19110795855522156,0.6265901327133179,0.5409797430038452,-0.001994072925299406,0.5607988834381104,0.5402633547782898,0.0018643889343366027,0.6368434429168701,0.7050334215164185,0.008219875395298004,0.5454209446907043,0.7057494521141052,-0.0025531151331961155,0.6497234106063843,0.8521224856376648,0.18716347217559814,0.5287798643112183,0.8531410098075867,0.16397936642169952,0.6412143111228943,0.869782030582428,0.19475486874580383,0.5356532335281372,0.8694080710411072,0.17020748555660248,0.6810598373413086,0.9094259738922119,0.036641720682382584,0.5139526128768921,0.9074171185493469,0.011873447336256504
32,drink,a16_s03_e01,0.5803853273391724,0.21926778554916382,-0.28407278656959534,0.5921338796615601,0.2081678807735443,-0.2702447175979614,0.5975048542022705,0.2089717835187912,-0.27027255296707153,0.6030060052871704,0.2100636065006256,-0.2702610492706299,0.5816114544868469,0.20773282647132874,-0.2599647045135498,0.5787636637687683,0.20798997581005096,-0.2600235939025879,0.5762930512428284,0.20811818540096283,-0.25998011231422424,0.6134327054023743,0.2208419293165207,-0.1666591465473175,0.5777599215507507,0.21821588277816772,-0.12358204275369644,0.5885200500488281,0.2403515875339508,-0.24561098217964172,0.576622724533081,0.2381359040737152,-0.23310735821723938,0.653827428817749,0.3207338750362396,-0.1049092635512352,0.547662079334259,0.32321375608444214,-0.0274831410497427,0.6739407181739807,0.4334886968135834,-0.099197618663311,0.5089811682701111,0.42266327142715454,-0.00798602681607008,0.6864709854125977,0.5386291146278381,-0.22313757240772247,0.4426998198032379,0.43883514404296875,-0.23656411468982697,0.6885955929756165,0.5740426778793335,-0.2596715986728668,0.4238746762275696,0.44037631154060364,-0.2811639606952667,0.6830504536628723,0.5719578862190247,-0.2978551685810089,0.4230519235134125,0.43043917417526245,-0.32068270444869995,0.6801974773406982,0.5631922483444214,-0.24029472470283508,0.4302555024623871,0.4297916293144226,-0.26026827096939087,0.6266137957572937,0.5409818291664124,-0.0022163118701428175,0.5609498620033264,0.5397619009017944,0.0020711941178888083,0.6368223428726196,0.704952597618103,0.011626718565821648,0.545425295829773,0.7057543992996216,-0.0034935593139380217,0.6495508551597595,0.8520528674125671,0.187677264213562,0.5289798378944397,0.8530101180076599,0.15702129900455475,0.6407493352890015,0.8697167634963989,0.19516423344612122,0.5356530547142029,0.8689855933189392,0.16286775469779968,0.6810128092765808,0.9093633890151978,0.04174230620265007,0.514274001121521,0.9074180722236633,0.006859621964395046
33,drink,a16_s03_e01,0.5781205892562866,0.21773116290569305,-0.27056485414505005,0.589943528175354,0.20681637525558472,-0.2595096230506897,0.5950281620025635,0.2075909823179245,-0.25954076647758484,0.6007894277572632,0.2088731825351715,-0.2595277428627014,0.5802474617958069,0.20621684193611145,-0.2467474490404129,0.5779408812522888,0.20642386376857758,-0.2468055933713913,0.575987696647644,0.20652805268764496,-0.2467590570449829,0.6128832697868347,0.2205270379781723,-0.16721773147583008,0.578370988368988,0.21697399020195007,-0.11309836059808731,0.5854430198669434,0.23941919207572937,-0.23629789054393768,0.5753655433654785,0.23722054064273834,-0.22050075232982635,0.6545090675354004,0.3205157220363617,-0.11018488556146622,0.5478383302688599,0.32318001985549927,-0.015916433185338974,0.6745522618293762,0.4333491325378418,-0.10818833112716675,0.5071479678153992,0.41965022683143616,-0.009206410497426987,0.6866244077682495,0.538438081741333,-0.22628512978553772,0.4405197203159332,0.42224496603012085,-0.25745707750320435,0.6886107325553894,0.5740473866462708,-0.26149246096611023,0.42116841673851013,0.42343810200691223,-0.30123233795166016,0.6829541921615601,0.5719543099403381,-0.2986806035041809,0.41984111070632935,0.41212549805641174,-0.3376927375793457,0.6800862550735474,0.56317538022995,-0.24201509356498718,0.42757415771484375,0.4121984541416168,-0.28025883436203003,0.6267061233520508,0.5409858226776123,-0.0039082057774066925,0.5610918998718262,0.5394362807273865,0.0037545408122241497,0.6367820501327515,0.7049475908279419,0.01302117109298706,0.54544997215271,0.7057556509971619,-0.0034161389339715242,0.6493685841560364,0.8519694209098816,0.187154620885849,0.5291665196418762,0.8528801798820496,0.15232256054878235,0.6404693126678467,0.8696665167808533,0.19443656504154205,0.5356637835502625,0.8687419295310974,0.1576113998889923,0.6808890700340271,0.9093235731124878,0.042423926293849945,0.5145958662033081,0.9074169397354126,0.003711023135110736
34,drink,a16_s03_e01,0.5766583681106567,0.217340886592865,-0.2656936049461365,0.5884283781051636,0.20624123513698578,-0.2570644021034241,0.5933613777160645,0.20692691206932068,-0.25709885358810425,0.5990467071533203,0.20819152891635895,-0.2570938467979431,0.5791526436805725,0.2056865394115448,-0.24191716313362122,0.5772796869277954,0.2058505117893219,-0.24196842312812805,0.5756989121437073,0.20592068135738373,-0.24190875887870789,0.6124758720397949,0.2203785479068756,-0.17310667037963867,0.5788211822509766,0.2164113074541092,-0.10871122032403946,0.5833538174629211,0.23912586271762848,-0.23449909687042236,0.574444591999054,0.23710162937641144,-0.2155689001083374,0.655002236366272,0.3204956650733948,-0.11223933845758438,0.54819256067276,0.3231714069843292,-0.004652184434235096,0.6748701333999634,0.43335992097854614,-0.13188160955905914,0.5040328502655029,0.4172072410583496,-0.013144525699317455,0.6868241429328918,0.5384447574615479,-0.2406100481748581,0.439608097076416,0.40329456329345703,-0.273350328207016,0.6886221170425415,0.5741150379180908,-0.2731579840183258,0.4189349114894867,0.40063992142677307,-0.31570401787757874,0.6828935146331787,0.5719911456108093,-0.30760520696640015,0.4180228114128113,0.3903358578681946,-0.34686025977134705,0.6800209283828735,0.5631905794143677,-0.2549925446510315,0.42637285590171814,0.3909597098827362,-0.29451417922973633,0.6269140839576721,0.5409103035926819,-0.008355794474482536,0.5613119602203369,0.5385592579841614,0.008215494453907013,0.6367527842521667,0.7047550082206726,0.011206990107893944,0.5454468131065369,0.7055280804634094,-0.0019647502340376377,0.64930260181427,0.8519173860549927,0.18044443428516388,0.5295081734657288,0.8525826930999756,0.15003558993339539,0.6403361558914185,0.8696444630622864,0.18714579939842224,0.5358068943023682,0.8683894872665405,0.1547638475894928,0.6808236837387085,0.9093281626701355,0.0403207466006279,0.514801561832428,0.9074002504348755,0.0037080696783959866
35,drink,a16_s03_e01,0.5760918259620667,0.2169506996870041,-0.29387667775154114,0.5877538323402405,0.20560750365257263,-0.2817421555519104,0.5925878286361694,0.20622460544109344,-0.2817753553390503,0.5981108546257019,0.2074572741985321,-0.2817752957344055,0.5787044167518616,0.2050900161266327,-0.27057141065597534,0.5770355463027954,0.2052328884601593,-0.2706223130226135,0.5756149888038635,0.2052941620349884,-0.27057018876075745,0.6122158765792847,0.22019818425178528,-0.21111054718494415,0.5793054103851318,0.21597079932689667,-0.13517668843269348,0.5822141170501709,0.23873305320739746,-0.25305941700935364,0.574004054069519,0.2369009405374527,-0.24285700917243958,0.6555027365684509,0.3204907178878784,-0.16496285796165466,0.5484341382980347,0.32317131757736206,-0.024677209556102753,0.6753581762313843,0.43354034423828125,-0.17644353210926056,0.4996712803840637,0.41482093930244446,-0.017252402380108833,0.6870776414871216,0.5387579798698425,-0.28025156259536743,0.4361131191253662,0.3807040750980377,-0.2487996369600296,0.6886318922042847,0.5744017362594604,-0.30951064825057983,0.41621261835098267,0.37500429153442383,-0.28566569089889526,0.6828259229660034,0.5722078084945679,-0.3458707332611084,0.4163264334201813,0.3653389513492584,-0.3177838921546936,0.679975152015686,0.5633821487426758,-0.2950007915496826,0.4242081642150879,0.366426020860672,-0.26832208037376404,0.6271347403526306,0.5408979058265686,-0.01225226279348135,0.561583399772644,0.5381950736045837,0.012088092975318432,0.6367145776748657,0.7044844031333923,0.011214631609618664,0.5454496741294861,0.7052484750747681,0.005499592050909996,0.6492643356323242,0.8517163395881653,0.1823221743106842,0.5298417806625366,0.8520772457122803,0.15300342440605164,0.6402936577796936,0.86952143907547,0.18937763571739197,0.5360071659088135,0.8678529262542725,0.15849336981773376,0.6807688474655151,0.9093758463859558,0.04278615117073059,0.5151764154434204,0.9073328375816345,0.010513214394450188
36,drink,a16_s03_e01,0.575837254524231,0.21578539907932281,-0.2826860249042511,0.587334394454956,0.20440463721752167,-0.2769940495491028,0.5920377373695374,0.205084428191185,-0.27702808380126953,0.5973553657531738,0.20634546875953674,-0.2770201563835144,0.5785659551620483,0.20374251902103424,-0.2593352198600769,0.5769957304000854,0.20387999713420868,-0.25938016176223755,0.575614333152771,0.20396772027015686,-0.2593208849430084,0.6120189428329468,0.2199941724538803,-0.20964746177196503,0.5800176858901978,0.21527782082557678,-0.12876245379447937,0.5814992785453796,0.23743848502635956,-0.25464653968811035,0.5737203359603882,0.23579366505146027,-0.23332491517066956,0.655746579170227,0.3203762471675873,-0.16381947696208954,0.5486065149307251,0.32318243384361267,-0.017124097794294357,0.6758844256401062,0.4335487186908722,-0.1737717092037201,0.4954960346221924,0.4124656021595001,-0.018323726952075958,0.6873564720153809,0.5388696193695068,-0.27587205171585083,0.4360869824886322,0.36616674065589905,-0.23436331748962402,0.6886919140815735,0.5745894312858582,-0.30377668142318726,0.416050523519516,0.3585840165615082,-0.28075623512268066,0.682813823223114,0.5723255276679993,-0.3401035666465759,0.4171040952205658,0.34785282611846924,-0.2900819480419159,0.6799702644348145,0.5634715557098389,-0.2904832363128662,0.4252055585384369,0.34872812032699585,-0.2626477777957916,0.6271916627883911,0.5409216284751892,-0.013691256754100323,0.5616930723190308,0.5381776690483093,0.013514230027794838,0.6367048621177673,0.7044549584388733,0.008535154163837433,0.5454820394515991,0.7051143646240234,0.01055724173784256,0.6492592096328735,0.8513763546943665,0.18234135210514069,0.5303046703338623,0.8513028621673584,0.1640681028366089,0.6402781009674072,0.8693062663078308,0.18966320157051086,0.5363324880599976,0.8670011758804321,0.17027658224105835,0.6807634830474854,0.9093977212905884,0.04373335838317871,0.5155110359191895,0.9071295261383057,0.028177982196211815
37,drink,a16_s03_e01,0.5756857395172119,0.21531401574611664,-0.2548765540122986,0.5870721340179443,0.20392759144306183,-0.25137147307395935,0.5916467905044556,0.2046836018562317,-0.2513953447341919,0.59669429063797,0.2059554159641266,-0.25137799978256226,0.5785519480705261,0.20299747586250305,-0.23194627463817596,0.5770103931427002,0.20305941998958588,-0.2319965660572052,0.5756450891494751,0.2030918449163437,-0.23194165527820587,0.6117510199546814,0.21998140215873718,-0.1926325261592865,0.5809307098388672,0.21489471197128296,-0.10550658404827118,0.5808830857276917,0.23689237236976624,-0.23133179545402527,0.5735247135162354,0.23529471457004547,-0.2068949043750763,0.6559886336326599,0.32034459710121155,-0.15696199238300323,0.5488992929458618,0.3231012225151062,-0.0039433883503079414,0.6760283708572388,0.43354731798171997,-0.1633969098329544,0.4919528067111969,0.4086303114891052,-0.038236431777477264,0.6876049637794495,0.5388554930686951,-0.26659488677978516,0.43713322281837463,0.3528418242931366,-0.27905815839767456,0.6888785362243652,0.5745939016342163,-0.2948746085166931,0.41669368743896484,0.342105895280838,-0.31798797845840454,0.6828648447990417,0.572320818901062,-0.332130491733551,0.41894346475601196,0.3298388719558716,-0.33467763662338257,0.6800761222839355,0.5634642243385315,-0.28096431493759155,0.4272371232509613,0.33101505041122437,-0.29616430401802063,0.627205491065979,0.5409548878669739,-0.013043436221778393,0.5617679953575134,0.5381324887275696,0.012862958014011383,0.6367043256759644,0.7040601372718811,0.009511066600680351,0.5454839468002319,0.7049189209938049,0.010754652321338654,0.6492451429367065,0.8512107729911804,0.18110361695289612,0.5304726362228394,0.8508411049842834,0.16411951184272766,0.6402584314346313,0.8692147135734558,0.18814928829669952,0.5363366007804871,0.8663689494132996,0.17032498121261597,0.6807266473770142,0.909531831741333,0.0422123484313488,0.5157187581062317,0.906998872756958,0.027441442012786865
38,drink,a16_s03_e01,0.575598418712616,0.21485161781311035,-0.19603031873703003,0.5869783759117126,0.20339319109916687,-0.19249491393566132,0.5914539098739624,0.20425987243652344,-0.1925170123577118,0.5962866544723511,0.2055758535861969,-0.19249969720840454,0.5785935521125793,0.20216389000415802,-0.17190991342067719,0.5770186185836792,0.2021213322877884,-0.17195163667201996,0.5757414698600769,0.20209145545959473,-0.17189203202724457,0.611527144908905,0.21998140215873718,-0.1371694952249527,0.5817064046859741,0.21445788443088531,-0.046976882964372635,0.5803039073944092,0.2361193299293518,-0.17493310570716858,0.5733155012130737,0.2344130575656891,-0.14901426434516907,0.6561146378517151,0.32028836011886597,-0.1069352999329567,0.5492023229598999,0.3223145306110382,0.04069285839796066,0.6761654019355774,0.4335455000400543,-0.14477965235710144,0.48840707540512085,0.40174227952957153,-0.037638381123542786,0.6877692937850952,0.5388492345809937,-0.23989281058311462,0.4382224977016449,0.33563232421875,-0.2975115478038788,0.6890726685523987,0.5745983719825745,-0.2655835449695587,0.4188779890537262,0.3217501640319824,-0.3404587507247925,0.6829025745391846,0.5723236799240112,-0.29626768827438354,0.42072194814682007,0.3089240789413452,-0.3532378077507019,0.6801398992538452,0.563473105430603,-0.2513265013694763,0.42878812551498413,0.3131334185600281,-0.3125156760215759,0.6272016167640686,0.5409449934959412,-0.012915809638798237,0.5619134306907654,0.5379730463027954,0.01274256594479084,0.6367002129554749,0.7039363980293274,0.007996010594069958,0.5455002784729004,0.7048351764678955,0.0096600241959095,0.64925616979599,0.8510330319404602,0.17564919590950012,0.5305019021034241,0.8505698442459106,0.1629094034433365,0.6403053998947144,0.8691360354423523,0.18273022770881653,0.5362424254417419,0.8660930395126343,0.16935494542121887,0.6807224750518799,0.9095728993415833,0.03842633590102196,0.5158834457397461,0.9067184329032898,0.02609139122068882
39,drink,a16_s03_e01,0.5755986571311951,0.21378318965435028,-0.19374336302280426,0.5869596004486084,0.2021757960319519,-0.18958911299705505,0.5913403034210205,0.2032146155834198,-0.18960395455360413,0.5959845781326294,0.2046339362859726,-0.18958435952663422,0.5786317586898804,0.20070688426494598,-0.16970404982566833,0.5771293044090271,0.2005835324525833,-0.1697494238615036,0.5759940147399902,0.20053178071975708,-0.16969797015190125,0.611368715763092,0.2199201136827469,-0.13181093335151672,0.5825928449630737,0.21387901902198792,-0.04523266479372978,0.5799488425254822,0.2344885766506195,-0.1720466911792755,0.5732438564300537,0.23272469639778137,-0.1470451056957245,0.6562049984931946,0.320157915353775,-0.09704719483852386,0.5497359037399292,0.32172587513923645,0.036831244826316833,0.6762732267379761,0.4335508644580841,-0.12842857837677002,0.4861460328102112,0.396353542804718,-0.04687394201755524,0.6878767013549805,0.5388190746307373,-0.2207164317369461,0.43931517004966736,0.32383695244789124,-0.3117787837982178,0.6892142295837402,0.5746023654937744,-0.24561326205730438,0.41972023248672485,0.3060917258262634,-0.3556972146034241,0.6829380989074707,0.5723351240158081,-0.2756054997444153,0.42440271377563477,0.2924647927284241,-0.36709874868392944,0.6801918745040894,0.5634905099868774,-0.23210930824279785,0.4317697584629059,0.29821714758872986,-0.3260119557380676,0.6271971464157104,0.5407424569129944,-0.01240752823650837,0.5619832277297974,0.537658154964447,0.012240182608366013,0.636692225933075,0.7037730813026428,0.007573892828077078,0.5455297231674194,0.7048059105873108,0.009153800085186958,0.6492827534675598,0.8509406447410583,0.17557498812675476,0.5305056571960449,0.8505620360374451,0.1629168838262558,0.6404151916503906,0.8691308498382568,0.18277563154697418,0.5361264944076538,0.8660643100738525,0.1695486456155777,0.680724561214447,0.9095917344093323,0.03814754635095596,0.5159322023391724,0.9066552519798279,0.026999736204743385
40,drink,a16_s03_e01,0.5757704973220825,0.21288946270942688,-0.185403972864151,0.587087869644165,0.20138606429100037,-0.18015772104263306,0.5915073156356812,0.20256440341472626,-0.18017283082008362,0.5961428284645081,0.204088494181633,-0.18015238642692566,0.5789560675621033,0.19960084557533264,-0.16033686697483063,0.577649712562561,0.19936473667621613,-0.16037887334823608,0.5766545534133911,0.19922871887683868,-0.16032323241233826,0.6113715171813965,0.2199047952890396,-0.12087605148553848,0.5838540196418762,0.21320988237857819,-0.03473910689353943,0.57993483543396,0.23320282995700836,-0.1635989099740982,0.5733150243759155,0.23114818334579468,-0.13872145116329193,0.6562870740890503,0.3200762867927551,-0.08818615972995758,0.5501805543899536,0.3209856450557709,0.04428085684776306,0.6763705015182495,0.43366628885269165,-0.11845071613788605,0.48532041907310486,0.3900006115436554,-0.04675500467419624,0.6879134774208069,0.5389556288719177,-0.21197979152202606,0.43947649002075195,0.31022244691848755,-0.3102990686893463,0.6892590522766113,0.5747805833816528,-0.23700746893882751,0.4207289218902588,0.29284489154815674,-0.35444411635398865,0.6829357743263245,0.5725037455558777,-0.2668904960155487,0.42738479375839233,0.2796609103679657,-0.36509495973587036,0.6801900267601013,0.5636708736419678,-0.22356455028057098,0.43506312370300293,0.28380492329597473,-0.3242926001548767,0.6271959543228149,0.5406561493873596,-0.012049796059727669,0.5619960427284241,0.5375442504882812,0.011885223910212517,0.6366888284683228,0.7038143873214722,0.0045110615901649,0.5455324053764343,0.7047953009605408,0.006199769675731659,0.6494384407997131,0.8509647846221924,0.17560996115207672,0.530525267124176,0.8505417704582214,0.16242390871047974,0.6407380104064941,0.8692203164100647,0.18296590447425842,0.5361320376396179,0.865985095500946,0.16932079195976257,0.6808431148529053,0.9096542596817017,0.037971027195453644,0.5160728693008423,0.906653106212616,0.026040207594633102
41,drink,a16_s03_e01,0.5758939981460571,0.21146909892559052,-0.19635263085365295,0.5871855020523071,0.20025582611560822,-0.19123975932598114,0.5916231870651245,0.20155015587806702,-0.19124749302864075,0.5962138772010803,0.20316411554813385,-0.19122742116451263,0.5793986916542053,0.1983252912759781,-0.17116595804691315,0.5782917737960815,0.1980423629283905,-0.17121168971061707,0.5774258375167847,0.1978810727596283,-0.17115677893161774,0.6113712191581726,0.2198013961315155,-0.13206343352794647,0.5853637456893921,0.21247905492782593,-0.04518204182386398,0.5797683000564575,0.2316548228263855,-0.17483463883399963,0.5733664035797119,0.22933046519756317,-0.14965346455574036,0.6563063859939575,0.3200703263282776,-0.09505326300859451,0.5504634976387024,0.3206366002559662,0.03364099934697151,0.6764677166938782,0.4338134229183197,-0.11934266984462738,0.48312506079673767,0.3823305070400238,-0.05923115089535713,0.6879249811172485,0.5389758944511414,-0.20778587460517883,0.4425799250602722,0.3001677393913269,-0.3194074332714081,0.689291775226593,0.5749167203903198,-0.2312043458223343,0.42603373527526855,0.27896928787231445,-0.3631010353565216,0.6829243302345276,0.572586178779602,-0.26058289408683777,0.4338558614253998,0.2677654027938843,-0.3704398572444916,0.6801236867904663,0.5637550354003906,-0.21905012428760529,0.44131118059158325,0.2722095251083374,-0.33200424909591675,0.6271721124649048,0.5406295657157898,-0.011386776342988014,0.5619990229606628,0.5374654531478882,0.011195426806807518,0.6366115212440491,0.7038810849189758,0.004174937028437853,0.54555743932724,0.7047892808914185,0.00260531366802752,0.6494996547698975,0.8510026931762695,0.17856845259666443,0.5305458307266235,0.8504934310913086,0.16242434084415436,0.6408790349960327,0.8693481683731079,0.1868172585964203,0.5361594557762146,0.8658800721168518,0.1693938970565796,0.6809003353118896,0.9096652269363403,0.041079141199588776,0.5161182284355164,0.9067001342773438,0.025501683354377747
42,drink,a16_s03_e01,0.5759167075157166,0.21133799850940704,-0.21354393661022186,0.5874089598655701,0.20025509595870972,-0.20822736620903015,0.5917133688926697,0.2015753835439682,-0.20823237299919128,0.5962367057800293,0.20320020616054535,-0.20821765065193176,0.5800675749778748,0.19819587469100952,-0.1886160969734192,0.5790315270423889,0.19787679612636566,-0.18866296112537384,0.5781862735748291,0.1976783126592636,-0.18860459327697754,0.6114527583122253,0.2198985517024994,-0.14412441849708557,0.5861523747444153,0.21231700479984283,-0.06207197159528732,0.57992023229599,0.23143300414085388,-0.1910565048456192,0.5733906030654907,0.22893324494361877,-0.16656708717346191,0.6563220620155334,0.3200671076774597,-0.09711570292711258,0.5506964325904846,0.3201771080493927,0.021924661472439766,0.6764921545982361,0.4338145852088928,-0.12741319835186005,0.4812142252922058,0.37634792923927307,-0.07482712715864182,0.6879100203514099,0.5393683314323425,-0.21085700392723083,0.44598931074142456,0.2877350151538849,-0.3255120515823364,0.6892786622047424,0.5752435922622681,-0.2331835925579071,0.4341120719909668,0.26300257444381714,-0.36861473321914673,0.6828222274780273,0.5729102492332458,-0.2623479664325714,0.4405512809753418,0.2545541524887085,-0.37263306975364685,0.6799142956733704,0.5641018748283386,-0.2219981700181961,0.44652119278907776,0.26077476143836975,-0.3367425799369812,0.6271709203720093,0.5404632687568665,-0.011172333732247353,0.562022864818573,0.5370950698852539,0.010985029861330986,0.6364771127700806,0.703894853591919,0.004515527747571468,0.5455948114395142,0.7045833468437195,0.0025935559533536434,0.6495410203933716,0.8510370850563049,0.1783403903245926,0.530549168586731,0.8504095673561096,0.1596202552318573,0.6409989595413208,0.8694899678230286,0.18648508191108704,0.5362735986709595,0.8658080697059631,0.1665232926607132,0.6810002326965332,0.9096670150756836,0.04065611585974693,0.5161106586456299,0.9067679643630981,0.023573845624923706
43,drink,a16_s03_e01,0.5760956406593323,0.21111823618412018,-0.21542342007160187,0.5878018140792847,0.20007766783237457,-0.21611614525318146,0.5919853448867798,0.20141510665416718,-0.21605320274829865,0.5964495539665222,0.20305530726909637,-0.2160300761461258,0.5808765292167664,0.19797620177268982,-0.19045963883399963,0.5798863768577576,0.19764849543571472,-0.19054637849330902,0.5790409445762634,0.1974455565214157,-0.19049260020256042,0.6116393804550171,0.21989794075489044,-0.16623342037200928,0.5870149731636047,0.21214056015014648,-0.07443463802337646,0.5800946950912476,0.23128511011600494,-0.2031308114528656,0.5735754370689392,0.22860683500766754,-0.17398828268051147,0.6563297510147095,0.3200906217098236,-0.11890093982219696,0.5506755709648132,0.3199061155319214,-2.301983658981044e-05,0.6764727830886841,0.4338081479072571,-0.13745653629302979,0.47841304540634155,0.3692370653152466,-0.10311289876699448,0.6876600980758667,0.5395409464836121,-0.21169808506965637,0.45057862997055054,0.2765885293483734,-0.3435001075267792,0.6890606880187988,0.5754233002662659,-0.23228159546852112,0.4415653347969055,0.25041452050209045,-0.3858793377876282,0.6824269890785217,0.5731054544448853,-0.26094430685043335,0.4473423957824707,0.2425583451986313,-0.38655713200569153,0.6792665123939514,0.5643278956413269,-0.22249622642993927,0.4525011479854584,0.24998997151851654,-0.3530716001987457,0.6270692944526672,0.540418803691864,-0.009648076258599758,0.5619041919708252,0.5369331240653992,0.009395727887749672,0.6363421082496643,0.7040301561355591,0.010427519679069519,0.54560387134552,0.7044113874435425,0.0016838771989569068,0.6495500802993774,0.8511640429496765,0.18159601092338562,0.5305505990982056,0.8502582907676697,0.15551629662513733,0.6410818696022034,0.8696873188018799,0.18943259119987488,0.5363239049911499,0.8657203316688538,0.16235920786857605,0.6810548305511475,0.909669041633606,0.04418052360415459,0.5159643292427063,0.9068320989608765,0.018879670649766922
44,drink,a16_s03_e01,0.5766753554344177,0.21062567830085754,-0.2438652217388153,0.5885336399078369,0.19973546266555786,-0.24087922275066376,0.5926350355148315,0.2011222392320633,-0.24083228409290314,0.5970926880836487,0.20281751453876495,-0.240809828042984,0.58195561170578,0.19760364294052124,-0.21964776515960693,0.5809829831123352,0.19728446006774902,-0.2197282314300537,0.5801108479499817,0.19710491597652435,-0.2196839153766632,0.6120150685310364,0.2198987752199173,-0.1834656000137329,0.5877098441123962,0.211958110332489,-0.0985783115029335,0.5801719427108765,0.23078756034374237,-0.2251371443271637,0.5740568041801453,0.22789695858955383,-0.1996791809797287,0.6563374996185303,0.3201090693473816,-0.1324232518672943,0.5503674745559692,0.31939852237701416,-0.020403089001774788,0.6764705777168274,0.4338047206401825,-0.14345857501029968,0.4770734906196594,0.3643653094768524,-0.12222728878259659,0.6869841814041138,0.5395523905754089,-0.21235665678977966,0.4553542137145996,0.26666614413261414,-0.3547464609146118,0.6885842680931091,0.5754278898239136,-0.2322322428226471,0.4480665624141693,0.23975498974323273,-0.39730727672576904,0.6816567182540894,0.5731094479560852,-0.260855108499527,0.45368003845214844,0.23132602870464325,-0.3954332172870636,0.6781534552574158,0.5643320083618164,-0.22307464480400085,0.45845121145248413,0.24010975658893585,-0.36313119530677795,0.6270396113395691,0.5403539538383484,-0.007268944289535284,0.5617460608482361,0.5367527604103088,0.006957524456083775,0.6362680196762085,0.7044356465339661,0.014386603608727455,0.5456067323684692,0.7044030427932739,0.0014990505296736956,0.6495458483695984,0.8514101505279541,0.18604972958564758,0.5305873155593872,0.8502031564712524,0.1561601310968399,0.6410930752754211,0.8699542284011841,0.19379733502864838,0.5365020036697388,0.8656715750694275,0.16297973692417145,0.6810926795005798,0.9096754789352417,0.04838131368160248,0.5158689022064209,0.9070628881454468,0.0189431793987751
45,drink,a16_s03_e01,0.5778919458389282,0.20971232652664185,-0.2486768513917923,0.5897117257118225,0.1993904560804367,-0.24463526904582977,0.5935903787612915,0.20082075893878937,-0.24459867179393768,0.5979044437408447,0.20256294310092926,-0.24457797408103943,0.5837360620498657,0.19721724092960358,-0.22427842020988464,0.5828701257705688,0.19690059125423431,-0.2243507206439972,0.5820611715316772,0.19675180315971375,-0.22430989146232605,0.6123775839805603,0.21989917755126953,-0.18620607256889343,0.5893770456314087,0.2117527574300766,-0.10162679851055145,0.5806935429573059,0.229263037443161,-0.22863328456878662,0.5750075578689575,0.2262505739927292,-0.20378842949867249,0.656387209892273,0.32010748982429504,-0.13615860044956207,0.5498141050338745,0.3181789219379425,-0.02228235825896263,0.6765005588531494,0.43397051095962524,-0.14411470293998718,0.47558289766311646,0.3581162393093109,-0.12131229788064957,0.686038613319397,0.5414644479751587,-0.2068900763988495,0.45974597334861755,0.25703316926956177,-0.3439457416534424,0.6875299215316772,0.5763075351715088,-0.22519445419311523,0.4532596170902252,0.22904464602470398,-0.3859318494796753,0.6801899671554565,0.5740050077438354,-0.2538317143917084,0.45956915616989136,0.22155769169330597,-0.3822011649608612,0.6765375733375549,0.5652598738670349,-0.2174186408519745,0.4644505977630615,0.23129694163799286,-0.35131505131721497,0.6269903182983398,0.5403363704681396,-0.0062364679761230946,0.5615278482437134,0.5364596843719482,0.005899783223867416,0.6361926794052124,0.704745888710022,0.016657983884215355,0.5456101894378662,0.7043149471282959,0.0015879292041063309,0.6495538949966431,0.8516128063201904,0.19055534899234772,0.5305973291397095,0.8501688241958618,0.15753665566444397,0.6412556767463684,0.8702580332756042,0.19848719239234924,0.5366595983505249,0.8656445741653442,0.16490516066551208,0.6811825037002563,0.9096869826316833,0.0530204102396965,0.5156975984573364,0.9070963263511658,0.021221907809376717
46,drink,a16_s03_e01,0.5792973637580872,0.20940904319286346,-0.24783936142921448,0.5914438366889954,0.19927042722702026,-0.24261169135570526,0.595375657081604,0.20068886876106262,-0.24255459010601044,0.5997000932693481,0.20243030786514282,-0.24252453446388245,0.5851935148239136,0.19715075194835663,-0.22294537723064423,0.5842080116271973,0.19685320556163788,-0.22302107512950897,0.5832588076591492,0.19672639667987823,-0.22298279404640198,0.6132415533065796,0.21989883482456207,-0.1830255538225174,0.5900430083274841,0.2115362286567688,-0.10096384584903717,0.5818237662315369,0.22866429388523102,-0.22819069027900696,0.5759974718093872,0.22566595673561096,-0.20357389748096466,0.6564478874206543,0.3201476037502289,-0.12986555695533752,0.5491317510604858,0.31636741757392883,-0.018175240606069565,0.6763699054718018,0.43418195843696594,-0.13615742325782776,0.4748607277870178,0.35416537523269653,-0.11901094764471054,0.684611439704895,0.5424163937568665,-0.1997232586145401,0.4630938172340393,0.2545201778411865,-0.3416913151741028,0.6864171028137207,0.5769211649894714,-0.2196553498506546,0.4574662148952484,0.22820982336997986,-0.38534945249557495,0.6782199144363403,0.574670135974884,-0.24844475090503693,0.4639088213443756,0.21928671002388,-0.37988123297691345,0.6742667555809021,0.5658255815505981,-0.2105099856853485,0.4683367609977722,0.22784946858882904,-0.3485947847366333,0.6269487738609314,0.5403336882591248,-0.00423453189432621,0.5612975358963013,0.5361936688423157,0.0038903001695871353,0.6360305547714233,0.7049223780632019,0.016995765268802643,0.5456134080886841,0.7040568590164185,0.001355901244096458,0.6495544910430908,0.8518356084823608,0.19149678945541382,0.5306074619293213,0.8500108122825623,0.16034568846225739,0.6413254737854004,0.8704937100410461,0.19949190318584442,0.5366881489753723,0.8654929399490356,0.16855743527412415,0.6812212467193604,0.9096880555152893,0.05285866931080818,0.5156866312026978,0.9071064591407776,0.023895462974905968
47,drink,a16_s03_e01,0.5800696611404419,0.20893780887126923,-0.22774584591388702,0.5920661091804504,0.19911672174930573,-0.22113975882530212,0.5959538221359253,0.2005390226840973,-0.22110974788665771,0.6002972722053528,0.20228272676467896,-0.2210894525051117,0.5860316753387451,0.19702553749084473,-0.20159991085529327,0.5851529836654663,0.1967402994632721,-0.2016562521457672,0.5843147039413452,0.19663256406784058,-0.2016066312789917,0.6137524843215942,0.21989861130714417,-0.15820831060409546,0.5910700559616089,0.21130633354187012,-0.0741395652294159,0.5825158953666687,0.22774949669837952,-0.20602889358997345,0.5768553018569946,0.22466839849948883,-0.18158814311027527,0.6565546989440918,0.3201444745063782,-0.1138654351234436,0.5486173629760742,0.315151572227478,0.0033250153064727783,0.6763151288032532,0.43441253900527954,-0.12634137272834778,0.4739748537540436,0.34735366702079773,-0.1059333086013794,0.6831153631210327,0.5434330105781555,-0.19077624380588531,0.46810945868492126,0.2457154542207718,-0.325727641582489,0.6853002309799194,0.5778815746307373,-0.21201753616333008,0.46403980255126953,0.21723122894763947,-0.37166839838027954,0.676334798336029,0.5756737589836121,-0.2410985678434372,0.47056588530540466,0.21108032763004303,-0.3528290390968323,0.6721493005752563,0.5666225552558899,-0.2017720490694046,0.4742119312286377,0.2203822135925293,-0.32727953791618347,0.6269310712814331,0.5403238534927368,-0.0036444836296141148,0.561163067817688,0.5361102223396301,0.0033203107304871082,0.6359137892723083,0.7049993872642517,0.016546934843063354,0.5456081628799438,0.7038401365280151,0.00044517024070955813,0.6495550870895386,0.8519890904426575,0.1931150257587433,0.5306030511856079,0.8499431014060974,0.16379669308662415,0.6413684487342834,0.8706880211830139,0.20139780640602112,0.5366910696029663,0.8654735684394836,0.17230224609375,0.6812483072280884,0.9096871614456177,0.052696000784635544,0.5155529975891113,0.9071595072746277,0.02611277624964714
48,drink,a16_s03_e01,0.5811643600463867,0.20804311335086823,-0.24604451656341553,0.5929805040359497,0.19876956939697266,-0.23704782128334045,0.5969093441963196,0.20022810995578766,-0.2370055615901947,0.6013146638870239,0.20202359557151794,-0.23697519302368164,0.586904764175415,0.19671456515789032,-0.21872515976428986,0.5860232710838318,0.19646985828876495,-0.2187895029783249,0.5851985812187195,0.1964053362607956,-0.21875104308128357,0.6145108938217163,0.2198931872844696,-0.1641937643289566,0.5918833613395691,0.2109706699848175,-0.08484812825918198,0.5837775468826294,0.22668981552124023,-0.22079229354858398,0.5778329968452454,0.22348658740520477,-0.1981450468301773,0.6567219495773315,0.3201667368412018,-0.11466534435749054,0.5483380556106567,0.31451499462127686,-0.009765958413481712,0.6762753129005432,0.43535417318344116,-0.1257718801498413,0.4731241762638092,0.3436634838581085,-0.12145676463842392,0.6819983720779419,0.545657753944397,-0.19283613562583923,0.4742642045021057,0.23940052092075348,-0.34096163511276245,0.6842067241668701,0.5795806050300598,-0.21459253132343292,0.470736563205719,0.21086570620536804,-0.38772910833358765,0.6748615503311157,0.5774548053741455,-0.24501720070838928,0.47772184014320374,0.20586149394512177,-0.3736666738986969,0.670648455619812,0.5680757164955139,-0.2044297754764557,0.4813508093357086,0.21463564038276672,-0.34516528248786926,0.626929759979248,0.5405319333076477,-0.0014510839246213436,0.5611231923103333,0.5361587405204773,0.0011180322617292404,0.6357653141021729,0.705442488193512,0.023451674729585648,0.5456036925315857,0.7038367986679077,0.00048401689855381846,0.6495786905288696,0.8520269393920898,0.22276556491851807,0.5305992960929871,0.8498603105545044,0.17769643664360046,0.6414600014686584,0.87076336145401,0.23302657902240753,0.5367016792297363,0.8654380440711975,0.18732833862304688,0.6812662482261658,0.9096853733062744,0.08071251213550568,0.5155192017555237,0.907178521156311,0.03685690090060234
49,drink,a16_s03_e01,0.5824607014656067,0.2061288058757782,-0.24453480541706085,0.594032883644104,0.19774384796619415,-0.23489642143249512,0.5980000495910645,0.19923098385334015,-0.23485438525676727,0.6023790836334229,0.20109917223453522,-0.23482349514961243,0.5878627896308899,0.19581250846385956,-0.21668322384357452,0.5869136452674866,0.19567926228046417,-0.21674653887748718,0.5860511064529419,0.19573388993740082,-0.21671128273010254,0.6151431798934937,0.219684436917305,-0.1621934026479721,0.5924645662307739,0.2105214148759842,-0.08367747813463211,0.5851964950561523,0.22481630742549896,-0.21930988132953644,0.5788424015045166,0.22164197266101837,-0.19686643779277802,0.6567981839179993,0.3202466666698456,-0.11267735809087753,0.5481107831001282,0.31386008858680725,-0.009461518377065659,0.6761444807052612,0.43574827909469604,-0.12100555747747421,0.4728125035762787,0.3391643464565277,-0.11979825794696808,0.6810845732688904,0.5462464094161987,-0.18795917928218842,0.4791390001773834,0.2316976636648178,-0.3381754457950592,0.6832954287528992,0.5801122188568115,-0.2097206860780716,0.47670722007751465,0.2048417627811432,-0.38444894552230835,0.6738374829292297,0.5780154466629028,-0.24041736125946045,0.48343005776405334,0.20026877522468567,-0.3729496896266937,0.6696164608001709,0.5685448050498962,-0.19965936243534088,0.4866318702697754,0.20855039358139038,-0.3433985710144043,0.6269192695617676,0.540738046169281,-0.0004675498348660767,0.5610337853431702,0.5362050533294678,0.0001432440767530352,0.635625422000885,0.7058836221694946,0.02857862412929535,0.5455598831176758,0.7038282752037048,0.0002483908028807491,0.6495897769927979,0.8520256280899048,0.23230814933776855,0.5306079387664795,0.8497178554534912,0.17755618691444397,0.6414856314659119,0.8707647323608398,0.24285951256752014,0.5367348790168762,0.865386426448822,0.186842143535614,0.6812683939933777,0.9096719622612,0.09119869768619537,0.515485405921936,0.9071810245513916,0.03647678345441818
50,drink,a16_s03_e01,0.583715558052063,0.20535166561603546,-0.23362454771995544,0.5951300859451294,0.19727416336536407,-0.22636966407299042,0.5990490913391113,0.19874145090579987,-0.2263355702161789,0.6032834649085999,0.20059774816036224,-0.22631016373634338,0.5890337228775024,0.19548171758651733,-0.20664426684379578,0.5880612134933472,0.19540715217590332,-0.20670029520988464,0.5871983766555786,0.19551044702529907,-0.20666542649269104,0.6155890226364136,0.21949748694896698,-0.16077770292758942,0.5933248996734619,0.21031218767166138,-0.0767822414636612,0.5864986777305603,0.22414056956768036,-0.21126718819141388,0.579938530921936,0.22095315158367157,-0.1868159919977188,0.6569079160690308,0.3202489912509918,-0.11364543437957764,0.5480760335922241,0.31329652667045593,-0.003352064173668623,0.6758919358253479,0.43588003516197205,-0.12247313559055328,0.4732264578342438,0.3344426453113556,-0.11199551820755005,0.6805421113967896,0.5462448596954346,-0.19029922783374786,0.48270267248153687,0.22576181590557098,-0.32771340012550354,0.6828590035438538,0.5803061723709106,-0.21182648837566376,0.4810926020145416,0.19903774559497833,-0.37341099977493286,0.6733130812644958,0.578095018863678,-0.2425171136856079,0.4881777763366699,0.19551052153110504,-0.35524752736091614,0.668959379196167,0.5686472058296204,-0.2019314020872116,0.4915243089199066,0.20403894782066345,-0.33005574345588684,0.626872181892395,0.54097580909729,-0.0007729217177256942,0.5609796047210693,0.536277711391449,0.00045756110921502113,0.6354750394821167,0.706142008304596,0.027041178196668625,0.5455194711685181,0.7038248181343079,0.00020355521701276302,0.6496493816375732,0.8518663048744202,0.2287939041852951,0.530609130859375,0.849689245223999,0.17584221065044403,0.6416481733322144,0.8705511689186096,0.2393185794353485,0.5367380380630493,0.8653839230537415,0.1847592294216156,0.6811891794204712,0.9095483422279358,0.08877845108509064,0.5154322385787964,0.907177746295929,0.03542689234018326
51,drink,a16_s03_e01,0.5846446752548218,0.20415090024471283,-0.22792334854602814,0.5960503816604614,0.19633536040782928,-0.2222248613834381,0.599836528301239,0.19773659110069275,-0.2221948206424713,0.603862464427948,0.19953367114067078,-0.222169429063797,0.5900764465332031,0.1947876363992691,-0.20114865899085999,0.5890561938285828,0.1948263794183731,-0.2011958360671997,0.5881506204605103,0.1950320601463318,-0.2011607140302658,0.6158427000045776,0.21891681849956512,-0.16127122938632965,0.5944239497184753,0.20996123552322388,-0.07234147936105728,0.5872966051101685,0.22277645766735077,-0.20757818222045898,0.5807073712348938,0.21979574859142303,-0.18136879801750183,0.656982958316803,0.3202260434627533,-0.115683414041996,0.5481386184692383,0.312420517206192,0.0013534920290112495,0.6757424473762512,0.435921847820282,-0.12674503028392792,0.4735816419124603,0.3310321867465973,-0.11144544184207916,0.6800987720489502,0.5467275381088257,-0.19292235374450684,0.48804789781570435,0.22233431041240692,-0.3103422522544861,0.6822922229766846,0.5808694362640381,-0.21450838446617126,0.4863663613796234,0.19494949281215668,-0.35397905111312866,0.672455906867981,0.5785138607025146,-0.2451598197221756,0.4947001338005066,0.19287849962711334,-0.3366950452327728,0.6681167483329773,0.5690275430679321,-0.20449335873126984,0.49900707602500916,0.20193178951740265,-0.31290650367736816,0.6267931461334229,0.5411129593849182,-0.0008620518492534757,0.5609263181686401,0.5363475680351257,0.0005606043851003051,0.6353479623794556,0.706244170665741,0.02759358659386635,0.5454510450363159,0.7038334608078003,0.002389833563938737,0.6497000455856323,0.8516773581504822,0.23649366199970245,0.5306296944618225,0.8495618104934692,0.1830873340368271,0.641769289970398,0.870397686958313,0.24789313971996307,0.5368277430534363,0.8653170466423035,0.192672461271286,0.6811126470565796,0.9094727635383606,0.0981626808643341,0.5153366327285767,0.9071824550628662,0.04478719085454941
52,drink,a16_s03_e01,0.5860084891319275,0.20409300923347473,-0.22467145323753357,0.5974589586257935,0.19637121260166168,-0.21814818680286407,0.6012501120567322,0.19777947664260864,-0.21811489760875702,0.6050971150398254,0.19956961274147034,-0.2180907428264618,0.5913124084472656,0.194833904504776,-0.19786497950553894,0.5902002453804016,0.19486594200134277,-0.19791308045387268,0.5892120003700256,0.1950450986623764,-0.19788192212581635,0.6163651347160339,0.21891923248767853,-0.1560342162847519,0.5946708917617798,0.21008051931858063,-0.0688541829586029,0.5887269973754883,0.22271324694156647,-0.20333197712898254,0.5818108320236206,0.21972273290157318,-0.17806416749954224,0.6571891903877258,0.3202129006385803,-0.10931845009326935,0.5481500029563904,0.31194832921028137,0.002300137421116233,0.6757398843765259,0.4364248812198639,-0.11675141751766205,0.47361326217651367,0.3279675543308258,-0.10750832408666611,0.6796441078186035,0.5474541783332825,-0.17911402881145477,0.4912134110927582,0.2197512984275818,-0.295136958360672,0.6817903518676758,0.5814048647880554,-0.1999836564064026,0.49140477180480957,0.1933354288339615,-0.3389749526977539,0.6716882586479187,0.578816831111908,-0.2308797389268875,0.500285267829895,0.19183111190795898,-0.3233793377876282,0.6673318147659302,0.5693220496177673,-0.1907450258731842,0.5037607550621033,0.20044656097888947,-0.2983396649360657,0.6267392039299011,0.5412293076515198,-0.0005976738757453859,0.5608272552490234,0.5363655686378479,0.0002841057430487126,0.6349883079528809,0.7065017819404602,0.028373951092362404,0.5453831553459167,0.7038926482200623,0.0017202127492055297,0.6497235298156738,0.8514586687088013,0.24029609560966492,0.5306312441825867,0.8495030999183655,0.1819727122783661,0.6419383883476257,0.8701456189155579,0.2521260678768158,0.5368875861167908,0.8652967214584351,0.19168278574943542,0.6809438467025757,0.9093660116195679,0.10156011581420898,0.5151638388633728,0.9072023034095764,0.04284634441137314
53,drink,a16_s03_e01,0.5891724228858948,0.20418977737426758,-0.22818060219287872,0.6009427309036255,0.1969468742609024,-0.22023633122444153,0.6047531366348267,0.1985543817281723,-0.22019067406654358,0.6084362268447876,0.20041459798812866,-0.220172718167305,0.5937360525131226,0.1951683908700943,-0.19993680715560913,0.5923627614974976,0.19522227346897125,-0.19997046887874603,0.5911318063735962,0.1954025775194168,-0.19995087385177612,0.6181216835975647,0.2198149561882019,-0.1572139412164688,0.595126748085022,0.21034863591194153,-0.0715225487947464,0.5922560691833496,0.22291921079158783,-0.20503506064414978,0.5839176774024963,0.2198905199766159,-0.17983977496623993,0.6573365926742554,0.32024699449539185,-0.11030562222003937,0.5484004020690918,0.31143292784690857,0.0022555519826710224,0.6757435202598572,0.43695276975631714,-0.11467786133289337,0.4738488793373108,0.3231465220451355,-0.08809375017881393,0.6792432069778442,0.5480988025665283,-0.17702139914035797,0.4952632784843445,0.21848827600479126,-0.26645198464393616,0.6812053918838501,0.5819791555404663,-0.1984955370426178,0.49591875076293945,0.1928386092185974,-0.3091934025287628,0.6709696650505066,0.5790418982505798,-0.23038442432880402,0.5057011842727661,0.19074802100658417,-0.29546868801116943,0.6666569113731384,0.569524884223938,-0.18907517194747925,0.5091549754142761,0.19947320222854614,-0.2702711820602417,0.6267225742340088,0.5414353609085083,-0.0007354036788456142,0.5607735514640808,0.5364893078804016,0.00042538935667835176,0.6347874402999878,0.7068097591400146,0.027369987219572067,0.545316219329834,0.7040426135063171,0.0018269114661961794,0.6498451828956604,0.8512645363807678,0.23721089959144592,0.5305712819099426,0.8495026230812073,0.18597200512886047,0.642387866973877,0.8700405955314636,0.24898216128349304,0.536859393119812,0.8652925491333008,0.19610443711280823,0.6808362007141113,0.9093356728553772,0.09654827415943146,0.5147479176521301,0.9072086215019226,0.04520630091428757
54,drink,a16_s03_e01,0.5912433862686157,0.2043132781982422,-0.2197956144809723,0.6031584143638611,0.1970941573381424,-0.21197371184825897,0.6069428324699402,0.19881124794483185,-0.21194219589233398,0.6106038093566895,0.20073756575584412,-0.21193401515483856,0.5953667163848877,0.19519786536693573,-0.19182120263576508,0.5938498377799988,0.19525210559368134,-0.19184887409210205,0.5925129652023315,0.19543194770812988,-0.1918150931596756,0.6198028326034546,0.22019250690937042,-0.14720064401626587,0.5958970785140991,0.21035990118980408,-0.060354869812726974,0.5945941209793091,0.22295397520065308,-0.19697287678718567,0.5853868722915649,0.21976487338542938,-0.17188245058059692,0.6574767231941223,0.32027000188827515,-0.10371728986501694,0.5488678216934204,0.3110906481742859,0.017200756818056107,0.6757233142852783,0.43738284707069397,-0.1065564975142479,0.47399553656578064,0.31944534182548523,-0.057549238204956055,0.6788759827613831,0.5491309762001038,-0.16483253240585327,0.49984079599380493,0.2146167755126953,-0.22237399220466614,0.6806946396827698,0.5828018188476562,-0.18634545803070068,0.502158522605896,0.1898757666349411,-0.26276808977127075,0.6703292727470398,0.5797361135482788,-0.21831564605236053,0.5121462345123291,0.18880267441272736,-0.24844340980052948,0.6660858392715454,0.5701483488082886,-0.17681238055229187,0.5146303176879883,0.19768133759498596,-0.2257460653781891,0.6267208456993103,0.5415248274803162,-0.0009612019057385623,0.5607696771621704,0.5364863872528076,0.0006550959660671651,0.6347627639770508,0.70747309923172,0.023426225408911705,0.5452889204025269,0.704228937625885,0.0013522712979465723,0.6500606536865234,0.8512679934501648,0.23241758346557617,0.5305197834968567,0.8496025800704956,0.1851716935634613,0.6428794860839844,0.8700671792030334,0.24389055371284485,0.5368524193763733,0.8654581904411316,0.19516049325466156,0.68083256483078,0.9093835949897766,0.09156083315610886,0.5140758752822876,0.9072293639183044,0.04411376267671585
55,drink,a16_s03_e01,0.5922699570655823,0.20440690219402313,-0.2160377949476242,0.6041793823242188,0.1973513662815094,-0.20864292979240417,0.6079617142677307,0.1991712599992752,-0.20861732959747314,0.611656129360199,0.20113319158554077,-0.20861348509788513,0.5963112115859985,0.19531415402889252,-0.18821047246456146,0.5947914719581604,0.19537971913814545,-0.1882336288690567,0.593461275100708,0.19556136429309845,-0.18819865584373474,0.6207711696624756,0.22058233618736267,-0.14519819617271423,0.5965080857276917,0.21041062474250793,-0.05668311566114426,0.5953169465065002,0.22298501431941986,-0.19389845430850983,0.5862489938735962,0.21967989206314087,-0.1684083193540573,0.6575811505317688,0.3204393982887268,-0.10235834121704102,0.5495269894599915,0.3108450472354889,0.020544515922665596,0.6757040619850159,0.43792402744293213,-0.10567983239889145,0.4741207957267761,0.3157370388507843,-0.04503641277551651,0.6787486672401428,0.5508131384849548,-0.16325071454048157,0.5040895342826843,0.21161025762557983,-0.1982622593641281,0.6803379058837891,0.584257960319519,-0.18466554582118988,0.5066898465156555,0.1866927146911621,-0.23699438571929932,0.6698835492134094,0.5811660885810852,-0.21659520268440247,0.5166506767272949,0.1863568127155304,-0.22263845801353455,0.6657467484474182,0.571366548538208,-0.17517821490764618,0.5189551115036011,0.19604544341564178,-0.2012936770915985,0.6267117261886597,0.5417286157608032,-0.0010587286669760942,0.5607587695121765,0.5364750623703003,0.0007542750099673867,0.6346047520637512,0.7080085873603821,0.0231774989515543,0.5452801585197449,0.704281210899353,0.0004651120398193598,0.6501358151435852,0.8512752652168274,0.2362595498561859,0.5304802060127258,0.8495593667030334,0.18629631400108337,0.6430304050445557,0.8700665235519409,0.2485593855381012,0.5367997288703918,0.8654173016548157,0.1967024803161621,0.6807616949081421,0.9093843102455139,0.0947738066315651,0.5139995813369751,0.907128095626831,0.045068662613630295
56,drink,a16_s03_e01,0.5934848785400391,0.20457413792610168,-0.21921825408935547,0.6051098704338074,0.1979992538690567,-0.2121427357196808,0.6088234186172485,0.1998615711927414,-0.21211901307106018,0.6124780774116516,0.20180156826972961,-0.21211020648479462,0.5972163677215576,0.19582709670066833,-0.1920469105243683,0.5956642627716064,0.19590407609939575,-0.1920793205499649,0.5942944288253784,0.19607971608638763,-0.1920415163040161,0.621605396270752,0.22114083170890808,-0.14728286862373352,0.5969033241271973,0.2107003778219223,-0.0611761212348938,0.5965447425842285,0.22304536402225494,-0.1968885362148285,0.587303876876831,0.21976488828659058,-0.17180335521697998,0.6578149199485779,0.32072263956069946,-0.10157690197229385,0.549834132194519,0.31039273738861084,0.016871685162186623,0.6756719350814819,0.4387619197368622,-0.10278860479593277,0.47432512044906616,0.3134346008300781,-0.0599314346909523,0.6786361336708069,0.5519199371337891,-0.15983439981937408,0.5069780945777893,0.2102217972278595,-0.22923243045806885,0.6799799799919128,0.5853071212768555,-0.18128801882266998,0.5096877813339233,0.1848170906305313,-0.2708037197589874,0.6694422960281372,0.5822229385375977,-0.21351659297943115,0.5196205973625183,0.18474888801574707,-0.25604909658432007,0.6653949022293091,0.5722402334213257,-0.1720474809408188,0.5221127271652222,0.19489392638206482,-0.23234614729881287,0.6267034411430359,0.5418805480003357,-0.0009519673185423017,0.5607511401176453,0.536468505859375,0.0006443607271648943,0.6345345973968506,0.7081303000450134,0.024633921682834625,0.5451978445053101,0.7042995691299438,0.00039649676182307303,0.6501388549804688,0.8512764573097229,0.24105115234851837,0.5304023027420044,0.8495539426803589,0.18730226159095764,0.6430286765098572,0.8700646758079529,0.25346294045448303,0.5367140173912048,0.8654475808143616,0.19786441326141357,0.6806679964065552,0.9093093276023865,0.0986248031258583,0.5139495134353638,0.9070625305175781,0.04551978409290314
57,drink,a16_s03_e01,0.5944243669509888,0.20459026098251343,-0.21975164115428925,0.6058425307273865,0.19847925007343292,-0.2127183973789215,0.6095467209815979,0.2003772258758545,-0.21268804371356964,0.6131972074508667,0.20232297480106354,-0.21267589926719666,0.5978933572769165,0.19620972871780396,-0.19275513291358948,0.5963128805160522,0.19629336893558502,-0.19278952479362488,0.5949220061302185,0.196457177400589,-0.19275976717472076,0.6222820281982422,0.22166036069393158,-0.14818096160888672,0.5971797108650208,0.2109193354845047,-0.06219711899757385,0.5975829362869263,0.22309276461601257,-0.1973312348127365,0.5881212949752808,0.219760462641716,-0.17246024310588837,0.6580886244773865,0.3208617568016052,-0.10066728293895721,0.5500995516777039,0.30965322256088257,0.014528980478644371,0.6755874752998352,0.4394363760948181,-0.09893829375505447,0.47527703642845154,0.31192949414253235,-0.06474041938781738,0.6783382892608643,0.5522500276565552,-0.15360017120838165,0.5102667212486267,0.20895764231681824,-0.22829298675060272,0.6796759366989136,0.585833728313446,-0.17420797049999237,0.513488233089447,0.18355578184127808,-0.26921120285987854,0.669143557548523,0.5827986001968384,-0.20667915046215057,0.5234907865524292,0.18320675194263458,-0.2537103593349457,0.6650627255439758,0.5727017521858215,-0.16586355865001678,0.5258585214614868,0.19372573494911194,-0.23093903064727783,0.6266863942146301,0.5418923497200012,-0.0007042469223961234,0.5606852769851685,0.5361824631690979,0.00039261061465367675,0.6345212459564209,0.7082366347312927,0.024971986189484596,0.5450484752655029,0.7043079137802124,-0.0017797464970499277,0.6500566601753235,0.8512716293334961,0.24022135138511658,0.5302433967590332,0.849570095539093,0.18622998893260956,0.6428767442703247,0.8700610995292664,0.25241613388061523,0.5365116000175476,0.8655740022659302,0.19739453494548798,0.6805630922317505,0.9091659188270569,0.09836108237504959,0.5138229131698608,0.9069799780845642,0.043598681688308716
58,drink,a16_s03_e01,0.5948590040206909,0.205668643116951,-0.21125178039073944,0.6062875986099243,0.20010532438755035,-0.20359423756599426,0.6099476218223572,0.20191830396652222,-0.20356261730194092,0.6135870218276978,0.20379506051540375,-0.20355379581451416,0.5984498262405396,0.197641983628273,-0.18388566374778748,0.5968722105026245,0.1976451426744461,-0.18391244113445282,0.5954658389091492,0.1976960450410843,-0.18388454616069794,0.622826099395752,0.2226824015378952,-0.1375960260629654,0.5976645350456238,0.21181519329547882,-0.05222470313310623,0.5981356501579285,0.22399933636188507,-0.18820223212242126,0.5886436700820923,0.22018647193908691,-0.16365501284599304,0.6582531332969666,0.3209529519081116,-0.08990035206079483,0.550489604473114,0.30935925245285034,0.02153424173593521,0.6754077672958374,0.43977442383766174,-0.08837364614009857,0.4765217900276184,0.3097621202468872,-0.04746853932738304,0.6780577898025513,0.55240398645401,-0.14525409042835236,0.5134766101837158,0.20762445032596588,-0.197224423289299,0.679458498954773,0.5861021876335144,-0.1665484458208084,0.5174967050552368,0.18173645436763763,-0.23705966770648956,0.6689609289169312,0.5831297636032104,-0.19911672174930573,0.5267959833145142,0.1816159337759018,-0.2217549830675125,0.6648554801940918,0.573014497756958,-0.15768256783485413,0.528741717338562,0.19250324368476868,-0.19973991811275482,0.6266476511955261,0.5419740080833435,-0.0003973855637013912,0.5605772733688354,0.536091148853302,8.944423461798579e-05,0.634520947933197,0.7086994051933289,0.02458984963595867,0.544874906539917,0.7045900225639343,-0.0062586055137217045,0.6500360369682312,0.8513274788856506,0.23864230513572693,0.5300179719924927,0.8500092625617981,0.18026846647262573,0.6427838802337646,0.8701255321502686,0.2508050799369812,0.5363189578056335,0.8661783933639526,0.19110025465488434,0.6805403828620911,0.9091955423355103,0.09700968861579895,0.513660192489624,0.9070078730583191,0.03643403947353363
59,drink,a16_s03_e01,0.5943915247917175,0.20668072998523712,-0.19278740882873535,0.605850338935852,0.2009151726961136,-0.18735429644584656,0.6095333695411682,0.20255178213119507,-0.1873246729373932,0.6132012009620667,0.20423810184001923,-0.18732401728630066,0.5982467532157898,0.19869078695774078,-0.16602088510990143,0.596761167049408,0.19871219992637634,-0.1660395860671997,0.5954309701919556,0.19874818623065948,-0.16601181030273438,0.6227812170982361,0.22297026216983795,-0.12946215271949768,0.5982659459114075,0.21248933672904968,-0.0366511233150959,0.5976444482803345,0.22475145757198334,-0.1723066121339798,0.5884533524513245,0.22116395831108093,-0.1455596536397934,0.6584191918373108,0.3211606442928314,-0.08420345932245255,0.5507811307907104,0.3092373311519623,0.034498147666454315,0.6753128170967102,0.4402688443660736,-0.08380305767059326,0.4773861765861511,0.308123916387558,-0.021541398018598557,0.6778127551078796,0.5526754260063171,-0.13794347643852234,0.51435387134552,0.20800019800662994,-0.15914331376552582,0.6791871786117554,0.5863959789276123,-0.15910294651985168,0.5197485685348511,0.1825229972600937,-0.19681745767593384,0.6687554121017456,0.5834505558013916,-0.19122430682182312,0.5286270976066589,0.18267109990119934,-0.18245667219161987,0.6646565198898315,0.5733498930931091,-0.15009792149066925,0.5301405787467957,0.1931554526090622,-0.1617969274520874,0.6264433860778809,0.5421314835548401,-0.00033192659611813724,0.5604109764099121,0.5360676646232605,2.7968282665824518e-05,0.6345184445381165,0.7087275981903076,0.020281072705984116,0.5448523759841919,0.7047075629234314,-0.005785585381090641,0.6500215530395508,0.851359486579895,0.2346954345703125,0.5298447012901306,0.8500331044197083,0.1832495629787445,0.6426551938056946,0.8702336549758911,0.2473033368587494,0.5360368490219116,0.8661964535713196,0.1944272220134735,0.6804684996604919,0.9091529250144958,0.09292208403348923,0.5136319994926453,0.9069766998291016,0.04183971881866455
60,drink,a16_s03_e01,0.594243586063385,0.20784373581409454,-0.20181456208229065,0.6056309342384338,0.20191651582717896,-0.1955251395702362,0.6092972755432129,0.2033906877040863,-0.1954953521490097,0.6129481792449951,0.20491451025009155,-0.19548970460891724,0.598270058631897,0.19995859265327454,-0.17502257227897644,0.5968467593193054,0.20002776384353638,-0.17504960298538208,0.5955455899238586,0.20009736716747284,-0.17502060532569885,0.6227134466171265,0.2233433574438095,-0.13393047451972961,0.5985668301582336,0.2135491967201233,-0.044825125485658646,0.5974360704421997,0.22580263018608093,-0.18003936111927032,0.5885964632034302,0.22223903238773346,-0.15442009270191193,0.6585661172866821,0.32149118185043335,-0.08601872622966766,0.5510867834091187,0.3091958463191986,0.02797432243824005,0.6752358675003052,0.440805047750473,-0.08486896753311157,0.4781659245491028,0.3068670630455017,-0.03961162641644478,0.6775538921356201,0.5528368353843689,-0.14074058830738068,0.5173790454864502,0.20760555565357208,-0.19520236551761627,0.6789255738258362,0.5865969061851501,-0.16223719716072083,0.5219678282737732,0.18143048882484436,-0.23548464477062225,0.6685391664505005,0.5835925936698914,-0.19445188343524933,0.5306671857833862,0.18168701231479645,-0.22082968056201935,0.6644166707992554,0.5735005140304565,-0.15301790833473206,0.532572865486145,0.19268862903118134,-0.19802697002887726,0.6262297630310059,0.5423985719680786,0.0003593063447624445,0.5602470636367798,0.5360586047172546,-0.0006645580870099366,0.6344636082649231,0.7088381052017212,0.020424887537956238,0.5448272824287415,0.7048174738883972,-0.005604333244264126,0.6499419808387756,0.851265013217926,0.23726686835289001,0.5296581983566284,0.8500364422798157,0.18519768118858337,0.6423338651657104,0.870206892490387,0.24996526539325714,0.5358461141586304,0.8661466240882874,0.1964908093214035,0.6804021596908569,0.9090078473091125,0.09624616801738739,0.5136030912399292,0.9069791436195374,0.04385175183415413
61,drink,a16_s03_e01,0.5940552949905396,0.20790663361549377,-0.19628295302391052,0.6054688692092896,0.20203134417533875,-0.19044974446296692,0.6091307401657104,0.2034776657819748,-0.19041946530342102,0.6127716898918152,0.2049664705991745,-0.19041794538497925,0.5982185006141663,0.2001434713602066,-0.16948126256465912,0.5968144536018372,0.20023831725120544,-0.16950276494026184,0.5955198407173157,0.20033229887485504,-0.16947750747203827,0.622661292552948,0.2233877032995224,-0.13132180273532867,0.5987962484359741,0.21383026242256165,-0.039852824062108994,0.5972152948379517,0.22581835091114044,-0.1753789782524109,0.5885529518127441,0.22231072187423706,-0.14907971024513245,0.6587134003639221,0.3217790722846985,-0.08446399867534637,0.5512069463729858,0.309112012386322,0.03067915141582489,0.675216555595398,0.44138380885124207,-0.08240560442209244,0.4792901873588562,0.3056432008743286,-0.029297638684511185,0.6773282289505005,0.5530225038528442,-0.13487671315670013,0.5193961262702942,0.20661966502666473,-0.1692177653312683,0.678712785243988,0.5868122577667236,-0.1558099091053009,0.5248953104019165,0.18031644821166992,-0.20778527855873108,0.6683341264724731,0.5837332010269165,-0.18781766295433044,0.5334182977676392,0.18081188201904297,-0.19254475831985474,0.664180338382721,0.5736362338066101,-0.1470138132572174,0.53513503074646,0.1919340044260025,-0.17156335711479187,0.6259652376174927,0.5427553653717041,0.0003419789718464017,0.5599729418754578,0.5360561609268188,-0.0006462918827310205,0.63442462682724,0.7091736197471619,0.017668645828962326,0.5447964668273926,0.7050026655197144,-0.005205050110816956,0.6499394178390503,0.8513408899307251,0.23287901282310486,0.5295729041099548,0.8500349521636963,0.1896921694278717,0.6422888040542603,0.870341956615448,0.2455127239227295,0.5357393026351929,0.8661264777183533,0.20124249160289764,0.6803990602493286,0.9090760946273804,0.091324083507061,0.5135936141014099,0.907024085521698,0.04986703395843506
62,drink,a16_s03_e01,0.5941177606582642,0.2084641009569168,-0.2060786932706833,0.6055565476417542,0.20261402428150177,-0.19906212389469147,0.6091745495796204,0.2039702981710434,-0.1990174949169159,0.6127468347549438,0.20537634193897247,-0.19901123642921448,0.598392128944397,0.20091448724269867,-0.17915520071983337,0.5969730019569397,0.2010398656129837,-0.17918428778648376,0.5956374406814575,0.20115754008293152,-0.17917315661907196,0.6227524280548096,0.22360895574092865,-0.1339101344347,0.5990035533905029,0.21433758735656738,-0.046845924109220505,0.5972384214401245,0.22606801986694336,-0.18283018469810486,0.5887011289596558,0.2227340042591095,-0.15801844000816345,0.6588876843452454,0.32204392552375793,-0.08700183033943176,0.5514117479324341,0.3089655637741089,0.019923750311136246,0.6752124428749084,0.4417920708656311,-0.08468519151210785,0.48009824752807617,0.30391550064086914,-0.05225731059908867,0.677115261554718,0.5531863570213318,-0.1392926424741745,0.5222486257553101,0.20663253962993622,-0.18975453078746796,0.6784536838531494,0.5869700908660889,-0.16043917834758759,0.5280356407165527,0.18013501167297363,-0.2331349402666092,0.6681075096130371,0.583791971206665,-0.19258537888526917,0.536598801612854,0.18089479207992554,-0.20820088684558868,0.6639716625213623,0.5737040042877197,-0.15149614214897156,0.5383872389793396,0.19201090931892395,-0.18772654235363007,0.6258611679077148,0.5429375767707825,0.0015958684962242842,0.5598043203353882,0.5360424518585205,-0.0019158499781042337,0.634405255317688,0.7093588709831238,0.022685889154672623,0.5447902679443359,0.7050918936729431,-0.006446847226470709,0.6498550176620483,0.8513740301132202,0.24260227382183075,0.5293906331062317,0.8500306606292725,0.18943864107131958,0.6419951319694519,0.8704077005386353,0.25541356205940247,0.5353313684463501,0.8661130666732788,0.20042642951011658,0.6803920269012451,0.9090619683265686,0.09992661327123642,0.5138026475906372,0.9070599675178528,0.04775185510516167
63,drink,a16_s03_e01,0.5945430994033813,0.2086431086063385,-0.20921771228313446,0.6061587333679199,0.20293575525283813,-0.20081384479999542,0.60968017578125,0.2042626440525055,-0.20076069235801697,0.6131133437156677,0.20563437044620514,-0.2007465809583664,0.5990809798240662,0.20128537714481354,-0.18195375800132751,0.5976810455322266,0.20141243934631348,-0.18198707699775696,0.5963319540023804,0.20152603089809418,-0.18198086321353912,0.6230159997940063,0.22371652722358704,-0.135724276304245,0.5995957851409912,0.2145659625530243,-0.048425205051898956,0.5973449945449829,0.22609089314937592,-0.18435423076152802,0.5890382528305054,0.22284796833992004,-0.1611213982105255,0.659048318862915,0.32215943932533264,-0.08570357412099838,0.5516952276229858,0.30871307849884033,0.014768451452255249,0.6752136945724487,0.4420185685157776,-0.08273880183696747,0.48089808225631714,0.30263105034828186,-0.06917507201433182,0.6769946217536926,0.5532176494598389,-0.13925810158252716,0.5248376131057739,0.20692887902259827,-0.2247629165649414,0.6783292293548584,0.5870360136032104,-0.16076521575450897,0.5308545231819153,0.18079867959022522,-0.26910606026649475,0.6679784059524536,0.5837881565093994,-0.1929357796907425,0.5394233465194702,0.1817081868648529,-0.24837255477905273,0.6638277769088745,0.5737195611000061,-0.15154726803302765,0.540961742401123,0.19258828461170197,-0.22491827607154846,0.6258150935173035,0.5429763197898865,0.0032728896476328373,0.5597413778305054,0.5359219312667847,-0.003607428167015314,0.6344024538993835,0.7093581557273865,0.02394827827811241,0.5447036027908325,0.7050962448120117,-0.008152903988957405,0.6498461365699768,0.851509153842926,0.24234390258789062,0.5290271639823914,0.8500377535820007,0.1887260377407074,0.641814649105072,0.8706498742103577,0.25482887029647827,0.5344475507736206,0.8661184906959534,0.2002745121717453,0.6803852319717407,0.90903639793396,0.09895386546850204,0.5141472220420837,0.9070655703544617,0.04492143914103508
64,drink,a16_s03_e01,0.5946112275123596,0.20892034471035004,-0.2092839777469635,0.6065248250961304,0.2032027542591095,-0.20127549767494202,0.6100378632545471,0.2044963836669922,-0.20122842490673065,0.6134103536605835,0.2058420330286026,-0.2012159526348114,0.5994390845298767,0.20159290730953217,-0.1821887344121933,0.598052978515625,0.20169900357723236,-0.18222281336784363,0.5967056751251221,0.2017846703529358,-0.1822127401828766,0.6232683658599854,0.22381511330604553,-0.13673116266727448,0.6004301309585571,0.21464090049266815,-0.04967408999800682,0.5973243117332458,0.22633546590805054,-0.18511249125003815,0.5891605019569397,0.22317582368850708,-0.16148671507835388,0.6592250466346741,0.32225051522254944,-0.08556956052780151,0.5521397590637207,0.30849578976631165,0.01480627991259098,0.6752270460128784,0.44205647706985474,-0.08184251189231873,0.4813152849674225,0.3012004494667053,-0.06748715043067932,0.6769170761108398,0.553199827671051,-0.1379583179950714,0.5261014103889465,0.207347109913826,-0.21817108988761902,0.6782678365707397,0.5870435833930969,-0.15954692661762238,0.5327230095863342,0.18140611052513123,-0.26138776540756226,0.6678422093391418,0.5837743878364563,-0.19163697957992554,0.5414664149284363,0.18238134682178497,-0.24184362590312958,0.6636670827865601,0.5737133622169495,-0.1501336246728897,0.5426660180091858,0.1931285262107849,-0.2188420295715332,0.6257930994033813,0.5430492758750916,0.0035079617518931627,0.5597206950187683,0.5359002351760864,-0.0038414751179516315,0.6343942880630493,0.7092714905738831,0.025048518553376198,0.5446909070014954,0.705104649066925,-0.008534391410648823,0.649819552898407,0.8516660332679749,0.24365374445915222,0.5287184119224548,0.8499025106430054,0.18812498450279236,0.6417039632797241,0.8708285689353943,0.25622156262397766,0.5337886810302734,0.8658961057662964,0.19932447373867035,0.6803289651870728,0.9089540839195251,0.10000314563512802,0.5143607258796692,0.9069167971611023,0.04473002627491951
65,drink,a16_s03_e01,0.5957072377204895,0.2097702920436859,-0.22737519443035126,0.607516884803772,0.2042442262172699,-0.21725919842720032,0.6109037399291992,0.20554564893245697,-0.2172144204378128,0.6141728162765503,0.20693640410900116,-0.21719929575920105,0.6002092361450195,0.2025616317987442,-0.20002469420433044,0.5986920595169067,0.2026318460702896,-0.20006239414215088,0.5971964597702026,0.2026831954717636,-0.20004649460315704,0.623548686504364,0.22451332211494446,-0.14081677794456482,0.6004873514175415,0.215333491563797,-0.06515917927026749,0.5981962084770203,0.22694993019104004,-0.1998833417892456,0.5899084210395813,0.22365877032279968,-0.17878910899162292,0.6593524813652039,0.32228702306747437,-0.08653818815946579,0.5521641373634338,0.30835655331611633,0.0026511973701417446,0.6752642393112183,0.4422072172164917,-0.0826248824596405,0.4816490113735199,0.29984286427497864,-0.0871562734246254,0.6768463850021362,0.5531907677650452,-0.14018002152442932,0.5281274914741516,0.20744718611240387,-0.2525469660758972,0.6781738996505737,0.5870334506034851,-0.16178539395332336,0.5363786220550537,0.18166394531726837,-0.2978155314922333,0.6676952242851257,0.5837444067001343,-0.19380047917366028,0.5449439287185669,0.18283329904079437,-0.27969273924827576,0.6635217070579529,0.5737063884735107,-0.15240246057510376,0.5455626249313354,0.19349080324172974,-0.2541693449020386,0.6257544755935669,0.5431050062179565,0.004569564014673233,0.5596581101417542,0.5358763337135315,-0.004904983565211296,0.6343655586242676,0.7092689275741577,0.03156477212905884,0.5446842908859253,0.7051056623458862,-0.009060004726052284,0.6497631072998047,0.8516800999641418,0.25347083806991577,0.5285061001777649,0.8495243191719055,0.18782809376716614,0.6415398120880127,0.8708247542381287,0.2663484811782837,0.5333765745162964,0.8653648495674133,0.1987701952457428,0.6803117990493774,0.9087988138198853,0.1090705618262291,0.5146896243095398,0.9066969752311707,0.043465591967105865
66,drink,a16_s03_e01,0.5960780382156372,0.21019428968429565,-0.23246228694915771,0.6079663038253784,0.20454536378383636,-0.22368267178535461,0.6112986207008362,0.20581349730491638,-0.2236390858888626,0.6145129799842834,0.2071755826473236,-0.22361984848976135,0.6007431745529175,0.20294006168842316,-0.20541861653327942,0.5992487072944641,0.20302939414978027,-0.20545797049999237,0.5977557897567749,0.2031053602695465,-0.20544424653053284,0.6237967610359192,0.2246371954679489,-0.14991149306297302,0.6009307503700256,0.21572402119636536,-0.07142981141805649,0.5983427166938782,0.22728891670703888,-0.20639045536518097,0.5903196334838867,0.22410859167575836,-0.18399310111999512,0.6596361994743347,0.3223785161972046,-0.09243836253881454,0.5523945689201355,0.30819377303123474,-0.0017944471910595894,0.6752864718437195,0.4422423243522644,-0.08627413213253021,0.48177772760391235,0.29955384135246277,-0.0915636196732521,0.6768271327018738,0.553069531917572,-0.1447986513376236,0.5290172696113586,0.20774714648723602,-0.2621104121208191,0.6781014204025269,0.5869624614715576,-0.16663941740989685,0.5374447107315063,0.18201903998851776,-0.3063695728778839,0.6675375699996948,0.5835529565811157,-0.1987358033657074,0.545753538608551,0.1831360012292862,-0.2884799540042877,0.6633877158164978,0.573612630367279,-0.15688851475715637,0.5463725328445435,0.19374479353427887,-0.26370948553085327,0.6257084608078003,0.5432451963424683,0.004759795032441616,0.5595939755439758,0.535872757434845,-0.005097932182252407,0.6343555450439453,0.7092658281326294,0.033550821244716644,0.5446784496307373,0.7051087617874146,-0.008929161354899406,0.6497029662132263,0.8516948819160461,0.25837400555610657,0.5283716917037964,0.8490392565727234,0.1878126859664917,0.6413515210151672,0.8708164095878601,0.2715444564819336,0.5331811308860779,0.8646887540817261,0.19901007413864136,0.6802881956100464,0.9086359739303589,0.11490893363952637,0.5149885416030884,0.906336784362793,0.04383894428610802
67,drink,a16_s03_e01,0.5965519547462463,0.21032707393169403,-0.2373141348361969,0.6086267828941345,0.20466233789920807,-0.22918179631233215,0.6119329929351807,0.20591293275356293,-0.22913746535778046,0.6151022911071777,0.20726162195205688,-0.2291191816329956,0.6013311743736267,0.203080415725708,-0.2100406140089035,0.5998207926750183,0.20316354930400848,-0.21007570624351501,0.5983102917671204,0.2032301425933838,-0.2100580930709839,0.6242445707321167,0.224723681807518,-0.15719664096832275,0.6014937162399292,0.2158403843641281,-0.07501332461833954,0.5986920595169067,0.22742138803005219,-0.21186921000480652,0.5907292366027832,0.22427146136760712,-0.18833933770656586,0.6598587036132812,0.32250016927719116,-0.10006312280893326,0.5524812936782837,0.3079672157764435,-0.0015886854380369186,0.6752966642379761,0.4423134922981262,-0.09312894195318222,0.481833279132843,0.29881542921066284,-0.08449254930019379,0.6767843961715698,0.553051233291626,-0.1502438485622406,0.5303024649620056,0.20801399648189545,-0.25066232681274414,0.6780250668525696,0.5869535803794861,-0.17205828428268433,0.5388904213905334,0.1822461485862732,-0.2937750518321991,0.667435348033905,0.5835465788841248,-0.204397514462471,0.5477834939956665,0.1832900494337082,-0.27712565660476685,0.6632934212684631,0.5736057162284851,-0.16222615540027618,0.5482723116874695,0.1937883049249649,-0.2526860237121582,0.625598669052124,0.5433892607688904,0.00465492345392704,0.5594781041145325,0.5358722805976868,-0.004989298060536385,0.6342925429344177,0.7092868685722351,0.03405287116765976,0.5446739792823792,0.7051181793212891,-0.008751439861953259,0.6496028304100037,0.8517459630966187,0.2657880485057831,0.5283164381980896,0.8485419154167175,0.19237200915813446,0.6412283778190613,0.8707808256149292,0.2798587381839752,0.5330816507339478,0.8639718294143677,0.2043902575969696,0.6802282333374023,0.9085512757301331,0.12292212247848511,0.5153530836105347,0.9061183929443359,0.04916940629482269
68,drink,a16_s03_e01,0.5971575975418091,0.21055079996585846,-0.23358695209026337,0.6093910336494446,0.2049875259399414,-0.2255999594926834,0.6126259565353394,0.20622758567333221,-0.22555842995643616,0.6157483458518982,0.2075822353363037,-0.22554226219654083,0.6020799875259399,0.20343199372291565,-0.20646849274635315,0.6005498170852661,0.20351794362068176,-0.20650513470172882,0.5990132093429565,0.20358629524707794,-0.2064860761165619,0.6247087717056274,0.22507043182849884,-0.15553683042526245,0.6019730567932129,0.21634340286254883,-0.07286256551742554,0.5991095900535583,0.22761106491088867,-0.20866897702217102,0.5911686420440674,0.22449901700019836,-0.18504375219345093,0.6601032018661499,0.322759747505188,-0.10162287950515747,0.5526571273803711,0.3079434633255005,0.0017307167872786522,0.6753088235855103,0.44252973794937134,-0.09665616601705551,0.48201292753219604,0.2978106141090393,-0.06867456436157227,0.676688015460968,0.5530380010604858,-0.15240143239498138,0.5316096544265747,0.20812556147575378,-0.2232641726732254,0.6778873801231384,0.586949348449707,-0.17411310970783234,0.540176272392273,0.1824651062488556,-0.2640831172466278,0.6673107147216797,0.583535373210907,-0.20639948546886444,0.5494699478149414,0.1833494007587433,-0.2457505762577057,0.6631823778152466,0.5736005306243896,-0.16425542533397675,0.5499001741409302,0.19390545785427094,-0.22449371218681335,0.6254791617393494,0.5436199903488159,0.0036414843052625656,0.5593847036361694,0.535880446434021,-0.003977019339799881,0.6341859698295593,0.7093728184700012,0.033683232963085175,0.5446715354919434,0.7051275968551636,-0.008551560342311859,0.6495574116706848,0.8519273400306702,0.2666776478290558,0.5283042788505554,0.8484618663787842,0.19158615171909332,0.6411342024803162,0.87077796459198,0.28095853328704834,0.5330889821052551,0.8637855052947998,0.20340442657470703,0.6801292300224304,0.9085398316383362,0.12442680448293686,0.5156011581420898,0.9061538577079773,0.04856406897306442
69,drink,a16_s03_e01,0.5974485278129578,0.21079277992248535,-0.2277517020702362,0.6098586916923523,0.2052144855260849,-0.2193792760372162,0.6131392121315002,0.20644955337047577,-0.21933989226818085,0.616294801235199,0.20780357718467712,-0.2193295955657959,0.6024032831192017,0.20362594723701477,-0.19976693391799927,0.6008341312408447,0.2036837637424469,-0.1997898519039154,0.5992553234100342,0.20372051000595093,-0.19976916909217834,0.6251901388168335,0.22526095807552338,-0.14915332198143005,0.6021375060081482,0.21649795770645142,-0.06404905766248703,0.5994086265563965,0.2278101146221161,-0.20297177135944366,0.5913916826248169,0.22466160356998444,-0.17867447435855865,0.6602352857589722,0.3228370249271393,-0.09853693842887878,0.552667498588562,0.3078092038631439,0.011784182861447334,0.6753061413764954,0.44257310032844543,-0.09459127485752106,0.4821699559688568,0.297432005405426,-0.05559453368186951,0.6766584515571594,0.5530301928520203,-0.15006695687770844,0.5329042673110962,0.20822498202323914,-0.20581331849098206,0.6778368353843689,0.5869436860084534,-0.17206981778144836,0.5418141484260559,0.18264462053775787,-0.24675221741199493,0.667239248752594,0.5835016965866089,-0.20478546619415283,0.551222026348114,0.18341808021068573,-0.22878079116344452,0.6631215810775757,0.573593258857727,-0.16213202476501465,0.5514803528785706,0.19399580359458923,-0.2072443664073944,0.6253820657730103,0.5437076091766357,0.0028498931787908077,0.5592799186706543,0.5358788371086121,-0.003179871244356036,0.634189784526825,0.7095192074775696,0.031338080763816833,0.5446559190750122,0.7051410675048828,-0.008483615703880787,0.6495680809020996,0.8522362112998962,0.26492375135421753,0.528281033039093,0.848459005355835,0.19105164706707,0.6412177681922913,0.8708269596099854,0.278413325548172,0.5330954790115356,0.8637884259223938,0.2027551382780075,0.6798804998397827,0.9085347056388855,0.12323162704706192,0.5155979990959167,0.9062357544898987,0.048160020262002945
70,drink,a16_s03_e01,0.597549557685852,0.21102380752563477,-0.2239404022693634,0.6100416779518127,0.2053648829460144,-0.2157427817583084,0.6133676767349243,0.2065969556570053,-0.21570304036140442,0.6165558695793152,0.20794890820980072,-0.21569271385669708,0.6025449633598328,0.20377519726753235,-0.19568878412246704,0.6009669899940491,0.203825443983078,-0.19570788741111755,0.5993742942810059,0.2038533240556717,-0.19568707048892975,0.6255885362625122,0.2254541516304016,-0.1465524286031723,0.6024354696273804,0.21672016382217407,-0.05954398587346077,0.5995320081710815,0.22797216475009918,-0.19966921210289001,0.59154212474823,0.22482770681381226,-0.17476069927215576,0.6603327989578247,0.3228590190410614,-0.09750185906887054,0.5527805089950562,0.30760008096694946,0.01602991856634617,0.6753113269805908,0.44258594512939453,-0.09429866820573807,0.4824628233909607,0.2971354126930237,-0.05147436261177063,0.6766346096992493,0.5530164241790771,-0.14982514083385468,0.5340431332588196,0.20829780399799347,-0.20271627604961395,0.6777991652488708,0.5869490504264832,-0.1719442903995514,0.5425623655319214,0.18277576565742493,-0.24396929144859314,0.6671868562698364,0.5834891200065613,-0.2047533541917801,0.5520725846290588,0.1834513247013092,-0.22612051665782928,0.6630650758743286,0.573588490486145,-0.16194003820419312,0.5525606870651245,0.19404643774032593,-0.20429296791553497,0.6253302097320557,0.5437532067298889,0.002152037341147661,0.5592136383056641,0.5358607769012451,-0.002483644522726536,0.6341859102249146,0.7098294496536255,0.02698560617864132,0.5446047782897949,0.7053067088127136,-0.008227327838540077,0.6496948003768921,0.8529098033905029,0.26385241746902466,0.5282602906227112,0.8484632968902588,0.19181251525878906,0.6415659785270691,0.8711111545562744,0.27633997797966003,0.5331019163131714,0.8637910485267639,0.2036154568195343,0.6796005964279175,0.9085373282432556,0.12167686223983765,0.5155912637710571,0.9062826633453369,0.04909658804535866
71,drink,a16_s03_e01,0.5975020527839661,0.21148820221424103,-0.22400107979774475,0.6100255846977234,0.20569323003292084,-0.21621398627758026,0.6133719086647034,0.20692302286624908,-0.21617408096790314,0.6165713667869568,0.2082747370004654,-0.21616490185260773,0.6025623083114624,0.20411331951618195,-0.19587785005569458,0.6009930372238159,0.20415939390659332,-0.19589677453041077,0.5994059443473816,0.20418241620063782,-0.19587603211402893,0.6257141828536987,0.22580403089523315,-0.148888498544693,0.6026124954223633,0.21702049672603607,-0.05961749702692032,0.5995006561279297,0.228497713804245,-0.20004725456237793,0.5915490388870239,0.22527249157428741,-0.17483459413051605,0.6604830026626587,0.32300540804862976,-0.1007300391793251,0.5530703067779541,0.3075685501098633,0.016046395525336266,0.6753499507904053,0.44268569350242615,-0.09828896075487137,0.48270606994628906,0.2963825464248657,-0.051702339202165604,0.6765927672386169,0.5530145764350891,-0.15175390243530273,0.5348831415176392,0.20833419263362885,-0.20340029895305634,0.6777434945106506,0.587013304233551,-0.17369984090328217,0.5436630249023438,0.18286828696727753,-0.2442498654127121,0.6671358346939087,0.5834890007972717,-0.20648932456970215,0.5534017086029053,0.1836572289466858,-0.22611120343208313,0.6630195379257202,0.5735977292060852,-0.16379351913928986,0.5537530779838562,0.1943129450082779,-0.20490041375160217,0.625264048576355,0.543924868106842,0.0008347382536157966,0.5591995120048523,0.5358583927154541,-0.0011627706699073315,0.6341831684112549,0.7099633812904358,0.02635062113404274,0.5445138216018677,0.7054120302200317,-0.0068403021432459354,0.6497102975845337,0.8530728816986084,0.26085132360458374,0.5281631946563721,0.8485796451568604,0.19196638464927673,0.6415687799453735,0.8711544275283813,0.27345067262649536,0.5330933332443237,0.8639352917671204,0.2036609947681427,0.6793195605278015,0.9085261225700378,0.11862565577030182,0.5154185891151428,0.9064300060272217,0.04919237270951271
72,drink,a16_s03_e01,0.5976282358169556,0.2120206505060196,-0.23566095530986786,0.6101597547531128,0.20601886510849,-0.22758853435516357,0.6135278940200806,0.20724494755268097,-0.22753863036632538,0.6167317628860474,0.2085961252450943,-0.22752518951892853,0.6026724576950073,0.20443177223205566,-0.20779748260974884,0.6010796427726746,0.2044634073972702,-0.2078266441822052,0.5994660258293152,0.20447269082069397,-0.2078055441379547,0.6258623600006104,0.22609402239322662,-0.1563008725643158,0.6027140617370605,0.21727003157138824,-0.07001589983701706,0.5996450185775757,0.22904907166957855,-0.2103382647037506,0.5917151570320129,0.22574973106384277,-0.18585512042045593,0.6608085632324219,0.32308119535446167,-0.1045013815164566,0.553345799446106,0.30752453207969666,0.009590206667780876,0.6753965616226196,0.4428534209728241,-0.10041866451501846,0.4828283190727234,0.29599931836128235,-0.062061943113803864,0.6765293478965759,0.5530974268913269,-0.15240077674388885,0.5362324118614197,0.20847387611865997,-0.21397879719734192,0.6776580810546875,0.5871542096138,-0.1742192655801773,0.5453182458877563,0.18293984234333038,-0.2561986446380615,0.6670407056808472,0.5835272669792175,-0.20712538063526154,0.555027425289154,0.18406568467617035,-0.23544427752494812,0.6629294753074646,0.5736525654792786,-0.16450046002864838,0.5554136037826538,0.19479379057884216,-0.21472077071666718,0.6252557635307312,0.5439473986625671,0.0004657513345591724,0.5591961741447449,0.5358115434646606,-0.0007986252312548459,0.6341768503189087,0.7099751234054565,0.029048562049865723,0.5444273948669434,0.7054617404937744,-0.006340349558740854,0.649724006652832,0.853112518787384,0.2619636356830597,0.528034508228302,0.8486695885658264,0.19145961105823517,0.6415754556655884,0.8711498975753784,0.275314599275589,0.533067524433136,0.8640406131744385,0.2028835564851761,0.6790381073951721,0.9084024429321289,0.1179729476571083,0.5151898264884949,0.9065941572189331,0.04663512110710144
73,drink,a16_s03_e01,0.5981160402297974,0.21257446706295013,-0.240961953997612,0.6106152534484863,0.20647047460079193,-0.23132452368736267,0.6139944791793823,0.20769518613815308,-0.23127225041389465,0.6172168850898743,0.2090573012828827,-0.23125629127025604,0.6030243635177612,0.20491066575050354,-0.2130589485168457,0.6013733744621277,0.20495642721652985,-0.21309387683868408,0.5996940732002258,0.20496901869773865,-0.21307215094566345,0.6262117624282837,0.22653676569461823,-0.15530294179916382,0.6027539968490601,0.21766407787799835,-0.07425545156002045,0.6000739932060242,0.22956672310829163,-0.2134118527173996,0.5920832753181458,0.22615057229995728,-0.19089925289154053,0.6610203385353088,0.323225200176239,-0.10378657281398773,0.5534877777099609,0.3074887990951538,0.003554666880518198,0.6755168437957764,0.44322171807289124,-0.09761513024568558,0.4830942749977112,0.2954185903072357,-0.0812654048204422,0.6764883399009705,0.5531428456306458,-0.15035918354988098,0.5374367833137512,0.20854994654655457,-0.24375295639038086,0.6776057481765747,0.5872741341590881,-0.17260624468326569,0.5462870001792908,0.18300023674964905,-0.28914642333984375,0.6670145392417908,0.5835816860198975,-0.20599648356437683,0.5558193325996399,0.18410338461399078,-0.2693333029747009,0.6629061102867126,0.5737192034721375,-0.16285473108291626,0.5563009977340698,0.19482670724391937,-0.24510817229747772,0.6252487301826477,0.5439563393592834,0.0005288029788061976,0.5591918230056763,0.5357503890991211,-0.0008645346388220787,0.6341681480407715,0.7100759744644165,0.029434114694595337,0.5443399548530579,0.7056817412376404,-0.00632709264755249,0.6497653722763062,0.8533759713172913,0.26128676533699036,0.5279541015625,0.8488019108772278,0.19122548401355743,0.6416116952896118,0.8712046146392822,0.27479463815689087,0.5330697894096375,0.8641970157623291,0.20262987911701202,0.6787829995155334,0.9083436727523804,0.11661557108163834,0.5151511430740356,0.906783401966095,0.045987844467163086
74,drink,a16_s03_e01,0.5987750291824341,0.21277600526809692,-0.24704411625862122,0.6110745668411255,0.20677049458026886,-0.23711498081684113,0.6144523620605469,0.20800484716892242,-0.23706066608428955,0.6176828145980835,0.20938070118427277,-0.2370442897081375,0.6033738851547241,0.20521552860736847,-0.2192016839981079,0.6016637086868286,0.2052750289440155,-0.2192404568195343,0.5999261140823364,0.20529481768608093,-0.2192220240831375,0.6265094876289368,0.22683781385421753,-0.1577385812997818,0.6027799844741821,0.21796134114265442,-0.07965434342622757,0.6007694005966187,0.22969117760658264,-0.21868915855884552,0.5926327705383301,0.22623759508132935,-0.19668850302696228,0.6612941026687622,0.3232901692390442,-0.10332995653152466,0.5535873174667358,0.3074180781841278,-0.002315402962267399,0.6756647229194641,0.4435209333896637,-0.09735403209924698,0.4832247793674469,0.29493439197540283,-0.09081492573022842,0.6764358282089233,0.5531958937644958,-0.15031792223453522,0.5383074283599854,0.20860417187213898,-0.2561802268028259,0.6775578260421753,0.587405264377594,-0.17259827256202698,0.5471197366714478,0.18303537368774414,-0.30207544565200806,0.6669927835464478,0.5836477875709534,-0.20594199001789093,0.5566161274909973,0.18428416550159454,-0.28268107771873474,0.6628850698471069,0.5737974047660828,-0.16284877061843872,0.5570565462112427,0.19495388865470886,-0.2577933371067047,0.6252318620681763,0.5439860820770264,0.0005317571340128779,0.5591539740562439,0.5357632040977478,-0.0008680734899826348,0.634165346622467,0.7102092504501343,0.02945808134973049,0.5441316366195679,0.70595782995224,-0.005684349220246077,0.6498473882675171,0.8540566563606262,0.26186758279800415,0.5278617143630981,0.8489163517951965,0.19330787658691406,0.6417161226272583,0.8716262578964233,0.2756635546684265,0.5330832600593567,0.8643133640289307,0.2049316167831421,0.6786004900932312,0.9083566665649414,0.11628039181232452,0.515086829662323,0.906940221786499,0.04723662883043289
75,drink,a16_s03_e01,0.5997350811958313,0.21295879781246185,-0.2600806653499603,0.6117917895317078,0.2070380598306656,-0.24929586052894592,0.6151627898216248,0.20829154551029205,-0.2492363005876541,0.6184217929840088,0.20969422161579132,-0.24921730160713196,0.6039000153541565,0.2054634690284729,-0.23229381442070007,0.6021105051040649,0.20552852749824524,-0.23233859241008759,0.6003018021583557,0.2055504471063614,-0.23232197761535645,0.6269592046737671,0.22716258466243744,-0.16504767537117004,0.6028748154640198,0.21822641789913177,-0.09167559444904327,0.6018536686897278,0.22986312210559845,-0.23010623455047607,0.5934678316116333,0.22636228799819946,-0.20933949947357178,0.6615832448005676,0.3233281970024109,-0.10648409277200699,0.5537088513374329,0.30731576681137085,-0.014735253527760506,0.6757572889328003,0.4437815845012665,-0.09962057322263718,0.48331499099731445,0.29473763704299927,-0.11165070533752441,0.676365852355957,0.5534572005271912,-0.15260498225688934,0.539310097694397,0.20865389704704285,-0.281715989112854,0.677466094493866,0.5876672863960266,-0.17508116364479065,0.5480349659919739,0.1831735223531723,-0.32918471097946167,0.6669512987136841,0.5838170647621155,-0.20871464908123016,0.5573201179504395,0.18469984829425812,-0.3091084957122803,0.662847101688385,0.5739864110946655,-0.16534827649593353,0.5578221082687378,0.1952475607395172,-0.28317883610725403,0.6252265572547913,0.5439828634262085,0.0005295771406963468,0.5591087937355042,0.5356914401054382,-0.0008672358235344291,0.6341515183448792,0.7103719115257263,0.03214740753173828,0.5439881086349487,0.7060278654098511,-0.004773412831127644,0.6502910852432251,0.8546329140663147,0.26711153984069824,0.5277933478355408,0.8489776253700256,0.1941032111644745,0.6422856450080872,0.8721751570701599,0.28129416704177856,0.5330854654312134,0.8645247220993042,0.20571891963481903,0.6785756349563599,0.908402144908905,0.12060412019491196,0.5150191187858582,0.9069477319717407,0.04745574668049812
76,drink,a16_s03_e01,0.6008154153823853,0.21300657093524933,-0.25469449162483215,0.6127229332923889,0.20718464255332947,-0.24418695271015167,0.616065502166748,0.20847128331661224,-0.24413041770458221,0.6193360090255737,0.20992428064346313,-0.24411258101463318,0.6045843958854675,0.20554852485656738,-0.22687730193138123,0.6026952266693115,0.20559947192668915,-0.22691647708415985,0.6007982492446899,0.20560836791992188,-0.22689664363861084,0.6275685429573059,0.22748617827892303,-0.1627189815044403,0.6030470728874207,0.21831853687763214,-0.08754001557826996,0.6030210852622986,0.22993382811546326,-0.2256559431552887,0.5942834615707397,0.22637709975242615,-0.20445938408374786,0.6616874933242798,0.32335612177848816,-0.1055704802274704,0.553796112537384,0.307193398475647,-0.010331462137401104,0.6757776737213135,0.443800151348114,-0.09921545535326004,0.4834064841270447,0.2945479452610016,-0.10040297359228134,0.6763227581977844,0.553678572177887,-0.1519199162721634,0.5397132039070129,0.20871204137802124,-0.26485657691955566,0.6774536967277527,0.5879325866699219,-0.1745367795228958,0.5485512018203735,0.18331749737262726,-0.31074365973472595,0.6669414639472961,0.5841237902641296,-0.208257794380188,0.557691752910614,0.18501850962638855,-0.2911507487297058,0.6628341674804688,0.5742625594139099,-0.16474032402038574,0.5582165718078613,0.19551724195480347,-0.2663434147834778,0.6252204179763794,0.543921172618866,-1.0207666491623968e-05,0.5590801239013672,0.5355789065361023,-0.00033233058638870716,0.6340726613998413,0.710344672203064,0.03164361044764519,0.543961763381958,0.7060849070549011,-0.0022921632044017315,0.6505523324012756,0.8549216985702515,0.2667061984539032,0.5277581810951233,0.8490352630615234,0.1966816782951355,0.6426975131034851,0.8724591732025146,0.28063005208969116,0.533086359500885,0.8646723031997681,0.2083876132965088,0.678359866142273,0.9083825349807739,0.11824291944503784,0.5150144100189209,0.9069146513938904,0.05005795881152153
77,drink,a16_s03_e01,0.6021686792373657,0.21301262080669403,-0.2518986463546753,0.6139888167381287,0.20729543268680573,-0.2413754016160965,0.6172802448272705,0.20862339437007904,-0.24132058024406433,0.6205826997756958,0.210148423910141,-0.241303950548172,0.6055168509483337,0.2055823653936386,-0.2239663153886795,0.6034862399101257,0.20561856031417847,-0.22400180995464325,0.6014714241027832,0.20561714470386505,-0.22398073971271515,0.6284639239311218,0.22790463268756866,-0.1623646467924118,0.6032980680465698,0.21835064888000488,-0.08471506088972092,0.6044356226921082,0.22995471954345703,-0.22302182018756866,0.5951138734817505,0.22637274861335754,-0.20163071155548096,0.6618090867996216,0.3233969807624817,-0.10529812425374985,0.5539313554763794,0.30705514550209045,-0.008267409168183804,0.6757894158363342,0.4438130259513855,-0.0971965417265892,0.48353227972984314,0.29430827498435974,-0.09679959714412689,0.6763034462928772,0.5540809035301208,-0.1506015509366989,0.5398985743522644,0.20901824533939362,-0.26104164123535156,0.6774295568466187,0.5885340571403503,-0.17360040545463562,0.548758864402771,0.18375222384929657,-0.31049230694770813,0.6669101119041443,0.5848702788352966,-0.20752780139446259,0.557889461517334,0.1857433021068573,-0.290463924407959,0.6628009676933289,0.5748203992843628,-0.16352376341819763,0.5584234595298767,0.19623802602291107,-0.2631019651889801,0.6252173185348511,0.5438824892044067,-0.0008566093747504056,0.5590751767158508,0.5355186462402344,0.0005207743961364031,0.6339934468269348,0.7103403806686401,0.03150322288274765,0.5439208745956421,0.7061665654182434,-0.0012986136134713888,0.6506941318511963,0.8552488088607788,0.26532554626464844,0.5277301073074341,0.8494109511375427,0.19618481397628784,0.6429393887519836,0.8726289868354797,0.27913692593574524,0.5331002473831177,0.8653480410575867,0.20780162513256073,0.6780512928962708,0.9083703756332397,0.11435333639383316,0.5150002241134644,0.9069200158119202,0.04995052143931389
78,drink,a16_s03_e01,0.6033041477203369,0.21302291750907898,-0.2525014877319336,0.6150459051132202,0.20746640861034393,-0.24136099219322205,0.6182807087898254,0.20887528359889984,-0.24130558967590332,0.6216049790382385,0.21052630245685577,-0.24128985404968262,0.6064050197601318,0.20561321079730988,-0.2243761122226715,0.6042668223381042,0.20562925934791565,-0.22441057860851288,0.6021590232849121,0.205617755651474,-0.22438855469226837,0.629169225692749,0.22838641703128815,-0.16180476546287537,0.6034287810325623,0.21838165819644928,-0.08426669985055923,0.6054472923278809,0.2300521731376648,-0.2228470742702484,0.5958341360092163,0.22636999189853668,-0.2019907534122467,0.6619017124176025,0.3234891891479492,-0.10485582053661346,0.5540128350257874,0.306987464427948,-0.006707643624395132,0.6758006811141968,0.4439137876033783,-0.09580428898334503,0.4836375117301941,0.29402968287467957,-0.09344712644815445,0.6762973666191101,0.5549737215042114,-0.14994627237319946,0.5399984121322632,0.20912878215312958,-0.25548359751701355,0.6774271726608276,0.5891625285148621,-0.17323338985443115,0.5490607023239136,0.1839723140001297,-0.30243149399757385,0.6669115424156189,0.5855265855789185,-0.20727571845054626,0.5582075119018555,0.1861516386270523,-0.2830585539340973,0.6628061532974243,0.575394332408905,-0.16296450793743134,0.5586795806884766,0.19661110639572144,-0.2573483884334564,0.6252280473709106,0.543886125087738,-0.001102426671423018,0.5590626001358032,0.535533607006073,0.0007669219630770385,0.6339893937110901,0.7104532718658447,0.03147590532898903,0.5439066290855408,0.7064593434333801,-0.0007682958384975791,0.6509809494018555,0.8557923436164856,0.26505619287490845,0.5276628732681274,0.8497999906539917,0.19833871722221375,0.643452525138855,0.872998833656311,0.2791457772254944,0.5330710411071777,0.8659089803695679,0.2101723849773407,0.6779310703277588,0.9084503054618835,0.11499089002609253,0.5149946808815002,0.9069229364395142,0.051083050668239594
79,drink,a16_s03_e01,0.6039944291114807,0.21304252743721008,-0.2598671019077301,0.6156923770904541,0.20758891105651855,-0.24833333492279053,0.6189139485359192,0.20905174314975739,-0.24827459454536438,0.6222650408744812,0.21078583598136902,-0.24825909733772278,0.6069173216819763,0.2056378573179245,-0.23174946010112762,0.604708731174469,0.2056380659341812,-0.23178668320178986,0.6025367379188538,0.20561835169792175,-0.23176643252372742,0.6296804547309875,0.2287251204252243,-0.1637607216835022,0.6034992337226868,0.21840496361255646,-0.09036344289779663,0.6062217950820923,0.23014864325523376,-0.22922953963279724,0.5963258147239685,0.22637206315994263,-0.20890696346759796,0.6620303988456726,0.3237553834915161,-0.10560345649719238,0.5540766716003418,0.3069550096988678,-0.00966990552842617,0.6758514642715454,0.4440922141075134,-0.09579803794622421,0.4837163984775543,0.2939710021018982,-0.09420761466026306,0.6762937307357788,0.5557588934898376,-0.14993992447853088,0.5399604439735413,0.20918318629264832,-0.25432515144348145,0.6774241924285889,0.5898430943489075,-0.17320047318935394,0.5491132736206055,0.1840813010931015,-0.30066585540771484,0.6669340133666992,0.586314857006073,-0.20717039704322815,0.5582573413848877,0.18635374307632446,-0.2815873324871063,0.6628542542457581,0.576065182685852,-0.16295139491558075,0.5587100982666016,0.19677093625068665,-0.25618499517440796,0.6252328753471375,0.5439067482948303,-0.0012036127736791968,0.559057891368866,0.5355597734451294,0.000866987626068294,0.633919358253479,0.7106088399887085,0.031450055539608,0.5438821911811829,0.7067798376083374,-0.0007171546458266675,0.6511130928993225,0.8560935854911804,0.2665844261646271,0.5276240110397339,0.8503583669662476,0.1986253559589386,0.6436325907707214,0.8732396960258484,0.2809426188468933,0.5330644845962524,0.8665134906768799,0.2104310244321823,0.6777510643005371,0.908563494682312,0.11643826961517334,0.5149949789047241,0.9069898724555969,0.050837475806474686
80,drink,a16_s03_e01,0.6053381562232971,0.21301595866680145,-0.2588440775871277,0.6166872978210449,0.20767422020435333,-0.24670489132404327,0.61984783411026,0.2091987282037735,-0.2466467320919037,0.6231913566589355,0.21102623641490936,-0.24663010239601135,0.6078169941902161,0.2056378573179245,-0.23054233193397522,0.6054515838623047,0.20562796294689178,-0.23057964444160461,0.6031540632247925,0.20558637380599976,-0.230559304356575,0.6301983594894409,0.22897657752037048,-0.16202735900878906,0.6035364270210266,0.21839752793312073,-0.08912283927202225,0.6075316667556763,0.2301429659128189,-0.2277517318725586,0.5971870422363281,0.2261940836906433,-0.20797844231128693,0.6620877385139465,0.3238431215286255,-0.10144414007663727,0.5540405511856079,0.3067415654659271,-0.00982392393052578,0.6758657097816467,0.44418129324913025,-0.09006576985120773,0.4837239682674408,0.29400205612182617,-0.09671404212713242,0.6762930154800415,0.5559890270233154,-0.14678217470645905,0.5398440957069397,0.20923441648483276,-0.2557315528392792,0.6774285435676575,0.5901215672492981,-0.17048856616020203,0.548958420753479,0.18427763879299164,-0.3026214838027954,0.6670330166816711,0.5866956114768982,-0.20482556521892548,0.5581711530685425,0.1866748183965683,-0.28353607654571533,0.6629930734634399,0.5764526128768921,-0.16010461747646332,0.5586147904396057,0.1970338374376297,-0.2575739026069641,0.6252447366714478,0.543906569480896,-0.0011398879578337073,0.5590516328811646,0.5355570316314697,0.0008042198605835438,0.6338882446289062,0.71087247133255,0.031671859323978424,0.5438439249992371,0.706975519657135,-0.0007719641434960067,0.6511884331703186,0.8564255237579346,0.2681371867656708,0.5275277495384216,0.8508148789405823,0.1988717019557953,0.6439229846000671,0.8733752369880676,0.2826090455055237,0.5329749584197998,0.8672282099723816,0.21075257658958435,0.6776400208473206,0.9085975885391235,0.11764572560787201,0.5150166749954224,0.9070804715156555,0.05066253989934921
81,drink,a16_s03_e01,0.6058551073074341,0.21271206438541412,-0.25367313623428345,0.6170118451118469,0.20766201615333557,-0.23992905020713806,0.6201566457748413,0.20919768512248993,-0.23986980319023132,0.6234867572784424,0.21103358268737793,-0.2398497313261032,0.6081315279006958,0.20554237067699432,-0.22450725734233856,0.6057296991348267,0.20549559593200684,-0.22454138100147247,0.603388786315918,0.2054176926612854,-0.2245163470506668,0.6303561329841614,0.22904889285564423,-0.151385098695755,0.6035348176956177,0.21834546327590942,-0.08224133402109146,0.6079649925231934,0.22985956072807312,-0.2216569185256958,0.5974994897842407,0.22572903335094452,-0.20285408198833466,0.6621158719062805,0.32390862703323364,-0.09465625882148743,0.554004430770874,0.30663973093032837,-0.005610698834061623,0.6758701801300049,0.44419577717781067,-0.08582165837287903,0.483743816614151,0.29400399327278137,-0.09617210924625397,0.6763279438018799,0.5558500289916992,-0.14344581961631775,0.5397778749465942,0.20906628668308258,-0.25373247265815735,0.6775830984115601,0.5900908708572388,-0.1670224964618683,0.5489131212234497,0.18417753279209137,-0.3016466498374939,0.6672458648681641,0.5866851210594177,-0.20132064819335938,0.5581752061843872,0.1866891235113144,-0.28206440806388855,0.663159966468811,0.5764551162719727,-0.1568516343832016,0.5585737824440002,0.19699932634830475,-0.25555866956710815,0.6252785921096802,0.5439002513885498,-0.0012207151157781482,0.5590455532073975,0.5355604290962219,0.0008868695003911853,0.6338974237442017,0.7109518647193909,0.02864760160446167,0.543777585029602,0.7070852518081665,-0.000673033413477242,0.6512351036071777,0.856609582901001,0.2628660798072815,0.5274606347084045,0.8510252237319946,0.19966256618499756,0.6440052390098572,0.8735276460647583,0.2770583927631378,0.5329562425613403,0.8675743937492371,0.2115471363067627,0.6775041818618774,0.9086416363716125,0.11191829293966293,0.5150150060653687,0.9071407318115234,0.05143360048532486
82,drink,a16_s03_e01,0.6058152914047241,0.21248717606067657,-0.24783682823181152,0.6169947385787964,0.20764528214931488,-0.23441818356513977,0.620141863822937,0.20919471979141235,-0.23435905575752258,0.623464822769165,0.21103538572788239,-0.23434123396873474,0.6081584095954895,0.20543085038661957,-0.21889455616474152,0.6057690978050232,0.20534469187259674,-0.21892857551574707,0.6034294962882996,0.20523619651794434,-0.21890144050121307,0.6303438544273376,0.22906695306301117,-0.1469353586435318,0.6035016775131226,0.21829648315906525,-0.07778871804475784,0.6078873872756958,0.22972413897514343,-0.21642465889453888,0.5974766612052917,0.22548387944698334,-0.19744426012039185,0.6621254682540894,0.32409775257110596,-0.0913592278957367,0.5539430975914001,0.30661946535110474,-0.0016577426576986909,0.675873875617981,0.44419994950294495,-0.0822194367647171,0.4837494492530823,0.29402071237564087,-0.0915372371673584,0.6765002012252808,0.555614709854126,-0.1391472965478897,0.5397319197654724,0.20908716320991516,-0.24911382794380188,0.6778294444084167,0.590053915977478,-0.16263917088508606,0.5488406419754028,0.18419556319713593,-0.2973021864891052,0.6677148342132568,0.5866831541061401,-0.19692975282669067,0.5580865144729614,0.1867201030254364,-0.27871888875961304,0.6636438369750977,0.5764644742012024,-0.1525745540857315,0.5585501790046692,0.19698695838451385,-0.25143560767173767,0.6253014802932739,0.5437758564949036,-0.001551611814647913,0.5590234994888306,0.5354968309402466,0.00122541724704206,0.6338987350463867,0.7109360098838806,0.026227936148643494,0.5437652468681335,0.7071599364280701,-0.0005145440227352083,0.6512984037399292,0.8568175435066223,0.2555873692035675,0.5274130702018738,0.8512305021286011,0.19938422739505768,0.6441867351531982,0.8736942410469055,0.2692299485206604,0.5329495668411255,0.8680425882339478,0.211213618516922,0.6773937940597534,0.9086822867393494,0.10421810299158096,0.5150147080421448,0.9071546792984009,0.05130390450358391
83,drink,a16_s03_e01,0.6055394411087036,0.2121722400188446,-0.23971417546272278,0.6167987585067749,0.2074858695268631,-0.22823771834373474,0.6199637651443481,0.20906312763690948,-0.22818025946617126,0.6232375502586365,0.21090716123580933,-0.22816555202007294,0.6080843210220337,0.2051919400691986,-0.21145668625831604,0.6057292222976685,0.2050766944885254,-0.21149082481861115,0.6034092903137207,0.20495560765266418,-0.2114609181880951,0.6301969289779663,0.22898410260677338,-0.14586113393306732,0.6034994721412659,0.21819289028644562,-0.07287884503602982,0.6074749231338501,0.22950418293476105,-0.2106674611568451,0.5973092913627625,0.2252780944108963,-0.1900618076324463,0.662121593952179,0.32422032952308655,-0.09157469868659973,0.5538657307624817,0.30661067366600037,0.004113337490707636,0.6758807301521301,0.4441770017147064,-0.08300084620714188,0.4837401807308197,0.294034481048584,-0.08186662942171097,0.6766916513442993,0.5553268790245056,-0.13855716586112976,0.5396936535835266,0.20909413695335388,-0.24134421348571777,0.6781297326087952,0.5899068713188171,-0.16152910888195038,0.5488045811653137,0.18420441448688507,-0.28792232275009155,0.6683346033096313,0.5866753458976746,-0.19560614228248596,0.5580515265464783,0.18674376606941223,-0.2690170407295227,0.6642616987228394,0.576479971408844,-0.15178464353084564,0.5584539771080017,0.19698825478553772,-0.24335169792175293,0.6252870559692383,0.5436331033706665,-0.0019969295244663954,0.5589879751205444,0.535447359085083,0.0016749592032283545,0.6339095234870911,0.7108284831047058,0.02316299080848694,0.543759286403656,0.7071656584739685,-0.0004966493579559028,0.6513820886611938,0.8569128513336182,0.24941881000995636,0.5273594856262207,0.8512905240058899,0.199182391166687,0.6443639993667603,0.8737606406211853,0.26277974247932434,0.5329073071479797,0.8681984543800354,0.21090929210186005,0.6773622632026672,0.9087060689926147,0.09885147213935852,0.5150551199913025,0.9071605205535889,0.05127072334289551
84,drink,a16_s03_e01,0.6044676899909973,0.21208356320858002,-0.2329818308353424,0.6160540580749512,0.20737957954406738,-0.22340330481529236,0.6193498373031616,0.20896774530410767,-0.2233494520187378,0.6226229667663574,0.21079929172992706,-0.22333863377571106,0.6076003313064575,0.2050635665655136,-0.20520713925361633,0.6053634881973267,0.20493851602077484,-0.2052384614944458,0.603134036064148,0.20481692254543304,-0.20520558953285217,0.6299439668655396,0.22886256873607635,-0.14587529003620148,0.6034964323043823,0.21812383830547333,-0.06786959618330002,0.6064190864562988,0.2294752299785614,-0.2058730125427246,0.5967206358909607,0.22524923086166382,-0.1834104061126709,0.6621217131614685,0.3242866098880768,-0.09220247715711594,0.5538661479949951,0.3065465986728668,0.011721000075340271,0.6758843660354614,0.4441167116165161,-0.08312682062387466,0.4837508797645569,0.29405269026756287,-0.06555826216936111,0.6770560145378113,0.5549532771110535,-0.13938838243484497,0.5394647717475891,0.20910979807376862,-0.22264011204242706,0.6785831451416016,0.5896884799003601,-0.16219547390937805,0.5484712719917297,0.18421198427677155,-0.26669198274612427,0.6689732074737549,0.5866422653198242,-0.19621798396110535,0.5578441023826599,0.18676337599754333,-0.24760885536670685,0.6648930311203003,0.5764782428741455,-0.1525404453277588,0.5582541227340698,0.19699980318546295,-0.22422325611114502,0.625280499458313,0.5435429215431213,-0.0028924397192895412,0.5589811205863953,0.5354096293449402,0.002579527208581567,0.6339874863624573,0.710745096206665,0.019729051738977432,0.5437515377998352,0.707125723361969,-0.0005215814453549683,0.6514133214950562,0.8569153547286987,0.24423885345458984,0.527301013469696,0.8513356447219849,0.19701923429965973,0.6443892121315002,0.8737788796424866,0.25753727555274963,0.5328840017318726,0.8683396577835083,0.20840337872505188,0.6773562431335449,0.9087297916412354,0.0958821028470993,0.5150498151779175,0.9071613550186157,0.050715137273073196
85,drink,a16_s03_e01,0.6041248440742493,0.21197447180747986,-0.22993385791778564,0.6155913472175598,0.20730283856391907,-0.22008928656578064,0.6189091205596924,0.208897665143013,-0.2200344055891037,0.6221234798431396,0.21071584522724152,-0.22002239525318146,0.6074262261390686,0.20500749349594116,-0.2020525187253952,0.6052699685096741,0.20489157736301422,-0.20208552479743958,0.6030899286270142,0.2047813981771469,-0.20205076038837433,0.6297003626823425,0.22877120971679688,-0.14287666976451874,0.6035183668136597,0.21810024976730347,-0.06494541466236115,0.6061018705368042,0.22934216260910034,-0.20275501906871796,0.5965870022773743,0.2251974642276764,-0.18051157891750336,0.6620979905128479,0.3243351876735687,-0.0905277356505394,0.5538961291313171,0.30649805068969727,0.013634681701660156,0.6758877038955688,0.44400113821029663,-0.08361494541168213,0.4837118685245514,0.2943892180919647,-0.06743694096803665,0.6774618029594421,0.5544469952583313,-0.13960778713226318,0.5376753211021423,0.2091539204120636,-0.22702474892139435,0.6791229844093323,0.5893029570579529,-0.16226652264595032,0.5463082194328308,0.18437530100345612,-0.2718382477760315,0.6696149110794067,0.5864637494087219,-0.19628402590751648,0.5554842948913574,0.18679627776145935,-0.2525949776172638,0.6654547452926636,0.5764018893241882,-0.15273046493530273,0.5559883713722229,0.19701766967773438,-0.22860224545001984,0.6252516508102417,0.5433405637741089,-0.003070331644266844,0.5589742660522461,0.5351704955101013,0.0027566072531044483,0.6340233087539673,0.7106166481971741,0.01945793628692627,0.5437473058700562,0.7069334387779236,-0.0006402697181329131,0.6514467000961304,0.8569257259368896,0.2435925453901291,0.5272635221481323,0.8513376712799072,0.19520899653434753,0.6444812417030334,0.8737819790840149,0.25686943531036377,0.532866358757019,0.8684128522872925,0.20644783973693848,0.6773508191108704,0.9087444543838501,0.0956193208694458,0.5150464773178101,0.9071446061134338,0.049642980098724365
86,drink,a16_s03_e01,0.6024388074874878,0.21169497072696686,-0.22674521803855896,0.614115297794342,0.20689250528812408,-0.21824756264686584,0.6175407767295837,0.2084389179944992,-0.2181938886642456,0.6208134293556213,0.2101912498474121,-0.2181815207004547,0.6065479516983032,0.20471718907356262,-0.19899588823318481,0.6046133041381836,0.20461858808994293,-0.1990279257297516,0.6026301980018616,0.20453491806983948,-0.19899435341358185,0.6291375160217285,0.22834090888500214,-0.14384622871875763,0.6035641431808472,0.21787548065185547,-0.0625598207116127,0.6046203374862671,0.2289096713066101,-0.20120587944984436,0.5957132577896118,0.2250746339559555,-0.1774226725101471,0.6620510220527649,0.3243865370750427,-0.0926612839102745,0.5539224743843079,0.30632275342941284,0.01711597479879856,0.6759070158004761,0.44392719864845276,-0.0896567776799202,0.4835014343261719,0.2951347529888153,-0.06181188300251961,0.6778011918067932,0.5544816851615906,-0.1441091001033783,0.5353458523750305,0.2095915973186493,-0.22285957634449005,0.6795121431350708,0.5892981886863708,-0.16631963849067688,0.5439962148666382,0.1848616749048233,-0.2670589089393616,0.6701956391334534,0.5865744352340698,-0.2004537284374237,0.5530139207839966,0.1871342808008194,-0.24730288982391357,0.6660580635070801,0.5765708088874817,-0.1571630835533142,0.5537028312683105,0.19755783677101135,-0.2242153435945511,0.6252065896987915,0.5432917475700378,-0.0041025662794709206,0.5589672923088074,0.5351143479347229,0.0037843328900635242,0.6340479254722595,0.7104419469833374,0.015548351220786572,0.5437399744987488,0.7067540287971497,-0.00015772397455293685,0.651449978351593,0.8569088578224182,0.2421693503856659,0.5272575616836548,0.8513396978378296,0.19631880521774292,0.6444810032844543,0.8737032413482666,0.2557327449321747,0.5328786969184875,0.8684118986129761,0.20773927867412567,0.6772853136062622,0.908738374710083,0.09497306495904922,0.5150586366653442,0.9071382284164429,0.0523519441485405
87,drink,a16_s03_e01,0.5991565585136414,0.21087008714675903,-0.21751777827739716,0.6111205220222473,0.20589949190616608,-0.2112857550382614,0.6143492460250854,0.20734050869941711,-0.21123763918876648,0.6176610589027405,0.20896963775157928,-0.2112303078174591,0.6045588254928589,0.2039022296667099,-0.19014060497283936,0.6030597686767578,0.20386359095573425,-0.1901664137840271,0.6015104055404663,0.20385192334651947,-0.19013504683971405,0.6274603009223938,0.22742389142513275,-0.14443378150463104,0.6035976409912109,0.2174353301525116,-0.05562931299209595,0.6008127927780151,0.22809337079524994,-0.19490399956703186,0.5936222076416016,0.22480779886245728,-0.16861659288406372,0.6619080305099487,0.32440999150276184,-0.09580738842487335,0.5539233088493347,0.3062196671962738,0.02418825402855873,0.675972580909729,0.4438492953777313,-0.0950268805027008,0.4833187162876129,0.2956418991088867,-0.04729307442903519,0.6782884001731873,0.5543858408927917,-0.1466529220342636,0.5336352586746216,0.20963703095912933,-0.2029675543308258,0.6801141500473022,0.5891323685646057,-0.16815832257270813,0.5419731140136719,0.18499666452407837,-0.2450338900089264,0.6708739399909973,0.5865432620048523,-0.20238251984119415,0.5508753657341003,0.18731972575187683,-0.22539694607257843,0.6667270064353943,0.576568603515625,-0.1595267355442047,0.5516597032546997,0.19771528244018555,-0.2042131870985031,0.6250962018966675,0.543272852897644,-0.0051519181579351425,0.55893474817276,0.5350961685180664,0.004831529222428799,0.6341065168380737,0.7104617953300476,0.012117408215999603,0.5437344312667847,0.706717848777771,-0.0001309317594859749,0.6514711380004883,0.8569368720054626,0.24245528876781464,0.5272433161735535,0.8513453602790833,0.19688713550567627,0.6445203423500061,0.8737123012542725,0.25637173652648926,0.5328951478004456,0.8684553503990173,0.2084779441356659,0.6772737503051758,0.9088632464408875,0.09611843526363373,0.5150526762008667,0.9071388840675354,0.0542193166911602
88,drink,a16_s03_e01,0.5984082818031311,0.21066614985466003,-0.22127553820610046,0.6102360486984253,0.20580396056175232,-0.2138427197933197,0.6134929656982422,0.2072686105966568,-0.2137923687696457,0.616852879524231,0.2089213877916336,-0.21378305554389954,0.6036747694015503,0.20379014313220978,-0.19366206228733063,0.6022003293037415,0.20376621186733246,-0.193690225481987,0.6007155179977417,0.20378057658672333,-0.1936582773923874,0.6265214681625366,0.2273378223180771,-0.14483478665351868,0.6033515930175781,0.21742089092731476,-0.05811763554811478,0.6003312468528748,0.22785024344921112,-0.19720178842544556,0.5930836796760559,0.22469687461853027,-0.17214027047157288,0.6617006063461304,0.3243594169616699,-0.09637755900621414,0.5537709593772888,0.30615881085395813,0.02126285806298256,0.6759809255599976,0.4436211585998535,-0.09548477083444595,0.4828640818595886,0.2961750030517578,-0.05466796085238457,0.678634524345398,0.5542021989822388,-0.14783281087875366,0.5323522090911865,0.20942015945911407,-0.21220307052135468,0.6805669665336609,0.5888978838920593,-0.1691981554031372,0.5405012369155884,0.18498583137989044,-0.25549638271331787,0.6714500188827515,0.5864726305007935,-0.20362265408039093,0.5496846437454224,0.18732160329818726,-0.23585565388202667,0.6672986745834351,0.5765431523323059,-0.16081760823726654,0.5504299402236938,0.19762708246707916,-0.21355688571929932,0.625080943107605,0.5430856943130493,-0.005556080956012011,0.5589295625686646,0.5350198149681091,0.005232017021626234,0.6341302394866943,0.71030193567276,0.012265856377780437,0.5437279939651489,0.7067111730575562,-4.60062365164049e-05,0.6514737606048584,0.8567231297492981,0.24131324887275696,0.5272396802902222,0.851352334022522,0.19688038527965546,0.6445056200027466,0.8735826015472412,0.25512930750846863,0.5330542922019958,0.8684498071670532,0.20847225189208984,0.677246630191803,0.9088698625564575,0.09510910511016846,0.5150379538536072,0.9071231484413147,0.05400998517870903
89,drink,a16_s03_e01,0.5981823205947876,0.21015262603759766,-0.2100020945072174,0.6098475456237793,0.20536231994628906,-0.20208938419818878,0.6131287813186646,0.20681151747703552,-0.20204433798789978,0.6165418028831482,0.20846185088157654,-0.2020353078842163,0.6033046841621399,0.20333419740200043,-0.18201221525669098,0.6018416285514832,0.2033136785030365,-0.182035893201828,0.6003932952880859,0.20334193110466003,-0.18199749290943146,0.6262351870536804,0.22701521217823029,-0.1341952085494995,0.603222668170929,0.21710306406021118,-0.046815983951091766,0.6000875234603882,0.22739267349243164,-0.1861475259065628,0.5928130149841309,0.22437313199043274,-0.16115866601467133,0.6616182923316956,0.3240956962108612,-0.08959192037582397,0.5536447763442993,0.3057723939418793,0.030312564224004745,0.6759840846061707,0.443258136510849,-0.09099625051021576,0.4824778437614441,0.2967168390750885,-0.04605916142463684,0.6790186166763306,0.5534639954566956,-0.14604803919792175,0.5303612947463989,0.20892183482646942,-0.2035319060087204,0.6810706853866577,0.588211178779602,-0.16759935021400452,0.5380600094795227,0.18477341532707214,-0.24671025574207306,0.6720709204673767,0.5859953165054321,-0.20213928818702698,0.5474599003791809,0.1870528906583786,-0.22769112884998322,0.6678829789161682,0.5762354731559753,-0.15922246873378754,0.5483983159065247,0.19722305238246918,-0.20523104071617126,0.625069260597229,0.5428435802459717,-0.005784422159194946,0.5589232444763184,0.5349108576774597,0.005463548935949802,0.6341966986656189,0.7102493643760681,0.00824853964149952,0.543733537197113,0.7067025899887085,-5.8086377975996584e-05,0.6514556407928467,0.8562575578689575,0.23598472774028778,0.5272334814071655,0.8513591885566711,0.19753864407539368,0.644406259059906,0.8731648325920105,0.24968275427818298,0.5331379771232605,0.868445098400116,0.20924028754234314,0.6772005558013916,0.9088586568832397,0.09003301709890366,0.5150481462478638,0.9070742726325989,0.05518583208322525
90,drink,a16_s03_e01,0.598314106464386,0.20979276299476624,-0.2246171236038208,0.6099500060081482,0.2050744891166687,-0.21418440341949463,0.6132069826126099,0.2065833956003189,-0.21414077281951904,0.6165996789932251,0.2083001285791397,-0.21412423253059387,0.6033370494842529,0.20294302701950073,-0.1962483525276184,0.6018601655960083,0.20289908349514008,-0.1962803304195404,0.6003948450088501,0.20291215181350708,-0.19623026251792908,0.6262428164482117,0.22685688734054565,-0.1359560489654541,0.6030176877975464,0.21675461530685425,-0.057320497930049896,0.6003109216690063,0.22709165513515472,-0.19683223962783813,0.5928425192832947,0.22400729358196259,-0.17456984519958496,0.6614965200424194,0.32391995191574097,-0.09039261192083359,0.5533360838890076,0.30563920736312866,0.02839144505560398,0.6759821176528931,0.4429406225681305,-0.09099569171667099,0.4822074770927429,0.2984852194786072,-0.055451054126024246,0.6792420148849487,0.553080677986145,-0.14740148186683655,0.5276018381118774,0.2088870406150818,-0.22839780151844025,0.6813099980354309,0.5878341197967529,-0.1695251315832138,0.5337532162666321,0.18474838137626648,-0.27460169792175293,0.6723761558532715,0.5857786536216736,-0.20472757518291473,0.5429201722145081,0.18689391016960144,-0.2564076781272888,0.6682068109512329,0.5760852098464966,-0.16099362075328827,0.5442560315132141,0.19693990051746368,-0.2306959629058838,0.6250659227371216,0.5425927042961121,-0.006408856250345707,0.5589191317558289,0.5348030924797058,0.0060885315760970116,0.634229302406311,0.7101191878318787,0.009891992434859276,0.5437464714050293,0.7065974473953247,0.0023639469873160124,0.6514527201652527,0.8559606671333313,0.23741905391216278,0.5272313356399536,0.8513530492782593,0.2002989947795868,0.644403338432312,0.8729955554008484,0.25104305148124695,0.5332432985305786,0.8684366941452026,0.21190468966960907,0.6770509481430054,0.9088437557220459,0.09098567068576813,0.5150551199913025,0.9069792032241821,0.05743156746029854
91,drink,a16_s03_e01,0.5975320935249329,0.20937465131282806,-0.2144785374403,0.6089872717857361,0.2042689472436905,-0.2071293592453003,0.6123331785202026,0.2057100236415863,-0.20709030330181122,0.6159070730209351,0.20737339556217194,-0.20708265900611877,0.6023467779159546,0.20214718580245972,-0.18669967353343964,0.6009512543678284,0.20210197567939758,-0.18672071397304535,0.5996015667915344,0.20212338864803314,-0.18667015433311462,0.6258692145347595,0.2260887175798416,-0.13750167191028595,0.6026600003242493,0.21609453856945038,-0.050342410802841187,0.5998363494873047,0.22688564658164978,-0.1904284954071045,0.5922855138778687,0.223854199051857,-0.16485880315303802,0.6614686846733093,0.3237188756465912,-0.0927143543958664,0.5531371235847473,0.305633008480072,0.0357445552945137,0.6759850382804871,0.44258594512939453,-0.09440085291862488,0.48159027099609375,0.30052879452705383,-0.030187159776687622,0.6794509291648865,0.552751362323761,-0.14879748225212097,0.5243929624557495,0.20886284112930298,-0.18555134534835815,0.681493878364563,0.5875510573387146,-0.17065127193927765,0.5303824543952942,0.1847269982099533,-0.22713789343833923,0.6725262403488159,0.585603654384613,-0.20550432801246643,0.5398147106170654,0.18683679401874542,-0.20941045880317688,0.668373703956604,0.5759474635124207,-0.16211754083633423,0.5411548018455505,0.19677209854125977,-0.18768122792243958,0.6250633597373962,0.5423913598060608,-0.008916549384593964,0.5589197874069214,0.5347326397895813,0.008611317723989487,0.6342311501502991,0.7099714875221252,0.006487125065177679,0.5437659025192261,0.706547200679779,0.005931816529482603,0.6514514684677124,0.8556760549545288,0.23123565316200256,0.5272400379180908,0.8513516783714294,0.20376846194267273,0.6444023847579956,0.8728213906288147,0.2447250336408615,0.5333930850028992,0.8684254884719849,0.21534867584705353,0.6769167184829712,0.9088162183761597,0.0856643095612526,0.5150686502456665,0.9069544076919556,0.06216903775930405
92,drink,a16_s03_e01,0.5976499915122986,0.20897908508777618,-0.21981291472911835,0.6090074777603149,0.20400993525981903,-0.21174940466880798,0.6123732328414917,0.2054973691701889,-0.2117140293121338,0.6159533262252808,0.20723885297775269,-0.21170750260353088,0.6023106575012207,0.2018413543701172,-0.19196918606758118,0.6008774042129517,0.2018018215894699,-0.19199198484420776,0.5995017290115356,0.2018430233001709,-0.19192662835121155,0.6256201863288879,0.22588349878787994,-0.14036379754543304,0.6020675897598267,0.21594427525997162,-0.05505622550845146,0.5999359488487244,0.22640366852283478,-0.19474545121192932,0.592300534248352,0.2233986109495163,-0.16993755102157593,0.6612921953201294,0.32359933853149414,-0.0962434858083725,0.5523842573165894,0.3056314289569855,0.03268824890255928,0.6759802103042603,0.4420713782310486,-0.09690258651971817,0.48028773069381714,0.3025623559951782,-0.03596985340118408,0.6795998215675354,0.552370011806488,-0.15376527607440948,0.5213828086853027,0.20869305729866028,-0.20079860091209412,0.6816259622573853,0.587264358997345,-0.17576076090335846,0.5267195701599121,0.1846286654472351,-0.24252371490001678,0.6726670265197754,0.5853998064994812,-0.21034829318523407,0.5368274450302124,0.1864636093378067,-0.22666236758232117,0.6685298681259155,0.5757964253425598,-0.16700759530067444,0.53849858045578,0.19620822370052338,-0.20376022160053253,0.6250365972518921,0.5422277450561523,-0.008894352242350578,0.5588896870613098,0.5347253680229187,0.0085865817964077,0.6342425346374512,0.7098677754402161,0.007162361405789852,0.5437783002853394,0.7064858675003052,0.0071363290771842,0.6514443755149841,0.8554356098175049,0.2305784970521927,0.5272402167320251,0.8513219952583313,0.2056988924741745,0.6444008350372314,0.8726649880409241,0.24388010799884796,0.5335119366645813,0.8683555722236633,0.2173273265361786,0.6768478155136108,0.9087786078453064,0.0844142958521843,0.515081524848938,0.9069111347198486,0.06363072246313095
93,drink,a16_s03_e01,0.597403883934021,0.20813027024269104,-0.2060871124267578,0.6085416078567505,0.2034197449684143,-0.19942708313465118,0.6118795871734619,0.20499546825885773,-0.19939562678337097,0.6154719591140747,0.20683233439922333,-0.1993941366672516,0.6018578410148621,0.20119325816631317,-0.17821398377418518,0.6004436612129211,0.2012166529893875,-0.17823216319084167,0.599104642868042,0.20133239030838013,-0.17817309498786926,0.6251322031021118,0.2257084846496582,-0.13662800192832947,0.6014478802680969,0.215772807598114,-0.044162653386592865,0.5996428728103638,0.22500768303871155,-0.18409423530101776,0.5920580625534058,0.22222311794757843,-0.15736478567123413,0.6611363887786865,0.32330161333084106,-0.09633540362119675,0.5519932508468628,0.3056245744228363,0.04023280367255211,0.6759207248687744,0.44161921739578247,-0.0984472930431366,0.47984766960144043,0.30506592988967896,-0.022173549979925156,0.6796713471412659,0.5521527528762817,-0.15379026532173157,0.5178171396255493,0.2086961716413498,-0.17577846348285675,0.6816486120223999,0.5870839953422546,-0.17534923553466797,0.5210971236228943,0.18458174169063568,-0.2152927815914154,0.6727034449577332,0.5852972269058228,-0.20958073437213898,0.5314878225326538,0.18599550426006317,-0.19896510243415833,0.668578028678894,0.5757293701171875,-0.16668787598609924,0.5338736176490784,0.1957131326198578,-0.17840877175331116,0.6250302791595459,0.5421203970909119,-0.010490982793271542,0.5588594675064087,0.5347620844841003,0.010191315785050392,0.6342447996139526,0.7095834612846375,0.00021725536498706788,0.543790876865387,0.706478476524353,0.008508872240781784,0.651430606842041,0.8552096486091614,0.22206640243530273,0.5272454023361206,0.8513181209564209,0.2079717367887497,0.6444004774093628,0.8725376725196838,0.23542752861976624,0.5336401462554932,0.8683372139930725,0.21977464854717255,0.6767679452896118,0.908715009689331,0.07770184427499771,0.5150920152664185,0.906897783279419,0.06831994652748108
94,drink,a16_s03_e01,0.5971055030822754,0.2071770876646042,-0.20556285977363586,0.6083060503005981,0.20271578431129456,-0.19828853011131287,0.611626386642456,0.2043958455324173,-0.19825713336467743,0.6151906251907349,0.20633237063884735,-0.19825433194637299,0.6015438437461853,0.20027969777584076,-0.1773930937051773,0.6001013517379761,0.2002822309732437,-0.17741166055202484,0.5987443923950195,0.20039582252502441,-0.17735368013381958,0.6247074604034424,0.22555409371852875,-0.13454480469226837,0.6009587049484253,0.21547240018844604,-0.04261675104498863,0.598861575126648,0.22396697103977203,-0.18304626643657684,0.591523289680481,0.22109076380729675,-0.1567276418209076,0.6608916521072388,0.32318422198295593,-0.0962703675031662,0.5518914461135864,0.30563783645629883,0.04192158579826355,0.675868809223175,0.4413941204547882,-0.09847961366176605,0.47972655296325684,0.30744507908821106,-0.021961620077490807,0.6796931028366089,0.5521144866943359,-0.15398970246315002,0.5160254836082458,0.2085762917995453,-0.1789027601480484,0.6816559433937073,0.5869665741920471,-0.17541687190532684,0.5195363759994507,0.18442071974277496,-0.2193596363067627,0.6727080345153809,0.5852361917495728,-0.20920224487781525,0.5293158292770386,0.18564409017562866,-0.2031499445438385,0.6685815453529358,0.5757104158401489,-0.16667430102825165,0.5313726663589478,0.19526995718479156,-0.18170568346977234,0.625027596950531,0.5421112775802612,-0.011305717751383781,0.5588550567626953,0.5348954796791077,0.011012403294444084,0.6342530846595764,0.7094355821609497,-0.0001462475920561701,0.5437893271446228,0.7064715027809143,0.009397090412676334,0.6514202356338501,0.8549702167510986,0.2219058722257614,0.527234673500061,0.8512461185455322,0.2090277373790741,0.6444025635719299,0.8723756670951843,0.23528651893138885,0.5336558222770691,0.8683083057403564,0.2207999974489212,0.6765998601913452,0.9086084961891174,0.07742752134799957,0.5150738954544067,0.9068628549575806,0.06932959705591202
95,drink,a16_s03_e01,0.5962931513786316,0.2070695459842682,-0.20905232429504395,0.607615053653717,0.20246575772762299,-0.2013416290283203,0.6109407544136047,0.20416764914989471,-0.20130307972431183,0.6145166754722595,0.2061448097229004,-0.20129840075969696,0.6008259654045105,0.19996224343776703,-0.1808955818414688,0.5994263887405396,0.1999400407075882,-0.18091580271720886,0.5980942845344543,0.20002904534339905,-0.18086685240268707,0.6242870092391968,0.22550682723522186,-0.1354304850101471,0.6005167365074158,0.21536484360694885,-0.04534905031323433,0.5977751016616821,0.22399203479290009,-0.18565593659877777,0.5906776785850525,0.22106561064720154,-0.16002240777015686,0.6608282327651978,0.32316479086875916,-0.09685579687356949,0.5516806840896606,0.30597731471061707,0.03809626027941704,0.6757985353469849,0.44103631377220154,-0.10052789747714996,0.47904619574546814,0.31012362241744995,-0.028758252039551735,0.6796921491622925,0.5518164038658142,-0.15814122557640076,0.5139553546905518,0.20812183618545532,-0.20689420402050018,0.6816655397415161,0.5867605805397034,-0.1796565055847168,0.516273558139801,0.18386180698871613,-0.24956326186656952,0.6727105975151062,0.5850702524185181,-0.21274062991142273,0.5262948870658875,0.1845512092113495,-0.23415744304656982,0.668573260307312,0.5756108164787292,-0.1706988513469696,0.5286104679107666,0.19411277770996094,-0.2104227989912033,0.6250259876251221,0.5421181321144104,-0.011077051982283592,0.5588563680648804,0.5352007150650024,0.010781677439808846,0.6343032717704773,0.7093698382377625,0.0014996363315731287,0.5438169240951538,0.7064512372016907,0.009907028637826443,0.6514251828193665,0.854960560798645,0.2240641564130783,0.5272343754768372,0.8511819243431091,0.2104097604751587,0.6444251537322998,0.8723739981651306,0.23740927875041962,0.5336920619010925,0.868229866027832,0.22228243947029114,0.6765956282615662,0.9085909724235535,0.07910529524087906,0.515110194683075,0.906810998916626,0.07024529576301575
96,drink,a16_s03_e01,0.596366286277771,0.20669016242027283,-0.2118057906627655,0.6076868772506714,0.2022276371717453,-0.2016301453113556,0.611009955406189,0.20396386086940765,-0.2015891969203949,0.6145669221878052,0.20600084960460663,-0.2016010731458664,0.6008071899414062,0.19962188601493835,-0.18376536667346954,0.5993322134017944,0.19957096874713898,-0.18380509316921234,0.5979251861572266,0.19963201880455017,-0.1837475597858429,0.6242430806159973,0.22539032995700836,-0.13508132100105286,0.5998318791389465,0.21519847214221954,-0.050151240080595016,0.5978161096572876,0.22390545904636383,-0.18599388003349304,0.5906716585159302,0.22087816894054413,-0.16389840841293335,0.6607333421707153,0.3231586813926697,-0.09410524368286133,0.5509067177772522,0.3063935339450836,0.027784939855337143,0.6755464673042297,0.4407225251197815,-0.09911953657865524,0.47843074798583984,0.31334444880485535,-0.06549712270498276,0.6796801686286926,0.5512111186981201,-0.15855397284030914,0.5103048086166382,0.20813436806201935,-0.2522881329059601,0.681665301322937,0.5862408876419067,-0.1800748109817505,0.5110312700271606,0.18377871811389923,-0.29785847663879395,0.6727136373519897,0.5846524834632874,-0.21295969188213348,0.5205987095832825,0.1840425282716751,-0.28180715441703796,0.6685653924942017,0.5753475427627563,-0.17122569680213928,0.5239332318305969,0.19351337850093842,-0.2557329535484314,0.6250274181365967,0.5421182513237,-0.010599235072731972,0.5588541626930237,0.5353665947914124,0.010298006236553192,0.6343153119087219,0.7092940211296082,0.0015633238945156336,0.5438178181648254,0.7064464092254639,0.009516187943518162,0.6514197587966919,0.8548724055290222,0.22361049056053162,0.5272324085235596,0.8511476516723633,0.20888957381248474,0.6444235444068909,0.8723134398460388,0.2364792823791504,0.5337008833885193,0.868215799331665,0.22043773531913757,0.6765562295913696,0.9085471630096436,0.07856395095586777,0.515112578868866,0.9068073630332947,0.0692475438117981
97,drink,a16_s03_e01,0.5964241027832031,0.2057316154241562,-0.2260013073682785,0.6077250242233276,0.20149140059947968,-0.2124612033367157,0.6110687851905823,0.20326969027519226,-0.2124158889055252,0.6146249771118164,0.20531488955020905,-0.2123933583498001,0.6005655527114868,0.1986749768257141,-0.19749292731285095,0.5989518761634827,0.19856683909893036,-0.19754545390605927,0.5974090695381165,0.1985805630683899,-0.19748178124427795,0.624174952507019,0.22496122121810913,-0.13521042466163635,0.5988213419914246,0.21453116834163666,-0.06154440715909004,0.5979049205780029,0.22364471852779388,-0.1961762011051178,0.5905659794807434,0.22050660848617554,-0.17764416337013245,0.6604768633842468,0.32316023111343384,-0.09058801829814911,0.549970805644989,0.30706289410591125,0.015273923985660076,0.6752787232398987,0.4405699372291565,-0.09366290271282196,0.4770263731479645,0.3169824779033661,-0.09277593344449997,0.6796649098396301,0.5509411692619324,-0.15784277021884918,0.5067151784896851,0.20898914337158203,-0.2932075560092926,0.6816632151603699,0.5859296917915344,-0.1793878823518753,0.5069765448570251,0.18407253921031952,-0.3419308662414551,0.6727079153060913,0.5843291878700256,-0.2125377655029297,0.5162320733070374,0.18408790230751038,-0.3256503939628601,0.6685576438903809,0.5751564502716064,-0.17053751647472382,0.5198574662208557,0.19350844621658325,-0.2967972159385681,0.6250265836715698,0.5421164035797119,-0.009387755766510963,0.5588632822036743,0.5354407429695129,0.009072531946003437,0.6343225240707397,0.7092511057853699,0.0069647496566176414,0.543820321559906,0.7063687443733215,0.009384713135659695,0.6514165997505188,0.8548484444618225,0.2239920198917389,0.5272435545921326,0.8511106371879578,0.2084692269563675,0.6444050073623657,0.8722793459892273,0.23743727803230286,0.5337915420532227,0.8681720495223999,0.2200198620557785,0.6764651536941528,0.9084839224815369,0.07947880774736404,0.5151218771934509,0.9067712426185608,0.06833044439554214
98,drink,a16_s03_e01,0.596360445022583,0.2049381583929062,-0.22548158466815948,0.6076111793518066,0.20104335248470306,-0.21147365868091583,0.6110065579414368,0.20287218689918518,-0.21142657101154327,0.614591121673584,0.20494729280471802,-0.21139168739318848,0.6000240445137024,0.1979830116033554,-0.19707269966602325,0.5982568264007568,0.19780881702899933,-0.1971178948879242,0.5965670347213745,0.19777041673660278,-0.19705837965011597,0.623890221118927,0.22466494143009186,-0.12750639021396637,0.5975621342658997,0.21408841013908386,-0.06114658713340759,0.5979717969894409,0.2233748733997345,-0.19534404575824738,0.5901747941970825,0.22005611658096313,-0.17689582705497742,0.6601706743240356,0.3229121267795563,-0.08259095251560211,0.5492330193519592,0.30719730257987976,0.01306392066180706,0.674911379814148,0.440066397190094,-0.08736000955104828,0.4765368402004242,0.3202740252017975,-0.11030183732509613,0.6796330213546753,0.5500290989875793,-0.15600666403770447,0.5023173093795776,0.21085554361343384,-0.3272201120853424,0.6816850900650024,0.5853026509284973,-0.1772323101758957,0.5017191171646118,0.18496736884117126,-0.3778429925441742,0.6727032661437988,0.5836983323097229,-0.2091161012649536,0.5099517107009888,0.18436826765537262,-0.3620065450668335,0.668486475944519,0.5746567845344543,-0.1685703545808792,0.5139652490615845,0.19359062612056732,-0.33140257000923157,0.6250423789024353,0.5420141816139221,-0.008494386449456215,0.5588613748550415,0.5354376435279846,0.00816225167363882,0.6343657970428467,0.7092459797859192,0.008052660152316093,0.5438116192817688,0.7062107920646667,0.00917276181280613,0.6515725255012512,0.8552338480949402,0.22237741947174072,0.5272426605224609,0.8511008024215698,0.20312580466270447,0.6445877552032471,0.8725294470787048,0.23468129336833954,0.5338138341903687,0.8681706190109253,0.2140243500471115,0.676468014717102,0.908646821975708,0.07649919390678406,0.5150996446609497,0.9067490696907043,0.06248820945620537
99,drink,a16_s03_e01,0.5943925976753235,0.2049684077501297,-0.2212989777326584,0.6057204604148865,0.20098267495632172,-0.2085699737071991,0.6093471646308899,0.2027692198753357,-0.2085256576538086,0.6129863262176514,0.20477312803268433,-0.20848803222179413,0.5981400609016418,0.19798129796981812,-0.19323888421058655,0.5965484380722046,0.19780316948890686,-0.19329337775707245,0.5950314998626709,0.1977512538433075,-0.19322875142097473,0.6228757500648499,0.22436769306659698,-0.12834317982196808,0.5967596769332886,0.2139270156621933,-0.05896496772766113,0.5963626503944397,0.22347424924373627,-0.19271889328956604,0.588839590549469,0.2201203852891922,-0.1734168976545334,0.6598106026649475,0.3228658437728882,-0.08442386239767075,0.5485826730728149,0.30743247270584106,0.013173853978514671,0.6745249032974243,0.43981215357780457,-0.08933931589126587,0.4757639467716217,0.3234387934207916,-0.09774486720561981,0.6796060800552368,0.5494932532310486,-0.15837931632995605,0.4945381283760071,0.21556422114372253,-0.3120378851890564,0.6816880106925964,0.5849133133888245,-0.17975494265556335,0.49267640709877014,0.18833845853805542,-0.3611767888069153,0.6726698279380798,0.5832762122154236,-0.21104176342487335,0.4996917247772217,0.18584133684635162,-0.34631603956222534,0.6683684587478638,0.5742884278297424,-0.17077746987342834,0.5037595629692078,0.19505329430103302,-0.3166864514350891,0.6250419616699219,0.5419549942016602,-0.00857396051287651,0.5588454008102417,0.535435140132904,0.008243316784501076,0.6343814134597778,0.7092419266700745,0.006806445308029652,0.5438003540039062,0.7060346007347107,0.00900889839977026,0.6516262292861938,0.8559585213661194,0.21634769439697266,0.5272183418273926,0.8511724472045898,0.2000083178281784,0.6446763277053833,0.8731517195701599,0.22808142006397247,0.533798336982727,0.868348240852356,0.21061153709888458,0.676462709903717,0.90879225730896,0.07046936452388763,0.5149695873260498,0.9067638516426086,0.05965418368577957
100,drink,a16_s03_e01,0.5923576354980469,0.20499387383460999,-0.20714107155799866,0.6035598516464233,0.2009078413248062,-0.19640526175498962,0.6073198318481445,0.20265232026576996,-0.19637374579906464,0.6109589338302612,0.20459435880184174,-0.19634504616260529,0.5963693857192993,0.1979835033416748,-0.17911621928215027,0.5949820876121521,0.19780786335468292,-0.17916199564933777,0.5936843156814575,0.19775256514549255,-0.1790909320116043,0.6216367483139038,0.22418038547039032,-0.12235422432422638,0.5962374806404114,0.2138887494802475,-0.046507373452186584,0.5944496989250183,0.223709836602211,-0.18139156699180603,0.5874906182289124,0.22034166753292084,-0.15974193811416626,0.6595080494880676,0.32283371686935425,-0.08354989439249039,0.5485695600509644,0.3084878921508789,0.028929227963089943,0.6742326021194458,0.4395374655723572,-0.09099741280078888,0.47520217299461365,0.32624152302742004,-0.08883548527956009,0.6795697212219238,0.5491998791694641,-0.16022005677223206,0.48934993147850037,0.21887114644050598,-0.28708726167678833,0.6816889047622681,0.584701418876648,-0.18173818290233612,0.487415075302124,0.19094404578208923,-0.33401989936828613,0.6726273894309998,0.5830311179161072,-0.2119443118572235,0.49380627274513245,0.18741841614246368,-0.3191967308521271,0.6682136654853821,0.5740254521369934,-0.17216894030570984,0.49736422300338745,0.1964510828256607,-0.29146578907966614,0.6250397562980652,0.5418850183486938,-0.00864764116704464,0.5588294267654419,0.5354219675064087,0.008321186527609825,0.6343859434127808,0.70918208360672,0.0025335452519357204,0.5437991619110107,0.7059785723686218,0.006868862546980381,0.6518054008483887,0.8567768335342407,0.20535871386528015,0.5271914601325989,0.8511723875999451,0.19366426765918732,0.6449726819992065,0.8741044402122498,0.21651211380958557,0.5336678624153137,0.8683492541313171,0.20400254428386688,0.6766613721847534,0.909143328666687,0.05952512100338936,0.5149732232093811,0.9067667722702026,0.053799618035554886
101,drink,a16_s03_e01,0.5913044214248657,0.2052105963230133,-0.2068413943052292,0.6024972796440125,0.2009430229663849,-0.19614717364311218,0.6063348650932312,0.20267391204833984,-0.19611695408821106,0.6099880337715149,0.20460502803325653,-0.19608765840530396,0.5951666831970215,0.1980699747800827,-0.17869745194911957,0.5937377214431763,0.19787640869617462,-0.17874139547348022,0.592435359954834,0.19779467582702637,-0.1786680519580841,0.6206865906715393,0.2241377830505371,-0.12182531505823135,0.5952595472335815,0.21389465034008026,-0.04562738537788391,0.5935379266738892,0.22426564991474152,-0.18110550940036774,0.5865029096603394,0.22071143984794617,-0.1592952460050583,0.6590365171432495,0.3226763904094696,-0.08412851393222809,0.5484330058097839,0.30886873602867126,0.03194655478000641,0.6740080118179321,0.4393371343612671,-0.09478577971458435,0.475027859210968,0.3294028639793396,-0.08583395183086395,0.6795284748077393,0.548945963382721,-0.16540922224521637,0.4846370220184326,0.22404272854328156,-0.2889553904533386,0.6816896796226501,0.5845301151275635,-0.18714109063148499,0.48129764199256897,0.1954006403684616,-0.33554568886756897,0.6725804209709167,0.5827668309211731,-0.21668288111686707,0.4876284599304199,0.19031541049480438,-0.322637140750885,0.6680724024772644,0.5737407803535461,-0.17713557183742523,0.49160128831863403,0.19954198598861694,-0.29430073499679565,0.6250367164611816,0.5418480634689331,-0.008736247196793556,0.5588037371635437,0.5354082584381104,0.008413142524659634,0.6344050765037537,0.709178626537323,0.0014286651276051998,0.5437620878219604,0.705933153629303,0.0060346657410264015,0.6519562005996704,0.8573614358901978,0.20158414542675018,0.527158796787262,0.8511989712715149,0.1899898201227188,0.645108163356781,0.874567449092865,0.2123742401599884,0.5336275696754456,0.8683713674545288,0.19997450709342957,0.6767515540122986,0.9093173146247864,0.05522405356168747,0.5149549245834351,0.9067853689193726,0.04969261214137077
102,drink,a16_s03_e01,0.5903254747390747,0.20621350407600403,-0.19529159367084503,0.601422131061554,0.20133113861083984,-0.18493029475212097,0.6053072810173035,0.20302051305770874,-0.18490923941135406,0.6089802980422974,0.20491954684257507,-0.18488329648971558,0.5941629409790039,0.19864292442798615,-0.16717275977134705,0.5927599668502808,0.19840867817401886,-0.1672121286392212,0.5915130376815796,0.198268860578537,-0.1671343743801117,0.6197499632835388,0.22414034605026245,-0.11267466843128204,0.5945062041282654,0.21407371759414673,-0.035287655889987946,0.592663586139679,0.22550736367702484,-0.1703222095966339,0.5855874419212341,0.22178837656974792,-0.14810523390769958,0.6586562395095825,0.322539359331131,-0.08026260137557983,0.5484441518783569,0.30969923734664917,0.04282555729150772,0.6739004850387573,0.43898895382881165,-0.0955006405711174,0.47502654790878296,0.3318693935871124,-0.07094516605138779,0.6795181035995483,0.5485557913780212,-0.1661069542169571,0.47784844040870667,0.22870372235774994,-0.28234007954597473,0.681696891784668,0.5843064785003662,-0.18778131902217865,0.4737882614135742,0.19981426000595093,-0.3283120393753052,0.6725671887397766,0.5824481248855591,-0.2169419229030609,0.48011937737464905,0.19355109333992004,-0.31598997116088867,0.6680097579956055,0.5734041929244995,-0.17763826251029968,0.48398447036743164,0.20322047173976898,-0.28787752985954285,0.6250342130661011,0.541796088218689,-0.009132815524935722,0.5587946772575378,0.5353492498397827,0.008824275806546211,0.634418249130249,0.7089555263519287,-0.0015506856143474579,0.5437449216842651,0.7057986855506897,0.004420657642185688,0.6519555449485779,0.8573514223098755,0.19180241227149963,0.5271368622779846,0.8512547016143799,0.18250705301761627,0.6450909376144409,0.874564528465271,0.20199128985404968,0.5335394144058228,0.8684625625610352,0.1918640285730362,0.6768242120742798,0.9093188643455505,0.0464053712785244,0.5149093866348267,0.9067558646202087,0.04252523556351662
103,drink,a16_s03_e01,0.588598906993866,0.20749928057193756,-0.19175730645656586,0.5996369123458862,0.20166261494159698,-0.18235909938812256,0.6035369038581848,0.20325419306755066,-0.18233200907707214,0.607291579246521,0.20508302748203278,-0.1822996884584427,0.5926600098609924,0.1991385966539383,-0.16426295042037964,0.5913830995559692,0.19888707995414734,-0.16430917382240295,0.5902578830718994,0.19870921969413757,-0.16423840820789337,0.6183265447616577,0.22408318519592285,-0.11343840509653091,0.5935696363449097,0.21413667500019073,-0.034557994455099106,0.5911073088645935,0.22662349045276642,-0.16791567206382751,0.5841201543807983,0.2229776382446289,-0.14521190524101257,0.65831458568573,0.32249516248703003,-0.07977110892534256,0.5480825901031494,0.3105676472187042,0.040083616971969604,0.6738269329071045,0.4388786256313324,-0.09594235569238663,0.4750957489013672,0.3360320031642914,-0.0710369348526001,0.6794975399971008,0.5482856631278992,-0.16605514287948608,0.4734162390232086,0.23390750586986542,-0.28907713294029236,0.6816960573196411,0.5841668248176575,-0.18732643127441406,0.46816858649253845,0.20593485236167908,-0.3350468575954437,0.6725519299507141,0.5822116136550903,-0.21654367446899414,0.4746480882167816,0.19820460677146912,-0.32558053731918335,0.6679656505584717,0.5731778740882874,-0.17755310237407684,0.47881537675857544,0.2076631635427475,-0.29577985405921936,0.6249891519546509,0.5418245792388916,-0.009260766208171844,0.5587002038955688,0.5353878140449524,0.008955398574471474,0.6344218254089355,0.7088524103164673,-0.0016949295531958342,0.5436753034591675,0.7057927846908569,0.0035598366521298885,0.6519004106521606,0.8573406934738159,0.18659861385822296,0.5271197557449341,0.8512834906578064,0.17653629183769226,0.6449357271194458,0.8745566606521606,0.19627921283245087,0.5334793925285339,0.8684995770454407,0.18546578288078308,0.6768811345100403,0.9092968702316284,0.04174505174160004,0.5147831439971924,0.9067763686180115,0.03638323396444321
104,drink,a16_s03_e01,0.586080014705658,0.20928481221199036,-0.1914210021495819,0.5973522067070007,0.2020750492811203,-0.1835334748029709,0.6012230515480042,0.20352397859096527,-0.1835085153579712,0.6051357984542847,0.20525731146335602,-0.18347731232643127,0.5908284783363342,0.19976122677326202,-0.16422319412231445,0.5897500514984131,0.19952863454818726,-0.16426753997802734,0.5887671709060669,0.19934752583503723,-0.16419526934623718,0.6168034076690674,0.22404061257839203,-0.11546573787927628,0.5926983952522278,0.2143820971250534,-0.035235144197940826,0.5885041952133179,0.2278742641210556,-0.16915889084339142,0.5819743275642395,0.22456513345241547,-0.14489227533340454,0.6578882932662964,0.3224164843559265,-0.08259421586990356,0.5479613542556763,0.31202220916748047,0.040291301906108856,0.6738013625144958,0.43878886103630066,-0.10264191776514053,0.47513025999069214,0.3414230942726135,-0.06438381224870682,0.6794708967208862,0.5478909611701965,-0.1699114739894867,0.4690076410770416,0.23931710422039032,-0.284258633852005,0.6816949844360352,0.5838527083396912,-0.19028571248054504,0.46389302611351013,0.21112243831157684,-0.33115607500076294,0.6725444197654724,0.5818360447883606,-0.2189255952835083,0.46968188881874084,0.20373430848121643,-0.318869411945343,0.6679587960243225,0.5728029608726501,-0.1810370236635208,0.47366681694984436,0.2133565992116928,-0.2901206910610199,0.6249489188194275,0.5418503880500793,-0.009341061115264893,0.558655321598053,0.5354020595550537,0.009037542156875134,0.6344127655029297,0.7088509798049927,-0.0026727875228971243,0.5436409711837769,0.7054612040519714,0.0034482732880860567,0.6517811417579651,0.8573303818702698,0.18530593812465668,0.527116596698761,0.8511376976966858,0.17703482508659363,0.6446563005447388,0.8745473623275757,0.19504015147686005,0.5334630012512207,0.8681337833404541,0.1861167550086975,0.6769450902938843,0.9092580676078796,0.042454928159713745,0.5147413611412048,0.9067708253860474,0.03828076273202896
105,drink,a16_s03_e01,0.5846140384674072,0.20967160165309906,-0.19497767090797424,0.5958002805709839,0.20209544897079468,-0.18648464977741241,0.5996219515800476,0.2035270780324936,-0.1864565759897232,0.6036144495010376,0.20523886382579803,-0.18642757833003998,0.5894969701766968,0.19983842968940735,-0.167608842253685,0.588528037071228,0.19960567355155945,-0.16765257716178894,0.5875998139381409,0.19942012429237366,-0.16758345067501068,0.6156269907951355,0.22370781004428864,-0.1192750483751297,0.5920079946517944,0.2144029140472412,-0.036625951528549194,0.5869426131248474,0.22817935049533844,-0.17173908650875092,0.5805801153182983,0.22503562271595,-0.1480790227651596,0.6575761437416077,0.3222988545894623,-0.08460374921560287,0.5478615760803223,0.31280845403671265,0.03708646446466446,0.673805296421051,0.4387320280075073,-0.10413678735494614,0.4752430021762848,0.34697481989860535,-0.06632466614246368,0.6794659495353699,0.547621488571167,-0.17538246512413025,0.4643651843070984,0.24676252901554108,-0.2947983145713806,0.6817073225975037,0.5836368799209595,-0.19588014483451843,0.45855632424354553,0.2187955528497696,-0.3399406671524048,0.6725398302078247,0.5815262198448181,-0.2245195209980011,0.4644237458705902,0.21129393577575684,-0.3341858983039856,0.6679502725601196,0.5724961161613464,-0.18658234179019928,0.46865114569664,0.22028802335262299,-0.30263960361480713,0.6249469518661499,0.5419002771377563,-0.00914253480732441,0.5586515665054321,0.5354888439178467,0.008838930167257786,0.6343768835067749,0.708638608455658,-0.00250945589505136,0.5435791015625,0.705207884311676,0.0030140425078570843,0.6516544818878174,0.8572927117347717,0.18806347250938416,0.5271139144897461,0.8510760068893433,0.1787463277578354,0.6441423892974854,0.8745383024215698,0.1980464905500412,0.5334479212760925,0.8678737282752991,0.1881476789712906,0.677042543888092,0.9091845154762268,0.045206472277641296,0.5146976113319397,0.906772255897522,0.039641253650188446
106,drink,a16_s03_e01,0.5836496353149414,0.20977769792079926,-0.19557349383831024,0.5946682691574097,0.20209842920303345,-0.1891569197177887,0.5984127521514893,0.20351316034793854,-0.18914231657981873,0.6023997068405151,0.20516721904277802,-0.18911170959472656,0.5885883569717407,0.19986042380332947,-0.16854038834571838,0.5877033472061157,0.19962623715400696,-0.1685899943113327,0.5868281722068787,0.19943656027317047,-0.16852083802223206,0.6146120429039001,0.22342048585414886,-0.12948419153690338,0.5914806723594666,0.21440592408180237,-0.04086000472307205,0.5857831239700317,0.2282239943742752,-0.17429646849632263,0.5796695947647095,0.2251574844121933,-0.1482263207435608,0.6571077108383179,0.32200270891189575,-0.09228778630495071,0.5478178858757019,0.3140774667263031,0.034695103764534,0.6737552881240845,0.4384212791919708,-0.10943905264139175,0.475254625082016,0.3532577455043793,-0.0663101077079773,0.6794615983963013,0.5470273494720459,-0.18243703246116638,0.45991793274879456,0.25713908672332764,-0.29868084192276,0.6817141771316528,0.5830786228179932,-0.20312842726707458,0.4532104432582855,0.22880102694034576,-0.3428347706794739,0.672545850276947,0.5809633731842041,-0.23201724886894226,0.4587356150150299,0.22129704058170319,-0.340835303068161,0.6679486036300659,0.5719413757324219,-0.19361141324043274,0.4629307687282562,0.22991377115249634,-0.3078807592391968,0.6248303651809692,0.5419111251831055,-0.009134752675890923,0.5586283802986145,0.5355701446533203,0.008832072839140892,0.6341981887817383,0.7082210779190063,-0.00451404694467783,0.5435181856155396,0.7052021622657776,0.002836256753653288,0.6514054536819458,0.8568044900894165,0.1885008066892624,0.5271113514900208,0.8510454297065735,0.18049784004688263,0.6432624459266663,0.8740807175636292,0.19870351254940033,0.5334472060203552,0.8676111698150635,0.19011236727237701,0.6770567893981934,0.9089876413345337,0.045708008110523224,0.5146967172622681,0.9068900346755981,0.04105069488286972
107,drink,a16_s03_e01,0.5820962190628052,0.21055203676223755,-0.19405077397823334,0.5929995775222778,0.20213183760643005,-0.18880948424339294,0.596653163433075,0.2035149782896042,-0.1887979656457901,0.6006511449813843,0.2051255702972412,-0.18876928091049194,0.5871495008468628,0.20001138746738434,-0.1677810400724411,0.5862849354743958,0.19978855550289154,-0.16782882809638977,0.5853694677352905,0.1996041238307953,-0.16776515543460846,0.6133215427398682,0.22313402593135834,-0.13150018453598022,0.5903871655464172,0.21450799703598022,-0.040691617876291275,0.584645688533783,0.22885650396347046,-0.17379677295684814,0.5786764025688171,0.22602778673171997,-0.14715151488780975,0.6568670272827148,0.3218439221382141,-0.09624646604061127,0.5477980375289917,0.314961701631546,0.03633541986346245,0.6735762357711792,0.4379558265209198,-0.11471166461706161,0.4756038784980774,0.3594213128089905,-0.05657194182276726,0.679459273815155,0.5462509393692017,-0.19055558741092682,0.4562453627586365,0.26827624440193176,-0.29410749673843384,0.6817772388458252,0.5823221206665039,-0.211602121591568,0.4479750096797943,0.23953868448734283,-0.3381536900997162,0.6726312637329102,0.5802019238471985,-0.24125461280345917,0.45331352949142456,0.23272041976451874,-0.33647260069847107,0.6680101156234741,0.5711684823036194,-0.20189352333545685,0.45796552300453186,0.2406921684741974,-0.3034840226173401,0.624786376953125,0.5419927835464478,-0.009670055471360683,0.5586279034614563,0.5358343124389648,0.009389280341565609,0.6341089010238647,0.7079784274101257,-0.007895532995462418,0.5435075163841248,0.7051143050193787,0.0025221756659448147,0.6512508392333984,0.8563385009765625,0.18301740288734436,0.5270917415618896,0.8510462641716003,0.17848995327949524,0.6429688334465027,0.8736098408699036,0.1929941028356552,0.5333498120307922,0.8675771355628967,0.18777230381965637,0.6770656108856201,0.9085081815719604,0.041280172765254974,0.5147279500961304,0.9070563912391663,0.039429109543561935
108,drink,a16_s03_e01,0.5807886123657227,0.2109960913658142,-0.17640972137451172,0.5916458964347839,0.20213522017002106,-0.17218521237373352,0.5951770544052124,0.20349860191345215,-0.17219297587871552,0.5991103649139404,0.20501314103603363,-0.17217472195625305,0.5859690308570862,0.2000691145658493,-0.15013030171394348,0.5851372480392456,0.19986070692539215,-0.15016478300094604,0.5842198133468628,0.19968657195568085,-0.15009430050849915,0.6121894717216492,0.22276124358177185,-0.12012646347284317,0.5896579027175903,0.21457591652870178,-0.023132339119911194,0.583446204662323,0.22945594787597656,-0.15750911831855774,0.5777620077133179,0.22683295607566833,-0.129525288939476,0.6567656397819519,0.3215863108634949,-0.09319055825471878,0.5480951070785522,0.3166343569755554,0.05732680484652519,0.6734805703163147,0.4377083480358124,-0.11300984770059586,0.47756022214889526,0.36490288376808167,-0.024619048461318016,0.6794562935829163,0.5457267761230469,-0.19017113745212555,0.4537475109100342,0.27612224221229553,-0.2646664083003998,0.6817824840545654,0.5818137526512146,-0.21182283759117126,0.4431861340999603,0.24971133470535278,-0.3053830862045288,0.6727169752120972,0.5796950459480286,-0.2413523942232132,0.44809532165527344,0.24185392260551453,-0.31137388944625854,0.6681175231933594,0.5706281065940857,-0.20141716301441193,0.45354795455932617,0.24808970093727112,-0.27691105008125305,0.6247345209121704,0.5419924855232239,-0.010776648297905922,0.558711588382721,0.5358690023422241,0.010536928661167622,0.6340119242668152,0.707606852054596,-0.012750217691063881,0.5435042381286621,0.7049267292022705,0.0015616875607520342,0.6510958671569824,0.8555365800857544,0.177451953291893,0.5270699858665466,0.8509925007820129,0.17648175358772278,0.6426658034324646,0.8729608654975891,0.18740759789943695,0.5332226157188416,0.8673779368400574,0.18552802503108978,0.6771082878112793,0.9081032276153564,0.0369083546102047,0.5147255659103394,0.9071260094642639,0.03832319378852844
109,drink,a16_s03_e01,0.5795592069625854,0.2120399922132492,-0.16297470033168793,0.590387225151062,0.20223809778690338,-0.1593877524137497,0.593762993812561,0.20353291928768158,-0.15939833223819733,0.5975476503372192,0.2050119936466217,-0.15937861800193787,0.5847887396812439,0.2003532201051712,-0.1370113492012024,0.5839652419090271,0.2001625895500183,-0.13704249262809753,0.5830556750297546,0.20000417530536652,-0.13696850836277008,0.6112141013145447,0.2226765900850296,-0.10880208015441895,0.5888221263885498,0.21466225385665894,-0.010391884483397007,0.5824177861213684,0.23043003678321838,-0.14434686303138733,0.5768932700157166,0.22803184390068054,-0.11598161607980728,0.6566629409790039,0.32124775648117065,-0.08593054115772247,0.5485972166061401,0.3175296485424042,0.07108598947525024,0.6734133958816528,0.4372466504573822,-0.11202599108219147,0.48099565505981445,0.37192848324775696,-0.01544931810349226,0.6794883012771606,0.5447353720664978,-0.19390961527824402,0.4522859454154968,0.2853178083896637,-0.2662205100059509,0.681840717792511,0.5810580849647522,-0.216806560754776,0.4386991560459137,0.26353102922439575,-0.30781906843185425,0.6728769540786743,0.5789543986320496,-0.24584746360778809,0.4437364637851715,0.2529732584953308,-0.31227532029151917,0.6683436632156372,0.5697856545448303,-0.2048838585615158,0.4501604437828064,0.2582991421222687,-0.2782916724681854,0.6247228980064392,0.5419849753379822,-0.012551839463412762,0.558933436870575,0.5358480215072632,0.012350371107459068,0.6339926719665527,0.7074233293533325,-0.017455270513892174,0.5435022115707397,0.7045418620109558,0.0006892544915899634,0.6510540246963501,0.855355978012085,0.16687610745429993,0.5270341634750366,0.8509520292282104,0.17087435722351074,0.6426025629043579,0.872885525226593,0.17625775933265686,0.5330930948257446,0.8672775030136108,0.17933014035224915,0.6771759390830994,0.9080113172531128,0.026782551780343056,0.5146902799606323,0.9071265459060669,0.034077443182468414
110,drink,a16_s03_e01,0.5787156224250793,0.21388888359069824,-0.15696410834789276,0.5895366668701172,0.20264895260334015,-0.15352097153663635,0.5928775072097778,0.2038070261478424,-0.15353122353553772,0.5966140031814575,0.20514294505119324,-0.15350769460201263,0.5837939977645874,0.20110996067523956,-0.13136431574821472,0.5829086303710938,0.2009769231081009,-0.13139772415161133,0.5819457173347473,0.2008625715970993,-0.1313306987285614,0.6107580065727234,0.22267422080039978,-0.10144706815481186,0.5879247188568115,0.21509483456611633,-0.004188777878880501,0.5818425416946411,0.2323472797870636,-0.1375650018453598,0.5762938261032104,0.23029857873916626,-0.10952030122280121,0.6565443277359009,0.320986270904541,-0.07689081877470016,0.5494309663772583,0.3183310627937317,0.07730503380298615,0.6734020113945007,0.43705981969833374,-0.10948298126459122,0.48395174741744995,0.37915483117103577,-0.009105250239372253,0.6796597838401794,0.5444534420967102,-0.19277958571910858,0.4506848454475403,0.29694172739982605,-0.26658931374549866,0.6819681525230408,0.5807918906211853,-0.21624593436717987,0.43528494238853455,0.2773524522781372,-0.3088937997817993,0.6730697751045227,0.5786800384521484,-0.24598750472068787,0.43990960717201233,0.2653745710849762,-0.31323450803756714,0.6686402559280396,0.5694814920425415,-0.2040761411190033,0.44661253690719604,0.2709299921989441,-0.2791469693183899,0.6247188448905945,0.5419943332672119,-0.013060194440186024,0.559162437915802,0.5358645915985107,0.012871228158473969,0.6340040564537048,0.7074078321456909,-0.019446682184934616,0.5435041189193726,0.7042822241783142,-0.0007895476883277297,0.651037335395813,0.8552916049957275,0.16487978398799896,0.5269845724105835,0.8509489893913269,0.16735556721687317,0.6425966024398804,0.8728009462356567,0.17420953512191772,0.5329136252403259,0.8672769069671631,0.17558112740516663,0.677262008190155,0.9078450798988342,0.0241941399872303,0.5146391987800598,0.9071236848831177,0.030303021892905235
111,drink,a16_s03_e01,0.5787490606307983,0.21603968739509583,-0.16057376563549042,0.5894736051559448,0.2033674418926239,-0.15650016069412231,0.5928779244422913,0.2043737769126892,-0.15651355683803558,0.5967587828636169,0.2055896669626236,-0.15649427473545074,0.5834826827049255,0.20212998986244202,-0.13513502478599548,0.5824184417724609,0.2020123302936554,-0.13516783714294434,0.5812607407569885,0.2019043266773224,-0.13509532809257507,0.6109108328819275,0.22273391485214233,-0.10016375780105591,0.5871235728263855,0.21551264822483063,-0.006532341241836548,0.5820167064666748,0.23427118360996246,-0.13944704830646515,0.5761944055557251,0.2324877381324768,-0.11244149506092072,0.6564800143241882,0.3209095001220703,-0.07462241500616074,0.5497746467590332,0.3188076913356781,0.07959304004907608,0.6734001040458679,0.4368535876274109,-0.10911951959133148,0.4859520494937897,0.38568800687789917,-0.004267358221113682,0.6797552704811096,0.5441767573356628,-0.19845899939537048,0.448139488697052,0.31021302938461304,-0.2659360468387604,0.6820224523544312,0.5805864334106445,-0.22400803864002228,0.43189573287963867,0.2906211018562317,-0.30885082483291626,0.6732606291770935,0.5785415172576904,-0.25436848402023315,0.43697094917297363,0.27782055735588074,-0.3146788775920868,0.6689736247062683,0.569322407245636,-0.21018263697624207,0.4437170624732971,0.2845649719238281,-0.2793676257133484,0.6246967315673828,0.5420515537261963,-0.013913480564951897,0.5591986179351807,0.5358852744102478,0.013743570074439049,0.6340250968933105,0.7073498368263245,-0.01889166049659252,0.543491005897522,0.7042526602745056,-0.0006672685849480331,0.6509867906570435,0.8551040291786194,0.15900298953056335,0.5269129276275635,0.8510882258415222,0.1639348417520523,0.6424592733383179,0.8726593852043152,0.16751326620578766,0.5327770709991455,0.8676338791847229,0.17146511375904083,0.6774134635925293,0.9078165292739868,0.01747031696140766,0.5144698023796082,0.9073910117149353,0.026173725724220276
112,drink,a16_s03_e01,0.5790385007858276,0.21711091697216034,-0.16657942533493042,0.5896299481391907,0.20379358530044556,-0.16446919739246368,0.5931055545806885,0.20468033850193024,-0.16452020406723022,0.5971218943595886,0.20578564703464508,-0.16451281309127808,0.5832682251930237,0.20278869569301605,-0.14353516697883606,0.581992506980896,0.20271672308444977,-0.1435609608888626,0.5806103348731995,0.20266874134540558,-0.14346376061439514,0.6110903024673462,0.22268329560756683,-0.10465195029973984,0.5862070322036743,0.21586962044239044,-0.012649071402847767,0.5823543667793274,0.23521076142787933,-0.14188221096992493,0.576319694519043,0.23378530144691467,-0.11499343812465668,0.6564194560050964,0.32078588008880615,-0.08240458369255066,0.5497820377349854,0.3194636106491089,0.07208360731601715,0.6733928918838501,0.43654805421829224,-0.1190645843744278,0.4867582321166992,0.3911023736000061,-0.0008842102251946926,0.6799725294113159,0.5433197617530823,-0.21705594658851624,0.4452887177467346,0.31878072023391724,-0.2547340989112854,0.6821452379226685,0.5796682238578796,-0.2438691109418869,0.42679667472839355,0.3027700185775757,-0.2958717942237854,0.6735848784446716,0.5776354074478149,-0.27506640553474426,0.43116021156311035,0.29101482033729553,-0.30801892280578613,0.6694554090499878,0.5684163570404053,-0.229389026761055,0.4388431906700134,0.2953728139400482,-0.2695702612400055,0.624638020992279,0.5421050190925598,-0.015479059889912605,0.5592638254165649,0.535888671875,0.015324261970818043,0.6340606808662415,0.7070780992507935,-0.01894725300371647,0.5434887409210205,0.703944206237793,0.0009027841733768582,0.650863528251648,0.8549209237098694,0.15453848242759705,0.5268973112106323,0.8511059880256653,0.16451579332351685,0.6421445608139038,0.8724783658981323,0.16261878609657288,0.5327711701393127,0.8676853775978088,0.17188939452171326,0.6774377822875977,0.9077690839767456,0.012200743891298771,0.5143248438835144,0.9075822234153748,0.026787027716636658
113,drink,a16_s03_e01,0.578903317451477,0.2182861715555191,-0.20904476940631866,0.5891615152359009,0.20421618223190308,-0.20500397682189941,0.592732310295105,0.2049369364976883,-0.2050386369228363,0.5968523621559143,0.20587538182735443,-0.20502729713916779,0.582375168800354,0.20360207557678223,-0.18478967249393463,0.5808550715446472,0.20358674228191376,-0.18482357263565063,0.5793110728263855,0.20362189412117004,-0.18473359942436218,0.6111409664154053,0.22225022315979004,-0.13968031108379364,0.5850642919540405,0.2161029726266861,-0.051040828227996826,0.5825363993644714,0.23581883311271667,-0.18370068073272705,0.5762132406234741,0.23484176397323608,-0.1579354703426361,0.6562580466270447,0.3206261992454529,-0.10947885364294052,0.5496792197227478,0.3200063705444336,0.05966314673423767,0.6733701825141907,0.43629375100135803,-0.14030833542346954,0.488231360912323,0.39639073610305786,0.003292004344984889,0.6801279783248901,0.5425884127616882,-0.2412896454334259,0.4437015652656555,0.33280399441719055,-0.23770292103290558,0.6822826862335205,0.5790917277336121,-0.2687968313694,0.4237925112247467,0.31790950894355774,-0.27567341923713684,0.6739376187324524,0.577099621295929,-0.30197006464004517,0.42730990052223206,0.3061199486255646,-0.29238662123680115,0.6698946356773376,0.5678364634513855,-0.2544220983982086,0.43577122688293457,0.30887365341186523,-0.2534882724285126,0.6244519948959351,0.5420881509780884,-0.01694522239267826,0.5592473745346069,0.5357755422592163,0.016794826835393906,0.6340738534927368,0.706839919090271,-0.02079012617468834,0.5434736609458923,0.7033988833427429,0.0023567883763462305,0.6507026553153992,0.8547971248626709,0.1515846997499466,0.5268935561180115,0.8511106371879578,0.16534484922885895,0.641913652420044,0.8723205327987671,0.15937677025794983,0.5327683687210083,0.8676983714103699,0.17248328030109406,0.6774483323097229,0.907748281955719,0.0077785709872841835,0.5141838192939758,0.9077298641204834,0.026732375845313072
114,drink,a16_s03_e01,0.5787196755409241,0.21897795796394348,-0.2385542392730713,0.5886355638504028,0.20443536341190338,-0.2337397038936615,0.5923076272010803,0.20504935085773468,-0.23376813530921936,0.5964884757995605,0.205890491604805,-0.23374712467193604,0.5815203785896301,0.20409823954105377,-0.21380546689033508,0.5798047780990601,0.20415061712265015,-0.21384413540363312,0.5781827569007874,0.2042735069990158,-0.21375839412212372,0.6111656427383423,0.22167347371578217,-0.16581597924232483,0.5840624570846558,0.21621255576610565,-0.0783715695142746,0.5826675891876221,0.23625095188617706,-0.21272294223308563,0.5760675668716431,0.23564891517162323,-0.18731854856014252,0.6561122536659241,0.32045790553092957,-0.13004495203495026,0.5491880774497986,0.3206529915332794,0.03618146851658821,0.6733973622322083,0.43602797389030457,-0.15553440153598785,0.489825576543808,0.40060821175575256,-0.00025368508067913353,0.6805710792541504,0.5422324538230896,-0.2587922215461731,0.44172707200050354,0.3424617350101471,-0.2330639362335205,0.6825271248817444,0.5785370469093323,-0.2866165041923523,0.4210347533226013,0.33004942536354065,-0.26993316411972046,0.6745545268058777,0.5765058398246765,-0.3212147653102875,0.42304110527038574,0.3196987807750702,-0.288194864988327,0.6706120371818542,0.5673185586929321,-0.27259325981140137,0.43180006742477417,0.32179656624794006,-0.24904294312000275,0.6243454813957214,0.5421269536018372,-0.01772630587220192,0.5592166781425476,0.5357789993286133,0.017563093453645706,0.634086012840271,0.7067925930023193,-0.019672827795147896,0.5433794856071472,0.7033504843711853,0.006234353873878717,0.6506177186965942,0.8545787334442139,0.15723596513271332,0.5268760919570923,0.8511878252029419,0.1670679897069931,0.6417369246482849,0.8720973134040833,0.16556182503700256,0.5327633619308472,0.8678042888641357,0.17307375371456146,0.677475094795227,0.9077308177947998,0.013758877292275429,0.5140511989593506,0.9079515337944031,0.026904821395874023
115,drink,a16_s03_e01,0.5788142085075378,0.21949100494384766,-0.27055925130844116,0.5885785818099976,0.20466996729373932,-0.26445427536964417,0.592319130897522,0.20518222451210022,-0.26448050141334534,0.5966011881828308,0.20592138171195984,-0.26445966958999634,0.5812562704086304,0.2045152634382248,-0.24644050002098083,0.5793761014938354,0.20459610223770142,-0.24648921191692352,0.5776354074478149,0.2047521024942398,-0.24641463160514832,0.6112362742424011,0.22122368216514587,-0.1895744353532791,0.5832399725914001,0.21628430485725403,-0.11032599210739136,0.5827378034591675,0.23662029206752777,-0.24199266731739044,0.5760850310325623,0.23621578514575958,-0.2190120965242386,0.6556957960128784,0.3202575445175171,-0.14525394141674042,0.5481221079826355,0.32155749201774597,0.00507077993825078,0.6734297871589661,0.4356468617916107,-0.16146640479564667,0.49191656708717346,0.40471717715263367,-0.010219302959740162,0.6813828349113464,0.5418807864189148,-0.26415959000587463,0.4393090307712555,0.35447973012924194,-0.24107828736305237,0.6828785538673401,0.5781840682029724,-0.29208904504776,0.4181036949157715,0.34538301825523376,-0.28150925040245056,0.6753700971603394,0.5762190222740173,-0.3279864490032196,0.4193727374076843,0.3358263075351715,-0.3019445538520813,0.6716959476470947,0.5670827031135559,-0.2786238193511963,0.4279635548591614,0.3374287188053131,-0.25132250785827637,0.6243113279342651,0.5421018004417419,-0.01764744147658348,0.5591880679130554,0.5357781052589417,0.01747598871588707,0.6340842843055725,0.7064295411109924,-0.012741419486701488,0.5433584451675415,0.7033277750015259,0.011396277695894241,0.6505996584892273,0.8544571995735168,0.15936216711997986,0.5268706679344177,0.8513643741607666,0.1704559475183487,0.6416860818862915,0.8719069957733154,0.16860966384410858,0.5328019857406616,0.8679993152618408,0.17566028237342834,0.6775166392326355,0.9077193737030029,0.016963781788945198,0.5140094757080078,0.9080209732055664,0.027346599847078323
116,drink,a16_s03_e01,0.5788944363594055,0.21990789473056793,-0.2708343267440796,0.5885098576545715,0.204827681183815,-0.2634316086769104,0.5923040509223938,0.205275297164917,-0.26345810294151306,0.5966609716415405,0.2059471309185028,-0.26344192028045654,0.5810823440551758,0.20478397607803345,-0.24652722477912903,0.579084038734436,0.20487159490585327,-0.2465788573026657,0.5772668123245239,0.2050410658121109,-0.246505469083786,0.6112479567527771,0.22091741859912872,-0.18301530182361603,0.5825602412223816,0.21630698442459106,-0.1085711345076561,0.5827743411064148,0.23691324889659882,-0.24017897248268127,0.576108455657959,0.23662906885147095,-0.21868090331554413,0.6552730798721313,0.32003870606422424,-0.13603457808494568,0.5473660230636597,0.3220151960849762,0.0035394453443586826,0.6734334230422974,0.4349934756755829,-0.15044020116329193,0.493802547454834,0.4070288836956024,-0.025723004713654518,0.6825061440467834,0.5413874983787537,-0.25261184573173523,0.4371912479400635,0.3659239709377289,-0.2704837918281555,0.6834414601325989,0.5775741934776306,-0.2816905677318573,0.4157956540584564,0.3600689470767975,-0.3126850724220276,0.6768311262130737,0.5756462216377258,-0.31786468625068665,0.41643866896629333,0.35046207904815674,-0.33914244174957275,0.6736229658126831,0.5666739344596863,-0.2673104405403137,0.4246620535850525,0.35133421421051025,-0.28872448205947876,0.6241675615310669,0.5420235395431519,-0.01752292364835739,0.5591145753860474,0.5356785655021667,0.017343489453196526,0.6340020895004272,0.706268310546875,-0.010762454941868782,0.54332435131073,0.7031136751174927,0.011257773265242577,0.6505288481712341,0.8543376326560974,0.16022741794586182,0.526866614818573,0.851359486579895,0.17278161644935608,0.6416124105453491,0.8717309236526489,0.17012859880924225,0.5328006744384766,0.867964506149292,0.1781446486711502,0.6775301098823547,0.9077033400535583,0.01850501075387001,0.5140057802200317,0.9080396890640259,0.028375988826155663
117,drink,a16_s03_e01,0.5789730548858643,0.2199854701757431,-0.26077115535736084,0.5886188745498657,0.20489880442619324,-0.25202569365501404,0.5924205183982849,0.20531049370765686,-0.25205934047698975,0.5967034101486206,0.20595353841781616,-0.2520506680011749,0.5811072587966919,0.20490239560604095,-0.23650196194648743,0.5789856910705566,0.2049933820962906,-0.23654720187187195,0.577038049697876,0.20517867803573608,-0.2364753782749176,0.6112862825393677,0.22063060104846954,-0.16968590021133423,0.5818494558334351,0.216349795460701,-0.10003737360239029,0.583561897277832,0.23703378438949585,-0.2291487157344818,0.5761427879333496,0.23682022094726562,-0.20937971770763397,0.6549208164215088,0.31992167234420776,-0.12670379877090454,0.5468292832374573,0.3226096034049988,0.007955217733979225,0.6734374761581421,0.43442821502685547,-0.15003356337547302,0.4968128204345703,0.40879109501838684,-0.02050730772316456,0.6834625601768494,0.5402629971504211,-0.2431141436100006,0.4356164038181305,0.3800460994243622,-0.2510617971420288,0.6842419505119324,0.5763655304908752,-0.2732037305831909,0.41437268257141113,0.37800702452659607,-0.29291078448295593,0.6784204840660095,0.5745050311088562,-0.3093181252479553,0.41457217931747437,0.36706289649009705,-0.3371439576148987,0.6755464673042297,0.5658694505691528,-0.257881224155426,0.42238444089889526,0.3671113848686218,-0.27330756187438965,0.6238948702812195,0.5418819785118103,-0.01742071472108364,0.5589657425880432,0.5355561971664429,0.017229314893484116,0.6339811086654663,0.7060219645500183,-0.008888011798262596,0.5432834625244141,0.7027300596237183,0.011143488809466362,0.6505143642425537,0.8542672395706177,0.15930891036987305,0.5268630385398865,0.8513546586036682,0.17113366723060608,0.641558825969696,0.8716424107551575,0.16721774637699127,0.5328114628791809,0.8679139614105225,0.17659592628479004,0.677584171295166,0.9076696634292603,0.013796413317322731,0.5139671564102173,0.9080385565757751,0.025210320949554443
118,drink,a16_s03_e01,0.5798590183258057,0.22041548788547516,-0.303310364484787,0.5887887477874756,0.20527644455432892,-0.2915708124637604,0.5928570032119751,0.2055802345275879,-0.29160767793655396,0.597508430480957,0.20615069568157196,-0.29160425066947937,0.5812229514122009,0.20543624460697174,-0.27978429198265076,0.5791395902633667,0.20551545917987823,-0.2798353433609009,0.57706218957901,0.20568670332431793,-0.27977144718170166,0.611345112323761,0.22049976885318756,-0.19271811842918396,0.5811769366264343,0.2166166454553604,-0.14073340594768524,0.5854960680007935,0.23739312589168549,-0.2657536268234253,0.5765186548233032,0.23727865517139435,-0.2508167326450348,0.6546066999435425,0.3197731077671051,-0.13704673945903778,0.5460816621780396,0.323219895362854,-0.026887968182563782,0.6735523343086243,0.4337543845176697,-0.14441820979118347,0.49812930822372437,0.4117152988910675,-0.0305573008954525,0.6848690509796143,0.5390329957008362,-0.25150221586227417,0.4346732199192047,0.393139511346817,-0.2505533695220947,0.6853296756744385,0.5754110217094421,-0.28551405668258667,0.4131729006767273,0.3934139907360077,-0.2924984097480774,0.6796908378601074,0.5733241438865662,-0.3245866298675537,0.41341632604599,0.3811887800693512,-0.3308882713317871,0.6770416498184204,0.5648694634437561,-0.2683872580528259,0.42119941115379333,0.3806416392326355,-0.2731502056121826,0.623771607875824,0.541870653629303,-0.01694122888147831,0.558722198009491,0.5355775952339172,0.016764158383011818,0.6339687705039978,0.7059379816055298,-0.005236975383013487,0.5432770848274231,0.7027159333229065,0.01285302359610796,0.6505051851272583,0.8542498350143433,0.16028481721878052,0.5268904566764832,0.8513584733009338,0.1732284426689148,0.6415330767631531,0.8716202974319458,0.16871891915798187,0.5329590439796448,0.8678864240646362,0.17864494025707245,0.6776763200759888,0.9076665043830872,0.015162713825702667,0.5139610171318054,0.9080396890640259,0.02622811868786812
119,drink,a16_s03_e01,0.5812751054763794,0.2211010605096817,-0.3285500109195709,0.5895586013793945,0.20614656805992126,-0.3135831952095032,0.5939845442771912,0.2063761055469513,-0.3136228621006012,0.5988377332687378,0.2069392055273056,-0.3136301338672638,0.5814048647880554,0.20617249608039856,-0.3043871521949768,0.5792110562324524,0.20618341863155365,-0.30443906784057617,0.5771836638450623,0.20623598992824554,-0.30437833070755005,0.6114729642868042,0.22049778699874878,-0.2011074274778366,0.5806289911270142,0.21681232750415802,-0.16065803170204163,0.587628960609436,0.23826296627521515,-0.2860456705093384,0.5772519707679749,0.23790641129016876,-0.27449092268943787,0.6540898680686951,0.3195187449455261,-0.13929274678230286,0.5454183220863342,0.3239351212978363,-0.044635169208049774,0.6737411022186279,0.43322309851646423,-0.14389289915561676,0.49927908182144165,0.41550934314727783,-0.03834986314177513,0.6861271858215332,0.5384414196014404,-0.2555388808250427,0.43493252992630005,0.4101615250110626,-0.2475307732820511,0.6866384744644165,0.575136125087738,-0.29227834939956665,0.4139321744441986,0.4105803668498993,-0.29066094756126404,0.6810029745101929,0.5730006098747253,-0.3336823284626007,0.41404786705970764,0.3990015685558319,-0.33006590604782104,0.6785533428192139,0.564551055431366,-0.273940771818161,0.42164507508277893,0.39820966124534607,-0.2718936502933502,0.6238218545913696,0.5418173670768738,-0.015703236684203148,0.5587183237075806,0.5356237888336182,0.015544014982879162,0.6339715719223022,0.7056639194488525,-0.0005009329179301858,0.5432730317115784,0.7025712728500366,0.014289612881839275,0.6504946947097778,0.8542195558547974,0.16676753759384155,0.5269513130187988,0.8513709902763367,0.17800725996494293,0.6415350437164307,0.871603786945343,0.17433081567287445,0.5332756638526917,0.8678767681121826,0.18381920456886292,0.677780032157898,0.9076576828956604,0.015382325276732445,0.513898491859436,0.908054769039154,0.026856014505028725
120,drink,a16_s03_e01,0.5830543637275696,0.2218036651611328,-0.33581823110580444,0.591025710105896,0.2070889174938202,-0.3196517527103424,0.5958079099655151,0.2072470784187317,-0.3196946084499359,0.6005237698554993,0.2077612727880478,-0.3197063207626343,0.5818497538566589,0.20694617927074432,-0.3119680881500244,0.5795603394508362,0.20692472159862518,-0.3120155334472656,0.5772600173950195,0.20686288177967072,-0.31196168065071106,0.6117932796478271,0.22048383951187134,-0.20144204795360565,0.5800847411155701,0.21699105203151703,-0.16801723837852478,0.5903522968292236,0.23910382390022278,-0.29110705852508545,0.5784491300582886,0.23855209350585938,-0.2815992534160614,0.653540313243866,0.31917789578437805,-0.13624295592308044,0.5448201894760132,0.32417094707489014,-0.054282158613204956,0.6737979650497437,0.43281662464141846,-0.1311127096414566,0.5006321668624878,0.4169022738933563,-0.040878769010305405,0.6870849132537842,0.5376380085945129,-0.2522891163825989,0.43513616919517517,0.421773225069046,-0.23696191608905792,0.6878294944763184,0.5747836232185364,-0.2894018292427063,0.4148254990577698,0.42359694838523865,-0.27991968393325806,0.6822366118431091,0.5726362466812134,-0.33135366439819336,0.4144008755683899,0.4133703410625458,-0.32833734154701233,0.6799760460853577,0.5641697645187378,-0.27097323536872864,0.42193928360939026,0.4126637279987335,-0.2630005478858948,0.6238296031951904,0.5418156981468201,-0.012617072090506554,0.5587128400802612,0.535815954208374,0.012472177855670452,0.6339709758758545,0.7054442167282104,0.005146577022969723,0.543319821357727,0.7023855447769165,0.014424433931708336,0.6504513621330261,0.8540800213813782,0.17474855482578278,0.5270686149597168,0.8512844443321228,0.18192464113235474,0.6414364576339722,0.8715315461158752,0.18218454718589783,0.5334811210632324,0.8676978349685669,0.18833419680595398,0.6779962778091431,0.9076597094535828,0.022359522059559822,0.513945996761322,0.9080408811569214,0.027127046138048172
121,drink,a16_s03_e01,0.5838173031806946,0.22287243604660034,-0.32152387499809265,0.5916501879692078,0.20844994485378265,-0.30553585290908813,0.5965262651443481,0.20845165848731995,-0.3055731952190399,0.601169764995575,0.20880885422229767,-0.30558210611343384,0.5820211172103882,0.20812638103961945,-0.298196017742157,0.5797117352485657,0.20802365243434906,-0.2982431948184967,0.5773451924324036,0.2078208327293396,-0.2981932461261749,0.6118371486663818,0.2204824537038803,-0.19102899730205536,0.5796693563461304,0.21729382872581482,-0.15749584138393402,0.5915431976318359,0.24033664166927338,-0.2776190936565399,0.5790951251983643,0.23965992033481598,-0.26847028732299805,0.6531178951263428,0.3190912902355194,-0.1285213679075241,0.5445200800895691,0.32496702671051025,-0.05151566118001938,0.6738328337669373,0.4320380389690399,-0.11206182092428207,0.5023170709609985,0.4177252948284149,-0.03866884857416153,0.6876710057258606,0.5371843576431274,-0.24097386002540588,0.43591684103012085,0.431849867105484,-0.20732948184013367,0.688814640045166,0.574518620967865,-0.2832973599433899,0.4158964157104492,0.43822556734085083,-0.24796006083488464,0.683212399482727,0.572354257106781,-0.3258242607116699,0.41536515951156616,0.4289647340774536,-0.295397013425827,0.6810340285301208,0.5637527704238892,-0.26274001598358154,0.4231385588645935,0.4269576966762543,-0.23283162713050842,0.6238255500793457,0.5418087244033813,-0.009033003821969032,0.5586724281311035,0.5358923077583313,0.008898857049643993,0.6339545249938965,0.7051467895507812,0.007093966007232666,0.5433595180511475,0.7018688917160034,0.012097915634512901,0.6504173278808594,0.8536856770515442,0.17070399224758148,0.5271061062812805,0.8512144684791565,0.17282512784004211,0.6413552165031433,0.8712297677993774,0.17676113545894623,0.5334757566452026,0.8675268292427063,0.17850279808044434,0.6782320737838745,0.9076339602470398,0.01792765222489834,0.5141252279281616,0.9077928066253662,0.01754460297524929
122,drink,a16_s03_e01,0.5846924185752869,0.22335584461688995,-0.3456084132194519,0.5924604535102844,0.20916470885276794,-0.3291996121406555,0.5973955392837524,0.20913739502429962,-0.3292381465435028,0.6019165515899658,0.20946873724460602,-0.3292522728443146,0.5822414755821228,0.20874269306659698,-0.3225480020046234,0.5799094438552856,0.2086205929517746,-0.3225957751274109,0.5773707628250122,0.20838457345962524,-0.32255369424819946,0.6120045185089111,0.22048942744731903,-0.20845547318458557,0.5792039036750793,0.2176545262336731,-0.1796441376209259,0.5928990244865417,0.24103385210037231,-0.2997996211051941,0.5797268748283386,0.24025577306747437,-0.29149219393730164,0.6527274250984192,0.3190648853778839,-0.13521431386470795,0.5442872643470764,0.3256857097148895,-0.06812191009521484,0.6738660931587219,0.43161720037460327,-0.11637355387210846,0.5041759610176086,0.4186655879020691,-0.03223603218793869,0.6878066062927246,0.5364484786987305,-0.24787458777427673,0.4363064765930176,0.44476428627967834,-0.17148950695991516,0.6892442107200623,0.5739405155181885,-0.2876702547073364,0.41673263907432556,0.4520539343357086,-0.20914947986602783,0.6835491061210632,0.5717878937721252,-0.3310217559337616,0.4160384237766266,0.4440838098526001,-0.25841742753982544,0.6812573671340942,0.5631048679351807,-0.26868492364883423,0.4238157868385315,0.4419594407081604,-0.19727417826652527,0.6238313913345337,0.5417059659957886,-0.007849566638469696,0.5586726069450378,0.5359399914741516,0.007727683521807194,0.6338962316513062,0.7048264741897583,0.007970820181071758,0.5433529615402222,0.7016792297363281,0.012029903009533882,0.6503211259841919,0.8532170653343201,0.17212259769439697,0.5271090865135193,0.8512029051780701,0.17675939202308655,0.641290545463562,0.8709151744842529,0.17844519019126892,0.5333921313285828,0.8674965500831604,0.18279290199279785,0.6783536076545715,0.9075720310211182,0.01802070066332817,0.5141984224319458,0.9077129364013672,0.019251447170972824
123,drink,a16_s03_e01,0.5861623287200928,0.22354044020175934,-0.34765625,0.593819797039032,0.20952996611595154,-0.3304586112499237,0.5986866354942322,0.20955756306648254,-0.33050137758255005,0.6031363606452942,0.20994333922863007,-0.3305162489414215,0.5826752781867981,0.20903629064559937,-0.324576199054718,0.5803243517875671,0.2089044153690338,-0.3246191442012787,0.5777020454406738,0.2086694985628128,-0.3245789408683777,0.612252414226532,0.22049301862716675,-0.2087278813123703,0.5789183378219604,0.21779392659664154,-0.1830015331506729,0.5946530699729919,0.24135185778141022,-0.30157169699668884,0.5805354714393616,0.24051544070243835,-0.2942085862159729,0.6523562669754028,0.3189682066440582,-0.13584700226783752,0.5436938405036926,0.32673585414886475,-0.07332304120063782,0.6739445328712463,0.4311154782772064,-0.11785713583230972,0.5048781633377075,0.42215853929519653,-0.02964884415268898,0.6882068514823914,0.5360471606254578,-0.2499362975358963,0.43656039237976074,0.4545854926109314,-0.16473741829395294,0.6899107098579407,0.5734613537788391,-0.28882795572280884,0.4172208905220032,0.4626713991165161,-0.2023840695619583,0.6842164397239685,0.5712860226631165,-0.3322100043296814,0.41635021567344666,0.4550706148147583,-0.2516430914402008,0.6819782853126526,0.5626476407051086,-0.27032536268234253,0.4241790175437927,0.4528132379055023,-0.19044867157936096,0.6238572597503662,0.5419045686721802,-0.007271257229149342,0.558655858039856,0.5370005369186401,0.00715488800778985,0.6338678598403931,0.7048448324203491,0.007975095883011818,0.543351411819458,0.7019166946411133,0.012356255203485489,0.6503089666366577,0.8526660203933716,0.17754314839839935,0.5271077156066895,0.8511872887611389,0.18457180261611938,0.6412743330001831,0.8706458806991577,0.18486644327640533,0.5332094430923462,0.8673757314682007,0.19161149859428406,0.6785064935684204,0.9075676202774048,0.024620283395051956,0.5142115354537964,0.9076664447784424,0.027570366859436035
124,drink,a16_s03_e01,0.5877550840377808,0.22404709458351135,-0.3544746935367584,0.5953672528266907,0.2101895958185196,-0.3368392586708069,0.6001949906349182,0.21022741496562958,-0.33688291907310486,0.6045328378677368,0.2106124311685562,-0.3369012176990509,0.5832231640815735,0.20977798104286194,-0.3318023085594177,0.5806638598442078,0.20962661504745483,-0.33184197545051575,0.5780786275863647,0.20938697457313538,-0.33179932832717896,0.6126618981361389,0.2205052226781845,-0.212159663438797,0.5784848928451538,0.21828141808509827,-0.19017714262008667,0.5964657068252563,0.24190209805965424,-0.3071785271167755,0.5814010500907898,0.2411544919013977,-0.30087363719940186,0.6519937515258789,0.31893622875213623,-0.136186882853508,0.5432702302932739,0.3272135853767395,-0.0793531984090805,0.6740249395370483,0.43096134066581726,-0.1159038320183754,0.5053967833518982,0.42358750104904175,-0.02722347341477871,0.6883907318115234,0.535882294178009,-0.24834804236888885,0.43680867552757263,0.46173718571662903,-0.15561845898628235,0.6901894211769104,0.5734253525733948,-0.28610366582870483,0.41747698187828064,0.4717741012573242,-0.1928831934928894,0.6845358610153198,0.5712544918060303,-0.32942742109298706,0.4169265329837799,0.46551522612571716,-0.2438623011112213,0.68232262134552,0.5625831484794617,-0.26814132928848267,0.4247102737426758,0.4627531170845032,-0.1817588210105896,0.6238904595375061,0.5421599745750427,-0.006615088786929846,0.5585646033287048,0.5379851460456848,0.006508530117571354,0.6338681578636169,0.7048341631889343,0.007711419370025396,0.5433000326156616,0.7024998068809509,0.012323865666985512,0.6503027081489563,0.8525266647338867,0.17838303744792938,0.5271283388137817,0.851404070854187,0.18615710735321045,0.6412811875343323,0.8706411719322205,0.18584033846855164,0.5332231521606445,0.8675387501716614,0.1932559311389923,0.6788109540939331,0.9080489277839661,0.025765875354409218,0.5142152905464172,0.9077022671699524,0.029633894562721252
125,drink,a16_s03_e01,0.5893060564994812,0.2245236188173294,-0.35609155893325806,0.5968636274337769,0.2109372317790985,-0.3379286229610443,0.6016260385513306,0.2110155075788498,-0.3379775583744049,0.6058789491653442,0.21144355833530426,-0.3379952907562256,0.5839572548866272,0.2105817347764969,-0.3335638642311096,0.5809801816940308,0.2103746086359024,-0.3336004912853241,0.5784645676612854,0.21006666123867035,-0.3335588276386261,0.6130659580230713,0.22056099772453308,-0.21148523688316345,0.5781391263008118,0.2186994105577469,-0.1924891173839569,0.5978363156318665,0.24264277517795563,-0.3081454038619995,0.5821913480758667,0.2419428825378418,-0.3027341663837433,0.6517819166183472,0.3189358115196228,-0.13505390286445618,0.5428539514541626,0.3274426758289337,-0.08146776258945465,0.6740565896034241,0.4307331144809723,-0.11177311837673187,0.5058392286300659,0.4247865378856659,-0.024654775857925415,0.688470721244812,0.5353220105171204,-0.24791482090950012,0.4373984932899475,0.47064247727394104,-0.14806979894638062,0.6904198527336121,0.5730984807014465,-0.2841814458370209,0.4192144274711609,0.482875257730484,-0.18501295149326324,0.6847869157791138,0.5709391832351685,-0.3270038962364197,0.41856494545936584,0.4776645600795746,-0.23682281374931335,0.6825731992721558,0.5622596740722656,-0.2666798233985901,0.42564064264297485,0.47412994503974915,-0.17434118688106537,0.6238834261894226,0.5423609018325806,-0.006000691559165716,0.5585193037986755,0.5387004017829895,0.005907468497753143,0.6338685750961304,0.7047432065010071,0.010351764969527721,0.5432351231575012,0.7030791640281677,0.012266447767615318,0.650281548500061,0.8519416451454163,0.1815967708826065,0.5271604657173157,0.8515049815177917,0.18742123246192932,0.6413091421127319,0.8704397678375244,0.1890910565853119,0.5332464575767517,0.8676397800445557,0.19463691115379333,0.6790920495986938,0.9081321954727173,0.029669368639588356,0.5142143964767456,0.9076982140541077,0.03178289160132408
126,drink,a16_s03_e01,0.5901865363121033,0.22479823231697083,-0.3759682774543762,0.5976126790046692,0.21138747036457062,-0.3578806519508362,0.6023036241531372,0.21142476797103882,-0.35792702436447144,0.6065459847450256,0.21181745827198029,-0.35794761776924133,0.5844476222991943,0.21122202277183533,-0.3541143536567688,0.5811471939086914,0.21103326976299286,-0.3541502356529236,0.5786431431770325,0.21072636544704437,-0.35411328077316284,0.6132410168647766,0.22056865692138672,-0.2289111614227295,0.5777783393859863,0.2190985381603241,-0.21283967792987823,0.5986026525497437,0.2429886758327484,-0.32696062326431274,0.5827377438545227,0.24244828522205353,-0.32230955362319946,0.6515896916389465,0.31896647810935974,-0.14563444256782532,0.542399525642395,0.3275311291217804,-0.09791557490825653,0.6740614175796509,0.4307069778442383,-0.11370308697223663,0.5063544511795044,0.425669401884079,-0.0312831737101078,0.6885524988174438,0.535030722618103,-0.24705827236175537,0.4392244815826416,0.478642076253891,-0.15553340315818787,0.6906899213790894,0.5728930234909058,-0.2832277715206146,0.42265743017196655,0.49485987424850464,-0.19130215048789978,0.6850382089614868,0.5707724094390869,-0.3269590437412262,0.4221295416355133,0.48981839418411255,-0.24302153289318085,0.6827853918075562,0.5620627999305725,-0.26600223779678345,0.428455114364624,0.4850016236305237,-0.18148598074913025,0.623871922492981,0.5424126982688904,-0.005219482816755772,0.5584172606468201,0.5391581058502197,0.005128246732056141,0.6338791847229004,0.7046604156494141,0.010354747995734215,0.5431903600692749,0.7038182616233826,0.012324214912950993,0.650280773639679,0.851771891117096,0.18356075882911682,0.5272605419158936,0.8514747023582458,0.19107282161712646,0.6415584683418274,0.8704030513763428,0.19116801023483276,0.5333272814750671,0.8674087524414062,0.19855885207653046,0.6792675256729126,0.9082151651382446,0.030941452831029892,0.5142126083374023,0.9076666235923767,0.03549424558877945
127,drink,a16_s03_e01,0.5907073020935059,0.22523650527000427,-0.392353892326355,0.598002016544342,0.2119944542646408,-0.37484437227249146,0.6026371121406555,0.2119898498058319,-0.3748847544193268,0.6068865656852722,0.21234963834285736,-0.3749040961265564,0.584753155708313,0.21209844946861267,-0.3713141083717346,0.5812181234359741,0.21200820803642273,-0.3713495433330536,0.578707218170166,0.21175161004066467,-0.37131428718566895,0.6133015751838684,0.22058835625648499,-0.24673616886138916,0.577386736869812,0.21965815126895905,-0.23165485262870789,0.5990103483200073,0.24340127408504486,-0.3434904217720032,0.5831097960472107,0.24299673736095428,-0.3391565680503845,0.6513949632644653,0.3190947473049164,-0.16108790040016174,0.5419162511825562,0.3276548683643341,-0.1148877963423729,0.6740161776542664,0.43078410625457764,-0.12087476253509521,0.5060858726501465,0.4274187684059143,-0.04541989415884018,0.6885911226272583,0.5349310040473938,-0.24757423996925354,0.4414671063423157,0.48917391896247864,-0.16096369922161102,0.6909671425819397,0.572612464427948,-0.28339749574661255,0.4258292317390442,0.5059854388237,-0.19477954506874084,0.6852921843528748,0.5705063343048096,-0.3281930387020111,0.424771785736084,0.5013552308082581,-0.24674460291862488,0.6829692125320435,0.5618206262588501,-0.2672101557254791,0.43079128861427307,0.49604567885398865,-0.18667683005332947,0.6238716840744019,0.5424336194992065,-0.004312375094741583,0.5581713318824768,0.539398729801178,0.004220928531140089,0.6338997483253479,0.7045339345932007,0.012075069360435009,0.5431898832321167,0.7040446400642395,0.01241359580308199,0.6503029465675354,0.8516124486923218,0.182364821434021,0.5273719429969788,0.8512970805168152,0.18999701738357544,0.6417583227157593,0.870394766330719,0.1886572539806366,0.5333560109138489,0.8669192790985107,0.19776396453380585,0.6793738603591919,0.908228874206543,0.027163753286004066,0.5142443180084229,0.9074327349662781,0.034506238996982574
128,drink,a16_s03_e01,0.5916264653205872,0.22647826373577118,-0.37866446375846863,0.5985254645347595,0.21334820985794067,-0.3609306812286377,0.6030478477478027,0.2134140580892563,-0.36097022891044617,0.607341468334198,0.21374399960041046,-0.3609866797924042,0.5852808356285095,0.213491290807724,-0.35775697231292725,0.5814362168312073,0.2135632187128067,-0.3577878475189209,0.578876793384552,0.21348188817501068,-0.3577496409416199,0.61333829164505,0.22091084718704224,-0.23439845442771912,0.5771297216415405,0.220682755112648,-0.22054417431354523,0.5996002554893494,0.2444702833890915,-0.330314040184021,0.583648145198822,0.24417544901371002,-0.3264610171318054,0.6511983871459961,0.3191795349121094,-0.15346410870552063,0.5412847995758057,0.3282190263271332,-0.1076754555106163,0.6738313436508179,0.43079572916030884,-0.11587164551019669,0.5060946345329285,0.42878955602645874,-0.0429794006049633,0.6886496543884277,0.5348653793334961,-0.23865243792533875,0.446480929851532,0.4956827461719513,-0.1544140875339508,0.6912568807601929,0.572320282459259,-0.27415233850479126,0.43128928542137146,0.5161235928535461,-0.1881934553384781,0.6855740547180176,0.5702481865882874,-0.3201727271080017,0.4305039346218109,0.5108469724655151,-0.24059101939201355,0.6831964254379272,0.5616161823272705,-0.2591266632080078,0.4363310933113098,0.504474937915802,-0.1801721155643463,0.6238719820976257,0.5425025224685669,-0.0038574128411710262,0.5580935478210449,0.5397703647613525,0.0037752327043563128,0.6339009404182434,0.7043589353561401,0.014196498319506645,0.543185293674469,0.7041246294975281,0.01216138806194067,0.6503031849861145,0.851341962814331,0.17396728694438934,0.5274726152420044,0.8511437773704529,0.18188008666038513,0.6418768167495728,0.8703663945198059,0.17886698246002197,0.5333924293518066,0.8665862679481506,0.18806526064872742,0.6794100403785706,0.9082139730453491,0.018581343814730644,0.5142457485198975,0.907179594039917,0.027021219953894615
129,drink,a16_s03_e01,0.5921909213066101,0.22789894044399261,-0.3947807848453522,0.5989290475845337,0.21465805172920227,-0.37663209438323975,0.6033990383148193,0.21487955749034882,-0.37667116522789,0.607770562171936,0.21519340574741364,-0.37669438123703003,0.5856560468673706,0.2146943360567093,-0.37479668855667114,0.5815610289573669,0.21483808755874634,-0.37482184171676636,0.578964352607727,0.214894101023674,-0.37478211522102356,0.6133680939674377,0.221490278840065,-0.24579620361328125,0.5767900347709656,0.2217266708612442,-0.2382519692182541,0.5999444723129272,0.24571265280246735,-0.3446977436542511,0.5839161276817322,0.24543386697769165,-0.3426300287246704,0.650776743888855,0.3192671537399292,-0.1582844853401184,0.5405110120773315,0.32874569296836853,-0.12225302308797836,0.6737029552459717,0.4308026432991028,-0.1157957911491394,0.5059915781021118,0.4305221736431122,-0.05227823182940483,0.688916802406311,0.5347694158554077,-0.23572924733161926,0.45124945044517517,0.5024908781051636,-0.1620531976222992,0.6917338371276855,0.572098433971405,-0.2704598903656006,0.4362858235836029,0.524608314037323,-0.1961517035961151,0.686057984828949,0.5700379014015198,-0.31723693013191223,0.43598276376724243,0.5201827883720398,-0.24763882160186768,0.6837018132209778,0.561460554599762,-0.2564287483692169,0.44205182790756226,0.5127930045127869,-0.18759183585643768,0.6238909959793091,0.5425042510032654,-0.0029799833428114653,0.5580407977104187,0.5401746034622192,0.002902555512264371,0.6339198350906372,0.7042543888092041,0.01612558774650097,0.5431827306747437,0.7042335271835327,0.012025034055113792,0.6503009796142578,0.8510521650314331,0.17091520130634308,0.5275758504867554,0.8509522676467896,0.17838339507579803,0.6419248580932617,0.8703144788742065,0.1755024492740631,0.5334244966506958,0.8661743998527527,0.18406544625759125,0.6794230937957764,0.9081113338470459,0.015180118381977081,0.5142629146575928,0.9069522023200989,0.023217733949422836
130,drink,a16_s03_e01,0.5924953818321228,0.22938598692417145,-0.4005679190158844,0.5992339849472046,0.2158314287662506,-0.3825053572654724,0.6036792993545532,0.2162117063999176,-0.38254380226135254,0.6081268191337585,0.21650643646717072,-0.3825673460960388,0.5858596563339233,0.21570131182670593,-0.3811933100223541,0.581576943397522,0.21588696539402008,-0.38122084736824036,0.5789862871170044,0.21605585515499115,-0.3811783492565155,0.6133862137794495,0.22238421440124512,-0.2508419454097748,0.5762571096420288,0.22294911742210388,-0.2458202838897705,0.6001101136207581,0.24700264632701874,-0.3500209450721741,0.5840344429016113,0.24667616188526154,-0.34866809844970703,0.6503145694732666,0.31928908824920654,-0.16077283024787903,0.5397917032241821,0.32932212948799133,-0.12877102196216583,0.6735246181488037,0.43086010217666626,-0.11529115587472916,0.5062330961227417,0.43267717957496643,-0.058191679418087006,0.6891113519668579,0.5346716642379761,-0.23287662863731384,0.45606207847595215,0.5078972578048706,-0.1661895215511322,0.6921475529670715,0.571613073348999,-0.2672019302845001,0.44118523597717285,0.5307965278625488,-0.20052127540111542,0.6865004897117615,0.5695871710777283,-0.3141760230064392,0.44146910309791565,0.5274316668510437,-0.251032292842865,0.6841295957565308,0.561214029788971,-0.2535848319530487,0.4473356306552887,0.5202653408050537,-0.19147050380706787,0.6241647005081177,0.5424251556396484,-0.0023351996205747128,0.5580714344978333,0.540277898311615,0.0022568488493561745,0.633985161781311,0.7042484283447266,0.016043078154325485,0.5431831479072571,0.7042339444160461,0.010948421433568,0.650321900844574,0.8510481119155884,0.16638001799583435,0.5276710987091064,0.8509504199028015,0.17399725317955017,0.6420418620109558,0.8704126477241516,0.1707037389278412,0.5335167646408081,0.8661779165267944,0.17939990758895874,0.6794930696487427,0.908103883266449,0.010704626329243183,0.5142723917961121,0.9067256450653076,0.019439328461885452
131,drink,a16_s03_e01,0.5928636789321899,0.2305581122636795,-0.3944742679595947,0.5996614694595337,0.21682818233966827,-0.3761608302593231,0.6040663719177246,0.2172645479440689,-0.37619543075561523,0.6085616946220398,0.21749335527420044,-0.3762158751487732,0.5862308740615845,0.21653756499290466,-0.37500208616256714,0.5817283391952515,0.21671277284622192,-0.37503576278686523,0.5789960622787476,0.2169293612241745,-0.37499290704727173,0.6133905649185181,0.2231905311346054,-0.24483339488506317,0.5760630369186401,0.2237907499074936,-0.24038684368133545,0.6003430485725403,0.24784988164901733,-0.3440489172935486,0.584248960018158,0.2476118505001068,-0.34291690587997437,0.6499441862106323,0.3194373846054077,-0.1569615751504898,0.5392714142799377,0.3294632136821747,-0.12537065148353577,0.6734238266944885,0.43106165528297424,-0.11018979549407959,0.5069597959518433,0.4351630210876465,-0.057918112725019455,0.6891895532608032,0.5346782207489014,-0.22546498477458954,0.4590173661708832,0.5126512050628662,-0.1674852818250656,0.6923204660415649,0.5714616179466248,-0.2596949338912964,0.444302499294281,0.5374809503555298,-0.2018459141254425,0.6866640448570251,0.5694553852081299,-0.30646196007728577,0.4453463554382324,0.5340948104858398,-0.252794086933136,0.6842833757400513,0.5611400008201599,-0.2461577206850052,0.45098763704299927,0.5267930626869202,-0.19276896119117737,0.6243123412132263,0.5423728823661804,-0.0018320113886147738,0.558100163936615,0.5404273271560669,0.0017578204860910773,0.63408362865448,0.7042442560195923,0.015247317962348461,0.54319167137146,0.7042810916900635,0.006947520188987255,0.6503180265426636,0.8510316014289856,0.16198799014091492,0.5279151201248169,0.851244330406189,0.16509243845939636,0.6420504450798035,0.8704124689102173,0.166297048330307,0.5341628789901733,0.8665309548377991,0.16990604996681213,0.6795079708099365,0.9080837965011597,0.007449640892446041,0.5139787197113037,0.9067053198814392,0.010240905918180943
132,drink,a16_s03_e01,0.5935961604118347,0.23122718930244446,-0.39379918575286865,0.6003483533859253,0.2173895537853241,-0.3752827048301697,0.6047887206077576,0.21780984103679657,-0.3753223717212677,0.6091240644454956,0.21796917915344238,-0.37534099817276,0.586809515953064,0.21697522699832916,-0.37489205598831177,0.5822043418884277,0.2171337753534317,-0.3749200403690338,0.5790674090385437,0.21729564666748047,-0.37488171458244324,0.6133967638015747,0.22354912757873535,-0.24354958534240723,0.5760089159011841,0.22400826215744019,-0.24277961254119873,0.600885272026062,0.24828290939331055,-0.3432512581348419,0.5848544239997864,0.2481968253850937,-0.34313952922821045,0.6493967771530151,0.31952670216560364,-0.15505367517471313,0.5389241576194763,0.32951879501342773,-0.1289156675338745,0.673275351524353,0.43108949065208435,-0.10338164865970612,0.5079072713851929,0.4367793798446655,-0.06043606251478195,0.6892253756523132,0.5345834493637085,-0.21493633091449738,0.46182385087013245,0.5161861777305603,-0.16855987906455994,0.6925002336502075,0.5711072087287903,-0.24756483733654022,0.44789084792137146,0.5412577390670776,-0.20268824696540833,0.6868446469306946,0.5691696405410767,-0.2942301630973816,0.44900041818618774,0.5383045673370361,-0.2537693977355957,0.6844491362571716,0.5609918832778931,-0.2354821264743805,0.4545883238315582,0.5308493375778198,-0.19371703267097473,0.6243900060653687,0.5423610806465149,-0.0012742645340040326,0.5581684708595276,0.5405728816986084,0.0011984562734141946,0.6341071724891663,0.7043328881263733,0.018359137699007988,0.5432554483413696,0.7042657732963562,0.006741465535014868,0.6503194570541382,0.8509604930877686,0.1633363664150238,0.5284421443939209,0.8511824011802673,0.16594037413597107,0.6420696973800659,0.870402991771698,0.1683555692434311,0.5350385904312134,0.8665301203727722,0.17111892998218536,0.6795276403427124,0.908077597618103,0.007859482429921627,0.5139292478561401,0.9064074754714966,0.01298443228006363
133,drink,a16_s03_e01,0.5938178896903992,0.23145580291748047,-0.3933146893978119,0.6005352139472961,0.21759086847305298,-0.37466421723365784,0.6050080060958862,0.21800532937049866,-0.3747069835662842,0.6092750430107117,0.218141108751297,-0.3747228980064392,0.587014377117157,0.21715840697288513,-0.37466102838516235,0.5824102163314819,0.21732209622859955,-0.37469571828842163,0.5790912508964539,0.21746991574764252,-0.37466830015182495,0.613397479057312,0.22374223172664642,-0.24259981513023376,0.5758291482925415,0.2241748422384262,-0.2434101104736328,0.6011021137237549,0.24849113821983337,-0.34265437722206116,0.5850571393966675,0.2484772801399231,-0.3430134654045105,0.6491258144378662,0.31990188360214233,-0.1542395055294037,0.5386029481887817,0.3295050263404846,-0.1317451298236847,0.6730828285217285,0.43123990297317505,-0.09924796968698502,0.5095585584640503,0.4381660223007202,-0.06344816088676453,0.6892043948173523,0.534478485584259,-0.21123135089874268,0.46738213300704956,0.5213778018951416,-0.1689668744802475,0.6924979090690613,0.5708498358726501,-0.24386918544769287,0.45260509848594666,0.5453339219093323,-0.20372788608074188,0.6868582963943481,0.568999707698822,-0.29006949067115784,0.45304322242736816,0.5430157780647278,-0.2543662488460541,0.6844426393508911,0.5608605742454529,-0.23163731396198273,0.4587240219116211,0.5364946126937866,-0.1941353976726532,0.6244186162948608,0.5422881245613098,-0.0002515214146114886,0.5582002401351929,0.5406240224838257,0.0001614462526049465,0.6341109871864319,0.7043105959892273,0.0224419254809618,0.5432989597320557,0.7041955590248108,0.00688243517652154,0.6503965854644775,0.8507353067398071,0.16731081902980804,0.528904378414154,0.8509944677352905,0.1676800400018692,0.6424242258071899,0.8702958226203918,0.17171618342399597,0.5357711911201477,0.866457998752594,0.17316433787345886,0.6795335412025452,0.9080446362495422,0.013706399127840996,0.5139043927192688,0.906126856803894,0.014734665863215923
134,drink,a16_s03_e01,0.594146728515625,0.2318076640367508,-0.4052548408508301,0.6008177995681763,0.21790023148059845,-0.3866768479347229,0.6053763628005981,0.2182701677083969,-0.38671690225601196,0.609433650970459,0.21837826073169708,-0.38673466444015503,0.587260901927948,0.21743431687355042,-0.3868788182735443,0.5827372074127197,0.2175825536251068,-0.3869183361530304,0.5791066884994507,0.21773234009742737,-0.38689368963241577,0.6134033203125,0.22396692633628845,-0.2526835799217224,0.5757285356521606,0.22440382838249207,-0.25439393520355225,0.6014119386672974,0.24870744347572327,-0.35371726751327515,0.5853067636489868,0.24880430102348328,-0.3543218970298767,0.6490113735198975,0.3201669454574585,-0.1577121615409851,0.5385050177574158,0.3294656574726105,-0.13963894546031952,0.6729236245155334,0.4313364624977112,-0.10212230682373047,0.5115219354629517,0.43983298540115356,-0.06928358972072601,0.6892036199569702,0.5344188809394836,-0.21599097549915314,0.4704377055168152,0.5262903571128845,-0.175176739692688,0.6924797892570496,0.570763885974884,-0.2492777556180954,0.45567893981933594,0.5526098012924194,-0.20930643379688263,0.6868354082107544,0.5689466595649719,-0.29523029923439026,0.45675691962242126,0.5503080487251282,-0.26213163137435913,0.6844438314437866,0.5608060359954834,-0.23630185425281525,0.46227484941482544,0.5430887937545776,-0.20021824538707733,0.6244369745254517,0.5422148108482361,-9.707290155347437e-05,0.5582376718521118,0.5406643152236938,-1.02610079011356e-06,0.634140133857727,0.7043378949165344,0.021802088245749474,0.5432933568954468,0.7041664719581604,0.0068837786093354225,0.6505329608917236,0.8507452011108398,0.16791832447052002,0.5292092561721802,0.8509483933448792,0.16870400309562683,0.6427496671676636,0.8703702688217163,0.1719924360513687,0.5365846157073975,0.8664566278457642,0.17433549463748932,0.6796867847442627,0.9080414175987244,0.013798254542052746,0.5134615898132324,0.9061418771743774,0.015810148790478706
135,drink,a16_s03_e01,0.5943313837051392,0.23207791149616241,-0.404801607131958,0.6010110378265381,0.21813370287418365,-0.3863576054573059,0.6056355237960815,0.21845604479312897,-0.3863988220691681,0.609524130821228,0.21855412423610687,-0.38641607761383057,0.5874361991882324,0.2176579087972641,-0.38628870248794556,0.5830130577087402,0.21777461469173431,-0.3863249123096466,0.5791322588920593,0.21792034804821014,-0.38630324602127075,0.6134082078933716,0.22409674525260925,-0.252838134765625,0.575672447681427,0.22455313801765442,-0.25325196981430054,0.6015850901603699,0.2488681972026825,-0.35345906019210815,0.585520327091217,0.249053493142128,-0.35367995500564575,0.6489366292953491,0.32048314809799194,-0.15726616978645325,0.5385341048240662,0.3290807008743286,-0.1398070603609085,0.6726914644241333,0.43144240975379944,-0.10269737243652344,0.5138473510742188,0.4402797818183899,-0.06915908306837082,0.6890422105789185,0.5343794226646423,-0.21823033690452576,0.4741896092891693,0.5286267399787903,-0.17624929547309875,0.6923693418502808,0.5707473754882812,-0.25188392400741577,0.4598338007926941,0.5547343492507935,-0.21020913124084473,0.6867818832397461,0.5689449310302734,-0.2977643311023712,0.4604707658290863,0.552664577960968,-0.2636079490184784,0.6844047904014587,0.5607888698577881,-0.23856094479560852,0.46602973341941833,0.5457050800323486,-0.20126497745513916,0.6242541074752808,0.5421861410140991,0.00033064463059417903,0.5580854415893555,0.5407584309577942,-0.0004369120579212904,0.6341553926467896,0.7043845653533936,0.020883658900856972,0.543289303779602,0.70416659116745,0.0056259287521243095,0.6506488919258118,0.8511381149291992,0.16670957207679749,0.5293947458267212,0.8509413599967957,0.16898442804813385,0.6429718732833862,0.8709494471549988,0.17086300253868103,0.537041187286377,0.866449236869812,0.17460176348686218,0.6802140474319458,0.9081699252128601,0.011982116848230362,0.5131800770759583,0.9061852693557739,0.01569816842675209
136,drink,a16_s03_e01,0.5945011973381042,0.23236508667469025,-0.40765124559402466,0.6012243032455444,0.21832148730754852,-0.3897949755191803,0.6059004068374634,0.21859391033649445,-0.38983386754989624,0.6095994114875793,0.21867436170578003,-0.3898465037345886,0.5876215696334839,0.2178378701210022,-0.3897852897644043,0.5833269357681274,0.21792086958885193,-0.3898254930973053,0.5792261362075806,0.21805526316165924,-0.3898114562034607,0.6134237051010132,0.2241785079240799,-0.2577971816062927,0.5756765604019165,0.22465278208255768,-0.2584748864173889,0.6017444133758545,0.2490537315607071,-0.3567090630531311,0.5857678651809692,0.24926790595054626,-0.35698816180229187,0.6489335298538208,0.32081565260887146,-0.1594041883945465,0.5385617613792419,0.3283264935016632,-0.14637181162834167,0.6722174286842346,0.4316282570362091,-0.10181853920221329,0.5157366991043091,0.44086962938308716,-0.07473327219486237,0.6888319253921509,0.5344070196151733,-0.21485956013202667,0.4783347249031067,0.532399594783783,-0.1800779402256012,0.692238986492157,0.570751428604126,-0.24742653965950012,0.46494466066360474,0.5588308572769165,-0.2133214920759201,0.6867520213127136,0.5689607858657837,-0.2939137816429138,0.4652714133262634,0.5569833517074585,-0.2663366198539734,0.6843932867050171,0.5607879161834717,-0.23514147102832794,0.47022300958633423,0.5498781204223633,-0.20451438426971436,0.6241226196289062,0.5422121286392212,0.0008950528572313488,0.5580137968063354,0.5411636233329773,-0.0010186624713242054,0.6341999173164368,0.7044378519058228,0.020375242456793785,0.5433129668235779,0.7041643857955933,0.005315504968166351,0.650713324546814,0.8513310551643372,0.16391822695732117,0.5296708941459656,0.8507830500602722,0.1679331660270691,0.6430813074111938,0.8712028861045837,0.16798311471939087,0.53756183385849,0.8662918210029602,0.17344875633716583,0.6805639266967773,0.908230721950531,0.010370895266532898,0.5131067633628845,0.9061883091926575,0.015417519025504589
137,drink,a16_s03_e01,0.5947809219360352,0.23251080513000488,-0.42210525274276733,0.6016284227371216,0.2184068113565445,-0.4042510986328125,0.6063504815101624,0.218662828207016,-0.40428251028060913,0.6097638607025146,0.218742236495018,-0.40429338812828064,0.5878950357437134,0.21787352859973907,-0.40453577041625977,0.5837184190750122,0.21794794499874115,-0.4045785963535309,0.5794335007667542,0.21806453168392181,-0.40456342697143555,0.613559901714325,0.22422213852405548,-0.2708597183227539,0.5756893157958984,0.2246454805135727,-0.272968053817749,0.6020284295082092,0.24919788539409637,-0.37058645486831665,0.5860482454299927,0.24942198395729065,-0.37130481004714966,0.648930549621582,0.3210527002811432,-0.16876205801963806,0.5385839939117432,0.32768747210502625,-0.15968210995197296,0.6715258359909058,0.4318786859512329,-0.10370324552059174,0.5176293849945068,0.44219133257865906,-0.08885383605957031,0.6887667775154114,0.5347005724906921,-0.2166132926940918,0.48136645555496216,0.5393214821815491,-0.19343861937522888,0.6920743584632874,0.5709622502326965,-0.24954792857170105,0.46933436393737793,0.5663107633590698,-0.2266388237476349,0.6867315769195557,0.5691530704498291,-0.29582610726356506,0.46993669867515564,0.5651754140853882,-0.27818602323532104,0.6843715906143188,0.560844361782074,-0.23685511946678162,0.4745229184627533,0.5577203035354614,-0.21700851619243622,0.6240774989128113,0.542211651802063,0.0012934200931340456,0.558012843132019,0.5412399172782898,-0.0014267892111092806,0.6343374252319336,0.7044343948364258,0.020544562488794327,0.5433331727981567,0.704173743724823,0.005261869169771671,0.6507425308227539,0.8513967394828796,0.16422975063323975,0.5298061370849609,0.8507093191146851,0.16836604475975037,0.6431032419204712,0.8712860345840454,0.1686151921749115,0.5378817319869995,0.8662358522415161,0.17394542694091797,0.6807760000228882,0.9082311391830444,0.010548405349254608,0.5130285024642944,0.90617436170578,0.015764012932777405
138,drink,a16_s03_e01,0.5949434041976929,0.23253704607486725,-0.43014827370643616,0.6019275784492493,0.21843321621418,-0.41242852807044983,0.6066735982894897,0.2186867892742157,-0.41245102882385254,0.6098935604095459,0.21876855194568634,-0.41245609521865845,0.5881207585334778,0.21786366403102875,-0.4128097891807556,0.5840274095535278,0.21793419122695923,-0.41285428404808044,0.5796090364456177,0.21804150938987732,-0.41283687949180603,0.6136710047721863,0.22425776720046997,-0.27872994542121887,0.5756949186325073,0.22463580965995789,-0.28174272179603577,0.6021720170974731,0.2492649257183075,-0.3784776031970978,0.5861858129501343,0.24948106706142426,-0.3794509768486023,0.6488518118858337,0.3212813138961792,-0.1744469702243805,0.5386086702346802,0.3270224630832672,-0.1681784838438034,0.6711405515670776,0.4320288896560669,-0.10675019025802612,0.5189517140388489,0.4427507221698761,-0.09764061868190765,0.6885735392570496,0.5355088710784912,-0.21739062666893005,0.4852190911769867,0.5428017377853394,-0.20233085751533508,0.6917272806167603,0.5717646479606628,-0.25076326727867126,0.4738853871822357,0.5706326365470886,-0.23570220172405243,0.6865700483322144,0.5699291229248047,-0.2968383729457855,0.4748207628726959,0.5698723196983337,-0.28624439239501953,0.6842952370643616,0.5612688064575195,-0.2376272976398468,0.4792378842830658,0.5622259378433228,-0.2253790646791458,0.6240755319595337,0.5422089099884033,0.002042872831225395,0.5579739809036255,0.54124915599823,-0.0021852501668035984,0.6344495415687561,0.7043657302856445,0.02379370667040348,0.5433639287948608,0.7041405439376831,0.005313661880791187,0.650739312171936,0.8513967394828796,0.16786867380142212,0.5298928618431091,0.8506784439086914,0.16846966743469238,0.6430900692939758,0.8712928891181946,0.1720903515815735,0.5379112958908081,0.8662019968032837,0.17407634854316711,0.6808987855911255,0.9082311391830444,0.01617887057363987,0.5130017399787903,0.9061704277992249,0.015932749956846237
139,drink,a16_s03_e01,0.5950793027877808,0.23258160054683685,-0.43098488450050354,0.6021671891212463,0.2184450924396515,-0.4135054647922516,0.6069028377532959,0.21869570016860962,-0.41352230310440063,0.6099739670753479,0.21877481043338776,-0.41352391242980957,0.5883449912071228,0.21785156428813934,-0.413919061422348,0.584327220916748,0.21791790425777435,-0.41396579146385193,0.5798434019088745,0.21801869571208954,-0.4139469265937805,0.6137767434120178,0.22427435219287872,-0.2806573212146759,0.5757322311401367,0.2246302217245102,-0.28388306498527527,0.6022807359695435,0.24935336410999298,-0.37957054376602173,0.5863598585128784,0.24953849613666534,-0.38060858845710754,0.6488534808158875,0.3214729428291321,-0.1756061166524887,0.5386298298835754,0.32657089829444885,-0.1715119183063507,0.6704971194267273,0.4322482943534851,-0.10688767582178116,0.5199747681617737,0.44307059049606323,-0.1017412319779396,0.6880918145179749,0.536250114440918,-0.21694180369377136,0.48986953496932983,0.5437060594558716,-0.20494385063648224,0.6909033060073853,0.5724146366119385,-0.2491818219423294,0.47936779260635376,0.5726376175880432,-0.23812010884284973,0.6859601140022278,0.5705703496932983,-0.295431911945343,0.4800415635108948,0.572694718837738,-0.28744572401046753,0.683753252029419,0.561693012714386,-0.2370099127292633,0.4845200479030609,0.5645601749420166,-0.22733502089977264,0.6240683794021606,0.5419914722442627,0.002757331822067499,0.5578522682189941,0.5410976409912109,-0.002911354647949338,0.6346617341041565,0.7041690945625305,0.02306373417377472,0.5434514284133911,0.7039651870727539,0.004918680991977453,0.6507402062416077,0.8514570593833923,0.16583387553691864,0.5300134420394897,0.8505836725234985,0.16584396362304688,0.6430903077125549,0.8713825941085815,0.1698424369096756,0.537935197353363,0.8661231398582458,0.17123648524284363,0.6810063719749451,0.9082460403442383,0.01468327920883894,0.5130411982536316,0.9061346650123596,0.013929667882621288
140,drink,a16_s03_e01,0.5952925682067871,0.23261500895023346,-0.4393642544746399,0.6024697422981262,0.21845434606075287,-0.422126442193985,0.6071712970733643,0.2187023162841797,-0.42213374376296997,0.6100894808769226,0.218783438205719,-0.4221329689025879,0.5886019468307495,0.21783839166164398,-0.42272359132766724,0.5846306681632996,0.21790239214897156,-0.42277804017066956,0.5801294445991516,0.21799977123737335,-0.422760546207428,0.6139944791793823,0.2242993414402008,-0.2889804244041443,0.5757904648780823,0.2246236801147461,-0.2929767966270447,0.6024863123893738,0.24940235912799835,-0.3876688480377197,0.5866196751594543,0.24957281351089478,-0.3889423906803131,0.6490367650985718,0.3220777213573456,-0.17948688566684723,0.5386365056037903,0.3259951174259186,-0.1824440062046051,0.6702466011047363,0.43383124470710754,-0.10714761912822723,0.520271897315979,0.4436224102973938,-0.11474877595901489,0.6872256994247437,0.5386466383934021,-0.21557533740997314,0.49331289529800415,0.5451682209968567,-0.21771125495433807,0.6891680955886841,0.5736117959022522,-0.2467825710773468,0.48352494835853577,0.5739842057228088,-0.25140464305877686,0.6848145723342896,0.5718185901641846,-0.29308435320854187,0.4847995638847351,0.5745342969894409,-0.2990613281726837,0.6828118562698364,0.5629745125770569,-0.23552384972572327,0.48979681730270386,0.5664086937904358,-0.2391836941242218,0.6240536570549011,0.5418779253959656,0.003908772952854633,0.5577281713485718,0.5409813523292542,-0.0040766410529613495,0.6348167657852173,0.7040886282920837,0.024357419461011887,0.5435433387756348,0.7039628624916077,0.004971838556230068,0.6507534980773926,0.8514741659164429,0.16788189113140106,0.5300927758216858,0.8505638837814331,0.16634859144687653,0.6431020498275757,0.8714103698730469,0.17190681397914886,0.5380086302757263,0.866061270236969,0.17178842425346375,0.6810433864593506,0.9082449674606323,0.017552249133586884,0.5130783319473267,0.9061655402183533,0.01417879480868578
141,drink,a16_s03_e01,0.5955022573471069,0.2325565665960312,-0.4391583502292633,0.6027030944824219,0.21839995682239532,-0.4216848313808441,0.6073907613754272,0.21864931285381317,-0.4216894209384918,0.6101875901222229,0.21872834861278534,-0.4216853976249695,0.5888308882713318,0.21773073077201843,-0.42239516973495483,0.5848973989486694,0.21780891716480255,-0.42244935035705566,0.5804167985916138,0.2179291546344757,-0.42243656516075134,0.6141613721847534,0.22427530586719513,-0.28858089447021484,0.5758620500564575,0.22456057369709015,-0.29329004883766174,0.6026927828788757,0.24939702451229095,-0.38760119676589966,0.586851179599762,0.2495584785938263,-0.3890690207481384,0.6491608023643494,0.3222690224647522,-0.1797243058681488,0.5386767983436584,0.32573333382606506,-0.184676393866539,0.6700669527053833,0.4344451129436493,-0.10723401606082916,0.5207602977752686,0.4444654881954193,-0.12012046575546265,0.6866229772567749,0.5399339199066162,-0.2128283977508545,0.49568209052085876,0.5471504330635071,-0.2214081585407257,0.6880723237991333,0.5741080045700073,-0.24314701557159424,0.48687487840652466,0.5767975449562073,-0.2549789845943451,0.6839850544929504,0.5722581744194031,-0.28909045457839966,0.48888078331947327,0.5774065852165222,-0.3013777732849121,0.6820048093795776,0.5634801387786865,-0.23257282376289368,0.49353986978530884,0.5688254237174988,-0.24227137863636017,0.6241176724433899,0.5418785214424133,0.004453127272427082,0.5577268600463867,0.5409801602363586,-0.004624281544238329,0.6349082589149475,0.7041304111480713,0.029317229986190796,0.5436100959777832,0.7042921185493469,0.00512389000505209,0.650769829750061,0.8515964150428772,0.17650467157363892,0.5301021337509155,0.8505630493164062,0.16966360807418823,0.6431075930595398,0.8714950680732727,0.18108542263507843,0.5380017161369324,0.8660568594932556,0.1757482886314392,0.6810556650161743,0.908267080783844,0.02771356701850891,0.5130821466445923,0.9061688184738159,0.019572090357542038
142,drink,a16_s03_e01,0.5957012176513672,0.23236265778541565,-0.440638929605484,0.6029699444770813,0.2181408554315567,-0.42303943634033203,0.607651948928833,0.21837705373764038,-0.42304450273513794,0.6103143095970154,0.21846967935562134,-0.4230412542819977,0.5889855027198792,0.2174336165189743,-0.42393335700035095,0.5850800275802612,0.21754924952983856,-0.42399391531944275,0.5806021690368652,0.2177133411169052,-0.42398548126220703,0.614423930644989,0.22414351999759674,-0.2897384464740753,0.5759077668190002,0.22439764440059662,-0.2953413128852844,0.6028927564620972,0.24931985139846802,-0.38902977108955383,0.587013840675354,0.2495267540216446,-0.3907574713230133,0.6493414640426636,0.32234472036361694,-0.18065685033798218,0.5386863946914673,0.32544392347335815,-0.18718871474266052,0.6699016094207764,0.4349159300327301,-0.10752640664577484,0.5208169221878052,0.4448508322238922,-0.12344352155923843,0.6858190298080444,0.5410566329956055,-0.21301212906837463,0.49761080741882324,0.5474097728729248,-0.22379863262176514,0.6870435476303101,0.5748186707496643,-0.24337339401245117,0.48983168601989746,0.5772606134414673,-0.257229208946228,0.683203399181366,0.5730130076408386,-0.2892482280731201,0.49238714575767517,0.5776625871658325,-0.3028287887573242,0.6811747550964355,0.5642141103744507,-0.23271353542804718,0.49687424302101135,0.568913996219635,-0.2441931515932083,0.6241390109062195,0.5418746471405029,0.005031367763876915,0.5577037930488586,0.5409689545631409,-0.005208487622439861,0.6350260972976685,0.7041253447532654,0.031171951442956924,0.5437479615211487,0.7043091058731079,0.0055956910364329815,0.6507712602615356,0.8516695499420166,0.1801394820213318,0.5301253795623779,0.8505600690841675,0.17156335711479187,0.6431088447570801,0.8715590238571167,0.1849839985370636,0.5379990339279175,0.8660595417022705,0.17782524228096008,0.6810899972915649,0.9082841873168945,0.03221295401453972,0.5130826234817505,0.9061695337295532,0.021632220596075058
143,drink,a16_s03_e01,0.5960174202919006,0.23202066123485565,-0.4420180320739746,0.6034242510795593,0.21770308911800385,-0.4242604374885559,0.6079985499382019,0.21791116893291473,-0.42426347732543945,0.6105127334594727,0.2180488258600235,-0.4242590367794037,0.589231014251709,0.2169603556394577,-0.4255223274230957,0.5853008031845093,0.21709275245666504,-0.42558425664901733,0.5808584094047546,0.2173061966896057,-0.42557936906814575,0.6148115992546082,0.2239343822002411,-0.290176659822464,0.5759580731391907,0.2241789847612381,-0.2976316809654236,0.603230357170105,0.24912400543689728,-0.3900739848613739,0.5872601270675659,0.24941329658031464,-0.3923288881778717,0.6494904160499573,0.322332501411438,-0.18013344705104828,0.5387231111526489,0.32502317428588867,-0.19026337563991547,0.6698516011238098,0.43503889441490173,-0.10715272277593613,0.520938515663147,0.44470056891441345,-0.12804141640663147,0.6852006316184998,0.5414002537727356,-0.21022582054138184,0.5000919103622437,0.5473024249076843,-0.22687892615795135,0.6863218545913696,0.5750935077667236,-0.24006769061088562,0.4927489161491394,0.5775778889656067,-0.2602854371070862,0.6826428174972534,0.5731877684593201,-0.28576815128326416,0.49560245871543884,0.5777620077133179,-0.3048470914363861,0.6804614663124084,0.5643646717071533,-0.2297975718975067,0.5001975297927856,0.5686981678009033,-0.2467060387134552,0.6244558691978455,0.5418650507926941,0.005734856240451336,0.5577259063720703,0.5409678816795349,-0.0059134624898433685,0.6351915001869202,0.7041340470314026,0.03482227772474289,0.5438035130500793,0.7043956518173218,0.00609736330807209,0.6507782936096191,0.8518430590629578,0.18513837456703186,0.5301322937011719,0.8505659699440002,0.17396286129951477,0.6431108713150024,0.8716413974761963,0.19014160335063934,0.5379932522773743,0.8660610318183899,0.18044158816337585,0.6811310648918152,0.9083098769187927,0.03815334662795067,0.5130842924118042,0.9062106609344482,0.02436448633670807
144,drink,a16_s03_e01,0.5962710976600647,0.23160430788993835,-0.4441922605037689,0.6037949323654175,0.21713915467262268,-0.4263618588447571,0.6082843542098999,0.21731553971767426,-0.42636218667030334,0.610699474811554,0.21749356389045715,-0.4263586401939392,0.5894402265548706,0.21644680202007294,-0.4277929365634918,0.5854887366294861,0.2166094034910202,-0.42785435914993286,0.5810929536819458,0.216891348361969,-0.4278498589992523,0.6152142286300659,0.22366589307785034,-0.29205843806266785,0.5760238170623779,0.22401253879070282,-0.30048519372940063,0.6035388708114624,0.24888809025287628,-0.39218226075172424,0.5875049829483032,0.24927300214767456,-0.39470964670181274,0.6496883630752563,0.3222748637199402,-0.18041765689849854,0.5388351678848267,0.32456687092781067,-0.1945844441652298,0.6698334813117981,0.4351336658000946,-0.10656870901584625,0.5209612846374512,0.4447084069252014,-0.13382676243782043,0.6847978830337524,0.5418154001235962,-0.20709404349327087,0.5014468431472778,0.5479269623756409,-0.23105387389659882,0.6859323978424072,0.575475811958313,-0.23646414279937744,0.49422168731689453,0.5786221027374268,-0.26452621817588806,0.6822346448898315,0.5734983682632446,-0.2821061909198761,0.4976915419101715,0.5788038969039917,-0.3082203269004822,0.6799622774124146,0.5646300911903381,-0.22657501697540283,0.502219021320343,0.5694417953491211,-0.2504560947418213,0.6246863603591919,0.5418114066123962,0.006815294735133648,0.5577457547187805,0.5409511923789978,-0.006993626710027456,0.6353310942649841,0.7040504217147827,0.038653478026390076,0.543908417224884,0.7045556902885437,0.006283608730882406,0.6507772207260132,0.8518672585487366,0.18972525000572205,0.5301346182823181,0.8505657315254211,0.17525658011436462,0.6430970430374146,0.8716514706611633,0.19481196999549866,0.5379886627197266,0.866057813167572,0.1818777322769165,0.6811793446540833,0.9083114266395569,0.04359469190239906,0.5130923986434937,0.9062195420265198,0.025834202766418457
145,drink,a16_s03_e01,0.596519410610199,0.23107266426086426,-0.44038790464401245,0.6041456460952759,0.21641458570957184,-0.42248600721359253,0.6085271239280701,0.21657752990722656,-0.42248955368995667,0.6108747124671936,0.2167925238609314,-0.42248526215553284,0.5896942019462585,0.21581724286079407,-0.4238198399543762,0.5856924653053284,0.21600237488746643,-0.42387837171554565,0.5813736319541931,0.21634408831596375,-0.4238736629486084,0.6155697703361511,0.22333553433418274,-0.28835469484329224,0.5760996341705322,0.22380945086479187,-0.2962085008621216,0.6038387417793274,0.24855464696884155,-0.3884245455265045,0.5877753496170044,0.24905483424663544,-0.3908025026321411,0.6498750448226929,0.32218071818351746,-0.17846980690956116,0.5390734672546387,0.32406139373779297,-0.19164469838142395,0.6697250604629517,0.43520551919937134,-0.09937252104282379,0.5210399627685547,0.44462230801582336,-0.13137957453727722,0.6842948198318481,0.5420202612876892,-0.20049265027046204,0.5028571486473083,0.5478394031524658,-0.229091614484787,0.6855437159538269,0.5756770372390747,-0.23008033633232117,0.4958712160587311,0.5789760947227478,-0.2629193663597107,0.681810200214386,0.5736778378486633,-0.27588874101638794,0.5000573992729187,0.5794174075126648,-0.30665385723114014,0.6794310808181763,0.5648054480552673,-0.2200324982404709,0.5044915080070496,0.5696362853050232,-0.24853816628456116,0.6247740387916565,0.5418112874031067,0.008314349688589573,0.5577446818351746,0.540950357913971,-0.008491459302604198,0.6353816986083984,0.7040076851844788,0.04185965657234192,0.5441184639930725,0.7048426270484924,0.006299710366874933,0.6507206559181213,0.8518726229667664,0.19481010735034943,0.530178964138031,0.8505575060844421,0.17711330950260162,0.6429620385169983,0.8716530203819275,0.20008499920368195,0.5379852056503296,0.8660460710525513,0.1840517669916153,0.681205153465271,0.9083145260810852,0.04926779121160507,0.5131078362464905,0.9062263369560242,0.027991896495223045
146,drink,a16_s03_e01,0.5969991683959961,0.23047789931297302,-0.4388815760612488,0.604709804058075,0.21566316485404968,-0.4219907224178314,0.608810544013977,0.2158481478691101,-0.4220058023929596,0.6111246347427368,0.21611063182353973,-0.42201322317123413,0.5902352929115295,0.2151486724615097,-0.42198801040649414,0.5860351324081421,0.21533851325511932,-0.42204397916793823,0.5818738341331482,0.21573521196842194,-0.42202991247177124,0.6160160899162292,0.22310863435268402,-0.2858697772026062,0.5762161612510681,0.223646879196167,-0.29286736249923706,0.6043522953987122,0.2481817752122879,-0.38744547963142395,0.5882099866867065,0.24881801009178162,-0.3884637653827667,0.6501863598823547,0.3221941590309143,-0.17311593890190125,0.5393818020820618,0.3237828016281128,-0.18914231657981873,0.6696704626083374,0.43538618087768555,-0.09476169943809509,0.5212894678115845,0.44465598464012146,-0.13113389909267426,0.6841191649436951,0.5422569513320923,-0.19586032629013062,0.5036221742630005,0.5476574301719666,-0.2289704978466034,0.6853467226028442,0.5758997797966003,-0.22559721767902374,0.4966399669647217,0.5792400240898132,-0.26310569047927856,0.6816331744194031,0.5738213062286377,-0.2713223099708557,0.5016894340515137,0.5796892642974854,-0.3065691590309143,0.6792399883270264,0.5649445056915283,-0.2154679298400879,0.506067156791687,0.5695770382881165,-0.24835972487926483,0.6250852346420288,0.5418115258216858,0.009229892864823341,0.5579304099082947,0.5411120653152466,-0.009399550966918468,0.6355075836181641,0.7039120197296143,0.04391270875930786,0.5443634986877441,0.7052749991416931,0.00631113862618804,0.6507006287574768,0.8518720865249634,0.19674113392829895,0.5302373170852661,0.8505743145942688,0.17763254046440125,0.642912745475769,0.8716407418251038,0.20193512737751007,0.5379799604415894,0.8660537600517273,0.184554785490036,0.6812318563461304,0.9082853198051453,0.05129389092326164,0.5131381154060364,0.906273603439331,0.02864762768149376
147,drink,a16_s03_e01,0.597528338432312,0.2298911213874817,-0.434206485748291,0.605298638343811,0.21505817770957947,-0.4156387746334076,0.6090691089630127,0.21527895331382751,-0.41564446687698364,0.6113888621330261,0.21559306979179382,-0.41563940048217773,0.5909373760223389,0.214609295129776,-0.41728848218917847,0.5864659547805786,0.21480116248130798,-0.41734132170677185,0.5825029611587524,0.21525342762470245,-0.417339950799942,0.6165186762809753,0.22291889786720276,-0.27771463990211487,0.576386570930481,0.2235146015882492,-0.29012542963027954,0.6048141121864319,0.24777723848819733,-0.38184788823127747,0.5886588096618652,0.24853429198265076,-0.38490158319473267,0.6506039500236511,0.3222241699695587,-0.16472749412059784,0.5397367477416992,0.3233814239501953,-0.18652495741844177,0.6696680784225464,0.43547436594963074,-0.08824621886014938,0.5213832855224609,0.4446240961551666,-0.12938323616981506,0.6840552091598511,0.5421997308731079,-0.19170109927654266,0.5045753717422485,0.5467545390129089,-0.22823330760002136,0.6853216290473938,0.5758997201919556,-0.22196587920188904,0.49727725982666016,0.5780060887336731,-0.26282328367233276,0.6815653443336487,0.5738178491592407,-0.2677633762359619,0.5027188658714294,0.5782688856124878,-0.3063495457172394,0.6791549324989319,0.5649429559707642,-0.21147099137306213,0.5072664022445679,0.5683148503303528,-0.2477249652147293,0.6252514123916626,0.5419663786888123,0.010451367124915123,0.5580486059188843,0.5413521528244019,-0.010614130645990372,0.635835587978363,0.7037854790687561,0.043779145926237106,0.5445678234100342,0.7058455944061279,0.005847925320267677,0.6506702899932861,0.8518784642219543,0.19819648563861847,0.5302733778953552,0.8505703210830688,0.17890378832817078,0.6427890062332153,0.8716545701026917,0.20352575182914734,0.537956714630127,0.8660182356834412,0.1860983967781067,0.6813811659812927,0.9083041548728943,0.05213715881109238,0.5132278203964233,0.9062694311141968,0.030023623257875443
148,drink,a16_s03_e01,0.5979293584823608,0.22956156730651855,-0.4329245686531067,0.6057645082473755,0.2147047072649002,-0.4136171340942383,0.6092826128005981,0.21497294306755066,-0.4136190414428711,0.6116667985916138,0.21534301340579987,-0.413609117269516,0.5915206670761108,0.21419844031333923,-0.41605907678604126,0.5868237018585205,0.21436578035354614,-0.41611066460609436,0.5830088257789612,0.21483664214611053,-0.4161146581172943,0.6170269846916199,0.2228381633758545,-0.274478942155838,0.5765697956085205,0.22340437769889832,-0.2894847095012665,0.6051687002182007,0.2475549578666687,-0.3797928988933563,0.589035153388977,0.24833494424819946,-0.3839132785797119,0.651098370552063,0.3222571015357971,-0.1611213982105255,0.5401386618614197,0.3229962885379791,-0.1856962889432907,0.6697022318840027,0.4355989098548889,-0.08495916426181793,0.5215169191360474,0.44413915276527405,-0.12915506958961487,0.6840680837631226,0.5425616502761841,-0.18965503573417664,0.5053770542144775,0.5465701222419739,-0.22877570986747742,0.6853545308113098,0.5761013627052307,-0.22007422149181366,0.49806341528892517,0.5771500468254089,-0.2636715769767761,0.6815776824951172,0.5739317536354065,-0.2660537660121918,0.5037756562232971,0.5772255063056946,-0.30735743045806885,0.6791752576828003,0.5651342272758484,-0.20955784618854523,0.5083848237991333,0.5675007700920105,-0.24832487106323242,0.6254577040672302,0.542044997215271,0.011308839544653893,0.558363676071167,0.5414626002311707,-0.011468198150396347,0.6360025405883789,0.7037026286125183,0.04355465620756149,0.5448365211486816,0.7062209844589233,0.0053571248427033424,0.6506184339523315,0.8518798351287842,0.20101265609264374,0.5303239822387695,0.8504733443260193,0.18144641816616058,0.6426631212234497,0.8716619610786438,0.20669448375701904,0.537929892539978,0.8658839464187622,0.18904165923595428,0.6814756393432617,0.9083573818206787,0.05493035912513733,0.5133154988288879,0.906208336353302,0.03260141238570213
149,drink,a16_s03_e01,0.5981495976448059,0.22931790351867676,-0.4321548044681549,0.6060255765914917,0.2144453525543213,-0.4126203656196594,0.6094177961349487,0.21475234627723694,-0.4126189649105072,0.6118536591529846,0.21516413986682892,-0.41260695457458496,0.591842532157898,0.21386480331420898,-0.4153327941894531,0.5870439410209656,0.21400512754917145,-0.41538339853286743,0.5833317041397095,0.2144719958305359,-0.41538795828819275,0.6174115538597107,0.22278447449207306,-0.27369996905326843,0.5767350792884827,0.2233075350522995,-0.289293110370636,0.6053614616394043,0.24735763669013977,-0.37883609533309937,0.5892567038536072,0.24817660450935364,-0.38334542512893677,0.6515294909477234,0.32228225469589233,-0.1606214940547943,0.5404784083366394,0.3224257826805115,-0.18509705364704132,0.6697248220443726,0.4356909990310669,-0.08464877307415009,0.5216430425643921,0.4436068832874298,-0.1286686658859253,0.6840764284133911,0.5426872968673706,-0.18784263730049133,0.506510317325592,0.5457251071929932,-0.2285674512386322,0.6853793859481812,0.5761856436729431,-0.2179955244064331,0.49895548820495605,0.5765601992607117,-0.2634372115135193,0.6815839409828186,0.5740537047386169,-0.26396846771240234,0.5047050714492798,0.5766413807868958,-0.3071337342262268,0.6791858673095703,0.5652478337287903,-0.20771443843841553,0.5093973875045776,0.5672432780265808,-0.24812451004981995,0.625884473323822,0.5420345067977905,0.011432578787207603,0.5586909055709839,0.5414612889289856,-0.011590445414185524,0.6361111402511597,0.703546941280365,0.04279693216085434,0.5448901653289795,0.7062284350395203,0.004861520603299141,0.6505851149559021,0.8518818020820618,0.19816896319389343,0.5303627848625183,0.850396990776062,0.181125670671463,0.6425589323043823,0.8716688752174377,0.2036164551973343,0.5379064679145813,0.8657867312431335,0.18881185352802277,0.6815425157546997,0.9083557724952698,0.051426492631435394,0.5133711695671082,0.9061315059661865,0.032530128955841064
150,drink,a16_s03_e01,0.5983982086181641,0.22914506494998932,-0.4293851852416992,0.6063197255134583,0.21427561342716217,-0.40983375906944275,0.6095609068870544,0.21460087597370148,-0.40983033180236816,0.6120909452438354,0.21504178643226624,-0.40981587767601013,0.5921900868415833,0.2137109786272049,-0.4126986563205719,0.5872620344161987,0.21385504305362701,-0.41274675726890564,0.583609938621521,0.2143382430076599,-0.4127468466758728,0.6177668571472168,0.22273527085781097,-0.27110809087753296,0.5768693089485168,0.22324632108211517,-0.28719404339790344,0.6055957674980164,0.24717457592487335,-0.3760206997394562,0.5894879698753357,0.24803434312343597,-0.38075777888298035,0.651742696762085,0.3222567141056061,-0.1582465022802353,0.5407839417457581,0.32197999954223633,-0.18447580933570862,0.6697501540184021,0.4356437623500824,-0.08257727324962616,0.5217409133911133,0.4425365626811981,-0.1273738443851471,0.6843651533126831,0.54255211353302,-0.18677179515361786,0.5070024728775024,0.5443896651268005,-0.22745299339294434,0.6858205795288086,0.5761716365814209,-0.21707983314990997,0.4995346963405609,0.576237142086029,-0.26215794682502747,0.6819602251052856,0.5740324854850769,-0.2631053328514099,0.5052335858345032,0.576475977897644,-0.3062741160392761,0.6796202659606934,0.5652082562446594,-0.20668402314186096,0.5099280476570129,0.5668575167655945,-0.24724189937114716,0.6263924241065979,0.541723370552063,0.011800581589341164,0.5591073632240295,0.5413922667503357,-0.01195706706494093,0.6363030672073364,0.7032354474067688,0.04235941916704178,0.5451359748840332,0.706095278263092,0.003067457815632224,0.6505311727523804,0.8519115447998047,0.19607862830162048,0.5304279923439026,0.8502219319343567,0.17584261298179626,0.6423652172088623,0.8717533946037292,0.2006378173828125,0.5378907322883606,0.8656424880027771,0.18289637565612793,0.6817871332168579,0.9083991646766663,0.04862016439437866,0.5135116577148438,0.9059545993804932,0.02671017311513424
151,drink,a16_s03_e01,0.598512589931488,0.22899173200130463,-0.41925591230392456,0.6064893007278442,0.2141268402338028,-0.3997466564178467,0.6096585392951965,0.21446500718593597,-0.39975059032440186,0.6122483015060425,0.21492823958396912,-0.39973732829093933,0.5923726558685303,0.21357588469982147,-0.4020816385746002,0.5873920917510986,0.21371856331825256,-0.4021259844303131,0.583774209022522,0.21420158445835114,-0.4021257758140564,0.6180251240730286,0.22269828617572784,-0.26253336668014526,0.5769588947296143,0.22320549190044403,-0.27573075890541077,0.6056910753250122,0.2470487654209137,-0.36668917536735535,0.5896099805831909,0.247919961810112,-0.37059926986694336,0.6519542336463928,0.3222586512565613,-0.15284909307956696,0.5410321950912476,0.3217405676841736,-0.1786561757326126,0.669853150844574,0.43556633591651917,-0.08112335205078125,0.5218861699104309,0.4418826997280121,-0.12483660876750946,0.6846944093704224,0.542006254196167,-0.18840064108371735,0.5074538588523865,0.5438833832740784,-0.22428396344184875,0.6863415241241455,0.5760571360588074,-0.21925699710845947,0.499957799911499,0.5759080052375793,-0.2594066858291626,0.6822963953018188,0.5738713145256042,-0.2652375400066376,0.506011426448822,0.5761896967887878,-0.30284062027931213,0.6799779534339905,0.5650103092193604,-0.20835402607917786,0.5106421709060669,0.5667820572853088,-0.24371960759162903,0.6265720725059509,0.5417077541351318,0.011964517645537853,0.5592260360717773,0.5413921475410461,-0.012115406803786755,0.6363885998725891,0.7030869126319885,0.04221899062395096,0.5451829433441162,0.7061144113540649,0.002589711220934987,0.6504653096199036,0.8519132733345032,0.19548936188220978,0.5304807424545288,0.8501970767974854,0.17490528523921967,0.6420794725418091,0.8717683553695679,0.2003113329410553,0.5378471612930298,0.8655999302864075,0.18183718621730804,0.6818660497665405,0.9084059596061707,0.04791407659649849,0.5135852098464966,0.9057842493057251,0.025806346908211708
152,drink,a16_s03_e01,0.5986467599868774,0.22893159091472626,-0.41988664865493774,0.6066905856132507,0.2140350341796875,-0.400620698928833,0.609767496585846,0.21436592936515808,-0.400625079870224,0.6124470233917236,0.21483302116394043,-0.40061384439468384,0.5925607085227966,0.2135266661643982,-0.40272921323776245,0.5875093340873718,0.21367454528808594,-0.40277379751205444,0.583922266960144,0.2141653150320053,-0.40277042984962463,0.618259847164154,0.22265399992465973,-0.26397207379341125,0.5770493745803833,0.22318929433822632,-0.2760089933872223,0.6057988405227661,0.24699322879314423,-0.3674868643283844,0.5897266268730164,0.2478712499141693,-0.3710661828517914,0.6520734429359436,0.32225802540779114,-0.15474098920822144,0.5411474704742432,0.3216327428817749,-0.1778240203857422,0.6699973344802856,0.4354367256164551,-0.08322291821241379,0.5219936370849609,0.4418264925479889,-0.12371621280908585,0.6852700114250183,0.5407254695892334,-0.188838392496109,0.5078241229057312,0.5437365174293518,-0.2230587899684906,0.6872750520706177,0.5758798122406006,-0.22017943859100342,0.5002409219741821,0.5757089257240295,-0.25811707973480225,0.6829096078872681,0.573680579662323,-0.26615089178085327,0.506422221660614,0.5757982730865479,-0.3012831509113312,0.6806530356407166,0.5647479891777039,-0.2087564468383789,0.511040449142456,0.5664028525352478,-0.2423286885023117,0.6266529560089111,0.5416661500930786,0.011823623441159725,0.5593277215957642,0.5413782000541687,-0.01197435799986124,0.6364935636520386,0.7027711272239685,0.041684847325086594,0.545291006565094,0.7061067819595337,0.0018502678722143173,0.6503597497940063,0.8518324494361877,0.19006608426570892,0.5304933786392212,0.8501936197280884,0.17116734385490417,0.6418266892433167,0.8717571496963501,0.19436901807785034,0.5377614498138428,0.865594744682312,0.17762604355812073,0.6818684339523315,0.9083206653594971,0.042241718620061874,0.5136389136314392,0.905687153339386,0.02162318490445614
153,drink,a16_s03_e01,0.5987032651901245,0.22890692949295044,-0.420034259557724,0.6067684292793274,0.21401280164718628,-0.4008827209472656,0.609815776348114,0.21434234082698822,-0.40088772773742676,0.6125246286392212,0.2148168385028839,-0.40087705850601196,0.5926264524459839,0.21351411938667297,-0.40287503600120544,0.5875564813613892,0.21366450190544128,-0.4029194712638855,0.5839776992797852,0.21415893733501434,-0.40291428565979004,0.6183832883834839,0.22265002131462097,-0.264548122882843,0.5770806074142456,0.22317710518836975,-0.27602314949035645,0.6058527827262878,0.24696460366249084,-0.36775529384613037,0.5897759199142456,0.24784520268440247,-0.3711612820625305,0.6521686315536499,0.3222576975822449,-0.15561555325984955,0.5412619113922119,0.32152655720710754,-0.1775664985179901,0.6702664494514465,0.4353864789009094,-0.0843304693698883,0.5220608115196228,0.4417778551578522,-0.12335892766714096,0.6858471035957336,0.5394960045814514,-0.18971583247184753,0.5079441666603088,0.543554961681366,-0.22230355441570282,0.6881846785545349,0.5756082534790039,-0.22035987675189972,0.5007197260856628,0.5756207704544067,-0.25727561116218567,0.6835263967514038,0.5734151005744934,-0.2665058970451355,0.506960928440094,0.5755106806755066,-0.30026745796203613,0.6812852621078491,0.5644137859344482,-0.2096680849790573,0.511441707611084,0.5660820603370667,-0.24147872626781464,0.6267038583755493,0.5416768193244934,0.011739833280444145,0.5593978762626648,0.5414373874664307,-0.011889073997735977,0.6366212964057922,0.702747106552124,0.041443660855293274,0.5453581809997559,0.7061546444892883,0.0018949676305055618,0.6502763032913208,0.851814329624176,0.18962372839450836,0.5305291414260864,0.8501579761505127,0.17125603556632996,0.6415954828262329,0.871758222579956,0.19387993216514587,0.537712037563324,0.8655350804328918,0.1777287870645523,0.6819365620613098,0.908321738243103,0.042128462344408035,0.5137208104133606,0.9056288003921509,0.021822098642587662
154,drink,a16_s03_e01,0.5987520217895508,0.22886155545711517,-0.4246129095554352,0.6068316698074341,0.21398614346981049,-0.4053850769996643,0.6098525524139404,0.2143184244632721,-0.4053870141506195,0.6125813722610474,0.21480172872543335,-0.405374675989151,0.5926808714866638,0.21349339187145233,-0.4074852466583252,0.5875905752182007,0.21364742517471313,-0.4075302183628082,0.5840166807174683,0.21414683759212494,-0.40752291679382324,0.6184749603271484,0.22264498472213745,-0.26810577511787415,0.5771064162254333,0.22316613793373108,-0.28026825189590454,0.6059076189994812,0.24693797528743744,-0.3720114529132843,0.5898165106773376,0.24781855940818787,-0.3755725920200348,0.6522480249404907,0.32229799032211304,-0.15797820687294006,0.5413338541984558,0.32151731848716736,-0.1806921511888504,0.6705499887466431,0.4353525936603546,-0.08740489184856415,0.5220575928688049,0.4417661130428314,-0.12517157196998596,0.6862003803253174,0.5389676690101624,-0.19693760573863983,0.508088231086731,0.5433903932571411,-0.2236625850200653,0.6887302994728088,0.57548987865448,-0.22901514172554016,0.5016654133796692,0.5758717656135559,-0.2585271894931793,0.6839150786399841,0.5733165740966797,-0.2748531997203827,0.5079305171966553,0.5753685235977173,-0.3014053702354431,0.6816991567611694,0.5642839670181274,-0.216841459274292,0.5120728611946106,0.5657989978790283,-0.2427329570055008,0.6267980337142944,0.5416772961616516,0.011703518219292164,0.5595117807388306,0.5414992570877075,-0.01185173261910677,0.6366378664970398,0.7027426958084106,0.042449839413166046,0.5454782247543335,0.7062466144561768,0.0024449287448078394,0.6502504348754883,0.8518076539039612,0.1919572353363037,0.5305503010749817,0.8501371145248413,0.17444005608558655,0.641450047492981,0.871746301651001,0.19649414718151093,0.5376787781715393,0.8654803037643433,0.18122562766075134,0.6819829940795898,0.9083516001701355,0.044332027435302734,0.5139050483703613,0.9055682420730591,0.02495831996202469
155,drink,a16_s03_e01,0.5987833738327026,0.2287515103816986,-0.4246707856655121,0.6068696975708008,0.21391865611076355,-0.40539756417274475,0.6098763346672058,0.2142583429813385,-0.40539950132369995,0.6126105189323425,0.2147512584924698,-0.4053875803947449,0.5927170515060425,0.21344970166683197,-0.4075314998626709,0.5876187086105347,0.21361353993415833,-0.40757590532302856,0.5840487480163574,0.21412168443202972,-0.40756911039352417,0.618529200553894,0.22263604402542114,-0.26829472184181213,0.5771270394325256,0.22315756976604462,-0.2803352177143097,0.6059523820877075,0.24684922397136688,-0.37202778458595276,0.5898517370223999,0.2477322369813919,-0.3756435513496399,0.6522629261016846,0.3222944438457489,-0.15827687084674835,0.5413932204246521,0.3214694559574127,-0.1807824671268463,0.6708149313926697,0.4352509677410126,-0.08787551522254944,0.522049069404602,0.4417680501937866,-0.12518642842769623,0.6863361597061157,0.5385696291923523,-0.19957077503204346,0.5083299875259399,0.5435788035392761,-0.22361426055431366,0.6890367269515991,0.5752829313278198,-0.23222792148590088,0.5024476051330566,0.576389491558075,-0.2584393620491028,0.6841537356376648,0.573154091835022,-0.2779495120048523,0.5087805986404419,0.5754463076591492,-0.301378071308136,0.6819037795066833,0.5641024708747864,-0.21943970024585724,0.5127306580543518,0.5657004714012146,-0.24270138144493103,0.6268764734268188,0.5417066216468811,0.011747840791940689,0.5596059560775757,0.5417277216911316,-0.011893527582287788,0.6366797089576721,0.7029344439506531,0.04321236163377762,0.5455607175827026,0.7064532041549683,0.0027013327926397324,0.6502224206924438,0.8517654538154602,0.19620996713638306,0.5305575132369995,0.850131094455719,0.17738781869411469,0.6413145661354065,0.8716031908988953,0.20133939385414124,0.5376049280166626,0.865446150302887,0.18459759652614594,0.6819886565208435,0.9083452820777893,0.04993989318609238,0.5139825940132141,0.9055071473121643,0.028625771403312683
156,drink,a16_s03_e01,0.5988108515739441,0.2286091446876526,-0.42794519662857056,0.6068955659866333,0.21378661692142487,-0.40858250856399536,0.6098949313163757,0.2141374796628952,-0.4085843563079834,0.6126303672790527,0.21462979912757874,-0.40857285261154175,0.5927343964576721,0.2133559137582779,-0.41080984473228455,0.5876338481903076,0.2135332226753235,-0.4108542501926422,0.5840645432472229,0.21404637396335602,-0.410847008228302,0.618560254573822,0.2226044088602066,-0.27133527398109436,0.5771321058273315,0.22315272688865662,-0.2840311527252197,0.6059985160827637,0.2467397153377533,-0.3754056990146637,0.5898804664611816,0.2476416975259781,-0.37914976477622986,0.6522930860519409,0.3223099708557129,-0.1612396389245987,0.5414594411849976,0.3214513659477234,-0.18501105904579163,0.6711052656173706,0.4352377951145172,-0.09139671921730042,0.522050142288208,0.4418770372867584,-0.12964676320552826,0.68655925989151,0.5385429263114929,-0.2024555653333664,0.5085259675979614,0.5446853637695312,-0.22584781050682068,0.6893715858459473,0.5752701163291931,-0.23480895161628723,0.5031116604804993,0.5776225328445435,-0.2604317367076874,0.6844390630722046,0.5731471180915833,-0.28042861819267273,0.5092702507972717,0.5761972665786743,-0.3028518259525299,0.6821725368499756,0.5640913248062134,-0.22228363156318665,0.513088583946228,0.566255509853363,-0.2446710169315338,0.6269642114639282,0.5417203307151794,0.011909762397408485,0.559663712978363,0.5420007109642029,-0.012052005156874657,0.636782169342041,0.7029020190238953,0.04631367698311806,0.5456875562667847,0.7064845561981201,0.003119006985798478,0.6501975059509277,0.851672351360321,0.19904108345508575,0.5305615067481995,0.8501645922660828,0.17769961059093475,0.6412041783332825,0.8715428113937378,0.2041284143924713,0.5375404953956604,0.8654828667640686,0.18487359583377838,0.6820303797721863,0.9083461165428162,0.05309572070837021,0.5140279531478882,0.9054652452468872,0.028896695002913475
157,drink,a16_s03_e01,0.5988254547119141,0.2284669727087021,-0.4285356104373932,0.6069074869155884,0.21362727880477905,-0.40920233726501465,0.6099056005477905,0.21399269998073578,-0.40920448303222656,0.612636923789978,0.21448209881782532,-0.40919238328933716,0.5927426815032959,0.21324889361858368,-0.4113469123840332,0.587645411491394,0.21344436705112457,-0.41139107942581177,0.5840771794319153,0.21396255493164062,-0.4113839566707611,0.6185721158981323,0.22257575392723083,-0.2722916007041931,0.57713782787323,0.22314435243606567,-0.2846180200576782,0.6060222387313843,0.24664030969142914,-0.37619009613990784,0.5898979902267456,0.24756164848804474,-0.37980255484580994,0.6523150205612183,0.32240626215934753,-0.1627751588821411,0.5415253043174744,0.32146313786506653,-0.18588067591190338,0.6712692379951477,0.43523475527763367,-0.09326787292957306,0.5220472812652588,0.4420079290866852,-0.13064967095851898,0.6866451501846313,0.5384586453437805,-0.20379817485809326,0.5088351368904114,0.5454641580581665,-0.22644910216331482,0.6895491480827332,0.5752231478691101,-0.23603665828704834,0.5037941932678223,0.5782686471939087,-0.26092055439949036,0.6845835447311401,0.5731147527694702,-0.2814541757106781,0.5097329020500183,0.5766136646270752,-0.3031216263771057,0.6822941899299622,0.564055323600769,-0.22352483868598938,0.5134450793266296,0.566596269607544,-0.24516455829143524,0.6270052790641785,0.5418065190315247,0.011923104524612427,0.5597529411315918,0.542311429977417,-0.012064206413924694,0.6368609666824341,0.702890157699585,0.04734788089990616,0.5458095669746399,0.7067460417747498,0.0038206663448363543,0.6501927971839905,0.8516104221343994,0.199785977602005,0.5305749773979187,0.8501678109169006,0.17854608595371246,0.6411918997764587,0.8714658617973328,0.20485691726207733,0.5375056266784668,0.8654766082763672,0.1857437640428543,0.6820362210273743,0.9083748459815979,0.053933285176754,0.5141355991363525,0.905457615852356,0.030028019100427628
