frame_index,label,video_id,l0_x,l0_y,l0_z,l1_x,l1_y,l1_z,l2_x,l2_y,l2_z,l3_x,l3_y,l3_z,l4_x,l4_y,l4_z,l5_x,l5_y,l5_z,l6_x,l6_y,l6_z,l7_x,l7_y,l7_z,l8_x,l8_y,l8_z,l9_x,l9_y,l9_z,l10_x,l10_y,l10_z,l11_x,l11_y,l11_z,l12_x,l12_y,l12_z,l13_x,l13_y,l13_z,l14_x,l14_y,l14_z,l15_x,l15_y,l15_z,l16_x,l16_y,l16_z,l17_x,l17_y,l17_z,l18_x,l18_y,l18_z,l19_x,l19_y,l19_z,l20_x,l20_y,l20_z,l21_x,l21_y,l21_z,l22_x,l22_y,l22_z,l23_x,l23_y,l23_z,l24_x,l24_y,l24_z,l25_x,l25_y,l25_z,l26_x,l26_y,l26_z,l27_x,l27_y,l27_z,l28_x,l28_y,l28_z,l29_x,l29_y,l29_z,l30_x,l30_y,l30_z,l31_x,l31_y,l31_z,l32_x,l32_y,l32_z
0,draw_tick,a07_s09_e01,0.5332091450691223,0.29789474606513977,-0.3321959674358368,0.5391124486923218,0.2854405641555786,-0.31486251950263977,0.5425641536712646,0.2854755222797394,-0.3148875832557678,0.5452961921691895,0.285870224237442,-0.3148781657218933,0.526983916759491,0.2855476438999176,-0.31741443276405334,0.5226666331291199,0.28567615151405334,-0.31743186712265015,0.5186033248901367,0.2863461673259735,-0.3174454867839813,0.5505505800247192,0.2918930947780609,-0.19475704431533813,0.5131604671478271,0.2929118871688843,-0.20655782520771027,0.5403801798820496,0.31487151980400085,-0.28579723834991455,0.5260366797447205,0.3148076832294464,-0.28932809829711914,0.5800480246543884,0.3807515501976013,-0.10176180303096771,0.48585787415504456,0.3840491473674774,-0.11856083571910858,0.589770495891571,0.47802940011024475,-0.035614073276519775,0.4717806875705719,0.48748084902763367,-0.06228998303413391,0.6028715968132019,0.5608835816383362,-0.13917236030101776,0.45572322607040405,0.5706239342689514,-0.15383638441562653,0.6064698696136475,0.5924744009971619,-0.16710540652275085,0.448978990316391,0.5973936915397644,-0.1840401440858841,0.6016839742660522,0.5917149186134338,-0.2044149935245514,0.45214515924453735,0.5962135791778564,-0.22335979342460632,0.598271906375885,0.5840998291969299,-0.1560106724500656,0.45573416352272034,0.5902456641197205,-0.17155081033706665,0.5585489869117737,0.5678661465644836,0.0067614903673529625,0.5016566514968872,0.570354163646698,-0.006872409023344517,0.5617043972015381,0.7103253602981567,0.0023784826043993235,0.49908727407455444,0.7137594819068909,-0.004967538174241781,0.5666353106498718,0.8331794142723083,0.19141511619091034,0.49302345514297485,0.8278605341911316,0.18620388209819794,0.56047123670578,0.8510437607765198,0.20195093750953674,0.4955764412879944,0.8387340307235718,0.19709265232086182,0.5761280655860901,0.8791479468345642,0.060859017074108124,0.4927404820919037,0.8759089112281799,0.05732160806655884
1,draw_tick,a07_s09_e01,0.5338629484176636,0.2980962097644806,-0.3415206968784332,0.5392358899116516,0.28544241189956665,-0.32528918981552124,0.5425775051116943,0.285476952791214,-0.32530614733695984,0.5454732179641724,0.28585711121559143,-0.3252992033958435,0.527403712272644,0.2855278253555298,-0.32783231139183044,0.5229613780975342,0.2856447398662567,-0.3278498947620392,0.5190272927284241,0.28621065616607666,-0.32787007093429565,0.5504918694496155,0.2918054163455963,-0.2054446041584015,0.5131990313529968,0.2929091155529022,-0.21719065308570862,0.5404576659202576,0.3149859607219696,-0.2945877015590668,0.5264663696289062,0.3152208924293518,-0.2981199622154236,0.5800689458847046,0.3807021975517273,-0.10718315839767456,0.48585787415504456,0.38306674361228943,-0.12790486216545105,0.5897700786590576,0.4784499406814575,-0.03754182904958725,0.4717869758605957,0.48683756589889526,-0.07286956906318665,0.6030438542366028,0.5615004301071167,-0.13922910392284393,0.45572441816329956,0.5705381035804749,-0.16367582976818085,0.6064563989639282,0.5924794673919678,-0.16708800196647644,0.44893425703048706,0.5972795486450195,-0.19363436102867126,0.6017845869064331,0.5917168855667114,-0.2044331133365631,0.4521646499633789,0.5962000489234924,-0.23278753459453583,0.5985947847366333,0.5841484069824219,-0.1561030000448227,0.45580798387527466,0.5899704694747925,-0.1810973584651947,0.5584765672683716,0.5678847432136536,0.006856686435639858,0.5015928149223328,0.5703308582305908,-0.006963168736547232,0.5616442561149597,0.7107429504394531,0.0023762467317283154,0.499606192111969,0.7137090563774109,-0.0059832120314240456,0.566561758518219,0.8338415026664734,0.18708404898643494,0.49318861961364746,0.8302083611488342,0.17922212183475494,0.5602602362632751,0.8510976433753967,0.19696757197380066,0.4964233338832855,0.8444835543632507,0.18943063914775848,0.5765556693077087,0.8792173266410828,0.05753222852945328,0.49237364530563354,0.8757159113883972,0.04980728030204773
2,draw_tick,a07_s09_e01,0.5343418121337891,0.2983103096485138,-0.34734755754470825,0.5393593311309814,0.2854668200016022,-0.33133378624916077,0.542598307132721,0.28550177812576294,-0.3313472270965576,0.5456294417381287,0.2858600616455078,-0.3313409984111786,0.5277794003486633,0.285523921251297,-0.3339967727661133,0.5232652425765991,0.28563186526298523,-0.3340168297290802,0.5194098353385925,0.28612619638442993,-0.33403629064559937,0.5504670739173889,0.29179614782333374,-0.21077196300029755,0.5132614970207214,0.2929064631462097,-0.2231382131576538,0.5405246019363403,0.3151208758354187,-0.2999424636363983,0.5268004536628723,0.31553906202316284,-0.3036539852619171,0.5800851583480835,0.38068830966949463,-0.10999016463756561,0.48586878180503845,0.38227587938308716,-0.13301220536231995,0.589826226234436,0.47863516211509705,-0.03836369886994362,0.47182995080947876,0.4861833155155182,-0.07750256359577179,0.6031681299209595,0.5617367029190063,-0.13924461603164673,0.45576411485671997,0.5705140233039856,-0.16819404065608978,0.6064361333847046,0.5924658179283142,-0.1670648753643036,0.44891682267189026,0.5972700119018555,-0.198139026761055,0.6018657088279724,0.5916980504989624,-0.20444130897521973,0.4522066116333008,0.5962193012237549,-0.23747797310352325,0.5988419651985168,0.5841497778892517,-0.15613508224487305,0.4558960795402527,0.5898765325546265,-0.1856151521205902,0.5584536790847778,0.5678872466087341,0.007165385875850916,0.5015712976455688,0.5702739357948303,-0.007268829736858606,0.5616042613983154,0.7110439538955688,0.0017457023495808244,0.500137984752655,0.7137086391448975,-0.007542760111391544,0.5664591193199158,0.8344617486000061,0.18625791370868683,0.4933016896247864,0.8318353891372681,0.17759913206100464,0.5599955916404724,0.8511463403701782,0.1962253600358963,0.49694156646728516,0.8469318151473999,0.1878744661808014,0.5768725275993347,0.8794113993644714,0.05694602057337761,0.4922998547554016,0.8757509589195251,0.04778759554028511
3,draw_tick,a07_s09_e01,0.5348597764968872,0.2985955774784088,-0.34837406873703003,0.5395240187644958,0.28550148010253906,-0.3322024643421173,0.5426549911499023,0.2855320870876312,-0.33221670985221863,0.5458188652992249,0.285866379737854,-0.3322106599807739,0.5281788110733032,0.28552353382110596,-0.3351304531097412,0.5236324071884155,0.28562790155410767,-0.33514919877052307,0.5198073387145996,0.2860797047615051,-0.33516964316368103,0.5504395365715027,0.2917885184288025,-0.21110689640045166,0.5133494138717651,0.29290303587913513,-0.22457174956798553,0.5406382083892822,0.3152947425842285,-0.3007408380508423,0.5272102355957031,0.31583574414253235,-0.30477476119995117,0.5801083445549011,0.3806701898574829,-0.1099746972322464,0.48587092757225037,0.3819200098514557,-0.13455457985401154,0.58982914686203,0.4787862002849579,-0.037696417421102524,0.4718521237373352,0.485870897769928,-0.0792226642370224,0.6032398343086243,0.561978280544281,-0.13694503903388977,0.455789178609848,0.5704787969589233,-0.17051252722740173,0.606391191482544,0.5924474000930786,-0.1639293134212494,0.44891518354415894,0.5972539186477661,-0.20077764987945557,0.6018829941749573,0.591669499874115,-0.20200511813163757,0.45225366950035095,0.5962337255477905,-0.240004301071167,0.5989248156547546,0.5841519236564636,-0.1540108621120453,0.45597878098487854,0.5898038148880005,-0.18791495263576508,0.5584241151809692,0.5679177641868591,0.007287521846592426,0.5015560388565063,0.5702728629112244,-0.007385924458503723,0.5615792274475098,0.7112701535224915,0.001926804892718792,0.5004264712333679,0.7137216329574585,-0.007544037885963917,0.5664356350898743,0.8345296382904053,0.1873966008424759,0.49349141120910645,0.8323510885238647,0.17850200831890106,0.5598646402359009,0.8510833978652954,0.1975131779909134,0.4975627362728119,0.8474631905555725,0.1888953447341919,0.5770286321640015,0.8794771432876587,0.05900780111551285,0.4921329915523529,0.8757779598236084,0.04888543486595154
4,draw_tick,a07_s09_e01,0.5351367592811584,0.2987819314002991,-0.3502967655658722,0.5396514534950256,0.28552719950675964,-0.3341032862663269,0.5427082777023315,0.2855564057826996,-0.33411696553230286,0.5459807515144348,0.28587228059768677,-0.33411070704460144,0.5284284353256226,0.2855227291584015,-0.33700451254844666,0.5238593816757202,0.2856218218803406,-0.3370228409767151,0.5200570821762085,0.28603309392929077,-0.3370423913002014,0.5504356622695923,0.29177728295326233,-0.21272166073322296,0.5134268403053284,0.29286813735961914,-0.22617276012897491,0.5407024025917053,0.3154042363166809,-0.30257704854011536,0.5274062156677246,0.3160141110420227,-0.30661213397979736,0.5801108479499817,0.3806103765964508,-0.11138945817947388,0.4858782887458801,0.3816072642803192,-0.1352398693561554,0.5898404717445374,0.4789126515388489,-0.038248319178819656,0.4719042181968689,0.4854874908924103,-0.07926206290721893,0.6033318042755127,0.5621978044509888,-0.13714584708213806,0.45580992102622986,0.5702539682388306,-0.17100434005260468,0.6063767075538635,0.5924485325813293,-0.16396331787109375,0.4489155411720276,0.5971075296401978,-0.20117947459220886,0.601912260055542,0.5916687846183777,-0.20231056213378906,0.4522671699523926,0.5961756110191345,-0.24081404507160187,0.59902024269104,0.5841670632362366,-0.1542937010526657,0.45600128173828125,0.5895623564720154,-0.18856552243232727,0.5584152936935425,0.5679198503494263,0.0073662870563566685,0.5015549063682556,0.5702619552612305,-0.007462300360202789,0.561569333076477,0.711361825466156,0.0019085059175267816,0.5005794763565063,0.7137126922607422,-0.007943208329379559,0.5664075016975403,0.8348691463470459,0.18537096679210663,0.49355584383010864,0.8330226540565491,0.17683157324790955,0.5597501397132874,0.851241409778595,0.1951335072517395,0.4978141784667969,0.8484105467796326,0.18697041273117065,0.5773876309394836,0.8795668482780457,0.056238722056150436,0.49198803305625916,0.8758047223091125,0.04678463563323021
5,draw_tick,a07_s09_e01,0.5353717803955078,0.29901987314224243,-0.3481596112251282,0.5397758483886719,0.28558892011642456,-0.3317843973636627,0.5427713394165039,0.28561529517173767,-0.3318001627922058,0.5461381077766418,0.2859041094779968,-0.33179348707199097,0.5286604762077332,0.28552818298339844,-0.33460626006126404,0.5240761637687683,0.28562119603157043,-0.33462443947792053,0.520276665687561,0.2860148847103119,-0.3346428871154785,0.550434410572052,0.29177743196487427,-0.21091461181640625,0.5135179758071899,0.2928552031517029,-0.2240150272846222,0.5407708287239075,0.3155573010444641,-0.300711452960968,0.5275970101356506,0.3162033259868622,-0.3046366274356842,0.5801218748092651,0.3805902600288391,-0.11122367531061172,0.4858876168727875,0.38142403960227966,-0.13376063108444214,0.5898432731628418,0.4789951741695404,-0.0393962487578392,0.47193607687950134,0.4853321313858032,-0.07826355844736099,0.6033955812454224,0.5624042749404907,-0.13754694163799286,0.4558420777320862,0.570252001285553,-0.16922034323215485,0.6063665747642517,0.592448890209198,-0.16419145464897156,0.4489152431488037,0.5971059799194336,-0.1993134766817093,0.601946234703064,0.5916631817817688,-0.20245662331581116,0.4522978663444519,0.5962024927139282,-0.23885759711265564,0.5991127490997314,0.5841739773750305,-0.15462303161621094,0.45605167746543884,0.5895400643348694,-0.1867472529411316,0.5583863258361816,0.5679206848144531,0.007369924336671829,0.5015259385108948,0.5702378749847412,-0.00746562797576189,0.5615524053573608,0.7113956212997437,0.0017956740921363235,0.5007373094558716,0.7136911153793335,-0.008159736171364784,0.5663747191429138,0.8349626660346985,0.1818542182445526,0.4936474859714508,0.8330373167991638,0.17387261986732483,0.5597418546676636,0.8512555360794067,0.1913510262966156,0.49798932671546936,0.8484564423561096,0.18375720083713531,0.5775091648101807,0.8795681595802307,0.0535280779004097,0.49176326394081116,0.8757279515266418,0.04486788064241409
6,draw_tick,a07_s09_e01,0.5355292558670044,0.2991633415222168,-0.34716638922691345,0.5398725271224976,0.2856285870075226,-0.33083781599998474,0.5428314208984375,0.2856566607952118,-0.3308536410331726,0.5462729334831238,0.28592947125434875,-0.3308468461036682,0.5288034081459045,0.2855282425880432,-0.3336414396762848,0.5242177248001099,0.28561609983444214,-0.3336591422557831,0.5204241275787354,0.28597748279571533,-0.33367782831192017,0.5504382848739624,0.2917778789997101,-0.2101096659898758,0.5135848522186279,0.292812705039978,-0.2230921983718872,0.5408322811126709,0.31566694378852844,-0.29979804158210754,0.5277241468429565,0.31631308794021606,-0.30368754267692566,0.5801683068275452,0.3805721402168274,-0.11076406389474869,0.485903799533844,0.38129085302352905,-0.13316580653190613,0.5898717641830444,0.4790876507759094,-0.03909352421760559,0.47205108404159546,0.4852139353752136,-0.07767024636268616,0.6034126877784729,0.5625336170196533,-0.1372251659631729,0.4558750092983246,0.5701903700828552,-0.1686095893383026,0.6063367128372192,0.5924451947212219,-0.16394668817520142,0.4489353597164154,0.5970988869667053,-0.19872210919857025,0.6019505262374878,0.5916556119918823,-0.20216688513755798,0.45234131813049316,0.5962038040161133,-0.23825664818286896,0.5991372466087341,0.5841795206069946,-0.15430592000484467,0.4560825228691101,0.589471697807312,-0.1861560046672821,0.5583986043930054,0.5679273009300232,0.007435718085616827,0.5015281438827515,0.5702335238456726,-0.0075300633907318115,0.5615386962890625,0.7115436792373657,0.0018388584721833467,0.5008382797241211,0.7137292623519897,-0.008246823213994503,0.566351056098938,0.8351753950119019,0.1826164424419403,0.4936492443084717,0.8335511088371277,0.1742326319217682,0.5596803426742554,0.8513044714927673,0.192262664437294,0.4980012774467468,0.8489882349967957,0.18421131372451782,0.5775951147079468,0.8797217011451721,0.05383110046386719,0.49174636602401733,0.8758127093315125,0.04479589685797691
7,draw_tick,a07_s09_e01,0.5357118844985962,0.29936110973358154,-0.3473973870277405,0.5399931073188782,0.28569144010543823,-0.33122143149375916,0.5429214239120483,0.28571799397468567,-0.3312370181083679,0.5464383363723755,0.2859751880168915,-0.33123114705085754,0.5289788842201233,0.2855350077152252,-0.3339831233024597,0.5243827104568481,0.2856154143810272,-0.3340008854866028,0.5205705761909485,0.2859630584716797,-0.33401963114738464,0.5504487752914429,0.29178372025489807,-0.21074393391609192,0.5136681795120239,0.29277685284614563,-0.22351188957691193,0.5409117341041565,0.31579655408859253,-0.30007612705230713,0.5278626680374146,0.31645452976226807,-0.30391010642051697,0.580177903175354,0.38056984543800354,-0.11165807396173477,0.4859537184238434,0.3811655044555664,-0.13322687149047852,0.5898805856704712,0.4791760742664337,-0.04103607311844826,0.4721015393733978,0.4851026237010956,-0.07783271372318268,0.6034407615661621,0.562638521194458,-0.14017243683338165,0.45588523149490356,0.5701084136962891,-0.16856929659843445,0.6063241958618164,0.5924428701400757,-0.16718164086341858,0.44893771409988403,0.5970754027366638,-0.1986040323972702,0.6019622087478638,0.5916450619697571,-0.20537185668945312,0.4523743689060211,0.5962041020393372,-0.23799476027488708,0.5991663932800293,0.584182858467102,-0.15726085007190704,0.4561225473880768,0.5894076824188232,-0.1860516518354416,0.5583974123001099,0.5679284334182739,0.007436193525791168,0.5015278458595276,0.5702002644538879,-0.007530477829277515,0.5615357756614685,0.7115699648857117,0.0018099965527653694,0.5008965134620667,0.7137308716773987,-0.008251267485320568,0.5663460493087769,0.8351866006851196,0.18265293538570404,0.4936820864677429,0.8336104154586792,0.17392155528068542,0.5596736073493958,0.8513028621673584,0.19233699142932892,0.4981009066104889,0.8490899801254272,0.18383567035198212,0.5776487588882446,0.8797443509101868,0.05386222153902054,0.491618812084198,0.875861406326294,0.044371746480464935
8,draw_tick,a07_s09_e01,0.535958468914032,0.29950839281082153,-0.34689444303512573,0.5401306748390198,0.2857576012611389,-0.33064037561416626,0.5430386066436768,0.2857874035835266,-0.3306564688682556,0.5466185212135315,0.2860398590564728,-0.3306504786014557,0.5292133092880249,0.28553763031959534,-0.33343765139579773,0.5246372222900391,0.28561368584632874,-0.3334551453590393,0.5207837224006653,0.2859388291835785,-0.3334736227989197,0.5504631996154785,0.29181116819381714,-0.21021905541419983,0.5137715339660645,0.2927287817001343,-0.2229451835155487,0.541006326675415,0.3159189522266388,-0.29958444833755493,0.5280551910400391,0.31653928756713867,-0.30343613028526306,0.580199122428894,0.3805597424507141,-0.111111119389534,0.4859556257724762,0.3811112344264984,-0.1328027993440628,0.589885950088501,0.47918182611465454,-0.03909602761268616,0.47215190529823303,0.48492711782455444,-0.0774795264005661,0.6034443974494934,0.5626457333564758,-0.13840821385383606,0.45604148507118225,0.5692650079727173,-0.16919562220573425,0.6063094139099121,0.5924254655838013,-0.16534525156021118,0.44894009828567505,0.5966787934303284,-0.19970935583114624,0.6019670963287354,0.5916076302528381,-0.204037144780159,0.4524040222167969,0.5959271192550659,-0.2391929179430008,0.5991832613945007,0.5841776728630066,-0.15570425987243652,0.45620235800743103,0.589050829410553,-0.18678194284439087,0.5584014654159546,0.5679675936698914,0.007444220129400492,0.5015488862991333,0.5701850652694702,-0.007537224795669317,0.5615335702896118,0.7116683125495911,0.002210627542808652,0.5009720921516418,0.7137580513954163,-0.008232742547988892,0.5663412809371948,0.8353018164634705,0.1829850673675537,0.4937211871147156,0.8338420987129211,0.17383518815040588,0.559658408164978,0.8513288497924805,0.1927550584077835,0.4981928765773773,0.8493622541427612,0.18367527425289154,0.5776901841163635,0.8797537088394165,0.05409412831068039,0.49148616194725037,0.875907301902771,0.043915919959545135
9,draw_tick,a07_s09_e01,0.5362941026687622,0.2997281849384308,-0.3465850055217743,0.5403152704238892,0.28585129976272583,-0.33025962114334106,0.5432277917861938,0.2858709990978241,-0.3302760720252991,0.546852707862854,0.28611472249031067,-0.3302699029445648,0.529496431350708,0.2855552136898041,-0.3331153094768524,0.5249101519584656,0.28561627864837646,-0.33313214778900146,0.5209811925888062,0.2859325408935547,-0.33315029740333557,0.550484299659729,0.2918304204940796,-0.2099607288837433,0.5138722062110901,0.2926851212978363,-0.22257494926452637,0.5411456823348999,0.3160722851753235,-0.29927024245262146,0.5283255577087402,0.31669846177101135,-0.30312854051589966,0.580217182636261,0.3805571496486664,-0.10861599445343018,0.48599520325660706,0.3810729682445526,-0.13250520825386047,0.5898874998092651,0.4792425036430359,-0.03307809680700302,0.47218766808509827,0.4848330616950989,-0.07728257030248642,0.6034466028213501,0.5626575946807861,-0.13263270258903503,0.45622724294662476,0.5673479437828064,-0.1695486605167389,0.6062771081924438,0.5924064517021179,-0.15934178233146667,0.449022114276886,0.5953179001808167,-0.20057198405265808,0.6019695997238159,0.5915803909301758,-0.1986570656299591,0.4527093768119812,0.594508945941925,-0.24030128121376038,0.5991877913475037,0.5841732025146484,-0.15016821026802063,0.4565589427947998,0.587647020816803,-0.18727411329746246,0.5584024786949158,0.5680583715438843,0.0074588945135474205,0.5015653967857361,0.5701891779899597,-0.0075496407225728035,0.561529278755188,0.7118019461631775,0.002628830261528492,0.5010201334953308,0.7139569520950317,-0.008141164667904377,0.5663372874259949,0.8353012800216675,0.18569138646125793,0.4937571883201599,0.8338647484779358,0.1747928112745285,0.5596511960029602,0.8512763381004333,0.19558927416801453,0.49828633666038513,0.8493344187736511,0.18464034795761108,0.5776897072792053,0.8797560930252075,0.05635400861501694,0.4913955628871918,0.8759544491767883,0.04435058683156967
10,draw_tick,a07_s09_e01,0.5364382863044739,0.29975730180740356,-0.3468967378139496,0.5404249429702759,0.28587061166763306,-0.3303511440753937,0.5433439612388611,0.285893052816391,-0.33036699891090393,0.5469985604286194,0.2861367464065552,-0.3303598165512085,0.5296643972396851,0.2855534255504608,-0.3333139419555664,0.5250965356826782,0.285605788230896,-0.3333282470703125,0.5211389660835266,0.2858922779560089,-0.33334463834762573,0.5505117177963257,0.291841983795166,-0.20968663692474365,0.5139569640159607,0.2926057279109955,-0.22238004207611084,0.541218101978302,0.31611061096191406,-0.2992627024650574,0.5284396409988403,0.31671440601348877,-0.3032858371734619,0.5802202224731445,0.38056862354278564,-0.10756140947341919,0.4860086441040039,0.38094833493232727,-0.13242988288402557,0.5898873805999756,0.47924575209617615,-0.03075117990374565,0.47219157218933105,0.4843803942203522,-0.07509025186300278,0.6034427285194397,0.5626246333122253,-0.13035008311271667,0.45650750398635864,0.5644606947898865,-0.16929267346858978,0.6062576770782471,0.592366635799408,-0.15686173737049103,0.4493294358253479,0.5926079154014587,-0.20036360621452332,0.6019718647003174,0.5915302038192749,-0.19681787490844727,0.45318812131881714,0.5915828347206116,-0.23985981941223145,0.5991894602775574,0.5841408967971802,-0.14815029501914978,0.45702773332595825,0.5849655270576477,-0.18719932436943054,0.558407187461853,0.5680481791496277,0.00746020907536149,0.5015703439712524,0.570131242275238,-0.007550578564405441,0.5615246295928955,0.7118000388145447,0.003180675907060504,0.5011244416236877,0.7139952778816223,-0.008134071715176105,0.5663349032402039,0.8353973627090454,0.1848798245191574,0.4938076436519623,0.8341752886772156,0.17401309311389923,0.5596511363983154,0.8513759970664978,0.19433072209358215,0.49840274453163147,0.8498380184173584,0.1835785061120987,0.577738881111145,0.8797701001167297,0.05418279767036438,0.4912315011024475,0.8759952187538147,0.04276667907834053
11,draw_tick,a07_s09_e01,0.5366941094398499,0.2998315095901489,-0.34739163517951965,0.5405999422073364,0.28593581914901733,-0.33057671785354614,0.5435560941696167,0.2859557867050171,-0.3305913805961609,0.5472420454025269,0.28620535135269165,-0.33058372139930725,0.5299171209335327,0.28556379675865173,-0.33374935388565063,0.525362491607666,0.28560885787010193,-0.33376187086105347,0.5213432312011719,0.2858876585960388,-0.3337739408016205,0.5505691766738892,0.29189538955688477,-0.20921210944652557,0.5140606164932251,0.2926022410392761,-0.2222941666841507,0.5413640737533569,0.31616896390914917,-0.2992796003818512,0.5286574959754944,0.3167628347873688,-0.30356457829475403,0.5802379250526428,0.3806186318397522,-0.10499273240566254,0.48601120710372925,0.3808310925960541,-0.13201148808002472,0.5898886322975159,0.47933992743492126,-0.02641788125038147,0.4723237454891205,0.48203495144844055,-0.0727427750825882,0.6034425497055054,0.5626161694526672,-0.12772849202156067,0.45808547735214233,0.5587851405143738,-0.1690712720155716,0.6062524914741516,0.5923410654067993,-0.15460798144340515,0.4522833228111267,0.5861743092536926,-0.19999685883522034,0.6019778847694397,0.5914871096611023,-0.1951833963394165,0.4552593231201172,0.5846313238143921,-0.23953840136528015,0.5992050170898438,0.584116518497467,-0.1457938700914383,0.45900002121925354,0.5774843096733093,-0.18690572679042816,0.5583842396736145,0.5679886937141418,0.007510805036872625,0.5015352964401245,0.5699424743652344,-0.007596131414175034,0.5615225434303284,0.711783766746521,0.0031748011242598295,0.5012199282646179,0.7139745354652405,-0.008682580664753914,0.5663222074508667,0.8353812098503113,0.18493548035621643,0.4938352704048157,0.834152102470398,0.17333632707595825,0.5596372485160828,0.8513262271881104,0.19435791671276093,0.49842995405197144,0.8497307896614075,0.1828014850616455,0.5777524709701538,0.8797730207443237,0.05420026183128357,0.4911613464355469,0.8759987950325012,0.04103909432888031
12,draw_tick,a07_s09_e01,0.5368067026138306,0.29983285069465637,-0.3452807366847992,0.5407428741455078,0.2859402000904083,-0.3268994688987732,0.5437372922897339,0.2859603762626648,-0.32691970467567444,0.5474337339401245,0.2862136662006378,-0.32690945267677307,0.5300430059432983,0.28555524349212646,-0.3308141529560089,0.5254808664321899,0.28559038043022156,-0.330818772315979,0.521438717842102,0.2858418822288513,-0.33081716299057007,0.5506666302680969,0.2919028401374817,-0.19812342524528503,0.5141054391860962,0.29255831241607666,-0.21618930995464325,0.5414645075798035,0.3161737024784088,-0.295356810092926,0.5287321209907532,0.31676560640335083,-0.3006983995437622,0.5802401304244995,0.3806358277797699,-0.09148675203323364,0.4860158860683441,0.38071173429489136,-0.12324301898479462,0.5898911356925964,0.4793434143066406,-0.008867400698363781,0.4723093509674072,0.47812217473983765,-0.061160653829574585,0.6034694910049438,0.5624905228614807,-0.10956424474716187,0.46119165420532227,0.5434457063674927,-0.16261813044548035,0.6062554717063904,0.5922090411186218,-0.1358615756034851,0.45798197388648987,0.5725362300872803,-0.19518175721168518,0.6019861698150635,0.5913456678390503,-0.1776750236749649,0.460419237613678,0.5685011744499207,-0.23397910594940186,0.5992353558540344,0.5840198397636414,-0.12814390659332275,0.4632606506347656,0.5596134662628174,-0.1800752431154251,0.5584275722503662,0.5679959654808044,0.007657399866729975,0.5015429258346558,0.5700181722640991,-0.00773270707577467,0.5615216493606567,0.7118591070175171,0.0028122682124376297,0.5012286901473999,0.7142862677574158,-0.010236302390694618,0.5663157105445862,0.8354516625404358,0.18599268794059753,0.4938429892063141,0.8345239162445068,0.1722792685031891,0.5596286058425903,0.8513361215591431,0.1953909695148468,0.4985273480415344,0.8500636219978333,0.18153980374336243,0.5777579545974731,0.8797990083694458,0.05426214262843132,0.4909914433956146,0.8760930299758911,0.03861772641539574
13,draw_tick,a07_s09_e01,0.5368651747703552,0.2997414171695709,-0.31138160824775696,0.5408276915550232,0.28593796491622925,-0.29232722520828247,0.543847918510437,0.28596168756484985,-0.2923521399497986,0.5475447773933411,0.2862150967121124,-0.2923407554626465,0.530102550983429,0.2855278551578522,-0.29550647735595703,0.5255438089370728,0.2855573892593384,-0.29550814628601074,0.5215044021606445,0.28579169511795044,-0.29550501704216003,0.5507192611694336,0.2919040024280548,-0.16601456701755524,0.5141805410385132,0.2925345301628113,-0.18162044882774353,0.5415661334991455,0.3161506652832031,-0.26290085911750793,0.5288244485855103,0.3167315721511841,-0.2676136791706085,0.5802428126335144,0.3806536793708801,-0.0704767256975174,0.486018568277359,0.3806900978088379,-0.09671823680400848,0.589966356754303,0.4793718159198761,-0.0024374977219849825,0.47120562195777893,0.47241538763046265,-0.0724550187587738,0.6035928130149841,0.5621618628501892,-0.10228496789932251,0.46517276763916016,0.5291847586631775,-0.22262685000896454,0.606324315071106,0.5920373797416687,-0.12957200407981873,0.4673529267311096,0.5527340173721313,-0.2610554099082947,0.6020416617393494,0.5911213159561157,-0.16775688529014587,0.4706612527370453,0.5457295775413513,-0.29201745986938477,0.5993002653121948,0.5837829113006592,-0.1192416176199913,0.4714750647544861,0.5389825105667114,-0.23803849518299103,0.5586111545562744,0.56831955909729,0.007657667156308889,0.501799464225769,0.570422351360321,-0.007732509635388851,0.5615136027336121,0.7121230363845825,0.002822150709107518,0.5012240409851074,0.714326024055481,-0.010379090905189514,0.566313624382019,0.8355311155319214,0.1879015862941742,0.4938461184501648,0.834578275680542,0.1717056930065155,0.5596227049827576,0.8513630032539368,0.19760359823703766,0.4985734820365906,0.850088894367218,0.18117451667785645,0.5777702927589417,0.8798018097877502,0.05814934894442558,0.4908067286014557,0.8760967254638672,0.03946809098124504
14,draw_tick,a07_s09_e01,0.536903977394104,0.29966509342193604,-0.28046858310699463,0.5408809185028076,0.28594228625297546,-0.2608727812767029,0.5439078211784363,0.2859649360179901,-0.260904461145401,0.5476092100143433,0.28622323274612427,-0.2608984112739563,0.5301654934883118,0.28550371527671814,-0.2636314928531647,0.5256134271621704,0.2855174243450165,-0.26364216208457947,0.5215643644332886,0.28572413325309753,-0.2636461853981018,0.5507489442825317,0.2919665277004242,-0.1348067820072174,0.5142534971237183,0.2925091087818146,-0.14930161833763123,0.5415956974029541,0.3161329925060272,-0.23238761723041534,0.5288625955581665,0.31669971346855164,-0.23677141964435577,0.5802000761032104,0.3808210492134094,-0.046039778739213943,0.4858936369419098,0.38087502121925354,-0.07501371204853058,0.5900251865386963,0.47966626286506653,0.0010079405037686229,0.46750885248184204,0.4732751250267029,-0.11645994335412979,0.6036495566368103,0.5620001554489136,-0.10987944900989532,0.47207003831863403,0.508891224861145,-0.33106404542922974,0.6063523292541504,0.5918769240379333,-0.13689276576042175,0.4768124222755432,0.524048924446106,-0.37943512201309204,0.6020860075950623,0.5908457636833191,-0.17593780159950256,0.4807094633579254,0.5138653516769409,-0.40188390016555786,0.5993553996086121,0.5835000872612,-0.12632843852043152,0.48070937395095825,0.5082963109016418,-0.34432297945022583,0.5585074424743652,0.5688113570213318,0.008559123612940311,0.5017880797386169,0.5706581473350525,-0.008635522797703743,0.5615001320838928,0.7122153043746948,0.0007986322743818164,0.5012123584747314,0.7143399715423584,-0.012522709555923939,0.5663041472434998,0.8356424570083618,0.2014225274324417,0.49385562539100647,0.8346484303474426,0.17812418937683105,0.5595719814300537,0.8514062762260437,0.21337063610553741,0.4985905587673187,0.8500979542732239,0.18965035676956177,0.577804684638977,0.8798169493675232,0.07522935420274734,0.4908080995082855,0.8762773871421814,0.0478096641600132
15,draw_tick,a07_s09_e01,0.536713719367981,0.2996649742126465,-0.29604870080947876,0.5408692359924316,0.2859679162502289,-0.2774238586425781,0.5438868403434753,0.28599637746810913,-0.27744051814079285,0.5476003885269165,0.2862429916858673,-0.27742093801498413,0.5300332903862,0.2855159342288971,-0.2803316116333008,0.5254720449447632,0.2855197489261627,-0.28035399317741394,0.5214966535568237,0.28571760654449463,-0.280367910861969,0.5507937669754028,0.2919960916042328,-0.151552215218544,0.514290452003479,0.29251205921173096,-0.1667623221874237,0.541594922542572,0.31613147258758545,-0.24756364524364471,0.5288287401199341,0.3167040944099426,-0.2521600127220154,0.5801900625228882,0.38104280829429626,-0.054386310279369354,0.4859195351600647,0.38090431690216064,-0.09019952267408371,0.5901934504508972,0.4808547794818878,1.1094215551565867e-05,0.46627750992774963,0.4738282561302185,-0.15670259296894073,0.6036564707756042,0.5621300935745239,-0.10956740379333496,0.4800316393375397,0.48634493350982666,-0.380818635225296,0.6063562035560608,0.5919298529624939,-0.13804425299167633,0.4878951609134674,0.49173200130462646,-0.4291653037071228,0.6021146774291992,0.5908644199371338,-0.1730491816997528,0.4912150502204895,0.48036524653434753,-0.4445669651031494,0.5993775129318237,0.5835453867912292,-0.12484681606292725,0.49021822214126587,0.4772631525993347,-0.3907516598701477,0.5584563612937927,0.568855881690979,0.010713670402765274,0.5017582178115845,0.570659875869751,-0.010824382305145264,0.5614645481109619,0.7122278213500977,0.006862534675747156,0.5012127161026001,0.714443027973175,-0.012142008170485497,0.5663018822669983,0.8355815410614014,0.22165325284004211,0.4938793182373047,0.8346396088600159,0.18816512823104858,0.5595425367355347,0.8512307405471802,0.23448733985424042,0.4986000061035156,0.8500679731369019,0.20104646682739258,0.5778061747550964,0.8798307180404663,0.09771774709224701,0.4909042716026306,0.876317024230957,0.05916841700673103
16,draw_tick,a07_s09_e01,0.5364270806312561,0.2998402416706085,-0.2917135953903198,0.5408344864845276,0.2860775291919708,-0.27342039346694946,0.5438001155853271,0.2861171364784241,-0.2734200060367584,0.5475298166275024,0.2863422930240631,-0.27338188886642456,0.5299311876296997,0.285593718290329,-0.27625831961631775,0.5253442525863647,0.285562127828598,-0.27628010511398315,0.5214258432388306,0.28573182225227356,-0.27628105878829956,0.550804615020752,0.2921415865421295,-0.14729228615760803,0.5142954587936401,0.29250842332839966,-0.16256293654441833,0.5415084362030029,0.31628623604774475,-0.24296002089977264,0.5285677313804626,0.31680619716644287,-0.24758370220661163,0.5798465609550476,0.3811072111129761,-0.047251421958208084,0.48597803711891174,0.3800692558288574,-0.08929453790187836,0.5901985764503479,0.48109331727027893,0.0028478396125137806,0.4650559425354004,0.4740196764469147,-0.1808827817440033,0.6036590933799744,0.5625120401382446,-0.10522248595952988,0.48250895738601685,0.45431002974510193,-0.4250982403755188,0.6063636541366577,0.5921703577041626,-0.13191960752010345,0.4907349646091461,0.4579119384288788,-0.4749976694583893,0.6021192669868469,0.5911106467247009,-0.1644652634859085,0.4953727126121521,0.4481561779975891,-0.4842238426208496,0.599380612373352,0.5839217901229858,-0.11938705295324326,0.4949258267879486,0.44659140706062317,-0.43293747305870056,0.5584253072738647,0.568462610244751,0.012166143395006657,0.5017896890640259,0.5704163312911987,-0.012308074161410332,0.5614622831344604,0.7120092511177063,0.00755195552483201,0.5012614727020264,0.7141011953353882,-0.012055931612849236,0.5662900805473328,0.835589587688446,0.2157510221004486,0.4939611554145813,0.8346289992332458,0.18591469526290894,0.5595331192016602,0.8512357473373413,0.2276293933391571,0.4986671805381775,0.85005122423172,0.19780197739601135,0.5778802037239075,0.8798230290412903,0.09014452993869781,0.4910790026187897,0.8763213753700256,0.05654292553663254
17,draw_tick,a07_s09_e01,0.5360053777694702,0.30034878849983215,-0.2909321188926697,0.5407546758651733,0.2864876985549927,-0.272941529750824,0.5436692237854004,0.2865535020828247,-0.2729363739490509,0.5473467111587524,0.2867521047592163,-0.27289336919784546,0.5297006964683533,0.28596699237823486,-0.27583202719688416,0.5251827239990234,0.28587856888771057,-0.2758582830429077,0.5213216543197632,0.28599458932876587,-0.2758588194847107,0.5507618188858032,0.29259559512138367,-0.1472700536251068,0.5142954587936401,0.29278114438056946,-0.16270634531974792,0.541301965713501,0.31667375564575195,-0.24217255413532257,0.5280936360359192,0.3170658349990845,-0.24683578312397003,0.5796972513198853,0.38110801577568054,-0.04726104810833931,0.4860362112522125,0.37877339124679565,-0.09056876599788666,0.5903118252754211,0.48149171471595764,0.0004972802707925439,0.4642764627933502,0.47265228629112244,-0.1915363371372223,0.6036931276321411,0.5630151033401489,-0.10530821979045868,0.48853176832199097,0.4343728721141815,-0.43019407987594604,0.6064125299453735,0.5924540162086487,-0.1305038034915924,0.5008761286735535,0.4288882911205292,-0.477902352809906,0.6021644473075867,0.5913704037666321,-0.16167303919792175,0.5061081647872925,0.41721150279045105,-0.4826880991458893,0.5994114279747009,0.584294319152832,-0.11886022239923477,0.5043341517448425,0.41748687624931335,-0.4358116686344147,0.5584351420402527,0.5680078268051147,0.013210180215537548,0.5018589496612549,0.5700501799583435,-0.013373538851737976,0.5614604353904724,0.7118951082229614,0.009047335013747215,0.5013393759727478,0.7138654589653015,-0.011747362092137337,0.5662860870361328,0.8357067704200745,0.21409782767295837,0.4940136969089508,0.8346210718154907,0.18491767346858978,0.5595303177833557,0.8513612747192383,0.22565455734729767,0.4987014830112457,0.8500233888626099,0.1962350457906723,0.5778900384902954,0.8798337578773499,0.08914762735366821,0.4910835325717926,0.8763225078582764,0.0549689456820488
18,draw_tick,a07_s09_e01,0.5352235436439514,0.30088773369789124,-0.25486570596694946,0.5403085947036743,0.287031352519989,-0.23597398400306702,0.543221652507782,0.287038654088974,-0.23598000407218933,0.5465828776359558,0.2871539294719696,-0.23595090210437775,0.5290345549583435,0.2867521047592163,-0.23898252844810486,0.5247446298599243,0.28667718172073364,-0.23900291323661804,0.5209010243415833,0.2869001030921936,-0.23899471759796143,0.5504542589187622,0.29294052720069885,-0.10925978422164917,0.5142077207565308,0.29388007521629333,-0.12448050081729889,0.5408289432525635,0.3167789578437805,-0.20586296916007996,0.527357816696167,0.31729182600975037,-0.21044626832008362,0.5795775651931763,0.3805218040943146,-0.015717197209596634,0.48618847131729126,0.3779057264328003,-0.0625172033905983,0.5904675722122192,0.481487900018692,0.018804732710123062,0.46461573243141174,0.46596142649650574,-0.17932160198688507,0.6037460565567017,0.5632467865943909,-0.07819594442844391,0.49616971611976624,0.41090112924575806,-0.4123763144016266,0.6064459681510925,0.5926073789596558,-0.10140550136566162,0.5090319514274597,0.4016188979148865,-0.45999422669410706,0.6021962761878967,0.5915501713752747,-0.12974603474140167,0.5136045217514038,0.39058834314346313,-0.4607597291469574,0.5994348526000977,0.5845524668693542,-0.09053121507167816,0.5108025074005127,0.3932437598705292,-0.41668272018432617,0.558445930480957,0.5676042437553406,0.014652024023234844,0.5019026398658752,0.5695639848709106,-0.0148075046017766,0.56145179271698,0.7118458151817322,0.007955525070428848,0.5013841390609741,0.7134258151054382,-0.014184716157615185,0.5662838220596313,0.8358824253082275,0.21388037502765656,0.49403175711631775,0.8346141576766968,0.1843080371618271,0.5595401525497437,0.8514205813407898,0.22584672272205353,0.4987044930458069,0.8500141501426697,0.19516566395759583,0.5778862833976746,0.8799921870231628,0.08794189244508743,0.49111461639404297,0.8763236403465271,0.054029397666454315
19,draw_tick,a07_s09_e01,0.5339946150779724,0.30169764161109924,-0.20692619681358337,0.5392916798591614,0.28743651509284973,-0.18625107407569885,0.5423886775970459,0.2873082458972931,-0.18625573813915253,0.5451865792274475,0.28733524680137634,-0.18623171746730804,0.5278481841087341,0.2877664566040039,-0.18915821611881256,0.5237472057342529,0.2878280580043793,-0.1891726851463318,0.5199726819992065,0.28819340467453003,-0.1891666054725647,0.5497640371322632,0.29330265522003174,-0.05830458551645279,0.514129638671875,0.2954677641391754,-0.07189726084470749,0.5402684211730957,0.31719323992729187,-0.15799428522586823,0.5268781781196594,0.3180916905403137,-0.16215592622756958,0.5793288946151733,0.3798561692237854,0.02730357088148594,0.486727237701416,0.37717965245246887,-0.030986592173576355,0.5905102491378784,0.4814099371433258,0.0535639226436615,0.46551513671875,0.45385682582855225,-0.17184200882911682,0.6037576794624329,0.5632743835449219,-0.02187947928905487,0.5049550533294678,0.3825666010379791,-0.38604557514190674,0.6064482927322388,0.5927727222442627,-0.04223436862230301,0.5172140002250671,0.36446207761764526,-0.43380388617515564,0.6022170782089233,0.5917370915412903,-0.06811979413032532,0.5197965502738953,0.35719677805900574,-0.43172192573547363,0.5994455218315125,0.5847121477127075,-0.03326345607638359,0.517270565032959,0.36360347270965576,-0.38963860273361206,0.5584802031517029,0.5673583149909973,0.01678987219929695,0.5019646286964417,0.5694931149482727,-0.016917521134018898,0.5614462494850159,0.7118015885353088,0.00439862348139286,0.501399576663971,0.7131993174552917,-0.020368093624711037,0.5662674903869629,0.8359270095825195,0.21364407241344452,0.49406376481056213,0.8346084356307983,0.17892217636108398,0.5595377683639526,0.8514537215232849,0.2261439859867096,0.49871835112571716,0.8500017523765564,0.19113147258758545,0.5778111815452576,0.8800192475318909,0.08889858424663544,0.4911692142486572,0.8763128519058228,0.0503283366560936
20,draw_tick,a07_s09_e01,0.5328295826911926,0.30209702253341675,-0.20125457644462585,0.5381004810333252,0.28758367896080017,-0.17998716235160828,0.541487991809845,0.2873659133911133,-0.1799907237291336,0.54396653175354,0.28735578060150146,-0.1799740493297577,0.5266364812850952,0.28836706280708313,-0.18401272594928741,0.5227281451225281,0.28849464654922485,-0.18403074145317078,0.5189834833145142,0.28890445828437805,-0.18403178453445435,0.5487018823623657,0.2934200167655945,-0.0488724485039711,0.5140216946601868,0.29592248797416687,-0.06673301756381989,0.5397564172744751,0.3172750771045685,-0.15087053179740906,0.5264116525650024,0.3183520436286926,-0.15631835162639618,0.579069197177887,0.37918663024902344,0.039866238832473755,0.486858606338501,0.3757557272911072,-0.03717774152755737,0.5905382037162781,0.48085981607437134,0.06515555828809738,0.4713709354400635,0.4413667321205139,-0.19717271625995636,0.6038107872009277,0.5632467269897461,-0.0028696164954453707,0.5130818486213684,0.36662134528160095,-0.41652971506118774,0.6064740419387817,0.592870831489563,-0.021398644894361496,0.5252044200897217,0.3449530005455017,-0.4676441550254822,0.6022619009017944,0.5918102264404297,-0.04769040644168854,0.5260884761810303,0.3390568196773529,-0.46353769302368164,0.5994730591773987,0.5847569108009338,-0.014331976883113384,0.5239980816841125,0.3445506691932678,-0.42017143964767456,0.5584738850593567,0.5672762989997864,0.020402781665325165,0.501976728439331,0.5694859027862549,-0.020507648587226868,0.5614284873008728,0.7118039727210999,-0.0022869210224598646,0.5014010071754456,0.713128924369812,-0.030687689781188965,0.5662440061569214,0.8360298871994019,0.2138424813747406,0.49406856298446655,0.8346232771873474,0.1724313199520111,0.5595289468765259,0.8514846563339233,0.22705860435962677,0.4987105429172516,0.8500039577484131,0.1852881759405136,0.5777536630630493,0.8801098465919495,0.08824016153812408,0.4911799430847168,0.876311182975769,0.041323401033878326
21,draw_tick,a07_s09_e01,0.5318459868431091,0.3029867112636566,-0.21351563930511475,0.5372898578643799,0.28895917534828186,-0.1920369565486908,0.5407995581626892,0.28866875171661377,-0.19204126298427582,0.5432106256484985,0.2885356843471527,-0.19202420115470886,0.5257859826087952,0.28973668813705444,-0.1982477307319641,0.5218561291694641,0.28974488377571106,-0.19827769696712494,0.5181230902671814,0.289848268032074,-0.1982937753200531,0.5479089617729187,0.2940329909324646,-0.05602658540010452,0.5138577222824097,0.2960696518421173,-0.08432310819625854,0.5393038988113403,0.3177238404750824,-0.1609046757221222,0.5257638692855835,0.3186483383178711,-0.16943177580833435,0.5786219239234924,0.37861788272857666,0.039820097386837006,0.4869050085544586,0.3734574317932129,-0.056202370673418045,0.5905276536941528,0.48024147748947144,0.07426459342241287,0.4805234968662262,0.42834392189979553,-0.2497067004442215,0.6037883162498474,0.562924325466156,0.015721376985311508,0.520957887172699,0.35501760244369507,-0.4831683039665222,0.6064649820327759,0.5928658246994019,0.0003393453953322023,0.5321182608604431,0.33441630005836487,-0.5380264520645142,0.6022613644599915,0.5918105244636536,-0.028108518570661545,0.5322588682174683,0.32939013838768005,-0.5334157347679138,0.5994621515274048,0.5847395062446594,0.00376565451733768,0.5301019549369812,0.3342680037021637,-0.4873538613319397,0.5585600137710571,0.5670893788337708,0.02567327953875065,0.5019820332527161,0.5694645643234253,-0.025791188701987267,0.5614070892333984,0.711808443069458,-0.008597278967499733,0.5014030337333679,0.712909460067749,-0.04055740684270859,0.5662146210670471,0.8359891176223755,0.21251268684864044,0.49405741691589355,0.8342285752296448,0.162942573428154,0.5594969987869263,0.8514675498008728,0.22570791840553284,0.4985346794128418,0.8494827747344971,0.1755843609571457,0.5777539014816284,0.880204439163208,0.0866321474313736,0.4914645254611969,0.8761597275733948,0.02731008268892765
22,draw_tick,a07_s09_e01,0.5304173827171326,0.30375000834465027,-0.2145143747329712,0.5359976291656494,0.29012349247932434,-0.1934662163257599,0.5396662950515747,0.28975656628608704,-0.19346991181373596,0.542251467704773,0.2895738482475281,-0.19345501065254211,0.5244748592376709,0.2910235524177551,-0.20017428696155548,0.520586371421814,0.29096153378486633,-0.20020520687103271,0.5169192552566528,0.29098254442214966,-0.20022860169410706,0.546815812587738,0.29453545808792114,-0.0583718903362751,0.5135256052017212,0.29638969898223877,-0.08870601654052734,0.53849196434021,0.3179938495159149,-0.1620597392320633,0.5247242450714111,0.3187935948371887,-0.1712486445903778,0.5783990621566772,0.3782207667827606,0.037386439740657806,0.48702502250671387,0.3725966811180115,-0.05666890740394592,0.5902939438819885,0.479433536529541,0.07534030824899673,0.4895741045475006,0.4217398762702942,-0.2686424255371094,0.6036897301673889,0.5626676082611084,0.026308048516511917,0.5248609781265259,0.34879598021507263,-0.5052220821380615,0.6064215898513794,0.5928271412849426,0.013191962614655495,0.5343559980392456,0.3289993405342102,-0.5609947443008423,0.6022517085075378,0.5917986035346985,-0.01584925875067711,0.5340490937232971,0.3240217864513397,-0.5579502582550049,0.5994290113449097,0.5847113132476807,0.014435050077736378,0.5321749448776245,0.3290729522705078,-0.5107467770576477,0.5586411356925964,0.5669184327125549,0.028748244047164917,0.5019810795783997,0.5693525075912476,-0.028894376009702682,0.5613951683044434,0.7120146155357361,-0.009699997492134571,0.5013679265975952,0.7128549218177795,-0.0448690727353096,0.5661737322807312,0.8359695672988892,0.2121250182390213,0.49404484033584595,0.8332725167274475,0.16485416889190674,0.5592427253723145,0.8514594435691833,0.22574889659881592,0.4983135163784027,0.8483974933624268,0.17770686745643616,0.577774167060852,0.880476713180542,0.08574600517749786,0.49173325300216675,0.8759403824806213,0.03174960985779762
23,draw_tick,a07_s09_e01,0.5305790305137634,0.30438438057899475,-0.2218836098909378,0.5360554456710815,0.2906513810157776,-0.20066359639167786,0.5396228432655334,0.290169894695282,-0.2006688416004181,0.5422220826148987,0.28987404704093933,-0.20065172016620636,0.5245576500892639,0.29181715846061707,-0.20827166736125946,0.52064049243927,0.29186201095581055,-0.208303302526474,0.5169364809989929,0.2919246256351471,-0.2083299160003662,0.5466368198394775,0.29458242654800415,-0.06475464999675751,0.5133874416351318,0.2967269718647003,-0.09879685193300247,0.5385295152664185,0.3181805908679962,-0.16905006766319275,0.5247926712036133,0.3190784156322479,-0.17936399579048157,0.5783413648605347,0.37819862365722656,0.031699709594249725,0.48721766471862793,0.37206727266311646,-0.08388243615627289,0.5900762677192688,0.47913387417793274,0.07104569673538208,0.49659571051597595,0.4189978241920471,-0.29077836871147156,0.6035467982292175,0.5626741647720337,0.021334338933229446,0.5298362374305725,0.3441649079322815,-0.5251058340072632,0.6063622832298279,0.5928249359130859,0.008717041462659836,0.5401603579521179,0.3226028382778168,-0.5810097455978394,0.6022507548332214,0.5917988419532776,-0.020736869424581528,0.5396953821182251,0.31718793511390686,-0.5780826807022095,0.5994030237197876,0.5847226977348328,0.009174460545182228,0.5372649431228638,0.3230118751525879,-0.5307544469833374,0.5587579011917114,0.5667052865028381,0.030112534761428833,0.5019804835319519,0.5693114995956421,-0.03026440367102623,0.5614104270935059,0.712024986743927,-0.00919716153293848,0.5013428926467896,0.7127875685691833,-0.04363022372126579,0.5661357045173645,0.835746169090271,0.2127884328365326,0.4940306544303894,0.8321745991706848,0.16920140385627747,0.5591272115707397,0.8513402938842773,0.2269572764635086,0.4981004297733307,0.8472635746002197,0.18404510617256165,0.5778319239616394,0.8805181384086609,0.08630024641752243,0.4917577803134918,0.8757034540176392,0.03815758228302002
24,draw_tick,a07_s09_e01,0.5306386351585388,0.3053605854511261,-0.22229114174842834,0.5360507369041443,0.29144999384880066,-0.20497319102287292,0.5395692586898804,0.29083260893821716,-0.20494036376476288,0.5421915054321289,0.29045072197914124,-0.2048991471529007,0.524565577507019,0.2929050326347351,-0.215956449508667,0.5206453800201416,0.29309624433517456,-0.21601292490959167,0.5169199705123901,0.293422132730484,-0.21611067652702332,0.5466089248657227,0.29481011629104614,-0.07929383218288422,0.513337254524231,0.29761236906051636,-0.1114463210105896,0.5385492444038391,0.3186386227607727,-0.17861731350421906,0.5248399972915649,0.31966492533683777,-0.1824386566877365,0.5784603357315063,0.37821054458618164,0.018377060070633888,0.4876973628997803,0.37197571992874146,-0.11202298104763031,0.5900218486785889,0.47921988368034363,0.06586141884326935,0.5052552223205566,0.4175252318382263,-0.3189653754234314,0.6029822826385498,0.5627062320709229,0.024871570989489555,0.5354134440422058,0.34199637174606323,-0.5574101209640503,0.6060621738433838,0.592789888381958,0.014990093186497688,0.545809805393219,0.32052862644195557,-0.6142522692680359,0.6019443869590759,0.5917909741401672,-0.015909353271126747,0.5452976822853088,0.3150957226753235,-0.6116340756416321,0.5989037752151489,0.5847320556640625,0.01273056585341692,0.5426957011222839,0.32099124789237976,-0.5633941888809204,0.5589202642440796,0.5666952133178711,0.031736910343170166,0.501963198184967,0.569314181804657,-0.03190060704946518,0.5614293813705444,0.7123125791549683,-0.007218069396913052,0.501325786113739,0.7128708362579346,-0.03982681781053543,0.5661274194717407,0.835534393787384,0.22690315544605255,0.49402251839637756,0.8317950963973999,0.18622824549674988,0.5590887665748596,0.8511070609092712,0.2424284666776657,0.4979526996612549,0.8467209339141846,0.20189866423606873,0.5778823494911194,0.8805645108222961,0.09977021813392639,0.49189725518226624,0.8757010698318481,0.054576367139816284
25,draw_tick,a07_s09_e01,0.5305006504058838,0.3071301579475403,-0.22881574928760529,0.5358220934867859,0.29275625944137573,-0.21173810958862305,0.5393192172050476,0.29195109009742737,-0.21170639991760254,0.5420140027999878,0.2914465069770813,-0.21166834235191345,0.5244377851486206,0.29478418827056885,-0.21761400997638702,0.5205556750297546,0.2951605021953583,-0.21765141189098358,0.5168881416320801,0.29559987783432007,-0.21768684685230255,0.5465573072433472,0.29537028074264526,-0.08430494368076324,0.513338029384613,0.2991545796394348,-0.11283798515796661,0.5385709404945374,0.3196994662284851,-0.18483740091323853,0.5248749256134033,0.32092195749282837,-0.1875591278076172,0.578551173210144,0.3784293234348297,0.01517750509083271,0.4885183274745941,0.3715589642524719,-0.11318197101354599,0.5899074673652649,0.4795028865337372,0.061693888157606125,0.5072060227394104,0.4182441830635071,-0.3144465386867523,0.6023959517478943,0.5627628564834595,0.01730065606534481,0.5402621030807495,0.33950501680374146,-0.5475286245346069,0.6058527231216431,0.5927721261978149,0.006063544191420078,0.5509521961212158,0.31882375478744507,-0.6039679050445557,0.6017481684684753,0.5917530059814453,-0.024653661996126175,0.5500144958496094,0.31339842081069946,-0.6007403135299683,0.5985474586486816,0.5847145318984985,0.0050675333477556705,0.546967625617981,0.3195951581001282,-0.5531038045883179,0.5589239001274109,0.5666953921318054,0.03160150349140167,0.501914918422699,0.5693139433860779,-0.031763188540935516,0.561443030834198,0.7126759886741638,-0.006835184060037136,0.501297116279602,0.7129836678504944,-0.03922300040721893,0.5660933256149292,0.835521936416626,0.22544188797473907,0.4940145015716553,0.8315703272819519,0.1877642571926117,0.5590384602546692,0.8511072397232056,0.24083547294139862,0.4978238046169281,0.8463046550750732,0.20314474403858185,0.577998161315918,0.8806539177894592,0.09879081696271896,0.4919815957546234,0.8757044076919556,0.05687917396426201
26,draw_tick,a07_s09_e01,0.5303377509117126,0.30784210562705994,-0.24145443737506866,0.5354999303817749,0.29306545853614807,-0.22297616302967072,0.5391318202018738,0.29211586713790894,-0.22297143936157227,0.5418842434883118,0.29151812195777893,-0.22293615341186523,0.5240071415901184,0.29548463225364685,-0.2315383404493332,0.5201712846755981,0.2960491180419922,-0.23157525062561035,0.516525387763977,0.296562135219574,-0.23162326216697693,0.5465751886367798,0.2953672707080841,-0.08806662261486053,0.5132037997245789,0.29981285333633423,-0.12498772144317627,0.5386348962783813,0.3203522861003876,-0.19091401994228363,0.5249064564704895,0.32170039415359497,-0.19951775670051575,0.5785642266273499,0.3785581588745117,0.011738976463675499,0.48928314447402954,0.37008675932884216,-0.12034283578395844,0.5895375609397888,0.4797268509864807,0.057423483580350876,0.509466290473938,0.4214036762714386,-0.3107524514198303,0.6019376516342163,0.5627567768096924,0.004376089666038752,0.5454330444335938,0.3469610810279846,-0.5364423990249634,0.6055902242660522,0.5925866365432739,-0.00904813315719366,0.5557619333267212,0.32550689578056335,-0.5918809771537781,0.601533830165863,0.5913793444633484,-0.040296778082847595,0.554236114025116,0.32023435831069946,-0.5887945294380188,0.598173975944519,0.5844092965126038,-0.008274286985397339,0.551432192325592,0.32561078667640686,-0.5414727330207825,0.558933436870575,0.5667136907577515,0.03139181435108185,0.5019005537033081,0.5693304538726807,-0.031553156673908234,0.5614780187606812,0.7128161787986755,-0.01302596926689148,0.5012869238853455,0.7130306959152222,-0.03907781094312668,0.5660297274589539,0.8352155089378357,0.22275647521018982,0.4940221309661865,0.8309789299964905,0.19534358382225037,0.5588683485984802,0.8507741689682007,0.23756809532642365,0.4977882504463196,0.8451606631278992,0.2117268145084381,0.5780345797538757,0.880707323551178,0.09599904716014862,0.4922311305999756,0.8757076263427734,0.06819769740104675
27,draw_tick,a07_s09_e01,0.5303918719291687,0.30822351574897766,-0.23152220249176025,0.5355097055435181,0.293375700712204,-0.21122241020202637,0.5391606092453003,0.2923400104045868,-0.21123118698596954,0.5419077277183533,0.29170912504196167,-0.21120591461658478,0.5239894390106201,0.29591765999794006,-0.21852287650108337,0.5201359987258911,0.2965993583202362,-0.21855096518993378,0.5164684057235718,0.2971930205821991,-0.21857604384422302,0.5465901494026184,0.2953621745109558,-0.07619345933198929,0.513112485408783,0.3007202446460724,-0.1077704057097435,0.5388270020484924,0.320475310087204,-0.17928197979927063,0.5249338150024414,0.3218872845172882,-0.18823488056659698,0.5787016153335571,0.37856730818748474,0.022312965244054794,0.490063339471817,0.3697614371776581,-0.11114069074392319,0.5895465016365051,0.47992008924484253,0.05841550976037979,0.504170835018158,0.42372629046440125,-0.27909722924232483,0.601535439491272,0.5630308985710144,-0.0012518779840320349,0.5434867143630981,0.35876595973968506,-0.5031326413154602,0.6053498983383179,0.592593789100647,-0.016649648547172546,0.5546859502792358,0.33976253867149353,-0.5561745166778564,0.601304292678833,0.5913674831390381,-0.04701712727546692,0.5540753602981567,0.3338032066822052,-0.5643478631973267,0.5978350043296814,0.5843990445137024,-0.013854647986590862,0.5510933995246887,0.338753879070282,-0.5120391845703125,0.558916449546814,0.5667388439178467,0.030936796218156815,0.5018467307090759,0.5694252252578735,-0.031094808131456375,0.5614896416664124,0.7129656672477722,-0.01352239865809679,0.5012662410736084,0.7130696177482605,-0.04185871034860611,0.5659650564193726,0.8351238965988159,0.22620844841003418,0.4940597116947174,0.8308538794517517,0.1957351267337799,0.558775007724762,0.8507580161094666,0.24256649613380432,0.4977892339229584,0.8448328375816345,0.21274200081825256,0.5780753493309021,0.8807572722434998,0.1043320745229721,0.49254855513572693,0.8757418990135193,0.07321017980575562
28,draw_tick,a07_s09_e01,0.530717134475708,0.3090411126613617,-0.2328009158372879,0.5357432961463928,0.2943737208843231,-0.2129075974225998,0.5393840074539185,0.2932395935058594,-0.21292254328727722,0.5420130491256714,0.2925169765949249,-0.2128993570804596,0.5241116285324097,0.29693642258644104,-0.21812045574188232,0.5201656222343445,0.297548770904541,-0.21813957393169403,0.5164870619773865,0.29805317521095276,-0.21813921630382538,0.5466079711914062,0.2955705225467682,-0.07939113676548004,0.5131068825721741,0.3017233908176422,-0.10216119140386581,0.5390147566795349,0.3206738233566284,-0.18096384406089783,0.524955153465271,0.32254111766815186,-0.18779292702674866,0.5782428979873657,0.3786015212535858,0.018259938806295395,0.4903663694858551,0.36991602182388306,-0.07547644525766373,0.5895072817802429,0.48019757866859436,0.057276368141174316,0.5036131143569946,0.4400925636291504,-0.22152471542358398,0.6011973023414612,0.5636380314826965,-0.009749962948262691,0.5408879518508911,0.3775881230831146,-0.4320559501647949,0.6050970554351807,0.5926954746246338,-0.02834824100136757,0.5524226427078247,0.3599948287010193,-0.47981733083724976,0.6011544466018677,0.5914379358291626,-0.05735170096158981,0.5526758432388306,0.35288205742836,-0.47963589429855347,0.597653865814209,0.584481954574585,-0.02184709534049034,0.5492513179779053,0.35858169198036194,-0.4365920424461365,0.558806836605072,0.5670446753501892,0.03013644739985466,0.5018405318260193,0.5694505572319031,-0.030275534838438034,0.5614921450614929,0.7130730748176575,-0.008223881945014,0.5012651681900024,0.7129786610603333,-0.040683601051568985,0.5658395886421204,0.8351297378540039,0.22779186069965363,0.4941136837005615,0.8304755687713623,0.196139857172966,0.5585861206054688,0.8508324027061462,0.24333438277244568,0.4977646768093109,0.8442431092262268,0.21296390891075134,0.578102707862854,0.8808038234710693,0.10855452716350555,0.4926822781562805,0.8757193088531494,0.07879720628261566
29,draw_tick,a07_s09_e01,0.5312037467956543,0.30971112847328186,-0.274018257856369,0.5358372330665588,0.2950457036495209,-0.25555628538131714,0.5394721031188965,0.29386699199676514,-0.2555546164512634,0.5420740842819214,0.2930661737918854,-0.25551339983940125,0.5243700742721558,0.2978581190109253,-0.25821879506111145,0.520458996295929,0.298514723777771,-0.25823625922203064,0.5168838500976562,0.2989768385887146,-0.2582320272922516,0.5467162132263184,0.2955869436264038,-0.12171505391597748,0.5133444666862488,0.30247655510902405,-0.1342727243900299,0.5394040942192078,0.3211333155632019,-0.2216537743806839,0.5257065892219543,0.3230820596218109,-0.22551564872264862,0.5787991285324097,0.37927454710006714,-0.01314439158886671,0.4915212094783783,0.3703531324863434,-0.07932708412408829,0.5894882082939148,0.48067373037338257,0.0345962718129158,0.49277663230895996,0.4544753134250641,-0.2111501395702362,0.6009734272956848,0.5649030208587646,-0.05195627734065056,0.537116527557373,0.4178740084171295,-0.4313886761665344,0.6048673391342163,0.593482255935669,-0.07340655475854874,0.5501837134361267,0.405783474445343,-0.4795669913291931,0.6010438799858093,0.5924476981163025,-0.10475076735019684,0.551517128944397,0.39609211683273315,-0.47934842109680176,0.5975412726402283,0.5854310393333435,-0.06510491669178009,0.547730565071106,0.39903244376182556,-0.43505606055259705,0.5587919354438782,0.5674059987068176,0.026409069076180458,0.5018370747566223,0.5694496035575867,-0.026555513963103294,0.5614916086196899,0.7131398916244507,-0.005866591818630695,0.5012665390968323,0.7130404710769653,-0.0326143242418766,0.5657294988632202,0.8350684642791748,0.2316642552614212,0.49418726563453674,0.830148458480835,0.20157256722450256,0.5584083795547485,0.8508028388023376,0.24680598080158234,0.4977648854255676,0.8436511158943176,0.21818344295024872,0.5781023502349854,0.8808570504188538,0.10937996208667755,0.4927647113800049,0.875707745552063,0.0806213766336441
30,draw_tick,a07_s09_e01,0.5326188802719116,0.3096397817134857,-0.3227701783180237,0.5363911390304565,0.29504138231277466,-0.3064623773097992,0.5399462580680847,0.2939281761646271,-0.3064576983451843,0.5424730181694031,0.29317983984947205,-0.3064362108707428,0.5251266360282898,0.29779285192489624,-0.308928906917572,0.5213342308998108,0.29849669337272644,-0.3089619278907776,0.5178034901618958,0.299090176820755,-0.30897462368011475,0.5470423698425293,0.29558655619621277,-0.17483124136924744,0.5139683485031128,0.3029119670391083,-0.1866786777973175,0.5405698418617249,0.32119935750961304,-0.27020543813705444,0.5273217558860779,0.32320693135261536,-0.27392250299453735,0.5800026655197144,0.37961795926094055,-0.058265168219804764,0.4921572804450989,0.371918648481369,-0.11464016139507294,0.5894554853439331,0.4808424711227417,0.004182490985840559,0.48353490233421326,0.4675714671611786,-0.21909773349761963,0.6008208394050598,0.5650244355201721,-0.08047313988208771,0.5346792936325073,0.4538843035697937,-0.4380713999271393,0.6047111749649048,0.5937491655349731,-0.10189051926136017,0.5476011037826538,0.448733389377594,-0.48600953817367554,0.601019024848938,0.5928183794021606,-0.1346491128206253,0.5485070943832397,0.4381881654262543,-0.4895784854888916,0.5975366234779358,0.5857905745506287,-0.0938347578048706,0.545153021812439,0.438212513923645,-0.4431706964969635,0.5587960481643677,0.5674030780792236,0.022442368790507317,0.5018359422683716,0.5692716240882874,-0.022596409544348717,0.5614910125732422,0.7131422758102417,-0.003476174082607031,0.5012974739074707,0.7130098342895508,-0.025505509227514267,0.5656531453132629,0.8350676894187927,0.23000991344451904,0.49423661828041077,0.829971194267273,0.19838975369930267,0.5582556128501892,0.8508190512657166,0.2446831464767456,0.4977715015411377,0.8435930609703064,0.2141764611005783,0.5780237913131714,0.8808570504188538,0.10649342834949493,0.492666095495224,0.8756418228149414,0.07729826867580414
31,draw_tick,a07_s09_e01,0.532679557800293,0.309685081243515,-0.32285720109939575,0.5366010665893555,0.2951582074165344,-0.3061952292919159,0.5402974486351013,0.29412123560905457,-0.3062053918838501,0.5429056882858276,0.2934707999229431,-0.30620187520980835,0.5252796411514282,0.2978192865848541,-0.3076661229133606,0.5215018391609192,0.29858699440956116,-0.30768275260925293,0.5180402398109436,0.29920265078544617,-0.3076917231082916,0.5477375984191895,0.2958342730998993,-0.17870955169200897,0.5144472122192383,0.3032683730125427,-0.18653897941112518,0.5409172773361206,0.3215049207210541,-0.272684246301651,0.52745121717453,0.323629230260849,-0.27516797184944153,0.58082115650177,0.3824845850467682,-0.06642059981822968,0.49272051453590393,0.37428438663482666,-0.11368199437856674,0.5895253419876099,0.4822295904159546,-0.0001748655631672591,0.47817444801330566,0.4692787230014801,-0.16154862940311432,0.6006224155426025,0.5651084780693054,-0.09011457115411758,0.513451099395752,0.4950893223285675,-0.34077340364456177,0.6045758128166199,0.5940300822257996,-0.11569812148809433,0.5253651738166809,0.5115621089935303,-0.3849628269672394,0.6009919047355652,0.5930513143539429,-0.15053561329841614,0.53034508228302,0.4985148012638092,-0.4008379876613617,0.5975126028060913,0.5859240889549255,-0.10543064028024673,0.5261040329933167,0.49270763993263245,-0.35012903809547424,0.5586271286010742,0.568165123462677,0.018456367775797844,0.5018031001091003,0.5692740678787231,-0.01858244463801384,0.5614790320396423,0.7131332159042358,0.0028728069737553596,0.5012957453727722,0.7130710482597351,-0.014907990582287312,0.5655001401901245,0.8344601988792419,0.22680775821208954,0.49442237615585327,0.829839289188385,0.19673900306224823,0.5579366683959961,0.8503516912460327,0.23971059918403625,0.49788767099380493,0.8433045744895935,0.2132033109664917,0.5780231952667236,0.88075190782547,0.09931402653455734,0.49257469177246094,0.8756417632102966,0.07412301003932953
32,draw_tick,a07_s09_e01,0.5326911807060242,0.3095458149909973,-0.3331078886985779,0.536720871925354,0.2951163053512573,-0.317647248506546,0.5405842065811157,0.29409274458885193,-0.31764453649520874,0.5433752536773682,0.29346007108688354,-0.3176412880420685,0.5253294110298157,0.2977055609226227,-0.3189849257469177,0.521567702293396,0.298551082611084,-0.3189994990825653,0.5180850625038147,0.29908353090286255,-0.31900882720947266,0.5484675765037537,0.2958337664604187,-0.19655802845954895,0.5148272514343262,0.3031722605228424,-0.2034626454114914,0.5411781072616577,0.3214951455593109,-0.2852778434753418,0.5274457335472107,0.3235056698322296,-0.2874365746974945,0.5812631845474243,0.38333770632743835,-0.08647135645151138,0.4927527904510498,0.3751146197319031,-0.12318351119756699,0.5895086526870728,0.48297277092933655,-0.017089612782001495,0.4767584800720215,0.4700464904308319,-0.11964676529169083,0.6005808115005493,0.5653213262557983,-0.11139623075723648,0.5001012086868286,0.5328205227851868,-0.24871087074279785,0.604433536529541,0.5941864848136902,-0.13880814611911774,0.5044207572937012,0.5606554746627808,-0.2864404320716858,0.6007736325263977,0.5931554436683655,-0.17693720757961273,0.5116217136383057,0.551131546497345,-0.31063610315322876,0.5972622632980347,0.5860071182250977,-0.12834444642066956,0.5110694169998169,0.5417112112045288,-0.26009804010391235,0.5586996674537659,0.5680016279220581,0.013605262152850628,0.5021654963493347,0.5691983699798584,-0.013687324710190296,0.561531126499176,0.7125439047813416,0.012489893473684788,0.5012705326080322,0.7130716443061829,-0.008400743827223778,0.565506637096405,0.8344881534576416,0.19244860112667084,0.4945955276489258,0.8307564854621887,0.16951611638069153,0.5579354763031006,0.8505281805992126,0.2008705884218216,0.4983096122741699,0.8449586629867554,0.17877332866191864,0.578259289264679,0.8807161450386047,0.06279738247394562,0.4916500151157379,0.8759902715682983,0.03886691480875015
33,draw_tick,a07_s09_e01,0.5327036380767822,0.30951303243637085,-0.3323833644390106,0.536855161190033,0.29508695006370544,-0.3165440261363983,0.5408357977867126,0.29411080479621887,-0.31655046343803406,0.5437504649162292,0.2934971749782562,-0.3165493905544281,0.5253872275352478,0.2976537048816681,-0.3182719945907593,0.521661639213562,0.2984861135482788,-0.31828296184539795,0.5181310176849365,0.2989720106124878,-0.3182896673679352,0.548958420753479,0.2959114909172058,-0.1959460973739624,0.5151650309562683,0.3031272888183594,-0.20427939295768738,0.5413788557052612,0.32151105999946594,-0.284999817609787,0.5274533033370972,0.3234966993331909,-0.2874901592731476,0.581657350063324,0.3843962252140045,-0.08878204971551895,0.4928029179573059,0.37681135535240173,-0.12383750826120377,0.5894762277603149,0.48310422897338867,-0.01818859949707985,0.47682714462280273,0.47578105330467224,-0.08747722953557968,0.6006155014038086,0.5654428601264954,-0.11469600349664688,0.48673930764198303,0.5569275617599487,-0.1804763376712799,0.6044334769248962,0.5942677855491638,-0.14171722531318665,0.485106885433197,0.5847265124320984,-0.2134181261062622,0.6007670760154724,0.5932998061180115,-0.1815272867679596,0.49301013350486755,0.5822755098342896,-0.2421773374080658,0.5972611308097839,0.5861531496047974,-0.13241824507713318,0.4956014156341553,0.5741473436355591,-0.1932116001844406,0.5591981410980225,0.5679439306259155,0.012686541303992271,0.5039348602294922,0.5690804719924927,-0.012746186926960945,0.5616158246994019,0.7125318050384521,0.01201874390244484,0.5013179779052734,0.713019609451294,-0.010662311688065529,0.5655368566513062,0.8344974517822266,0.18788467347621918,0.49470052123069763,0.8321037888526917,0.16195270419120789,0.5580303072929382,0.8505299687385559,0.19677571952342987,0.4985489845275879,0.8464371562004089,0.17081424593925476,0.5784052014350891,0.8806046843528748,0.0589241161942482,0.49155083298683167,0.8766537308692932,0.02989526093006134
34,draw_tick,a07_s09_e01,0.5327230095863342,0.30946964025497437,-0.3307388424873352,0.5369831919670105,0.29505860805511475,-0.31536346673965454,0.5410686731338501,0.29409414529800415,-0.31537747383117676,0.5440641641616821,0.29349058866500854,-0.31537505984306335,0.5254486203193665,0.29759329557418823,-0.31635886430740356,0.5217665433883667,0.2984214425086975,-0.31636613607406616,0.5181862711906433,0.2988791763782501,-0.3163767457008362,0.5493932962417603,0.29590949416160583,-0.19764089584350586,0.515371561050415,0.30308106541633606,-0.20223960280418396,0.5415484309196472,0.3215427100658417,-0.28447312116622925,0.5274850130081177,0.32347390055656433,-0.2859014570713043,0.5822063088417053,0.3846951127052307,-0.09629093110561371,0.49285268783569336,0.3775860667228699,-0.12215986102819443,0.589475691318512,0.4831504225730896,-0.0316048189997673,0.4761919379234314,0.4795837998390198,-0.08128732442855835,0.6007975935935974,0.565508246421814,-0.12834936380386353,0.47517260909080505,0.567947506904602,-0.1703246533870697,0.6045084595680237,0.5944229364395142,-0.15540467202663422,0.47300297021865845,0.5946275591850281,-0.2020770013332367,0.6008006930351257,0.593419075012207,-0.1940072476863861,0.47897228598594666,0.5929982662200928,-0.23298707604408264,0.5973225831985474,0.5862337946891785,-0.14568564295768738,0.4817871153354645,0.585968554019928,-0.184285968542099,0.5594531893730164,0.5681378245353699,0.010626192204654217,0.5043774247169495,0.5695916414260864,-0.01067484449595213,0.5616306662559509,0.7127329111099243,0.017848985269665718,0.501264214515686,0.7132480144500732,-0.003923175390809774,0.5655859112739563,0.8344594836235046,0.19314070045948029,0.4947037100791931,0.8323132991790771,0.16820074617862701,0.5582183003425598,0.850482165813446,0.20261582732200623,0.4985700249671936,0.8466832637786865,0.1781071275472641,0.5784125328063965,0.8801167011260986,0.0660184919834137,0.49146562814712524,0.8768907189369202,0.03841947764158249
35,draw_tick,a07_s09_e01,0.5327259302139282,0.30917221307754517,-0.3424932062625885,0.5371173620223999,0.29481205344200134,-0.3273833692073822,0.5412747859954834,0.2938731610774994,-0.32739418745040894,0.5443325042724609,0.2932252585887909,-0.32739490270614624,0.5254769921302795,0.2974127233028412,-0.3284350335597992,0.5218170881271362,0.298138290643692,-0.3284499943256378,0.518210232257843,0.29870060086250305,-0.32846376299858093,0.5497246980667114,0.29589197039604187,-0.20921631157398224,0.5155052542686462,0.3030456602573395,-0.21424469351768494,0.5416319966316223,0.3215305507183075,-0.29598715901374817,0.5274798274040222,0.3234650194644928,-0.2975112199783325,0.5825165510177612,0.38466882705688477,-0.1054667979478836,0.4928188920021057,0.37806615233421326,-0.12959787249565125,0.5894678235054016,0.4831473231315613,-0.03621871769428253,0.47313904762268066,0.4796047806739807,-0.08848505467176437,0.6011821031570435,0.565477728843689,-0.12719012796878815,0.4706503748893738,0.5663083791732788,-0.17533712089061737,0.6047425270080566,0.5944271087646484,-0.15215826034545898,0.4673141837120056,0.5941796898841858,-0.20550456643104553,0.6009973287582397,0.5934152007102966,-0.1907987892627716,0.4714755117893219,0.5934719443321228,-0.23715510964393616,0.5975610017776489,0.5862337350845337,-0.14436332881450653,0.47444358468055725,0.5864152312278748,-0.18959365785121918,0.5596307516098022,0.5684734582901001,0.009937412105500698,0.5044928193092346,0.5702390670776367,-0.00998818688094616,0.5616389513015747,0.7129917144775391,0.018954630941152573,0.501255989074707,0.7137795090675354,-0.0026772525161504745,0.5657193660736084,0.8346801996231079,0.19188150763511658,0.49468666315078735,0.8332120180130005,0.16921529173851013,0.5586894750595093,0.8506271243095398,0.20080938935279846,0.4985717833042145,0.8477847576141357,0.17865025997161865,0.5784310698509216,0.8796998262405396,0.06370363384485245,0.49118366837501526,0.8771542310714722,0.03942794352769852
36,draw_tick,a07_s09_e01,0.5327244400978088,0.3078114688396454,-0.34186670184135437,0.5372061133384705,0.293195515871048,-0.32581162452697754,0.5414395332336426,0.29232338070869446,-0.325827956199646,0.5445776581764221,0.2917560935020447,-0.3258274793624878,0.5254884362220764,0.29617220163345337,-0.326905757188797,0.5218223333358765,0.29681751132011414,-0.32691726088523865,0.5182133316993713,0.29750004410743713,-0.32692721486091614,0.5500509738922119,0.2954406142234802,-0.20523175597190857,0.5155502557754517,0.3027205169200897,-0.21071377396583557,0.5416895747184753,0.32094046473503113,-0.2948072552680969,0.5274760127067566,0.3231554925441742,-0.2964356541633606,0.5827393531799316,0.3845978081226349,-0.10138829052448273,0.49281740188598633,0.37841686606407166,-0.1264583319425583,0.5894426107406616,0.48310041427612305,-0.03090023063123226,0.4691704213619232,0.47677746415138245,-0.0826067328453064,0.6014295816421509,0.5652637481689453,-0.12471729516983032,0.469083696603775,0.5618143677711487,-0.17252634465694427,0.6049308180809021,0.594338595867157,-0.1500629186630249,0.4652891755104065,0.5902835130691528,-0.2033422440290451,0.6011285185813904,0.593289315700531,-0.189021497964859,0.4693402349948883,0.5898780226707458,-0.23498709499835968,0.597743570804596,0.5861700773239136,-0.1420750766992569,0.47259488701820374,0.5826244354248047,-0.18693599104881287,0.5596511363983154,0.5686682462692261,0.009664231911301613,0.5044883489608765,0.5704546570777893,-0.009713990613818169,0.5616423487663269,0.7130505442619324,0.020424267277121544,0.5012556314468384,0.7140222787857056,-0.0007533804746344686,0.5657522678375244,0.8345922231674194,0.1933988332748413,0.4946790337562561,0.8333019018173218,0.17484219372272491,0.5588460564613342,0.850418746471405,0.20478291809558868,0.49857097864151,0.8477996587753296,0.18296346068382263,0.5784261226654053,0.8790717720985413,0.06683923304080963,0.49116164445877075,0.8772306442260742,0.0438399538397789
37,draw_tick,a07_s09_e01,0.5327823162078857,0.30564773082733154,-0.34451204538345337,0.5373936295509338,0.290804922580719,-0.32827028632164,0.5416426658630371,0.29013755917549133,-0.3282812237739563,0.5447742342948914,0.28979289531707764,-0.3282790780067444,0.5255283117294312,0.2936336100101471,-0.32900163531303406,0.5218303799629211,0.29457196593284607,-0.329018771648407,0.518218457698822,0.29537662863731384,-0.32902851700782776,0.5501887202262878,0.2943752706050873,-0.20777638256549835,0.5155940651893616,0.3017224967479706,-0.2118532657623291,0.5417913794517517,0.3196782171726227,-0.29764750599861145,0.5274940133094788,0.322386771440506,-0.2988812029361725,0.5830022096633911,0.3845408856868744,-0.10390603542327881,0.49280157685279846,0.37863123416900635,-0.1259252279996872,0.5894538164138794,0.4830422103404999,-0.032406412065029144,0.46305418014526367,0.4751925766468048,-0.08332429081201553,0.6016317009925842,0.5648393034934998,-0.12390370666980743,0.4680387079715729,0.5521658062934875,-0.17137427628040314,0.6050707101821899,0.5940390229225159,-0.1487579643726349,0.4668061137199402,0.5820996165275574,-0.20137493312358856,0.6012955904006958,0.5928933024406433,-0.187222421169281,0.4715936779975891,0.5806242823600769,-0.23167896270751953,0.5979905724525452,0.585959255695343,-0.14090847969055176,0.4740056097507477,0.5722820162773132,-0.18509723246097565,0.5596802234649658,0.5688358545303345,0.009738573804497719,0.5044883489608765,0.5705153346061707,-0.009795301593840122,0.5616533160209656,0.7131100296974182,0.02123536542057991,0.5012607574462891,0.7144421935081482,-0.0012758397497236729,0.5657674074172974,0.8345851302146912,0.19597235321998596,0.49467921257019043,0.8335978388786316,0.17507752776145935,0.5589281916618347,0.8504077792167664,0.2080644816160202,0.49858468770980835,0.8480874300003052,0.18442755937576294,0.5784386396408081,0.8787086009979248,0.06978906691074371,0.4910879135131836,0.8773238062858582,0.04490344971418381
38,draw_tick,a07_s09_e01,0.5327671766281128,0.3041391968727112,-0.3376014232635498,0.537399172782898,0.2892276644706726,-0.32017648220062256,0.5416547060012817,0.2886890769004822,-0.32018357515335083,0.5448225736618042,0.2884208559989929,-0.3201797604560852,0.5255352854728699,0.29177340865135193,-0.3258475661277771,0.5218105316162109,0.29285842180252075,-0.32589367032051086,0.5182152390480042,0.29377758502960205,-0.32590198516845703,0.5502601861953735,0.2932874858379364,-0.19480469822883606,0.5156180262565613,0.30072689056396484,-0.2095271348953247,0.5417924523353577,0.31838178634643555,-0.2869998514652252,0.5274912118911743,0.3215245306491852,-0.29222002625465393,0.5832201838493347,0.3844166100025177,-0.0920383483171463,0.4928058087825775,0.37856873869895935,-0.11196206510066986,0.5894877314567566,0.482789009809494,-0.025203973054885864,0.45716914534568787,0.473667711019516,-0.07082678377628326,0.6017205119132996,0.5637356638908386,-0.1173219233751297,0.4687747061252594,0.5432891845703125,-0.16131839156150818,0.6051608920097351,0.5934179425239563,-0.14356859028339386,0.4693892002105713,0.5720905065536499,-0.19214671850204468,0.6013612151145935,0.5921491980552673,-0.1806398332118988,0.47532376646995544,0.5676412582397461,-0.21975639462471008,0.5981390476226807,0.585412859916687,-0.13386394083499908,0.47694429755210876,0.5579965710639954,-0.17370553314685822,0.5596755146980286,0.5689471960067749,0.00927168782800436,0.5044626593589783,0.5704706311225891,-0.00932442955672741,0.5616491436958313,0.7131140232086182,0.01966109871864319,0.5012624263763428,0.7146660089492798,-0.0033603631891310215,0.5657760500907898,0.8345906138420105,0.19498907029628754,0.49467992782592773,0.8340192437171936,0.17296139895915985,0.5589815378189087,0.8504152297973633,0.205609992146492,0.49859458208084106,0.8485158085823059,0.18257907032966614,0.5784505605697632,0.8784292936325073,0.0695098489522934,0.49107179045677185,0.8773785829544067,0.044180646538734436
39,draw_tick,a07_s09_e01,0.5327519178390503,0.30285051465034485,-0.33093923330307007,0.5374075770378113,0.2880885899066925,-0.31391197443008423,0.5416563153266907,0.28765806555747986,-0.31392043828964233,0.5448456406593323,0.28745877742767334,-0.3139147162437439,0.5255348682403564,0.29004383087158203,-0.31790515780448914,0.521770179271698,0.2910783588886261,-0.3179389238357544,0.518206000328064,0.29206401109695435,-0.3179490864276886,0.5502684712409973,0.2924571931362152,-0.19024750590324402,0.5156211853027344,0.2994171977043152,-0.20551684498786926,0.5417889356613159,0.31750285625457764,-0.28186553716659546,0.5274597406387329,0.32076168060302734,-0.2855640947818756,0.5832816362380981,0.384376585483551,-0.08714055269956589,0.49238187074661255,0.3785075545310974,-0.1049552708864212,0.5896989107131958,0.4826368987560272,-0.02210770547389984,0.4503539204597473,0.4681348502635956,-0.0661315768957138,0.6018339395523071,0.5628350377082825,-0.11196104437112808,0.4693734049797058,0.5362870693206787,-0.1616618037223816,0.6052728295326233,0.5928614139556885,-0.136859729886055,0.4715994894504547,0.5637458562850952,-0.19294536113739014,0.6013779044151306,0.5914233326911926,-0.17362059652805328,0.4776667654514313,0.55833500623703,-0.21807332336902618,0.5981865525245667,0.584884762763977,-0.1282021701335907,0.47883176803588867,0.5495380163192749,-0.17284491658210754,0.5595832467079163,0.5691531300544739,0.008678190410137177,0.5043848752975464,0.5704163312911987,-0.008730212226510048,0.561629056930542,0.7131167054176331,0.016099300235509872,0.501261830329895,0.7148724794387817,-0.003872367786243558,0.5657835602760315,0.8345908522605896,0.19555193185806274,0.4946866035461426,0.8340488076210022,0.1777431070804596,0.5590682029724121,0.8504114747047424,0.20575372874736786,0.4986093044281006,0.8484925627708435,0.18813194334506989,0.5784192085266113,0.8782225847244263,0.06965099275112152,0.49107322096824646,0.8773857951164246,0.049208540469408035
40,draw_tick,a07_s09_e01,0.532710611820221,0.3017861545085907,-0.32069236040115356,0.5374042391777039,0.28725385665893555,-0.30248475074768066,0.5416485071182251,0.28690430521965027,-0.3024927079677582,0.544847309589386,0.28673607110977173,-0.3024722933769226,0.5255261659622192,0.2887134552001953,-0.30331605672836304,0.5217177867889404,0.28963860869407654,-0.3033241331577301,0.5181887745857239,0.29060766100883484,-0.3033236563205719,0.5502618551254272,0.2917189598083496,-0.17852959036827087,0.5156237483024597,0.29823461174964905,-0.18231987953186035,0.5417603254318237,0.3167067766189575,-0.2729860246181488,0.5274211764335632,0.31994572281837463,-0.27396807074546814,0.5833113789558411,0.3843483328819275,-0.0753762423992157,0.4919658303260803,0.3781970143318176,-0.0881819799542427,0.5899306535720825,0.48254701495170593,0.0029735295102000237,0.44567665457725525,0.45796138048171997,-0.04181654378771782,0.6020721197128296,0.5620627999305725,-0.08624197542667389,0.46971994638442993,0.5301908850669861,-0.13206343352794647,0.6054390072822571,0.5924042463302612,-0.11081073433160782,0.473111629486084,0.5632991790771484,-0.1611589789390564,0.601436972618103,0.590912401676178,-0.14839360117912292,0.479328453540802,0.5576810240745544,-0.18344326317310333,0.5983094573020935,0.5845610499382019,-0.10290165990591049,0.48009395599365234,0.547633707523346,-0.14176909625530243,0.559354841709137,0.5699952244758606,0.008572802878916264,0.5040919780731201,0.5704935193061829,-0.008626545779407024,0.5615732669830322,0.7131210565567017,0.011815642938017845,0.5012356042861938,0.7149112224578857,-0.0042986199259757996,0.565804660320282,0.8345847725868225,0.1968216747045517,0.49471378326416016,0.8341902494430542,0.17435111105442047,0.5590935945510864,0.8503962755203247,0.20727701485157013,0.49864834547042847,0.8485731482505798,0.184530571103096,0.5784165859222412,0.8780711889266968,0.07069500535726547,0.4910748600959778,0.877427339553833,0.04565521702170372
41,draw_tick,a07_s09_e01,0.532650351524353,0.3007223308086395,-0.3205333352088928,0.537380576133728,0.28665444254875183,-0.30246540904045105,0.5416147708892822,0.28636637330055237,-0.30247265100479126,0.5448439121246338,0.2862246334552765,-0.302452027797699,0.5255026817321777,0.28776079416275024,-0.3031875193119049,0.5216491222381592,0.2885551154613495,-0.30319851636886597,0.5181687474250793,0.28948408365249634,-0.3031965494155884,0.5502015352249146,0.291280597448349,-0.17859473824501038,0.5156140923500061,0.29744479060173035,-0.18205927312374115,0.5417002439498901,0.31594762206077576,-0.2729288935661316,0.5273185968399048,0.31904304027557373,-0.2739107012748718,0.5833136439323425,0.3843173682689667,-0.07615868747234344,0.4910006523132324,0.37738192081451416,-0.08969990909099579,0.5902045965194702,0.48252925276756287,0.00025309258489869535,0.4398735463619232,0.443136602640152,-0.05385063216090202,0.6026138663291931,0.5596287846565247,-0.08808670938014984,0.4671725630760193,0.5061762928962708,-0.15275919437408447,0.6057518720626831,0.5906620025634766,-0.1119428500533104,0.4719013571739197,0.5282443761825562,-0.18154376745224,0.6016684174537659,0.589068591594696,-0.14887259900569916,0.47777271270751953,0.5220077633857727,-0.1999090611934662,0.5986894369125366,0.5827198028564453,-0.10428555309772491,0.477733850479126,0.5148828625679016,-0.16104216873645782,0.5590256452560425,0.5700075030326843,0.008386502042412758,0.5035405158996582,0.5704558491706848,-0.00845229160040617,0.5615439414978027,0.7129438519477844,0.01581103727221489,0.5012189149856567,0.7145967483520508,-0.005068304017186165,0.5658352375030518,0.8345918655395508,0.1981024295091629,0.49474185705184937,0.8342500329017639,0.16922727227210999,0.5591853857040405,0.8504388928413391,0.20786580443382263,0.4986952841281891,0.848751962184906,0.17877545952796936,0.5785793662071228,0.8779839873313904,0.07322312891483307,0.49108418822288513,0.8775595426559448,0.039924588054418564
42,draw_tick,a07_s09_e01,0.5324646234512329,0.2995697557926178,-0.29768139123916626,0.5372841358184814,0.2861288785934448,-0.27971428632736206,0.5415068864822388,0.2859249413013458,-0.2797001004219055,0.5448093414306641,0.2858353555202484,-0.27966785430908203,0.5253762006759644,0.286905437707901,-0.2804117500782013,0.5214625597000122,0.28749045729637146,-0.2804531753063202,0.5180986523628235,0.28826579451560974,-0.28047022223472595,0.549997091293335,0.2910528779029846,-0.15630362927913666,0.5155297517776489,0.29645779728889465,-0.16254696249961853,0.5415117740631104,0.3153737187385559,-0.25036588311195374,0.5269089341163635,0.3180576264858246,-0.25238507986068726,0.5831884741783142,0.3842675983905792,-0.05904381722211838,0.4890521168708801,0.3758067488670349,-0.08410834521055222,0.5904785990715027,0.48228296637535095,0.004040402360260487,0.43139776587486267,0.4244850277900696,-0.12140680849552155,0.6043483018875122,0.559330940246582,-0.08549521863460541,0.45454245805740356,0.46551603078842163,-0.3076872229576111,0.6067238450050354,0.5903469920158386,-0.10890857875347137,0.46310552954673767,0.48752790689468384,-0.3487013280391693,0.6025344729423523,0.5885433554649353,-0.14397427439689636,0.46969524025917053,0.48236578702926636,-0.35996586084365845,0.5999670028686523,0.5820078253746033,-0.10060043632984161,0.4695053994655609,0.4753740429878235,-0.31562215089797974,0.5589959621429443,0.5696961283683777,0.009022022597491741,0.5033565759658813,0.5703772306442261,-0.00910167582333088,0.5614681243896484,0.7125251889228821,0.02143552526831627,0.5012162327766418,0.7145935297012329,-0.005549104418605566,0.5658490657806396,0.8343719244003296,0.21464331448078156,0.49482664465904236,0.8342454433441162,0.17063215374946594,0.5592676997184753,0.8502157926559448,0.22558316588401794,0.49874573945999146,0.8487789034843445,0.18057562410831451,0.5783728361129761,0.8779440522193909,0.09029286354780197,0.4913354814052582,0.8775798678398132,0.041037749499082565
43,draw_tick,a07_s09_e01,0.5321587324142456,0.2993733286857605,-0.26939043402671814,0.5370453596115112,0.2860223352909088,-0.2509247958660126,0.5412370562553406,0.28585320711135864,-0.2508995234966278,0.5446765422821045,0.2857872247695923,-0.25086766481399536,0.5251485705375671,0.28673166036605835,-0.2509618401527405,0.5212517976760864,0.28725194931030273,-0.2510044276714325,0.5180147886276245,0.2879830598831177,-0.2510046362876892,0.5496861338615417,0.2910787761211395,-0.12598787248134613,0.5154779553413391,0.296107679605484,-0.13039615750312805,0.5412043333053589,0.315277099609375,-0.22194382548332214,0.5264714360237122,0.31775280833244324,-0.2235414683818817,0.5828115344047546,0.3842066824436188,-0.037033237516880035,0.4887069761753082,0.3727462589740753,-0.06277304887771606,0.590903103351593,0.4815705120563507,0.004605226218700409,0.42564910650253296,0.400352418422699,-0.17543351650238037,0.6076298952102661,0.5594220757484436,-0.08626160025596619,0.44153332710266113,0.4259835481643677,-0.43297749757766724,0.6095539331436157,0.590374231338501,-0.1102837547659874,0.44782719016075134,0.4455164074897766,-0.48499003052711487,0.6053895950317383,0.5885891318321228,-0.1452457755804062,0.4584859013557434,0.4424712061882019,-0.48954257369041443,0.6032043695449829,0.5820502638816833,-0.10123930126428604,0.4585914611816406,0.4373971223831177,-0.4408932328224182,0.5593465566635132,0.5684575438499451,0.009202075190842152,0.5035221576690674,0.570022463798523,-0.009282169863581657,0.5614894032478333,0.712408721446991,0.02015732042491436,0.5012170672416687,0.7143658995628357,-0.005868767853826284,0.5658502578735352,0.8343629837036133,0.22231189906597137,0.49491390585899353,0.8336756229400635,0.17909005284309387,0.5592743158340454,0.8502158522605896,0.23451200127601624,0.49887770414352417,0.8484779000282288,0.19035279750823975,0.5782111287117004,0.8779429793357849,0.098322294652462,0.4913485646247864,0.8772915005683899,0.05037527531385422
44,draw_tick,a07_s09_e01,0.5316034555435181,0.29927030205726624,-0.26186370849609375,0.5365277528762817,0.2859874665737152,-0.24283163249492645,0.5407137274742126,0.2858476936817169,-0.24281027913093567,0.5443238615989685,0.2858119010925293,-0.24277694523334503,0.5247350931167603,0.28674814105033875,-0.24502356350421906,0.5208879113197327,0.28723448514938354,-0.24507109820842743,0.5178422331809998,0.2879484295845032,-0.24507033824920654,0.5491048097610474,0.2911505401134491,-0.1120801568031311,0.5150744318962097,0.2961280941963196,-0.12663108110427856,0.5406371355056763,0.3151928186416626,-0.21188445389270782,0.5257717967033386,0.31744468212127686,-0.21647033095359802,0.5818319916725159,0.3837195634841919,-0.019662924110889435,0.48815274238586426,0.36980658769607544,-0.06904514878988266,0.5910785794258118,0.47927263379096985,0.022962763905525208,0.4272114634513855,0.3822344243526459,-0.23316410183906555,0.6098942160606384,0.5595108270645142,-0.06114533543586731,0.4308054447174072,0.39140644669532776,-0.5373172163963318,0.6131483912467957,0.5901807546615601,-0.07897231727838516,0.43228879570961,0.40573081374168396,-0.596282422542572,0.6091508865356445,0.5885547399520874,-0.1162254810333252,0.4426589906215668,0.404172420501709,-0.6005454063415527,0.6066126823425293,0.5820072293281555,-0.07628566771745682,0.4447295665740967,0.4019431173801422,-0.5473740100860596,0.560135006904602,0.5674427151679993,0.012157751247286797,0.5039256811141968,0.5695752501487732,-0.01227085292339325,0.5614603161811829,0.7123494744300842,0.03140877187252045,0.5012325048446655,0.714013934135437,-0.00399421202018857,0.5658513307571411,0.8343411684036255,0.2548190951347351,0.4949185848236084,0.832838237285614,0.20049384236335754,0.5592743158340454,0.8501309156417847,0.2688464820384979,0.49891775846481323,0.8477119207382202,0.21331842243671417,0.5778821110725403,0.8783934116363525,0.12874296307563782,0.4913965165615082,0.877032458782196,0.06855995953083038
45,draw_tick,a07_s09_e01,0.5308349132537842,0.29917484521865845,-0.2566431164741516,0.5358296632766724,0.2858158051967621,-0.23774829506874084,0.539928674697876,0.2857266068458557,-0.2377321422100067,0.5436461567878723,0.2857667803764343,-0.23771925270557404,0.5242026448249817,0.2864515483379364,-0.24152500927448273,0.5203618407249451,0.2868128716945648,-0.24156884849071503,0.517438530921936,0.28740498423576355,-0.24155807495117188,0.548057496547699,0.2911704480648041,-0.10669513046741486,0.5144939422607422,0.29522138833999634,-0.12834517657756805,0.5392571091651917,0.31508854031562805,-0.20615065097808838,0.5245816707611084,0.3169887363910675,-0.21292153000831604,0.5807532668113708,0.3832474946975708,-0.015215635299682617,0.4869315028190613,0.36631444096565247,-0.0763884112238884,0.5917947292327881,0.4772733747959137,0.030264491215348244,0.42942580580711365,0.36106210947036743,-0.2730634808540344,0.6122289896011353,0.5590447187423706,-0.03789851814508438,0.4218531548976898,0.35314974188804626,-0.6012996435165405,0.6169581413269043,0.5892207622528076,-0.051041267812252045,0.4165949821472168,0.35198286175727844,-0.6634629964828491,0.6135864853858948,0.5878981351852417,-0.08813785016536713,0.42325735092163086,0.3501853048801422,-0.6718853116035461,0.6109513640403748,0.5812793970108032,-0.05250930041074753,0.42679181694984436,0.35311195254325867,-0.6148090362548828,0.5608327388763428,0.5660635828971863,0.017423367127776146,0.5041778087615967,0.5688873529434204,-0.017605792731046677,0.5614575147628784,0.712080180644989,0.04031560942530632,0.5014296174049377,0.7130165100097656,-0.00407228572294116,0.565847635269165,0.8342512249946594,0.2561343014240265,0.49464812874794006,0.8324946165084839,0.19975726306438446,0.5592588186264038,0.8499940633773804,0.2694442868232727,0.4985073208808899,0.847260057926178,0.21235008537769318,0.5774140954017639,0.8787997364997864,0.1307765543460846,0.4913966655731201,0.8762721419334412,0.06857599318027496
46,draw_tick,a07_s09_e01,0.5281243324279785,0.2992682158946991,-0.26481765508651733,0.5332859754562378,0.2858735918998718,-0.2453846037387848,0.5373794436454773,0.28577449917793274,-0.2453562468290329,0.5412924885749817,0.2858009338378906,-0.24534519016742706,0.5221480131149292,0.28656214475631714,-0.2483517825603485,0.5186542868614197,0.2869272530078888,-0.24840538203716278,0.5160509347915649,0.2874952256679535,-0.24840214848518372,0.5462843179702759,0.2912205159664154,-0.11314995586872101,0.5132097005844116,0.2948223650455475,-0.13130980730056763,0.5362485647201538,0.3151196241378784,-0.21414963901042938,0.5217259526252747,0.3168123960494995,-0.2198692113161087,0.5798277258872986,0.38287100195884705,-0.014869572594761848,0.4865477979183197,0.36350134015083313,-0.07943136245012283,0.5925416946411133,0.4761512577533722,0.04759965091943741,0.43204379081726074,0.35410165786743164,-0.28687188029289246,0.6148024797439575,0.5586090087890625,0.006570355501025915,0.41565102338790894,0.33324840664863586,-0.622131884098053,0.6207401752471924,0.5882192850112915,0.00029118923703208566,0.40588244795799255,0.3133196234703064,-0.6851397752761841,0.617628812789917,0.5872446894645691,-0.03607878461480141,0.4110408425331116,0.30974081158638,-0.695374071598053,0.6149144768714905,0.5806955695152283,-0.007075107656419277,0.4160032272338867,0.3180237114429474,-0.6371176838874817,0.5611140727996826,0.5657066106796265,0.02262791432440281,0.5043063163757324,0.5683549046516418,-0.022922271862626076,0.5615023970603943,0.7121261358261108,0.043879397213459015,0.5016168355941772,0.7127317190170288,-0.006471678614616394,0.5658588409423828,0.8342671990394592,0.25776252150535583,0.49435216188430786,0.8315858244895935,0.2021835297346115,0.5592172741889954,0.8499933481216431,0.2713168263435364,0.49789389967918396,0.8461482524871826,0.21568259596824646,0.5775052905082703,0.879745364189148,0.1365593820810318,0.4914464056491852,0.8760330677032471,0.07536819577217102
47,draw_tick,a07_s09_e01,0.5272564888000488,0.29953375458717346,-0.25671717524528503,0.5323242545127869,0.28620779514312744,-0.2376617193222046,0.5364091396331787,0.2860574722290039,-0.23765480518341064,0.5403038263320923,0.28602156043052673,-0.23765702545642853,0.52138352394104,0.28683900833129883,-0.23795998096466064,0.5179271697998047,0.2871449589729309,-0.23799912631511688,0.5152817964553833,0.28768232464790344,-0.23796510696411133,0.5452960729598999,0.2913368344306946,-0.11222966760396957,0.512444019317627,0.2948846220970154,-0.11763057857751846,0.5351620316505432,0.31523504853248596,-0.20918528735637665,0.5208207964897156,0.3168230652809143,-0.21124115586280823,0.5795342326164246,0.3827529549598694,-0.025299888104200363,0.48615700006484985,0.3631674647331238,-0.0489514097571373,0.5934289693832397,0.47620153427124023,0.03389780968427658,0.42893606424331665,0.34114551544189453,-0.21889138221740723,0.6166983842849731,0.5583108067512512,-0.01809253916144371,0.4044357240200043,0.2847095727920532,-0.4830848276615143,0.6233046054840088,0.5868921279907227,-0.030960002914071083,0.39503803849220276,0.2626357674598694,-0.5245561003684998,0.6203113794326782,0.5859234929084778,-0.06830231845378876,0.3993171453475952,0.25982367992401123,-0.5411098599433899,0.6173679232597351,0.5793417096138,-0.033180467784404755,0.4034593999385834,0.2683934271335602,-0.4852443337440491,0.5613113641738892,0.5655811429023743,0.018665442243218422,0.5043533444404602,0.5680252313613892,-0.01896977610886097,0.5615605711936951,0.7121918201446533,0.03862554579973221,0.5016604661941528,0.7124609351158142,-0.004184408579021692,0.5658262968063354,0.8347563147544861,0.24209165573120117,0.49402910470962524,0.8314936757087708,0.19899949431419373,0.5588923096656799,0.8505685329437256,0.25225427746772766,0.49693816900253296,0.8461583256721497,0.21287068724632263,0.5777071714401245,0.880517303943634,0.11091582477092743,0.4914572238922119,0.875721275806427,0.07494991272687912
48,draw_tick,a07_s09_e01,0.527014434337616,0.2995833158493042,-0.25530433654785156,0.5318801999092102,0.2862852215766907,-0.23580661416053772,0.5358598232269287,0.2861190736293793,-0.23580574989318848,0.5397000312805176,0.2860507369041443,-0.23582787811756134,0.5210499167442322,0.2868846356868744,-0.23483602702617645,0.5175243020057678,0.28716474771499634,-0.23487165570259094,0.5146816968917847,0.28771838545799255,-0.23482167720794678,0.5445024371147156,0.2913627326488495,-0.11404218524694443,0.5116647481918335,0.29491788148880005,-0.11250361055135727,0.5349169969558716,0.3152385652065277,-0.2095772922039032,0.520649254322052,0.3167611360549927,-0.2096596658229828,0.5792253613471985,0.382695734500885,-0.028906214982271194,0.4856773912906647,0.3620529770851135,-0.04152444005012512,0.5944364070892334,0.4763333201408386,0.018750909715890884,0.42612773180007935,0.3265155255794525,-0.15171435475349426,0.6171227097511292,0.5583491921424866,-0.035947758704423904,0.3981882929801941,0.2516271770000458,-0.3450925946235657,0.6238700747489929,0.5868536829948425,-0.05198824405670166,0.390124648809433,0.22603151202201843,-0.39309659600257874,0.6207050085067749,0.5859287977218628,-0.08850054442882538,0.3940536379814148,0.22335852682590485,-0.40270695090293884,0.6178275346755981,0.5793893337249756,-0.0510869100689888,0.3972998261451721,0.23073291778564453,-0.35846492648124695,0.5613122582435608,0.5651757717132568,0.01135127805173397,0.5043338537216187,0.5675351023674011,-0.011562046594917774,0.5617119669914246,0.7122297883033752,0.028731053695082664,0.5016499757766724,0.7124080657958984,-0.001689906814135611,0.5658395886421204,0.8347824215888977,0.22892317175865173,0.493943452835083,0.8314854502677917,0.1965806633234024,0.5588970184326172,0.8506021499633789,0.24037745594978333,0.4967946410179138,0.8461240530014038,0.2093348503112793,0.5777098536491394,0.8809322714805603,0.09636439383029938,0.491405189037323,0.8757225275039673,0.07046319544315338
49,draw_tick,a07_s09_e01,0.5267914533615112,0.2996395230293274,-0.27224594354629517,0.5316808223724365,0.2864089608192444,-0.25153258442878723,0.5356029272079468,0.286262184381485,-0.25156527757644653,0.5393639802932739,0.2861752510070801,-0.25163474678993225,0.5206786394119263,0.2870860993862152,-0.24719540774822235,0.5170047879219055,0.2874407470226288,-0.24724707007408142,0.5139328837394714,0.28799402713775635,-0.2471245974302292,0.5439135432243347,0.2914777100086212,-0.13288994133472443,0.5109742879867554,0.29502302408218384,-0.11867965757846832,0.5347991585731506,0.3152177035808563,-0.22823937237262726,0.5203659534454346,0.31661680340766907,-0.22474685311317444,0.5792385935783386,0.38266822695732117,-0.05769684165716171,0.4854205250740051,0.3614307641983032,-0.05554578825831413,0.5949583053588867,0.4762619733810425,-0.011416641063988209,0.42679667472839355,0.32021352648735046,-0.12667109072208405,0.6176471710205078,0.5583646297454834,-0.06883570551872253,0.3951980471611023,0.23561961948871613,-0.27230414748191833,0.6246857643127441,0.5867984294891357,-0.0870240330696106,0.38730496168136597,0.2092115879058838,-0.31596893072128296,0.621769905090332,0.5859043002128601,-0.1238890066742897,0.39009982347488403,0.20518772304058075,-0.3290286660194397,0.6189345717430115,0.5794471502304077,-0.08512698858976364,0.3929160535335541,0.21265295147895813,-0.28686684370040894,0.5612645745277405,0.5648464560508728,0.008640168234705925,0.5041506886482239,0.5668150782585144,-0.008792922832071781,0.5617164373397827,0.7122058272361755,0.021899592131376266,0.5015968084335327,0.7120449542999268,-0.0016769345384091139,0.5658730268478394,0.8341547250747681,0.22882811725139618,0.4935268759727478,0.8294469118118286,0.20334160327911377,0.5592131614685059,0.8503252863883972,0.24063220620155334,0.49589458107948303,0.8415383100509644,0.21640074253082275,0.5775963664054871,0.8804557919502258,0.09698472917079926,0.4914064407348633,0.8757132291793823,0.07387558370828629
50,draw_tick,a07_s09_e01,0.5269225239753723,0.2996898889541626,-0.28709039092063904,0.5318020582199097,0.2864436209201813,-0.2652713358402252,0.5357028245925903,0.2862938642501831,-0.26528769731521606,0.5393676161766052,0.2862032651901245,-0.26534292101860046,0.5206990242004395,0.2872679829597473,-0.26333558559417725,0.5169456601142883,0.28763797879219055,-0.263380229473114,0.5137702226638794,0.2881772220134735,-0.2632649540901184,0.5436970591545105,0.2914891242980957,-0.14044860005378723,0.5105007886886597,0.2951755225658417,-0.1319679170846939,0.5349946022033691,0.3149968683719635,-0.2405349463224411,0.5205174684524536,0.3165208399295807,-0.23961234092712402,0.5792704820632935,0.3826565146446228,-0.06009696051478386,0.48549216985702515,0.3610492944717407,-0.055924586951732635,0.5953066945075989,0.47622421383857727,-0.008755210787057877,0.42837557196617126,0.31871187686920166,-0.13989678025245667,0.6176577806472778,0.5584697723388672,-0.0698406919836998,0.39671579003334045,0.23448710143566132,-0.30097150802612305,0.6245545744895935,0.5868932008743286,-0.0872977003455162,0.3868032395839691,0.21079455316066742,-0.3458974361419678,0.621650218963623,0.5860536694526672,-0.12470485270023346,0.3891090452671051,0.2075905203819275,-0.3588915467262268,0.6187312006950378,0.5796305537223816,-0.08627177774906158,0.39259132742881775,0.21305979788303375,-0.3155384957790375,0.5612556338310242,0.5645371079444885,0.008998776786029339,0.5041340589523315,0.5662885904312134,-0.009146113879978657,0.5617805123329163,0.711510956287384,0.022004669532179832,0.5015369653701782,0.711613118648529,-0.001633786945603788,0.5660156607627869,0.8339831829071045,0.226396843791008,0.49343881011009216,0.828382670879364,0.20331785082817078,0.5595006346702576,0.8504012227058411,0.2384871244430542,0.4955996870994568,0.8400371074676514,0.21600201725959778,0.5779139995574951,0.8799770474433899,0.0947592556476593,0.49141010642051697,0.8750349283218384,0.0728529766201973
51,draw_tick,a07_s09_e01,0.5270105600357056,0.29975050687789917,-0.27159616351127625,0.5318987369537354,0.28647997975349426,-0.2501446604728699,0.5358007550239563,0.28632017970085144,-0.2501712441444397,0.5394031405448914,0.28622347116470337,-0.25021249055862427,0.5207240581512451,0.2876073122024536,-0.24923324584960938,0.5169028043746948,0.2878932058811188,-0.24926409125328064,0.5136635899543762,0.2883985936641693,-0.24918480217456818,0.5436893701553345,0.2915089726448059,-0.12720897793769836,0.5102978944778442,0.29538479447364807,-0.12494196742773056,0.5351016521453857,0.3149639070034027,-0.2259659320116043,0.5206407904624939,0.31653037667274475,-0.22570808231830597,0.5793396234512329,0.3826495110988617,-0.05604292079806328,0.4855797290802002,0.36106014251708984,-0.05425070598721504,0.5953920483589172,0.47629910707473755,-0.004626607522368431,0.4293208122253418,0.31964239478111267,-0.1339951455593109,0.6171085238456726,0.5585362315177917,-0.06878916919231415,0.39515024423599243,0.2376512885093689,-0.30725494027137756,0.623672604560852,0.5870437026023865,-0.08654355257749557,0.3838227391242981,0.21834780275821686,-0.35364940762519836,0.6205862760543823,0.5862157940864563,-0.12380727380514145,0.3858480453491211,0.21531562507152557,-0.36867931485176086,0.6176772713661194,0.5797560811042786,-0.08509983867406845,0.39013445377349854,0.22065019607543945,-0.323053777217865,0.561257004737854,0.5645776391029358,0.008539153262972832,0.5041171908378601,0.566303551197052,-0.00867300946265459,0.5618448853492737,0.7113128900527954,0.02113523706793785,0.501418948173523,0.7116108536720276,-0.000198947120225057,0.5661854147911072,0.833928644657135,0.22564196586608887,0.4934343695640564,0.828230619430542,0.20568867027759552,0.5597698092460632,0.8503991365432739,0.23799772560596466,0.495623916387558,0.8399075269699097,0.21824951469898224,0.5780819654464722,0.880224883556366,0.09437088668346405,0.4914324879646301,0.8750420212745667,0.07405143231153488
52,draw_tick,a07_s09_e01,0.5270782709121704,0.30030444264411926,-0.25870242714881897,0.5319696664810181,0.28681421279907227,-0.23825117945671082,0.5358757376670837,0.28644734621047974,-0.23827750980854034,0.5394343137741089,0.28628936409950256,-0.2383081018924713,0.5207712054252625,0.28822317719459534,-0.2375020682811737,0.5169417262077332,0.28841888904571533,-0.23752939701080322,0.5136765837669373,0.2888736426830292,-0.2374664843082428,0.5436936020851135,0.29152143001556396,-0.11828531324863434,0.5102561116218567,0.2956986725330353,-0.11731557548046112,0.5352011322975159,0.31503066420555115,-0.2140640914440155,0.520718514919281,0.31663522124290466,-0.21405935287475586,0.5794216394424438,0.38267266750335693,-0.05147811025381088,0.4856557846069336,0.3609621226787567,-0.04948192089796066,0.5955675840377808,0.47655633091926575,-0.004579862114042044,0.4293994903564453,0.3220570683479309,-0.1300889253616333,0.6170260310173035,0.5599437355995178,-0.07235261052846909,0.39257046580314636,0.24146755039691925,-0.30941593647003174,0.6235841512680054,0.5893361568450928,-0.09133220463991165,0.38003045320510864,0.2244950830936432,-0.35662275552749634,0.6198040246963501,0.5885692238807678,-0.12826305627822876,0.382583886384964,0.22002868354320526,-0.37247586250305176,0.616392195224762,0.581469714641571,-0.08860968053340912,0.3875027298927307,0.22485306859016418,-0.32574281096458435,0.5612542033195496,0.5648564100265503,0.00798276998102665,0.5040581226348877,0.566312849521637,-0.00810751412063837,0.5618599653244019,0.7112906575202942,0.021245621144771576,0.5012285709381104,0.7115876078605652,0.0006234389147721231,0.5663386583328247,0.8339152932167053,0.22587180137634277,0.493431955575943,0.8282727003097534,0.20454451441764832,0.5599755048751831,0.8504005670547485,0.238368421792984,0.49565261602401733,0.8400663733482361,0.21690216660499573,0.5782902240753174,0.8805791139602661,0.09458361566066742,0.49145498871803284,0.8750852942466736,0.07304288446903229
53,draw_tick,a07_s09_e01,0.5271989107131958,0.3007420003414154,-0.2622235119342804,0.532065212726593,0.2870967984199524,-0.24275442957878113,0.5359213948249817,0.28660720586776733,-0.24275974929332733,0.5394726991653442,0.28640079498291016,-0.2427692413330078,0.5209026336669922,0.2886906564235687,-0.24259015917778015,0.517041802406311,0.28884372115135193,-0.24262435734272003,0.5136902332305908,0.2892649471759796,-0.24258986115455627,0.5437530279159546,0.29155808687210083,-0.11943749338388443,0.5102764964103699,0.29600438475608826,-0.12125220149755478,0.5354381799697876,0.31511905789375305,-0.21549558639526367,0.5209578275680542,0.31675589084625244,-0.21643206477165222,0.5797080397605896,0.38277751207351685,-0.056677334010601044,0.48567843437194824,0.3610077500343323,-0.05440068244934082,0.595848560333252,0.477926641702652,-0.02025170810520649,0.42780208587646484,0.3238380551338196,-0.13249701261520386,0.6162118911743164,0.5616533160209656,-0.09544840455055237,0.3897479176521301,0.243979349732399,-0.3033265471458435,0.6216517686843872,0.5913816690444946,-0.11660872399806976,0.37644776701927185,0.22868849337100983,-0.34899887442588806,0.6172590255737305,0.5902916789054871,-0.15331566333770752,0.37869346141815186,0.2240857183933258,-0.36643463373184204,0.6136283278465271,0.5828709006309509,-0.11182395368814468,0.38372868299484253,0.22856931388378143,-0.3198944628238678,0.5612756013870239,0.5651770830154419,0.007831290364265442,0.504045844078064,0.5663498044013977,-0.007945982739329338,0.5619019269943237,0.7112775444984436,0.021847834810614586,0.5011746883392334,0.7115596532821655,0.0018818627577275038,0.5664404630661011,0.8339284062385559,0.22543910145759583,0.49343132972717285,0.8282632827758789,0.2039061337709427,0.5600563883781433,0.8505766987800598,0.23792855441570282,0.4956674575805664,0.8400368094444275,0.21613705158233643,0.5786960124969482,0.8808618187904358,0.09496157616376877,0.4915306568145752,0.8750978708267212,0.0733003169298172
54,draw_tick,a07_s09_e01,0.5273299217224121,0.3012736141681671,-0.2652609944343567,0.5321908593177795,0.2875129282474518,-0.24594900012016296,0.5360164046287537,0.28692570328712463,-0.24595233798027039,0.5394854545593262,0.2866618037223816,-0.24596121907234192,0.5210444331169128,0.28912678360939026,-0.24586430191993713,0.5171993970870972,0.2892381548881531,-0.24589987099170685,0.513731837272644,0.28965651988983154,-0.24586959183216095,0.5437713861465454,0.29165729880332947,-0.12218648195266724,0.5102978944778442,0.2963283658027649,-0.1236954927444458,0.5355757474899292,0.3153136968612671,-0.21814119815826416,0.5211571455001831,0.3169591724872589,-0.2190086841583252,0.5798292756080627,0.3828359842300415,-0.056643180549144745,0.4857334494590759,0.3611021041870117,-0.05703653767704964,0.5959390997886658,0.47869959473609924,-0.017369138076901436,0.42649054527282715,0.3264572024345398,-0.13587453961372375,0.6143284440040588,0.5640047788619995,-0.08949380367994308,0.3886308968067169,0.247858464717865,-0.31275004148483276,0.6182960271835327,0.5938970446586609,-0.1095626950263977,0.37418562173843384,0.23270292580127716,-0.35884416103363037,0.6134997606277466,0.59296053647995,-0.14617985486984253,0.37639883160591125,0.2279215008020401,-0.37515708804130554,0.6099288463592529,0.5851366519927979,-0.10559988021850586,0.3817085325717926,0.23227563500404358,-0.3288123607635498,0.5612713098526001,0.5655730366706848,0.007731837686151266,0.5039734244346619,0.5664483308792114,-0.00784207321703434,0.5619586110115051,0.7112790942192078,0.022365108132362366,0.5011273622512817,0.7115609049797058,0.002482218202203512,0.5664526224136353,0.8339248895645142,0.22545364499092102,0.49343031644821167,0.8282657265663147,0.2042512148618698,0.5600613355636597,0.8505812883377075,0.23793375492095947,0.49567222595214844,0.8399372696876526,0.21653899550437927,0.5788270831108093,0.8810063600540161,0.09623364359140396,0.4915906488895416,0.8752820491790771,0.07437054812908173
55,draw_tick,a07_s09_e01,0.5274314284324646,0.3021049201488495,-0.26806753873825073,0.5323077440261841,0.2882656753063202,-0.248186856508255,0.5361431837081909,0.28760436177253723,-0.24819819629192352,0.5395306348800659,0.2872668504714966,-0.24822068214416504,0.5211737751960754,0.2896905541419983,-0.2484826296567917,0.5173578858375549,0.28975021839141846,-0.24851374328136444,0.5137917399406433,0.2901710867881775,-0.24845412373542786,0.5438214540481567,0.2919609844684601,-0.12414845079183578,0.5103216171264648,0.2966695725917816,-0.12806998193264008,0.5356305837631226,0.3157787621021271,-0.22104129195213318,0.5212619304656982,0.3172721564769745,-0.22253406047821045,0.579903244972229,0.3828381896018982,-0.057468630373477936,0.4857686161994934,0.3612218499183655,-0.05779271200299263,0.5959243178367615,0.4789479374885559,-0.017969613894820213,0.4253321588039398,0.32856228947639465,-0.13700082898139954,0.6126291751861572,0.5644106268882751,-0.08995556086301804,0.3885142207145691,0.2505609095096588,-0.31848645210266113,0.6159888505935669,0.5943096280097961,-0.11006345599889755,0.3737434446811676,0.2348014861345291,-0.36465221643447876,0.6110234260559082,0.5934617519378662,-0.14638276398181915,0.37628597021102905,0.22997283935546875,-0.3798394799232483,0.6075005531311035,0.5856855511665344,-0.10586774349212646,0.38172754645347595,0.23458842933177948,-0.33332791924476624,0.5612899661064148,0.565850019454956,0.007722796406596899,0.5039555430412292,0.566638171672821,-0.00783128198236227,0.562036395072937,0.7112813591957092,0.023081060498952866,0.501097559928894,0.7115589380264282,0.0034778229892253876,0.5665189027786255,0.8339249491691589,0.22546854615211487,0.4934285283088684,0.8282772302627563,0.20529095828533173,0.5601067543029785,0.8506221771240234,0.23796942830085754,0.49567046761512756,0.8399202823638916,0.21764831244945526,0.578988790512085,0.8810914754867554,0.09718744456768036,0.49161234498023987,0.8753173351287842,0.07604850083589554
56,draw_tick,a07_s09_e01,0.527492344379425,0.30267682671546936,-0.26813170313835144,0.5323951244354248,0.2887982130050659,-0.24818721413612366,0.536260187625885,0.2881169617176056,-0.24820049107074738,0.5395832657814026,0.28775694966316223,-0.24822263419628143,0.5212372541427612,0.29008808732032776,-0.24860715866088867,0.5174358487129211,0.2901199162006378,-0.24863699078559875,0.5138083696365356,0.2905500531196594,-0.24857476353645325,0.5438975095748901,0.2922820746898651,-0.12485994398593903,0.510337233543396,0.2969904839992523,-0.12928898632526398,0.5356479287147522,0.31614813208580017,-0.22158944606781006,0.5212995409965515,0.3175562918186188,-0.22325626015663147,0.5799893140792847,0.38287270069122314,-0.05668776482343674,0.48571985960006714,0.3612551689147949,-0.058928556740283966,0.5959073901176453,0.47933825850486755,-0.018840065225958824,0.42457547783851624,0.33037692308425903,-0.15096604824066162,0.6113573312759399,0.5649778842926025,-0.09240757673978806,0.3888871371746063,0.2529045045375824,-0.3482660949230194,0.6144173741340637,0.5946559906005859,-0.11261586099863052,0.37448644638061523,0.2368277907371521,-0.39715051651000977,0.6095189452171326,0.593944787979126,-0.14846625924110413,0.37704309821128845,0.23177510499954224,-0.4106137156486511,0.6060746312141418,0.5861776471138,-0.10810587555170059,0.3824549615383148,0.23653309047222137,-0.3636396527290344,0.5612894296646118,0.5663050413131714,0.007765000220388174,0.5039278864860535,0.5670632719993591,-0.00787392072379589,0.5621272921562195,0.7112847566604614,0.026457637548446655,0.5010277628898621,0.7116514444351196,0.003945612348616123,0.5665770173072815,0.8339422345161438,0.22665686905384064,0.4934369623661041,0.8282877802848816,0.2053488790988922,0.56015545129776,0.8506806492805481,0.239137202501297,0.4956790506839752,0.839984118938446,0.2176923304796219,0.5791125297546387,0.8812001943588257,0.10041314363479614,0.4916725754737854,0.875388503074646,0.07667694985866547
57,draw_tick,a07_s09_e01,0.5275641083717346,0.3030143082141876,-0.2702261805534363,0.5324747562408447,0.2891215980052948,-0.24993553757667542,0.536346435546875,0.28843414783477783,-0.2499493658542633,0.5396177172660828,0.28806912899017334,-0.24997389316558838,0.5213057994842529,0.29033327102661133,-0.2506338655948639,0.5175213813781738,0.2903359532356262,-0.2506644129753113,0.5138369798660278,0.2907547652721405,-0.250592440366745,0.5439143776893616,0.292505145072937,-0.125523641705513,0.5103457570075989,0.297153502702713,-0.13164640963077545,0.5356654524803162,0.31635329127311707,-0.22334937751293182,0.5213314890861511,0.3177050054073334,-0.22547641396522522,0.5799988508224487,0.3828955888748169,-0.057302482426166534,0.48560357093811035,0.36132147908210754,-0.059537142515182495,0.5958835482597351,0.47948798537254333,-0.02254042774438858,0.4237845838069916,0.3310483992099762,-0.15803787112236023,0.6107134222984314,0.5653479695320129,-0.09976895153522491,0.3885304033756256,0.25268903374671936,-0.359894335269928,0.613799512386322,0.5949457883834839,-0.12080778181552887,0.3741009831428528,0.23673811554908752,-0.4094386696815491,0.6089600324630737,0.5943019390106201,-0.15690651535987854,0.3768295645713806,0.23186378180980682,-0.4230120778083801,0.6055672764778137,0.5865145325660706,-0.11565669625997543,0.3822568356990814,0.23656021058559418,-0.37540581822395325,0.5612951517105103,0.5666503310203552,0.0078027197159826756,0.5039231777191162,0.5673218369483948,-0.007912618108093739,0.5621954798698425,0.7113847136497498,0.027366187423467636,0.500994086265564,0.7118106484413147,0.004900455009192228,0.5666555166244507,0.8339522480964661,0.23011329770088196,0.49343785643577576,0.82829749584198,0.20830252766609192,0.5602585673332214,0.8507043719291687,0.24296247959136963,0.4956873059272766,0.8400174975395203,0.22086337208747864,0.579155683517456,0.8813143968582153,0.10451214015483856,0.49168723821640015,0.875503420829773,0.07978262007236481
58,draw_tick,a07_s09_e01,0.5275776982307434,0.30315741896629333,-0.2704673111438751,0.5324941277503967,0.2892569601535797,-0.25025856494903564,0.5363641977310181,0.2885662615299225,-0.2502724528312683,0.5396394729614258,0.28821107745170593,-0.2502961754798889,0.5213427543640137,0.29044076800346375,-0.2508784234523773,0.5175668001174927,0.29042789340019226,-0.25090861320495605,0.5138524174690247,0.2908361256122589,-0.2508386969566345,0.5439462661743164,0.2926388680934906,-0.12624193727970123,0.5103505849838257,0.2972346246242523,-0.13192462921142578,0.5357195734977722,0.3164346516132355,-0.22380821406841278,0.5213471055030823,0.31777486205101013,-0.2258281409740448,0.5800158381462097,0.38289549946784973,-0.05762553960084915,0.4855521321296692,0.36135831475257874,-0.060100845992565155,0.5958746671676636,0.4794744849205017,-0.024635467678308487,0.42328977584838867,0.3310639560222626,-0.15784884989261627,0.6104182004928589,0.5654468536376953,-0.10133447498083115,0.38839536905288696,0.2516833245754242,-0.35611966252326965,0.613641619682312,0.5950532555580139,-0.12232041358947754,0.37422454357147217,0.23586808145046234,-0.4049922525882721,0.6089110970497131,0.5944440364837646,-0.1582917422056198,0.3768309950828552,0.2309916466474533,-0.4185279905796051,0.6055107712745667,0.5866689682006836,-0.11716270446777344,0.38219523429870605,0.23562322556972504,-0.3715016543865204,0.5613188743591309,0.566909909248352,0.007826535031199455,0.5039193630218506,0.567554771900177,-0.007936632260680199,0.5622472167015076,0.711557149887085,0.029215633869171143,0.5009632110595703,0.7118985056877136,0.00486302375793457,0.5666994452476501,0.8340397477149963,0.2305665910243988,0.4934372305870056,0.8283138275146484,0.20766177773475647,0.5603174567222595,0.850853681564331,0.2432827204465866,0.49569088220596313,0.8400540947914124,0.2202329933643341,0.5791944265365601,0.8813426494598389,0.1053498238325119,0.4916914999485016,0.8755136728286743,0.07868822664022446
59,draw_tick,a07_s09_e01,0.5275887250900269,0.30324962735176086,-0.27717551589012146,0.5325202941894531,0.28935477137565613,-0.25667238235473633,0.5363854765892029,0.2886718213558197,-0.2566835582256317,0.5396573543548584,0.28832873702049255,-0.2567073702812195,0.5213631987571716,0.29051482677459717,-0.25739628076553345,0.5175831317901611,0.29048874974250793,-0.2574300765991211,0.5138708353042603,0.2908867597579956,-0.25735825300216675,0.5439742803573608,0.2927588224411011,-0.13120952248573303,0.5103362202644348,0.2973085343837738,-0.13789916038513184,0.5357692837715149,0.31649211049079895,-0.23007726669311523,0.5213735699653625,0.3178277015686035,-0.23231141269207,0.5800266265869141,0.3828972280025482,-0.06048709899187088,0.48541706800460815,0.36138916015625,-0.0648571252822876,0.5958634614944458,0.4795439839363098,-0.02877119556069374,0.4229997992515564,0.3311116099357605,-0.16684755682945251,0.61033695936203,0.5654634833335876,-0.10808446258306503,0.3885902166366577,0.25135865807533264,-0.3699430227279663,0.6137233972549438,0.5950533151626587,-0.12960346043109894,0.37491366267204285,0.23508386313915253,-0.41981711983680725,0.6090732216835022,0.5943967700004578,-0.1657228171825409,0.3775697350502014,0.23030950129032135,-0.4324609339237213,0.6056715250015259,0.5866644382476807,-0.1240444928407669,0.382768452167511,0.23510970175266266,-0.38503625988960266,0.5613793134689331,0.5670551061630249,0.007855773903429508,0.503923237323761,0.5677340030670166,-0.00796617940068245,0.5622736811637878,0.7117480039596558,0.029381344094872475,0.5009580254554749,0.7120702266693115,0.005167752970010042,0.5667339563369751,0.834170401096344,0.23237816989421844,0.493431031703949,0.8283154368400574,0.20969875156879425,0.5603708028793335,0.8510079979896545,0.2452884465456009,0.49567365646362305,0.8399876356124878,0.22245769202709198,0.5792768001556396,0.881450891494751,0.1074705570936203,0.4917154312133789,0.8755220174789429,0.081491619348526
60,draw_tick,a07_s09_e01,0.5276058316230774,0.30332186818122864,-0.27857476472854614,0.5325434803962708,0.2894209623336792,-0.2579799294471741,0.5364155769348145,0.2887367308139801,-0.257990300655365,0.5396893620491028,0.28839874267578125,-0.2580147385597229,0.5213733315467834,0.29058313369750977,-0.25869840383529663,0.5175973773002625,0.290559858083725,-0.2587316930294037,0.5138949155807495,0.29096925258636475,-0.25866076350212097,0.5440075397491455,0.2928444743156433,-0.13210883736610413,0.5102756023406982,0.2974901497364044,-0.13870173692703247,0.5358210802078247,0.31653404235839844,-0.2313278466463089,0.521406888961792,0.3178999125957489,-0.23350775241851807,0.5800281167030334,0.3828916549682617,-0.06012105196714401,0.4853181838989258,0.36145153641700745,-0.06489340960979462,0.5958544015884399,0.47952279448509216,-0.025562603026628494,0.42284831404685974,0.3313906788825989,-0.1640571653842926,0.6102852821350098,0.5653745532035828,-0.10301266610622406,0.3887079358100891,0.25073474645614624,-0.36338868737220764,0.6138031482696533,0.5948569774627686,-0.12401638925075531,0.3752504885196686,0.23437881469726562,-0.4127214848995209,0.6091873049736023,0.5942042469978333,-0.16012868285179138,0.3778999149799347,0.2291683703660965,-0.42541179060935974,0.6058056354522705,0.5865735411643982,-0.11885005235671997,0.3830377757549286,0.23386690020561218,-0.3784167170524597,0.5614913105964661,0.5671923756599426,0.007590660359710455,0.503965437412262,0.5679320096969604,-0.00770151149481535,0.5623082518577576,0.7118647694587708,0.02896714210510254,0.5009541511535645,0.7121885418891907,0.006946941372007132,0.5667949914932251,0.834250807762146,0.23421123623847961,0.4934238791465759,0.8281428813934326,0.2152833193540573,0.5604825019836426,0.8510392308235168,0.24754726886749268,0.4956560730934143,0.8394612073898315,0.22849754989147186,0.5792846083641052,0.8815070986747742,0.10937704145908356,0.49171456694602966,0.8755577206611633,0.08806285262107849
61,draw_tick,a07_s09_e01,0.5276399850845337,0.30336275696754456,-0.28786957263946533,0.5325686931610107,0.2894560992717743,-0.26765865087509155,0.5364439487457275,0.2887628376483917,-0.26766687631607056,0.5397065281867981,0.2884250581264496,-0.26769551634788513,0.5213965177536011,0.2906297445297241,-0.2679716944694519,0.5176175236701965,0.2906114459037781,-0.2680102288722992,0.5139113664627075,0.29104405641555786,-0.26793766021728516,0.5440264940261841,0.29288166761398315,-0.1428103893995285,0.5102177858352661,0.29762184619903564,-0.14744827151298523,0.5358702540397644,0.31656181812286377,-0.24097613990306854,0.5214484930038452,0.3179680407047272,-0.2425859272480011,0.580032229423523,0.38285303115844727,-0.0712960883975029,0.48522406816482544,0.36148738861083984,-0.07091227918863297,0.5958378314971924,0.4795437455177307,-0.04379591718316078,0.4221044182777405,0.3317531645298004,-0.1733187586069107,0.6102837324142456,0.5653573274612427,-0.12344376742839813,0.38824206590652466,0.25010842084884644,-0.3750815987586975,0.6138185262680054,0.5947393774986267,-0.1454877406358719,0.3752179443836212,0.23361355066299438,-0.42462000250816345,0.6093046069145203,0.5940976738929749,-0.180861234664917,0.3779570460319519,0.2277812510728836,-0.43543896079063416,0.6058516502380371,0.586531937122345,-0.13918279111385345,0.382945716381073,0.2324550747871399,-0.3893299400806427,0.5615378618240356,0.567244291305542,0.007240251637995243,0.5040011405944824,0.5680640339851379,-0.0073508089408278465,0.562330424785614,0.7121131420135498,0.02856338582932949,0.500949501991272,0.7122563123703003,0.008283418603241444,0.5668216943740845,0.8346160650253296,0.23389048874378204,0.4933856427669525,0.8281478881835938,0.21518531441688538,0.5605547428131104,0.8513665795326233,0.24735184013843536,0.49561840295791626,0.8394750952720642,0.22822880744934082,0.5792869329452515,0.8815232515335083,0.10892285406589508,0.49171343445777893,0.8755655288696289,0.08835326880216599
62,draw_tick,a07_s09_e01,0.5275999307632446,0.30342617630958557,-0.2909277677536011,0.532528281211853,0.2895253300666809,-0.27100270986557007,0.5364296436309814,0.28881439566612244,-0.2710067629814148,0.5396974086761475,0.2884688973426819,-0.271028608083725,0.5213747024536133,0.29069826006889343,-0.2710963487625122,0.5176171660423279,0.2906801998615265,-0.271138995885849,0.5139116048812866,0.2911361753940582,-0.2710719704627991,0.5440434217453003,0.2929035723209381,-0.14687517285346985,0.5102115869522095,0.29764729738235474,-0.15043538808822632,0.5358797907829285,0.31663477420806885,-0.2442818433046341,0.521462619304657,0.31806203722953796,-0.24559862911701202,0.580059826374054,0.38283464312553406,-0.07455256581306458,0.4850723147392273,0.3615742027759552,-0.07310424745082855,0.595815122127533,0.47955599427223206,-0.04679030925035477,0.42130047082901,0.3341485857963562,-0.17999251186847687,0.6101981401443481,0.5651996731758118,-0.12690941989421844,0.38860493898391724,0.2514965832233429,-0.3901970088481903,0.6138639450073242,0.5944867730140686,-0.14887754619121552,0.37597963213920593,0.23428763449192047,-0.4406254291534424,0.6093631386756897,0.5939044952392578,-0.18381866812705994,0.3787907660007477,0.2287287712097168,-0.4498973786830902,0.6059232354164124,0.5864402055740356,-0.14248088002204895,0.38372254371643066,0.23384515941143036,-0.4038967192173004,0.56157386302948,0.5672504305839539,0.006627712398767471,0.5040100812911987,0.5681062936782837,-0.006746155675500631,0.5623481869697571,0.7121318578720093,0.027180969715118408,0.5009467005729675,0.7122600078582764,0.009623974561691284,0.5668400526046753,0.8348070383071899,0.23059174418449402,0.49337515234947205,0.8279431462287903,0.21556846797466278,0.5606369972229004,0.8514403700828552,0.24363656342029572,0.49559831619262695,0.8390771746635437,0.22852632403373718,0.5792778134346008,0.8815183639526367,0.10504214465618134,0.49171000719070435,0.8754719495773315,0.08897820860147476
63,draw_tick,a07_s09_e01,0.5275536775588989,0.30333641171455383,-0.30711403489112854,0.5325313806533813,0.2894619107246399,-0.2869223952293396,0.5364343523979187,0.28875312209129333,-0.2869194447994232,0.5397029519081116,0.2884214222431183,-0.28693220019340515,0.5213794708251953,0.29067856073379517,-0.28650957345962524,0.5176256895065308,0.2906641662120819,-0.2865588963031769,0.513922929763794,0.29111534357070923,-0.28649821877479553,0.5440827012062073,0.2929109036922455,-0.16204451024532318,0.5102220773696899,0.29761001467704773,-0.16361896693706512,0.5358920693397522,0.31659775972366333,-0.26051637530326843,0.521466851234436,0.31804516911506653,-0.26126664876937866,0.5800783634185791,0.3827054798603058,-0.09170837700366974,0.48507481813430786,0.3618205189704895,-0.08163438737392426,0.5957978963851929,0.4795015752315521,-0.07289490848779678,0.42057546973228455,0.3415912985801697,-0.19654631614685059,0.6101402044296265,0.5651624798774719,-0.1614294946193695,0.3887433707714081,0.25264841318130493,-0.4221600592136383,0.6138995885848999,0.5944464802742004,-0.18574215471744537,0.37711459398269653,0.23584313690662384,-0.4741572439670563,0.609381914138794,0.5938607454299927,-0.21939308941364288,0.38010066747665405,0.23056629300117493,-0.4822461009025574,0.6059901714324951,0.5864161252975464,-0.17650780081748962,0.3846537470817566,0.23514975607395172,-0.43544143438339233,0.5615774393081665,0.5672522187232971,0.00547078438103199,0.5040159821510315,0.5681295394897461,-0.005612019449472427,0.562353789806366,0.7120880484580994,0.025031957775354385,0.5009235143661499,0.7122551202774048,0.010655790567398071,0.5668467283248901,0.834860622882843,0.2299671173095703,0.4933442175388336,0.8277522921562195,0.21698594093322754,0.5606743097305298,0.8514642119407654,0.24297039210796356,0.49557623267173767,0.8387036919593811,0.22994676232337952,0.5792335867881775,0.8815189599990845,0.10335958003997803,0.49170827865600586,0.875457227230072,0.08983785659074783
64,draw_tick,a07_s09_e01,0.5275651216506958,0.30333131551742554,-0.3075406849384308,0.5325442552566528,0.28944283723831177,-0.287668913602829,0.5364476442337036,0.28872451186180115,-0.2876654267311096,0.5397137403488159,0.2883789837360382,-0.28766828775405884,0.5213885307312012,0.29068365693092346,-0.2872123122215271,0.5176520347595215,0.2906704843044281,-0.28725844621658325,0.513972818851471,0.29112139344215393,-0.28720423579216003,0.5441260933876038,0.2928924560546875,-0.16338655352592468,0.5102987885475159,0.29761186242103577,-0.1646280288696289,0.5359033942222595,0.31659603118896484,-0.26107755303382874,0.5214747190475464,0.3180515468120575,-0.2617150545120239,0.5801652669906616,0.3826904594898224,-0.09176541119813919,0.48521628975868225,0.3630857765674591,-0.08131318539381027,0.5957838892936707,0.4795454740524292,-0.07401683926582336,0.41943421959877014,0.35317903757095337,-0.1959306001663208,0.6099821329116821,0.5651465058326721,-0.16795429587364197,0.39092347025871277,0.2595798969268799,-0.4248127043247223,0.6139236688613892,0.5944154858589172,-0.19305835664272308,0.381177693605423,0.2380474954843521,-0.47657695412635803,0.6094668507575989,0.5938447117805481,-0.22574615478515625,0.3848399519920349,0.2324845790863037,-0.48244524002075195,0.6060254573822021,0.5864130258560181,-0.18279841542243958,0.3893405795097351,0.24020858108997345,-0.43672314286231995,0.56156325340271,0.5673752427101135,0.004963051527738571,0.5039864182472229,0.5682543516159058,-0.005119644105434418,0.5623591542243958,0.7121515274047852,0.023675810545682907,0.5008915662765503,0.7122612595558167,0.010756252333521843,0.5668526887893677,0.8350733518600464,0.22886571288108826,0.49332761764526367,0.8277360200881958,0.21700577437877655,0.5606818199157715,0.851577877998352,0.24173417687416077,0.4955582618713379,0.8386872410774231,0.23008474707603455,0.5792378187179565,0.8815622329711914,0.10204003006219864,0.49171048402786255,0.8754481673240662,0.09014274179935455
65,draw_tick,a07_s09_e01,0.5276686549186707,0.30330801010131836,-0.31681931018829346,0.5327273607254028,0.2893677353858948,-0.29687491059303284,0.5365759134292603,0.2886448800563812,-0.2968592047691345,0.5397821664810181,0.2882590591907501,-0.29684776067733765,0.5215241312980652,0.2906961143016815,-0.29661935567855835,0.5178399682044983,0.29069891571998596,-0.2966679334640503,0.5142403841018677,0.2911357283592224,-0.29661545157432556,0.5443350076675415,0.29274165630340576,-0.17103758454322815,0.5105085372924805,0.29760482907295227,-0.17324775457382202,0.5359861850738525,0.31655997037887573,-0.26973867416381836,0.521583080291748,0.31805697083473206,-0.2706577479839325,0.5804257392883301,0.38267889618873596,-0.09562613070011139,0.4853098392486572,0.36462435126304626,-0.0849594697356224,0.5957714319229126,0.47973087430000305,-0.07454952597618103,0.4167019724845886,0.3677735924720764,-0.19751501083374023,0.6096569299697876,0.5651531219482422,-0.17048279941082,0.39418530464172363,0.27572113275527954,-0.4271658957004547,0.6138176918029785,0.5943899750709534,-0.19609753787517548,0.38754767179489136,0.25204190611839294,-0.47904181480407715,0.6094616651535034,0.5938302874565125,-0.2289925068616867,0.3923337459564209,0.24731948971748352,-0.4826909899711609,0.6059290766716003,0.586419403553009,-0.18541193008422852,0.39617058634757996,0.25454941391944885,-0.4377339780330658,0.5615638494491577,0.5673732161521912,0.004741781856864691,0.5039668679237366,0.5682637691497803,-0.004914258606731892,0.5623651742935181,0.7121550440788269,0.021646836772561073,0.5008372664451599,0.7123463749885559,0.010580739006400108,0.5668872594833374,0.8351617455482483,0.23077630996704102,0.4933268129825592,0.8276922106742859,0.22064287960529327,0.5607141256332397,0.8516396880149841,0.24410775303840637,0.4955928325653076,0.8385784029960632,0.23445291817188263,0.5792371034622192,0.8815638422966003,0.10349427163600922,0.4917658269405365,0.875450074672699,0.09418999403715134
66,draw_tick,a07_s09_e01,0.52813720703125,0.3032999634742737,-0.3102353513240814,0.5333407521247864,0.2893525958061218,-0.29033488035202026,0.5370744466781616,0.28863003849983215,-0.29032567143440247,0.5401574373245239,0.2882083058357239,-0.29031598567962646,0.5219730138778687,0.29074031114578247,-0.2900727093219757,0.5183398127555847,0.29078409075737,-0.2901182770729065,0.5149291157722473,0.29116496443748474,-0.29006773233413696,0.5451438426971436,0.29262277483940125,-0.1649797111749649,0.5109458565711975,0.2976091504096985,-0.16713875532150269,0.5364497303962708,0.31655216217041016,-0.26333099603652954,0.5221304893493652,0.31806105375289917,-0.2642058730125427,0.5807357430458069,0.3827051818370819,-0.0895901471376419,0.48563194274902344,0.3662615418434143,-0.08349858224391937,0.5957409143447876,0.4802406132221222,-0.06667669117450714,0.4157228469848633,0.38195037841796875,-0.1918160617351532,0.6091889142990112,0.5651441812515259,-0.1633279174566269,0.3991469740867615,0.2956705391407013,-0.42337512969970703,0.6133753061294556,0.5943697690963745,-0.18931952118873596,0.39362356066703796,0.27122771739959717,-0.4754874110221863,0.6091650724411011,0.5938287377357483,-0.221745565533638,0.39849552512168884,0.26606956124305725,-0.4785885214805603,0.6055877804756165,0.5864236354827881,-0.17810939252376556,0.40234899520874023,0.2736811935901642,-0.4334964156150818,0.5615403652191162,0.5675237774848938,0.00477618770673871,0.5039197206497192,0.5684061050415039,-0.004950268194079399,0.56236732006073,0.7122641801834106,0.019121691584587097,0.5007096529006958,0.7125781774520874,0.009774228557944298,0.5669061541557312,0.8351643085479736,0.2348521649837494,0.4933120310306549,0.8275416493415833,0.22303929924964905,0.560776948928833,0.8516440987586975,0.2489640712738037,0.4955886900424957,0.8382846117019653,0.23763307929039001,0.5789607763290405,0.8809889554977417,0.10836626589298248,0.491879940032959,0.8754518628120422,0.09796253591775894
67,draw_tick,a07_s09_e01,0.5287725925445557,0.30207663774490356,-0.30957528948783875,0.5339868068695068,0.28864237666130066,-0.2906516194343567,0.5376985669136047,0.28797757625579834,-0.2906402349472046,0.5406755208969116,0.2876336872577667,-0.2906210720539093,0.522617757320404,0.2900846600532532,-0.28957125544548035,0.5189750790596008,0.2902214229106903,-0.28961998224258423,0.515750527381897,0.29055580496788025,-0.2895786166191101,0.5460563898086548,0.2923789620399475,-0.1695050299167633,0.511698305606842,0.29712948203086853,-0.16751381754875183,0.5369434356689453,0.31554728746414185,-0.2640496790409088,0.5226958990097046,0.3166894316673279,-0.2638195753097534,0.5810469388961792,0.382708877325058,-0.09393229335546494,0.48632878065109253,0.3685745298862457,-0.081797294318676,0.595644474029541,0.4808174669742584,-0.07153518497943878,0.4161127209663391,0.3996104598045349,-0.19039687514305115,0.60834139585495,0.5652110576629639,-0.16631411015987396,0.4029856324195862,0.3191717565059662,-0.4183632433414459,0.61257004737854,0.5945277810096741,-0.19167079031467438,0.3986927270889282,0.29480138421058655,-0.46863722801208496,0.6083356142044067,0.5941213369369507,-0.22290101647377014,0.4031919538974762,0.2880801260471344,-0.4725920557975769,0.6047303080558777,0.5867394804954529,-0.1801592856645584,0.4066494107246399,0.2974190413951874,-0.42818647623062134,0.5614639520645142,0.5675471425056458,0.004375666845589876,0.5037472248077393,0.5683879852294922,-0.00456391554325819,0.5623724460601807,0.71225506067276,0.008389724418520927,0.5005650520324707,0.712553858757019,0.006817875895649195,0.5669118165969849,0.8350458741188049,0.22246471047401428,0.4933105409145355,0.8274396061897278,0.21894653141498566,0.5607845187187195,0.8516485691070557,0.23616187274456024,0.49560075998306274,0.8382320404052734,0.2338622808456421,0.5787056684494019,0.8801271319389343,0.09874831885099411,0.4919523298740387,0.875304639339447,0.09720142930746078
68,draw_tick,a07_s09_e01,0.5315359234809875,0.301637202501297,-0.3162769675254822,0.5360884666442871,0.2883429527282715,-0.2971028983592987,0.5392155647277832,0.2877424657344818,-0.29709139466285706,0.5421417951583862,0.28747981786727905,-0.29706764221191406,0.5247223973274231,0.28983327746391296,-0.29718390107154846,0.5210697650909424,0.2901015281677246,-0.2972426414489746,0.5176090598106384,0.2904919981956482,-0.29722458124160767,0.5470560789108276,0.2923416197299957,-0.1738828420639038,0.5125709772109985,0.2970966398715973,-0.1779153048992157,0.5386328101158142,0.31530192494392395,-0.2700747847557068,0.5248048901557922,0.3163469135761261,-0.2714574337005615,0.5815081596374512,0.38300976157188416,-0.09310226887464523,0.4868137836456299,0.3710055947303772,-0.09162522852420807,0.5955401659011841,0.4811638593673706,-0.06739787757396698,0.41894763708114624,0.4186762273311615,-0.20150336623191833,0.6072589159011841,0.5652074813842773,-0.16240671277046204,0.40748780965805054,0.3448329269886017,-0.44943609833717346,0.61134272813797,0.5945628881454468,-0.18723127245903015,0.4028092324733734,0.3206285834312439,-0.5001667141914368,0.606950581073761,0.5941835641860962,-0.21814462542533875,0.4075168967247009,0.3150879144668579,-0.5059642791748047,0.6032975912094116,0.5868657827377319,-0.1761413812637329,0.41075682640075684,0.32107770442962646,-0.45927730202674866,0.5610100030899048,0.5680372714996338,0.005309979431331158,0.5034946799278259,0.5684821009635925,-0.005507608409970999,0.5623711943626404,0.7122659683227539,0.003948884084820747,0.5004209280014038,0.7125633358955383,-0.0004360958409961313,0.5668801069259644,0.8348464369773865,0.22116270661354065,0.4933792054653168,0.8274093270301819,0.2061467170715332,0.5607694387435913,0.851629376411438,0.23498888313770294,0.4957655370235443,0.8381059169769287,0.22014443576335907,0.5783377885818481,0.8788527250289917,0.0986822247505188,0.49206382036209106,0.875339686870575,0.08180639892816544
69,draw_tick,a07_s09_e01,0.5323379039764404,0.30147919058799744,-0.3151870667934418,0.5372084379196167,0.28798162937164307,-0.29670825600624084,0.5401081442832947,0.2875041961669922,-0.29670923948287964,0.5431681275367737,0.28727319836616516,-0.2966839671134949,0.5256730914115906,0.289504736661911,-0.2969379425048828,0.5217699408531189,0.2899252474308014,-0.2969885468482971,0.5183432698249817,0.29046913981437683,-0.29696857929229736,0.5482136011123657,0.29220712184906006,-0.1737246811389923,0.5132092833518982,0.29706650972366333,-0.17828094959259033,0.5393710732460022,0.31522753834724426,-0.26866477727890015,0.5254088640213013,0.3162032961845398,-0.2701323926448822,0.5817851424217224,0.3830389082431793,-0.09225563704967499,0.4876691401004791,0.37277039885520935,-0.08964122831821442,0.5952972769737244,0.4816473722457886,-0.06543338298797607,0.4262354373931885,0.436994343996048,-0.1986146718263626,0.606098473072052,0.5652353167533875,-0.16830335557460785,0.41056400537490845,0.3726666271686554,-0.4436488747596741,0.6100960969924927,0.5945935845375061,-0.19458380341529846,0.4043811857700348,0.3514494001865387,-0.49394702911376953,0.6055321097373962,0.5942113399505615,-0.22529356181621552,0.4094637334346771,0.34259283542633057,-0.502784788608551,0.6018944382667542,0.5869051814079285,-0.1818561851978302,0.4134443700313568,0.35033169388771057,-0.4543888568878174,0.5606415867805481,0.5687829256057739,0.005480409599840641,0.5033729076385498,0.5687047839164734,-0.005674946121871471,0.5621870160102844,0.7124226093292236,0.007185791619122028,0.5003389120101929,0.7125783562660217,0.00045330566354095936,0.5668755769729614,0.8334134221076965,0.2346469908952713,0.4933784008026123,0.8273304104804993,0.20896311104297638,0.5607515573501587,0.8502213358879089,0.2495427429676056,0.49576058983802795,0.8377061486244202,0.22392971813678741,0.5782961249351501,0.8785895705223083,0.11565208435058594,0.49236226081848145,0.8756636381149292,0.08551261574029922
70,draw_tick,a07_s09_e01,0.5330261588096619,0.3014841675758362,-0.303830087184906,0.538152813911438,0.2878722846508026,-0.28697389364242554,0.5408767461776733,0.2874514162540436,-0.2869947552680969,0.5441576242446899,0.28721365332603455,-0.2869495749473572,0.526504397392273,0.28931769728660583,-0.28655892610549927,0.5222970843315125,0.2898196578025818,-0.2866024076938629,0.5190209150314331,0.2904528081417084,-0.28659576177597046,0.549320638179779,0.2921379506587982,-0.1685371994972229,0.5139258503913879,0.2970469892024994,-0.16944576799869537,0.5398986339569092,0.3152279555797577,-0.25847330689430237,0.5258825421333313,0.31620967388153076,-0.2589133381843567,0.5820890069007874,0.38305792212486267,-0.08674855530261993,0.4883606433868408,0.37480154633522034,-0.07720358669757843,0.5949762463569641,0.48209720849990845,-0.05922241881489754,0.4374338686466217,0.45063409209251404,-0.16797491908073425,0.6051037907600403,0.5657217502593994,-0.16383808851242065,0.4153057634830475,0.40629082918167114,-0.4326023459434509,0.6086515188217163,0.5948947668075562,-0.19036273658275604,0.40559712052345276,0.38563743233680725,-0.48292797803878784,0.6038151979446411,0.5944772362709045,-0.22183115780353546,0.4101795256137848,0.37774547934532166,-0.4942372739315033,0.6002575159072876,0.587205171585083,-0.17760001122951508,0.4149355888366699,0.3837288022041321,-0.44445404410362244,0.5602636337280273,0.5698286890983582,0.00548960966989398,0.5031037926673889,0.5691959261894226,-0.005683133378624916,0.5620800256729126,0.7125474214553833,0.0076591805554926395,0.5000393390655518,0.7126365900039673,0.0002536036481615156,0.5668296217918396,0.8330239057540894,0.2331300973892212,0.4933384954929352,0.8273295164108276,0.20764371752738953,0.5606500506401062,0.8497148156166077,0.24785780906677246,0.49574708938598633,0.8377083539962769,0.22185567021369934,0.5781012773513794,0.8784340620040894,0.11420253664255142,0.49248337745666504,0.8756102919578552,0.08370761573314667
71,draw_tick,a07_s09_e01,0.5336588025093079,0.30113348364830017,-0.298301100730896,0.5388311743736267,0.2874625325202942,-0.2810128331184387,0.5414808392524719,0.2870369553565979,-0.2810516953468323,0.5448154211044312,0.2867574691772461,-0.281019002199173,0.5271786451339722,0.28857994079589844,-0.2809939384460449,0.5228701233863831,0.2890714108943939,-0.2810231149196625,0.5196222066879272,0.28958940505981445,-0.2810162603855133,0.5500730276107788,0.29182618856430054,-0.16233426332473755,0.5143929719924927,0.29675957560539246,-0.16412471234798431,0.5402823686599731,0.3152179718017578,-0.2529255449771881,0.5263370275497437,0.3162144720554352,-0.2536463141441345,0.5821433067321777,0.3830067813396454,-0.08113758265972137,0.48847246170043945,0.37638095021247864,-0.07212908565998077,0.5942268967628479,0.4821591377258301,-0.04701917618513107,0.4498724341392517,0.4598360061645508,-0.13438192009925842,0.604141891002655,0.5657504200935364,-0.1607271134853363,0.42189016938209534,0.44117361307144165,-0.38763171434402466,0.6074758768081665,0.5949041247367859,-0.1880997121334076,0.4077742099761963,0.42566952109336853,-0.4359471797943115,0.6028928756713867,0.5944928526878357,-0.21859967708587646,0.4109494686126709,0.4178888201713562,-0.46185678243637085,0.5994225740432739,0.5872237086296082,-0.17557427287101746,0.4165078103542328,0.4220757782459259,-0.4047195017337799,0.5599284172058105,0.5701217651367188,0.005456498358398676,0.5027521848678589,0.5692848563194275,-0.005642466712743044,0.5621088743209839,0.7126483917236328,0.0013019575271755457,0.49991512298583984,0.7126652002334595,-0.0021574613638222218,0.5667935609817505,0.834328293800354,0.21030914783477783,0.4934380054473877,0.828242838382721,0.1949215680360794,0.5603286623954773,0.8505368828773499,0.222324401140213,0.49642181396484375,0.8402673602104187,0.2068846970796585,0.5785545110702515,0.8794386386871338,0.08595559000968933,0.49227088689804077,0.8756129741668701,0.06770653277635574
72,draw_tick,a07_s09_e01,0.533932626247406,0.2994467616081238,-0.29875484108924866,0.5392481088638306,0.2858363389968872,-0.2810917794704437,0.5419386625289917,0.28570374846458435,-0.2811318039894104,0.5452176332473755,0.28555238246917725,-0.28110629320144653,0.5275319814682007,0.28642943501472473,-0.28114402294158936,0.5232434272766113,0.2868245542049408,-0.28117531538009644,0.5199235677719116,0.2874685823917389,-0.2811638116836548,0.5506010055541992,0.29134389758110046,-0.16124892234802246,0.5145288705825806,0.2956567108631134,-0.16413503885269165,0.5405190587043762,0.3148147463798523,-0.2531507909297943,0.5265000462532043,0.31588369607925415,-0.2539820969104767,0.5821899771690369,0.38283997774124146,-0.08043865114450455,0.4884548783302307,0.37791088223457336,-0.07295865565538406,0.5933864116668701,0.48219478130340576,-0.04320312291383743,0.4578076899051666,0.46496689319610596,-0.10564064979553223,0.6034871339797974,0.5656432509422302,-0.15873269736766815,0.42735838890075684,0.46852943301200867,-0.3256203234195709,0.6069713830947876,0.594771683216095,-0.186928391456604,0.4113629460334778,0.4634692072868347,-0.37101149559020996,0.6026176810264587,0.5943619012832642,-0.2213139832019806,0.4117903709411621,0.4555768370628357,-0.405669629573822,0.5991326570510864,0.5871540904045105,-0.17364633083343506,0.4184577465057373,0.45801395177841187,-0.34598177671432495,0.5595846772193909,0.5701111555099487,0.005497672129422426,0.5022410154342651,0.5692885518074036,-0.005675337743014097,0.5621296167373657,0.7126429677009583,-0.002332056639716029,0.4998961091041565,0.7126820087432861,-0.00417535612359643,0.5667191743850708,0.8343432545661926,0.203643798828125,0.49347370862960815,0.8284914493560791,0.19137653708457947,0.5600160360336304,0.8504907488822937,0.21537049114704132,0.49656420946121216,0.8413952589035034,0.20274071395397186,0.5785513520240784,0.8796147704124451,0.07594328373670578,0.4922645092010498,0.8754797577857971,0.060437560081481934
73,draw_tick,a07_s09_e01,0.5341629385948181,0.2991871237754822,-0.3002910017967224,0.5395503044128418,0.28544190526008606,-0.2822171151638031,0.542220950126648,0.2854103147983551,-0.28227540850639343,0.5454105138778687,0.2852964401245117,-0.2822645306587219,0.5278447866439819,0.28585612773895264,-0.28356772661209106,0.5235483646392822,0.28618577122688293,-0.28358691930770874,0.5202239751815796,0.28682175278663635,-0.2835957407951355,0.550803542137146,0.29125964641571045,-0.16090042889118195,0.5146702527999878,0.29518353939056396,-0.16690072417259216,0.5406890511512756,0.3148246109485626,-0.2534995973110199,0.5267176628112793,0.3158933222293854,-0.2557256519794464,0.5821815729141235,0.38249918818473816,-0.07474414259195328,0.4884113371372223,0.37900790572166443,-0.07948915660381317,0.5927718877792358,0.4821510910987854,-0.022692706435918808,0.46319636702537537,0.46746596693992615,-0.08818794041872025,0.602882981300354,0.5652950406074524,-0.1310795247554779,0.4313201904296875,0.4944094717502594,-0.27455952763557434,0.6066310405731201,0.5943741202354431,-0.1611376851797104,0.41521191596984863,0.49960529804229736,-0.3173149526119232,0.6022781729698181,0.5938882827758789,-0.19872845709323883,0.41449838876724243,0.49321624636650085,-0.35781627893447876,0.5987073183059692,0.5867700576782227,-0.14814870059490204,0.4213330149650574,0.4922524690628052,-0.2965382933616638,0.5593433976173401,0.5702409148216248,0.0067311860620975494,0.5019819140434265,0.5697957873344421,-0.006863359361886978,0.5621355175971985,0.7130607962608337,-0.00010666538582881913,0.49990326166152954,0.7134274244308472,-0.0065803430043160915,0.5667566657066345,0.83481764793396,0.20849919319152832,0.49349355697631836,0.8290331363677979,0.1918771117925644,0.5600032210350037,0.8505814075469971,0.2208009511232376,0.49671369791030884,0.8424305319786072,0.20358476042747498,0.5786484479904175,0.8799365758895874,0.08277063816785812,0.4921877384185791,0.8754559755325317,0.0614156536757946
74,draw_tick,a07_s09_e01,0.5346178412437439,0.2988477051258087,-0.3154417872428894,0.5398979783058167,0.2850482761859894,-0.2976681590080261,0.5425203442573547,0.2851134240627289,-0.2977253794670105,0.5457007884979248,0.28502586483955383,-0.29773008823394775,0.5282670259475708,0.28530338406562805,-0.2991030812263489,0.5239222645759583,0.28556790947914124,-0.2991195619106293,0.5205651521682739,0.28620806336402893,-0.29913923144340515,0.5509127974510193,0.29113176465034485,-0.17613503336906433,0.5147716999053955,0.2947923243045807,-0.1831659972667694,0.5410072207450867,0.3148273229598999,-0.26897695660591125,0.5271302461624146,0.31589603424072266,-0.27122020721435547,0.5821496248245239,0.38238853216171265,-0.0884898453950882,0.4882473349571228,0.37977510690689087,-0.09642233699560165,0.5924947261810303,0.4822756350040436,-0.02991209365427494,0.4673973619937897,0.4752529561519623,-0.08668510615825653,0.6025736331939697,0.5652338862419128,-0.142099991440773,0.4355319142341614,0.5153537392616272,-0.2512722313404083,0.6065968871116638,0.594281792640686,-0.1752929836511612,0.4209214746952057,0.5281031131744385,-0.2910923957824707,0.6023147702217102,0.5937318801879883,-0.21446838974952698,0.4192036986351013,0.5249428153038025,-0.33306556940078735,0.5986698269844055,0.5866267681121826,-0.1608956754207611,0.42487430572509766,0.521720826625824,-0.2733057141304016,0.5589548945426941,0.5703866481781006,0.007257440593093634,0.5014718770980835,0.5703399181365967,-0.00736786937341094,0.5621381998062134,0.7137330174446106,0.001144956098869443,0.4999008774757385,0.7142782211303711,-0.006528131663799286,0.5667642951011658,0.8353061079978943,0.20749413967132568,0.49349504709243774,0.8298982977867126,0.19284753501415253,0.5600001811981201,0.8508549332618713,0.2194698303937912,0.49680987000465393,0.8434507250785828,0.20460602641105652,0.5786719918251038,0.879993200302124,0.08093299716711044,0.49215784668922424,0.8753934502601624,0.06255403161048889
75,draw_tick,a07_s09_e01,0.5351871848106384,0.2986387014389038,-0.3627760112285614,0.5401880145072937,0.2848820388317108,-0.34520092606544495,0.5427725315093994,0.28499510884284973,-0.34523171186447144,0.5459359884262085,0.28491872549057007,-0.3452228307723999,0.5286074280738831,0.2850019335746765,-0.3473101258277893,0.5242021083831787,0.28518596291542053,-0.34733352065086365,0.5208100080490112,0.2857446074485779,-0.347341924905777,0.5509124994277954,0.2910701036453247,-0.21874356269836426,0.5148206949234009,0.29449278116226196,-0.22956696152687073,0.5413627028465271,0.31482991576194763,-0.31426486372947693,0.5276920795440674,0.3159022629261017,-0.3174395263195038,0.5820968747138977,0.38209718465805054,-0.11149460077285767,0.4880754351615906,0.3799288868904114,-0.12957462668418884,0.5922593474388123,0.4822741448879242,-0.021243322640657425,0.47053852677345276,0.47515156865119934,-0.05139025300741196,0.6025390625,0.5647996068000793,-0.10280203819274902,0.44189420342445374,0.5347528457641602,-0.13647779822349548,0.6066832542419434,0.5937355160713196,-0.12417566776275635,0.42840641736984253,0.5544131994247437,-0.16356037557125092,0.6023849248886108,0.5930301547050476,-0.16655728220939636,0.4274139404296875,0.5531108975410461,-0.20801977813243866,0.5987025499343872,0.5861384272575378,-0.1209917888045311,0.4321490228176117,0.5478161573410034,-0.1564783751964569,0.558661699295044,0.5704078078269958,0.007881196215748787,0.5010205507278442,0.5706861019134521,-0.007986396551132202,0.5621352195739746,0.7139091491699219,0.003498482285067439,0.49989786744117737,0.715172529220581,-0.006327935494482517,0.5667651891708374,0.8356233239173889,0.20990796387195587,0.49349313974380493,0.8307685852050781,0.1936645805835724,0.5599859952926636,0.8510057926177979,0.2220975160598755,0.49689751863479614,0.8446263670921326,0.20521609485149384,0.5786038041114807,0.8800622224807739,0.08396386355161667,0.49198436737060547,0.8753160834312439,0.06364081799983978
76,draw_tick,a07_s09_e01,0.5351018905639648,0.2984877824783325,-0.3547571301460266,0.5401217937469482,0.28477245569229126,-0.33791449666023254,0.54277104139328,0.28492501378059387,-0.3379392921924591,0.5458889603614807,0.2848581075668335,-0.33792850375175476,0.528529703617096,0.28483322262763977,-0.33938074111938477,0.5241599082946777,0.2849544286727905,-0.3393964171409607,0.5207674503326416,0.28545352816581726,-0.33940309286117554,0.5508590936660767,0.2909950911998749,-0.21449992060661316,0.5148152709007263,0.2941652834415436,-0.22188210487365723,0.5413440465927124,0.3148308992385864,-0.3070305585861206,0.5276643633842468,0.31588807702064514,-0.3092717230319977,0.5820173025131226,0.38158199191093445,-0.1119752898812294,0.48801857233047485,0.3797459900379181,-0.12498567998409271,0.5919872522354126,0.4819071590900421,-0.026694897562265396,0.4719890058040619,0.47809046506881714,-0.051489003002643585,0.6026421785354614,0.5644852519035339,-0.11648134887218475,0.4504672884941101,0.5566514730453491,-0.14224590361118317,0.6067840456962585,0.5933440923690796,-0.14041045308113098,0.4400511384010315,0.5829194188117981,-0.17145201563835144,0.6024898886680603,0.5925678610801697,-0.1809198409318924,0.4401557445526123,0.5821491479873657,-0.21395377814769745,0.5988085269927979,0.5858293771743774,-0.13404777646064758,0.4445202350616455,0.5764840245246887,-0.16151070594787598,0.5584384202957153,0.570152223110199,0.007805175147950649,0.5007921457290649,0.5705936551094055,-0.007905127480626106,0.5621253252029419,0.7139015793800354,0.0034785792231559753,0.49993181228637695,0.7151556015014648,-0.006328019313514233,0.5667330026626587,0.8356215953826904,0.20066198706626892,0.4934978485107422,0.831508457660675,0.1871882528066635,0.5598770380020142,0.8509502410888672,0.21156597137451172,0.49705666303634644,0.8456138372421265,0.19774958491325378,0.57850581407547,0.8800666928291321,0.07208357751369476,0.4919138550758362,0.8752314448356628,0.05682431533932686
77,draw_tick,a07_s09_e01,0.5350385308265686,0.29837507009506226,-0.37250614166259766,0.540059506893158,0.2847118675708771,-0.3564049005508423,0.542753279209137,0.28489506244659424,-0.35641753673553467,0.5458541512489319,0.2848433256149292,-0.3564184308052063,0.5284861922264099,0.28469711542129517,-0.3583377003669739,0.5241224765777588,0.28477174043655396,-0.35837095975875854,0.5207391977310181,0.2851828336715698,-0.3583928942680359,0.5508407950401306,0.2909938395023346,-0.23483102023601532,0.5148099660873413,0.29388150572776794,-0.24373134970664978,0.5413352251052856,0.314825177192688,-0.3249351382255554,0.5276415944099426,0.3158629834651947,-0.3276379704475403,0.5818167328834534,0.3812665343284607,-0.1340148150920868,0.4875706732273102,0.38070884346961975,-0.15046371519565582,0.5917995572090149,0.48178109526634216,-0.06339725106954575,0.472478449344635,0.48688802123069763,-0.08276380598545074,0.6026948690414429,0.5646222233772278,-0.16457432508468628,0.45912209153175354,0.5734471082687378,-0.18548592925071716,0.6068623661994934,0.5933923721313477,-0.1932656168937683,0.45085135102272034,0.5999695658683777,-0.21642479300498962,0.6025504469871521,0.5925801992416382,-0.2321556806564331,0.45310157537460327,0.6009363532066345,-0.2551029324531555,0.5988606214523315,0.5858306884765625,-0.1818387806415558,0.4575672745704651,0.593136191368103,-0.20270219445228577,0.5584341287612915,0.5698202252388,0.007793382741510868,0.5006867051124573,0.5704084038734436,-0.007894428446888924,0.5621263384819031,0.7138741612434387,0.0017922122497111559,0.4999779164791107,0.7151094079017639,-0.005966353230178356,0.5667245388031006,0.8357360363006592,0.19712615013122559,0.49351567029953003,0.8321126699447632,0.18857738375663757,0.5598578453063965,0.8510071635246277,0.20823466777801514,0.49725961685180664,0.8467808961868286,0.19957681000232697,0.5784764885902405,0.8802450299263,0.06826115399599075,0.49164310097694397,0.875224769115448,0.05858008190989494
78,draw_tick,a07_s09_e01,0.5350040793418884,0.2982262670993805,-0.35261139273643494,0.5400223135948181,0.2846406400203705,-0.3354872465133667,0.5427279472351074,0.2848600447177887,-0.3355062007904053,0.5458296537399292,0.2848252058029175,-0.335502564907074,0.5284495949745178,0.28450626134872437,-0.3369317352771759,0.5241069197654724,0.2845393419265747,-0.33696073293685913,0.5207030177116394,0.2848328649997711,-0.3369700312614441,0.550733208656311,0.2909901738166809,-0.21475987136363983,0.5147788524627686,0.29348140954971313,-0.22230467200279236,0.5412889719009399,0.3148200213909149,-0.30555596947669983,0.527610182762146,0.3158363401889801,-0.3078491687774658,0.5816026329994202,0.3811052739620209,-0.11978509277105331,0.48720407485961914,0.38155749440193176,-0.13480456173419952,0.591569185256958,0.4811474680900574,-0.05681120231747627,0.4738790988922119,0.49003997445106506,-0.08077346533536911,0.6027218103408813,0.5645301938056946,-0.15823674201965332,0.46718233823776245,0.5774138569831848,-0.16987267136573792,0.6069165468215942,0.593326985836029,-0.18719671666622162,0.4652431607246399,0.6037863492965698,-0.20148584246635437,0.6026196479797363,0.5924549102783203,-0.22510549426078796,0.469996839761734,0.6031121015548706,-0.23674917221069336,0.5989265441894531,0.585720419883728,-0.175141841173172,0.4724148213863373,0.5942118763923645,-0.18540067970752716,0.558437705039978,0.5698174238204956,0.007649943232536316,0.5007281303405762,0.5705521702766418,-0.007744622882455587,0.5620941519737244,0.7138739824295044,0.00520691554993391,0.4999135434627533,0.7151380181312561,-0.0034898887388408184,0.5667081475257874,0.8359465003013611,0.196506530046463,0.4935080111026764,0.8329857587814331,0.18755552172660828,0.5598199367523193,0.8511064648628235,0.2070332020521164,0.49750909209251404,0.8477890491485596,0.1981891691684723,0.5784257650375366,0.8805509209632874,0.06864602863788605,0.4911477565765381,0.8753131628036499,0.05920179560780525
79,draw_tick,a07_s09_e01,0.5349704027175903,0.29821836948394775,-0.3431984782218933,0.5400022268295288,0.28463974595069885,-0.3272765278816223,0.5427088141441345,0.28486353158950806,-0.3272920846939087,0.5457672476768494,0.28482988476753235,-0.3272867798805237,0.5283991098403931,0.28443703055381775,-0.32955455780029297,0.5240746140480042,0.2844400703907013,-0.3295392394065857,0.5206506252288818,0.28464335203170776,-0.32958731055259705,0.5504677295684814,0.290994793176651,-0.20975172519683838,0.514722466468811,0.29322296380996704,-0.21629159152507782,0.5411961674690247,0.3148565888404846,-0.2992929220199585,0.5275864601135254,0.31583771109580994,-0.30184274911880493,0.5811914205551147,0.38080722093582153,-0.11594369262456894,0.4868016839027405,0.3820473849773407,-0.12542246282100677,0.5914312601089478,0.4804944097995758,-0.052925728261470795,0.4751557409763336,0.49047812819480896,-0.07108290493488312,0.6027725338935852,0.5644742846488953,-0.1547527015209198,0.4716111123561859,0.5771104097366333,-0.16144230961799622,0.6069274544715881,0.5932870507240295,-0.18439647555351257,0.4697538912296295,0.6027098298072815,-0.19385534524917603,0.6025466322898865,0.5923630595207214,-0.2221125364303589,0.47528108954429626,0.6023399233818054,-0.22894327342510223,0.5989314317703247,0.5856136679649353,-0.1715688854455948,0.4777999818325043,0.5938960909843445,-0.17695052921772003,0.5585768222808838,0.5698273777961731,0.00717103760689497,0.5008850693702698,0.5710160136222839,-0.007250172086060047,0.5620276927947998,0.7138861417770386,0.0049430024810135365,0.4998299181461334,0.7155309319496155,-0.0030379719100892544,0.5667079091072083,0.836086094379425,0.1955786496400833,0.49350887537002563,0.8336119055747986,0.18714970350265503,0.5598213076591492,0.8511886596679688,0.2062510997056961,0.49785012006759644,0.8484315276145935,0.197767436504364,0.5784236788749695,0.8806689977645874,0.06884045153856277,0.49078482389450073,0.8755202889442444,0.059974413365125656
80,draw_tick,a07_s09_e01,0.5349225401878357,0.29822617769241333,-0.340645432472229,0.5399683713912964,0.2846449613571167,-0.32413333654403687,0.5426918268203735,0.2848791778087616,-0.32415086030960083,0.5457192063331604,0.2848553955554962,-0.32414448261260986,0.5283763408660889,0.2844361960887909,-0.32603296637535095,0.5240651965141296,0.28442418575286865,-0.3260353207588196,0.5206280946731567,0.28458672761917114,-0.32606402039527893,0.5502182245254517,0.29102596640586853,-0.20611412823200226,0.5146552324295044,0.29312044382095337,-0.21368718147277832,0.5411763191223145,0.31494399905204773,-0.2957114577293396,0.5275580883026123,0.3158685266971588,-0.2981484532356262,0.5809068083763123,0.38068774342536926,-0.11393262445926666,0.48643189668655396,0.38268381357192993,-0.12694047391414642,0.5913867950439453,0.48013922572135925,-0.05287045240402222,0.47434744238853455,0.4925621449947357,-0.07617158442735672,0.6028257608413696,0.5644291043281555,-0.15955039858818054,0.47056442499160767,0.578712522983551,-0.1671370267868042,0.606927752494812,0.5931751132011414,-0.19028553366661072,0.46692371368408203,0.6048564910888672,-0.19905276596546173,0.6024547815322876,0.5922059416770935,-0.22777795791625977,0.47197192907333374,0.604625940322876,-0.23432648181915283,0.5989185571670532,0.5854644179344177,-0.17639057338237762,0.4752030372619629,0.5960673689842224,-0.18269860744476318,0.5586462616920471,0.5697333812713623,0.006889548152685165,0.5010374188423157,0.5710427761077881,-0.006962335668504238,0.5620230436325073,0.7137830257415771,0.005497491452842951,0.4998241364955902,0.715526819229126,-0.0022653827909380198,0.5666748285293579,0.8361067175865173,0.19182518124580383,0.49350839853286743,0.83376544713974,0.1836765706539154,0.5597679018974304,0.8511946797370911,0.20185132324695587,0.49795037508010864,0.8484963178634644,0.19376565515995026,0.5784006118774414,0.8807401061058044,0.06509522348642349,0.49057823419570923,0.8755605220794678,0.05728090554475784
81,draw_tick,a07_s09_e01,0.5348851680755615,0.29821738600730896,-0.3434370458126068,0.5399389863014221,0.2846478521823883,-0.32707005739212036,0.5426784753799438,0.2848826050758362,-0.32708513736724854,0.545692503452301,0.2848612666130066,-0.32707881927490234,0.5283539295196533,0.2844170331954956,-0.32924237847328186,0.5240556001663208,0.28439661860466003,-0.3292575776576996,0.5205967426300049,0.284550279378891,-0.3292827904224396,0.5500629544258118,0.2910563051700592,-0.20935964584350586,0.5145658254623413,0.29308706521987915,-0.21890473365783691,0.541166365146637,0.3149775564670563,-0.2979191243648529,0.5275412797927856,0.315878301858902,-0.3008037209510803,0.5807229280471802,0.38063016533851624,-0.11519300937652588,0.4860030710697174,0.383046418428421,-0.13345018029212952,0.5912702679634094,0.47983333468437195,-0.05212075263261795,0.4736475944519043,0.4926448166370392,-0.08045686781406403,0.6028802394866943,0.5644181966781616,-0.15728643536567688,0.4693848192691803,0.5771277546882629,-0.16968101263046265,0.6069276928901672,0.5929393768310547,-0.186979740858078,0.46382784843444824,0.6030272841453552,-0.20075957477092743,0.6024162173271179,0.5919088125228882,-0.22435498237609863,0.4676172137260437,0.6035721898078918,-0.2369217425584793,0.5989413857460022,0.5852708220481873,-0.17404964566230774,0.4712333083152771,0.5952606797218323,-0.18561336398124695,0.5586420297622681,0.5695992708206177,0.006948097608983517,0.5009862184524536,0.5710429549217224,-0.007025381084531546,0.5620269775390625,0.7137845158576965,0.005521033890545368,0.49984365701675415,0.7155210375785828,-0.0023198318667709827,0.5666741728782654,0.836101770401001,0.1939309537410736,0.49351954460144043,0.8337881565093994,0.1847618669271469,0.5597623586654663,0.8511631488800049,0.20443394780158997,0.4979887902736664,0.8484207391738892,0.19525191187858582,0.5783692598342896,0.8807710409164429,0.0674055963754654,0.490581214427948,0.8755626082420349,0.05818610638380051
82,draw_tick,a07_s09_e01,0.5347868204116821,0.2981306314468384,-0.3477422595024109,0.539857029914856,0.28461962938308716,-0.33120137453079224,0.5426346659660339,0.28487205505371094,-0.3312176465988159,0.5455769300460815,0.2848609387874603,-0.331214964389801,0.5282001495361328,0.28434544801712036,-0.3333919048309326,0.5239375233650208,0.2843211591243744,-0.3334124982357025,0.520401120185852,0.2844688296318054,-0.3334389328956604,0.549892783164978,0.2910641133785248,-0.21193042397499084,0.5144513845443726,0.2930009067058563,-0.22164186835289001,0.5410723686218262,0.3149740993976593,-0.30140620470046997,0.5274277925491333,0.3158605992794037,-0.3043649196624756,0.5806164741516113,0.3804708421230316,-0.11607597768306732,0.48588085174560547,0.38307836651802063,-0.1350097954273224,0.5911681652069092,0.4796004593372345,-0.05142826959490776,0.47255459427833557,0.4902764856815338,-0.0817185789346695,0.602886974811554,0.5644899606704712,-0.1561797559261322,0.4664376378059387,0.5742406249046326,-0.17158427834510803,0.6066637635231018,0.5928962826728821,-0.18567639589309692,0.4599812626838684,0.6003716588020325,-0.20296159386634827,0.6020943522453308,0.591891348361969,-0.22321157157421112,0.4635450839996338,0.6010776162147522,-0.23986199498176575,0.5987262725830078,0.585265576839447,-0.1729828268289566,0.4671017527580261,0.5930078625679016,-0.18795481324195862,0.5586308240890503,0.5694378614425659,0.007017289754003286,0.5008469820022583,0.5709018707275391,-0.0070960805751383305,0.5620383024215698,0.7137599587440491,0.004927312955260277,0.49996381998062134,0.7155153155326843,-0.002666094806045294,0.5666645765304565,0.8361013531684875,0.19406946003437042,0.493544340133667,0.8337594866752625,0.18664218485355377,0.5597547292709351,0.8511667847633362,0.20485934615135193,0.4980393946170807,0.8483245968818665,0.1975724995136261,0.5783668160438538,0.8807712197303772,0.06867348402738571,0.4905833303928375,0.8755950927734375,0.0590084083378315
83,draw_tick,a07_s09_e01,0.5346429347991943,0.29798802733421326,-0.34692874550819397,0.5397314429283142,0.2845664620399475,-0.33007103204727173,0.5425698161125183,0.2848430573940277,-0.33008652925491333,0.545455276966095,0.2848508059978485,-0.330081969499588,0.527983546257019,0.2842322587966919,-0.332152396440506,0.5237718224525452,0.2842046618461609,-0.33216995000839233,0.5201323628425598,0.2843504846096039,-0.33219021558761597,0.5497674345970154,0.29106780886650085,-0.20963184535503387,0.5143048763275146,0.2928900122642517,-0.2188710719347,0.5409619212150574,0.31494948267936707,-0.30014342069625854,0.5272806286811829,0.31579887866973877,-0.30298444628715515,0.5805567502975464,0.3801879286766052,-0.11458219587802887,0.4858474135398865,0.3829684555530548,-0.1311040222644806,0.5911083221435547,0.4790607690811157,-0.04317406937479973,0.471626341342926,0.4870510697364807,-0.07382728904485703,0.6026221513748169,0.5641645789146423,-0.14636659622192383,0.4644588530063629,0.5669792890548706,-0.1641731560230255,0.6061417460441589,0.5923835635185242,-0.1751154661178589,0.4574580192565918,0.5948337316513062,-0.19563241302967072,0.6014746427536011,0.5914331078529358,-0.21389059722423553,0.4611241817474365,0.594727635383606,-0.2334313839673996,0.5982142090797424,0.5849188566207886,-0.16356977820396423,0.4648430347442627,0.5872440338134766,-0.18109360337257385,0.5586241483688354,0.5690285563468933,0.007007901556789875,0.5007855892181396,0.5705007314682007,-0.007085437886416912,0.5620452165603638,0.7136337757110596,0.003421888453885913,0.5000492930412292,0.7154372930526733,-0.0032009717542678118,0.5666621923446655,0.8360479474067688,0.19558724761009216,0.4935711920261383,0.8337309956550598,0.18715831637382507,0.5597463846206665,0.8511220812797546,0.20649690926074982,0.49807971715927124,0.8482419848442078,0.19805654883384705,0.5783651471138,0.8806940913200378,0.06927385181188583,0.4905855655670166,0.8755891919136047,0.0595090314745903
84,draw_tick,a07_s09_e01,0.5346308946609497,0.2977396845817566,-0.3497287929058075,0.5397137403488159,0.2844863533973694,-0.3329128623008728,0.542560338973999,0.28478243947029114,-0.3329244554042816,0.5454398989677429,0.28481370210647583,-0.33291715383529663,0.5279723405838013,0.2840798497200012,-0.33501148223876953,0.5237597227096558,0.28404393792152405,-0.3350294530391693,0.5200945138931274,0.2841881811618805,-0.3350471258163452,0.5497463345527649,0.29106655716896057,-0.2113758623600006,0.5142301321029663,0.2927120327949524,-0.22080855071544647,0.5409428477287292,0.3148684799671173,-0.3024287819862366,0.5272464752197266,0.31564661860466003,-0.3053068220615387,0.5805324912071228,0.38003799319267273,-0.113677479326725,0.4858434796333313,0.382905513048172,-0.13096076250076294,0.5910130143165588,0.47887179255485535,-0.04076658934354782,0.47117194533348083,0.485474556684494,-0.07316918671131134,0.6024605631828308,0.5641092658042908,-0.14321623742580414,0.4632085859775543,0.5639551877975464,-0.1655571609735489,0.6057475805282593,0.5921149849891663,-0.17149832844734192,0.45574751496315,0.5920485258102417,-0.19698971509933472,0.6011418104171753,0.5911257266998291,-0.21082644164562225,0.4592766761779785,0.5919018983840942,-0.23572039604187012,0.5980165600776672,0.5846402049064636,-0.1606278419494629,0.4631689488887787,0.5847235321998596,-0.1829412877559662,0.5586234331130981,0.56859290599823,0.007019581738859415,0.5007740259170532,0.5698302388191223,-0.007097779307514429,0.5620452165603638,0.7134512066841125,0.0018953342223539948,0.500252366065979,0.7152386903762817,-0.004592441022396088,0.5666436553001404,0.8360306024551392,0.19509460031986237,0.49358177185058594,0.8337264657020569,0.18689940869808197,0.5596922039985657,0.8511145710945129,0.2059411108493805,0.4981016218662262,0.848210334777832,0.19772131741046906,0.5783549547195435,0.8806241154670715,0.0654233917593956,0.4906103014945984,0.8755926489830017,0.05729611590504646
85,draw_tick,a07_s09_e01,0.5345683097839355,0.2974497973918915,-0.35049110651016235,0.5396782159805298,0.2843778431415558,-0.3336828351020813,0.5425482988357544,0.2846878468990326,-0.3336969017982483,0.5454312562942505,0.2847430109977722,-0.3336883783340454,0.5279046893119812,0.283935546875,-0.335557758808136,0.5236988067626953,0.2839077413082123,-0.3355756402015686,0.5199981331825256,0.2840631902217865,-0.3355938196182251,0.549728512763977,0.2910572290420532,-0.21259920299053192,0.5141598582267761,0.2926275432109833,-0.22130055725574493,0.5409141182899475,0.3147428333759308,-0.3034829795360565,0.5271695852279663,0.31549903750419617,-0.3061312139034271,0.5805299878120422,0.3799378573894501,-0.11444045603275299,0.4858488142490387,0.38284409046173096,-0.13132335245609283,0.5908743143081665,0.479072242975235,-0.04123515635728836,0.47079986333847046,0.4844556748867035,-0.07375366985797882,0.6017869114875793,0.5645167231559753,-0.14247891306877136,0.46218499541282654,0.5642255544662476,-0.16524918377399445,0.6050214171409607,0.5921604037284851,-0.17023108899593353,0.45516237616539,0.5918534398078918,-0.1962776780128479,0.6005348563194275,0.5911774039268494,-0.20952236652374268,0.4584636092185974,0.5918893814086914,-0.2346990406513214,0.5974631905555725,0.584671676158905,-0.1598137468099594,0.46218162775039673,0.5851212739944458,-0.18255987763404846,0.5586162209510803,0.56858229637146,0.007017358206212521,0.5007365345954895,0.5697404742240906,-0.0070959096774458885,0.562048077583313,0.7133747339248657,0.006621013395488262,0.5003677010536194,0.7151468992233276,-0.003149597439914942,0.5666301250457764,0.8360280394554138,0.19567781686782837,0.49365320801734924,0.833711564540863,0.1870604306459427,0.5596598982810974,0.8511162996292114,0.2068273276090622,0.49823522567749023,0.8481782078742981,0.19806857407093048,0.578374981880188,0.8806228041648865,0.06674671918153763,0.49060267210006714,0.8756236433982849,0.0577460452914238
86,draw_tick,a07_s09_e01,0.5345388054847717,0.29734575748443604,-0.34918537735939026,0.539663553237915,0.2843351662158966,-0.3323402404785156,0.5425399541854858,0.2846565246582031,-0.33235546946525574,0.5454227328300476,0.28472039103507996,-0.332346111536026,0.5278864502906799,0.2838650345802307,-0.3341747522354126,0.5236815810203552,0.2838326692581177,-0.3341917395591736,0.519981324672699,0.28397485613822937,-0.3342081904411316,0.5497139692306519,0.29104846715927124,-0.21122391521930695,0.514142632484436,0.29251420497894287,-0.21985717117786407,0.5408861637115479,0.31470349431037903,-0.30220311880111694,0.5271379351615906,0.31541192531585693,-0.30482882261276245,0.5805266499519348,0.3798835575580597,-0.11408866941928864,0.48585790395736694,0.3826276957988739,-0.1301974356174469,0.5906403660774231,0.47907695174217224,-0.03681380674242973,0.4706042408943176,0.48396414518356323,-0.06908634305000305,0.6014073491096497,0.5646955370903015,-0.1344592273235321,0.4616553783416748,0.5626180768013,-0.15828226506710052,0.6043156385421753,0.5922456383705139,-0.16093239188194275,0.4532073140144348,0.5897494554519653,-0.18868432939052582,0.5997463464736938,0.5912288427352905,-0.20040611922740936,0.4564630091190338,0.5895513892173767,-0.22747278213500977,0.5968011617660522,0.5847122669219971,-0.151824951171875,0.46091198921203613,0.5830692648887634,-0.1757376492023468,0.5585449934005737,0.5685843229293823,0.007102183997631073,0.5006279349327087,0.5697214007377625,-0.0071821496821939945,0.5620685815811157,0.7133758664131165,0.007888188585639,0.5004450678825378,0.7151280641555786,-0.0029995753429830074,0.5666293501853943,0.8360408544540405,0.1960257589817047,0.4936745762825012,0.833711564540863,0.18737341463565826,0.5596362352371216,0.8511174917221069,0.20735511183738708,0.49826326966285706,0.8481453657150269,0.19837632775306702,0.5784143805503845,0.8806209564208984,0.06737133115530014,0.4906141757965088,0.8756280541419983,0.05817510560154915
87,draw_tick,a07_s09_e01,0.5345190167427063,0.2972364127635956,-0.3480917811393738,0.5396427512168884,0.2842833399772644,-0.33141782879829407,0.5425276756286621,0.28460803627967834,-0.33143535256385803,0.5453991889953613,0.28467857837677,-0.3314213752746582,0.5278616547584534,0.28380051255226135,-0.33311396837234497,0.523662269115448,0.2837679088115692,-0.3331274688243866,0.5199623703956604,0.28390881419181824,-0.33314675092697144,0.5497103333473206,0.2910071611404419,-0.21068528294563293,0.5141366124153137,0.29244592785835266,-0.2188110649585724,0.5408721566200256,0.31463149189949036,-0.3012637495994568,0.5271265506744385,0.3153322637081146,-0.30372652411460876,0.5805264115333557,0.3798448145389557,-0.11291112005710602,0.4858698844909668,0.3824893832206726,-0.12891952693462372,0.5904937982559204,0.4791451394557953,-0.03700774163007736,0.4704256057739258,0.4836473762989044,-0.06620285660028458,0.6009616851806641,0.5650753378868103,-0.13644719123840332,0.4607354700565338,0.5619154572486877,-0.15685081481933594,0.6037173271179199,0.5924384593963623,-0.16348889470100403,0.4514892101287842,0.5889652371406555,-0.18755124509334564,0.5989437699317932,0.5913882851600647,-0.20262348651885986,0.4545423984527588,0.5885835289955139,-0.22642561793327332,0.5960625410079956,0.5848121047019958,-0.15374089777469635,0.45929431915283203,0.5823072791099548,-0.17444024980068207,0.5584698915481567,0.5685917735099792,0.007114879786968231,0.5005061626434326,0.5697214603424072,-0.007195419631898403,0.5620748400688171,0.713392436504364,0.008844460360705853,0.5004609823226929,0.7151230573654175,-0.0028059249743819237,0.5666247606277466,0.836069643497467,0.19648976624011993,0.4936836361885071,0.8337400555610657,0.18755556643009186,0.5596089363098145,0.8511383533477783,0.20780453085899353,0.4982791841030121,0.8481448888778687,0.19848015904426575,0.5784157514572144,0.8806160092353821,0.06799709796905518,0.4906247556209564,0.8756374716758728,0.05845325067639351
88,draw_tick,a07_s09_e01,0.5344969034194946,0.2971419095993042,-0.3454144597053528,0.5396226048469543,0.28424331545829773,-0.3291444182395935,0.5425178408622742,0.28456631302833557,-0.3291614055633545,0.5453820824623108,0.28464335203170776,-0.32914239168167114,0.5278352499008179,0.2837480902671814,-0.33053499460220337,0.5236409902572632,0.28371283411979675,-0.3305489122867584,0.519943118095398,0.2838495969772339,-0.33057156205177307,0.5497103333473206,0.29098236560821533,-0.21013791859149933,0.5141271352767944,0.2923625707626343,-0.2170449197292328,0.5408576726913452,0.31457337737083435,-0.29923051595687866,0.527114987373352,0.3152485489845276,-0.3013264834880829,0.5805264711380005,0.37982863187789917,-0.1125013455748558,0.4859073758125305,0.3823034465312958,-0.12760116159915924,0.590276837348938,0.4792972505092621,-0.03763536363840103,0.4702646732330322,0.4832761585712433,-0.0650603249669075,0.6000279188156128,0.5653932094573975,-0.1376369297504425,0.459967702627182,0.5612066984176636,-0.155196413397789,0.6028086543083191,0.5928671360015869,-0.16486847400665283,0.4501466155052185,0.5884580016136169,-0.1856374591588974,0.597934901714325,0.5917819738388062,-0.20383083820343018,0.45320773124694824,0.5880540609359741,-0.22427383065223694,0.595039963722229,0.585052490234375,-0.1548747420310974,0.4581978917121887,0.581851065158844,-0.17268379032611847,0.558413028717041,0.5685815215110779,0.007141365669667721,0.5004462003707886,0.5696756839752197,-0.007222894579172134,0.5621001124382019,0.7133945226669312,0.010510407388210297,0.5004926919937134,0.7150886058807373,-0.0026890721637755632,0.5666145086288452,0.8360929489135742,0.1962420493364334,0.4937021732330322,0.8337959051132202,0.18554961681365967,0.5595197677612305,0.8511489033699036,0.20684918761253357,0.4983140528202057,0.8481913208961487,0.19596697390079498,0.5784178972244263,0.8806619644165039,0.06776918470859528,0.49062734842300415,0.8757123351097107,0.05683497339487076
89,draw_tick,a07_s09_e01,0.5344768762588501,0.2971164882183075,-0.3464944064617157,0.5396080017089844,0.28423309326171875,-0.33032315969467163,0.5425110459327698,0.2845541536808014,-0.3303382694721222,0.5453688502311707,0.2846326231956482,-0.3303205966949463,0.527812659740448,0.2837366759777069,-0.33168062567710876,0.5236214399337769,0.28370147943496704,-0.3316977024078369,0.5199288725852966,0.28383669257164,-0.33171966671943665,0.5497061014175415,0.29097503423690796,-0.21120648086071014,0.5141185522079468,0.2923526167869568,-0.21788175404071808,0.5408436059951782,0.31454595923423767,-0.30019626021385193,0.5270956754684448,0.3152104318141937,-0.3022262454032898,0.5805515050888062,0.37980905175209045,-0.11389056593179703,0.48593077063560486,0.38220417499542236,-0.12801295518875122,0.5902212858200073,0.47934186458587646,-0.042255014181137085,0.4701457917690277,0.4830937683582306,-0.06737834960222244,0.5993509292602539,0.5658217668533325,-0.1451503038406372,0.45943307876586914,0.5612393021583557,-0.15948811173439026,0.6019862294197083,0.5931016802787781,-0.17319540679454803,0.4494602680206299,0.588494598865509,-0.1904810070991516,0.5965663194656372,0.5918595790863037,-0.2122214287519455,0.4523014426231384,0.5881378054618835,-0.22914528846740723,0.5937390327453613,0.5850908160209656,-0.16245856881141663,0.4573134481906891,0.5820215344429016,-0.1770302951335907,0.5583204030990601,0.5685707926750183,0.007144606672227383,0.5003726482391357,0.5695996880531311,-0.0072268350049853325,0.5621122717857361,0.7133962512016296,0.010822863318026066,0.500495433807373,0.7149888277053833,-0.002176038920879364,0.5666159987449646,0.8361014723777771,0.1965114176273346,0.4937190115451813,0.8338807821273804,0.18581411242485046,0.5595161318778992,0.8511611819267273,0.2069372832775116,0.49836668372154236,0.8483769297599792,0.19611316919326782,0.5784386992454529,0.8806729912757874,0.06796581298112869,0.4906124174594879,0.8758330941200256,0.05691403150558472
90,draw_tick,a07_s09_e01,0.5344610810279846,0.2970863878726959,-0.34625110030174255,0.5395963191986084,0.2842196822166443,-0.33008888363838196,0.5425052642822266,0.2845398187637329,-0.33010435104370117,0.5453578233718872,0.2846215069293976,-0.3300893008708954,0.5277945399284363,0.283719539642334,-0.33146488666534424,0.523605465888977,0.2836851477622986,-0.33148279786109924,0.51991868019104,0.2838206887245178,-0.33150458335876465,0.5497020483016968,0.2909663915634155,-0.21146269142627716,0.5141116380691528,0.2923305630683899,-0.2179902046918869,0.5408331155776978,0.3145134150981903,-0.2999570667743683,0.5270807147026062,0.3151697814464569,-0.30201226472854614,0.5805521607398987,0.3797125816345215,-0.11498476564884186,0.4859641194343567,0.3820895552635193,-0.12834209203720093,0.5900523662567139,0.4793696403503418,-0.04730378836393356,0.47009482979774475,0.4825490117073059,-0.06847908347845078,0.5986000895500183,0.5660178661346436,-0.1515376716852188,0.4590383470058441,0.5631831288337708,-0.16173242032527924,0.6013157963752747,0.5933292508125305,-0.18035325407981873,0.44921931624412537,0.5901613235473633,-0.19269384443759918,0.5954598188400269,0.5920053720474243,-0.21866199374198914,0.452054888010025,0.5900595784187317,-0.23120427131652832,0.5926035642623901,0.585195004940033,-0.16859638690948486,0.4569198191165924,0.5838950872421265,-0.17917777597904205,0.5581362843513489,0.5685476660728455,0.007220146246254444,0.5003191828727722,0.569483757019043,-0.007304482161998749,0.5621223449707031,0.7133986949920654,0.010602632537484169,0.5005425214767456,0.714825451374054,-0.0022202390246093273,0.566616952419281,0.8361161947250366,0.19620314240455627,0.49372196197509766,0.8339086174964905,0.18535961210727692,0.5595125555992126,0.8511844277381897,0.20653283596038818,0.4983435571193695,0.8484722375869751,0.1957128494977951,0.5784648656845093,0.8806667923927307,0.06752026826143265,0.4906204640865326,0.8758412599563599,0.05638205260038376
91,draw_tick,a07_s09_e01,0.5344483256340027,0.29708245396614075,-0.3356454074382782,0.5395892858505249,0.28420552611351013,-0.3198372423648834,0.5425016283988953,0.2845216989517212,-0.3198566436767578,0.5453497171401978,0.28460535407066345,-0.3198440372943878,0.5277838110923767,0.28370800614356995,-0.32097384333610535,0.5235949158668518,0.2836753726005554,-0.320982962846756,0.5199211835861206,0.28381285071372986,-0.3210054934024811,0.5496994256973267,0.29094764590263367,-0.20356985926628113,0.514110267162323,0.2923086881637573,-0.20878389477729797,0.5408241152763367,0.3144979774951935,-0.29025882482528687,0.5270671248435974,0.3151511549949646,-0.291925847530365,0.5805485248565674,0.3795512914657593,-0.11069108545780182,0.486020028591156,0.38188162446022034,-0.1218782290816307,0.5899819731712341,0.4793761670589447,-0.04695548489689827,0.4700748920440674,0.48238086700439453,-0.06483689695596695,0.5979463458061218,0.5660398602485657,-0.15070182085037231,0.4589753746986389,0.5628038048744202,-0.1561019867658615,0.6008704900741577,0.5933906435966492,-0.17972901463508606,0.4492000639438629,0.5903807282447815,-0.18735018372535706,0.5945319533348083,0.5920140743255615,-0.21791644394397736,0.4520799517631531,0.5902935266494751,-0.22576108574867249,0.5915372967720032,0.5851974487304688,-0.16775423288345337,0.4568905830383301,0.5839344263076782,-0.1735410839319229,0.557806134223938,0.5685374140739441,0.00719440495595336,0.5001339316368103,0.5693768262863159,-0.0072773657739162445,0.5621147751808167,0.7134004235267639,0.010764666832983494,0.5005573034286499,0.714743435382843,-0.0020464500412344933,0.5666525959968567,0.8362005352973938,0.19411669671535492,0.49376410245895386,0.8340833187103271,0.18371304869651794,0.5595553517341614,0.8512975573539734,0.2039499282836914,0.49842342734336853,0.8489478826522827,0.19380596280097961,0.5785154700279236,0.880704939365387,0.06489545106887817,0.4906229078769684,0.8761352896690369,0.054933615028858185
