frame_index,label,video_id,l0_x,l0_y,l0_z,l1_x,l1_y,l1_z,l2_x,l2_y,l2_z,l3_x,l3_y,l3_z,l4_x,l4_y,l4_z,l5_x,l5_y,l5_z,l6_x,l6_y,l6_z,l7_x,l7_y,l7_z,l8_x,l8_y,l8_z,l9_x,l9_y,l9_z,l10_x,l10_y,l10_z,l11_x,l11_y,l11_z,l12_x,l12_y,l12_z,l13_x,l13_y,l13_z,l14_x,l14_y,l14_z,l15_x,l15_y,l15_z,l16_x,l16_y,l16_z,l17_x,l17_y,l17_z,l18_x,l18_y,l18_z,l19_x,l19_y,l19_z,l20_x,l20_y,l20_z,l21_x,l21_y,l21_z,l22_x,l22_y,l22_z,l23_x,l23_y,l23_z,l24_x,l24_y,l24_z,l25_x,l25_y,l25_z,l26_x,l26_y,l26_z,l27_x,l27_y,l27_z,l28_x,l28_y,l28_z,l29_x,l29_y,l29_z,l30_x,l30_y,l30_z,l31_x,l31_y,l31_z,l32_x,l32_y,l32_z
0,draw_tick,a07_s08_e01,0.48992061614990234,0.27591705322265625,-0.39294952154159546,0.4959384500980377,0.261482298374176,-0.38143375515937805,0.4997637867927551,0.26118147373199463,-0.3814365565776825,0.5023898482322693,0.2610781490802765,-0.3814518451690674,0.4845108389854431,0.2621918320655823,-0.3806041181087494,0.4811273217201233,0.2622791528701782,-0.38066136837005615,0.47778552770614624,0.262520432472229,-0.38069841265678406,0.5080237984657288,0.265348345041275,-0.26855143904685974,0.47461920976638794,0.26658719778060913,-0.26495838165283203,0.49758458137512207,0.2894703149795532,-0.34723320603370667,0.48366785049438477,0.29040616750717163,-0.3463278114795685,0.54175865650177,0.34403929114341736,-0.16395379602909088,0.44896942377090454,0.3458736538887024,-0.16027790307998657,0.5539855360984802,0.4491608440876007,-0.09806438535451889,0.43011969327926636,0.44868892431259155,-0.09359905868768692,0.5577644109725952,0.5360303521156311,-0.19628380239009857,0.4124758243560791,0.5339033007621765,-0.1877432018518448,0.5580942630767822,0.5627777576446533,-0.22545292973518372,0.4060145318508148,0.5579510927200317,-0.2169637382030487,0.5520555377006531,0.5611612796783447,-0.2653779685497284,0.40883558988571167,0.5584328770637512,-0.2593541741371155,0.5501405000686646,0.5539714097976685,-0.21315833926200867,0.41262736916542053,0.5528568625450134,-0.2061806172132492,0.5189816355705261,0.5337553024291992,0.005058827809989452,0.46599316596984863,0.5308979749679565,-0.005187287926673889,0.51883465051651,0.6855863928794861,-0.007586923893541098,0.4581335186958313,0.6835885643959045,-0.012765729799866676,0.5183498859405518,0.8073647022247314,0.16939720511436462,0.450847327709198,0.8081486225128174,0.16030259430408478,0.5095235109329224,0.8238801956176758,0.1783079355955124,0.45700377225875854,0.8202453255653381,0.16893066465854645,0.534207284450531,0.8587177395820618,0.0398108996450901,0.44406190514564514,0.8537490963935852,0.029201772063970566
1,draw_tick,a07_s08_e01,0.48990315198898315,0.2758985161781311,-0.39154288172721863,0.4958783686161041,0.2615197002887726,-0.37949103116989136,0.49971428513526917,0.2611917555332184,-0.37948936223983765,0.5024212002754211,0.26108038425445557,-0.37949666380882263,0.48449331521987915,0.2624147832393646,-0.3787382245063782,0.48111146688461304,0.2625274956226349,-0.37879398465156555,0.47777819633483887,0.26276665925979614,-0.3788284659385681,0.5079237222671509,0.2653484642505646,-0.2646844983100891,0.4746512770652771,0.2669779360294342,-0.26174265146255493,0.4975825250148773,0.28920653462409973,-0.3453722596168518,0.48361796140670776,0.29031893610954285,-0.3446071147918701,0.5419849157333374,0.34410449862480164,-0.1577848494052887,0.44899076223373413,0.34584346413612366,-0.15748797357082367,0.5539976358413696,0.44904887676239014,-0.08683456480503082,0.4301651120185852,0.4486868679523468,-0.08884762227535248,0.5585727095603943,0.5356809496879578,-0.18642152845859528,0.41280174255371094,0.5323444604873657,-0.18198750913143158,0.5587234497070312,0.562748908996582,-0.21497130393981934,0.40602821111679077,0.5567156672477722,-0.21125347912311554,0.552512526512146,0.5610745549201965,-0.2557927370071411,0.40888386964797974,0.5573423504829407,-0.2535000443458557,0.5505088567733765,0.5538407564163208,-0.20390817523002625,0.41280636191368103,0.5517362356185913,-0.20047397911548615,0.5189617872238159,0.533612847328186,0.005298846401274204,0.46592506766319275,0.5306918621063232,-0.005427995231002569,0.5188257694244385,0.685072124004364,-0.007699723355472088,0.45814013481140137,0.6835892200469971,-0.018211226910352707,0.5184093713760376,0.8077319860458374,0.1695968359708786,0.4509202539920807,0.8082571625709534,0.16024145483970642,0.5097899436950684,0.8238802552223206,0.17864595353603363,0.4570245146751404,0.8201997876167297,0.16894754767417908,0.5342073440551758,0.8590033650398254,0.04015936329960823,0.4444445073604584,0.8551598787307739,0.029201265424489975
2,draw_tick,a07_s08_e01,0.4899052083492279,0.27578088641166687,-0.38786110281944275,0.4958778917789459,0.2615027129650116,-0.3752050995826721,0.49971407651901245,0.261161208152771,-0.3752034306526184,0.5025087594985962,0.26103290915489197,-0.3752063512802124,0.48449549078941345,0.26243647933006287,-0.3745967447757721,0.48111119866371155,0.2625790536403656,-0.3746489882469177,0.47777873277664185,0.26282772421836853,-0.3746792674064636,0.5079079270362854,0.26533085107803345,-0.25925713777542114,0.47468143701553345,0.26713842153549194,-0.2570100724697113,0.4975985884666443,0.28882452845573425,-0.341443806886673,0.4836122393608093,0.29011690616607666,-0.340880811214447,0.5421923995018005,0.34410953521728516,-0.1540631353855133,0.4490148425102234,0.345833957195282,-0.15381696820259094,0.5540403127670288,0.4488621950149536,-0.08492947369813919,0.4302210807800293,0.448729544878006,-0.08541981875896454,0.5591738820075989,0.5356818437576294,-0.18573293089866638,0.41295966506004333,0.5318077802658081,-0.17779353260993958,0.559167742729187,0.5627728700637817,-0.2145525962114334,0.4060388207435608,0.5561591982841492,-0.2070867121219635,0.5528169274330139,0.561073899269104,-0.25539255142211914,0.4089256823062897,0.5569091439247131,-0.24912376701831818,0.550766110420227,0.553837239742279,-0.2032936066389084,0.412921667098999,0.5513086915016174,-0.1962665617465973,0.518950343132019,0.5336084365844727,0.005464879330247641,0.46589866280555725,0.5306174755096436,-0.0055947499349713326,0.5188187956809998,0.6849215626716614,-0.007991314865648746,0.4581502079963684,0.6836245656013489,-0.0210280604660511,0.5184609293937683,0.8079314827919006,0.17066290974617004,0.4510185122489929,0.8083038330078125,0.16054220497608185,0.5099445581436157,0.8238543272018433,0.1801006942987442,0.4570707678794861,0.8200964331626892,0.16979360580444336,0.5342208743095398,0.8591457009315491,0.04182912036776543,0.44468560814857483,0.855902910232544,0.03042791411280632
3,draw_tick,a07_s08_e01,0.4899936616420746,0.2756298780441284,-0.3781527876853943,0.4959060251712799,0.2614728808403015,-0.3651004433631897,0.4997357726097107,0.26111772656440735,-0.3651004433631897,0.5026272535324097,0.26097121834754944,-0.36509865522384644,0.4845733046531677,0.2624385952949524,-0.36488598585128784,0.4811728894710541,0.2625962495803833,-0.36493486166000366,0.4778384268283844,0.2628520131111145,-0.3649630844593048,0.5078917741775513,0.2652900815010071,-0.24912211298942566,0.4747384190559387,0.2672360837459564,-0.24872279167175293,0.4976888597011566,0.28845304250717163,-0.33182427287101746,0.4836824834346771,0.2898441255092621,-0.33181092143058777,0.542319118976593,0.34409019351005554,-0.14598429203033447,0.44903069734573364,0.345817893743515,-0.14728210866451263,0.5540553331375122,0.44855383038520813,-0.07805870473384857,0.4302287995815277,0.4487324655056,-0.08060799539089203,0.5594769716262817,0.5356835722923279,-0.17987114191055298,0.41320863366127014,0.5314950942993164,-0.17249161005020142,0.5595436692237854,0.5627957582473755,-0.20856459438800812,0.406057208776474,0.5559699535369873,-0.20168837904930115,0.5531648397445679,0.5610816478729248,-0.2491544485092163,0.40900856256484985,0.5567325353622437,-0.24304886162281036,0.551059901714325,0.5538375973701477,-0.1974191516637802,0.41311413049697876,0.5510870814323425,-0.19068530201911926,0.5189441442489624,0.5336057543754578,0.0056490167044103146,0.46587076783180237,0.5306092500686646,-0.005778747610747814,0.5188056230545044,0.6847526431083679,-0.007997485809028149,0.45815935730934143,0.6836501359939575,-0.02117161825299263,0.5184758901596069,0.8079797625541687,0.17057259380817413,0.45106059312820435,0.8084031343460083,0.15833094716072083,0.5100138783454895,0.8237531185150146,0.18001852929592133,0.45708727836608887,0.8200872540473938,0.16751912236213684,0.5342207551002502,0.8592790365219116,0.04178871214389801,0.44484743475914,0.8564331531524658,0.02764778397977352
4,draw_tick,a07_s08_e01,0.49005135893821716,0.27548131346702576,-0.37800469994544983,0.4959304928779602,0.26142898201942444,-0.36510878801345825,0.4997578263282776,0.26105833053588867,-0.36510905623435974,0.502728283405304,0.260895311832428,-0.3651095926761627,0.48462504148483276,0.26243868470191956,-0.36477288603782654,0.4812111258506775,0.2626044452190399,-0.3648226857185364,0.4778776168823242,0.2628656029701233,-0.3648522198200226,0.5078859925270081,0.2652450501918793,-0.2497776448726654,0.4747798442840576,0.26729682087898254,-0.24874229729175568,0.49775752425193787,0.2881292700767517,-0.3318851590156555,0.48373207449913025,0.28957903385162354,-0.33169543743133545,0.5424150228500366,0.3440903127193451,-0.1466943919658661,0.4490496516227722,0.3458150625228882,-0.14749425649642944,0.5540618300437927,0.44842958450317383,-0.07910602539777756,0.4302903711795807,0.44876739382743835,-0.08082963526248932,0.5596546530723572,0.5356978178024292,-0.17994649708271027,0.4136834144592285,0.5314761400222778,-0.17198167741298676,0.5598354339599609,0.562829852104187,-0.20846939086914062,0.40620556473731995,0.5558922290802002,-0.20097112655639648,0.5534185171127319,0.5610983967781067,-0.2489471733570099,0.4092023968696594,0.5566695928573608,-0.24228712916374207,0.5512621402740479,0.5538434982299805,-0.19742216169834137,0.41342177987098694,0.5510381460189819,-0.19014805555343628,0.5189427137374878,0.5336055159568787,0.005767648573964834,0.4658689498901367,0.5305745005607605,-0.0058981990441679955,0.5187953114509583,0.6846951246261597,-0.008313249796628952,0.45815977454185486,0.683670699596405,-0.021930579096078873,0.5184875130653381,0.8080462217330933,0.17057740688323975,0.45107975602149963,0.8084657192230225,0.1581612527370453,0.5100671648979187,0.82370525598526,0.1800369918346405,0.45709580183029175,0.8200750350952148,0.1674548089504242,0.5341922044754028,0.8593669533729553,0.04198724776506424,0.4449370801448822,0.8567911982536316,0.027691572904586792
5,draw_tick,a07_s08_e01,0.49019116163253784,0.275285929441452,-0.3761167526245117,0.4960082173347473,0.26134929060935974,-0.36280491948127747,0.4998258054256439,0.2609592378139496,-0.36280542612075806,0.5028582811355591,0.260778546333313,-0.36280378699302673,0.48475274443626404,0.2624236047267914,-0.3626990020275116,0.48131275177001953,0.26260510087013245,-0.36274850368499756,0.4779733717441559,0.26286739110946655,-0.3627771735191345,0.5078851580619812,0.2651662528514862,-0.24627725780010223,0.474850594997406,0.26733458042144775,-0.24641335010528564,0.4979020059108734,0.2877756655216217,-0.3297033905982971,0.48387661576271057,0.28928864002227783,-0.32981953024864197,0.5424947142601013,0.3441271185874939,-0.14268669486045837,0.44913357496261597,0.34581440687179565,-0.14596648514270782,0.554063081741333,0.4483526051044464,-0.07500576972961426,0.4303482472896576,0.4487309157848358,-0.08006557822227478,0.5597358345985413,0.5357003808021545,-0.17811822891235352,0.41446763277053833,0.5312217473983765,-0.1717842072248459,0.5600161552429199,0.5628513693809509,-0.20695774257183075,0.40645894408226013,0.5557646155357361,-0.20106467604637146,0.5535983443260193,0.56110680103302,-0.24766114354133606,0.4097519814968109,0.5565252900123596,-0.242353156208992,0.5514076352119446,0.553845226764679,-0.19577465951442719,0.4142354130744934,0.550774872303009,-0.18992911279201508,0.5189306735992432,0.5335958003997803,0.006129353307187557,0.465867817401886,0.5305483937263489,-0.006259994115680456,0.5187885165214539,0.6846312880516052,-0.008323977701365948,0.4581894278526306,0.6836795806884766,-0.02297680266201496,0.5185270309448242,0.8080793023109436,0.17089340090751648,0.45108503103256226,0.8085058927536011,0.15758854150772095,0.510140061378479,0.8236276507377625,0.18039336800575256,0.45709428191185,0.8200321793556213,0.16697251796722412,0.5341956615447998,0.8594822287559509,0.04214845597743988,0.4451959729194641,0.8570302724838257,0.026682889088988304
6,draw_tick,a07_s08_e01,0.49048179388046265,0.2750135660171509,-0.36945781111717224,0.496211439371109,0.2612147927284241,-0.35558122396469116,0.5000022649765015,0.26081383228302,-0.3555816411972046,0.5030405521392822,0.2606305480003357,-0.3555755019187927,0.4850735068321228,0.262323260307312,-0.3559016287326813,0.48160281777381897,0.26255351305007935,-0.3559505343437195,0.4782639443874359,0.26283910870552063,-0.35598140954971313,0.507895827293396,0.2650621235370636,-0.23819942772388458,0.4750198721885681,0.26732951402664185,-0.24030649662017822,0.4981308579444885,0.28739529848098755,-0.3228939175605774,0.48420482873916626,0.2888210117816925,-0.32359081506729126,0.5425795316696167,0.3441271483898163,-0.13473476469516754,0.44916287064552307,0.3457774221897125,-0.1425115019083023,0.5540733933448792,0.4482680559158325,-0.06582450121641159,0.43046435713768005,0.44842979311943054,-0.07861627638339996,0.5598077178001404,0.5357238054275513,-0.1687486618757248,0.41559338569641113,0.5304620265960693,-0.16943123936653137,0.5601285696029663,0.5629139542579651,-0.19718028604984283,0.4072290062904358,0.5556840896606445,-0.19885317981243134,0.5537145733833313,0.5611363053321838,-0.2377888709306717,0.4112950265407562,0.5564216375350952,-0.239345520734787,0.5514997839927673,0.5538577437400818,-0.1864151656627655,0.4159087538719177,0.550451934337616,-0.18720674514770508,0.5189135074615479,0.5335949063301086,0.006801983807235956,0.46585097908973694,0.530545175075531,-0.0069321030750870705,0.5187840461730957,0.6846268773078918,-0.007798465434461832,0.45822423696517944,0.6837297677993774,-0.023447882384061813,0.51852947473526,0.8081013560295105,0.17202094197273254,0.45110321044921875,0.8085216879844666,0.1572517454624176,0.5101668834686279,0.823546290397644,0.1815236657857895,0.45709672570228577,0.819972813129425,0.16666817665100098,0.5341883301734924,0.859514057636261,0.04338543862104416,0.4452657699584961,0.8570595383644104,0.02629425749182701
7,draw_tick,a07_s08_e01,0.4907546937465668,0.274772047996521,-0.36752021312713623,0.4964076578617096,0.2610689699649811,-0.35350796580314636,0.5001773834228516,0.2606517970561981,-0.3535090982913971,0.5032073855400085,0.26047125458717346,-0.3535054326057434,0.4853672385215759,0.26221221685409546,-0.35398146510124207,0.48185911774635315,0.2624904215335846,-0.3540306091308594,0.4785199761390686,0.26280584931373596,-0.35406172275543213,0.5079116821289062,0.26494482159614563,-0.2362736165523529,0.4751427173614502,0.2673225998878479,-0.2389862835407257,0.49834689497947693,0.2871035635471344,-0.3210471570491791,0.4844731390476227,0.2884860336780548,-0.321926087141037,0.5426410436630249,0.34412717819213867,-0.13342256844043732,0.44916993379592896,0.34576818346977234,-0.14299044013023376,0.554096519947052,0.44826582074165344,-0.06650008261203766,0.4306517243385315,0.4484192728996277,-0.07936510443687439,0.5598777532577515,0.5360447764396667,-0.16965223848819733,0.416939914226532,0.5309510827064514,-0.17083121836185455,0.5602120757102966,0.563166618347168,-0.19839024543762207,0.4088152050971985,0.5563472509384155,-0.2002667635679245,0.5538355112075806,0.5613100528717041,-0.23857037723064423,0.4139506220817566,0.5570071935653687,-0.2405538111925125,0.5516118407249451,0.5539811253547668,-0.1871611773967743,0.41837185621261597,0.5507100224494934,-0.18850108981132507,0.5189114212989807,0.5336108803749084,0.00765731418505311,0.4658452868461609,0.5305443406105042,-0.007788835559040308,0.5187742114067078,0.6846323609352112,-0.007485441863536835,0.45825377106666565,0.6837681531906128,-0.024946829304099083,0.5185487866401672,0.8081179261207581,0.17422015964984894,0.4511078894138336,0.8085358142852783,0.15730594098567963,0.5101968050003052,0.8234806656837463,0.1839626580476761,0.457097589969635,0.8198330402374268,0.16676518321037292,0.5341625213623047,0.8595849275588989,0.04657309874892235,0.44529780745506287,0.857142984867096,0.026737743988633156
8,draw_tick,a07_s08_e01,0.49101465940475464,0.27454864978790283,-0.3681873679161072,0.49664053320884705,0.2609386146068573,-0.3542110025882721,0.5003868341445923,0.26051485538482666,-0.35421067476272583,0.503388524055481,0.26034560799598694,-0.35420697927474976,0.4856743812561035,0.2620829641819,-0.3547915518283844,0.4821389615535736,0.262399822473526,-0.35484325885772705,0.4787974953651428,0.2627503573894501,-0.35487788915634155,0.5079525709152222,0.26483508944511414,-0.23691463470458984,0.4753151834011078,0.2672937214374542,-0.24015574157238007,0.49857527017593384,0.28685933351516724,-0.3216613829135895,0.48471149802207947,0.2881547808647156,-0.322689950466156,0.5426748991012573,0.3441714346408844,-0.1329060047864914,0.4491880536079407,0.34576231241226196,-0.14414481818675995,0.5541121959686279,0.4482927918434143,-0.06568844616413116,0.4308547377586365,0.4484194815158844,-0.0845746323466301,0.5598940253257751,0.5363819599151611,-0.16911296546459198,0.4182721674442291,0.5315238833427429,-0.1738450676202774,0.560254693031311,0.5634146332740784,-0.19776059687137604,0.4108394980430603,0.5571702122688293,-0.20389345288276672,0.5539177656173706,0.5614701509475708,-0.2377900332212448,0.4169606566429138,0.5575690865516663,-0.24161377549171448,0.5516793131828308,0.5541109442710876,-0.18660761415958405,0.42093998193740845,0.5509008765220642,-0.19030888378620148,0.518896222114563,0.5336340665817261,0.008603251539170742,0.4658038020133972,0.53056401014328,-0.00873932521790266,0.5187705755233765,0.6846307516098022,-0.0070845200680196285,0.4582737982273102,0.6838348507881165,-0.02606840431690216,0.5185593366622925,0.8081271052360535,0.17725424468517303,0.4511120915412903,0.8085498213768005,0.15746107697486877,0.5102044939994812,0.8234277367591858,0.18731561303138733,0.4570978283882141,0.8197291493415833,0.1672661006450653,0.5341622829437256,0.8596878051757812,0.05100945383310318,0.4453979432582855,0.8572081923484802,0.027770766988396645
9,draw_tick,a07_s08_e01,0.49121028184890747,0.2743789851665497,-0.3692670464515686,0.4968326985836029,0.26081958413124084,-0.3543786406517029,0.500566840171814,0.26038992404937744,-0.35438627004623413,0.5035451650619507,0.2602359354496002,-0.3543887734413147,0.4859067499637604,0.2619743347167969,-0.35634249448776245,0.48236265778541565,0.2623243033885956,-0.356401652097702,0.4790135324001312,0.2627042531967163,-0.35644474625587463,0.5080007314682007,0.2647789716720581,-0.23920023441314697,0.47544407844543457,0.2672628164291382,-0.24434784054756165,0.4987219274044037,0.2866874039173126,-0.32200998067855835,0.4848870635032654,0.28791722655296326,-0.3248969614505768,0.5427023768424988,0.34429848194122314,-0.1358710676431656,0.44919389486312866,0.34572142362594604,-0.15294697880744934,0.5541592836380005,0.4483334720134735,-0.06813842058181763,0.43104633688926697,0.44862186908721924,-0.09868762642145157,0.5599697828292847,0.5367149710655212,-0.16984489560127258,0.4201260209083557,0.5336644053459167,-0.1860751062631607,0.5603459477424622,0.5636247396469116,-0.19812758266925812,0.41335612535476685,0.5588324069976807,-0.2161894291639328,0.5540521740913391,0.5616350173950195,-0.2378503531217575,0.4189421534538269,0.5592452883720398,-0.25285497307777405,0.5517920255661011,0.5542503595352173,-0.18718108534812927,0.42270106077194214,0.5520185232162476,-0.20183952152729034,0.5188907384872437,0.5336329936981201,0.009710593149065971,0.4657022953033447,0.5305677652359009,-0.009854034520685673,0.5187689065933228,0.6845626831054688,-0.0043625314719974995,0.4582754671573639,0.6838384866714478,-0.02557801827788353,0.5185611248016357,0.8081297278404236,0.17976155877113342,0.45111942291259766,0.8086159229278564,0.15745128691196442,0.5102060437202454,0.8233680129051208,0.18975834548473358,0.45710739493370056,0.819740355014801,0.16726154088974,0.5341694951057434,0.859747052192688,0.05439617112278938,0.44541507959365845,0.8572695851325989,0.02774631418287754
10,draw_tick,a07_s08_e01,0.49128037691116333,0.27437683939933777,-0.37100452184677124,0.4969426691532135,0.26081591844558716,-0.35674577951431274,0.5006798505783081,0.26038649678230286,-0.35675084590911865,0.5036631226539612,0.26023170351982117,-0.35675305128097534,0.4860175549983978,0.2619785666465759,-0.35802537202835083,0.48248130083084106,0.2623319923877716,-0.3580823838710785,0.47914019227027893,0.2627107501029968,-0.3581222891807556,0.5080823302268982,0.2647741734981537,-0.2412126511335373,0.4755685329437256,0.2672725021839142,-0.24496440589427948,0.498795747756958,0.2866758406162262,-0.32406967878341675,0.4849640429019928,0.2878956198692322,-0.326104998588562,0.5427364110946655,0.34439942240715027,-0.13660024106502533,0.4493369162082672,0.34562233090400696,-0.15498699247837067,0.5541716814041138,0.4483463168144226,-0.06839323788881302,0.4311980605125427,0.4488000273704529,-0.10265816748142242,0.5600112676620483,0.5368853211402893,-0.16742002964019775,0.42238849401474,0.5356590151786804,-0.18850858509540558,0.5603563785552979,0.5638459920883179,-0.19494681060314178,0.41713547706604004,0.5603564977645874,-0.21852588653564453,0.5540815591812134,0.5617846846580505,-0.23427990078926086,0.4221959114074707,0.5606105327606201,-0.2544157803058624,0.5518321990966797,0.5543347597122192,-0.1845286786556244,0.4253380298614502,0.5533300638198853,-0.20389318466186523,0.518843412399292,0.5335901379585266,0.010416993871331215,0.4654785096645355,0.5305851697921753,-0.010568962432444096,0.5187554359436035,0.6845186352729797,-0.0027933502569794655,0.45826292037963867,0.6838425993919373,-0.02524530328810215,0.5185704827308655,0.8081322312355042,0.179263174533844,0.45112794637680054,0.8086751103401184,0.1532554030418396,0.5102076530456543,0.8233499526977539,0.18938609957695007,0.45711207389831543,0.8197534084320068,0.1625669002532959,0.5341922640800476,0.8597857356071472,0.052862394601106644,0.44544467329978943,0.8573922514915466,0.02288925275206566
11,draw_tick,a07_s08_e01,0.4913790822029114,0.2743975520133972,-0.3717730939388275,0.49708136916160583,0.2608180642127991,-0.35798221826553345,0.5008482933044434,0.2603830397129059,-0.3579829931259155,0.5038326382637024,0.2602275311946869,-0.3579833507537842,0.48610296845436096,0.26204022765159607,-0.35890844464302063,0.4825713634490967,0.26240357756614685,-0.35896506905555725,0.47922801971435547,0.2627711892127991,-0.3590041995048523,0.5082504153251648,0.26478227972984314,-0.24235674738883972,0.4756614565849304,0.2673492729663849,-0.24528095126152039,0.4989117980003357,0.28669416904449463,-0.3251318335533142,0.48503631353378296,0.2879577577114105,-0.3267280161380768,0.542798638343811,0.34469911456108093,-0.13623972237110138,0.44959038496017456,0.345350444316864,-0.15688416361808777,0.5542488694190979,0.44853273034095764,-0.0664016455411911,0.43152108788490295,0.44869789481163025,-0.1059003695845604,0.560021162033081,0.5376720428466797,-0.16148817539215088,0.4251507818698883,0.5366395711898804,-0.18956564366817474,0.5603610873222351,0.5642478466033936,-0.187947615981102,0.420943021774292,0.5613111853599548,-0.2191242277622223,0.5541092157363892,0.5620896220207214,-0.22659671306610107,0.4257352948188782,0.5617497563362122,-0.254131019115448,0.551859974861145,0.5546095371246338,-0.17819130420684814,0.4285857081413269,0.5545393824577332,-0.20431415736675262,0.5187889933586121,0.5335975885391235,0.011399408802390099,0.4652315676212311,0.5306640863418579,-0.011562692932784557,0.5187298059463501,0.6845322847366333,-0.001309749437496066,0.45825475454330444,0.6838869452476501,-0.025640437379479408,0.5185729265213013,0.8081309199333191,0.17903593182563782,0.45114970207214355,0.80867999792099,0.1517130583524704,0.510208249092102,0.8232390880584717,0.18896988034248352,0.45711749792099,0.8197475671768188,0.16121098399162292,0.5342369079589844,0.8598388433456421,0.05482790991663933,0.4454800486564636,0.8574048280715942,0.022593172267079353
12,draw_tick,a07_s08_e01,0.49143439531326294,0.27448299527168274,-0.3663763999938965,0.49719327688217163,0.26086848974227905,-0.35328322649002075,0.5009855628013611,0.260417640209198,-0.35327228903770447,0.5039888620376587,0.26025691628456116,-0.3532635569572449,0.48616018891334534,0.26217302680015564,-0.35387831926345825,0.4826289117336273,0.26252835988998413,-0.35393282771110535,0.47928357124328613,0.2628689408302307,-0.3539677560329437,0.5084426999092102,0.2648409605026245,-0.23839369416236877,0.475750595331192,0.2674344480037689,-0.2416735589504242,0.49899181723594666,0.2867773473262787,-0.3201799988746643,0.48507338762283325,0.288103848695755,-0.32143956422805786,0.542868971824646,0.3448958992958069,-0.129815012216568,0.44984346628189087,0.3448615074157715,-0.15465383231639862,0.5543702840805054,0.4485418200492859,-0.058704424649477005,0.4316067695617676,0.44789883494377136,-0.10271154344081879,0.5600224137306213,0.5380781888961792,-0.15258127450942993,0.42783910036087036,0.5365180373191833,-0.18876129388809204,0.5603655576705933,0.5644540190696716,-0.17907561361789703,0.4253196716308594,0.5612211227416992,-0.21825703978538513,0.5541163682937622,0.5622369050979614,-0.21732160449028015,0.43088412284851074,0.5616295337677002,-0.2501690685749054,0.551864504814148,0.5547321438789368,-0.16906091570854187,0.43319106101989746,0.5544783473014832,-0.20232167840003967,0.5186924934387207,0.5335962176322937,0.011875269934535027,0.46510395407676697,0.5306808352470398,-0.012037229724228382,0.5186787843704224,0.6845099925994873,0.0006638464983552694,0.4582456946372986,0.6838656067848206,-0.025517547503113747,0.5185396075248718,0.8081263303756714,0.1788244992494583,0.4511525630950928,0.808637261390686,0.14795374870300293,0.51017165184021,0.8231800198554993,0.18844012916088104,0.45711249113082886,0.8196617364883423,0.15696758031845093,0.5342495441436768,0.8599768877029419,0.05386100336909294,0.44556206464767456,0.8573825359344482,0.018891220912337303
13,draw_tick,a07_s08_e01,0.4914713501930237,0.2748073637485504,-0.36767518520355225,0.4972989559173584,0.2610732614994049,-0.354554682970047,0.5011143088340759,0.2605961561203003,-0.35454240441322327,0.5041409730911255,0.2604163587093353,-0.3545338809490204,0.4861964285373688,0.26249822974205017,-0.35510262846946716,0.4826714098453522,0.262800395488739,-0.3551561236381531,0.4793183207511902,0.26307880878448486,-0.35519134998321533,0.5086469650268555,0.2650025486946106,-0.23893038928508759,0.4758392870426178,0.26760920882225037,-0.2424677610397339,0.4990499019622803,0.287090003490448,-0.3212946057319641,0.48508816957473755,0.288522869348526,-0.3225138187408447,0.542914092540741,0.3449622094631195,-0.1283331662416458,0.45016154646873474,0.3441427946090698,-0.1546788364648819,0.5544175505638123,0.4485462009906769,-0.05574352666735649,0.4319790005683899,0.44666215777397156,-0.10530070960521698,0.5600354075431824,0.538432776927948,-0.1512092798948288,0.43355637788772583,0.5364359617233276,-0.19016550481319427,0.56038898229599,0.5646825432777405,-0.17853495478630066,0.43211203813552856,0.5611385703086853,-0.2202608585357666,0.5541190505027771,0.5624428987503052,-0.2174103558063507,0.4387938380241394,0.5613547563552856,-0.2511017918586731,0.5518672466278076,0.5548914074897766,-0.16794899106025696,0.4411500096321106,0.5542036294937134,-0.2031790316104889,0.5186892151832581,0.5336514711380005,0.01271461695432663,0.46519404649734497,0.5307977795600891,-0.012870123609900475,0.5186211466789246,0.6845110654830933,0.0060542793944478035,0.4582291543483734,0.6839826107025146,-0.02231384441256523,0.5185040235519409,0.808129608631134,0.18161597847938538,0.4511544704437256,0.8086331486701965,0.14895793795585632,0.5100664496421814,0.8231733441352844,0.19094537198543549,0.45710882544517517,0.8196050524711609,0.15816283226013184,0.5342877507209778,0.860127866268158,0.05709599703550339,0.4457398056983948,0.8573864698410034,0.01962796412408352
14,draw_tick,a07_s08_e01,0.49153512716293335,0.2748851776123047,-0.3414986729621887,0.4974205493927002,0.26113203167915344,-0.32727810740470886,0.5012533664703369,0.26064926385879517,-0.3272657096385956,0.5042979121208191,0.2604706585407257,-0.3272516429424286,0.4862571358680725,0.2626168131828308,-0.32784420251846313,0.48273739218711853,0.2629189193248749,-0.3278807997703552,0.4793853163719177,0.26317787170410156,-0.32790443301200867,0.5088673830032349,0.26510336995124817,-0.2098613679409027,0.47598499059677124,0.2677387595176697,-0.21407930552959442,0.49917468428611755,0.2872091829776764,-0.2949119508266449,0.4851413369178772,0.28864070773124695,-0.29621025919914246,0.5429373383522034,0.34547626972198486,-0.10212578624486923,0.4506039023399353,0.34327206015586853,-0.13042910397052765,0.554519534111023,0.44863638281822205,-0.032474007457494736,0.43262410163879395,0.44378891587257385,-0.0898464098572731,0.5600088834762573,0.5386251211166382,-0.1320744752883911,0.43995246291160583,0.5301880240440369,-0.17978724837303162,0.560316264629364,0.5648332238197327,-0.16142895817756653,0.43924421072006226,0.5564982891082764,-0.21262776851654053,0.5540432333946228,0.5625473260879517,-0.20043575763702393,0.44658955931663513,0.5546608567237854,-0.24045518040657043,0.5518177151679993,0.5549819469451904,-0.14905810356140137,0.44934457540512085,0.547477126121521,-0.19148088991641998,0.5186865925788879,0.534102201461792,0.013017041608691216,0.46563488245010376,0.5310462117195129,-0.013150297105312347,0.5186014175415039,0.6844940781593323,0.006793037056922913,0.45818790793418884,0.6840364933013916,-0.021468203514814377,0.5184875726699829,0.8081112504005432,0.1824139654636383,0.4511508345603943,0.8086104989051819,0.14957723021507263,0.5099989175796509,0.8231318593025208,0.19169221818447113,0.45709580183029175,0.8194938898086548,0.15866675972938538,0.5343793630599976,0.8602863550186157,0.05763782188296318,0.4459996819496155,0.8573761582374573,0.019480805844068527
15,draw_tick,a07_s08_e01,0.4915536046028137,0.2750421464443207,-0.3341006934642792,0.49748000502586365,0.2612801790237427,-0.31962087750434875,0.5013288259506226,0.26079368591308594,-0.31960949301719666,0.5044059157371521,0.2606109380722046,-0.31959623098373413,0.4862748682498932,0.2628144919872284,-0.3200756907463074,0.4827670454978943,0.2630888521671295,-0.32010820508003235,0.47942084074020386,0.2633131146430969,-0.32013243436813354,0.5091150999069214,0.26529619097709656,-0.20135554671287537,0.4761742055416107,0.2678869366645813,-0.20508205890655518,0.49928268790245056,0.2874017655849457,-0.2872464954853058,0.48517394065856934,0.288813978433609,-0.2883909046649933,0.5429936647415161,0.3457411229610443,-0.09322866052389145,0.45127373933792114,0.34267309308052063,-0.12211644649505615,0.5547420978546143,0.4486736059188843,-0.02491183578968048,0.43320196866989136,0.44119951128959656,-0.08636385947465897,0.5599931478500366,0.538744330406189,-0.12594792246818542,0.445963054895401,0.5241429805755615,-0.17980130016803741,0.5602138638496399,0.5649079084396362,-0.15619933605194092,0.4459470808506012,0.5497750639915466,-0.2129325419664383,0.5538569688796997,0.5625874400138855,-0.19506549835205078,0.45435619354248047,0.5459854602813721,-0.24095439910888672,0.5516448020935059,0.5550237894058228,-0.14291001856327057,0.45660752058029175,0.5375693440437317,-0.1914544701576233,0.5186842679977417,0.5348312854766846,0.013461659662425518,0.46588462591171265,0.5313866138458252,-0.013578372076153755,0.5185980796813965,0.6845573782920837,0.00838433112949133,0.45805564522743225,0.6841069459915161,-0.019996050745248795,0.5184853672981262,0.8081156611442566,0.18867197632789612,0.451160728931427,0.8085880875587463,0.15289470553398132,0.5099595785140991,0.8231250643730164,0.1984795331954956,0.45710673928260803,0.8194158673286438,0.16220298409461975,0.5344412922859192,0.8603805303573608,0.06398750096559525,0.44633451104164124,0.8573516011238098,0.022214410826563835
16,draw_tick,a07_s08_e01,0.4915664792060852,0.2751110792160034,-0.3156922459602356,0.49753111600875854,0.26137298345565796,-0.3012186884880066,0.5013895034790039,0.26090046763420105,-0.3012082874774933,0.504499614238739,0.2607256770133972,-0.30120110511779785,0.4863005578517914,0.2629072070121765,-0.3011811077594757,0.4828105568885803,0.2631767988204956,-0.3012119233608246,0.4794796407222748,0.26339006423950195,-0.301230251789093,0.5093454122543335,0.2655271887779236,-0.18302738666534424,0.4764447808265686,0.26801183819770813,-0.1847451627254486,0.49935799837112427,0.2875547707080841,-0.26889556646347046,0.485189288854599,0.2889160215854645,-0.2694684863090515,0.5431117415428162,0.34610965847969055,-0.07810991257429123,0.45187240839004517,0.342007577419281,-0.10421055555343628,0.5549062490463257,0.44885748624801636,-0.017888113856315613,0.4348476529121399,0.4379349648952484,-0.08472253382205963,0.5599291920661926,0.5387518405914307,-0.12408902496099472,0.45406657457351685,0.5144782662391663,-0.19830015301704407,0.5599920153617859,0.5649365782737732,-0.1564997136592865,0.45443597435951233,0.5406961441040039,-0.2368122786283493,0.5535790324211121,0.5625898241996765,-0.1951887309551239,0.4626261293888092,0.534879744052887,-0.26232433319091797,0.551362156867981,0.5550253987312317,-0.1410212218761444,0.46420854330062866,0.5253833532333374,-0.2096320390701294,0.5186821818351746,0.5350849628448486,0.013567144982516766,0.4659428596496582,0.5315644145011902,-0.013673136942088604,0.518584132194519,0.684627115726471,0.0071332259103655815,0.45798927545547485,0.6841113567352295,-0.020598387345671654,0.5184877514839172,0.8081531524658203,0.186940997838974,0.4511869549751282,0.8086106777191162,0.15203838050365448,0.5099145174026489,0.8231531977653503,0.19664713740348816,0.457142174243927,0.8194182515144348,0.16123323142528534,0.534476637840271,0.8605344295501709,0.0619792640209198,0.4466155171394348,0.8574098944664001,0.02096324786543846
17,draw_tick,a07_s08_e01,0.4915926456451416,0.2752315104007721,-0.2853909134864807,0.497611939907074,0.26150888204574585,-0.269605815410614,0.5014752149581909,0.2610388994216919,-0.2695985734462738,0.5046283602714539,0.2608563303947449,-0.269593209028244,0.4863436818122864,0.26306894421577454,-0.2695266008377075,0.48285865783691406,0.26331689953804016,-0.2695593237876892,0.479552686214447,0.2635098993778229,-0.26956990361213684,0.5096223950386047,0.2657639682292938,-0.1482612043619156,0.4767211079597473,0.26818254590034485,-0.14955352246761322,0.4994576573371887,0.28778985142707825,-0.2378041297197342,0.4852170944213867,0.28914347290992737,-0.2382783591747284,0.5432566404342651,0.346713125705719,-0.047220438718795776,0.45284780859947205,0.34107398986816406,-0.07632260769605637,0.5549790859222412,0.4491994082927704,0.0021421159617602825,0.4376235008239746,0.4313473701477051,-0.08648505806922913,0.5598577260971069,0.538602888584137,-0.1065945252776146,0.45824185013771057,0.4986433684825897,-0.25079625844955444,0.5597882270812988,0.5648760199546814,-0.14094914495944977,0.4596121907234192,0.5240164995193481,-0.29645267128944397,0.5532671809196472,0.5625123977661133,-0.17829255759716034,0.46680575609207153,0.5168131589889526,-0.3193425238132477,0.5510403513908386,0.5549528002738953,-0.12312719970941544,0.4679384231567383,0.5082113146781921,-0.2625429630279541,0.5186659693717957,0.5353266000747681,0.013590393587946892,0.4659648835659027,0.5317906737327576,-0.013683466240763664,0.5185701847076416,0.6845827102661133,0.0013792752288281918,0.45797666907310486,0.684113621711731,-0.02620246447622776,0.5184909105300903,0.8082044124603271,0.1833779215812683,0.45126229524612427,0.8086315989494324,0.14470075070858002,0.5098831057548523,0.8232239484786987,0.19303390383720398,0.4573335647583008,0.8194276094436646,0.1533941924571991,0.5344794392585754,0.8606869578361511,0.055222589522600174,0.4468751847743988,0.857514500617981,0.010911749675869942
18,draw_tick,a07_s08_e01,0.4916014075279236,0.27536898851394653,-0.27546900510787964,0.49766087532043457,0.26168912649154663,-0.25908011198043823,0.5015401840209961,0.2612204849720001,-0.25907349586486816,0.5047528743743896,0.26102009415626526,-0.25906652212142944,0.4863661825656891,0.2632637917995453,-0.25932031869888306,0.48288726806640625,0.26347699761390686,-0.25935572385787964,0.47960495948791504,0.26366353034973145,-0.2593696415424347,0.509895384311676,0.2660520672798157,-0.13548043370246887,0.476956307888031,0.2684440314769745,-0.13811421394348145,0.49952322244644165,0.2881268560886383,-0.2271348536014557,0.4852449893951416,0.28945228457450867,-0.22801367938518524,0.5434166789054871,0.3468736410140991,-0.03190363198518753,0.4537590444087982,0.34013447165489197,-0.0718957707285881,0.5549980401992798,0.4493810534477234,0.01473477017134428,0.44056087732315063,0.4256567358970642,-0.10362444072961807,0.5599063634872437,0.538166880607605,-0.09021776914596558,0.46364888548851013,0.4812328517436981,-0.28334036469459534,0.5597935318946838,0.5645114183425903,-0.12297020852565765,0.46667271852493286,0.5045992732048035,-0.33079835772514343,0.5532457828521729,0.562244176864624,-0.15973247587680817,0.47400131821632385,0.49832817912101746,-0.3520076870918274,0.5510257482528687,0.5547794103622437,-0.10647203773260117,0.4747864305973053,0.49061471223831177,-0.29491373896598816,0.518606424331665,0.5358930230140686,0.015240408480167389,0.46596312522888184,0.5319988131523132,-0.015308773145079613,0.5184322595596313,0.6845898032188416,0.0008388628484681249,0.45800766348838806,0.6841167211532593,-0.03130299225449562,0.5184818506240845,0.8082327246665955,0.18181344866752625,0.45131978392601013,0.8086429238319397,0.13796858489513397,0.5097559690475464,0.8232572078704834,0.1911098212003708,0.4573863446712494,0.8194483518600464,0.1463886946439743,0.5344815850257874,0.8607438802719116,0.05185215547680855,0.4470914304256439,0.8575885891914368,0.0023450807202607393
19,draw_tick,a07_s08_e01,0.49171072244644165,0.2754098176956177,-0.2772979736328125,0.49783414602279663,0.26172778010368347,-0.25989699363708496,0.501758337020874,0.26125621795654297,-0.25989285111427307,0.5050308108329773,0.26105135679244995,-0.2598876655101776,0.48644861578941345,0.2633679509162903,-0.2600574791431427,0.48298120498657227,0.2636004686355591,-0.2600952684879303,0.47969526052474976,0.26380953192710876,-0.2601125240325928,0.510299563407898,0.2661995589733124,-0.13258297741413116,0.4771716594696045,0.2687654197216034,-0.13507039844989777,0.4998567998409271,0.28836819529533386,-0.22787901759147644,0.4854282736778259,0.2897411584854126,-0.22875425219535828,0.5436562895774841,0.3473426103591919,-0.029957240447402,0.4548375606536865,0.339429646730423,-0.07408769428730011,0.5551555156707764,0.44975584745407104,0.00975657906383276,0.44391417503356934,0.4209921956062317,-0.14490079879760742,0.5599042177200317,0.5378716588020325,-0.0885268896818161,0.4693804383277893,0.46470674872398376,-0.35350358486175537,0.5597759485244751,0.5644286870956421,-0.12016831338405609,0.47697368264198303,0.4862540662288666,-0.404923677444458,0.5532447695732117,0.562140703201294,-0.15508316457271576,0.4838348925113678,0.4766378402709961,-0.4214910864830017,0.5510332584381104,0.5547009706497192,-0.10384144634008408,0.48276862502098083,0.47067272663116455,-0.36420395970344543,0.51857990026474,0.5360468029975891,0.016260387375950813,0.4659816324710846,0.532027006149292,-0.016311174258589745,0.5183748602867126,0.684586763381958,-0.0003346647135913372,0.45803943276405334,0.6841213703155518,-0.03305273875594139,0.5184820890426636,0.8082306385040283,0.18572942912578583,0.4514748454093933,0.8089414834976196,0.14009253680706024,0.5096964836120605,0.8232364058494568,0.19576361775398254,0.4575505256652832,0.8199843764305115,0.1488780677318573,0.5344468951225281,0.8607833981513977,0.05457158014178276,0.447126567363739,0.8577996492385864,0.003365603042766452
20,draw_tick,a07_s08_e01,0.4919181764125824,0.2754264771938324,-0.23561044037342072,0.4979821741580963,0.2617807388305664,-0.21690893173217773,0.5019291639328003,0.2612955570220947,-0.2169034779071808,0.5052770972251892,0.2610759437084198,-0.21688778698444366,0.48659181594848633,0.26351669430732727,-0.21750743687152863,0.4831565022468567,0.26376762986183167,-0.2175394594669342,0.4798754155635834,0.26401689648628235,-0.21756413578987122,0.5105946660041809,0.26630815863609314,-0.08879756927490234,0.47751015424728394,0.2691905200481415,-0.0930684357881546,0.5003981590270996,0.2885187864303589,-0.18625792860984802,0.4859108328819275,0.2899046540260315,-0.1877209097146988,0.5438441038131714,0.3476429581642151,0.007608343847095966,0.456265926361084,0.33891552686691284,-0.05104515701532364,0.5551592707633972,0.4497799277305603,0.04147021099925041,0.4458848536014557,0.4067286550998688,-0.16627849638462067,0.5598482489585876,0.5376609563827515,-0.04106100648641586,0.47301268577575684,0.4417465329170227,-0.3999674916267395,0.5597036480903625,0.5644122958183289,-0.06792564690113068,0.4804430902004242,0.4603787660598755,-0.454289972782135,0.5532075762748718,0.5621086359024048,-0.10077200829982758,0.4887583255767822,0.4527677595615387,-0.46555107831954956,0.5510293245315552,0.554678201675415,-0.05505599454045296,0.48749375343322754,0.44784021377563477,-0.40956348180770874,0.518574595451355,0.5360528230667114,0.017739295959472656,0.4659840166568756,0.5320149660110474,-0.01777080073952675,0.5183717012405396,0.684597373008728,-0.007991202175617218,0.458045095205307,0.6841104626655579,-0.03826361149549484,0.5184758901596069,0.8081035017967224,0.19050724804401398,0.4519786238670349,0.8089553713798523,0.14156891405582428,0.5095090270042419,0.8230802416801453,0.2019617259502411,0.4581758975982666,0.820009171962738,0.15043076872825623,0.5343383550643921,0.8607891201972961,0.06055979058146477,0.4471791684627533,0.8578022122383118,0.005331648513674736
21,draw_tick,a07_s08_e01,0.4924386441707611,0.2754780352115631,-0.2136254608631134,0.4983368515968323,0.2620173990726471,-0.193982794880867,0.5022702813148499,0.2615441679954529,-0.19397175312042236,0.5056771039962769,0.2613327205181122,-0.19393984973430634,0.48698797821998596,0.2637176215648651,-0.1969119757413864,0.48354560136795044,0.2639344334602356,-0.1969423145055771,0.48024782538414,0.2641981244087219,-0.1969747692346573,0.510804295539856,0.26663485169410706,-0.06219030171632767,0.47786393761634827,0.2696026563644409,-0.07767485082149506,0.5011099576950073,0.28866761922836304,-0.16286566853523254,0.48657315969467163,0.28998497128486633,-0.1676190346479416,0.5438787937164307,0.34763988852500916,0.033507347106933594,0.4572267532348633,0.33778202533721924,-0.052296124398708344,0.5551634430885315,0.44962018728256226,0.06805790960788727,0.4484194815158844,0.3926960825920105,-0.19980353116989136,0.5598078370094299,0.5376296639442444,0.003637493122369051,0.478581964969635,0.4208186864852905,-0.4353415369987488,0.559671938419342,0.5643889307975769,-0.0166001096367836,0.4874417185783386,0.4336923062801361,-0.48979514837265015,0.5531694293022156,0.5620930790901184,-0.04925469309091568,0.49547019600868225,0.4281582534313202,-0.49487972259521484,0.5510067343711853,0.5546786785125732,-0.009917390532791615,0.493903249502182,0.4245290458202362,-0.4427911639213562,0.5185772776603699,0.5361100435256958,0.02142827957868576,0.4659827649593353,0.5325080752372742,-0.021462146192789078,0.5183676481246948,0.6851475238800049,-0.007416942622512579,0.45805320143699646,0.6843041181564331,-0.0445207841694355,0.5184663534164429,0.8079643845558167,0.19772692024707794,0.45260849595069885,0.809100866317749,0.13819342851638794,0.5092825293540955,0.8226771950721741,0.21010014414787292,0.4589008390903473,0.8201826810836792,0.1478472501039505,0.5340750813484192,0.8607574105262756,0.0723368376493454,0.4472755491733551,0.8578251600265503,0.0014296697918325663
22,draw_tick,a07_s08_e01,0.4928235113620758,0.27555328607559204,-0.20597553253173828,0.4987071454524994,0.2622615098953247,-0.18615874648094177,0.5026823282241821,0.2618214786052704,-0.18613781034946442,0.5061339139938354,0.2616519033908844,-0.18609502911567688,0.4873015880584717,0.2638627886772156,-0.19077317416667938,0.48383602499961853,0.26404568552970886,-0.19081607460975647,0.4805445075035095,0.2643337547779083,-0.19086596369743347,0.5111121535301208,0.26696956157684326,-0.051795631647109985,0.47814130783081055,0.2699168622493744,-0.07541370391845703,0.5017057061195374,0.2886916399002075,-0.15385182201862335,0.4868583083152771,0.28998860716819763,-0.16101670265197754,0.543952226638794,0.34770336747169495,0.046825483441352844,0.45791831612586975,0.33460912108421326,-0.06477846205234528,0.5551670789718628,0.4496069550514221,0.07678059488534927,0.4516445994377136,0.3711315393447876,-0.2592478394508362,0.5598042011260986,0.5376411080360413,0.02040616050362587,0.48310136795043945,0.39733853936195374,-0.5111923813819885,0.5596660375595093,0.5643919706344604,0.005101445596665144,0.4932044446468353,0.4092835485935211,-0.5677129030227661,0.5531455278396606,0.5620847940444946,-0.027252305299043655,0.5000497698783875,0.4070568382740021,-0.5646011233329773,0.550986647605896,0.5546745657920837,0.007275902666151524,0.49850353598594666,0.40380823612213135,-0.5161791443824768,0.5187753438949585,0.5360780358314514,0.02689298614859581,0.46598201990127563,0.5327971577644348,-0.0269717238843441,0.5184424519538879,0.6853904724121094,-0.00691412016749382,0.4580628275871277,0.6843689680099487,-0.04903222247958183,0.5183889269828796,0.8078215718269348,0.208343505859375,0.4530397951602936,0.8092983961105347,0.13807053864002228,0.5089120268821716,0.822256326675415,0.22194842994213104,0.4592599868774414,0.8204342126846313,0.14821335673332214,0.5337204337120056,0.860653281211853,0.08757413923740387,0.4473154544830322,0.8580285906791687,0.0014949801843613386
23,draw_tick,a07_s08_e01,0.4928385317325592,0.27559852600097656,-0.2112865000963211,0.4987265169620514,0.2624019384384155,-0.1917204111814499,0.502747118473053,0.26198092103004456,-0.19169636070728302,0.5062730312347412,0.261863112449646,-0.19164837896823883,0.48730501532554626,0.26391616463661194,-0.1955130696296692,0.48384952545166016,0.2640901803970337,-0.19555456936359406,0.4805711805820465,0.2644050717353821,-0.19559821486473083,0.5112722516059875,0.2671016752719879,-0.05760714411735535,0.4782678484916687,0.2699751555919647,-0.07770557701587677,0.5017955303192139,0.2886945605278015,-0.1591985672712326,0.4868541657924652,0.28999802470207214,-0.16534879803657532,0.5439701676368713,0.3475480079650879,0.041595496237277985,0.45888233184814453,0.33193355798721313,-0.06900698691606522,0.5551220178604126,0.44940871000289917,0.07006309181451797,0.45527228713035583,0.3627570867538452,-0.2708395719528198,0.5598026514053345,0.5376394987106323,0.017183568328619003,0.4919024109840393,0.37562504410743713,-0.5209907293319702,0.5596646070480347,0.5643908977508545,0.004160636570304632,0.5037479996681213,0.3840238153934479,-0.5766724348068237,0.5531207323074341,0.5620299577713013,-0.02807893231511116,0.5090088248252869,0.38008368015289307,-0.5699503421783447,0.5509646534919739,0.5546055436134338,0.004613114520907402,0.5066772699356079,0.37690654397010803,-0.5245531797409058,0.5189558267593384,0.5359270572662354,0.028969019651412964,0.4659822881221771,0.532837986946106,-0.02908986248075962,0.5186786651611328,0.6854071021080017,-0.0063383327797055244,0.4580816328525543,0.684368908405304,-0.050466954708099365,0.5182985067367554,0.8076393008232117,0.21025805175304413,0.45314526557922363,0.8093889355659485,0.1389159858226776,0.5085617303848267,0.8219668865203857,0.22399954497814178,0.45926618576049805,0.8205305337905884,0.14905229210853577,0.5334925055503845,0.8606112599372864,0.08900148421525955,0.44733911752700806,0.8581448197364807,0.0024633989669382572
24,draw_tick,a07_s08_e01,0.49294543266296387,0.27589160203933716,-0.21625766158103943,0.49887704849243164,0.2628399431705475,-0.19570639729499817,0.502923846244812,0.26241713762283325,-0.1956872045993805,0.5064940452575684,0.26228946447372437,-0.19565479457378387,0.48742955923080444,0.26413020491600037,-0.20020532608032227,0.4839596748352051,0.2642694413661957,-0.20024144649505615,0.48065727949142456,0.264590322971344,-0.20028576254844666,0.5114282369613647,0.26731711626052856,-0.05851181223988533,0.4784204959869385,0.2700141370296478,-0.08151839673519135,0.5019083619117737,0.2888244092464447,-0.163054957985878,0.4868972897529602,0.29029038548469543,-0.1700880229473114,0.5439748167991638,0.3478751480579376,0.04110478609800339,0.45936107635498047,0.3299875557422638,-0.07373150438070297,0.5550850629806519,0.4493749439716339,0.07030237466096878,0.4609869122505188,0.3564801812171936,-0.2946128845214844,0.5598056316375732,0.5376533269882202,0.02060535177588463,0.5007050037384033,0.35609593987464905,-0.5411525368690491,0.5596848726272583,0.564399003982544,0.008265229873359203,0.5125001668930054,0.358638197183609,-0.5979422330856323,0.553146243095398,0.5620132088661194,-0.02352786436676979,0.5151463747024536,0.35524871945381165,-0.5903510451316833,0.5509881973266602,0.5545690059661865,0.008239302784204483,0.5119847655296326,0.35495564341545105,-0.544915497303009,0.5189943909645081,0.5358893871307373,0.03150555118918419,0.46598130464553833,0.5328577756881714,-0.031652435660362244,0.5188570022583008,0.6854578852653503,-0.00574489077553153,0.4581252634525299,0.684353768825531,-0.04923555627465248,0.5181758403778076,0.807537317276001,0.22062890231609344,0.4533209204673767,0.8093293309211731,0.14875832200050354,0.5083785057067871,0.8218094706535339,0.23529258370399475,0.4592665731906891,0.8204087018966675,0.16080449521541595,0.5334544777870178,0.8605707287788391,0.0971672534942627,0.44735708832740784,0.8581483960151672,0.01008396316319704
25,draw_tick,a07_s08_e01,0.49307781457901,0.27627965807914734,-0.22916749119758606,0.49900704622268677,0.26318469643592834,-0.20825619995594025,0.5030374526977539,0.26272818446159363,-0.2082405835390091,0.5066067576408386,0.26257163286209106,-0.20821496844291687,0.487617164850235,0.2642683684825897,-0.21284282207489014,0.48411649465560913,0.2643711566925049,-0.2128755748271942,0.48077312111854553,0.2646821439266205,-0.2129223644733429,0.5114410519599915,0.2675396800041199,-0.07007165253162384,0.4785507321357727,0.2700638473033905,-0.09325677901506424,0.5019012689590454,0.2891428768634796,-0.17587074637413025,0.48691099882125854,0.29065239429473877,-0.18289367854595184,0.5440627932548523,0.34837377071380615,0.03170222043991089,0.45954543352127075,0.33014896512031555,-0.08713988959789276,0.5551765561103821,0.4500676989555359,0.06613458693027496,0.46240949630737305,0.3549756705760956,-0.31263267993927,0.5598143935203552,0.5377682447433472,0.02225569263100624,0.5081982612609863,0.33770859241485596,-0.55353844165802,0.5597049593925476,0.5645405054092407,0.010888436809182167,0.518876850605011,0.33397382497787476,-0.6111940741539001,0.5531604886054993,0.5620462894439697,-0.021493803709745407,0.5216403603553772,0.33034417033195496,-0.6019015312194824,0.5510019063949585,0.5545768737792969,0.009827491827309132,0.5180026292800903,0.33130770921707153,-0.5568383932113647,0.5189954042434692,0.5358867645263672,0.03250660002231598,0.4659600257873535,0.5329583883285522,-0.03266192972660065,0.5190531015396118,0.6855887174606323,-0.0036945058964192867,0.45821064710617065,0.6842252612113953,-0.047657422721385956,0.5181275010108948,0.8075351715087891,0.22771558165550232,0.45345768332481384,0.8089243173599243,0.1603289693593979,0.5082624554634094,0.8217950463294983,0.24269041419029236,0.45926228165626526,0.8198812007904053,0.17320220172405243,0.5333610773086548,0.8605796694755554,0.1022571474313736,0.447352796792984,0.8581194281578064,0.022141505032777786
26,draw_tick,a07_s08_e01,0.49312084913253784,0.2762998342514038,-0.23717975616455078,0.4990236759185791,0.2632061243057251,-0.21590633690357208,0.5030446648597717,0.26274049282073975,-0.2158888876438141,0.5066109895706177,0.2625775635242462,-0.215863898396492,0.4877550005912781,0.26428350806236267,-0.22091762721538544,0.48426389694213867,0.26439040899276733,-0.2209508717060089,0.48091429471969604,0.2647114098072052,-0.22099879384040833,0.5114706158638,0.2675839364528656,-0.07667811959981918,0.47873908281326294,0.2700822651386261,-0.10226388275623322,0.5018123984336853,0.28922271728515625,-0.1841847151517868,0.4869256913661957,0.2907482087612152,-0.19133643805980682,0.544105052947998,0.3485340476036072,0.02521110139787197,0.45959973335266113,0.3301679491996765,-0.10713024437427521,0.555371105670929,0.4504140615463257,0.06135835498571396,0.46414828300476074,0.3518446087837219,-0.3352603614330292,0.5599071979522705,0.5377687811851501,0.016371432691812515,0.5142552852630615,0.3234770596027374,-0.568713903427124,0.5598297715187073,0.5646131634712219,0.003044640878215432,0.5255342721939087,0.3176342844963074,-0.6285374164581299,0.5533181428909302,0.5620701313018799,-0.029512304812669754,0.527309775352478,0.3139021098613739,-0.6191065311431885,0.5511992573738098,0.5545768141746521,0.003555471543222666,0.5231539011001587,0.316222220659256,-0.5721650719642639,0.5190797448158264,0.535882294178009,0.03365432471036911,0.4660610556602478,0.5330844521522522,-0.03380343317985535,0.5193654298782349,0.6856505870819092,-0.0036372076719999313,0.4583147466182709,0.6841952800750732,-0.04829367250204086,0.5181170105934143,0.807540237903595,0.23020343482494354,0.4535795748233795,0.8084977269172668,0.16316884756088257,0.5082522630691528,0.8217882513999939,0.24547740817070007,0.459258496761322,0.8192984461784363,0.17627660930156708,0.5333620309829712,0.8606041669845581,0.10301001369953156,0.4473312497138977,0.8580830097198486,0.024721454828977585
27,draw_tick,a07_s08_e01,0.49328136444091797,0.27625328302383423,-0.24188223481178284,0.49907249212265015,0.2631663382053375,-0.21673068404197693,0.5030534863471985,0.26268914341926575,-0.21671804785728455,0.5066113471984863,0.26250773668289185,-0.21667230129241943,0.4879834055900574,0.2642670273780823,-0.2245807945728302,0.48445263504981995,0.26438432931900024,-0.22460372745990753,0.48108354210853577,0.26471322774887085,-0.22469612956047058,0.5114712715148926,0.2674729526042938,-0.08406741917133331,0.47881394624710083,0.27007243037223816,-0.10880192369222641,0.5019163489341736,0.2892281115055084,-0.18804961442947388,0.48716896772384644,0.2907690107822418,-0.19850315153598785,0.54424649477005,0.34879353642463684,0.02030080370604992,0.45985931158065796,0.3299082815647125,-0.12773311138153076,0.5557109117507935,0.45157042145729065,0.04880731552839279,0.46661025285720825,0.3414878249168396,-0.3544364273548126,0.5602344274520874,0.537765622138977,-0.0009344659629277885,0.5185702443122864,0.30636319518089294,-0.5669903755187988,0.5601909756660461,0.5646498799324036,-0.01691805198788643,0.5322459936141968,0.29947564005851746,-0.6273500323295593,0.5538300275802612,0.5620955228805542,-0.049538083374500275,0.5329654216766357,0.2944861054420471,-0.6167888641357422,0.5517770051956177,0.5545810461044312,-0.014166000299155712,0.5277135372161865,0.29772844910621643,-0.5701353549957275,0.5191400647163391,0.5359974503517151,0.03242052346467972,0.4660766124725342,0.5334339141845703,-0.03255171328783035,0.5196993947029114,0.685684084892273,-0.006725776009261608,0.45836934447288513,0.6841763854026794,-0.04219680652022362,0.5180946588516235,0.8075398206710815,0.22969834506511688,0.45382213592529297,0.8079902529716492,0.17687804996967316,0.5082210302352905,0.8217799663543701,0.24579131603240967,0.45933085680007935,0.8187371492385864,0.19072070717811584,0.5333198308944702,0.8606076836585999,0.10207203775644302,0.4472617208957672,0.858026385307312,0.039564259350299835
28,draw_tick,a07_s08_e01,0.49391332268714905,0.2762354016304016,-0.24261657893657684,0.4994474947452545,0.26313158869743347,-0.2194196730852127,0.5032299160957336,0.26262998580932617,-0.21941228210926056,0.5066992044448853,0.26243627071380615,-0.21938323974609375,0.488832950592041,0.2642681300640106,-0.2256377637386322,0.48525938391685486,0.2643834054470062,-0.22566106915473938,0.48186907172203064,0.2647049129009247,-0.2257349193096161,0.5114710927009583,0.2674519121646881,-0.08561960607767105,0.47911137342453003,0.2699699103832245,-0.10967236757278442,0.5023388266563416,0.28919318318367004,-0.19009605050086975,0.48802798986434937,0.29071715474128723,-0.1988276094198227,0.5442720651626587,0.3488243520259857,0.016521232202649117,0.4600326418876648,0.3299924433231354,-0.11958153545856476,0.5560896992683411,0.4522751271724701,0.025635335594415665,0.4674912393093109,0.3441958427429199,-0.3389092981815338,0.5604545474052429,0.5377563834190369,-0.030726317316293716,0.5154197216033936,0.2952877879142761,-0.5610659122467041,0.5605118274688721,0.5646763443946838,-0.047922875732183456,0.5288301706314087,0.283652663230896,-0.6190852522850037,0.554305911064148,0.5621103048324585,-0.07706145942211151,0.5283282399177551,0.2787255346775055,-0.6105719804763794,0.5522637367248535,0.554587185382843,-0.043159011751413345,0.523256778717041,0.28392690420150757,-0.5648761987686157,0.5192714333534241,0.5359957218170166,0.0318988673388958,0.4661414623260498,0.5335055589675903,-0.032025888562202454,0.5200815200805664,0.6855913400650024,-0.01538059115409851,0.4584925174713135,0.6840637922286987,-0.04128719121217728,0.5181390047073364,0.8074548840522766,0.2254699021577835,0.4540708661079407,0.807556688785553,0.17071108520030975,0.5082446336746216,0.8216992020606995,0.23922164738178253,0.4594038128852844,0.8184080123901367,0.18338975310325623,0.5333768129348755,0.8603765368461609,0.09862722456455231,0.4470621943473816,0.8579038977622986,0.03316054120659828
29,draw_tick,a07_s08_e01,0.4940207600593567,0.2764064371585846,-0.23760375380516052,0.4994874596595764,0.26349711418151855,-0.2147718220949173,0.5032335519790649,0.2630394399166107,-0.21476376056671143,0.50669926404953,0.2628708779811859,-0.21473947167396545,0.48908907175064087,0.26434558629989624,-0.21990570425987244,0.48551616072654724,0.2643938362598419,-0.21992948651313782,0.48216646909713745,0.26470234990119934,-0.220000222325325,0.5114650130271912,0.26796939969062805,-0.08300554007291794,0.47917357087135315,0.2697426378726959,-0.10459033399820328,0.5024451017379761,0.28934475779533386,-0.18709605932235718,0.488131046295166,0.29072055220603943,-0.1943196952342987,0.544507622718811,0.34905511140823364,0.013872392475605011,0.45997366309165955,0.3300480842590332,-0.11838430166244507,0.5566974878311157,0.45355305075645447,0.006663801614195108,0.4688142240047455,0.3362623155117035,-0.34627097845077515,0.5609012842178345,0.5375455021858215,-0.05093833804130554,0.5174078941345215,0.2810099422931671,-0.5551032423973083,0.5608593225479126,0.5645572543144226,-0.06942449510097504,0.5320402383804321,0.2669745981693268,-0.612589955329895,0.5549320578575134,0.5620371699333191,-0.09764940291643143,0.5317816734313965,0.2635956406593323,-0.6017863750457764,0.5530321598052979,0.5545173287391663,-0.06323537230491638,0.5262588858604431,0.27000993490219116,-0.5582915544509888,0.5195671319961548,0.5360349416732788,0.03159119933843613,0.4662586748600006,0.5335341691970825,-0.03173576295375824,0.5203295946121216,0.6855608224868774,-0.019491862505674362,0.4586220681667328,0.6838997602462769,-0.03616800904273987,0.5181597471237183,0.8074363470077515,0.21919628977775574,0.4542582631111145,0.8070719242095947,0.17388564348220825,0.5082449913024902,0.8216926455497742,0.23542329668998718,0.4594574570655823,0.8180647492408752,0.18629561364650726,0.5334216356277466,0.8603227734565735,0.09136693924665451,0.44688940048217773,0.8578692674636841,0.03649291396141052
30,draw_tick,a07_s08_e01,0.4940264821052551,0.27640777826309204,-0.22372972965240479,0.49934130907058716,0.2636009752750397,-0.20172932744026184,0.502919614315033,0.263212114572525,-0.20171669125556946,0.5063139200210571,0.2630799412727356,-0.20169369876384735,0.4892420172691345,0.264321506023407,-0.2061627358198166,0.4858601689338684,0.264263778924942,-0.20619149506092072,0.4827929139137268,0.2643777132034302,-0.20627062022686005,0.510845959186554,0.2680678367614746,-0.07541678845882416,0.47934168577194214,0.2687911093235016,-0.0939282774925232,0.5021716356277466,0.2892218828201294,-0.1757460981607437,0.48824453353881836,0.29030683636665344,-0.1817287802696228,0.5445469617843628,0.3490534722805023,0.011251016519963741,0.45991986989974976,0.33013832569122314,-0.11440088599920273,0.5570856332778931,0.45407745242118835,-0.0021131038665771484,0.4695999026298523,0.33346423506736755,-0.3376898765563965,0.5611917972564697,0.5373243689537048,-0.06697278469800949,0.5180177688598633,0.26767194271087646,-0.5336880087852478,0.5611302256584167,0.5644347071647644,-0.08689276874065399,0.53246009349823,0.2531394958496094,-0.5903007984161377,0.5556653738021851,0.561956524848938,-0.11433036625385284,0.5322812795639038,0.2500356137752533,-0.5801171660423279,0.5538384318351746,0.5544069409370422,-0.07930130511522293,0.526395857334137,0.2569299042224884,-0.537115216255188,0.5199007987976074,0.5360481142997742,0.031038552522659302,0.4664357304573059,0.5334842205047607,-0.031218713149428368,0.5204395055770874,0.6855603456497192,-0.02203287184238434,0.4587259888648987,0.6838359236717224,-0.034958112984895706,0.5181617736816406,0.807428777217865,0.21163594722747803,0.4544246792793274,0.8068112730979919,0.1721891313791275,0.5082435607910156,0.8216707706451416,0.22822026908397675,0.4595312476158142,0.8178882002830505,0.18441851437091827,0.5334466099739075,0.8602826595306396,0.08472947031259537,0.4466816782951355,0.8578451871871948,0.03587806597352028
31,draw_tick,a07_s08_e01,0.4940304160118103,0.2772807478904724,-0.22979357838630676,0.49922195076942444,0.2637796700000763,-0.20839378237724304,0.5026735663414001,0.26330846548080444,-0.208380788564682,0.5059799551963806,0.2630971372127533,-0.20835867524147034,0.48939958214759827,0.2643934190273285,-0.2128823697566986,0.4862828254699707,0.2642662227153778,-0.21291311085224152,0.48355984687805176,0.26431575417518616,-0.2129855453968048,0.509793221950531,0.2679855227470398,-0.07987745851278305,0.47993403673171997,0.2683165967464447,-0.09816126525402069,0.5019872188568115,0.28956338763237,-0.18085825443267822,0.48855361342430115,0.2906084656715393,-0.18693001568317413,0.5446692109107971,0.3488866686820984,0.0038958205841481686,0.4598921239376068,0.3302184045314789,-0.12294799089431763,0.5576220750808716,0.4542454481124878,-0.006929262075573206,0.4704855978488922,0.3297124207019806,-0.3449176549911499,0.5615680813789368,0.5370990037918091,-0.07601577788591385,0.518202543258667,0.2567139267921448,-0.5287774205207825,0.5614725351333618,0.5643648505210876,-0.09720028936862946,0.532143771648407,0.24177983403205872,-0.5856476426124573,0.5563338994979858,0.5619233250617981,-0.12556514143943787,0.5322611331939697,0.23812298476696014,-0.5748937726020813,0.5545452833175659,0.5543220639228821,-0.08884070813655853,0.5268614292144775,0.2450896054506302,-0.5319536328315735,0.5201863050460815,0.536026656627655,0.030617866665124893,0.46670016646385193,0.5331958532333374,-0.030784210190176964,0.5205355286598206,0.6856431365013123,-0.023736773058772087,0.45880070328712463,0.683822751045227,-0.03344671428203583,0.5181793570518494,0.8074023127555847,0.21162264049053192,0.4545203149318695,0.8064667582511902,0.18285222351551056,0.5082509517669678,0.8215832114219666,0.22811467945575714,0.4595738351345062,0.8176066875457764,0.19642387330532074,0.5335196256637573,0.8602591156959534,0.08482479304075241,0.4465232491493225,0.8578294515609741,0.04906231909990311
32,draw_tick,a07_s08_e01,0.4938262403011322,0.2774573862552643,-0.2282543182373047,0.4984058737754822,0.26385992765426636,-0.20697276294231415,0.5016751289367676,0.26334136724472046,-0.20695999264717102,0.5049370527267456,0.26309671998023987,-0.20693960785865784,0.48927149176597595,0.2644481062889099,-0.21112322807312012,0.48627734184265137,0.2642751634120941,-0.21115311980247498,0.48357877135276794,0.26429635286331177,-0.21122470498085022,0.5082534551620483,0.2675904929637909,-0.08093006908893585,0.47998347878456116,0.268023282289505,-0.09794412553310394,0.5016310811042786,0.2896234393119812,-0.1803950071334839,0.48859578371047974,0.2906144857406616,-0.18587882816791534,0.5446876287460327,0.3486403524875641,0.0021483334712684155,0.4598639905452728,0.3301253318786621,-0.12010808289051056,0.5579062700271606,0.4546149969100952,-0.012969682924449444,0.4710121750831604,0.33033138513565063,-0.33533036708831787,0.561782717704773,0.5369700193405151,-0.08770714700222015,0.5189907550811768,0.24654793739318848,-0.5212070345878601,0.5616388320922852,0.5642459988594055,-0.11053911596536636,0.5328024625778198,0.2304687649011612,-0.5802165865898132,0.5566282868385315,0.5617515444755554,-0.1385214626789093,0.5327895283699036,0.22630105912685394,-0.5591630339622498,0.5548818111419678,0.554142951965332,-0.10052720457315445,0.5279921293258667,0.23265376687049866,-0.5210310220718384,0.5202881693840027,0.5360215306282043,0.030240356922149658,0.46685266494750977,0.5327935814857483,-0.0303970817476511,0.5207154154777527,0.6858183741569519,-0.02336857095360756,0.4588634967803955,0.6838157773017883,-0.03377825766801834,0.5182002782821655,0.8073988556861877,0.20963415503501892,0.4545406401157379,0.8061725497245789,0.17920680344104767,0.5082517862319946,0.8214895129203796,0.22621473670005798,0.45957261323928833,0.8172072172164917,0.1926206648349762,0.5336593985557556,0.8602559566497803,0.08373509347438812,0.4463721215724945,0.8578028082847595,0.04731274023652077
33,draw_tick,a07_s08_e01,0.4962286055088043,0.27826401591300964,-0.23018670082092285,0.4994870126247406,0.26396113634109497,-0.20773407816886902,0.5023530125617981,0.26334622502326965,-0.20771872997283936,0.5052428245544434,0.2630447745323181,-0.20769724249839783,0.4912590980529785,0.2650763690471649,-0.21345622837543488,0.4885045886039734,0.2649857699871063,-0.21348945796489716,0.48601531982421875,0.2649587094783783,-0.21355745196342468,0.5080492496490479,0.2670992910861969,-0.07846242189407349,0.4813384413719177,0.26826754212379456,-0.10025888681411743,0.5030330419540405,0.28982844948768616,-0.18136261403560638,0.4918953776359558,0.29097557067871094,-0.18796539306640625,0.5446926951408386,0.3481757938861847,0.002158977324143052,0.4598534107208252,0.3301818072795868,-0.13153958320617676,0.5584402680397034,0.45459291338920593,-0.017804192379117012,0.4714786410331726,0.32515591382980347,-0.36755767464637756,0.5620113611221313,0.5368642210960388,-0.09844356775283813,0.5184844732284546,0.24184876680374146,-0.5510838627815247,0.561795711517334,0.5642427206039429,-0.12110759317874908,0.5319754481315613,0.2237282395362854,-0.6091294884681702,0.5567991733551025,0.5617408156394958,-0.14844661951065063,0.532615065574646,0.21983520686626434,-0.5929363965988159,0.5550718307495117,0.5541168451309204,-0.11116355657577515,0.5281723141670227,0.2266705185174942,-0.5520970821380615,0.5203997492790222,0.5358918309211731,0.030070340260863304,0.46697163581848145,0.5324930548667908,-0.030223464593291283,0.520818829536438,0.6860457062721252,-0.022182930260896683,0.458918958902359,0.683772623538971,-0.03507349640130997,0.5182214975357056,0.8073965907096863,0.20938031375408173,0.4545899033546448,0.8059247136116028,0.17152169346809387,0.508256733417511,0.8214396238327026,0.2258417159318924,0.4595731794834137,0.816925048828125,0.18367639183998108,0.5337949395179749,0.8602091073989868,0.08277304470539093,0.4462522566318512,0.8577290773391724,0.034116148948669434
34,draw_tick,a07_s08_e01,0.4979838728904724,0.27866947650909424,-0.23160696029663086,0.5006808042526245,0.2640736699104309,-0.20902113616466522,0.5033372640609741,0.26334986090660095,-0.2090063989162445,0.5059087872505188,0.2629803419113159,-0.20898446440696716,0.4927206039428711,0.26582327485084534,-0.2149777114391327,0.49003472924232483,0.2659129202365875,-0.21501114964485168,0.48754772543907166,0.2659488618373871,-0.2150762975215912,0.508080005645752,0.26680251955986023,-0.0782732367515564,0.4818911552429199,0.2691649794578552,-0.10227663815021515,0.5041518211364746,0.2898264527320862,-0.1824599951505661,0.49344462156295776,0.2911339998245239,-0.18928544223308563,0.5446863174438477,0.34775596857070923,-0.0021428759209811687,0.4598240256309509,0.3310256004333496,-0.13383716344833374,0.5588327646255493,0.45433658361434937,-0.042031075805425644,0.4710288643836975,0.32181721925735474,-0.3716703951358795,0.562156617641449,0.5363555550575256,-0.1357099413871765,0.5172017812728882,0.232390359044075,-0.5531995892524719,0.5618993639945984,0.5641530752182007,-0.16177919507026672,0.5299271941184998,0.214479461312294,-0.6111230254173279,0.5568298101425171,0.5616438388824463,-0.1868981271982193,0.5308600068092346,0.21016225218772888,-0.5956095457077026,0.5551189184188843,0.5540040731430054,-0.1480587273836136,0.526830792427063,0.2165134996175766,-0.554567813873291,0.5205256938934326,0.5357785820960999,0.029532214626669884,0.46705833077430725,0.5324105024337769,-0.029686737805604935,0.5209289789199829,0.6861280202865601,-0.022138070315122604,0.45893335342407227,0.6836549043655396,-0.035280242562294006,0.5182619690895081,0.8074290156364441,0.20722873508930206,0.4546195864677429,0.8057605028152466,0.16671591997146606,0.5082834959030151,0.821435809135437,0.2231173813343048,0.4595738351345062,0.8168191909790039,0.17790156602859497,0.5339378118515015,0.8601653575897217,0.07907859236001968,0.44612616300582886,0.857710063457489,0.026750583201646805
35,draw_tick,a07_s08_e01,0.49810853600502014,0.27874311804771423,-0.2519196569919586,0.5007073283195496,0.26408082246780396,-0.22621235251426697,0.5033470392227173,0.2633257210254669,-0.2261960506439209,0.5059082508087158,0.26283544301986694,-0.22618278861045837,0.49286141991615295,0.26601096987724304,-0.23250234127044678,0.49024319648742676,0.2661452889442444,-0.23254366219043732,0.4878055155277252,0.2661760151386261,-0.23258467018604279,0.5077664852142334,0.26670536398887634,-0.09251429885625839,0.48220500349998474,0.26960742473602295,-0.11796834319829941,0.5041893720626831,0.28956881165504456,-0.20280924439430237,0.49370628595352173,0.2911468744277954,-0.2105579823255539,0.54466313123703,0.3475351929664612,-0.019392766058444977,0.45975297689437866,0.33228281140327454,-0.13986095786094666,0.5594085454940796,0.4542687237262726,-0.05619414523243904,0.4712049961090088,0.30275827646255493,-0.3643185794353485,0.5624873042106628,0.536032497882843,-0.14971618354320526,0.516202449798584,0.2228151261806488,-0.5489602088928223,0.5621388554573059,0.5640117526054382,-0.17812739312648773,0.5287731885910034,0.20440039038658142,-0.6062661409378052,0.5570252537727356,0.5615310072898865,-0.20374830067157745,0.5296613574028015,0.20070956647396088,-0.5790366530418396,0.5553569793701172,0.5539143681526184,-0.1625717282295227,0.5256088972091675,0.20757180452346802,-0.5449665784835815,0.5206415057182312,0.5357739329338074,0.028280070051550865,0.4670921862125397,0.5323900580406189,-0.02842986211180687,0.5209705233573914,0.6864503026008606,-0.019693631678819656,0.4589388370513916,0.6836510300636292,-0.02979680337011814,0.5182865858078003,0.8074569702148438,0.21735017001628876,0.454631507396698,0.8057132363319397,0.17554417252540588,0.5083106756210327,0.8214324712753296,0.2335858792066574,0.4595726430416107,0.8167888522148132,0.1875322163105011,0.5340012907981873,0.8601629734039307,0.087752565741539,0.4460267424583435,0.8577095866203308,0.03694998100399971
36,draw_tick,a07_s08_e01,0.4975913465023041,0.2797389328479767,-0.26091551780700684,0.49965977668762207,0.2649635672569275,-0.2367658168077469,0.5022172927856445,0.2640283703804016,-0.23675020039081573,0.5047208070755005,0.2633085548877716,-0.23674042522907257,0.4926024377346039,0.26684269309043884,-0.24029973149299622,0.4901604652404785,0.26690319180488586,-0.24033503234386444,0.48760151863098145,0.2668231725692749,-0.24036677181720734,0.5068120956420898,0.2673627734184265,-0.10853753983974457,0.4822336733341217,0.27039650082588196,-0.12181752920150757,0.5034329295158386,0.28990334272384644,-0.21392972767353058,0.4935690760612488,0.2918994724750519,-0.21823003888130188,0.5446519255638123,0.34753501415252686,-0.03714299947023392,0.4597308039665222,0.33367404341697693,-0.134007066488266,0.559827446937561,0.453913152217865,-0.06780962646007538,0.470985472202301,0.2927817702293396,-0.3262668251991272,0.5630692839622498,0.5350948572158813,-0.16105671226978302,0.515485405921936,0.2157634049654007,-0.43757057189941406,0.5626149773597717,0.5635880827903748,-0.19082900881767273,0.5279648303985596,0.19886256754398346,-0.492381751537323,0.5574067831039429,0.5611502528190613,-0.21843382716178894,0.528928816318512,0.19547227025032043,-0.4763891100883484,0.5557898283004761,0.5535448789596558,-0.1747482568025589,0.5249013900756836,0.20091316103935242,-0.439582496881485,0.5206474661827087,0.5357785820960999,0.024966120719909668,0.46709394454956055,0.5323885083198547,-0.025107044726610184,0.5209810733795166,0.6865806579589844,-0.016505252569913864,0.4589419364929199,0.6836089491844177,-0.023102164268493652,0.5183007121086121,0.8074581027030945,0.21892249584197998,0.45466575026512146,0.8056780099868774,0.18123602867126465,0.5083274245262146,0.8214197158813477,0.2349415123462677,0.459580659866333,0.8167704939842224,0.19345912337303162,0.5340883135795593,0.8600857853889465,0.08931419253349304,0.44587796926498413,0.8576823472976685,0.04565571993589401
37,draw_tick,a07_s08_e01,0.4963700771331787,0.2803907096385956,-0.26385563611984253,0.4984106421470642,0.26614877581596375,-0.23973283171653748,0.500839352607727,0.26541057229042053,-0.23973163962364197,0.5032798051834106,0.26475217938423157,-0.23972348868846893,0.4920675754547119,0.2673218846321106,-0.24322815239429474,0.4899919927120209,0.26723113656044006,-0.24326221644878387,0.48748570680618286,0.26700490713119507,-0.24329456686973572,0.5060440897941589,0.26950082182884216,-0.11109520494937897,0.4823625981807709,0.2706480026245117,-0.12422140687704086,0.5020701885223389,0.2905646860599518,-0.21667098999023438,0.4932478964328766,0.2923375368118286,-0.2209831029176712,0.5444803833961487,0.34776973724365234,-0.03638974949717522,0.4597124457359314,0.33481326699256897,-0.132078617811203,0.5603214502334595,0.45341846346855164,-0.062077172100543976,0.4744836688041687,0.29911285638809204,-0.31123027205467224,0.5635136961936951,0.5343292355537415,-0.15727892518043518,0.5146080851554871,0.2121381014585495,-0.42025142908096313,0.5629053115844727,0.5629303455352783,-0.18732057511806488,0.5271591544151306,0.19286145269870758,-0.47496873140335083,0.5576883554458618,0.5604383945465088,-0.21542254090309143,0.528067409992218,0.18942341208457947,-0.4625161588191986,0.5561028718948364,0.5528751015663147,-0.17129530012607574,0.5241611003875732,0.19528289139270782,-0.4236854016780853,0.5206617116928101,0.535766065120697,0.024395467713475227,0.46711277961730957,0.5322710275650024,-0.024535521864891052,0.5210403203964233,0.6866756677627563,-0.013388028368353844,0.4589453637599945,0.6835554838180542,-0.021034447476267815,0.5183258652687073,0.8074600100517273,0.22077378630638123,0.4546695649623871,0.8056380748748779,0.18694734573364258,0.5083341598510742,0.8213977813720703,0.23667888343334198,0.4595682621002197,0.8167335987091064,0.19961701333522797,0.5341311097145081,0.8600674271583557,0.09096582978963852,0.44584447145462036,0.857640266418457,0.051650285720825195
38,draw_tick,a07_s08_e01,0.49579912424087524,0.280362606048584,-0.25969579815864563,0.4977113604545593,0.2661344110965729,-0.23578429222106934,0.5000520944595337,0.2653970718383789,-0.23578283190727234,0.5024046301841736,0.26473483443260193,-0.23577380180358887,0.49173927307128906,0.26730912923812866,-0.23930497467517853,0.4898746907711029,0.267208993434906,-0.2393389493227005,0.48740634322166443,0.26696211099624634,-0.2393789291381836,0.5053294897079468,0.2695978879928589,-0.10751648247241974,0.48234373331069946,0.27065718173980713,-0.11900801956653595,0.5012296438217163,0.29056113958358765,-0.21265749633312225,0.4929158091545105,0.2923364043235779,-0.21639926731586456,0.5443248748779297,0.3477863669395447,-0.034222669899463654,0.4597017168998718,0.33503931760787964,-0.11864151060581207,0.560458779335022,0.4524395167827606,-0.0559796467423439,0.47378009557724,0.29746559262275696,-0.27342087030410767,0.5638847947120667,0.5335757732391357,-0.14565995335578918,0.5125585794448853,0.20966953039169312,-0.36361485719680786,0.5633693933486938,0.5622155070304871,-0.1757887899875641,0.5244368314743042,0.19091461598873138,-0.41611018776893616,0.5581251978874207,0.5596109628677368,-0.20411738753318787,0.5257340669631958,0.18693943321704865,-0.40606656670570374,0.5564715266227722,0.5521700978279114,-0.15965375304222107,0.5224098563194275,0.19250518083572388,-0.36787718534469604,0.5206649899482727,0.5357595086097717,0.022442562505602837,0.4671642780303955,0.5322577953338623,-0.022562634199857712,0.521093487739563,0.6866806745529175,-0.01348169706761837,0.4589484632015228,0.6833788752555847,-0.020457345992326736,0.5183297395706177,0.8074858784675598,0.21961267292499542,0.45467227697372437,0.8055844902992249,0.1879090815782547,0.5083354115486145,0.8213955760002136,0.2353641539812088,0.4595620632171631,0.8166786432266235,0.20062720775604248,0.5341598391532898,0.8600673079490662,0.09032982587814331,0.44578200578689575,0.857633650302887,0.05281459167599678
39,draw_tick,a07_s08_e01,0.4947993755340576,0.2803463041782379,-0.2549675703048706,0.4968816637992859,0.26612135767936707,-0.23055705428123474,0.49923691153526306,0.26538753509521484,-0.23057326674461365,0.5015547275543213,0.26472699642181396,-0.230575829744339,0.49095645546913147,0.26728853583335876,-0.2295074462890625,0.4892416000366211,0.26718151569366455,-0.22952726483345032,0.487008273601532,0.2669279873371124,-0.2295665740966797,0.504906177520752,0.2696615755558014,-0.10506345331668854,0.4822258949279785,0.2707156836986542,-0.10156127065420151,0.5002425909042358,0.2905377149581909,-0.21154315769672394,0.4918227195739746,0.292336106300354,-0.20917728543281555,0.5442681908607483,0.3479727506637573,-0.03325536102056503,0.45969128608703613,0.3355076014995575,-0.09808153659105301,0.5605400204658508,0.4517572224140167,-0.05420757085084915,0.4725472033023834,0.2992847263813019,-0.2398035228252411,0.5640961527824402,0.5330241918563843,-0.13893310725688934,0.5101419687271118,0.20905114710330963,-0.3198651075363159,0.5637086629867554,0.5616471767425537,-0.16873346269130707,0.5216124653816223,0.1895095705986023,-0.37008136510849,0.5584291219711304,0.5589981079101562,-0.1968771517276764,0.5231581330299377,0.18558454513549805,-0.3610367774963379,0.5566912889480591,0.5516809821128845,-0.15274086594581604,0.5201064944267273,0.19134803116321564,-0.3245384395122528,0.5206677913665771,0.5357573628425598,0.019186969846487045,0.4671904444694519,0.5322579741477966,-0.019296955317258835,0.5211305022239685,0.6866863369941711,-0.015254105441272259,0.45895299315452576,0.6831714510917664,-0.021769709885120392,0.5183273553848267,0.8074775338172913,0.21645358204841614,0.4546739459037781,0.805487334728241,0.1859143078327179,0.5083297491073608,0.8213726878166199,0.23206040263175964,0.459552139043808,0.816614031791687,0.19873826205730438,0.5341434478759766,0.8600935339927673,0.08616319298744202,0.445779949426651,0.8575603365898132,0.04963567107915878
40,draw_tick,a07_s08_e01,0.4940515160560608,0.2802852690219879,-0.249830961227417,0.49620407819747925,0.266090452671051,-0.22559864819049835,0.4986589848995209,0.2653757929801941,-0.22562134265899658,0.501037061214447,0.2647089660167694,-0.22562392055988312,0.4901276230812073,0.26715314388275146,-0.2230343520641327,0.48845210671424866,0.26706281304359436,-0.22304829955101013,0.4863837659358978,0.2668353021144867,-0.22308626770973206,0.5047353506088257,0.2696741223335266,-0.10412643104791641,0.48197823762893677,0.2708132863044739,-0.09302250295877457,0.49975085258483887,0.29044705629348755,-0.20925822854042053,0.49101606011390686,0.2923007905483246,-0.20296740531921387,0.5442580580711365,0.34815067052841187,-0.03280250355601311,0.45968231558799744,0.33661335706710815,-0.08855192363262177,0.560655951499939,0.45140987634658813,-0.05197731778025627,0.4716722071170807,0.2905213534832001,-0.2240353524684906,0.5642955303192139,0.532771646976471,-0.1335352510213852,0.5080879926681519,0.2074715942144394,-0.29993996024131775,0.564017653465271,0.5613502264022827,-0.16278837621212006,0.5192008018493652,0.18760769069194794,-0.34939879179000854,0.5586801767349243,0.5586870312690735,-0.191046804189682,0.5208585858345032,0.18389172852039337,-0.3410169780254364,0.5568785071372986,0.5514545440673828,-0.1472509652376175,0.517804741859436,0.18987101316452026,-0.3049164414405823,0.5206738710403442,0.5357643961906433,0.017042841762304306,0.4672175347805023,0.5322674512863159,-0.017148615792393684,0.5212021470069885,0.6866966485977173,-0.01603679358959198,0.45895615220069885,0.6830562353134155,-0.021998947486281395,0.5182982087135315,0.8074800372123718,0.21323537826538086,0.45466989278793335,0.8054773211479187,0.18561415374279022,0.5082723498344421,0.8213611245155334,0.2285221815109253,0.4595281481742859,0.816613495349884,0.19835788011550903,0.5341010093688965,0.8601769208908081,0.08267652243375778,0.4457797110080719,0.8575556874275208,0.04796425625681877
41,draw_tick,a07_s08_e01,0.49298229813575745,0.2796660363674164,-0.2417379915714264,0.49546781182289124,0.26584309339523315,-0.21894466876983643,0.49811139702796936,0.2652638852596283,-0.21896858513355255,0.5006269216537476,0.2646711468696594,-0.21896561980247498,0.48908382654190063,0.2666996419429779,-0.2142173796892166,0.48735928535461426,0.26667675375938416,-0.21422751247882843,0.4854045808315277,0.26655611395835876,-0.21426665782928467,0.504783570766449,0.2696693539619446,-0.1030312329530716,0.48168087005615234,0.2709483206272125,-0.08085493743419647,0.499194473028183,0.29008546471595764,-0.20287606120109558,0.48971685767173767,0.2919948995113373,-0.19399546086788177,0.5442578792572021,0.3484300673007965,-0.038525260984897614,0.4596744179725647,0.3378063142299652,-0.06885778903961182,0.5606797337532043,0.45130160450935364,-0.057150065898895264,0.4693625569343567,0.2960090935230255,-0.18630580604076385,0.5643191933631897,0.5326659679412842,-0.13205446302890778,0.5053478479385376,0.20724359154701233,-0.2545830011367798,0.5640839338302612,0.5612420439720154,-0.16073936223983765,0.5168678164482117,0.18709978461265564,-0.30133122205734253,0.5586976408958435,0.5585961937904358,-0.1887817680835724,0.5187868475914001,0.18399390578269958,-0.29468685388565063,0.5568801164627075,0.5513929128646851,-0.1454189270734787,0.5153801441192627,0.19038142263889313,-0.2603849172592163,0.5206772089004517,0.5358232855796814,0.012889203615486622,0.46722039580345154,0.5323784351348877,-0.013001857325434685,0.5212658643722534,0.6867019534111023,-0.01848505064845085,0.45895862579345703,0.6829400658607483,-0.020610470324754715,0.5182594656944275,0.807483434677124,0.20727474987506866,0.454651415348053,0.8054698705673218,0.18405991792678833,0.5082137584686279,0.8213564157485962,0.2221948206424713,0.45946604013442993,0.8166123032569885,0.1969127357006073,0.5341018438339233,0.860275149345398,0.07703712582588196,0.44577836990356445,0.8575512766838074,0.04764295741915703
42,draw_tick,a07_s08_e01,0.4927279055118561,0.27829569578170776,-0.23858562111854553,0.4953877329826355,0.2650828957557678,-0.21536867320537567,0.49810609221458435,0.26475003361701965,-0.2153894454240799,0.5006683468818665,0.2643389105796814,-0.21538178622722626,0.488761842250824,0.265526682138443,-0.211527019739151,0.486981064081192,0.2655339539051056,-0.2115415781736374,0.48504266142845154,0.2655295431613922,-0.2115841805934906,0.5048224329948425,0.26965245604515076,-0.0995648056268692,0.48146891593933105,0.2709362804889679,-0.0789816603064537,0.49909669160842896,0.2891787588596344,-0.19842778146266937,0.4893050789833069,0.2908006012439728,-0.19133202731609344,0.5442438721656799,0.3486994206905365,-0.03536320477724075,0.4596494734287262,0.33813637495040894,-0.07066024839878082,0.5606767535209656,0.4512571394443512,-0.05279786139726639,0.4677380621433258,0.29878509044647217,-0.20139551162719727,0.5643122792243958,0.5330550074577332,-0.12607607245445251,0.5035725831985474,0.20784330368041992,-0.2853129506111145,0.564079225063324,0.5614538788795471,-0.1545015275478363,0.5147300958633423,0.18750467896461487,-0.33417874574661255,0.5586912035942078,0.5588463544845581,-0.18213555216789246,0.5165334939956665,0.18436796963214874,-0.3268801271915436,0.5568651556968689,0.5516477227210999,-0.1391598880290985,0.5131031274795532,0.19104228913784027,-0.29109054803848267,0.5206785202026367,0.5359296202659607,0.012912653386592865,0.4672200083732605,0.5325438976287842,-0.013037817552685738,0.521327555179596,0.6867791414260864,-0.019082099199295044,0.458960622549057,0.6829537153244019,-0.02138601243495941,0.5182154178619385,0.8074992299079895,0.20782950520515442,0.45464593172073364,0.8054689168930054,0.18290366232395172,0.5082032084465027,0.8213523030281067,0.22279956936836243,0.45942869782447815,0.8166114687919617,0.19555076956748962,0.5340284109115601,0.8604097366333008,0.07782312482595444,0.4457680583000183,0.8575478792190552,0.048875316977500916
43,draw_tick,a07_s08_e01,0.4926159977912903,0.27824968099594116,-0.23708006739616394,0.49535512924194336,0.2651034891605377,-0.2137194126844406,0.4981127381324768,0.26479676365852356,-0.21373482048511505,0.5007010102272034,0.26441341638565063,-0.2137247622013092,0.48860806226730347,0.26552778482437134,-0.21064671874046326,0.48680949211120605,0.2655337154865265,-0.21066530048847198,0.48489513993263245,0.2655287981033325,-0.21070918440818787,0.5048552751541138,0.2698468565940857,-0.09699801355600357,0.4814339578151703,0.271208256483078,-0.07947447150945663,0.4990619719028473,0.2891654074192047,-0.19590935111045837,0.48912954330444336,0.29079899191856384,-0.1903969943523407,0.5442343950271606,0.3489789068698883,-0.03359333798289299,0.4596419334411621,0.33879169821739197,-0.07176684588193893,0.5606755018234253,0.4512536823749542,-0.05052483081817627,0.4664084315299988,0.30029919743537903,-0.20365235209465027,0.5643062591552734,0.5334032773971558,-0.12085014581680298,0.5024872422218323,0.20821614563465118,-0.2869267761707306,0.5640745162963867,0.5616649985313416,-0.1487092524766922,0.5135079622268677,0.1886265128850937,-0.33566343784332275,0.5586589574813843,0.5591316223144531,-0.17623314261436462,0.5152996778488159,0.1853049099445343,-0.32805079221725464,0.5568293333053589,0.5519319176673889,-0.1338672786951065,0.5117117762565613,0.19218489527702332,-0.29252323508262634,0.5206823945045471,0.5360704660415649,0.013170614838600159,0.4672216773033142,0.5326739549636841,-0.013301077298820019,0.5214242935180664,0.6868315935134888,-0.01909503899514675,0.458962619304657,0.6829494833946228,-0.02184949815273285,0.5182126760482788,0.8075025677680969,0.20779559016227722,0.45460501313209534,0.8054682612419128,0.18236258625984192,0.5082061290740967,0.8213481903076172,0.22276297211647034,0.45927396416664124,0.8166180849075317,0.19475649297237396,0.5339998006820679,0.8604434132575989,0.0777135044336319,0.44578734040260315,0.8575590252876282,0.04839634150266647
44,draw_tick,a07_s08_e01,0.4923415184020996,0.2782004475593567,-0.23764200508594513,0.4951598644256592,0.2651537358760834,-0.2145983725786209,0.4979933798313141,0.26488158106803894,-0.21460933983325958,0.5006244778633118,0.26452672481536865,-0.21459829807281494,0.4882689416408539,0.26556336879730225,-0.21182596683502197,0.4864434599876404,0.2655898332595825,-0.21184878051280975,0.4845565855503082,0.2656191289424896,-0.211896613240242,0.5048761367797852,0.2699625790119171,-0.09721968322992325,0.48142844438552856,0.27194347977638245,-0.0806330069899559,0.4989842474460602,0.289096474647522,-0.19588986039161682,0.4888802468776703,0.29073524475097656,-0.19094599783420563,0.5442370772361755,0.3493037223815918,-0.03316556662321091,0.45967021584510803,0.3391779363155365,-0.0704169049859047,0.5606676340103149,0.45125359296798706,-0.04230818524956703,0.46447649598121643,0.2930090129375458,-0.19954323768615723,0.5642568469047546,0.5338046550750732,-0.09604135900735855,0.5019228458404541,0.20918719470500946,-0.2808270752429962,0.5640198588371277,0.5618988275527954,-0.12060501426458359,0.5127393007278442,0.19032807648181915,-0.3292180895805359,0.5585384368896484,0.5594583749771118,-0.14941859245300293,0.5143826603889465,0.18756277859210968,-0.3203980326652527,0.5567118525505066,0.5522693395614624,-0.10910852998495102,0.5106874704360962,0.19465774297714233,-0.28594526648521423,0.5206838846206665,0.5362242460250854,0.01338944025337696,0.46722206473350525,0.5329365134239197,-0.013523410074412823,0.5214409828186035,0.6868237257003784,-0.01868584007024765,0.4589647352695465,0.6829065084457397,-0.022077005356550217,0.5182042121887207,0.8075011372566223,0.20797304809093475,0.45459190011024475,0.8054676651954651,0.18212977051734924,0.508205771446228,0.821341872215271,0.22301408648490906,0.4591892659664154,0.8166216611862183,0.19437627494335175,0.5339764952659607,0.8604757785797119,0.0781954824924469,0.4458061754703522,0.8575702905654907,0.0482320711016655
45,draw_tick,a07_s08_e01,0.4923561215400696,0.27848100662231445,-0.238168403506279,0.49519315361976624,0.26571765542030334,-0.21519723534584045,0.49803122878074646,0.26539894938468933,-0.2152075469493866,0.5006670355796814,0.2649939954280853,-0.21519625186920166,0.4882393479347229,0.26613765954971313,-0.2130146473646164,0.48638805747032166,0.26616618037223816,-0.2130364179611206,0.4844846725463867,0.2661949396133423,-0.21308398246765137,0.5048910975456238,0.2703166902065277,-0.09697340428829193,0.4813816547393799,0.27267342805862427,-0.0835147500038147,0.4990015923976898,0.2893538475036621,-0.19598910212516785,0.48883137106895447,0.29116615653038025,-0.1916821300983429,0.5442336797714233,0.34956440329551697,-0.03118867054581642,0.4596599042415619,0.3392438292503357,-0.07585343718528748,0.5606566667556763,0.45125311613082886,-0.03836800903081894,0.4636152386665344,0.295427143573761,-0.21883924305438995,0.564245343208313,0.5338689088821411,-0.1000729352235794,0.5021215677261353,0.21008184552192688,-0.3076494038105011,0.5640075206756592,0.5619399547576904,-0.12579382956027985,0.5128194093704224,0.1910444051027298,-0.3577548563480377,0.5585318207740784,0.5595847964286804,-0.15470659732818604,0.5142353177070618,0.18831253051757812,-0.34798020124435425,0.5567058324813843,0.5524038076400757,-0.11357457935810089,0.5107520818710327,0.19523876905441284,-0.31224942207336426,0.5206531286239624,0.5362672209739685,0.013459950685501099,0.4671763479709625,0.5329552888870239,-0.013597873970866203,0.5215016007423401,0.6867961287498474,-0.018612485378980637,0.45896634459495544,0.6828463077545166,-0.022748377174139023,0.5181876420974731,0.8075007200241089,0.20668277144432068,0.4545873999595642,0.8054668307304382,0.17510688304901123,0.5081927180290222,0.8213279247283936,0.2214682400226593,0.4591361880302429,0.8166240453720093,0.1867607831954956,0.5339760780334473,0.8604797124862671,0.0765509307384491,0.44580602645874023,0.8575524091720581,0.041260022670030594
46,draw_tick,a07_s08_e01,0.49286991357803345,0.2787894308567047,-0.24006357789039612,0.49546828866004944,0.2661929130554199,-0.21633191406726837,0.4982456564903259,0.26579251885414124,-0.21633002161979675,0.5008177161216736,0.265324205160141,-0.2163192331790924,0.48841261863708496,0.26671382784843445,-0.21573373675346375,0.48649415373802185,0.26677435636520386,-0.21576640009880066,0.4845304489135742,0.2668226659297943,-0.21580545604228973,0.5049445033073425,0.270478218793869,-0.09637012332677841,0.4813172221183777,0.2731723487377167,-0.088689886033535,0.49928003549575806,0.2895483374595642,-0.19646196067333221,0.4890978932380676,0.29147806763648987,-0.19432909786701202,0.5442250370979309,0.3496881425380707,-0.0256726685911417,0.4595908224582672,0.3394325375556946,-0.0862492248415947,0.5606316924095154,0.4512484669685364,-0.033943746238946915,0.46218687295913696,0.2991088926792145,-0.2513889670372009,0.5641655921936035,0.5338735580444336,-0.09902983158826828,0.5018326044082642,0.21171270310878754,-0.3653969466686249,0.563973605632782,0.561944305896759,-0.12414566427469254,0.5126078128814697,0.19304826855659485,-0.4186890721321106,0.5584847927093506,0.5596268177032471,-0.15304191410541534,0.5136017203330994,0.19018366932868958,-0.40611496567726135,0.5566426515579224,0.5524610280990601,-0.11257634311914444,0.5101063251495361,0.1968633085489273,-0.36898157000541687,0.5206700563430786,0.536268949508667,0.014872848987579346,0.46717697381973267,0.5329750180244446,-0.01501174084842205,0.521567702293396,0.6867402195930481,-0.017005963250994682,0.4589730203151703,0.6828075647354126,-0.02489125169813633,0.5181878805160522,0.8074948191642761,0.20419342815876007,0.454563707113266,0.8054721355438232,0.1651945412158966,0.5082014203071594,0.8213185667991638,0.21830865740776062,0.45899415016174316,0.8166465163230896,0.17607125639915466,0.5339740514755249,0.8604812026023865,0.07371344417333603,0.44580572843551636,0.8575431704521179,0.030346417799592018
47,draw_tick,a07_s08_e01,0.4929113984107971,0.280934602022171,-0.24279920756816864,0.4954795837402344,0.2682010531425476,-0.21866872906684875,0.49824532866477966,0.26756465435028076,-0.21865372359752655,0.5008022785186768,0.26691457629203796,-0.21864120662212372,0.4884156584739685,0.2692459225654602,-0.21958640217781067,0.4864934980869293,0.26936760544776917,-0.2196311503648758,0.4845280051231384,0.2694956064224243,-0.2196628600358963,0.504900336265564,0.27161872386932373,-0.09636253118515015,0.48121538758277893,0.27508461475372314,-0.09547675400972366,0.49928808212280273,0.29177677631378174,-0.19778147339820862,0.4891482889652252,0.2937632203102112,-0.1979714035987854,0.5442131757736206,0.3499206304550171,-0.024870608001947403,0.4593510627746582,0.33993321657180786,-0.09588205814361572,0.5605687499046326,0.4513774812221527,-0.03605739399790764,0.4610369801521301,0.3049582540988922,-0.27210041880607605,0.5640917420387268,0.5341556072235107,-0.10703221708536148,0.501802384853363,0.21302811801433563,-0.39804065227508545,0.5639190673828125,0.5620699524879456,-0.132029727101326,0.5124281644821167,0.19439959526062012,-0.4520456790924072,0.5583953261375427,0.5599318742752075,-0.1604231297969818,0.5130090117454529,0.1919257640838623,-0.4382482171058655,0.5565445423126221,0.5527668595314026,-0.1205727830529213,0.5097091197967529,0.1983392983675003,-0.4011748731136322,0.5206985473632812,0.5363003015518188,0.01577678695321083,0.4671751856803894,0.5330132842063904,-0.015918947756290436,0.5216363668441772,0.6867462396621704,-0.016826258972287178,0.4589856266975403,0.6828015446662903,-0.02706071175634861,0.5181876420974731,0.807491660118103,0.1984715759754181,0.4545421600341797,0.8055434823036194,0.1577015221118927,0.5082014799118042,0.8213117718696594,0.2119688093662262,0.45883840322494507,0.8167279362678528,0.16804486513137817,0.5340077877044678,0.8604893088340759,0.06793170422315598,0.44580426812171936,0.8575440645217896,0.0222796518355608
48,draw_tick,a07_s08_e01,0.49279195070266724,0.28266772627830505,-0.2435576170682907,0.49549126625061035,0.27003493905067444,-0.22057397663593292,0.4982632100582123,0.26920631527900696,-0.22055137157440186,0.5008196830749512,0.26836109161376953,-0.22054307162761688,0.4883958697319031,0.2710976302623749,-0.22229504585266113,0.4864436089992523,0.27106142044067383,-0.22234192490577698,0.48444652557373047,0.2710617482662201,-0.22238321602344513,0.5052144527435303,0.2724006772041321,-0.09660787880420685,0.4813615381717682,0.27580803632736206,-0.10083861649036407,0.499244749546051,0.2935068905353546,-0.19779695570468903,0.4890376031398773,0.2952378988265991,-0.19883038103580475,0.5444159507751465,0.35022804141044617,-0.017449691891670227,0.45938318967819214,0.33977583050727844,-0.10163376480340958,0.5603537559509277,0.45162686705589294,-0.009823386557400227,0.45920610427856445,0.3105667233467102,-0.29825979471206665,0.5637969970703125,0.5346820950508118,-0.05875593423843384,0.4991070628166199,0.23038673400878906,-0.4669802784919739,0.5637845396995544,0.5623910427093506,-0.07733224332332611,0.5100613236427307,0.20886926352977753,-0.5243464708328247,0.5580952763557434,0.5605797171592712,-0.10875175893306732,0.5099936127662659,0.20680569112300873,-0.5093359351158142,0.5561988949775696,0.5534269213676453,-0.0722501128911972,0.5063021183013916,0.2149808704853058,-0.4698636531829834,0.5206994414329529,0.5363171100616455,0.018535703420639038,0.4671761095523834,0.5330328941345215,-0.018676642328500748,0.5216503739356995,0.6866741180419922,-0.011047402396798134,0.4590020179748535,0.6827620267868042,-0.0292049590498209,0.518207311630249,0.807491660118103,0.1999998837709427,0.4545390009880066,0.8055665493011475,0.15526285767555237,0.5082250833511353,0.8213071823120117,0.21368210017681122,0.4587933421134949,0.8167951703071594,0.16558749973773956,0.5340172052383423,0.860511839389801,0.06963490694761276,0.44579648971557617,0.8575323820114136,0.019090544432401657
49,draw_tick,a07_s08_e01,0.4931163191795349,0.2850765287876129,-0.24269011616706848,0.4961325526237488,0.2718430757522583,-0.2200654298067093,0.4989047646522522,0.2707441747188568,-0.22004476189613342,0.5014780759811401,0.26961642503738403,-0.22004103660583496,0.48876482248306274,0.27292487025260925,-0.2224537432193756,0.4866971969604492,0.2726120352745056,-0.2225000113248825,0.48458725214004517,0.27234891057014465,-0.22254391014575958,0.506010115146637,0.2727026343345642,-0.09058406949043274,0.4816504418849945,0.275996595621109,-0.10369549691677094,0.4995083808898926,0.29540619254112244,-0.19385305047035217,0.48918986320495605,0.29689809679985046,-0.19830961525440216,0.5447050929069519,0.35028770565986633,-0.0011661851312965155,0.459439754486084,0.3383490741252899,-0.10659710317850113,0.5599452257156372,0.45165327191352844,0.013919244520366192,0.4583624303340912,0.3132348358631134,-0.3287726044654846,0.5632942914962769,0.5354425311088562,-0.0334094874560833,0.4972408711910248,0.24072569608688354,-0.5312583446502686,0.5633984208106995,0.5629574656486511,-0.049099333584308624,0.5079668760299683,0.22188206017017365,-0.5913587808609009,0.5575061440467834,0.5614017248153687,-0.08137640357017517,0.5083537697792053,0.21849748492240906,-0.5755628347396851,0.555597186088562,0.5542177557945251,-0.04691950976848602,0.5044431686401367,0.22756196558475494,-0.5337864756584167,0.5207101106643677,0.5363222360610962,0.022359265014529228,0.467196524143219,0.5330522656440735,-0.022479591891169548,0.5216618776321411,0.6866137385368347,-0.006296985782682896,0.4590086042881012,0.6826121211051941,-0.03298618271946907,0.5182109475135803,0.8075389862060547,0.20408841967582703,0.4545201361179352,0.805625319480896,0.1540524959564209,0.5082271695137024,0.8213109970092773,0.21723929047584534,0.4587719440460205,0.8168725371360779,0.16449259221553802,0.5340155363082886,0.860538899898529,0.07378708571195602,0.44578152894973755,0.8575400710105896,0.015721049159765244
50,draw_tick,a07_s08_e01,0.4933837950229645,0.2856833338737488,-0.24055853486061096,0.4970378279685974,0.27238941192626953,-0.2192753255367279,0.4999069571495056,0.27122631669044495,-0.21927395462989807,0.5027028322219849,0.2700919210910797,-0.219283789396286,0.48893675208091736,0.2733938992023468,-0.22252950072288513,0.48671427369117737,0.2729688286781311,-0.2225697934627533,0.4845558702945709,0.2726050913333893,-0.22261086106300354,0.5072922706604004,0.2726777493953705,-0.08633603155612946,0.48164457082748413,0.2759794294834137,-0.10674415528774261,0.4997020661830902,0.2957574427127838,-0.18894489109516144,0.4891884922981262,0.29720011353492737,-0.19639228284358978,0.5449460744857788,0.3502977192401886,0.009706158190965652,0.45944222807884216,0.33784061670303345,-0.09431057423353195,0.5593042969703674,0.4516575038433075,0.05835378170013428,0.4585477411746979,0.3426632285118103,-0.2976558804512024,0.5626211762428284,0.5361635088920593,0.02566479705274105,0.486652672290802,0.2800509035587311,-0.5194708704948425,0.5628854036331177,0.5635500550270081,0.015482589602470398,0.49062690138816833,0.2629355192184448,-0.5780327916145325,0.5569238066673279,0.5622771978378296,-0.018106577917933464,0.49029216170310974,0.26420143246650696,-0.5758653879165649,0.5549503564834595,0.5549821853637695,0.01297450065612793,0.49039942026138306,0.27386319637298584,-0.5277203917503357,0.5206656455993652,0.5363197922706604,0.025649726390838623,0.4671931862831116,0.533018946647644,-0.02577071264386177,0.5216597318649292,0.6865198016166687,0.009980170987546444,0.45901092886924744,0.6824108362197876,-0.03497888520359993,0.5182256102561951,0.807563841342926,0.21724876761436462,0.45451802015304565,0.8056385517120361,0.15680500864982605,0.5082319974899292,0.8213700652122498,0.22950324416160583,0.458767831325531,0.8169025778770447,0.1675609052181244,0.534018337726593,0.860554575920105,0.0842365026473999,0.44578051567077637,0.8575387597084045,0.018222155049443245
51,draw_tick,a07_s08_e01,0.49339646100997925,0.28459569811820984,-0.24064838886260986,0.49721065163612366,0.2709765136241913,-0.2192877233028412,0.5002385377883911,0.26990029215812683,-0.21928676962852478,0.5032494068145752,0.26895102858543396,-0.21929709613323212,0.48892563581466675,0.27236688137054443,-0.2233283817768097,0.48661699891090393,0.27218011021614075,-0.22337183356285095,0.4843701720237732,0.2720399796962738,-0.22342343628406525,0.507986307144165,0.27171590924263,-0.08633539080619812,0.48159924149513245,0.27493512630462646,-0.10851538181304932,0.4998936653137207,0.2947149872779846,-0.18945764005184174,0.4891461730003357,0.2957442104816437,-0.19643515348434448,0.5452085733413696,0.3504401743412018,0.008256206288933754,0.4591594636440277,0.337619423866272,-0.09700038284063339,0.5589523315429688,0.4517071545124054,0.04296914488077164,0.4582291543483734,0.3502201735973358,-0.3194466829299927,0.5621467232704163,0.5366322994232178,0.0034901034086942673,0.48292940855026245,0.2939312756061554,-0.5783718228340149,0.5623095631599426,0.5639569759368896,-0.007817459292709827,0.4862372875213623,0.2775290310382843,-0.639869213104248,0.5562050938606262,0.56273353099823,-0.040083304047584534,0.48566728830337524,0.2762524485588074,-0.635267972946167,0.5542723536491394,0.5553997159004211,-0.009198100306093693,0.4855462610721588,0.2826676368713379,-0.5861232280731201,0.5206461548805237,0.5363292694091797,0.02805638313293457,0.46718186140060425,0.5330429673194885,-0.028203198686242104,0.521656334400177,0.6865055561065674,0.010939684696495533,0.4590153694152832,0.6823768019676208,-0.036855071783065796,0.5182970762252808,0.8075647950172424,0.22365517914295197,0.45452681183815,0.8056365847587585,0.15838932991027832,0.5083430409431458,0.8213709592819214,0.23638764023780823,0.45880118012428284,0.81690514087677,0.1692732274532318,0.5340260863304138,0.860548734664917,0.09175543487071991,0.44573456048965454,0.8574079275131226,0.019678281620144844
52,draw_tick,a07_s08_e01,0.49130988121032715,0.2850383520126343,-0.24591389298439026,0.49589911103248596,0.271493136882782,-0.22730684280395508,0.4991718828678131,0.2705875039100647,-0.227301687002182,0.5024308562278748,0.2698676288127899,-0.22731205821037292,0.4873080253601074,0.27257898449897766,-0.2304801642894745,0.4850221574306488,0.27237987518310547,-0.23053129017353058,0.4828675389289856,0.2722700536251068,-0.23060686886310577,0.5079699754714966,0.27245092391967773,-0.09725375473499298,0.4813130795955658,0.27491652965545654,-0.11343014240264893,0.4982125759124756,0.2952585220336914,-0.19451647996902466,0.48711729049682617,0.29628250002861023,-0.20048101246356964,0.5453251600265503,0.35041242837905884,0.0018621307099238038,0.4585145115852356,0.3369920551776886,-0.09931178390979767,0.5588405132293701,0.45171356201171875,0.039984725415706635,0.45768213272094727,0.3493289053440094,-0.3117128014564514,0.5616015195846558,0.5369638204574585,0.010858088731765747,0.48423704504966736,0.298358291387558,-0.5503739714622498,0.5615004301071167,0.5642536878585815,0.000816657324321568,0.4893365800380707,0.2840920388698578,-0.6106075048446655,0.5552453398704529,0.5628877282142639,-0.03201119601726532,0.4886879324913025,0.28214237093925476,-0.6055134534835815,0.5533984899520874,0.5555405020713806,-0.0015581916086375713,0.4877859652042389,0.28801199793815613,-0.557804524898529,0.5206405520439148,0.5363315343856812,0.027741407975554466,0.46714869141578674,0.533066987991333,-0.027888771146535873,0.5216255784034729,0.6864751577377319,0.01128331758081913,0.4590250551700592,0.6823092103004456,-0.03613332659006119,0.5183893442153931,0.8076371550559998,0.22274522483348846,0.45453396439552307,0.8056272864341736,0.15931372344493866,0.5084645748138428,0.8214887380599976,0.23571999371051788,0.45881691575050354,0.816893458366394,0.17023400962352753,0.5340489149093628,0.860514223575592,0.09194387495517731,0.4456842839717865,0.8573131561279297,0.0209136214107275
53,draw_tick,a07_s08_e01,0.49160629510879517,0.28381529450416565,-0.2320452630519867,0.49656862020492554,0.27061012387275696,-0.21055655181407928,0.4999252259731293,0.26999416947364807,-0.2105478048324585,0.5033470988273621,0.26952996850013733,-0.21054944396018982,0.4873679578304291,0.2709837257862091,-0.21689489483833313,0.48504477739334106,0.2707711160182953,-0.21694239974021912,0.48278751969337463,0.2707635760307312,-0.21700112521648407,0.5084790587425232,0.2724570333957672,-0.07285944372415543,0.48083239793777466,0.2748335599899292,-0.10393047332763672,0.4984206557273865,0.29517820477485657,-0.17893952131271362,0.48706918954849243,0.29621681571006775,-0.18816696107387543,0.5452603697776794,0.35034456849098206,0.023855745792388916,0.4568173289299011,0.33705636858940125,-0.09724549949169159,0.5585865378379822,0.4516855776309967,0.05519922450184822,0.45639458298683167,0.3506423532962799,-0.32529717683792114,0.5613584518432617,0.5369844436645508,0.013813029043376446,0.48535165190696716,0.30877724289894104,-0.5803858041763306,0.5611394643783569,0.5643537640571594,0.0022065381053835154,0.4925379157066345,0.3000514805316925,-0.6414040923118591,0.5548259615898132,0.562930703163147,-0.029497602954506874,0.4923650622367859,0.29778969287872314,-0.6321467757225037,0.5530015230178833,0.555584728717804,0.0012321769027039409,0.4907885193824768,0.30148184299468994,-0.5854321718215942,0.5206270217895508,0.5363336801528931,0.02955506183207035,0.4671177268028259,0.5332223176956177,-0.02969459816813469,0.5215994119644165,0.6863897442817688,0.007922237738966942,0.45902958512306213,0.6821921467781067,-0.03977746516466141,0.518433153629303,0.8076496124267578,0.22262994945049286,0.4545378088951111,0.8056312799453735,0.1589687466621399,0.5085240602493286,0.8215133547782898,0.23595216870307922,0.45882588624954224,0.8168909549713135,0.17015692591667175,0.5340848565101624,0.8604521155357361,0.09352225065231323,0.4456501007080078,0.8571630716323853,0.019914746284484863
54,draw_tick,a07_s08_e01,0.49167293310165405,0.28288084268569946,-0.22623291611671448,0.4969678819179535,0.26983198523521423,-0.20566153526306152,0.5004600286483765,0.2693417966365814,-0.20564129948616028,0.5040887594223022,0.2689696252346039,-0.20562739670276642,0.48740631341934204,0.2701534330844879,-0.21071076393127441,0.48495811223983765,0.2700105607509613,-0.2107526808977127,0.4825902581214905,0.2701140344142914,-0.21080318093299866,0.5091234445571899,0.27244237065315247,-0.07141943275928497,0.48065194487571716,0.27482590079307556,-0.09670058637857437,0.4988507628440857,0.2950782775878906,-0.17440596222877502,0.48705998063087463,0.2958577871322632,-0.1819249391555786,0.5452529191970825,0.35008683800697327,0.026678401976823807,0.45672088861465454,0.33705246448516846,-0.08690281212329865,0.5584614276885986,0.45122867822647095,0.06761368364095688,0.4509781301021576,0.34986960887908936,-0.31346845626831055,0.5611859560012817,0.5370117425918579,0.03206358104944229,0.48582953214645386,0.31684577465057373,-0.5481665730476379,0.56075119972229,0.5644060373306274,0.022215571254491806,0.4942328929901123,0.3096058666706085,-0.606370210647583,0.5543726086616516,0.5629262328147888,-0.010283890180289745,0.4942963123321533,0.30647608637809753,-0.5971519351005554,0.5525713562965393,0.5555799603462219,0.019663315266370773,0.49248138070106506,0.3094387352466583,-0.5525764226913452,0.5206388235092163,0.5363141298294067,0.029785046353936195,0.46715474128723145,0.5332595109939575,-0.029927771538496017,0.52159184217453,0.6863148212432861,0.007606334984302521,0.45903271436691284,0.6816996932029724,-0.04079153761267662,0.5184548497200012,0.8076760768890381,0.221096009016037,0.45455795526504517,0.80555260181427,0.1540004312992096,0.5085364580154419,0.8215473890304565,0.2347302883863449,0.4588591158390045,0.816860556602478,0.16497132182121277,0.5341672301292419,0.8604398965835571,0.09201125055551529,0.44564956426620483,0.8569982647895813,0.01596536859869957
55,draw_tick,a07_s08_e01,0.4917615056037903,0.28226956725120544,-0.22497281432151794,0.4974604547023773,0.26879647374153137,-0.2051355391740799,0.5011715888977051,0.2683474123477936,-0.20511272549629211,0.5050517320632935,0.26791465282440186,-0.2050926387310028,0.48743683099746704,0.2692069709300995,-0.20859655737876892,0.48485636711120605,0.2691847085952759,-0.2086298018693924,0.48241862654685974,0.269391804933548,-0.20866653323173523,0.5100770592689514,0.2717829942703247,-0.07317584753036499,0.48047930002212524,0.27444082498550415,-0.09119492769241333,0.49940839409828186,0.2948741316795349,-0.17400619387626648,0.4870733618736267,0.29557734727859497,-0.17946165800094604,0.5452805161476135,0.34991320967674255,0.024310164153575897,0.45683208107948303,0.3368019163608551,-0.0725535973906517,0.5582372546195984,0.45098876953125,0.06590992957353592,0.4480549395084381,0.3543497622013092,-0.27806615829467773,0.560961902141571,0.5374670028686523,0.025956353172659874,0.4828224778175354,0.3275681436061859,-0.524795413017273,0.5604983568191528,0.5646761059761047,0.015149007551372051,0.49361640214920044,0.319893479347229,-0.581722617149353,0.5541072487831116,0.562998354434967,-0.01717590168118477,0.49489903450012207,0.3170017600059509,-0.5738877058029175,0.5522629022598267,0.5556380152702332,0.013674220070242882,0.4929253160953522,0.319800466299057,-0.5295807719230652,0.5206401348114014,0.5362839102745056,0.02934846840798855,0.4671798348426819,0.5332582592964172,-0.029491249471902847,0.5215703845024109,0.6862430572509766,0.006450334098190069,0.4590494632720947,0.6814419031143188,-0.04015016183257103,0.5184835195541382,0.8076783418655396,0.2184634506702423,0.45460033416748047,0.8054962158203125,0.15257330238819122,0.5085718035697937,0.8215473294258118,0.2309161126613617,0.45890459418296814,0.8168303966522217,0.16344615817070007,0.5341916084289551,0.8603885769844055,0.09117704629898071,0.4456425607204437,0.8568496108055115,0.015349785797297955
56,draw_tick,a07_s08_e01,0.49201616644859314,0.28202855587005615,-0.22120122611522675,0.4978953003883362,0.2684013247489929,-0.20260724425315857,0.5016981363296509,0.2679923474788666,-0.20259885489940643,0.5056865811347961,0.26755887269973755,-0.20258867740631104,0.487450510263443,0.2688837945461273,-0.20624768733978271,0.48482346534729004,0.2689325213432312,-0.20627865195274353,0.4823431372642517,0.2692340910434723,-0.20631738007068634,0.5108267068862915,0.2715858817100525,-0.07206477969884872,0.4804632067680359,0.2744293510913849,-0.09102164208889008,0.5001224875450134,0.2948218584060669,-0.17011776566505432,0.48709458112716675,0.2955271005630493,-0.1760776937007904,0.5453028678894043,0.34981924295425415,0.0282963365316391,0.45738735795021057,0.33677271008491516,-0.07301721721887589,0.5579696893692017,0.4504338800907135,0.07207924127578735,0.44810613989830017,0.35863563418388367,-0.2799222767353058,0.560806393623352,0.5378738641738892,0.028573933988809586,0.47188806533813477,0.3486173450946808,-0.5586485266685486,0.5602906942367554,0.5649644136428833,0.019249338656663895,0.4788036346435547,0.34327223896980286,-0.6162037253379822,0.5539127588272095,0.5632167458534241,-0.013612339273095131,0.48280420899391174,0.3393571972846985,-0.6148102879524231,0.5520554184913635,0.5558298230171204,0.016326995566487312,0.48303356766700745,0.34048765897750854,-0.5660611391067505,0.5206303000450134,0.5361834764480591,0.029561638832092285,0.4671940207481384,0.533200204372406,-0.029708316549658775,0.5214745998382568,0.6862391829490662,0.007945912890136242,0.4591248035430908,0.681265652179718,-0.041698627173900604,0.518487811088562,0.8077138066291809,0.2161213606595993,0.45460352301597595,0.8054859042167664,0.14878225326538086,0.5085753798484802,0.821564793586731,0.22777719795703888,0.45890456438064575,0.8167952299118042,0.159499853849411,0.5342416763305664,0.8603934645652771,0.09066268801689148,0.4456530213356018,0.8568196892738342,0.011101487092673779
57,draw_tick,a07_s08_e01,0.49204468727111816,0.28201618790626526,-0.20042899250984192,0.49790439009666443,0.268272340297699,-0.18325543403625488,0.5017251372337341,0.2678804099559784,-0.18323081731796265,0.5057051181793213,0.26746666431427,-0.18319419026374817,0.48738208413124084,0.2688307464122772,-0.18508374691009521,0.48464465141296387,0.26889678835868835,-0.185109943151474,0.48219919204711914,0.26921790838241577,-0.18513157963752747,0.5111731290817261,0.2715044915676117,-0.055947400629520416,0.4803875982761383,0.27440717816352844,-0.0675961896777153,0.5001527070999146,0.29476872086524963,-0.15029263496398926,0.4870271682739258,0.2954340875148773,-0.15396277606487274,0.5453022718429565,0.3496485948562622,0.04476571083068848,0.45739707350730896,0.3338465690612793,-0.04348750784993172,0.5576795339584351,0.4500713348388672,0.08675708621740341,0.44371193647384644,0.3659243583679199,-0.22793802618980408,0.5607367753982544,0.538343071937561,0.037325419485569,0.46594110131263733,0.3674923777580261,-0.5081762075424194,0.5602202415466309,0.5651273131370544,0.02519907057285309,0.4729101061820984,0.36858221888542175,-0.5636958479881287,0.5537812113761902,0.5632645487785339,-0.007162831723690033,0.47864216566085815,0.36163851618766785,-0.5675480961799622,0.5518995523452759,0.5559024214744568,0.024853290989995003,0.4784618020057678,0.360921710729599,-0.5158076882362366,0.5205785632133484,0.5359009504318237,0.028977643698453903,0.46720176935195923,0.5330020785331726,-0.029106322675943375,0.5213980078697205,0.6861737966537476,-0.0007569431909359992,0.45913735032081604,0.6812430024147034,-0.045969899743795395,0.5185006856918335,0.8077521920204163,0.20396971702575684,0.4546468257904053,0.8054860830307007,0.14023765921592712,0.5085854530334473,0.8215897083282471,0.2160363495349884,0.4589671492576599,0.8167961835861206,0.15079328417778015,0.5342478156089783,0.8603648543357849,0.08240954577922821,0.44559717178344727,0.8567463755607605,0.005962846335023642
58,draw_tick,a07_s08_e01,0.4920749068260193,0.28197038173675537,-0.20899005234241486,0.49791979789733887,0.26814061403274536,-0.19134989380836487,0.5017566084861755,0.26775631308555603,-0.1913323998451233,0.5057223439216614,0.2673412561416626,-0.1913059800863266,0.4873868525028229,0.26877138018608093,-0.1932949721813202,0.4846075177192688,0.26885417103767395,-0.19332334399223328,0.4821731448173523,0.26918691396713257,-0.19335219264030457,0.5113864541053772,0.27148374915122986,-0.06343201547861099,0.4803950786590576,0.2743973433971405,-0.07563109695911407,0.500170111656189,0.29472336173057556,-0.15927758812904358,0.48703622817993164,0.29540008306503296,-0.16286279261112213,0.5453062653541565,0.3496662974357605,0.034489862620830536,0.45807161927223206,0.3327893018722534,-0.047653499990701675,0.5574766397476196,0.44994056224823,0.07769851386547089,0.4436182975769043,0.3714877665042877,-0.2220378816127777,0.5607220530509949,0.5384254455566406,0.0283198319375515,0.4593772888183594,0.38211628794670105,-0.5015137791633606,0.5601941347122192,0.5651638507843018,0.01490766741335392,0.46375584602355957,0.38540396094322205,-0.5575369000434875,0.5537497401237488,0.5632783770561218,-0.017709605395793915,0.46930059790611267,0.3801046311855316,-0.5663485527038574,0.5518746972084045,0.5559347867965698,0.015704840421676636,0.4697042405605316,0.37894710898399353,-0.5107715725898743,0.5204658508300781,0.5358293652534485,0.028472725301980972,0.4672049582004547,0.5328253507614136,-0.02859162911772728,0.5213658809661865,0.6861696839332581,-0.0006824005395174026,0.4591655135154724,0.6812390685081482,-0.04460334777832031,0.5185080766677856,0.8077554702758789,0.20529229938983917,0.45465269684791565,0.8054454922676086,0.14391575753688812,0.5085879564285278,0.8215851187705994,0.21765270829200745,0.4589712619781494,0.8166803121566772,0.1545066088438034,0.5342822074890137,0.8603300452232361,0.08445949852466583,0.44559168815612793,0.8567203879356384,0.00728630181401968
59,draw_tick,a07_s08_e01,0.49213188886642456,0.2817966043949127,-0.2072450816631317,0.4980219304561615,0.2679026424884796,-0.18997400999069214,0.5018829107284546,0.2675270736217499,-0.18996182084083557,0.5058633685112,0.2671009302139282,-0.18993879854679108,0.48740577697753906,0.26864442229270935,-0.19167540967464447,0.4846111834049225,0.26877033710479736,-0.19170130789279938,0.48217591643333435,0.269125372171402,-0.19172042608261108,0.5115939378738403,0.2714318633079529,-0.06280102580785751,0.4804163873195648,0.27438846230506897,-0.07374955713748932,0.500356137752533,0.2945771813392639,-0.15755188465118408,0.48706021904945374,0.29522210359573364,-0.16094639897346497,0.5453344583511353,0.3496812880039215,0.03424503281712532,0.4589003026485443,0.33234474062919617,-0.039982907474040985,0.5573311448097229,0.44948065280914307,0.07556522637605667,0.4433206021785736,0.38043108582496643,-0.1991349756717682,0.5607238411903381,0.5381830930709839,0.019649799913167953,0.45508065819740295,0.3953689634799957,-0.4729934334754944,0.5602017641067505,0.5651191473007202,0.00762206083163619,0.4585365653038025,0.4095408022403717,-0.5295804738998413,0.5537620782852173,0.5631725192070007,-0.023585107177495956,0.4654370844364166,0.40481358766555786,-0.5394374132156372,0.5518869161605835,0.5558621287345886,0.006948227994143963,0.46597033739089966,0.401452898979187,-0.48372960090637207,0.520369827747345,0.5355483293533325,0.027401838451623917,0.4672571122646332,0.532197117805481,-0.02750258706510067,0.5213105082511902,0.6861190795898438,-0.0006926135392859578,0.4592475891113281,0.6812286972999573,-0.043890032917261124,0.5185390710830688,0.8077582716941833,0.20610935986042023,0.4546546936035156,0.805455207824707,0.14539732038974762,0.5085967779159546,0.8215857148170471,0.21858397126197815,0.4589725434780121,0.8166633248329163,0.15594817698001862,0.5343834757804871,0.8603180050849915,0.08414670079946518,0.4455748200416565,0.8567148447036743,0.008967166766524315
60,draw_tick,a07_s08_e01,0.4921828806400299,0.2815383970737457,-0.20010411739349365,0.49808597564697266,0.26768726110458374,-0.18405751883983612,0.5019648671150208,0.26732274889945984,-0.1840384155511856,0.5059637427330017,0.26687443256378174,-0.18401001393795013,0.4874366819858551,0.2684468924999237,-0.18393100798130035,0.48462265729904175,0.26859524846076965,-0.18394829332828522,0.4821942448616028,0.26895591616630554,-0.18395544588565826,0.5118171572685242,0.27130991220474243,-0.06139928102493286,0.4804803729057312,0.2742701768875122,-0.06448450684547424,0.5005003213882446,0.2943457067012787,-0.1521850824356079,0.48709574341773987,0.2949921488761902,-0.15324127674102783,0.545367419719696,0.3496866524219513,0.03353474289178848,0.4591608941555023,0.3319774270057678,-0.023783063516020775,0.5572296380996704,0.4491071403026581,0.07673340290784836,0.44040101766586304,0.3831101953983307,-0.15121205151081085,0.5608125925064087,0.5378947854042053,0.016786590218544006,0.4509344696998596,0.4114585220813751,-0.40095680952072144,0.5603162050247192,0.5650585293769836,0.0034268703311681747,0.4530677795410156,0.42731428146362305,-0.4541661739349365,0.553813099861145,0.5630058646202087,-0.02645692229270935,0.4614132046699524,0.4222547113895416,-0.46559852361679077,0.5519286394119263,0.5557047724723816,0.00366804888471961,0.4622984528541565,0.4175354540348053,-0.4117983281612396,0.5202029943466187,0.5352938175201416,0.022804496809840202,0.46729058027267456,0.5317422151565552,-0.022876959294080734,0.5213066339492798,0.685810923576355,-0.004379694815725088,0.4592916965484619,0.6810501217842102,-0.043323539197444916,0.5185396671295166,0.8078049421310425,0.19197878241539001,0.4546777606010437,0.8054770827293396,0.14125269651412964,0.5085743069648743,0.8216203451156616,0.2033400982618332,0.45900315046310425,0.8166987299919128,0.15120676159858704,0.53441321849823,0.8603164553642273,0.06976434588432312,0.4455193877220154,0.8567076921463013,0.008768873289227486
61,draw_tick,a07_s08_e01,0.4922401010990143,0.2812224328517914,-0.20347599685192108,0.49816542863845825,0.26741647720336914,-0.18429994583129883,0.5020665526390076,0.26708370447158813,-0.18428003787994385,0.5060791969299316,0.266640841960907,-0.18424537777900696,0.4874795377254486,0.2681479752063751,-0.18743744492530823,0.4846397042274475,0.2683278024196625,-0.18747584521770477,0.4822150766849518,0.2686998248100281,-0.18752096593379974,0.5119951963424683,0.27123942971229553,-0.06538315862417221,0.48051518201828003,0.2741115391254425,-0.0703241303563118,0.5005925893783569,0.2941910922527313,-0.15411002933979034,0.48710107803344727,0.2948814332485199,-0.15849673748016357,0.545451283454895,0.34985360503196716,0.03163065016269684,0.45906734466552734,0.3320249021053314,-0.03137163817882538,0.5572272539138794,0.44909000396728516,0.07192279398441315,0.43968358635902405,0.3899000883102417,-0.15240254998207092,0.5608693957328796,0.5378990769386292,-0.009024487808346748,0.44860053062438965,0.42544421553611755,-0.401294082403183,0.5603792667388916,0.5650625824928284,-0.033951230347156525,0.44990286231040955,0.4436078369617462,-0.4566391110420227,0.5538235902786255,0.5629843473434448,-0.06848131865262985,0.45950502157211304,0.44017264246940613,-0.47011905908584595,0.5519338846206665,0.5556859970092773,-0.02389626018702984,0.46085524559020996,0.43531301617622375,-0.41291433572769165,0.5202016234397888,0.5352728366851807,0.02129555121064186,0.4674052596092224,0.5316766500473022,-0.021330328658223152,0.5213040113449097,0.6857403516769409,-0.0044321538880467415,0.45931458473205566,0.6810420155525208,-0.04109284281730652,0.5185421705245972,0.8078219294548035,0.19385194778442383,0.45467931032180786,0.8055013418197632,0.14316339790821075,0.5085691213607788,0.8216230273246765,0.20525212585926056,0.4590049684047699,0.816705584526062,0.15325595438480377,0.5344780683517456,0.8603305816650391,0.0687246024608612,0.44551077485084534,0.8567800521850586,0.009853875264525414
62,draw_tick,a07_s08_e01,0.49233072996139526,0.2811371386051178,-0.21900884807109833,0.49826568365097046,0.2672874331474304,-0.20151109993457794,0.5021861791610718,0.2669617235660553,-0.20151107013225555,0.5062041282653809,0.26651182770729065,-0.20149457454681396,0.4875161051750183,0.2680467665195465,-0.2023613154888153,0.48464640974998474,0.2682551443576813,-0.20237210392951965,0.48222216963768005,0.26864638924598694,-0.2023748904466629,0.5121154189109802,0.27119529247283936,-0.07824702560901642,0.480518639087677,0.2741050720214844,-0.08059653639793396,0.5007081031799316,0.2941743731498718,-0.1699463427066803,0.4871103763580322,0.2948574423789978,-0.17159464955329895,0.5455203652381897,0.34992295503616333,0.01928703859448433,0.45838823914527893,0.3327538073062897,-0.03625693917274475,0.557235598564148,0.44909775257110596,0.058916766196489334,0.4400610327720642,0.40545883774757385,-0.14293032884597778,0.5609569549560547,0.5377742052078247,-0.037387602031230927,0.44761520624160767,0.4454805254936218,-0.3885989189147949,0.5605407357215881,0.5650091171264648,-0.06721268594264984,0.4487314224243164,0.4628353416919708,-0.4442841112613678,0.553928017616272,0.5628929734230042,-0.10289379209280014,0.45598602294921875,0.4552059471607208,-0.4610866904258728,0.5520180463790894,0.555595338344574,-0.053130365908145905,0.457601934671402,0.45060470700263977,-0.4012117385864258,0.5202003717422485,0.5352721810340881,0.02009708248078823,0.46752792596817017,0.5316613912582397,-0.020097624510526657,0.5213020443916321,0.6857147812843323,-0.005198211409151554,0.4593254625797272,0.6811286211013794,-0.038182683289051056,0.5185588598251343,0.807861328125,0.1946115344762802,0.45467838644981384,0.8055166602134705,0.14383944869041443,0.5085681080818176,0.8216488361358643,0.205907940864563,0.4590061604976654,0.8167104125022888,0.15360292792320251,0.534651517868042,0.8603378534317017,0.06722630560398102,0.44547706842422485,0.8568648099899292,0.010097293183207512
63,draw_tick,a07_s08_e01,0.49240875244140625,0.28111565113067627,-0.233354851603508,0.4983672499656677,0.2672135531902313,-0.21661999821662903,0.502286434173584,0.2668885588645935,-0.21662476658821106,0.5062930583953857,0.2664302885532379,-0.2166144847869873,0.4875507354736328,0.2680061459541321,-0.21700337529182434,0.48465171456336975,0.2682334780693054,-0.21701152622699738,0.48222655057907104,0.268636018037796,-0.2170041799545288,0.5121787190437317,0.27116766571998596,-0.09251515567302704,0.4805188775062561,0.27409857511520386,-0.09565574675798416,0.5007798671722412,0.2941392660140991,-0.18462616205215454,0.4871186316013336,0.2948741316795349,-0.1858300417661667,0.5455876588821411,0.34992846846580505,0.00542095024138689,0.45761194825172424,0.33380064368247986,-0.03963536024093628,0.5572478771209717,0.44918814301490784,0.047880180180072784,0.44007229804992676,0.4117499589920044,-0.13114634156227112,0.5611215829849243,0.5376814603805542,-0.05205758288502693,0.443917453289032,0.45497336983680725,-0.3750247061252594,0.560816764831543,0.5650087594985962,-0.0831705704331398,0.44404691457748413,0.47135648131370544,-0.4300362169742584,0.5541276335716248,0.5628839731216431,-0.11967037618160248,0.44977059960365295,0.46360906958580017,-0.44955340027809143,0.552191436290741,0.5555669069290161,-0.06826893985271454,0.45190197229385376,0.4585247337818146,-0.38860663771629333,0.5202068090438843,0.5352912545204163,0.018801603466272354,0.467785120010376,0.5316637754440308,-0.018793577328324318,0.5212811827659607,0.6857143044471741,-0.005908768158406019,0.45934900641441345,0.6811903715133667,-0.03535851091146469,0.5185798406600952,0.8078793287277222,0.19570475816726685,0.454679399728775,0.8055193424224854,0.14711681008338928,0.5085886716842651,0.8216506838798523,0.20712511241436005,0.4590083658695221,0.8167150020599365,0.15647868812084198,0.534723162651062,0.8603368401527405,0.06782960891723633,0.4453769326210022,0.8568674325942993,0.012031875550746918
64,draw_tick,a07_s08_e01,0.49255019426345825,0.28114616870880127,-0.2719438672065735,0.4985155463218689,0.26721325516700745,-0.2571905255317688,0.5024245977401733,0.26688307523727417,-0.25718581676483154,0.5064128041267395,0.26642274856567383,-0.25717681646347046,0.48760825395584106,0.2680319547653198,-0.2568054497241974,0.4846627116203308,0.2682730257511139,-0.25681501626968384,0.4822327494621277,0.2686915993690491,-0.256818950176239,0.5122590661048889,0.27116116881370544,-0.13446031510829926,0.48051977157592773,0.27413228154182434,-0.1348128318786621,0.5009621381759644,0.29419422149658203,-0.22317993640899658,0.48716768622398376,0.2950687110424042,-0.22346314787864685,0.5456734895706177,0.34992465376853943,-0.026891088113188744,0.4575599730014801,0.33387455344200134,-0.05511965602636337,0.5572632551193237,0.44923755526542664,0.04086356982588768,0.44022107124328613,0.4118958115577698,-0.09210722893476486,0.5611987709999084,0.5374938249588013,-0.04488776624202728,0.44185590744018555,0.46521157026290894,-0.2776161730289459,0.5609623193740845,0.5649292469024658,-0.0711987316608429,0.4417264461517334,0.4825854003429413,-0.32259583473205566,0.5542618036270142,0.5627995133399963,-0.10921484231948853,0.447195827960968,0.4774627983570099,-0.3478430211544037,0.5522962808609009,0.55547696352005,-0.06110585480928421,0.44936275482177734,0.47175344824790955,-0.2918626666069031,0.520271897315979,0.5352908372879028,0.0170070119202137,0.4679935872554779,0.5316656231880188,-0.017016325145959854,0.5212487578392029,0.6857165694236755,-0.0059067076072096825,0.4593568742275238,0.6813033223152161,-0.032824814319610596,0.5185902714729309,0.8079144358634949,0.1934979110956192,0.4546821117401123,0.8054859638214111,0.14858289062976837,0.5085986852645874,0.8216583132743835,0.2046196460723877,0.4590250849723816,0.8166314959526062,0.1576632708311081,0.5347992181777954,0.8603299856185913,0.06531576067209244,0.44535303115844727,0.8568680286407471,0.013820931315422058
65,draw_tick,a07_s08_e01,0.4926387667655945,0.28114399313926697,-0.2810603976249695,0.49860483407974243,0.2672104835510254,-0.26685836911201477,0.5025148391723633,0.2668780982494354,-0.2668527662754059,0.5065004825592041,0.26641687750816345,-0.2668377459049225,0.4876256585121155,0.26803138852119446,-0.26589235663414,0.4846673011779785,0.26827287673950195,-0.265897661447525,0.48223668336868286,0.26869022846221924,-0.26590022444725037,0.512308657169342,0.2711547315120697,-0.1461212933063507,0.4805021286010742,0.2741282880306244,-0.14371712505817413,0.5010732412338257,0.29419252276420593,-0.23304632306098938,0.4871866703033447,0.2950820028781891,-0.23248887062072754,0.5456803441047668,0.34992414712905884,-0.03919106721878052,0.45755496621131897,0.33386242389678955,-0.059751518070697784,0.5572995543479919,0.4493194818496704,0.029424462467432022,0.4395579695701599,0.41223910450935364,-0.061375271528959274,0.5612381100654602,0.537428081035614,-0.06019612401723862,0.43883681297302246,0.47464174032211304,-0.21577973663806915,0.5611989498138428,0.5649252533912659,-0.08706475794315338,0.4369167685508728,0.4947241544723511,-0.2558225989341736,0.5544539093971252,0.5627953410148621,-0.1267625242471695,0.44192424416542053,0.4912678301334381,-0.2840433716773987,0.5524189472198486,0.555473268032074,-0.07729552686214447,0.44459420442581177,0.48525485396385193,-0.23040175437927246,0.5201805830001831,0.5351599454879761,0.01509143877774477,0.4679843783378601,0.5315127968788147,-0.015119234099984169,0.5212124586105347,0.6855948567390442,-0.007462313864380121,0.4593622088432312,0.6813024282455444,-0.03208170458674431,0.5185922980308533,0.8079197406768799,0.1810469925403595,0.4546775817871094,0.805438220500946,0.14628343284130096,0.5085980296134949,0.8216601014137268,0.19097688794136047,0.45902568101882935,0.8165292739868164,0.1549605429172516,0.5348107218742371,0.8602809906005859,0.05165499448776245,0.4453260898590088,0.856855034828186,0.01184785645455122
66,draw_tick,a07_s08_e01,0.4926465153694153,0.2811792194843292,-0.29000625014305115,0.49862223863601685,0.2672119736671448,-0.27640217542648315,0.5025352239608765,0.2668772041797638,-0.27639564871788025,0.5065150856971741,0.26641395688056946,-0.27637916803359985,0.48763877153396606,0.26803916692733765,-0.27504751086235046,0.4846656322479248,0.2682800590991974,-0.27505257725715637,0.48223480582237244,0.2686942517757416,-0.275052011013031,0.5123239159584045,0.27114805579185486,-0.1565399318933487,0.4804629683494568,0.27410176396369934,-0.15227709710597992,0.5010868310928345,0.2942352592945099,-0.24210207164287567,0.48719802498817444,0.29513442516326904,-0.24099978804588318,0.5456830263137817,0.3498162031173706,-0.04945719987154007,0.45739278197288513,0.3338707685470581,-0.0637110024690628,0.5573566555976868,0.4493248164653778,0.019667992368340492,0.4389377236366272,0.41425323486328125,-0.05417550355195999,0.5612554550170898,0.5374259352684021,-0.07331334054470062,0.436704158782959,0.4829207956790924,-0.2048165500164032,0.5614219307899475,0.5649521946907043,-0.1011836901307106,0.4344825744628906,0.5054892301559448,-0.24416272342205048,0.554627001285553,0.5628350973129272,-0.14129211008548737,0.43960657715797424,0.5019572377204895,-0.2739785313606262,0.5525150895118713,0.5555062890052795,-0.09063047170639038,0.4423571228981018,0.49537521600723267,-0.219888836145401,0.5200077295303345,0.5351361632347107,0.01269691251218319,0.46786537766456604,0.5314735770225525,-0.012734468095004559,0.521131157875061,0.6855568289756775,-0.011412447318434715,0.45936688780784607,0.6813865900039673,-0.031063774600625038,0.5185942053794861,0.8079193234443665,0.17726992070674896,0.454679012298584,0.8053947687149048,0.1465701460838318,0.5085982084274292,0.8216532468795776,0.18744656443595886,0.4590469300746918,0.8164967894554138,0.1554468870162964,0.534795880317688,0.8602451086044312,0.048208169639110565,0.4452826976776123,0.856842577457428,0.012051902711391449
67,draw_tick,a07_s08_e01,0.49265947937965393,0.2811974585056305,-0.2879599928855896,0.498624712228775,0.26721081137657166,-0.27445635199546814,0.5025389790534973,0.2668747901916504,-0.2744474709033966,0.506515622138977,0.2664106488227844,-0.27443158626556396,0.487649142742157,0.2680405378341675,-0.27291110157966614,0.4846653342247009,0.26828035712242126,-0.27291423082351685,0.48223477602005005,0.2686924636363983,-0.2729124426841736,0.5123289823532104,0.2711367905139923,-0.15619024634361267,0.48044127225875854,0.27402767539024353,-0.15072952210903168,0.5010918974876404,0.29425254464149475,-0.2406524419784546,0.4872073233127594,0.2951539158821106,-0.2392287254333496,0.5456792116165161,0.34965166449546814,-0.05147699639201164,0.4572773575782776,0.33389586210250854,-0.06353986263275146,0.557409405708313,0.44936877489089966,0.01650533452630043,0.4388742446899414,0.4171050488948822,-0.04857483506202698,0.5612600445747375,0.5374646782875061,-0.0771922916173935,0.4353805184364319,0.48903173208236694,-0.19623062014579773,0.5615376830101013,0.5650158524513245,-0.10588423907756805,0.4322184920310974,0.5137127041816711,-0.23568543791770935,0.554700493812561,0.5629132390022278,-0.14549478888511658,0.437138170003891,0.5093854069709778,-0.26657578349113464,0.5525656938552856,0.5555666089057922,-0.09436698257923126,0.4400344789028168,0.5017330646514893,-0.2117270529270172,0.5198439359664917,0.5351235866546631,0.010367202572524548,0.46773046255111694,0.531391441822052,-0.010405827313661575,0.521072506904602,0.6855329275131226,-0.015480649657547474,0.45937198400497437,0.6814982295036316,-0.029235919937491417,0.5185962915420532,0.8079225420951843,0.17559465765953064,0.45468321442604065,0.8053480982780457,0.14854712784290314,0.5085993409156799,0.8216553330421448,0.186161071062088,0.4590667188167572,0.8164613246917725,0.15736447274684906,0.5347709059715271,0.8602360486984253,0.04712570458650589,0.4452565610408783,0.8568189740180969,0.01618550345301628
68,draw_tick,a07_s08_e01,0.49267178773880005,0.28121843934059143,-0.2811505198478699,0.498628705739975,0.2672123312950134,-0.26759225130081177,0.5025423169136047,0.26687461137771606,-0.26758310198783875,0.506515383720398,0.2664087116718292,-0.26757165789604187,0.48765721917152405,0.26804667711257935,-0.2660190761089325,0.48466724157333374,0.2682845890522003,-0.26601752638816833,0.482236385345459,0.268692284822464,-0.2660154104232788,0.5123277902603149,0.2711167633533478,-0.15065541863441467,0.4804246425628662,0.27395400404930115,-0.1446029543876648,0.5010951161384583,0.29425546526908875,-0.2343262881040573,0.4872108995914459,0.29515889286994934,-0.23277124762535095,0.5456066727638245,0.3491626977920532,-0.04902195557951927,0.4571247100830078,0.3339309096336365,-0.06220337003469467,0.5574120283126831,0.4493532180786133,0.018090154975652695,0.4383336901664734,0.41991126537323,-0.03231935575604439,0.5612640976905823,0.5373312830924988,-0.07565730065107346,0.4345006048679352,0.4927138090133667,-0.16749268770217896,0.5616471767425537,0.5650084614753723,-0.10530775785446167,0.43095260858535767,0.5204986333847046,-0.20584365725517273,0.554802656173706,0.5629052519798279,-0.14467552304267883,0.4361395239830017,0.5176747441291809,-0.2387515753507614,0.5526493787765503,0.5555537939071655,-0.09289778769016266,0.43919163942337036,0.5084614157676697,-0.18357016146183014,0.5197452306747437,0.5349761247634888,0.007217920385301113,0.4676905572414398,0.5313094854354858,-0.007233656942844391,0.5210689902305603,0.6854878067970276,-0.02063577063381672,0.4593755602836609,0.6816120147705078,-0.026454905048012733,0.5185980796813965,0.8079163432121277,0.1706475466489792,0.45469483733177185,0.8053457736968994,0.15139475464820862,0.5085989236831665,0.8216493129730225,0.18128612637519836,0.4591263234615326,0.8164594769477844,0.16021199524402618,0.5347546339035034,0.8602340221405029,0.042479127645492554,0.4451833665370941,0.8567790389060974,0.020182721316814423
69,draw_tick,a07_s08_e01,0.49272918701171875,0.28126561641693115,-0.2896077036857605,0.4986588954925537,0.267219603061676,-0.2764393389225006,0.502564549446106,0.2668791711330414,-0.27642861008644104,0.506530225276947,0.2664094567298889,-0.276418536901474,0.48769110441207886,0.2680619955062866,-0.2748902440071106,0.4846831262111664,0.2682991027832031,-0.27488839626312256,0.4822472631931305,0.2686980664730072,-0.27488669753074646,0.5123254656791687,0.2711102068424225,-0.16107216477394104,0.48041677474975586,0.27393341064453125,-0.15509988367557526,0.5010986924171448,0.29427778720855713,-0.24333257973194122,0.487227201461792,0.2951834797859192,-0.24174439907073975,0.5455312132835388,0.34892600774765015,-0.06068996712565422,0.4568261206150055,0.33452409505844116,-0.06522933393716812,0.5574116706848145,0.4493164122104645,0.007738014217466116,0.43775004148483276,0.42301473021507263,-0.034717753529548645,0.5612828731536865,0.5371841788291931,-0.0874553844332695,0.4325789511203766,0.49722835421562195,-0.16234257817268372,0.5617415308952332,0.5649908781051636,-0.11723119020462036,0.4286981523036957,0.5257542133331299,-0.19896557927131653,0.5549144148826599,0.5628814101219177,-0.15658678114414215,0.4334024488925934,0.5217982530593872,-0.2327450066804886,0.5527708530426025,0.5555152297019958,-0.10469335317611694,0.43651852011680603,0.5119946002960205,-0.17854425311088562,0.5197152495384216,0.5349738001823425,0.006085251457989216,0.4676922857761383,0.5313601493835449,-0.006108686327934265,0.5210522413253784,0.6854926347732544,-0.021450132131576538,0.45937857031822205,0.6820867657661438,-0.024526605382561684,0.5186030268669128,0.807927668094635,0.16919901967048645,0.45471248030662537,0.8053719997406006,0.15351076424121857,0.5086010694503784,0.8216764330863953,0.17979414761066437,0.4592154026031494,0.8164876699447632,0.1624460369348526,0.5347286462783813,0.8602342009544373,0.04118882492184639,0.4451022148132324,0.8567746877670288,0.023091770708560944
70,draw_tick,a07_s08_e01,0.492764413356781,0.28125664591789246,-0.302219957113266,0.4986700117588043,0.26719990372657776,-0.28938576579093933,0.5025702714920044,0.26685988903045654,-0.2893710136413574,0.5065322518348694,0.2663858234882355,-0.28935784101486206,0.48772019147872925,0.26803654432296753,-0.2876458466053009,0.4846956133842468,0.2682730257511139,-0.28764617443084717,0.4822549819946289,0.26866140961647034,-0.28765055537223816,0.5123223662376404,0.27106744050979614,-0.1761055737733841,0.4804111421108246,0.2738392651081085,-0.1692083328962326,0.5011022090911865,0.2942565977573395,-0.2567838728427887,0.4872407019138336,0.29513874650001526,-0.25490760803222656,0.5454906225204468,0.3488216996192932,-0.07684849202632904,0.45643821358680725,0.33519425988197327,-0.07700306177139282,0.5574132204055786,0.44927921891212463,-0.007450462318956852,0.4363945424556732,0.4254125654697418,-0.032992471009492874,0.5612912178039551,0.5371168255805969,-0.10190320014953613,0.4309855103492737,0.5030605792999268,-0.13656972348690033,0.5618160963058472,0.5649574995040894,-0.13136185705661774,0.4274364411830902,0.533115804195404,-0.16971559822559357,0.554999589920044,0.5628481507301331,-0.17060816287994385,0.4325788617134094,0.5292074680328369,-0.20373189449310303,0.5528547763824463,0.5554712414741516,-0.11898493766784668,0.43561944365501404,0.5191153883934021,-0.1521056443452835,0.5196985006332397,0.534963846206665,0.0057028355076909065,0.467682421207428,0.5314204096794128,-0.005738221108913422,0.5210310220718384,0.6854896545410156,-0.019768808037042618,0.4593772888183594,0.6822319030761719,-0.02183026447892189,0.5186032056808472,0.8078867793083191,0.17257218062877655,0.45472460985183716,0.8053657412528992,0.1573811024427414,0.5086008310317993,0.8216236233711243,0.18340662121772766,0.45929089188575745,0.8164864182472229,0.1666542887687683,0.534622311592102,0.8602342009544373,0.045242682099342346,0.4450283944606781,0.8567720651626587,0.028181487694382668
71,draw_tick,a07_s08_e01,0.4927802085876465,0.2812386751174927,-0.316354900598526,0.49866533279418945,0.26717156171798706,-0.303644061088562,0.5025572776794434,0.26683309674263,-0.3036327660083771,0.5065072774887085,0.2663533091545105,-0.3036182224750519,0.48772892355918884,0.2679964303970337,-0.3017965257167816,0.48469534516334534,0.2682332396507263,-0.3018004298210144,0.48225516080856323,0.2686097025871277,-0.3018106520175934,0.5122909545898438,0.2710142731666565,-0.18969061970710754,0.48039621114730835,0.27373772859573364,-0.1822931170463562,0.5010705590248108,0.2942163646221161,-0.27071908116340637,0.4872325360774994,0.2950668931007385,-0.26868054270744324,0.545411229133606,0.3487034738063812,-0.08848358690738678,0.45616960525512695,0.3360772132873535,-0.08760932087898254,0.5573827624320984,0.4490874111652374,-0.015150124207139015,0.4357703626155853,0.42715033888816833,-0.031146585941314697,0.5613071918487549,0.5370112061500549,-0.10650841891765594,0.42933839559555054,0.5087136626243591,-0.12357653677463531,0.5618793368339539,0.5649275183677673,-0.13406917452812195,0.4248918890953064,0.5385488271713257,-0.1540367603302002,0.5551130175590515,0.5628279447555542,-0.17439068853855133,0.42953425645828247,0.5361263155937195,-0.18958128988742828,0.5529638528823853,0.555437445640564,-0.123917356133461,0.43303221464157104,0.5267049670219421,-0.13947166502475739,0.5196865797042847,0.5349242687225342,0.005658854730427265,0.4676649570465088,0.5314192771911621,-0.005711803212761879,0.5210241675376892,0.6854866147041321,-0.01875131204724312,0.45937973260879517,0.6823712587356567,-0.019866323098540306,0.51860511302948,0.8078644275665283,0.17418190836906433,0.45472508668899536,0.8054961562156677,0.15892557799816132,0.5086068511009216,0.8215798139572144,0.18498718738555908,0.4593130946159363,0.8165678381919861,0.1681770384311676,0.5345737934112549,0.8602312803268433,0.04686446115374565,0.4449966549873352,0.8567796349525452,0.0289017204195261
72,draw_tick,a07_s08_e01,0.49279388785362244,0.2811466455459595,-0.32813048362731934,0.4986589848995209,0.26708751916885376,-0.3155418336391449,0.5025326609611511,0.2667508125305176,-0.31552672386169434,0.5064555406570435,0.2662658393383026,-0.31550729274749756,0.4877341687679291,0.26787519454956055,-0.31413185596466064,0.484697163105011,0.26810866594314575,-0.3141462504863739,0.4822556972503662,0.26846635341644287,-0.3141663670539856,0.512203574180603,0.270921915769577,-0.20157954096794128,0.4803561568260193,0.27352598309516907,-0.19626349210739136,0.5010079145431519,0.29407647252082825,-0.2824125289916992,0.4872171878814697,0.29485610127449036,-0.2809887230396271,0.5453250408172607,0.34861478209495544,-0.09842678159475327,0.4556196331977844,0.33683162927627563,-0.10150165855884552,0.5573791265487671,0.4490623474121094,-0.0224761925637722,0.4351218640804291,0.42864227294921875,-0.04227563366293907,0.5613342523574829,0.5369076132774353,-0.1126507893204689,0.4289873540401459,0.5139111876487732,-0.13272804021835327,0.5619415640830994,0.5648792386054993,-0.1389002650976181,0.42370662093162537,0.5435412526130676,-0.1624443680047989,0.5551989674568176,0.5628010630607605,-0.17963579297065735,0.42780813574790955,0.542341411113739,-0.1978468894958496,0.5530430674552917,0.5554038286209106,-0.13013142347335815,0.4314573407173157,0.5345326066017151,-0.14843657612800598,0.5197292566299438,0.5348806381225586,0.006037448532879353,0.46770793199539185,0.5314318537712097,-0.0061024450697004795,0.5210137963294983,0.685483992099762,-0.014864029362797737,0.4593825936317444,0.6825297474861145,-0.018091244623064995,0.5186015367507935,0.8078514337539673,0.175394669175148,0.4547179639339447,0.8055460453033447,0.15950950980186462,0.5086061358451843,0.8215595483779907,0.18625804781913757,0.45932435989379883,0.8166053295135498,0.16864338517189026,0.5344339609146118,0.860240638256073,0.048026274889707565,0.4449634552001953,0.8567790985107422,0.029031813144683838
73,draw_tick,a07_s08_e01,0.49280422925949097,0.2809393107891083,-0.33915460109710693,0.4986419081687927,0.2669488191604614,-0.3259614109992981,0.5024919509887695,0.26661214232444763,-0.3259452283382416,0.5063846111297607,0.26611918210983276,-0.3259264826774597,0.4877393841743469,0.26769086718559265,-0.32527628540992737,0.4846966862678528,0.26792964339256287,-0.32529783248901367,0.48224979639053345,0.2682814598083496,-0.32532018423080444,0.5120376944541931,0.270781934261322,-0.2097449004650116,0.4802660048007965,0.2733284831047058,-0.20768900215625763,0.5009528994560242,0.2938152849674225,-0.2926918864250183,0.4872015118598938,0.2945530116558075,-0.29218703508377075,0.5451486110687256,0.348550021648407,-0.10288144648075104,0.4551430344581604,0.3381502330303192,-0.11332597583532333,0.5573647618293762,0.44905930757522583,-0.02640589512884617,0.4351281523704529,0.43150055408477783,-0.051852740347385406,0.5613943934440613,0.5366842746734619,-0.12001266330480576,0.42871198058128357,0.5181904435157776,-0.143736332654953,0.5620583891868591,0.5648523569107056,-0.14682260155677795,0.4228476881980896,0.5471574068069458,-0.17401248216629028,0.5553165674209595,0.5627917647361755,-0.18785178661346436,0.4267405569553375,0.5463488698005676,-0.20977652072906494,0.5531588196754456,0.5553792715072632,-0.13781233131885529,0.4303303360939026,0.5390987396240234,-0.15951022505760193,0.5197703242301941,0.5348537564277649,0.006397506687790155,0.46773242950439453,0.5314156413078308,-0.006447152700275183,0.5210096836090088,0.6855675578117371,-0.010619557462632656,0.45938605070114136,0.6827242970466614,-0.01927165687084198,0.518569827079773,0.8078756332397461,0.17697939276695251,0.4546860158443451,0.8056823015213013,0.16006803512573242,0.5085634589195251,0.8215767741203308,0.18731974065303802,0.4593283534049988,0.8167228698730469,0.16934636235237122,0.5342718362808228,0.8604075908660889,0.04876873642206192,0.44495707750320435,0.8567813634872437,0.028976088389754295
74,draw_tick,a07_s08_e01,0.49286016821861267,0.2807522714138031,-0.34909117221832275,0.49865084886550903,0.2668479084968567,-0.33582764863967896,0.50249183177948,0.266503244638443,-0.33581143617630005,0.5063806772232056,0.2660059630870819,-0.33579879999160767,0.4877694249153137,0.26750120520591736,-0.3357543349266052,0.48469796776771545,0.26771339774131775,-0.335786372423172,0.4822419285774231,0.26804429292678833,-0.3358117341995239,0.5119057893753052,0.27061399817466736,-0.2187764197587967,0.48013195395469666,0.27307191491127014,-0.21946421265602112,0.5009526014328003,0.29358214139938354,-0.3021814823150635,0.48719510436058044,0.2942962348461151,-0.30247125029563904,0.5448715090751648,0.34840869903564453,-0.11127203702926636,0.45453786849975586,0.3393044173717499,-0.12526801228523254,0.5573567152023315,0.4489602744579315,-0.03823284059762955,0.4344138503074646,0.4338238835334778,-0.06160222366452217,0.5614737272262573,0.5365018248558044,-0.13651825487613678,0.42734646797180176,0.5223588347434998,-0.15860608220100403,0.5621025562286377,0.5647989511489868,-0.16446125507354736,0.421884685754776,0.550635039806366,-0.18933996558189392,0.5554165244102478,0.562748908996582,-0.2048659771680832,0.4262700080871582,0.5503842830657959,-0.2243194580078125,0.5532848238945007,0.5553110241889954,-0.1541542112827301,0.4296354353427887,0.5435134768486023,-0.1740248203277588,0.5197917222976685,0.5348182320594788,0.006729383021593094,0.46773433685302734,0.5313464403152466,-0.006810052786022425,0.5210188627243042,0.6855708360671997,-0.008810772560536861,0.4593880772590637,0.6827508807182312,-0.02003895305097103,0.5185102224349976,0.8078652620315552,0.18097850680351257,0.45458394289016724,0.8059332966804504,0.1627800613641739,0.5085150599479675,0.8215495944023132,0.1915958821773529,0.45930415391921997,0.816872239112854,0.17277702689170837,0.5341818928718567,0.8604673743247986,0.0535418801009655,0.44500380754470825,0.85685133934021,0.032353803515434265
75,draw_tick,a07_s08_e01,0.4928653836250305,0.2805125415325165,-0.3519611656665802,0.49864667654037476,0.2667328119277954,-0.33857351541519165,0.5024769902229309,0.2663871645927429,-0.33855578303337097,0.5063510537147522,0.26589730381965637,-0.33854469656944275,0.4877759516239166,0.2672981023788452,-0.33868783712387085,0.484691321849823,0.26748529076576233,-0.33872467279434204,0.48221200704574585,0.2678009867668152,-0.3387530446052551,0.5117349624633789,0.2704794704914093,-0.22148637473583221,0.47997766733169556,0.2727942168712616,-0.22296631336212158,0.5009185075759888,0.29330363869667053,-0.3050963282585144,0.4871571958065033,0.2939658761024475,-0.30561602115631104,0.5446210503578186,0.3483852744102478,-0.11393536627292633,0.45392298698425293,0.34037908911705017,-0.12947164475917816,0.5573439598083496,0.4489505887031555,-0.042512450367212296,0.434251606464386,0.4357590079307556,-0.06951364874839783,0.5615765452384949,0.5363487005233765,-0.14179445803165436,0.4264180064201355,0.5261529684066772,-0.16287633776664734,0.562158465385437,0.5647569298744202,-0.16987285017967224,0.4212634563446045,0.5539807677268982,-0.19348570704460144,0.5555380582809448,0.5627061128616333,-0.21015849709510803,0.4260421693325043,0.5540858507156372,-0.22886697947978973,0.5534256100654602,0.5552443861961365,-0.15943072736263275,0.4292100965976715,0.5471880435943604,-0.1783715784549713,0.5198108553886414,0.5347715020179749,0.007207280490547419,0.4677336812019348,0.5312599539756775,-0.007314448710530996,0.5210164189338684,0.6855701208114624,-0.008389043621718884,0.4593901038169861,0.682740330696106,-0.020154893398284912,0.5184375643730164,0.8078660368919373,0.17992399632930756,0.45448508858680725,0.8066124320030212,0.16214926540851593,0.50838303565979,0.8215509653091431,0.19019390642642975,0.4592551589012146,0.8174557089805603,0.17202149331569672,0.5339950323104858,0.860592782497406,0.0517280213534832,0.4451006352901459,0.856925368309021,0.0310170017182827
76,draw_tick,a07_s08_e01,0.49287310242652893,0.2802663743495941,-0.35561591386795044,0.4986084997653961,0.26656970381736755,-0.34226086735725403,0.5024271607398987,0.266215443611145,-0.3422434628009796,0.5062777996063232,0.2657412588596344,-0.3422325849533081,0.48776841163635254,0.2670940160751343,-0.3426250219345093,0.48464521765708923,0.26727983355522156,-0.34266769886016846,0.4821300506591797,0.26760104298591614,-0.3426990807056427,0.511499285697937,0.27031412720680237,-0.22522683441638947,0.47973403334617615,0.27259594202041626,-0.22793662548065186,0.500837504863739,0.2930334508419037,-0.3087500035762787,0.4870717525482178,0.2937115728855133,-0.30962392687797546,0.5443758368492126,0.34820714592933655,-0.11706100404262543,0.4534597396850586,0.34111902117729187,-0.1345379799604416,0.557329535484314,0.4489485025405884,-0.0448664054274559,0.4339869022369385,0.4368298649787903,-0.07766813039779663,0.5616095662117004,0.5363200902938843,-0.141366109251976,0.42586904764175415,0.5295712351799011,-0.16696226596832275,0.5621644258499146,0.5647274255752563,-0.16854315996170044,0.4208204746246338,0.5563105940818787,-0.19722892343997955,0.5555752515792847,0.5626857876777649,-0.20850618183612823,0.42582574486732483,0.5564174652099609,-0.23205848038196564,0.5534727573394775,0.5552168488502502,-0.15871962904930115,0.4289320409297943,0.5496130585670471,-0.18214568495750427,0.5199919939041138,0.5346696972846985,0.008033711463212967,0.4677581191062927,0.531179666519165,-0.008162028156220913,0.5210141539573669,0.6855449080467224,-0.005774233490228653,0.4593930244445801,0.6825834512710571,-0.020661577582359314,0.5183943510055542,0.8078741431236267,0.1793709695339203,0.4543599486351013,0.8073607683181763,0.15710346400737762,0.5083255767822266,0.8215742111206055,0.18929046392440796,0.4591740667819977,0.8182240724563599,0.16615146398544312,0.5338043570518494,0.8606150150299072,0.05107510834932327,0.44530993700027466,0.8571102023124695,0.023893671110272408
77,draw_tick,a07_s08_e01,0.49286770820617676,0.28014329075813293,-0.356863796710968,0.4985164701938629,0.2664918601512909,-0.34334859251976013,0.5023065805435181,0.26612725853919983,-0.3433319926261902,0.5061181783676147,0.26565009355545044,-0.34332385659217834,0.4877315163612366,0.26698753237724304,-0.34388598799705505,0.48455291986465454,0.2671642005443573,-0.34392911195755005,0.4819924831390381,0.2674867808818817,-0.3439578711986542,0.51115882396698,0.2701878547668457,-0.2257603108882904,0.479347288608551,0.27253106236457825,-0.2292451113462448,0.5007088780403137,0.29287588596343994,-0.30982762575149536,0.4869596064090729,0.29359540343284607,-0.31092754006385803,0.5441251397132874,0.3481490910053253,-0.11717753112316132,0.45304566621780396,0.3416688144207001,-0.13581670820713043,0.5572909712791443,0.44894301891326904,-0.044685374945402145,0.4338381290435791,0.4377025067806244,-0.08083927631378174,0.5616404414176941,0.5362743735313416,-0.14098688960075378,0.4254446029663086,0.5307647585868835,-0.1694042682647705,0.5621705651283264,0.5646640062332153,-0.16798162460327148,0.42046529054641724,0.5574057698249817,-0.1997527778148651,0.5556288957595825,0.5626298189163208,-0.20827820897102356,0.42568522691726685,0.5575963258743286,-0.23462113738059998,0.5535438060760498,0.5551536679267883,-0.15845295786857605,0.4287551939487457,0.5507611036300659,-0.1846030056476593,0.5200005173683167,0.5344676971435547,0.008682903833687305,0.46775418519973755,0.5310156941413879,-0.008821306750178337,0.5209716558456421,0.6855066418647766,-0.004790681414306164,0.4594152867794037,0.6824728846549988,-0.02071324735879898,0.5183883905410767,0.8078792095184326,0.17579515278339386,0.4542818069458008,0.807954728603363,0.15154233574867249,0.5082945823669434,0.8216319680213928,0.18496307730674744,0.4591616988182068,0.8188457489013672,0.15998047590255737,0.5338034629821777,0.8606616854667664,0.04697560891509056,0.4453808665275574,0.8571674823760986,0.01741328090429306
78,draw_tick,a07_s08_e01,0.4928252696990967,0.28007474541664124,-0.3730335533618927,0.49839577078819275,0.2664623260498047,-0.35940587520599365,0.5021416544914246,0.2660939395427704,-0.3593863546848297,0.5058985948562622,0.2656113803386688,-0.359380304813385,0.48766350746154785,0.26693612337112427,-0.3602663576602936,0.4844188690185547,0.2671007513999939,-0.36031579971313477,0.48180851340293884,0.26741525530815125,-0.3603478670120239,0.5107555985450745,0.270114541053772,-0.24060706794261932,0.4789344370365143,0.2724733352661133,-0.24563992023468018,0.50048828125,0.2928078770637512,-0.32556256651878357,0.48680049180984497,0.29352420568466187,-0.3271036744117737,0.5438410043716431,0.3481622338294983,-0.12879417836666107,0.4525454044342041,0.34266260266304016,-0.15094372630119324,0.5571715235710144,0.44894182682037354,-0.05400395393371582,0.4335271418094635,0.4392329752445221,-0.09632646292448044,0.5616737008094788,0.5362282991409302,-0.15010623633861542,0.4250155985355377,0.532427966594696,-0.17865625023841858,0.5621745586395264,0.5645788311958313,-0.1770404428243637,0.4199870526790619,0.5586304068565369,-0.2057764083147049,0.5556607842445374,0.5625383257865906,-0.21775388717651367,0.42535632848739624,0.5589393973350525,-0.243531733751297,0.5535934567451477,0.5550651550292969,-0.1677408516407013,0.428458034992218,0.5520104765892029,-0.19389070570468903,0.5200019478797913,0.5343194603919983,0.009567711502313614,0.46773314476013184,0.5309216976165771,-0.009717131033539772,0.5209565162658691,0.6854028105735779,-0.003637833520770073,0.4594954550266266,0.6823245286941528,-0.021054435521364212,0.5183874368667603,0.8078810572624207,0.17528373003005981,0.45420336723327637,0.8082920908927917,0.15066879987716675,0.5082914233207703,0.8216894268989563,0.1843407303094864,0.45912355184555054,0.8192926049232483,0.1590946763753891,0.5338194370269775,0.860687255859375,0.04608535021543503,0.44549185037612915,0.8571816086769104,0.016018718481063843
79,draw_tick,a07_s08_e01,0.4928275942802429,0.27987104654312134,-0.3847568929195404,0.4983593821525574,0.2663554847240448,-0.37082695960998535,0.5020812749862671,0.26596957445144653,-0.37080511450767517,0.5058048367500305,0.26550933718681335,-0.37079936265945435,0.4876363277435303,0.26678699254989624,-0.3722677528858185,0.4843478798866272,0.26689955592155457,-0.37232470512390137,0.48164838552474976,0.26721465587615967,-0.37235814332962036,0.510393500328064,0.27001985907554626,-0.2508784830570221,0.4784448742866516,0.27239319682121277,-0.25879770517349243,0.500429630279541,0.2926333248615265,-0.33690905570983887,0.48675209283828735,0.29338228702545166,-0.33926674723625183,0.543495774269104,0.3481454849243164,-0.13662530481815338,0.45192378759384155,0.34386342763900757,-0.16363590955734253,0.55705726146698,0.4489384889602661,-0.059406183660030365,0.43312081694602966,0.44166362285614014,-0.11053246259689331,0.5616861581802368,0.5362219214439392,-0.15347686409950256,0.42485541105270386,0.5335296988487244,-0.19441407918930054,0.562179684638977,0.5645135641098022,-0.18007583916187286,0.41975265741348267,0.5593805313110352,-0.22326795756816864,0.5556665658950806,0.5624726414680481,-0.22069652378559113,0.425243079662323,0.5598191618919373,-0.25905829668045044,0.553598165512085,0.5550116896629333,-0.17099055647850037,0.42838382720947266,0.5528551936149597,-0.2091456651687622,0.5200079083442688,0.5341542363166809,0.010983976535499096,0.4677165150642395,0.5308223366737366,-0.011141366325318813,0.520941972732544,0.6852638125419617,0.00031253654742613435,0.459526389837265,0.6821203827857971,-0.020973335951566696,0.518377959728241,0.8078823685646057,0.17712995409965515,0.453986793756485,0.8084980249404907,0.1510142832994461,0.5082881450653076,0.8217555284500122,0.18583354353904724,0.4590103030204773,0.8196773529052734,0.15955768525600433,0.5338456630706787,0.8606901168823242,0.04885917529463768,0.4456021189689636,0.8572339415550232,0.016609955579042435
80,draw_tick,a07_s08_e01,0.49282604455947876,0.27965015172958374,-0.3808307647705078,0.4982948303222656,0.26618900895118713,-0.36686164140701294,0.5019962191581726,0.2657741606235504,-0.36684277653694153,0.5056901574134827,0.26534920930862427,-0.3668366074562073,0.4875861704349518,0.26661962270736694,-0.3683328628540039,0.48427462577819824,0.26667794585227966,-0.36838582158088684,0.4814862310886383,0.2669929563999176,-0.3684220612049103,0.5100439190864563,0.26986023783683777,-0.24692757427692413,0.47814327478408813,0.272256463766098,-0.254910409450531,0.500367283821106,0.2924298346042633,-0.3329775333404541,0.4866977632045746,0.29324325919151306,-0.33535236120224,0.5432850122451782,0.3480660319328308,-0.13346152007579803,0.4515935480594635,0.3443686068058014,-0.160239115357399,0.5568941235542297,0.4488295316696167,-0.057071954011917114,0.4329308867454529,0.44237083196640015,-0.10768143087625504,0.5616937875747681,0.5361045598983765,-0.15295331180095673,0.42477694153785706,0.5340173840522766,-0.193919837474823,0.5621851086616516,0.5643352270126343,-0.1798744946718216,0.41993647813796997,0.5598649978637695,-0.22363415360450745,0.5556761026382446,0.5623194575309753,-0.22047202289104462,0.4253929555416107,0.5601562261581421,-0.258877694606781,0.5536025762557983,0.5548855662345886,-0.17051799595355988,0.4284846782684326,0.5531653165817261,-0.20870450139045715,0.5200179219245911,0.5340774059295654,0.011908631771802902,0.4677090048789978,0.5307902097702026,-0.012062440626323223,0.5209404230117798,0.6852110624313354,0.0020257248543202877,0.4595298767089844,0.682040810585022,-0.02100314199924469,0.5183933973312378,0.8079086542129517,0.17813944816589355,0.45384249091148376,0.8086565136909485,0.1512002944946289,0.508312463760376,0.8218440413475037,0.1866181641817093,0.4589354991912842,0.8197634220123291,0.1597859114408493,0.5338706374168396,0.8606994152069092,0.04976312816143036,0.4456401467323303,0.8572570085525513,0.016697997227311134
81,draw_tick,a07_s08_e01,0.4926021993160248,0.2793389558792114,-0.36893075704574585,0.49799713492393494,0.2659652829170227,-0.35510706901550293,0.5017240643501282,0.26552942395210266,-0.355089396238327,0.5054113268852234,0.26514261960983276,-0.35508087277412415,0.4873131811618805,0.2664211094379425,-0.35608693957328796,0.48398566246032715,0.2664746642112732,-0.35613396763801575,0.48115259408950806,0.2667960226535797,-0.35616788268089294,0.5097495317459106,0.269670307636261,-0.23663881421089172,0.47779956459999084,0.2720581889152527,-0.24246075749397278,0.5001057386398315,0.29211124777793884,-0.3216530680656433,0.4863950312137604,0.2929830849170685,-0.32339566946029663,0.5431514382362366,0.3479582667350769,-0.12586520612239838,0.45126062631607056,0.3443710207939148,-0.1497654914855957,0.5567768216133118,0.44874894618988037,-0.05152834579348564,0.4327993392944336,0.4425894320011139,-0.1007901057600975,0.5616978406906128,0.5359390377998352,-0.14788751304149628,0.4250487685203552,0.5339886546134949,-0.18527726829051971,0.5621879696846008,0.5641393065452576,-0.1749860942363739,0.4203358292579651,0.5598252415657043,-0.21438530087471008,0.5556827783584595,0.562160313129425,-0.21502181887626648,0.42574039101600647,0.5600717663764954,-0.24970810115337372,0.5536117553710938,0.5547378063201904,-0.16524402797222137,0.42881321907043457,0.5529804825782776,-0.20002791285514832,0.520008385181427,0.5339462757110596,0.012139382772147655,0.4675861895084381,0.5307618379592896,-0.012290054932236671,0.5209411978721619,0.6851193904876709,0.0009144163923338056,0.45951777696609497,0.6820085644721985,-0.02152072824537754,0.5183899402618408,0.8079544305801392,0.1767747700214386,0.45368966460227966,0.8087823390960693,0.14899232983589172,0.5083271861076355,0.821910560131073,0.1853586733341217,0.45879635214805603,0.8198478817939758,0.15739436447620392,0.5338701605796814,0.8607321381568909,0.048597268760204315,0.44566410779953003,0.8573123812675476,0.014603947289288044
82,draw_tick,a07_s08_e01,0.4925602376461029,0.2790418565273285,-0.3685191571712494,0.4979059100151062,0.26573869585990906,-0.35469958186149597,0.5016326308250427,0.26526954770088196,-0.3546834886074066,0.5053114295005798,0.2649238109588623,-0.35467615723609924,0.48720288276672363,0.2662319540977478,-0.3559114336967468,0.4838586449623108,0.2662491500377655,-0.35596299171447754,0.48095184564590454,0.26656103134155273,-0.35600119829177856,0.5095162987709045,0.2694222331047058,-0.2366977483034134,0.4775678515434265,0.2717941403388977,-0.2435867339372635,0.499997079372406,0.2917828857898712,-0.32143792510032654,0.4862840175628662,0.29274436831474304,-0.32348400354385376,0.5429710149765015,0.3478037416934967,-0.126191645860672,0.45085254311561584,0.34446054697036743,-0.15088175237178802,0.5566070079803467,0.4486646354198456,-0.05190277099609375,0.43265050649642944,0.4441479444503784,-0.09928511083126068,0.561668336391449,0.5356915593147278,-0.1481592059135437,0.42524880170822144,0.536167323589325,-0.1850685179233551,0.5621501207351685,0.5637664198875427,-0.17507527768611908,0.42053014039993286,0.56130051612854,-0.21419677138328552,0.5556783676147461,0.5618336200714111,-0.21480712294578552,0.4258189797401428,0.5615590810775757,-0.24917903542518616,0.5536059141159058,0.5544803738594055,-0.16535209119319916,0.42895516753196716,0.554479718208313,-0.19970335066318512,0.5199888944625854,0.5338354110717773,0.012428988702595234,0.4673755168914795,0.5307580232620239,-0.012579461559653282,0.5209408402442932,0.6850540637969971,0.00024049650528468192,0.4595053195953369,0.6820167899131775,-0.022427842020988464,0.5183945894241333,0.8080028295516968,0.17599110305309296,0.4535587430000305,0.809179961681366,0.14673438668251038,0.5083832740783691,0.8219762444496155,0.18470442295074463,0.45868730545043945,0.8202107548713684,0.15504767000675201,0.5338414907455444,0.8607643246650696,0.04836241155862808,0.4456186890602112,0.8573571443557739,0.012287630699574947
83,draw_tick,a07_s08_e01,0.49241870641708374,0.27878519892692566,-0.36802786588668823,0.4977515637874603,0.2655552625656128,-0.3540460467338562,0.5014877319335938,0.2650644779205322,-0.354032427072525,0.5051635503768921,0.2647489309310913,-0.3540268540382385,0.487018346786499,0.2660674750804901,-0.35525813698768616,0.4836714267730713,0.26605263352394104,-0.35530924797058105,0.4807254374027252,0.2663498818874359,-0.3553483784198761,0.5092991590499878,0.2692173719406128,-0.23548784852027893,0.47738832235336304,0.2714807391166687,-0.24212825298309326,0.4997784197330475,0.29153192043304443,-0.32077041268348694,0.4860507845878601,0.29250797629356384,-0.32276707887649536,0.5428158044815063,0.34777694940567017,-0.12494464963674545,0.45060300827026367,0.34442248940467834,-0.14950956404209137,0.5563092231750488,0.4484870731830597,-0.05172961950302124,0.43263140320777893,0.4448753893375397,-0.09765137732028961,0.5616229772567749,0.5349875092506409,-0.15092818439006805,0.4253012239933014,0.5364953875541687,-0.18456897139549255,0.5621222257614136,0.56330406665802,-0.1786394566297531,0.42095479369163513,0.5613669157028198,-0.21398551762104034,0.5556698441505432,0.561383068561554,-0.21861067414283752,0.4260045886039734,0.5616249442100525,-0.2490094155073166,0.553587794303894,0.5540802478790283,-0.1683657169342041,0.42901507019996643,0.5547263026237488,-0.19926956295967102,0.5198900103569031,0.5337927937507629,0.012540189549326897,0.4671943783760071,0.5307512879371643,-0.012688052840530872,0.5209388136863708,0.684921145439148,-4.053470183862373e-05,0.45949968695640564,0.6819927096366882,-0.02304043620824814,0.5183981657028198,0.8080412745475769,0.17611896991729736,0.4534657895565033,0.8093084096908569,0.14726890623569489,0.5084871649742126,0.8220680952072144,0.18496116995811462,0.4586341381072998,0.8203350305557251,0.15565121173858643,0.533766508102417,0.8607736229896545,0.0484251007437706,0.44561833143234253,0.8573660254478455,0.013073563575744629
84,draw_tick,a07_s08_e01,0.4923691749572754,0.2783515751361847,-0.36770445108413696,0.49768829345703125,0.2652236223220825,-0.353709876537323,0.5014320015907288,0.264719694852829,-0.35369664430618286,0.5051015019416809,0.26446980237960815,-0.3536909222602844,0.4869111180305481,0.26579248905181885,-0.35501283407211304,0.48356184363365173,0.26574844121932983,-0.355064332485199,0.4805692732334137,0.26604709029197693,-0.355105459690094,0.5091435313224792,0.2689841687679291,-0.23524963855743408,0.47723373770713806,0.27113649249076843,-0.24240326881408691,0.49968045949935913,0.2911646068096161,-0.32049256563186646,0.4859098494052887,0.2921605408191681,-0.32262468338012695,0.5426732897758484,0.34773311018943787,-0.12459888309240341,0.4503864347934723,0.3443720042705536,-0.15051084756851196,0.5561158657073975,0.44832295179367065,-0.05159876495599747,0.43263882398605347,0.44521579146385193,-0.09876690804958344,0.5614562630653381,0.5348117351531982,-0.15063074231147766,0.42582568526268005,0.5366817712783813,-0.18477682769298553,0.5620253682136536,0.5630600452423096,-0.17830146849155426,0.4224105775356293,0.5616363286972046,-0.2140829861164093,0.555615246295929,0.5611501932144165,-0.2180817574262619,0.4273136258125305,0.5620090961456299,-0.24905113875865936,0.5535066723823547,0.5538998246192932,-0.16796143352985382,0.42991742491722107,0.5549629330635071,-0.19936242699623108,0.5196980237960815,0.5337691903114319,0.012778058648109436,0.46684640645980835,0.5307484865188599,-0.012923548929393291,0.5209324359893799,0.6847651600837708,-2.922290332207922e-05,0.45949211716651917,0.6819992661476135,-0.023053964599967003,0.5184034705162048,0.8080528974533081,0.17623074352741241,0.45331794023513794,0.8094391226768494,0.14768517017364502,0.5086316466331482,0.8221005201339722,0.1849989891052246,0.45850229263305664,0.8205865621566772,0.15616180002689362,0.5337132215499878,0.8607662916183472,0.048962194472551346,0.44561538100242615,0.8573678731918335,0.013582723215222359
85,draw_tick,a07_s08_e01,0.49234676361083984,0.27796056866645813,-0.366000235080719,0.4976595342159271,0.2649581730365753,-0.35201117396354675,0.5014088749885559,0.26445528864860535,-0.3519975543022156,0.5050749182701111,0.26426124572753906,-0.3519909381866455,0.4868442118167877,0.2655712962150574,-0.35322943329811096,0.4834902882575989,0.2655079662799835,-0.35327988862991333,0.4804600179195404,0.26581263542175293,-0.3533197045326233,0.5090475082397461,0.2688170373439789,-0.23358304798603058,0.4771207273006439,0.27087530493736267,-0.24049119651317596,0.49963584542274475,0.2908906042575836,-0.3188016712665558,0.4858183264732361,0.2918551564216614,-0.3208611011505127,0.5425687432289124,0.34773027896881104,-0.12323415279388428,0.4502345025539398,0.3443451523780823,-0.14919818937778473,0.5559679269790649,0.4483112394809723,-0.05034301429986954,0.4326438903808594,0.44571632146835327,-0.09797707200050354,0.5612996816635132,0.5347683429718018,-0.14922848343849182,0.4264094829559326,0.5367357730865479,-0.18448008596897125,0.5619283318519592,0.5629720091819763,-0.17688873410224915,0.4232722222805023,0.561723530292511,-0.21405883133411407,0.5555582046508789,0.5610837936401367,-0.2165943831205368,0.42812323570251465,0.5622693300247192,-0.24865873157978058,0.5534330010414124,0.5538393259048462,-0.1665157824754715,0.43058618903160095,0.5551859140396118,-0.19892007112503052,0.5195344686508179,0.5337607860565186,0.013103589415550232,0.46655791997909546,0.5307457447052002,-0.013248750939965248,0.520893931388855,0.6842550039291382,0.0006328268791548908,0.4594452381134033,0.682051956653595,-0.023134687915444374,0.5184043645858765,0.8080562949180603,0.17914316058158875,0.4531837999820709,0.8096521496772766,0.14773033559322357,0.5087003111839294,0.8221078515052795,0.18838000297546387,0.45842480659484863,0.8209899663925171,0.15624704957008362,0.5337114930152893,0.8607664108276367,0.05340191721916199,0.4456173777580261,0.8574321269989014,0.01366568822413683
86,draw_tick,a07_s08_e01,0.4923366904258728,0.27752846479415894,-0.3650384843349457,0.49764227867126465,0.264628529548645,-0.35111892223358154,0.5013991594314575,0.26413893699645996,-0.35110440850257874,0.505058765411377,0.26400575041770935,-0.3510974645614624,0.4867783188819885,0.2652990221977234,-0.35221871733665466,0.48341864347457886,0.26523318886756897,-0.3522670865058899,0.4803552031517029,0.2655573785305023,-0.3523051142692566,0.5089747905731201,0.26862114667892456,-0.23270359635353088,0.4769982695579529,0.2706211805343628,-0.23910553753376007,0.4996047616004944,0.2905815541744232,-0.317828893661499,0.48572665452957153,0.29155537486076355,-0.3197482228279114,0.5424971580505371,0.3476077616214752,-0.12244178354740143,0.4501647353172302,0.34429633617401123,-0.14779265224933624,0.5558866262435913,0.4482066035270691,-0.04987531155347824,0.4326505661010742,0.4459100067615509,-0.09661570936441422,0.5611401796340942,0.5347780585289001,-0.14884401857852936,0.4266599118709564,0.5359466671943665,-0.18245969712734222,0.5617471933364868,0.5629871487617493,-0.17649774253368378,0.4233733117580414,0.561165988445282,-0.21243426203727722,0.5554495453834534,0.561099112033844,-0.2160477638244629,0.42830953001976013,0.5617293119430542,-0.24688060581684113,0.553311824798584,0.5538418292999268,-0.16604536771774292,0.4308028817176819,0.5546245574951172,-0.19693294167518616,0.5194400548934937,0.533738911151886,0.013077733106911182,0.46648257970809937,0.530704140663147,-0.013222758658230305,0.5207783579826355,0.6838300824165344,0.0005652643740177155,0.4592922627925873,0.6821950674057007,-0.02344760112464428,0.5184214115142822,0.8080567121505737,0.17915844917297363,0.4530552923679352,0.8098816275596619,0.14772459864616394,0.5088568925857544,0.8221116662025452,0.18845948576927185,0.4583767056465149,0.821476399898529,0.15629489719867706,0.5336514711380005,0.8607481122016907,0.053411949425935745,0.4456097483634949,0.8574350476264954,0.013668489642441273
87,draw_tick,a07_s08_e01,0.4923400282859802,0.27720728516578674,-0.3365101218223572,0.4976447522640228,0.26435765624046326,-0.3222779929637909,0.5014042854309082,0.2638740837574005,-0.3222680687904358,0.5050574541091919,0.2637781500816345,-0.32225531339645386,0.486765056848526,0.2650994658470154,-0.32311710715293884,0.48339399695396423,0.2650248110294342,-0.3231584429740906,0.48029977083206177,0.265351802110672,-0.32318738102912903,0.5089584589004517,0.26839229464530945,-0.2048829346895218,0.4769355356693268,0.27031442523002625,-0.209848552942276,0.49960222840309143,0.2902722954750061,-0.28982052206993103,0.4856744408607483,0.2913074791431427,-0.2913426160812378,0.5424084663391113,0.3474861681461334,-0.09942442923784256,0.4501679837703705,0.34294870495796204,-0.12145819514989853,0.5558268427848816,0.44820839166641235,-0.029101889580488205,0.4327302873134613,0.4454359710216522,-0.07009188830852509,0.5609530210494995,0.5347841382026672,-0.1292913854122162,0.42679446935653687,0.5339365601539612,-0.1629636287689209,0.5615035891532898,0.5629834532737732,-0.15761664509773254,0.4233761727809906,0.5607276558876038,-0.19461052119731903,0.5552816390991211,0.5610902309417725,-0.19710956513881683,0.4283221364021301,0.5612214207649231,-0.22980830073356628,0.5531632900238037,0.5538309812545776,-0.14655223488807678,0.43084949254989624,0.5540693402290344,-0.17826077342033386,0.5193480253219604,0.5337291359901428,0.012778125703334808,0.46646326780319214,0.5306795835494995,-0.012911084108054638,0.5204761624336243,0.6832780838012695,-0.0031467352528125048,0.4592123031616211,0.6826388239860535,-0.024985799565911293,0.5184230804443359,0.8080654740333557,0.17557074129581451,0.4529566764831543,0.8099754452705383,0.14562144875526428,0.5089560151100159,0.8221569061279297,0.18495126068592072,0.45836418867111206,0.8216525316238403,0.15403474867343903,0.533584713935852,0.8607494235038757,0.049719423055648804,0.4456091523170471,0.8574339747428894,0.011902878060936928
88,draw_tick,a07_s08_e01,0.4923396706581116,0.27678391337394714,-0.3299563229084015,0.49764347076416016,0.2639767825603485,-0.3158114552497864,0.5014025568962097,0.2635132372379303,-0.31579986214637756,0.5050548911094666,0.2634653151035309,-0.3157845139503479,0.48674941062927246,0.2648316025733948,-0.3164084553718567,0.48337167501449585,0.26478397846221924,-0.3164489269256592,0.4802548885345459,0.26512613892555237,-0.31647929549217224,0.5089378952980042,0.2681361138820648,-0.19915907084941864,0.4768791198730469,0.27005672454833984,-0.20303478837013245,0.4995839595794678,0.2897735834121704,-0.2835995852947235,0.48560982942581177,0.29094788432121277,-0.28481510281562805,0.5423406958580017,0.3474520146846771,-0.09519316256046295,0.4501785635948181,0.341781884431839,-0.11517393589019775,0.5557476282119751,0.4482945501804352,-0.025114819407463074,0.4327634871006012,0.4426579475402832,-0.06442374736070633,0.5607591271400452,0.5348141193389893,-0.1236816793680191,0.42681068181991577,0.5311429500579834,-0.15766611695289612,0.5612801313400269,0.5629928708076477,-0.151457279920578,0.4233243465423584,0.5592824816703796,-0.18934199213981628,0.5550960302352905,0.5610881447792053,-0.19106103479862213,0.4283062517642975,0.5594030618667603,-0.2240477055311203,0.5529745817184448,0.5538267493247986,-0.14092756807804108,0.4308932423591614,0.5522499680519104,-0.17289291322231293,0.5193005800247192,0.5337240099906921,0.012253123335540295,0.4664576053619385,0.5307099223136902,-0.01237413939088583,0.5202391743659973,0.6830512881278992,-0.004117094911634922,0.4591670632362366,0.6832414269447327,-0.025135820731520653,0.5184234380722046,0.8080659508705139,0.17525438964366913,0.4528783857822418,0.8100188374519348,0.14566504955291748,0.5090254545211792,0.8221611380577087,0.1847328394651413,0.4583570957183838,0.8217207193374634,0.15409812331199646,0.5335596203804016,0.8607293963432312,0.04932207241654396,0.44561129808425903,0.8574451208114624,0.012119634076952934
89,draw_tick,a07_s08_e01,0.49233928322792053,0.27641916275024414,-0.31875079870224,0.49764198064804077,0.2636411488056183,-0.3046492636203766,0.5014008283615112,0.26320263743400574,-0.3046380579471588,0.505051851272583,0.26319316029548645,-0.30462104082107544,0.4867367148399353,0.26460182666778564,-0.30509573221206665,0.4833548069000244,0.26458969712257385,-0.30513206124305725,0.48021918535232544,0.26494669914245605,-0.3051617443561554,0.5089191198348999,0.26795607805252075,-0.18815474212169647,0.47685256600379944,0.269880473613739,-0.19134043157100677,0.4995776116847992,0.28940248489379883,-0.272428423166275,0.485571950674057,0.29068616032600403,-0.27344605326652527,0.5422896146774292,0.34742221236228943,-0.08448686450719833,0.4502663016319275,0.3405088484287262,-0.10436117649078369,0.5553725361824036,0.4483346939086914,-0.01320192962884903,0.43273741006851196,0.4382505714893341,-0.054962098598480225,0.5604576468467712,0.5347616076469421,-0.11089350283145905,0.4268173575401306,0.5255162715911865,-0.14970910549163818,0.5609902143478394,0.5629910826683044,-0.1380547434091568,0.4231686592102051,0.5542383193969727,-0.1815824806690216,0.5548899173736572,0.5610722899436951,-0.1782451719045639,0.428027480840683,0.5534152388572693,-0.21581466495990753,0.5527719855308533,0.5538124442100525,-0.12844118475914001,0.43075743317604065,0.5464593768119812,-0.16489480435848236,0.5192344188690186,0.5337175130844116,0.011781275272369385,0.46646061539649963,0.530680775642395,-0.011887316592037678,0.5199974775314331,0.6830388307571411,-0.004910440184175968,0.45913606882095337,0.6838136911392212,-0.025480344891548157,0.5184239745140076,0.8080648183822632,0.1735774576663971,0.45285239815711975,0.8100597858428955,0.1443575918674469,0.509048342704773,0.8221651911735535,0.18297931551933289,0.45835405588150024,0.8217296600341797,0.15261271595954895,0.533547043800354,0.8607034683227539,0.04686155170202255,0.4456291198730469,0.8574579358100891,0.010531461797654629
90,draw_tick,a07_s08_e01,0.4923064112663269,0.27625831961631775,-0.3104763925075531,0.4975925087928772,0.26351398229599,-0.29541969299316406,0.5013753175735474,0.2630835771560669,-0.2954191267490387,0.5050218105316162,0.2630905210971832,-0.2953958511352539,0.48666825890541077,0.2645094692707062,-0.29578131437301636,0.4833036959171295,0.26451748609542847,-0.2958056926727295,0.4801614284515381,0.26488766074180603,-0.29582691192626953,0.5089110136032104,0.26791906356811523,-0.17564775049686432,0.4768363833427429,0.26981398463249207,-0.17851392924785614,0.49956053495407104,0.2892431616783142,-0.26334166526794434,0.48554080724716187,0.2905673682689667,-0.2642412483692169,0.5422712564468384,0.34741613268852234,-0.06968490034341812,0.450580894947052,0.3394191861152649,-0.09003175795078278,0.5548460483551025,0.4483359158039093,0.00830690748989582,0.4326522946357727,0.43079105019569397,-0.03326641768217087,0.560316801071167,0.5343654751777649,-0.08608518540859222,0.4259829521179199,0.5119963884353638,-0.12755273282527924,0.5607937574386597,0.5629319548606873,-0.11139325797557831,0.4216054379940033,0.5410143136978149,-0.15870413184165955,0.5546489953994751,0.5609962940216064,-0.15319040417671204,0.42638063430786133,0.5396248698234558,-0.19300755858421326,0.5525521039962769,0.5537309050559998,-0.10437773168087006,0.42961955070495605,0.5304836630821228,-0.14289161562919617,0.5188661813735962,0.5337820649147034,0.011496828868985176,0.4663544297218323,0.5306780338287354,-0.011593099683523178,0.5197786688804626,0.6829709410667419,-0.004880355671048164,0.4591079354286194,0.6840505599975586,-0.025471335276961327,0.5184623003005981,0.8080534338951111,0.17355144023895264,0.45283907651901245,0.8100536465644836,0.1437034159898758,0.5091224908828735,0.8221688866615295,0.18281464278697968,0.45835795998573303,0.8216152191162109,0.15164215862751007,0.5335511565208435,0.8606647849082947,0.045302800834178925,0.4457271695137024,0.8574613332748413,0.008535336703062057
91,draw_tick,a07_s08_e01,0.49219074845314026,0.2764175236225128,-0.2898246943950653,0.49746036529541016,0.2637154161930084,-0.2746981084346771,0.5012835264205933,0.2632562816143036,-0.2747119069099426,0.5049490928649902,0.26321420073509216,-0.27468979358673096,0.4865425229072571,0.26464778184890747,-0.2745068669319153,0.4831876754760742,0.26464322209358215,-0.27450698614120483,0.48006492853164673,0.264997273683548,-0.2745128571987152,0.5089050531387329,0.2679586410522461,-0.1543455868959427,0.47682666778564453,0.26981550455093384,-0.1548580825328827,0.49948039650917053,0.28936323523521423,-0.24254998564720154,0.485476553440094,0.29066145420074463,-0.24272975325584412,0.5422684550285339,0.3473993241786957,-0.050641924142837524,0.4509861469268799,0.33783677220344543,-0.06252159178256989,0.5543808341026306,0.44833287596702576,0.029285669326782227,0.4326571822166443,0.4216659367084503,0.00763242831453681,0.5601415634155273,0.5340862274169922,-0.059750866144895554,0.4238089919090271,0.4965565502643585,-0.08273991197347641,0.5605225563049316,0.5629122853279114,-0.0839463621377945,0.4174432158470154,0.5218282341957092,-0.11166483163833618,0.5542354583740234,0.560955822467804,-0.12637849152088165,0.4224042296409607,0.5205805897712708,-0.14792871475219727,0.552178680896759,0.553676962852478,-0.07826552540063858,0.4265262186527252,0.5122218728065491,-0.09896640479564667,0.5187067985534668,0.5338560342788696,0.010594507679343224,0.4663078784942627,0.5306430459022522,-0.010672850534319878,0.5194846391677856,0.6829861402511597,-0.009020407684147358,0.4590531885623932,0.6840453743934631,-0.02675064466893673,0.5184804201126099,0.8080577850341797,0.16852763295173645,0.4528006911277771,0.8100332021713257,0.13853144645690918,0.5091496706008911,0.8221771121025085,0.1775096356868744,0.4583559036254883,0.8214882612228394,0.14584997296333313,0.5335501432418823,0.8606699109077454,0.03881699964404106,0.44584745168685913,0.8574632406234741,0.002246088581159711
92,draw_tick,a07_s08_e01,0.49203723669052124,0.27661892771720886,-0.2823230028152466,0.49727845191955566,0.2639531195163727,-0.26794031262397766,0.5011390447616577,0.26347169280052185,-0.26794755458831787,0.504831075668335,0.26336589455604553,-0.2679221034049988,0.48639267683029175,0.264831006526947,-0.26697301864624023,0.483045756816864,0.26483795046806335,-0.26697269082069397,0.4799579679965973,0.26517271995544434,-0.26695722341537476,0.5088905096054077,0.26803791522979736,-0.14968708157539368,0.476818323135376,0.2698668837547302,-0.1478056013584137,0.4993765354156494,0.28951600193977356,-0.23607034981250763,0.4853884279727936,0.2907990515232086,-0.23551008105278015,0.5422700643539429,0.34748226404190063,-0.046792734414339066,0.4516690671443939,0.3370913863182068,-0.05183442682027817,0.5539242625236511,0.4483928084373474,0.043281279504299164,0.4325718879699707,0.41060879826545715,0.03626333177089691,0.5599130392074585,0.5340316295623779,-0.02131029963493347,0.4219415783882141,0.47940561175346375,-0.023994939401745796,0.5602189302444458,0.5629103183746338,-0.03995226323604584,0.41445937752723694,0.4993506669998169,-0.045291922986507416,0.5535798072814941,0.5609521269798279,-0.0822657123208046,0.4194714426994324,0.4985646903514862,-0.07928737252950668,0.5515139102935791,0.5536715388298035,-0.039082735776901245,0.4238336682319641,0.493428111076355,-0.03846915811300278,0.5185898542404175,0.53416508436203,0.009732977487146854,0.46634453535079956,0.53066486120224,-0.009789355099201202,0.5190905332565308,0.6832667589187622,-0.009052781388163567,0.4588931202888489,0.6840620636940002,-0.027702221646904945,0.5184842348098755,0.8080609440803528,0.1680690348148346,0.4527820646762848,0.8099831342697144,0.13486886024475098,0.5091813802719116,0.8221800923347473,0.1770177036523819,0.45837244391441345,0.8212953209877014,0.14189818501472473,0.533536970615387,0.8606703281402588,0.039721835404634476,0.44598275423049927,0.857465386390686,-0.0006251988233998418
93,draw_tick,a07_s08_e01,0.49184608459472656,0.2768271565437317,-0.2900244891643524,0.49709540605545044,0.2641473114490509,-0.2749953866004944,0.5009864568710327,0.2636478543281555,-0.27499109506607056,0.5047076344490051,0.263484925031662,-0.27495718002319336,0.48622116446495056,0.26498517394065857,-0.2743843197822571,0.4828694462776184,0.2650085389614105,-0.27440184354782104,0.4798344075679779,0.26531335711479187,-0.2743803858757019,0.5088610053062439,0.2680935859680176,-0.15161964297294617,0.47680506110191345,0.26990458369255066,-0.15276388823986053,0.4992116391658783,0.28967270255088806,-0.2421102523803711,0.48520177602767944,0.29092925786972046,-0.24242165684700012,0.5422587990760803,0.34755611419677734,-0.043692272156476974,0.45214539766311646,0.3367895185947418,-0.05702952295541763,0.5535973310470581,0.44837188720703125,0.05274217575788498,0.4322601854801178,0.4010465443134308,0.0012447050539776683,0.5597735047340393,0.5340381860733032,0.001422047265805304,0.4164535105228424,0.45273926854133606,-0.08839170634746552,0.5599575042724609,0.5629603266716003,-0.013186980970203876,0.40887975692749023,0.46815213561058044,-0.1154121607542038,0.5530897378921509,0.5610396265983582,-0.05535390228033066,0.4130019545555115,0.4673613905906677,-0.1484857052564621,0.551001787185669,0.5537402629852295,-0.015769483521580696,0.41746312379837036,0.4635764956474304,-0.10321267694234848,0.5183849334716797,0.534233808517456,0.009772046469151974,0.4662678837776184,0.5306961536407471,-0.009831617586314678,0.5188428163528442,0.6835749745368958,-0.007523310370743275,0.45863237977027893,0.6840879917144775,-0.028222810477018356,0.518519401550293,0.8080788850784302,0.17246928811073303,0.45277875661849976,0.8099176287651062,0.13605253398418427,0.5092581510543823,0.8221966624259949,0.1815929114818573,0.4584912359714508,0.8211206197738647,0.14332638680934906,0.5335580110549927,0.8606754541397095,0.04673541337251663,0.44623494148254395,0.8574820756912231,0.0005882923724129796
94,draw_tick,a07_s08_e01,0.4917985498905182,0.27699217200279236,-0.2946609556674957,0.49702882766723633,0.26430466771125793,-0.27867740392684937,0.5009236931800842,0.26378798484802246,-0.27868446707725525,0.5046550035476685,0.26358291506767273,-0.2786598205566406,0.48617658019065857,0.26512253284454346,-0.27949288487434387,0.48282331228256226,0.26515451073646545,-0.27951791882514954,0.479792982339859,0.2654416859149933,-0.2795087993144989,0.508838415145874,0.2681255340576172,-0.14896032214164734,0.4768036901950836,0.26994791626930237,-0.15703268349170685,0.49917253851890564,0.2897515594959259,-0.24411268532276154,0.4851529002189636,0.2910023033618927,-0.24641187489032745,0.5422582626342773,0.34755370020866394,-0.03655044734477997,0.45220503211021423,0.33669957518577576,-0.06816612184047699,0.5532774329185486,0.4482863247394562,0.05055849999189377,0.42849650979042053,0.4022422134876251,-0.08105002343654633,0.5593851804733276,0.5340321063995361,-0.013548387214541435,0.41064953804016113,0.4320690333843231,-0.2769179344177246,0.5595211386680603,0.5629804730415344,-0.031592901796102524,0.40347975492477417,0.44150856137275696,-0.31900742650032043,0.5526348352432251,0.5611153244972229,-0.07287685573101044,0.4076550602912903,0.43879029154777527,-0.3478628993034363,0.5505374670028687,0.5537807941436768,-0.03059004247188568,0.4118700623512268,0.43671151995658875,-0.29329681396484375,0.518230140209198,0.5342445373535156,0.012238925322890282,0.4661279320716858,0.5307011008262634,-0.012306833639740944,0.5186806917190552,0.6838047504425049,0.005958454217761755,0.4583362638950348,0.68410325050354,-0.027628477662801743,0.5185725092887878,0.8080959320068359,0.1887107789516449,0.4527807831764221,0.8098609447479248,0.13663485646247864,0.5093199014663696,0.8222059011459351,0.19796288013458252,0.4585872292518616,0.820980966091156,0.14414699375629425,0.5336044430732727,0.8606838583946228,0.0615411214530468,0.4463667869567871,0.8575425744056702,0.0013907109387218952
95,draw_tick,a07_s08_e01,0.491711288690567,0.27714788913726807,-0.2815130650997162,0.4968966543674469,0.26446133852005005,-0.26509976387023926,0.5007981061935425,0.26393407583236694,-0.2651067078113556,0.5045396089553833,0.2636822462081909,-0.26508399844169617,0.486053466796875,0.26525816321372986,-0.2664356529712677,0.4826905131340027,0.2653109133243561,-0.26646688580513,0.47969359159469604,0.2655722200870514,-0.2664443552494049,0.5087456107139587,0.2681625485420227,-0.1345060169696808,0.47676363587379456,0.27002668380737305,-0.14457295835018158,0.4990726113319397,0.2897931933403015,-0.2301928550004959,0.4850209653377533,0.29104191064834595,-0.23327751457691193,0.542228102684021,0.3474676012992859,-0.0273488350212574,0.4522562026977539,0.3353641927242279,-0.058448802679777145,0.5531058311462402,0.44815295934677124,0.04521593824028969,0.42013049125671387,0.3961693048477173,-0.11380796134471893,0.5586260557174683,0.5341513752937317,-0.023086514323949814,0.40389999747276306,0.4046700894832611,-0.3467368483543396,0.5586471557617188,0.5631099343299866,-0.04150146245956421,0.39733076095581055,0.4061441421508789,-0.39327681064605713,0.5519877672195435,0.5613285303115845,-0.07999001443386078,0.4020107388496399,0.40105676651000977,-0.415883868932724,0.5498889088630676,0.553955614566803,-0.03877562656998634,0.40636110305786133,0.4014410972595215,-0.36176103353500366,0.5178863406181335,0.534209668636322,0.01365391630679369,0.46550068259239197,0.5305323004722595,-0.013731810264289379,0.518519937992096,0.6838236451148987,0.011957565322518349,0.4580962657928467,0.6840922832489014,-0.026768993586301804,0.518589973449707,0.8080930709838867,0.19678819179534912,0.4527781903743744,0.8098515272140503,0.14108607172966003,0.5093492269515991,0.8221994042396545,0.20625782012939453,0.4586399495601654,0.8209467530250549,0.14913026988506317,0.5336297750473022,0.8606800436973572,0.06864453852176666,0.44652312994003296,0.8576028943061829,0.0030127025675028563
96,draw_tick,a07_s08_e01,0.49155059456825256,0.27721554040908813,-0.26855844259262085,0.49669909477233887,0.26455754041671753,-0.25337737798690796,0.5005936026573181,0.2640385329723358,-0.2533746063709259,0.5043550729751587,0.26374977827072144,-0.2533547282218933,0.4858819842338562,0.26533013582229614,-0.2533037066459656,0.4825271666049957,0.2654016315937042,-0.25334665179252625,0.4795917570590973,0.2656460404396057,-0.25334128737449646,0.5086469054222107,0.2682126760482788,-0.12954282760620117,0.47674497961997986,0.27015575766563416,-0.13394001126289368,0.49890008568763733,0.28981125354766846,-0.21995612978935242,0.48479390144348145,0.2910681366920471,-0.2215716391801834,0.5422276854515076,0.3475385904312134,-0.02939601242542267,0.45272690057754517,0.33399784564971924,-0.05832846090197563,0.5529908537864685,0.4479607939720154,0.041530609130859375,0.4195331931114197,0.37905243039131165,-0.17190822958946228,0.5580382347106934,0.5345078706741333,-0.004983169957995415,0.3976055383682251,0.3759597837924957,-0.4581148624420166,0.5581690073013306,0.5633648633956909,-0.01567167602479458,0.3896404206752777,0.3737713396549225,-0.508887767791748,0.5515033006668091,0.5616246461868286,-0.05140487477183342,0.39478638768196106,0.37014731764793396,-0.5287948846817017,0.5493335127830505,0.55417400598526,-0.017901495099067688,0.3988438844680786,0.37202849984169006,-0.47432899475097656,0.5176646709442139,0.5343000292778015,0.0154791921377182,0.4650234282016754,0.5305649042129517,-0.015633367002010345,0.5184572339057922,0.6837823987007141,0.022018449380993843,0.45768553018569946,0.6838697195053101,-0.024596694856882095,0.5185917615890503,0.8080638647079468,0.20275811851024628,0.45279431343078613,0.8097155094146729,0.14497140049934387,0.5093544125556946,0.8221662044525146,0.21196846663951874,0.45870715379714966,0.8206287622451782,0.15347275137901306,0.5336399078369141,0.8606446385383606,0.0770563930273056,0.44658127427101135,0.8576046228408813,0.0104782460257411
97,draw_tick,a07_s08_e01,0.49155759811401367,0.2772480249404907,-0.24217097461223602,0.49665698409080505,0.264652281999588,-0.2261877804994583,0.5005428194999695,0.26412346959114075,-0.22618404030799866,0.5042783617973328,0.2638023793697357,-0.22616693377494812,0.4858790934085846,0.26538771390914917,-0.22624774277210236,0.4825270175933838,0.2654424011707306,-0.22628872096538544,0.4795888364315033,0.2656811773777008,-0.226300448179245,0.5085786581039429,0.26828351616859436,-0.1046469435095787,0.4767884612083435,0.2702057957649231,-0.10868795216083527,0.49891191720962524,0.2898159325122833,-0.19473928213119507,0.4848719537258148,0.2910721004009247,-0.1963149607181549,0.5422561764717102,0.34784841537475586,-0.012100297957658768,0.4531230330467224,0.3335422873497009,-0.04912331700325012,0.5528768301010132,0.44782760739326477,0.03834891319274902,0.41464608907699585,0.36377274990081787,-0.19917134940624237,0.5574641823768616,0.5346783995628357,-0.020384129136800766,0.39492934942245483,0.3467333912849426,-0.5058773756027222,0.557572603225708,0.5634934306144714,-0.034835170954465866,0.3869538903236389,0.3389625549316406,-0.562495768070221,0.5510969758033752,0.5617533922195435,-0.0688055232167244,0.39270442724227905,0.334865540266037,-0.5775827169418335,0.5489203333854675,0.5542590022087097,-0.03338812664151192,0.39662158489227295,0.33805111050605774,-0.5209237337112427,0.5174188613891602,0.5344651937484741,0.017182761803269386,0.4645293653011322,0.5309752225875854,-0.01736885868012905,0.5184296369552612,0.6833714842796326,0.019163833931088448,0.4573081135749817,0.6836642622947693,-0.025534549728035927,0.5185786485671997,0.8080148696899414,0.20253685116767883,0.45280560851097107,0.8096412420272827,0.14516231417655945,0.5093536376953125,0.8221439123153687,0.21212148666381836,0.4587739109992981,0.8204209804534912,0.15404276549816132,0.533645510673523,0.860612690448761,0.07639662176370621,0.44661909341812134,0.8576079607009888,0.011568554677069187
98,draw_tick,a07_s08_e01,0.49134954810142517,0.27724578976631165,-0.22628994286060333,0.4962064325809479,0.26466134190559387,-0.21089348196983337,0.5000592470169067,0.2641422152519226,-0.21088051795959473,0.5038162469863892,0.26381155848503113,-0.2108653038740158,0.48565754294395447,0.26539698243141174,-0.2093796730041504,0.4824303686618805,0.2654627859592438,-0.20941977202892303,0.4795432984828949,0.2657119035720825,-0.20944151282310486,0.5083736181259155,0.26835885643959045,-0.09703578054904938,0.4768059253692627,0.2703622877597809,-0.09354715049266815,0.49873608350753784,0.2898138463497162,-0.18225163221359253,0.4848170280456543,0.2910619080066681,-0.18168401718139648,0.5422713160514832,0.3484967350959778,-0.013685928657650948,0.4542354941368103,0.33314773440361023,-0.04228612035512924,0.5527228116989136,0.4478236734867096,0.034466762095689774,0.4154382646083832,0.3521089255809784,-0.20336885750293732,0.5570898652076721,0.5349652767181396,-0.013352446258068085,0.3948630690574646,0.3229340612888336,-0.5076992511749268,0.5569906830787659,0.5637797117233276,-0.02436237968504429,0.3867868483066559,0.3092488646507263,-0.5640535950660706,0.550713062286377,0.562008261680603,-0.05623163655400276,0.39111053943634033,0.30473607778549194,-0.5783820152282715,0.5485750436782837,0.5544129014015198,-0.024988535791635513,0.3950120508670807,0.3102320432662964,-0.5231555700302124,0.5171899795532227,0.5348287224769592,0.016896961256861687,0.46420353651046753,0.5315768718719482,-0.017086956650018692,0.5183849334716797,0.682727575302124,0.01705949567258358,0.45694273710250854,0.6831995844841003,-0.026624340564012527,0.5185619592666626,0.8078319430351257,0.1985441893339157,0.4528706967830658,0.8093582391738892,0.14348138868808746,0.5093162059783936,0.8220532536506653,0.20781373977661133,0.45897215604782104,0.8200238347053528,0.15278351306915283,0.5336577296257019,0.8605276346206665,0.07163506001234055,0.44664353132247925,0.8575844168663025,0.011768510565161705
99,draw_tick,a07_s08_e01,0.4913345277309418,0.27725663781166077,-0.226647287607193,0.4960179328918457,0.2647095024585724,-0.2092796266078949,0.4998130798339844,0.26420456171035767,-0.20924846827983856,0.5035556554794312,0.26385366916656494,-0.20923110842704773,0.4855828285217285,0.2654249668121338,-0.21135680377483368,0.4824071526527405,0.2654876410961151,-0.21141231060028076,0.4795324206352234,0.2657396197319031,-0.2114555835723877,0.5082274675369263,0.26845499873161316,-0.08975905925035477,0.47678589820861816,0.270530641078949,-0.10240153223276138,0.49872907996177673,0.2898446023464203,-0.18065416812896729,0.4848172068595886,0.2910647988319397,-0.18485510349273682,0.5422793626785278,0.3491691052913666,-0.0016675839433446527,0.4544491171836853,0.3326032757759094,-0.06766953319311142,0.5526077151298523,0.4478646218776703,0.04196668416261673,0.41606035828590393,0.33742794394493103,-0.2870996296405792,0.5567985773086548,0.5353845357894897,0.00928100198507309,0.39542919397354126,0.2979826331138611,-0.604202151298523,0.5565560460090637,0.56416916847229,0.0023356860037893057,0.38827911019325256,0.28195229172706604,-0.6671944856643677,0.5504800081253052,0.5623681545257568,-0.029629934579133987,0.39260128140449524,0.27655062079429626,-0.6751067042350769,0.5483651161193848,0.5546549558639526,-0.0025127825792878866,0.3959589898586273,0.2831224799156189,-0.6179013848304749,0.517032265663147,0.5351250767707825,0.024081576615571976,0.4640258252620697,0.5320436954498291,-0.024373173713684082,0.5183569192886353,0.6823270916938782,0.01894696243107319,0.45676785707473755,0.6828135251998901,-0.03448949009180069,0.5185319781303406,0.8076202273368835,0.20855124294757843,0.45288386940956116,0.8092685341835022,0.14023973047733307,0.509205162525177,0.8219869136810303,0.21954412758350372,0.45906582474708557,0.8199555277824402,0.15001943707466125,0.5337907075881958,0.8602731227874756,0.08630365878343582,0.4468146860599518,0.8575835824012756,0.009379565715789795
100,draw_tick,a07_s08_e01,0.4911677837371826,0.27730807662010193,-0.22521767020225525,0.49566417932510376,0.26477161049842834,-0.20809857547283173,0.49936598539352417,0.26428520679473877,-0.20806631445884705,0.5031406283378601,0.26390936970710754,-0.20804628729820251,0.48533695936203003,0.26548874378204346,-0.2069365531206131,0.48225441575050354,0.26558008790016174,-0.20699019730091095,0.4794232249259949,0.2658438980579376,-0.2070121020078659,0.508074939250946,0.2685621380805969,-0.09170175343751907,0.47675466537475586,0.2708123028278351,-0.08959244191646576,0.49867838621139526,0.28989177942276,-0.18090948462486267,0.48479047417640686,0.29110148549079895,-0.18090662360191345,0.5422823429107666,0.3499084711074829,-0.010667388327419758,0.45442715287208557,0.3325726389884949,-0.051733314990997314,0.5525639653205872,0.448382705450058,0.03527219966053963,0.4142342507839203,0.32400915026664734,-0.2358967363834381,0.5565183758735657,0.5357900857925415,-0.005021217279136181,0.39631858468055725,0.27603861689567566,-0.5289393663406372,0.5561516880989075,0.5645042061805725,-0.01479138433933258,0.389518678188324,0.25622043013572693,-0.5880804657936096,0.5502868294715881,0.5626969933509827,-0.04630125313997269,0.3936890959739685,0.2516361176967621,-0.5949195623397827,0.5482048988342285,0.5549033284187317,-0.016811195760965347,0.39695149660110474,0.2593119442462921,-0.5424829721450806,0.5165351629257202,0.5354068279266357,0.023941412568092346,0.4635883867740631,0.5324509739875793,-0.024203617125749588,0.5182629823684692,0.6821575164794922,0.016583090648055077,0.45664042234420776,0.6826902031898499,-0.034374989569187164,0.5185022950172424,0.8073390126228333,0.20404700934886932,0.45291775465011597,0.8092132806777954,0.14307770133018494,0.5091279745101929,0.821824312210083,0.2146969735622406,0.4591977000236511,0.8199092149734497,0.15307143330574036,0.5338665246963501,0.8601567149162292,0.08010252565145493,0.44691452383995056,0.85760897397995,0.013915657997131348
101,draw_tick,a07_s08_e01,0.49068012833595276,0.27756214141845703,-0.20832614600658417,0.49504098296165466,0.2649499475955963,-0.19186408817768097,0.4985799193382263,0.26448434591293335,-0.19183439016342163,0.5023563504219055,0.26406747102737427,-0.19182203710079193,0.48490840196609497,0.26573461294174194,-0.1885887235403061,0.48192912340164185,0.2659117579460144,-0.18864354491233826,0.47917523980140686,0.26623138785362244,-0.18865017592906952,0.5077680349349976,0.26871412992477417,-0.08081768453121185,0.47668346762657166,0.2712826430797577,-0.0685754269361496,0.49843835830688477,0.29005444049835205,-0.16616740822792053,0.48459967970848083,0.29127195477485657,-0.163152813911438,0.5422827005386353,0.3503677248954773,-0.009165890514850616,0.45437559485435486,0.3322467505931854,-0.013480047695338726,0.5525232553482056,0.4489579498767853,0.03384119272232056,0.4136686325073242,0.3158593773841858,-0.1577233076095581,0.5561875700950623,0.5362359881401062,-0.005166861694306135,0.3966195583343506,0.259399950504303,-0.39686864614486694,0.5556035041809082,0.5647971034049988,-0.017040343955159187,0.3901272416114807,0.23704124987125397,-0.4532740116119385,0.5500510931015015,0.5630090832710266,-0.04813554137945175,0.3941335678100586,0.23210495710372925,-0.451975017786026,0.5480324029922485,0.5551959276199341,-0.016956882551312447,0.39709821343421936,0.23852592706680298,-0.4094260632991791,0.5161707401275635,0.5355326533317566,0.016637777909636497,0.4633161127567291,0.5326278209686279,-0.01695418544113636,0.5182387232780457,0.6820571422576904,0.014278222806751728,0.4566277861595154,0.6826067566871643,-0.03227550908923149,0.5184901356697083,0.8070240616798401,0.20165154337882996,0.4529866576194763,0.8092084527015686,0.14920257031917572,0.5090749263763428,0.8216273784637451,0.21237614750862122,0.45926564931869507,0.81990647315979,0.1595899760723114,0.5339062213897705,0.8601011037826538,0.07710748165845871,0.44700461626052856,0.8576114177703857,0.020916590467095375
102,draw_tick,a07_s08_e01,0.48942622542381287,0.278287410736084,-0.19622665643692017,0.49400249123573303,0.2653176486492157,-0.18064430356025696,0.49748292565345764,0.2648511826992035,-0.18061380088329315,0.501190721988678,0.2643974721431732,-0.18060891330242157,0.4840083122253418,0.2662171721458435,-0.17530357837677002,0.4811479151248932,0.26645880937576294,-0.1753506064414978,0.47853201627731323,0.2668337821960449,-0.17533673346042633,0.507334291934967,0.26898393034935,-0.07727451622486115,0.476538747549057,0.27179110050201416,-0.05455943942070007,0.49757689237594604,0.29071369767189026,-0.15714703500270844,0.483851820230484,0.2918755114078522,-0.15103298425674438,0.542296290397644,0.3507508635520935,-0.012213880196213722,0.45435675978660583,0.3323076367378235,0.004984147846698761,0.5525239706039429,0.4498864710330963,0.03171592578291893,0.41363540291786194,0.3096761107444763,-0.09251335263252258,0.5559787750244141,0.5370346903800964,-0.004040649626404047,0.3972364366054535,0.24091649055480957,-0.2763834297657013,0.5553001761436462,0.5652199983596802,-0.01582823507487774,0.39108437299728394,0.21997135877609253,-0.3230428993701935,0.5499088168144226,0.5634666085243225,-0.04532153159379959,0.3949633240699768,0.21350349485874176,-0.32821571826934814,0.5479280352592468,0.5556223392486572,-0.01519043743610382,0.3977952003479004,0.22168835997581482,-0.2884707450866699,0.5157981514930725,0.5355907678604126,0.008633870631456375,0.4629741609096527,0.5327054858207703,-0.0089271804317832,0.51819908618927,0.6819661855697632,0.0022708778269588947,0.4565696120262146,0.6824485659599304,-0.02779010310769081,0.518413782119751,0.8066871762275696,0.19931164383888245,0.4530763626098633,0.808884859085083,0.15463468432426453,0.5089728236198425,0.8213208317756653,0.21225707232952118,0.45930713415145874,0.8196109533309937,0.16523808240890503,0.5339081287384033,0.8599479794502258,0.07641072571277618,0.44703125953674316,0.8575817346572876,0.02800050377845764
103,draw_tick,a07_s08_e01,0.4883691370487213,0.2793995440006256,-0.202987402677536,0.49308961629867554,0.26597368717193604,-0.18698009848594666,0.49659210443496704,0.26549583673477173,-0.1869635283946991,0.5002282857894897,0.2650219798088074,-0.18695703148841858,0.4831930696964264,0.2670134902000427,-0.18126294016838074,0.48042240738868713,0.2672973871231079,-0.1813097894191742,0.47792989015579224,0.2677437961101532,-0.18129882216453552,0.5069476366043091,0.26945582032203674,-0.0829433798789978,0.4763805866241455,0.2723070979118347,-0.05783293768763542,0.49684467911720276,0.2917587459087372,-0.16382548213005066,0.4831281304359436,0.2929641008377075,-0.15705491602420807,0.5423411726951599,0.3510715663433075,-0.015393811278045177,0.4542887210845947,0.33238258957862854,-1.8287157217855565e-05,0.5526410341262817,0.4508104920387268,0.011332827620208263,0.4130217134952545,0.30349332094192505,-0.09296045452356339,0.5559152364730835,0.537712037563324,-0.028065670281648636,0.3977718949317932,0.22730652987957,-0.25999197363853455,0.5552908778190613,0.5656575560569763,-0.04402848333120346,0.3916994035243988,0.2041805386543274,-0.30644190311431885,0.5498980283737183,0.5638067722320557,-0.07028665393590927,0.39568230509757996,0.19869361817836761,-0.3106304109096527,0.5479140877723694,0.5559428334236145,-0.03867274522781372,0.3986832797527313,0.20733563601970673,-0.2713380455970764,0.5155711770057678,0.5357833504676819,0.005517382174730301,0.46266645193099976,0.53305584192276,-0.00578708853572607,0.5181612372398376,0.6819509267807007,-0.0069498284719884396,0.4565250873565674,0.6824948787689209,-0.025167521089315414,0.5183959007263184,0.8064818978309631,0.19857558608055115,0.45312008261680603,0.8088226914405823,0.16167356073856354,0.5089380145072937,0.8211296796798706,0.21121832728385925,0.45931702852249146,0.8195275068283081,0.1728329211473465,0.5339099168777466,0.8598393201828003,0.07510074228048325,0.4470542073249817,0.8575944900512695,0.035477761179208755
104,draw_tick,a07_s08_e01,0.48822641372680664,0.28023213148117065,-0.21558968722820282,0.49285823106765747,0.2664703130722046,-0.19930510222911835,0.4963178038597107,0.2659665644168854,-0.19930236041545868,0.49993157386779785,0.2654695212841034,-0.1992969959974289,0.48300594091415405,0.267631858587265,-0.19459767639636993,0.480229914188385,0.2679175138473511,-0.19463936984539032,0.4777452349662781,0.268419474363327,-0.19462820887565613,0.5067466497421265,0.2698487937450409,-0.09188337624073029,0.47627949714660645,0.27289530634880066,-0.07142069935798645,0.4967504143714905,0.2926025688648224,-0.1749536693096161,0.4830334782600403,0.2938738465309143,-0.1696096658706665,0.5423542261123657,0.3511640131473541,-0.026457732543349266,0.4542299211025238,0.3324061632156372,-0.010896802879869938,0.5528514981269836,0.45102575421333313,0.001147690461948514,0.4127320349216461,0.29885387420654297,-0.09366155415773392,0.5559152364730835,0.5379158854484558,-0.04040716961026192,0.39912182092666626,0.21501967310905457,-0.2438996285200119,0.5553215742111206,0.5658262372016907,-0.05751856416463852,0.3924263119697571,0.19090285897254944,-0.28881925344467163,0.5499035120010376,0.5639212131500244,-0.08550102263689041,0.39610597491264343,0.1847904771566391,-0.2939179539680481,0.5479173064231873,0.5560746788978577,-0.05186339095234871,0.3991546332836151,0.1928715854883194,-0.25525230169296265,0.5153079032897949,0.5357954502105713,0.003906406462192535,0.4623100161552429,0.5331106781959534,-0.004139299038797617,0.5181655883789062,0.6819140911102295,-0.0069382889196276665,0.45646563172340393,0.6824749708175659,-0.020519336685538292,0.5183948278427124,0.806442141532898,0.19935327768325806,0.4531317353248596,0.8083581328392029,0.16823601722717285,0.5089351534843445,0.821102499961853,0.21249961853027344,0.45928654074668884,0.8189597725868225,0.17942750453948975,0.5339045524597168,0.8598362803459167,0.07505638152360916,0.44703683257102966,0.8575848937034607,0.04118404909968376
105,draw_tick,a07_s08_e01,0.4882466793060303,0.2810714840888977,-0.21860599517822266,0.49278149008750916,0.2670682668685913,-0.20249655842781067,0.4962419867515564,0.2664770781993866,-0.20250698924064636,0.4998346269130707,0.2659679651260376,-0.2025074064731598,0.48293209075927734,0.26844823360443115,-0.1971776783466339,0.4801362156867981,0.2687597870826721,-0.19720908999443054,0.47765594720840454,0.2693093717098236,-0.19719232618808746,0.5066708326339722,0.270378440618515,-0.0958380326628685,0.4762628972530365,0.273596853017807,-0.07349784672260284,0.4967619776725769,0.29359421133995056,-0.17868728935718536,0.4830361008644104,0.2951985001564026,-0.17247235774993896,0.5423974394798279,0.35115310549736023,-0.03444097191095352,0.4542156159877777,0.33248135447502136,-0.01210789568722248,0.5532089471817017,0.4509924650192261,-0.00016596727073192596,0.41289734840393066,0.29337507486343384,-0.07736308872699738,0.556144654750824,0.5379219055175781,-0.03682728484272957,0.40055012702941895,0.20598870515823364,-0.20086625218391418,0.5554782152175903,0.5658408999443054,-0.05302693322300911,0.3934553563594818,0.1801297515630722,-0.24322731792926788,0.549974262714386,0.5639104843139648,-0.08257616311311722,0.39614689350128174,0.17411598563194275,-0.24857811629772186,0.5480013489723206,0.5560718774795532,-0.04874076694250107,0.3992783725261688,0.18237349390983582,-0.21214453876018524,0.5152149200439453,0.5358148813247681,0.0018474964890629053,0.4620668888092041,0.5331681370735168,-0.0020403999369591475,0.5181990265846252,0.681899905204773,-0.005907314829528332,0.45643243193626404,0.6824475526809692,-0.015435995534062386,0.5183600187301636,0.8062538504600525,0.20024028420448303,0.45316433906555176,0.807561457157135,0.17275358736515045,0.5088832378387451,0.8209000825881958,0.21372441947460175,0.45920151472091675,0.8184964656829834,0.18399563431739807,0.5339454412460327,0.8597670197486877,0.07712019979953766,0.44703927636146545,0.8576141595840454,0.04723430424928665
106,draw_tick,a07_s08_e01,0.4882284700870514,0.2811164855957031,-0.22237148880958557,0.49267035722732544,0.26708799600601196,-0.20622503757476807,0.4961215555667877,0.26651397347450256,-0.20623166859149933,0.4996989369392395,0.26604562997817993,-0.2062266618013382,0.48282545804977417,0.2684645354747772,-0.2015659064054489,0.479979932308197,0.2687983214855194,-0.20160143077373505,0.4774758219718933,0.26937252283096313,-0.2015920877456665,0.5065341591835022,0.2706858813762665,-0.09764920175075531,0.47605377435684204,0.27373331785202026,-0.07718394696712494,0.4967188239097595,0.29379501938819885,-0.18055863678455353,0.482948362827301,0.29540473222732544,-0.17648273706436157,0.5424124002456665,0.3513530194759369,-0.037438347935676575,0.45417046546936035,0.3326939046382904,-0.018592391163110733,0.553663969039917,0.45107021927833557,-0.002958402968943119,0.41321587562561035,0.2906096577644348,-0.09517800062894821,0.5567508935928345,0.5379137396812439,-0.03701053559780121,0.4034081995487213,0.19781726598739624,-0.2235991656780243,0.5560360550880432,0.5658678412437439,-0.05334506556391716,0.396581768989563,0.17122361063957214,-0.26801708340644836,0.550159752368927,0.5639087557792664,-0.08279953896999359,0.39802175760269165,0.16551947593688965,-0.2717062830924988,0.5481950044631958,0.5560712814331055,-0.04907345399260521,0.40103206038475037,0.1740955263376236,-0.234544038772583,0.5152194499969482,0.5358466506004333,0.002526650670915842,0.4620459973812103,0.5332475304603577,-0.0027194551657885313,0.5182225108146667,0.6819929480552673,-0.00501935463398695,0.45632416009902954,0.6825066804885864,-0.013547049835324287,0.5183209776878357,0.8062337636947632,0.20986223220825195,0.4532597064971924,0.8065795302391052,0.18073417246341705,0.5088421106338501,0.8207533359527588,0.22396120429039001,0.45903950929641724,0.8178743124008179,0.1924600452184677,0.5339534282684326,0.859875500202179,0.08597631007432938,0.44698071479797363,0.857609748840332,0.05399332195520401
107,draw_tick,a07_s08_e01,0.48774194717407227,0.2811512351036072,-0.22927315533161163,0.4922676682472229,0.2671011984348297,-0.21163420379161835,0.49574071168899536,0.266531378030777,-0.2116691768169403,0.4992639124393463,0.266075074672699,-0.21165761351585388,0.4823318123817444,0.2685104012489319,-0.20462949573993683,0.4794110357761383,0.2688814699649811,-0.2046595811843872,0.47690349817276,0.26944905519485474,-0.2046538144350052,0.5060743689537048,0.2707405090332031,-0.106393001973629,0.4756992757320404,0.27376800775527954,-0.08084257692098618,0.49630093574523926,0.29383960366249084,-0.18996965885162354,0.48245882987976074,0.2955252230167389,-0.18208712339401245,0.5423495173454285,0.3517405092716217,-0.04492770507931709,0.45388397574424744,0.33272168040275574,-0.02184860035777092,0.5537127256393433,0.4510616362094879,-0.011852892115712166,0.41384515166282654,0.28560590744018555,-0.09972292184829712,0.5570946931838989,0.5372797250747681,-0.047029610723257065,0.40560150146484375,0.18994899094104767,-0.2165205031633377,0.5566388368606567,0.56551194190979,-0.06412287056446075,0.3995962142944336,0.16282032430171967,-0.2601076364517212,0.55063396692276,0.5632537007331848,-0.09364572912454605,0.40024980902671814,0.15609446167945862,-0.2654706537723541,0.5485731363296509,0.5556814670562744,-0.059451572597026825,0.4030173420906067,0.16529226303100586,-0.22788384556770325,0.5152045488357544,0.5358818173408508,0.0026754308491945267,0.4619649052619934,0.533319890499115,-0.0028554615564644337,0.5182338356971741,0.6821974515914917,-0.003985697869211435,0.4561127722263336,0.6825581192970276,-0.010914609767496586,0.518267035484314,0.8062413930892944,0.20735394954681396,0.4533168375492096,0.8061072826385498,0.1853923499584198,0.5088411569595337,0.8207613825798035,0.22067932784557343,0.45883482694625854,0.8174741268157959,0.19711872935295105,0.533936083316803,0.8599355816841125,0.08441729843616486,0.4467651844024658,0.8575916886329651,0.058022432029247284
108,draw_tick,a07_s08_e01,0.48765331506729126,0.28188392519950867,-0.2735200524330139,0.4921676218509674,0.2676410377025604,-0.25424912571907043,0.49568241834640503,0.26709237694740295,-0.254280686378479,0.49920374155044556,0.26662304997444153,-0.25427478551864624,0.48209014534950256,0.2689654529094696,-0.24923837184906006,0.4791080057621002,0.26929184794425964,-0.2492961883544922,0.4765734076499939,0.26980873942375183,-0.2493007630109787,0.5058943033218384,0.2707837224006653,-0.1371638923883438,0.47539177536964417,0.273963987827301,-0.11383426189422607,0.4962084889411926,0.2948022782802582,-0.22946815192699432,0.4824380874633789,0.29652899503707886,-0.22303572297096252,0.5422664880752563,0.35131871700286865,-0.062051497399806976,0.4534596800804138,0.3325864374637604,-0.059912871569395065,0.5538151860237122,0.449535071849823,-0.04136424511671066,0.41454261541366577,0.2830381393432617,-0.15214398503303528,0.5578473210334778,0.5351892709732056,-0.09709636867046356,0.40802112221717834,0.18406102061271667,-0.27378103137016296,0.5575685501098633,0.5642111897468567,-0.1178520917892456,0.4029816687107086,0.1565362811088562,-0.3214077651500702,0.5514797568321228,0.5617589354515076,-0.1474299132823944,0.4034266471862793,0.1495760977268219,-0.32158321142196655,0.5493670701980591,0.5544854402542114,-0.1101931482553482,0.40579739212989807,0.1579056680202484,-0.28371742367744446,0.5151236653327942,0.5357534885406494,0.003067705547437072,0.4617331922054291,0.5332717299461365,-0.0032569144386798143,0.5182438492774963,0.6821514368057251,-0.003434928599745035,0.4559536576271057,0.6823833584785461,-0.010210613720119,0.5182592868804932,0.806235671043396,0.20905044674873352,0.45330601930618286,0.8052729964256287,0.19639071822166443,0.5088512301445007,0.8207741975784302,0.22264714539051056,0.458550363779068,0.8167657852172852,0.20922128856182098,0.5339363813400269,0.860304057598114,0.08256839215755463,0.4465036392211914,0.857367217540741,0.06831733137369156
109,draw_tick,a07_s08_e01,0.4876711368560791,0.28259021043777466,-0.32076913118362427,0.49214285612106323,0.2683163583278656,-0.3009139597415924,0.4956219792366028,0.2676876187324524,-0.30093464255332947,0.49911022186279297,0.2671971619129181,-0.3009316325187683,0.4820414185523987,0.2698248624801636,-0.2966800332069397,0.47897377610206604,0.2702053189277649,-0.296756386756897,0.4763810634613037,0.27070775628089905,-0.29676711559295654,0.5055428743362427,0.27088484168052673,-0.17704924941062927,0.47502022981643677,0.2742686867713928,-0.1568043828010559,0.4961419105529785,0.295791357755661,-0.2737314701080322,0.4824441969394684,0.29740849137306213,-0.2682223916053772,0.541938304901123,0.35106080770492554,-0.09276311844587326,0.4528934955596924,0.33237260580062866,-0.1008981466293335,0.553817868232727,0.4487740695476532,-0.07993943989276886,0.4147714674472809,0.2793012261390686,-0.20490305125713348,0.5584040880203247,0.5340107083320618,-0.14804425835609436,0.40943604707717896,0.1767885386943817,-0.3498273491859436,0.5585657358169556,0.5631049275398254,-0.169307142496109,0.4052179455757141,0.1492479294538498,-0.3974106013774872,0.5526086091995239,0.560760498046875,-0.19923798739910126,0.405679851770401,0.1415870636701584,-0.4012700021266937,0.5503591299057007,0.5537338852882385,-0.1615026742219925,0.40769162774086,0.15002065896987915,-0.3605165183544159,0.5149911642074585,0.5356675982475281,0.003431041492149234,0.46156615018844604,0.5332328677177429,-0.003636650275439024,0.5183533430099487,0.6821458339691162,-0.008349957875907421,0.45591750741004944,0.6823803782463074,-0.010831809602677822,0.5183277130126953,0.806108295917511,0.20825453102588654,0.45332154631614685,0.8036361932754517,0.21224269270896912,0.5090781450271606,0.8206689953804016,0.22222474217414856,0.45848527550697327,0.8147193193435669,0.22717824578285217,0.5339385271072388,0.8609150052070618,0.08163544535636902,0.44649094343185425,0.8572180271148682,0.08986322581768036
110,draw_tick,a07_s08_e01,0.48678094148635864,0.28324219584465027,-0.3488334119319916,0.4909036159515381,0.26929229497909546,-0.32871678471565247,0.49434781074523926,0.26865333318710327,-0.3287200629711151,0.49773162603378296,0.26810964941978455,-0.3287246823310852,0.48110276460647583,0.2707308828830719,-0.32341301441192627,0.4780849516391754,0.27113577723503113,-0.3235021233558655,0.4754853844642639,0.2715790867805481,-0.3235245943069458,0.504167377948761,0.2711838185787201,-0.20316541194915771,0.4742027819156647,0.2745203375816345,-0.17750272154808044,0.4953892230987549,0.2962983548641205,-0.30114349722862244,0.4819881319999695,0.2977510094642639,-0.2940259575843811,0.5415047407150269,0.3509688973426819,-0.11487092077732086,0.4513648450374603,0.3322882056236267,-0.12098811566829681,0.5538542866706848,0.4485577344894409,-0.1163196712732315,0.4148558974266052,0.2736842930316925,-0.20989879965782166,0.559394896030426,0.5335732102394104,-0.20366239547729492,0.41027554869651794,0.16947539150714874,-0.3330708146095276,0.5595990419387817,0.5628388524055481,-0.23024776577949524,0.4071364998817444,0.14144855737686157,-0.37924912571907043,0.5536020398139954,0.5605159997940063,-0.2595549523830414,0.40804988145828247,0.13508780300617218,-0.38530486822128296,0.5513149499893188,0.5534651279449463,-0.21774931252002716,0.40966254472732544,0.1437799632549286,-0.3441016674041748,0.5149916410446167,0.5355995893478394,0.003869991283863783,0.4613262116909027,0.533231794834137,-0.00407511368393898,0.5184042453765869,0.682054340839386,-0.009952784515917301,0.4558618664741516,0.6823946237564087,0.00014589630882255733,0.5183522701263428,0.8061093091964722,0.20947548747062683,0.4533231854438782,0.8037105202674866,0.22412629425525665,0.5091018676757812,0.8206784129142761,0.22402124106884003,0.4584432542324066,0.8147733211517334,0.23849208652973175,0.5339497923851013,0.8616259694099426,0.08098766952753067,0.4464081823825836,0.8575857877731323,0.09444006532430649
111,draw_tick,a07_s08_e01,0.4855678677558899,0.28402307629585266,-0.3315674066543579,0.4897378385066986,0.2700272500514984,-0.3111557364463806,0.49313974380493164,0.2694415748119354,-0.31116384267807007,0.49641627073287964,0.26890960335731506,-0.3111734688282013,0.4802364408969879,0.27159103751182556,-0.3059254586696625,0.4772679805755615,0.27207130193710327,-0.30600687861442566,0.47469907999038696,0.27257218956947327,-0.306019127368927,0.5032123327255249,0.2714020907878876,-0.1881464123725891,0.4738466143608093,0.27483701705932617,-0.16330836713314056,0.49425172805786133,0.296782523393631,-0.2851341962814331,0.48117509484291077,0.29815229773521423,-0.2781689465045929,0.5409811735153198,0.3509019911289215,-0.10339079797267914,0.4503842890262604,0.3322891891002655,-0.10770472139120102,0.5540155172348022,0.44835811853408813,-0.09502805769443512,0.41487985849380493,0.27159303426742554,-0.1807696670293808,0.56029212474823,0.5324938297271729,-0.17358264327049255,0.41076046228408813,0.16929173469543457,-0.2744336426258087,0.5607999563217163,0.5620550513267517,-0.19970126450061798,0.4084025025367737,0.1401846706867218,-0.3172319531440735,0.5548534989356995,0.5598711371421814,-0.22948971390724182,0.4102254807949066,0.13438108563423157,-0.32379794120788574,0.5524369478225708,0.55281001329422,-0.18778494000434875,0.4115533232688904,0.1423870027065277,-0.2848771810531616,0.5149730443954468,0.5355908274650574,0.00402084132656455,0.4610881209373474,0.5332364439964294,-0.004238817375153303,0.5183830857276917,0.6816921234130859,-0.009850609116256237,0.45585519075393677,0.6824524402618408,-0.0032006404362618923,0.5183475017547607,0.8060668706893921,0.21236741542816162,0.45335665345191956,0.8037312626838684,0.2156035453081131,0.5090909004211426,0.8205089569091797,0.22762414813041687,0.45817455649375916,0.814703643321991,0.22971847653388977,0.5341261625289917,0.8615402579307556,0.08312008529901505,0.44640669226646423,0.8576647639274597,0.08569513261318207
112,draw_tick,a07_s08_e01,0.48490414023399353,0.2845085561275482,-0.3245805501937866,0.4888513684272766,0.2704692482948303,-0.304349422454834,0.49223557114601135,0.2698511481285095,-0.3043598234653473,0.4954999089241028,0.2692752480506897,-0.30436867475509644,0.4795505106449127,0.27231788635253906,-0.29946836829185486,0.47662368416786194,0.2729640305042267,-0.2995496094226837,0.4741055965423584,0.2735496461391449,-0.2995615005493164,0.5025302767753601,0.2714900076389313,-0.18245929479599,0.47334742546081543,0.27531129121780396,-0.1588781177997589,0.49368005990982056,0.2969565987586975,-0.2784090042114258,0.48078393936157227,0.29832974076271057,-0.27180832624435425,0.5407861471176147,0.3503468632698059,-0.09688180685043335,0.4500673711299896,0.33258023858070374,-0.10546301305294037,0.5540581941604614,0.4479919373989105,-0.08277280628681183,0.4149083197116852,0.2715260088443756,-0.1742074191570282,0.5608914494514465,0.531525731086731,-0.1534229815006256,0.41131487488746643,0.16704946756362915,-0.26188793778419495,0.5615798234939575,0.5610911250114441,-0.17752864956855774,0.40920743346214294,0.13857127726078033,-0.3044680953025818,0.5557565093040466,0.558992326259613,-0.20696496963500977,0.4112842082977295,0.13283152878284454,-0.31065741181373596,0.5532602667808533,0.552036464214325,-0.16730961203575134,0.4125116765499115,0.14085136353969574,-0.2721254527568817,0.514978289604187,0.535481333732605,0.004066659603267908,0.46087583899497986,0.5331855416297913,-0.004300003405660391,0.5184263586997986,0.6813989877700806,-0.009006100706756115,0.45587626099586487,0.6824131011962891,-0.003435912076383829,0.5184248685836792,0.8060656785964966,0.21663859486579895,0.45352545380592346,0.8037682771682739,0.21724388003349304,0.5091889500617981,0.8204696178436279,0.23227067291736603,0.45811229944229126,0.8147369027137756,0.23169061541557312,0.5342029333114624,0.8615037798881531,0.08666861802339554,0.4462924897670746,0.8576535582542419,0.08678865432739258
113,draw_tick,a07_s08_e01,0.48438844084739685,0.284710556268692,-0.30878815054893494,0.4883216321468353,0.27059873938560486,-0.2892906069755554,0.4916664958000183,0.2699401080608368,-0.28930073976516724,0.4949106276035309,0.2693282961845398,-0.2893041968345642,0.4790864884853363,0.27262040972709656,-0.2845533490180969,0.47616758942604065,0.273372620344162,-0.28462445735931396,0.47369199991226196,0.27399852871894836,-0.28463298082351685,0.5022183060646057,0.27149248123168945,-0.17009136080741882,0.472952276468277,0.2755650579929352,-0.1483747512102127,0.49321651458740234,0.2970692813396454,-0.263704776763916,0.48040491342544556,0.29846125841140747,-0.2573520541191101,0.5407716631889343,0.35015249252319336,-0.0878458172082901,0.44976019859313965,0.33296582102775574,-0.09285180270671844,0.55414217710495,0.4479975700378418,-0.06917081773281097,0.41495075821876526,0.2688048779964447,-0.14091166853904724,0.5612526535987854,0.531284511089325,-0.13468429446220398,0.41189950704574585,0.16549769043922424,-0.1989976465702057,0.5619734525680542,0.5607847571372986,-0.15833742916584015,0.41031748056411743,0.1357642114162445,-0.23971422016620636,0.5561718940734863,0.5585560202598572,-0.18793393671512604,0.4128970205783844,0.13049225509166718,-0.24598328769207,0.5536659955978394,0.5516428351402283,-0.14849790930747986,0.41411900520324707,0.13898678123950958,-0.2090425044298172,0.5149886012077332,0.5354807376861572,0.00430381391197443,0.4606427252292633,0.533199667930603,-0.004518748261034489,0.5184570550918579,0.6813762187957764,-0.008516445755958557,0.4558740556240082,0.6825164556503296,-0.0019029972609132528,0.5185391902923584,0.8060774207115173,0.2203836441040039,0.45361486077308655,0.8037298321723938,0.22292645275592804,0.5093710422515869,0.8204773664474487,0.23643791675567627,0.4581003785133362,0.8147630095481873,0.23784582316875458,0.5343157649040222,0.8614924550056458,0.09063319861888885,0.44607266783714294,0.8575952053070068,0.09280798584222794
114,draw_tick,a07_s08_e01,0.4844626486301422,0.28486472368240356,-0.30323150753974915,0.488414466381073,0.27076956629753113,-0.2846717834472656,0.4917241036891937,0.2700716257095337,-0.2846797704696655,0.4949876368045807,0.2694135010242462,-0.2846725583076477,0.4791282117366791,0.2728964388370514,-0.2794042229652405,0.47618213295936584,0.27373600006103516,-0.2794739007949829,0.47367173433303833,0.274414598941803,-0.2794942259788513,0.5021249055862427,0.2714977562427521,-0.16693583130836487,0.4726788103580475,0.2758837938308716,-0.14347782731056213,0.49326592683792114,0.2971368730068207,-0.2586182951927185,0.4804132878780365,0.298592209815979,-0.25201332569122314,0.5406767725944519,0.3495933711528778,-0.08443619310855865,0.44916290044784546,0.3335878252983093,-0.08833491802215576,0.5542968511581421,0.4479505121707916,-0.06364864110946655,0.414987713098526,0.2683805525302887,-0.13928917050361633,0.5617770552635193,0.5309444069862366,-0.12738390266895294,0.41199344396591187,0.16535496711730957,-0.2047513723373413,0.56257164478302,0.5605369806289673,-0.14914320409297943,0.41073018312454224,0.13486060500144958,-0.24670740962028503,0.5566245913505554,0.5583194494247437,-0.17904922366142273,0.4137386381626129,0.12891225516796112,-0.2519668936729431,0.5540951490402222,0.5513659715652466,-0.14074674248695374,0.41500934958457947,0.1375475972890854,-0.2145407497882843,0.5149897336959839,0.535480260848999,0.004456006921827793,0.4603370726108551,0.533194899559021,-0.004677222575992346,0.5185090899467468,0.6813713312149048,-0.0034745894372463226,0.4558524489402771,0.6825228333473206,-0.0028883633203804493,0.5190522074699402,0.8058152794837952,0.22719106078147888,0.45378121733665466,0.8037915825843811,0.21619722247123718,0.509971022605896,0.8201181888580322,0.24333691596984863,0.4581244885921478,0.8149810433387756,0.2304353415966034,0.5343602299690247,0.8611428141593933,0.09948551654815674,0.44598135352134705,0.8577357530593872,0.08608011901378632
115,draw_tick,a07_s08_e01,0.4845239222049713,0.285135418176651,-0.33321627974510193,0.48845601081848145,0.2710918188095093,-0.3127071261405945,0.4916980266571045,0.27036625146865845,-0.3127136826515198,0.49493131041526794,0.2696748673915863,-0.31272926926612854,0.47916579246520996,0.273262619972229,-0.309255450963974,0.47620803117752075,0.27411216497421265,-0.3093346953392029,0.47368088364601135,0.2748030424118042,-0.30933189392089844,0.5018612742424011,0.2715337574481964,-0.1878095120191574,0.4724903106689453,0.27612921595573425,-0.17120535671710968,0.4932793080806732,0.2973283529281616,-0.2855255603790283,0.48042184114456177,0.29876524209976196,-0.28090980648994446,0.5406091213226318,0.34887686371803284,-0.09862791746854782,0.44852185249328613,0.3336113393306732,-0.11532589048147202,0.5545351505279541,0.44786256551742554,-0.07791079580783844,0.4150110185146332,0.26769110560417175,-0.1699662208557129,0.5622695088386536,0.5303720831871033,-0.14587067067623138,0.41224732995033264,0.16193456947803497,-0.23434892296791077,0.5632458925247192,0.5601362586021423,-0.1711162030696869,0.4120321273803711,0.1294454038143158,-0.2775507867336273,0.5572423338890076,0.5579881072044373,-0.2013242244720459,0.4151526391506195,0.12388717383146286,-0.2835480570793152,0.5546320080757141,0.5510445833206177,-0.16026441752910614,0.41607198119163513,0.13295117020606995,-0.2446821630001068,0.5149924755096436,0.5352557301521301,0.005254031624644995,0.4601728022098541,0.5330432653427124,-0.005432451143860817,0.5185371041297913,0.6812562346458435,-0.0008737890748307109,0.45583948493003845,0.6822475790977478,-0.0036605626810342073,0.5193085670471191,0.8057426810264587,0.23131442070007324,0.45392554998397827,0.8039839267730713,0.21368613839149475,0.5102860331535339,0.8200497031211853,0.24767985939979553,0.45812541246414185,0.8153883218765259,0.22787737846374512,0.5343822240829468,0.861068069934845,0.10370011627674103,0.4459655284881592,0.8583988547325134,0.08286194503307343
116,draw_tick,a07_s08_e01,0.4843851923942566,0.2857620418071747,-0.33803948760032654,0.48820406198501587,0.27177339792251587,-0.31852495670318604,0.4913601279258728,0.2710343897342682,-0.31853511929512024,0.4944959282875061,0.27033236622810364,-0.31855183839797974,0.47901684045791626,0.27394628524780273,-0.31422409415245056,0.4760626256465912,0.2746993899345398,-0.31430214643478394,0.4735017418861389,0.27537134289741516,-0.31429609656333923,0.5014642477035522,0.27171120047569275,-0.19609960913658142,0.47227245569229126,0.2763281762599945,-0.17561198770999908,0.49298930168151855,0.29788944125175476,-0.29102039337158203,0.4803064465522766,0.29915085434913635,-0.28523319959640503,0.5405820608139038,0.348375529050827,-0.10625108331441879,0.44768112897872925,0.33352071046829224,-0.11684565246105194,0.554744303226471,0.44782111048698425,-0.08269310742616653,0.41503971815109253,0.2646186947822571,-0.16907258331775665,0.5626703500747681,0.5298872590065002,-0.1498316079378128,0.41232967376708984,0.15751583874225616,-0.20543566346168518,0.5639181733131409,0.5597804188728333,-0.1756858229637146,0.41263097524642944,0.125045508146286,-0.24552516639232635,0.5579947829246521,0.5576478242874146,-0.2065635621547699,0.4158306121826172,0.11977986246347427,-0.25249359011650085,0.555260181427002,0.550692617893219,-0.16463737189769745,0.4165992736816406,0.128766268491745,-0.21529093384742737,0.5149980187416077,0.5352101922035217,0.005343263503164053,0.46004801988601685,0.5329411625862122,-0.005500857252627611,0.5185779929161072,0.6812461614608765,0.005875132977962494,0.4557684063911438,0.6818515062332153,-0.004121237900108099,0.519588828086853,0.8057530522346497,0.23082120716571808,0.4539971351623535,0.8040828704833984,0.20937147736549377,0.5104764699935913,0.8202565312385559,0.24647743999958038,0.45812493562698364,0.815837562084198,0.22296519577503204,0.5347484350204468,0.8610147833824158,0.10307786613702774,0.4458678662776947,0.85858553647995,0.0751037746667862
117,draw_tick,a07_s08_e01,0.48410552740097046,0.2864398658275604,-0.33196768164634705,0.48789095878601074,0.27267131209373474,-0.31388038396835327,0.49101266264915466,0.271928608417511,-0.3138917088508606,0.4940408766269684,0.2712298333644867,-0.3138952851295471,0.4787953495979309,0.27476251125335693,-0.3087782561779022,0.47583967447280884,0.27542680501937866,-0.3088529407978058,0.4731970429420471,0.27608153223991394,-0.3088497519493103,0.5011374354362488,0.2721123695373535,-0.19603051245212555,0.47199875116348267,0.2766254246234894,-0.17210572957992554,0.4926537573337555,0.2984026074409485,-0.28636133670806885,0.48007139563560486,0.29940328001976013,-0.27962392568588257,0.540571391582489,0.3479118049144745,-0.10709987580776215,0.44745030999183655,0.33349689841270447,-0.11369149386882782,0.5548425316810608,0.4478253126144409,-0.07820190489292145,0.4150540828704834,0.2621111273765564,-0.15967434644699097,0.5628547072410583,0.5298790335655212,-0.14056804776191711,0.41239434480667114,0.15533849596977234,-0.19604240357875824,0.5641935467720032,0.5597776174545288,-0.16481325030326843,0.4127752184867859,0.12478034198284149,-0.23466786742210388,0.5583770871162415,0.5576706528663635,-0.1953936070203781,0.41589173674583435,0.11954643577337265,-0.24144978821277618,0.5556355714797974,0.5507003664970398,-0.1549322009086609,0.41672903299331665,0.12760600447654724,-0.20577363669872284,0.5150357484817505,0.5352138876914978,0.005378114990890026,0.4599338173866272,0.5329392552375793,-0.005527474917471409,0.5185636281967163,0.6812814474105835,0.014107780531048775,0.4557268023490906,0.6816399097442627,-0.005001460202038288,0.5196105241775513,0.8057520389556885,0.23441188037395477,0.4540369510650635,0.80417400598526,0.19964179396629333,0.5104817152023315,0.8203573822975159,0.24982599914073944,0.4581184387207031,0.8165499567985535,0.21263420581817627,0.5347512364387512,0.8609291911125183,0.10907771438360214,0.44584140181541443,0.8587445616722107,0.06595849990844727
118,draw_tick,a07_s08_e01,0.48369503021240234,0.2864556908607483,-0.32752522826194763,0.4873252511024475,0.2727205455303192,-0.309410035610199,0.4904898703098297,0.271963894367218,-0.3094203770160675,0.4934772551059723,0.2712635397911072,-0.30942291021347046,0.47838854789733887,0.27485042810440063,-0.3041687309741974,0.4754575192928314,0.2755168378353119,-0.304241806268692,0.4727911353111267,0.2761918604373932,-0.3042408227920532,0.5007790327072144,0.27214542031288147,-0.19218148291110992,0.47170543670654297,0.2767363488674164,-0.1676427572965622,0.4923391342163086,0.2983871400356293,-0.2823132872581482,0.47983741760253906,0.29939359426498413,-0.27537816762924194,0.5405609011650085,0.3476977050304413,-0.10430927574634552,0.4473564028739929,0.3335058093070984,-0.11052863299846649,0.5549303889274597,0.4479370713233948,-0.07640038430690765,0.4151167869567871,0.2618432343006134,-0.15277108550071716,0.5629383325576782,0.5299178957939148,-0.1394483596086502,0.4126540720462799,0.15650495886802673,-0.19663794338703156,0.5643599033355713,0.559791624546051,-0.16367998719215393,0.41316747665405273,0.126609668135643,-0.23627230525016785,0.5586065053939819,0.5576885342597961,-0.19439244270324707,0.41599345207214355,0.12090419232845306,-0.24299485981464386,0.5558480024337769,0.5507127642631531,-0.1539151668548584,0.41696983575820923,0.12887941300868988,-0.20645765960216522,0.5150397419929504,0.5352575778961182,0.005433006677776575,0.4598334729671478,0.5329509973526001,-0.005575663410127163,0.5185653567314148,0.6813675165176392,0.01550131756812334,0.4556904435157776,0.6816368103027344,-0.0072106169536709785,0.519622266292572,0.805840253829956,0.2375762164592743,0.4541666507720947,0.8050065636634827,0.19467565417289734,0.5105215311050415,0.8206598162651062,0.25311148166656494,0.45812028646469116,0.8177387118339539,0.2075941264629364,0.5344566106796265,0.8609206676483154,0.11093803495168686,0.44610410928726196,0.8593747615814209,0.06031455472111702
119,draw_tick,a07_s08_e01,0.48372870683670044,0.28627490997314453,-0.32339388132095337,0.48733988404273987,0.27263781428337097,-0.3049570322036743,0.49048876762390137,0.27188587188720703,-0.3049682378768921,0.4934917986392975,0.2711900472640991,-0.304972380399704,0.478383868932724,0.27479737997055054,-0.2998597025871277,0.47544851899147034,0.27546846866607666,-0.29993176460266113,0.4727514386177063,0.2761608362197876,-0.29993200302124023,0.5006481409072876,0.27212369441986084,-0.18695810437202454,0.4714599549770355,0.27673813700675964,-0.163835346698761,0.49234795570373535,0.29819461703300476,-0.27807551622390747,0.47984495759010315,0.29916876554489136,-0.27138954401016235,0.5405281782150269,0.34730038046836853,-0.10062477737665176,0.4471586346626282,0.33349618315696716,-0.10860590636730194,0.5550493597984314,0.4479387402534485,-0.07595182955265045,0.41513925790786743,0.26034295558929443,-0.1517985463142395,0.5629411935806274,0.5299409031867981,-0.1354406327009201,0.41308316588401794,0.1561906784772873,-0.19694386422634125,0.5644060373306274,0.559746503829956,-0.16080370545387268,0.41379016637802124,0.12693263590335846,-0.23726525902748108,0.5587304830551147,0.5577031970024109,-0.1917451024055481,0.4165882468223572,0.12102342396974564,-0.2431754320859909,0.555961012840271,0.5507203936576843,-0.15044274926185608,0.41757941246032715,0.12861989438533783,-0.20655715465545654,0.5150771737098694,0.5352850556373596,0.006068182177841663,0.4597850739955902,0.5329895615577698,-0.00619006110355258,0.518574595451355,0.6815439462661743,0.017918074503540993,0.4556611478328705,0.6816592812538147,-0.007552138064056635,0.5196222066879272,0.8061094284057617,0.24110963940620422,0.45428529381752014,0.8054066300392151,0.19531211256980896,0.5105382204055786,0.821110188961029,0.2566598951816559,0.4581355154514313,0.8183839321136475,0.2083338499069214,0.5339676737785339,0.8611094951629639,0.11333723366260529,0.4463900923728943,0.859872579574585,0.06151723116636276
120,draw_tick,a07_s08_e01,0.484005868434906,0.2862626016139984,-0.3124001622200012,0.48742714524269104,0.2726173996925354,-0.2942039370536804,0.4905356764793396,0.2718667984008789,-0.2942139208316803,0.49355611205101013,0.2711729109287262,-0.29420971870422363,0.4784108102321625,0.2747655510902405,-0.28992265462875366,0.4754708707332611,0.2754327058792114,-0.28998416662216187,0.4727630019187927,0.27612146735191345,-0.2899687886238098,0.5006699562072754,0.27213016152381897,-0.17792941629886627,0.4713558554649353,0.2768095135688782,-0.15836283564567566,0.4924960136413574,0.29818108677864075,-0.26753926277160645,0.480023056268692,0.2991541028022766,-0.26187676191329956,0.5404907464981079,0.3469996452331543,-0.09219290316104889,0.44717469811439514,0.33349472284317017,-0.10819127410650253,0.5550624132156372,0.44790565967559814,-0.060315512120723724,0.41522830724716187,0.2590491473674774,-0.14423970878124237,0.562813401222229,0.5299076437950134,-0.11485111713409424,0.4140099883079529,0.15472197532653809,-0.1863182932138443,0.5643898844718933,0.5596601366996765,-0.13856986165046692,0.4144553244113922,0.12605899572372437,-0.22544527053833008,0.558673083782196,0.5576918125152588,-0.1687551736831665,0.4171411395072937,0.1203705444931984,-0.23111924529075623,0.5559181571006775,0.5507086515426636,-0.1292378157377243,0.4182813763618469,0.12779448926448822,-0.19569864869117737,0.5150768756866455,0.5353761315345764,0.006949641741812229,0.45970338582992554,0.5330594182014465,-0.007057009730488062,0.5185552835464478,0.681800127029419,0.01955672726035118,0.4556542932987213,0.6817161440849304,-0.008008277043700218,0.5196220278739929,0.8061895966529846,0.23861443996429443,0.4543839991092682,0.8054252862930298,0.19402557611465454,0.510526180267334,0.8213142156600952,0.25387051701545715,0.45815330743789673,0.8185150027275085,0.20709559321403503,0.5337127447128296,0.8614537119865417,0.11178188025951385,0.44658762216567993,0.8600279688835144,0.06122351437807083
121,draw_tick,a07_s08_e01,0.484165757894516,0.2862463891506195,-0.31217068433761597,0.487495094537735,0.2725996971130371,-0.2941466271877289,0.490565687417984,0.2718552052974701,-0.2941577732563019,0.4935910701751709,0.2711694538593292,-0.2941509783267975,0.4784301817417145,0.27474090456962585,-0.28986677527427673,0.4754830002784729,0.27540770173072815,-0.28992998600006104,0.4727725386619568,0.27609655261039734,-0.28991588950157166,0.5006868243217468,0.27214881777763367,-0.17758174240589142,0.4712636470794678,0.27681607007980347,-0.1578477919101715,0.4925399422645569,0.29817095398902893,-0.2673265337944031,0.4800921082496643,0.29911839962005615,-0.2617906928062439,0.5404646396636963,0.3467397093772888,-0.09155874699354172,0.4471326768398285,0.33345767855644226,-0.10607771575450897,0.555079996585846,0.4477262496948242,-0.05424065515398979,0.41528987884521484,0.2584739625453949,-0.14168010652065277,0.5627054572105408,0.5299234986305237,-0.10685288906097412,0.4146307110786438,0.15454889833927155,-0.1845487803220749,0.5642868280410767,0.5596665740013123,-0.1291283816099167,0.41491156816482544,0.12608323991298676,-0.22277751564979553,0.5586472153663635,0.5577234029769897,-0.1594543606042862,0.41759029030799866,0.12033862620592117,-0.22899624705314636,0.5558971166610718,0.5507169961929321,-0.12101656198501587,0.4188059866428375,0.12779851257801056,-0.19406136870384216,0.5150617361068726,0.5357488393783569,0.007851807400584221,0.45963430404663086,0.5332726240158081,-0.007966270670294762,0.5185534954071045,0.6821464896202087,0.021757803857326508,0.4556461274623871,0.6818044185638428,-0.007094264030456543,0.5195850729942322,0.8061926364898682,0.23873189091682434,0.45443257689476013,0.805374801158905,0.19651280343532562,0.5103458166122437,0.8213635683059692,0.2538362145423889,0.45818910002708435,0.8184872269630432,0.2099246233701706,0.5336913466453552,0.8616470098495483,0.11252214759588242,0.4466189444065094,0.8600305318832397,0.06459040939807892
122,draw_tick,a07_s08_e01,0.4841870665550232,0.2863219082355499,-0.3163659870624542,0.4875204563140869,0.2727256119251251,-0.29867154359817505,0.49059218168258667,0.2719924747943878,-0.298684298992157,0.4936298727989197,0.2713208496570587,-0.2986767888069153,0.47841858863830566,0.27482905983924866,-0.2942276895046234,0.4754660725593567,0.27548930048942566,-0.29429197311401367,0.4727291464805603,0.27615877985954285,-0.2942894399166107,0.5006860494613647,0.2722451388835907,-0.1820155680179596,0.47116222977638245,0.2768853008747101,-0.1612711250782013,0.492554247379303,0.29821470379829407,-0.2711792588233948,0.4800998270511627,0.29910892248153687,-0.2653268873691559,0.540463387966156,0.34668365120887756,-0.09211558848619461,0.44711750745773315,0.33340561389923096,-0.10845617204904556,0.5551291704177856,0.4476892352104187,-0.05267522856593132,0.4155328869819641,0.2576429545879364,-0.14238056540489197,0.5625736713409424,0.5299338698387146,-0.10343301296234131,0.4158349931240082,0.15390661358833313,-0.18852651119232178,0.5641576051712036,0.5597315430641174,-0.12462148815393448,0.41592398285865784,0.12501145899295807,-0.22667308151721954,0.5586312413215637,0.5579922199249268,-0.15544156730175018,0.4183530807495117,0.11935830861330032,-0.23262754082679749,0.5558843612670898,0.5509336590766907,-0.11761748790740967,0.41959691047668457,0.12703733146190643,-0.19789201021194458,0.5150290727615356,0.5360225439071655,0.008879853412508965,0.45945239067077637,0.5335077047348022,-0.00900556892156601,0.5185519456863403,0.6824700832366943,0.021568385884165764,0.4556403160095215,0.6819459199905396,-0.005819742567837238,0.5195475816726685,0.8061926364898682,0.24014782905578613,0.454476922750473,0.8050870895385742,0.20283488929271698,0.5102471113204956,0.8213692903518677,0.2554156482219696,0.4582560062408447,0.8182383179664612,0.21680644154548645,0.5337151885032654,0.8617150783538818,0.11386410892009735,0.4465499520301819,0.8598766326904297,0.07087237387895584
123,draw_tick,a07_s08_e01,0.4838787615299225,0.2868864834308624,-0.29915282130241394,0.4873667359352112,0.2732168138027191,-0.2828049063682556,0.49048200249671936,0.27247729897499084,-0.2828199863433838,0.49353036284446716,0.27180781960487366,-0.2828051745891571,0.47817477583885193,0.2752332389354706,-0.277233749628067,0.4752088189125061,0.2758626639842987,-0.277290403842926,0.4724666476249695,0.2764493227005005,-0.277279794216156,0.5006502866744995,0.2724505364894867,-0.1722300797700882,0.4710116386413574,0.2769293487071991,-0.14645341038703918,0.49240589141845703,0.2985191345214844,-0.25605612993240356,0.47980403900146484,0.2991634011268616,-0.2487221658229828,0.5404521822929382,0.3465176224708557,-0.08834414184093475,0.4470297396183014,0.3331969678401947,-0.09254459291696548,0.5551328063011169,0.4476393759250641,-0.04974154382944107,0.41568392515182495,0.2577442228794098,-0.12482979148626328,0.5617683529853821,0.5299422740936279,-0.09903647005558014,0.4166012704372406,0.15446780622005463,-0.16736796498298645,0.563694417476654,0.5597475171089172,-0.12046071141958237,0.4167092740535736,0.125116765499115,-0.2051972895860672,0.5582178235054016,0.5580466389656067,-0.15114924311637878,0.41906923055648804,0.11952916532754898,-0.21052971482276917,0.5554768443107605,0.5510168075561523,-0.11293967068195343,0.42039331793785095,0.12726780772209167,-0.17672811448574066,0.514950156211853,0.5362664461135864,0.008634584955871105,0.45929384231567383,0.5337091088294983,-0.008757584728300571,0.5184789896011353,0.6829048991203308,0.01999356783926487,0.45560330152511597,0.6823654770851135,-0.005770131945610046,0.5195399522781372,0.8062039613723755,0.2392667531967163,0.45447444915771484,0.805092453956604,0.20200839638710022,0.5102453231811523,0.8213697671890259,0.2544814944267273,0.4582520127296448,0.8182505965232849,0.2157282829284668,0.533717691898346,0.8617989420890808,0.11237374693155289,0.4463876187801361,0.8598741292953491,0.07035897672176361
124,draw_tick,a07_s08_e01,0.4834890365600586,0.2868736684322357,-0.2950441241264343,0.4871516227722168,0.27321678400039673,-0.2784593105316162,0.4903157651424408,0.27248212695121765,-0.27847492694854736,0.493361234664917,0.27181896567344666,-0.2784597873687744,0.47795915603637695,0.27522343397140503,-0.2724887430667877,0.4750010073184967,0.275850772857666,-0.27254533767700195,0.47226232290267944,0.27643534541130066,-0.2725333273410797,0.500605583190918,0.27246612310409546,-0.1686689704656601,0.4709182381629944,0.2769254744052887,-0.14090463519096375,0.49214163422584534,0.2985142767429352,-0.2524176239967346,0.47948724031448364,0.29910600185394287,-0.2445702999830246,0.5404286980628967,0.3464703857898712,-0.08712030947208405,0.44702568650245667,0.3329845070838928,-0.08632628619670868,0.5551360845565796,0.44763538241386414,-0.04974384605884552,0.4160057008266449,0.25787094235420227,-0.1188674122095108,0.5611428022384644,0.5300182104110718,-0.0993812084197998,0.4168540835380554,0.15476273000240326,-0.16336551308631897,0.5631119012832642,0.5599287152290344,-0.12114332616329193,0.4169773459434509,0.12527111172676086,-0.20186297595500946,0.5577011108398438,0.5583654046058655,-0.15183211863040924,0.4194733500480652,0.11965309828519821,-0.20701614022254944,0.5550295114517212,0.5512626767158508,-0.11327870190143585,0.4208349585533142,0.12733206152915955,-0.17285676300525665,0.5149423480033875,0.5363422632217407,0.008370324037969112,0.45924654603004456,0.5338255167007446,-0.008495461195707321,0.518459141254425,0.6832126379013062,0.019052747637033463,0.4555667042732239,0.6827580332756042,-0.005836482159793377,0.5195235013961792,0.8062574863433838,0.24077384173870087,0.45446521043777466,0.8052078485488892,0.20186655223369598,0.5102358460426331,0.8213785886764526,0.2565070688724518,0.458233118057251,0.8184394836425781,0.21554288268089294,0.5337172746658325,0.8621095418930054,0.11508075147867203,0.4463186264038086,0.8599296808242798,0.07024551928043365
125,draw_tick,a07_s08_e01,0.48307451605796814,0.2869526445865631,-0.29612821340560913,0.4869278073310852,0.27333030104637146,-0.2792367935180664,0.49013757705688477,0.2726023495197296,-0.2792505621910095,0.49316415190696716,0.27195408940315247,-0.2792367935180664,0.47774165868759155,0.2753118574619293,-0.2733597159385681,0.4747980535030365,0.275932639837265,-0.2734186053276062,0.4720824360847473,0.2764909565448761,-0.27341094613075256,0.5005219578742981,0.27257707715034485,-0.16832101345062256,0.4708824157714844,0.27693092823028564,-0.14082005620002747,0.49187764525413513,0.29854103922843933,-0.25309547781944275,0.47914236783981323,0.29910117387771606,-0.24537260830402374,0.5404166579246521,0.34645769000053406,-0.08658551424741745,0.4470134675502777,0.33269137144088745,-0.086253821849823,0.5551444292068481,0.44765526056289673,-0.05024684593081474,0.4161020815372467,0.25764960050582886,-0.12005326896905899,0.5606193542480469,0.5303800106048584,-0.10133737325668335,0.4171007573604584,0.15493673086166382,-0.1648649275302887,0.5624580383300781,0.560177743434906,-0.12342773377895355,0.41707199811935425,0.12590159475803375,-0.2037457972764969,0.5571596622467041,0.5587462782859802,-0.15414926409721375,0.4196593165397644,0.12034168094396591,-0.20867076516151428,0.5545735955238342,0.5516368746757507,-0.11531113088130951,0.42105117440223694,0.1278955340385437,-0.17427809536457062,0.5149051547050476,0.5364342927932739,0.00825037993490696,0.4591825008392334,0.5339239835739136,-0.008376114070415497,0.5184399485588074,0.6835514903068542,0.018462222069501877,0.45550236105918884,0.6830945611000061,-0.005979047156870365,0.5195090770721436,0.8064224123954773,0.2422805279493332,0.45444613695144653,0.8055559396743774,0.20176121592521667,0.5102327466011047,0.8214501738548279,0.2582980990409851,0.45817869901657104,0.8188125491142273,0.21540507674217224,0.533694863319397,0.8625971078872681,0.11674537509679794,0.44631433486938477,0.8601294755935669,0.07010476291179657
126,draw_tick,a07_s08_e01,0.4829249382019043,0.28700339794158936,-0.2968069314956665,0.48691025376319885,0.2733605206012726,-0.2795049846172333,0.4901278018951416,0.27263858914375305,-0.2795169949531555,0.4931611120700836,0.27200326323509216,-0.2794935703277588,0.4776837229728699,0.27532514929771423,-0.27359262108802795,0.47474122047424316,0.27594101428985596,-0.27365273237228394,0.47203126549720764,0.2764900326728821,-0.27364569902420044,0.5005245208740234,0.27260908484458923,-0.16970930993556976,0.470886766910553,0.27691325545310974,-0.14205318689346313,0.4918123781681061,0.2986074388027191,-0.25325340032577515,0.47899311780929565,0.29909464716911316,-0.24585215747356415,0.5404143333435059,0.3464488983154297,-0.08749905228614807,0.44698366522789,0.33229634165763855,-0.08668232709169388,0.5551563501358032,0.44768503308296204,-0.05092639476060867,0.41611233353614807,0.25749221444129944,-0.12430912256240845,0.5602078437805176,0.5314287543296814,-0.10224442183971405,0.41702356934547424,0.15440744161605835,-0.17130205035209656,0.5618510246276855,0.5608285069465637,-0.12431355565786362,0.4169403612613678,0.1259770393371582,-0.21029873192310333,0.5565584897994995,0.5595034956932068,-0.1550387293100357,0.4195300042629242,0.12048143893480301,-0.21541652083396912,0.5540686845779419,0.5523370504379272,-0.11621662229299545,0.4209231436252594,0.1280008852481842,-0.18073944747447968,0.5147219896316528,0.5364996194839478,0.008246740326285362,0.459034264087677,0.5339733958244324,-0.00837299320846796,0.5183767080307007,0.6838445663452148,0.019446082413196564,0.45547041296958923,0.6832833886146545,-0.006259419023990631,0.5194979906082153,0.8066116571426392,0.2445954531431198,0.4544118046760559,0.8058976531028748,0.20137682557106018,0.5102331042289734,0.8215295672416687,0.2606290876865387,0.4580996036529541,0.8191561102867126,0.21500055491924286,0.533577561378479,0.8631289601325989,0.11889830976724625,0.44631290435791016,0.8603578209877014,0.06886379420757294
127,draw_tick,a07_s08_e01,0.4829273223876953,0.28699883818626404,-0.29725560545921326,0.4869244694709778,0.27335450053215027,-0.2808768153190613,0.4901356101036072,0.27263566851615906,-0.28088563680648804,0.4931730329990387,0.27200162410736084,-0.28085631132125854,0.47768694162368774,0.2753133773803711,-0.2751155495643616,0.4747437536716461,0.27592983841896057,-0.27517175674438477,0.4720325469970703,0.27647867798805237,-0.27516230940818787,0.5005514621734619,0.27261391282081604,-0.1716119945049286,0.4709281921386719,0.27688056230545044,-0.14578452706336975,0.4918059706687927,0.29861143231391907,-0.2541288137435913,0.47898226976394653,0.2990785539150238,-0.24698416888713837,0.5404096245765686,0.34644776582717896,-0.08879410475492477,0.4469636082649231,0.33211955428123474,-0.08813992142677307,0.5551674365997314,0.4477315843105316,-0.05134548619389534,0.4160735607147217,0.2574005722999573,-0.12617817521095276,0.5597419738769531,0.5326500535011292,-0.1020640954375267,0.41616854071617126,0.15483292937278748,-0.1743442714214325,0.5612583160400391,0.5615347027778625,-0.12375732511281967,0.4158877730369568,0.12634225189685822,-0.21306128799915314,0.5559609532356262,0.5603408217430115,-0.1545000970363617,0.4186002314090729,0.1207997053861618,-0.21881218254566193,0.5535712242126465,0.5531215071678162,-0.11597426980733871,0.4199749529361725,0.12841501832008362,-0.1839355081319809,0.5145696401596069,0.5366227030754089,0.008238849230110645,0.4589802324771881,0.5340839624404907,-0.008365950547158718,0.5183424949645996,0.6840959191322327,0.020191311836242676,0.45542702078819275,0.683636486530304,-0.006927311420440674,0.5194718837738037,0.8067312836647034,0.24450096487998962,0.4543686807155609,0.8066996932029724,0.1986180990934372,0.5102159976959229,0.8215929269790649,0.2603903114795685,0.458028644323349,0.8199573755264282,0.21196559071540833,0.5335476994514465,0.863621175289154,0.11936937272548676,0.44638052582740784,0.860924482345581,0.06580408662557602
128,draw_tick,a07_s08_e01,0.4828336834907532,0.2869951128959656,-0.2894614040851593,0.4869319796562195,0.273328572511673,-0.27279987931251526,0.4901425242424011,0.272621750831604,-0.2728147804737091,0.49317964911460876,0.2719983160495758,-0.2727999985218048,0.4776805341243744,0.2752723693847656,-0.2676008641719818,0.474735826253891,0.27588945627212524,-0.26764899492263794,0.4720279574394226,0.27644082903862,-0.26762866973876953,0.5006226897239685,0.2726179361343384,-0.16237345337867737,0.47101107239723206,0.2768191993236542,-0.1387786865234375,0.4917444586753845,0.29861369729042053,-0.2463531792163849,0.47885045409202576,0.29907235503196716,-0.23972098529338837,0.5403947234153748,0.3464566469192505,-0.08259278535842896,0.446959912776947,0.3320404589176178,-0.08006016910076141,0.5551707744598389,0.447845458984375,-0.045487694442272186,0.4160417914390564,0.25745344161987305,-0.11022081226110458,0.559269368648529,0.5330146551132202,-0.09830120205879211,0.41415148973464966,0.15550659596920013,-0.16278666257858276,0.5607060194015503,0.5618380904197693,-0.12026669830083847,0.4131898283958435,0.12764424085617065,-0.20131178200244904,0.5553869605064392,0.5606052875518799,-0.15100957453250885,0.4158896505832672,0.12229211628437042,-0.20842459797859192,0.5530773401260376,0.5534388422966003,-0.1121663898229599,0.41733694076538086,0.13031570613384247,-0.1729297935962677,0.5144416093826294,0.5366787314414978,0.008001154288649559,0.45891767740249634,0.5341309905052185,-0.00812610238790512,0.518340528011322,0.6842817068099976,0.019956346601247787,0.45541396737098694,0.6837965846061707,-0.00738570699468255,0.5194598436355591,0.8069227337837219,0.24332740902900696,0.4543670117855072,0.8070948123931885,0.1964176446199417,0.5102142095565796,0.8217198848724365,0.2591073215007782,0.45802220702171326,0.8204002976417542,0.2095494568347931,0.5334911942481995,0.8639794588088989,0.11906381696462631,0.44641557335853577,0.8611907958984375,0.06432683765888214
129,draw_tick,a07_s08_e01,0.4829312264919281,0.2869153916835785,-0.2756512761116028,0.48714184761047363,0.2732030749320984,-0.2586309015750885,0.4903179109096527,0.27251216769218445,-0.25863873958587646,0.4934292733669281,0.27191445231437683,-0.2586256265640259,0.47776126861572266,0.2751380503177643,-0.25451722741127014,0.4747963547706604,0.275755912065506,-0.25455692410469055,0.4720609188079834,0.2763199508190155,-0.25452494621276855,0.5007995963096619,0.2726060748100281,-0.14784589409828186,0.47107642889022827,0.2767294943332672,-0.12902984023094177,0.4918114244937897,0.29861289262771606,-0.23265159130096436,0.47885948419570923,0.2990492582321167,-0.227339506149292,0.5403872728347778,0.3464597165584564,-0.0692327469587326,0.44694042205810547,0.3319999873638153,-0.07261238247156143,0.5551736950874329,0.4479060471057892,-0.02802789770066738,0.41565853357315063,0.25910255312919617,-0.1029585599899292,0.5587531328201294,0.5333892703056335,-0.07505239546298981,0.41261133551597595,0.1593918353319168,-0.15501026809215546,0.5600708723068237,0.5622678399085999,-0.09529579430818558,0.4097503125667572,0.13201367855072021,-0.1927100419998169,0.5547560453414917,0.5610137581825256,-0.12530788779258728,0.4124051630496979,0.12561608850955963,-0.19911926984786987,0.5525053143501282,0.5538369417190552,-0.08845759183168411,0.4147253930568695,0.13444995880126953,-0.16468928754329681,0.5143609642982483,0.5367981791496277,0.007997776381671429,0.45885419845581055,0.5342696309089661,-0.008122831583023071,0.5183199644088745,0.6843668222427368,0.02059047296643257,0.45540404319763184,0.6838928461074829,-0.007644273340702057,0.5194567441940308,0.806942343711853,0.2422587126493454,0.4543614387512207,0.8072239756584167,0.19346080720424652,0.5102256536483765,0.8217243552207947,0.2576228976249695,0.4580131471157074,0.8205258250236511,0.20636019110679626,0.533490777015686,0.8640376925468445,0.11815707385540009,0.44641774892807007,0.8612582087516785,0.0630849152803421
130,draw_tick,a07_s08_e01,0.48305410146713257,0.28684160113334656,-0.28084927797317505,0.4873120188713074,0.2730436623096466,-0.2637026607990265,0.4904828667640686,0.2723732590675354,-0.26370811462402344,0.4936504364013672,0.27180686593055725,-0.2636979818344116,0.4778440594673157,0.2749864161014557,-0.25954681634902954,0.4748508930206299,0.27560955286026,-0.25959014892578125,0.4720933437347412,0.27619215846061707,-0.25955843925476074,0.5009317994117737,0.2726091146469116,-0.15196864306926727,0.47112053632736206,0.27670830488204956,-0.1327425092458725,0.49188828468322754,0.2986118495464325,-0.2375873327255249,0.47888708114624023,0.2990362346172333,-0.23221513628959656,0.5403770804405212,0.346561074256897,-0.07196110486984253,0.4469366669654846,0.3320198655128479,-0.07513020187616348,0.5551849603652954,0.44799986481666565,-0.03152567520737648,0.4150008261203766,0.25973349809646606,-0.10666277259588242,0.5583409667015076,0.5340693593025208,-0.08098741620779037,0.40896615386009216,0.16240070760250092,-0.1616058051586151,0.559288740158081,0.5628359317779541,-0.10158779472112656,0.4043203294277191,0.13715367019176483,-0.19983524084091187,0.5539885759353638,0.561597466468811,-0.13188080489635468,0.40726637840270996,0.12999166548252106,-0.20594152808189392,0.5518571138381958,0.5544044971466064,-0.09452605992555618,0.41009241342544556,0.13862010836601257,-0.17126980423927307,0.5143062472343445,0.5368500351905823,0.007687653414905071,0.45884591341018677,0.5343616008758545,-0.007815624587237835,0.5183176398277283,0.6843815445899963,0.02134835161268711,0.45538130402565,0.6839066743850708,-0.0075029032304883,0.5194817185401917,0.8069475889205933,0.24146513640880585,0.4543601870536804,0.8073699474334717,0.1916898488998413,0.5102885961532593,0.8217160701751709,0.256426602602005,0.45801085233688354,0.82070392370224,0.20428010821342468,0.5334873795509338,0.8640367388725281,0.11771528422832489,0.4464566111564636,0.8613839745521545,0.06184800714254379
131,draw_tick,a07_s08_e01,0.48317569494247437,0.28683581948280334,-0.2865801751613617,0.48749321699142456,0.2730383574962616,-0.27060747146606445,0.49066391587257385,0.27236825227737427,-0.27060800790786743,0.4938838481903076,0.27180829644203186,-0.27061113715171814,0.477945476770401,0.2749697268009186,-0.2671664357185364,0.47492390871047974,0.2755921185016632,-0.2672017216682434,0.4721336364746094,0.2761822044849396,-0.2671516537666321,0.5010389685630798,0.2727849781513214,-0.15957878530025482,0.4711248278617859,0.2768154740333557,-0.14349085092544556,0.4919270873069763,0.29865938425064087,-0.2432641237974167,0.47891420125961304,0.29904043674468994,-0.2391541451215744,0.5403823852539062,0.3472194969654083,-0.08068293333053589,0.44694438576698303,0.33301085233688354,-0.07567098736763,0.5551879405975342,0.4484255909919739,-0.0409921333193779,0.41479572653770447,0.2675077021121979,-0.12071825563907623,0.557845413684845,0.5354377627372742,-0.09923779219388962,0.40481430292129517,0.17273275554180145,-0.2220485657453537,0.5583735108375549,0.5636202096939087,-0.11918866634368896,0.39966708421707153,0.1482468694448471,-0.26303383708000183,0.553120493888855,0.5623013377189636,-0.14955765008926392,0.4015924334526062,0.14039675891399384,-0.2712695598602295,0.5511419773101807,0.5551019310951233,-0.11246993392705917,0.40469852089881897,0.15013255178928375,-0.23317258059978485,0.5142632126808167,0.5371240377426147,0.005988807417452335,0.4588392376899719,0.5346243977546692,-0.0061451829969882965,0.5182422995567322,0.6843257546424866,0.023462262004613876,0.45537662506103516,0.6839102506637573,-0.0024074504617601633,0.5195235013961792,0.8068086504936218,0.23888638615608215,0.454428106546402,0.8071268200874329,0.192127987742424,0.5104662775993347,0.8215758204460144,0.25296008586883545,0.45809245109558105,0.8205248713493347,0.20475491881370544,0.5335175395011902,0.8637843728065491,0.115769162774086,0.4463101327419281,0.8611206412315369,0.062012266367673874
132,draw_tick,a07_s08_e01,0.4831554889678955,0.28688329458236694,-0.2768611013889313,0.4874928593635559,0.2730575501918793,-0.2614295184612274,0.4906705915927887,0.2724047303199768,-0.2614366412162781,0.49389028549194336,0.27186253666877747,-0.2614336609840393,0.4779496192932129,0.2749744653701782,-0.25625818967819214,0.4749295115470886,0.2755855917930603,-0.2562926411628723,0.472159206867218,0.27617305517196655,-0.25624412298202515,0.5011120438575745,0.27300867438316345,-0.15410354733467102,0.4712807238101959,0.2769017815589905,-0.13078010082244873,0.49192532896995544,0.29882070422172546,-0.2350962609052658,0.47891759872436523,0.2991352081298828,-0.2285500317811966,0.5405014157295227,0.3476583659648895,-0.07741620391607285,0.44722694158554077,0.33387818932533264,-0.061767496168613434,0.5551939010620117,0.4489598870277405,-0.03715477138757706,0.41409653425216675,0.27091681957244873,-0.09706702828407288,0.5574532747268677,0.5366756319999695,-0.09303495287895203,0.40116071701049805,0.1772145926952362,-0.2194947451353073,0.5578211545944214,0.5643216371536255,-0.11228714883327484,0.3952343463897705,0.1539257913827896,-0.2598702013492584,0.5526236295700073,0.5629918575286865,-0.1423238217830658,0.3969656825065613,0.146837517619133,-0.26029813289642334,0.5507382154464722,0.5557194948196411,-0.10586961358785629,0.40017151832580566,0.15592949092388153,-0.2258150577545166,0.5141359567642212,0.5373843908309937,0.00398869626224041,0.4588069021701813,0.5348719954490662,-0.004155897069722414,0.5181657671928406,0.6842343211174011,0.02274627983570099,0.4553726315498352,0.6838652491569519,-0.002432954963296652,0.519599199295044,0.8067537546157837,0.23458223044872284,0.4544695317745209,0.8070864081382751,0.19141529500484467,0.510635495185852,0.8215264081954956,0.248736172914505,0.45810747146606445,0.8205065131187439,0.20375946164131165,0.5334991216659546,0.8635588884353638,0.11268256604671478,0.44631752371788025,0.8610554933547974,0.062136538326740265
133,draw_tick,a07_s08_e01,0.4833298325538635,0.28691408038139343,-0.307637095451355,0.48767513036727905,0.27312272787094116,-0.2923339605331421,0.490856409072876,0.2725026309490204,-0.29232922196388245,0.4941229820251465,0.271977037191391,-0.2923380732536316,0.4781973958015442,0.27498751878738403,-0.28787294030189514,0.4752163290977478,0.27558183670043945,-0.2879236340522766,0.47244197130203247,0.2761653959751129,-0.28787899017333984,0.5012747049331665,0.27325236797332764,-0.17963150143623352,0.4715490937232971,0.27698981761932373,-0.16027456521987915,0.49203068017959595,0.29891112446784973,-0.26358339190483093,0.4790700078010559,0.29922160506248474,-0.2582694888114929,0.5405517816543579,0.3477230966091156,-0.09768059104681015,0.44756659865379333,0.33480921387672424,-0.08345803618431091,0.55511075258255,0.44907137751579285,-0.06418409943580627,0.4137399196624756,0.28097566962242126,-0.16970789432525635,0.5574237108230591,0.5367664694786072,-0.12886449694633484,0.397188663482666,0.18834087252616882,-0.3385869264602661,0.5578151941299438,0.5644861459732056,-0.1475640833377838,0.39023295044898987,0.16422924399375916,-0.3841043710708618,0.5525857210159302,0.5632249712944031,-0.17827385663986206,0.3918084502220154,0.15715862810611725,-0.39122384786605835,0.5506895780563354,0.5559505820274353,-0.14175400137901306,0.3953063488006592,0.16625605523586273,-0.35031813383102417,0.5141316652297974,0.5373916625976562,0.0037154003512114286,0.4588111340999603,0.5348795056343079,-0.003903863485902548,0.5181859731674194,0.683974027633667,0.022687774151563644,0.45538949966430664,0.6835606098175049,-0.0020660425070673227,0.5195974707603455,0.806799590587616,0.22858865559101105,0.4544696807861328,0.8070544600486755,0.1891392320394516,0.5106006860733032,0.8217727541923523,0.24172262847423553,0.4580770432949066,0.8204506039619446,0.2007659673690796,0.5337095856666565,0.8631099462509155,0.1041794866323471,0.44628769159317017,0.8610461950302124,0.05950158089399338
134,draw_tick,a07_s08_e01,0.48410987854003906,0.28613725304603577,-0.2970910966396332,0.4882354140281677,0.2722776532173157,-0.28147512674331665,0.4914664328098297,0.27166756987571716,-0.28145653009414673,0.4948047995567322,0.2711041569709778,-0.2814750075340271,0.47855257987976074,0.27406495809555054,-0.2771759629249573,0.4755159318447113,0.2746870815753937,-0.2772240936756134,0.4726940989494324,0.275248646736145,-0.277163028717041,0.5014281272888184,0.273000031709671,-0.17093762755393982,0.47166329622268677,0.27689048647880554,-0.1534118950366974,0.4925665855407715,0.2984141707420349,-0.2545500099658966,0.47954291105270386,0.2989244759082794,-0.2497938573360443,0.5405534505844116,0.3478182852268219,-0.09441754221916199,0.4476901888847351,0.33546462655067444,-0.0755082443356514,0.5549297332763672,0.44907131791114807,-0.06411667913198471,0.4111768305301666,0.28489449620246887,-0.17215946316719055,0.5571776032447815,0.53675776720047,-0.12937243282794952,0.3931705057621002,0.19968031346797943,-0.3578735888004303,0.5577260851860046,0.5644991993904114,-0.1485312283039093,0.38511422276496887,0.17385806143283844,-0.4058825373649597,0.5524494647979736,0.5633078217506409,-0.178443044424057,0.3873005509376526,0.16759082674980164,-0.41049137711524963,0.5505264401435852,0.5560716986656189,-0.1419675499200821,0.39064300060272217,0.17700427770614624,-0.36953097581863403,0.5141273736953735,0.537385880947113,0.0010407125810161233,0.4588066637516022,0.534889280796051,-0.0012576428707689047,0.5181914567947388,0.6834200620651245,0.011332826688885689,0.45538657903671265,0.683100163936615,0.0007552046445198357,0.5197833776473999,0.806800901889801,0.22413568198680878,0.45449748635292053,0.8065832853317261,0.19668564200401306,0.5108295679092407,0.8217476606369019,0.23798024654388428,0.4581145644187927,0.8195950388908386,0.20871300995349884,0.5341349840164185,0.862898051738739,0.0990666002035141,0.44607943296432495,0.8609799742698669,0.0691535547375679
135,draw_tick,a07_s08_e01,0.48422256112098694,0.28606435656547546,-0.2694733142852783,0.4883778989315033,0.27219903469085693,-0.25440314412117004,0.49162596464157104,0.27161863446235657,-0.25438958406448364,0.4949604868888855,0.27107101678848267,-0.254408061504364,0.47864046692848206,0.2737622857093811,-0.24816575646400452,0.4755798876285553,0.2742420732975006,-0.24821054935455322,0.4727640151977539,0.2746860086917877,-0.24816973507404327,0.5014525651931763,0.2729617655277252,-0.14967797696590424,0.4716728627681732,0.2766552269458771,-0.12333128601312637,0.49257993698120117,0.2983972132205963,-0.22930295765399933,0.47954854369163513,0.29892075061798096,-0.22208447754383087,0.5404959917068481,0.3480534851551056,-0.09194140136241913,0.4477066397666931,0.33622637391090393,-0.048841845244169235,0.5548192858695984,0.448900043964386,-0.07220868766307831,0.4097908139228821,0.29082977771759033,-0.15641029179096222,0.5571866035461426,0.536576509475708,-0.15129923820495605,0.38877731561660767,0.21407775580883026,-0.35105517506599426,0.5577422380447388,0.5644674301147461,-0.17277538776397705,0.3804790675640106,0.18846580386161804,-0.39865678548812866,0.5524448156356812,0.5632944107055664,-0.20209722220897675,0.3824264705181122,0.18210333585739136,-0.405744731426239,0.5505098104476929,0.5560630559921265,-0.163717120885849,0.3856557309627533,0.1906822770833969,-0.364225834608078,0.5141282081604004,0.5374161005020142,-0.002482771873474121,0.4588328003883362,0.5349134206771851,0.002244191011413932,0.5181894898414612,0.6833566427230835,-0.008234207518398762,0.4554450511932373,0.6831616759300232,0.0006387933390215039,0.5196622014045715,0.8067449927330017,0.2092495709657669,0.45477357506752014,0.8064146041870117,0.19973833858966827,0.5106226205825806,0.8213882446289062,0.2237248420715332,0.4583536684513092,0.8189293742179871,0.2120908945798874,0.5341428518295288,0.862280547618866,0.08599050343036652,0.44603055715560913,0.8605859279632568,0.07552217692136765
136,draw_tick,a07_s08_e01,0.48422542214393616,0.28595301508903503,-0.27531468868255615,0.488473504781723,0.2721404731273651,-0.2591249942779541,0.491837739944458,0.2715608775615692,-0.25911006331443787,0.49524182081222534,0.27099600434303284,-0.25911515951156616,0.47864317893981934,0.2735357880592346,-0.25392743945121765,0.4755827784538269,0.2739158272743225,-0.253981351852417,0.472780704498291,0.2742229402065277,-0.25395601987838745,0.5017444491386414,0.2728389501571655,-0.14754536747932434,0.47170311212539673,0.2762821614742279,-0.1268804967403412,0.4926088750362396,0.29829877614974976,-0.23307426273822784,0.47953230142593384,0.2989059388637543,-0.22713974118232727,0.5404978394508362,0.3485408127307892,-0.07753179222345352,0.44774770736694336,0.3365093469619751,-0.05762403458356857,0.5547299385070801,0.44873589277267456,-0.06785204261541367,0.4092720150947571,0.30170339345932007,-0.2063489705324173,0.5573707222938538,0.5365214943885803,-0.1449245810508728,0.387052446603775,0.23397189378738403,-0.45300784707069397,0.5577548742294312,0.5644637942314148,-0.16637590527534485,0.37727609276771545,0.2083229124546051,-0.5085431337356567,0.5524046421051025,0.5632658004760742,-0.1969204843044281,0.37972313165664673,0.2027103155851364,-0.5155429840087891,0.5504536628723145,0.5560359954833984,-0.15807463228702545,0.383505642414093,0.21102634072303772,-0.466854989528656,0.5141701102256775,0.5378040075302124,0.001013713190332055,0.4589797556400299,0.5355833172798157,-0.0013153034960851073,0.518272340297699,0.6833435893058777,-0.007254155818372965,0.45544925332069397,0.6832744479179382,-0.0029689061921089888,0.5195392370223999,0.8064192533493042,0.2150932252407074,0.4545654356479645,0.8058617115020752,0.20753183960914612,0.5103486776351929,0.8209741115570068,0.22965271770954132,0.4582018256187439,0.8171440362930298,0.2212647944688797,0.5341425538063049,0.8622826337814331,0.09080402553081512,0.44605985283851624,0.8605164289474487,0.08076852560043335
137,draw_tick,a07_s08_e01,0.48538869619369507,0.2859436571598053,-0.2739573121070862,0.4895899295806885,0.2721371352672577,-0.25635069608688354,0.4929787218570709,0.27154332399368286,-0.2563323378562927,0.4964120388031006,0.2709718644618988,-0.25633543729782104,0.4794798493385315,0.27351802587509155,-0.2537657916545868,0.4763287603855133,0.2738785147666931,-0.2538233697414398,0.47343212366104126,0.27417293190956116,-0.25380414724349976,0.5022426247596741,0.27283793687820435,-0.13666348159313202,0.471851646900177,0.2762964069843292,-0.12823662161827087,0.49318426847457886,0.2983149290084839,-0.2285168468952179,0.4799911379814148,0.299047589302063,-0.22631454467773438,0.5407285094261169,0.34875670075416565,-0.05220698565244675,0.4479966163635254,0.3368803858757019,-0.0634838193655014,0.5547245144844055,0.44853177666664124,-0.023288657888770103,0.40831679105758667,0.3118193447589874,-0.23578551411628723,0.5576713681221008,0.5366154313087463,-0.09235413372516632,0.38410645723342896,0.2483828365802765,-0.5147475004196167,0.5577991008758545,0.5645703673362732,-0.10876883566379547,0.37281617522239685,0.22483880817890167,-0.5739284753799438,0.5523611307144165,0.5632650852203369,-0.1406325399875641,0.37546661496162415,0.21991916000843048,-0.5820574164390564,0.5503960847854614,0.5560327768325806,-0.10540028661489487,0.38017651438713074,0.22795137763023376,-0.5291590094566345,0.5141869783401489,0.5378912091255188,0.007643929682672024,0.45905980467796326,0.5357180237770081,-0.007954530417919159,0.518303394317627,0.6832260489463806,-0.0023521888069808483,0.455538272857666,0.6827543377876282,-0.007507462985813618,0.5195384621620178,0.8059723377227783,0.2177848070859909,0.45443615317344666,0.8049765825271606,0.20631520450115204,0.5103611350059509,0.8207206726074219,0.23238806426525116,0.45812660455703735,0.8158334493637085,0.2200285643339157,0.534164547920227,0.8621702194213867,0.09318564832210541,0.4460568428039551,0.8599687814712524,0.08039423823356628
138,draw_tick,a07_s08_e01,0.4868127405643463,0.28598201274871826,-0.24992617964744568,0.49100130796432495,0.2721368372440338,-0.23110905289649963,0.49443864822387695,0.2715439200401306,-0.23107726871967316,0.497835636138916,0.2709738612174988,-0.23108184337615967,0.48058730363845825,0.27350616455078125,-0.23283736407756805,0.4772105813026428,0.27384671568870544,-0.23289497196674347,0.47425341606140137,0.2741501033306122,-0.2328922003507614,0.5032952427864075,0.27286311984062195,-0.10640071332454681,0.47200292348861694,0.27659133076667786,-0.11692992597818375,0.4942518174648285,0.2985514998435974,-0.20195415616035461,0.4809769093990326,0.29975736141204834,-0.20554561913013458,0.5411216020584106,0.3490216135978699,-0.011653890833258629,0.44876590371131897,0.3371058404445648,-0.07584686577320099,0.5547071695327759,0.44833287596702576,0.045058757066726685,0.4080369472503662,0.3224525451660156,-0.28246599435806274,0.5579248666763306,0.5366337299346924,0.017373664304614067,0.3821186423301697,0.26729118824005127,-0.5929521322250366,0.5579432845115662,0.5647074580192566,0.0128932548686862,0.3696478605270386,0.2455478459596634,-0.6551298499107361,0.5523651242256165,0.5632808804512024,-0.019929593428969383,0.3731294274330139,0.24092315137386322,-0.6623898148536682,0.5503905415534973,0.5560349225997925,0.005236268509179354,0.378497451543808,0.24964426457881927,-0.6071081161499023,0.5141967535018921,0.538264274597168,0.020036188885569572,0.45919114351272583,0.5361993312835693,-0.020376859232783318,0.518213152885437,0.6834260821342468,0.016919046640396118,0.4556225836277008,0.683086097240448,-0.022453811019659042,0.5194117426872253,0.8057090640068054,0.23380060493946075,0.45414143800735474,0.804982602596283,0.18093833327293396,0.510331392288208,0.8206799626350403,0.24824459850788116,0.45792680978775024,0.8159091472625732,0.1937437206506729,0.5340843200683594,0.8616833090782166,0.1198677197098732,0.4456113874912262,0.8591670393943787,0.056830018758773804
139,draw_tick,a07_s08_e01,0.4871971607208252,0.2859399616718292,-0.21267744898796082,0.4912737309932709,0.27207958698272705,-0.19656512141227722,0.4947124421596527,0.27144190669059753,-0.19653749465942383,0.49804654717445374,0.2708023488521576,-0.19653388857841492,0.48109960556030273,0.27348482608795166,-0.1974232792854309,0.47775429487228394,0.27383625507354736,-0.19746625423431396,0.47493648529052734,0.27414703369140625,-0.19746239483356476,0.503746509552002,0.2728641927242279,-0.08367345482110977,0.47251877188682556,0.2767283618450165,-0.09085476398468018,0.49472540616989136,0.29836905002593994,-0.168943852186203,0.4815351963043213,0.2997726500034332,-0.17149585485458374,0.5414220690727234,0.34903600811958313,-0.0018226380925625563,0.4509970247745514,0.3371700942516327,-0.057502396404743195,0.5547016263008118,0.4476255178451538,0.044625915586948395,0.4081425070762634,0.33462435007095337,-0.24397464096546173,0.5579768419265747,0.5366215109825134,0.007318124175071716,0.3787711560726166,0.2867899239063263,-0.5533682107925415,0.5580964088439941,0.5647708177566528,7.799886225257069e-05,0.3668374717235565,0.26992276310920715,-0.6134843826293945,0.552359402179718,0.5632847547531128,-0.032370321452617645,0.3709421753883362,0.2651522755622864,-0.6236073970794678,0.5503283143043518,0.5560279488563538,-0.004620476625859737,0.37623924016952515,0.2726009786128998,-0.5685391426086426,0.514194905757904,0.538303017616272,0.01957681030035019,0.45966285467147827,0.5363021492958069,-0.019893083721399307,0.5182144045829773,0.6829239130020142,0.015938807278871536,0.45579856634140015,0.6830896139144897,-0.029765069484710693,0.5192209482192993,0.805658221244812,0.2136237919330597,0.4540584087371826,0.8050057888031006,0.15163099765777588,0.510250449180603,0.8206576108932495,0.22564597427845,0.45786041021347046,0.8159650564193726,0.16223248839378357,0.5340011119842529,0.8607032299041748,0.09800894558429718,0.445601224899292,0.8588069081306458,0.027978340163826942
140,draw_tick,a07_s08_e01,0.4872269630432129,0.28587380051612854,-0.22003206610679626,0.4912782311439514,0.27202385663986206,-0.20486362278461456,0.4947238862514496,0.2712993025779724,-0.2048451006412506,0.4980551302433014,0.27058514952659607,-0.20483514666557312,0.48126834630966187,0.27348336577415466,-0.20338578522205353,0.47799116373062134,0.27383705973625183,-0.20342060923576355,0.4753749966621399,0.2741614282131195,-0.203410342335701,0.5040174722671509,0.27285173535346985,-0.09250503778457642,0.473173052072525,0.2768748104572296,-0.08930985629558563,0.4948795735836029,0.29809701442718506,-0.1763954907655716,0.4816984534263611,0.29973718523979187,-0.17588499188423157,0.5417267680168152,0.34892502427101135,-0.012044623494148254,0.45353561639785767,0.3372669219970703,-0.03966156393289566,0.5546350479125977,0.4471631944179535,0.036868274211883545,0.4101771414279938,0.3487682342529297,-0.2256772518157959,0.5580955147743225,0.5366577506065369,-0.0019331995863467455,0.37798866629600525,0.30864232778549194,-0.5208441615104675,0.5582538843154907,0.5648224353790283,-0.010773171670734882,0.36480623483657837,0.29316696524620056,-0.5784943103790283,0.5523549914360046,0.5633386373519897,-0.04376291483640671,0.3684576451778412,0.2881702184677124,-0.5945658683776855,0.5503021478652954,0.5560359954833984,-0.013665502890944481,0.3743665814399719,0.2947028577327728,-0.5381761193275452,0.514177143573761,0.5384588241577148,0.01739456132054329,0.46016645431518555,0.5366224050521851,-0.01768660917878151,0.51836758852005,0.6829544305801392,0.011384295299649239,0.4559151530265808,0.6831482648849487,-0.028243105858564377,0.5191129446029663,0.805881679058075,0.20776543021202087,0.45405229926109314,0.8050475716590881,0.1537671983242035,0.5101248025894165,0.8207690715789795,0.2196410596370697,0.45788758993148804,0.81598961353302,0.16446194052696228,0.533984363079071,0.8604592680931091,0.08893837779760361,0.44560137391090393,0.8584710955619812,0.02888256311416626
141,draw_tick,a07_s08_e01,0.4873434901237488,0.2862102687358856,-0.21848861873149872,0.49135875701904297,0.27231326699256897,-0.20517989993095398,0.4948504865169525,0.2714734971523285,-0.20517966151237488,0.4981660842895508,0.2706920802593231,-0.20516780018806458,0.4815393090248108,0.2738915681838989,-0.20096087455749512,0.4783225953578949,0.2742227613925934,-0.2009802609682083,0.4759036600589752,0.2745702564716339,-0.20095817744731903,0.5043289065361023,0.2729170024394989,-0.09779093414545059,0.4738820493221283,0.27728599309921265,-0.08221883326768875,0.49505868554115295,0.2982523739337921,-0.17661519348621368,0.4819119870662689,0.30019405484199524,-0.1724042296409607,0.542105495929718,0.34849461913108826,-0.02522796392440796,0.4542708396911621,0.33779028058052063,-0.010396606288850307,0.5546035170555115,0.44684550166130066,0.0160492192953825,0.4103204607963562,0.35934334993362427,-0.14242109656333923,0.5581700205802917,0.5371124148368835,-0.034171897917985916,0.377003937959671,0.32447221875190735,-0.47645777463912964,0.5584332942962646,0.5651264190673828,-0.046666376292705536,0.3632720708847046,0.3143201470375061,-0.5225215554237366,0.5523372292518616,0.5636204481124878,-0.07806657999753952,0.3676818907260895,0.3096283972263336,-0.5573698878288269,0.5502533912658691,0.5562185645103455,-0.04654137045145035,0.37386515736579895,0.31475013494491577,-0.5251430869102478,0.5141592621803284,0.5385045409202576,0.010865988209843636,0.46046772599220276,0.5367210507392883,-0.011103705503046513,0.5184618234634399,0.6830037832260132,-0.006118357181549072,0.4559567868709564,0.6831337809562683,-0.024992967024445534,0.519049346446991,0.8059818744659424,0.18990404903888702,0.4540511667728424,0.8050957322120667,0.15940771996974945,0.5099701881408691,0.8208202123641968,0.2015884667634964,0.45804572105407715,0.8160607814788818,0.16981086134910583,0.5340059399604797,0.8603009581565857,0.06800214946269989,0.4454615116119385,0.8584619164466858,0.03382646292448044
142,draw_tick,a07_s08_e01,0.4874095320701599,0.2866274416446686,-0.23277747631072998,0.49144601821899414,0.2727184593677521,-0.21741226315498352,0.49500131607055664,0.2717827558517456,-0.21739833056926727,0.49828848242759705,0.27094367146492004,-0.21739330887794495,0.4817318022251129,0.27434104681015015,-0.21416537463665009,0.47857213020324707,0.27457195520401,-0.21420209109783173,0.4763054847717285,0.2748669385910034,-0.21417613327503204,0.5045743584632874,0.27300721406936646,-0.10733141005039215,0.4744427800178528,0.2775033414363861,-0.09471669048070908,0.4951530992984772,0.2983967065811157,-0.18973401188850403,0.4820285439491272,0.3004285991191864,-0.1864662617444992,0.5422511100769043,0.34830722212791443,-0.030123289674520493,0.45430245995521545,0.3378472626209259,-0.025839069858193398,0.5545207262039185,0.4466678500175476,0.007920333184301853,0.41044217348098755,0.3645924925804138,-0.1625077724456787,0.5582413077354431,0.5374004244804382,-0.06291163712739944,0.37633126974105835,0.3428616523742676,-0.48051756620407104,0.5586163997650146,0.5652427673339844,-0.08275439590215683,0.36175864934921265,0.33287927508354187,-0.5348591804504395,0.5523253679275513,0.5637079477310181,-0.11627080291509628,0.3665754199028015,0.32920005917549133,-0.5579062700271606,0.5502170324325562,0.5563055276870728,-0.07583368569612503,0.3731226325035095,0.3341864049434662,-0.5022963285446167,0.5141636729240417,0.5383241772651672,0.01042763888835907,0.46076568961143494,0.5366677045822144,-0.010652238503098488,0.5184642672538757,0.6828094720840454,-0.008608621545135975,0.45598021149635315,0.6831115484237671,-0.023652303963899612,0.5189729332923889,0.8062036633491516,0.18436864018440247,0.4540554881095886,0.8060700297355652,0.15336675941944122,0.5099226236343384,0.8209911584854126,0.19539865851402283,0.45832639932632446,0.8173605799674988,0.16288259625434875,0.5339686870574951,0.8601185083389282,0.059731461107730865,0.4452211260795593,0.858532190322876,0.023789633065462112
143,draw_tick,a07_s08_e01,0.4874316155910492,0.2864792048931122,-0.23353593051433563,0.49157506227493286,0.27260294556617737,-0.21980437636375427,0.49519339203834534,0.27167949080467224,-0.21980424225330353,0.49850863218307495,0.2708611488342285,-0.2197897881269455,0.4818652272224426,0.2742755115032196,-0.21612262725830078,0.47878727316856384,0.2745016813278198,-0.21615561842918396,0.47662830352783203,0.2748207449913025,-0.2161415070295334,0.5048977732658386,0.2729877829551697,-0.10825679451227188,0.47497668862342834,0.27752989530563354,-0.09471920132637024,0.4952685236930847,0.29821309447288513,-0.18965809047222137,0.48210644721984863,0.30016738176345825,-0.18609212338924408,0.542263925075531,0.34819790720939636,-0.029581919312477112,0.45452943444252014,0.33849188685417175,-0.01973756216466427,0.5544412136077881,0.44633767008781433,0.009201469831168652,0.4121190905570984,0.37342923879623413,-0.15131407976150513,0.5585347414016724,0.53724205493927,-0.061510663479566574,0.37449079751968384,0.3621588349342346,-0.4648546576499939,0.558946967124939,0.5651819705963135,-0.08214311301708221,0.36091455817222595,0.35703691840171814,-0.5187694430351257,0.5524041652679443,0.5635990500450134,-0.11541207879781723,0.3658095598220825,0.3539420962333679,-0.5395153760910034,0.550273060798645,0.5562395453453064,-0.07433590292930603,0.3721596896648407,0.3574281930923462,-0.48345571756362915,0.5141636729240417,0.5378748178482056,0.009376694448292255,0.46115249395370483,0.5363063216209412,-0.00958030391484499,0.5184541344642639,0.6826260089874268,-0.006084870081394911,0.4560527801513672,0.6830683946609497,-0.022464267909526825,0.5189492106437683,0.8062690496444702,0.18635299801826477,0.4540933668613434,0.8064107298851013,0.15477344393730164,0.5099213123321533,0.8210679292678833,0.19724853336811066,0.45866861939430237,0.817841649055481,0.16425786912441254,0.5339096784591675,0.8599358201026917,0.06291885673999786,0.4449939727783203,0.8585208058357239,0.025358643382787704
144,draw_tick,a07_s08_e01,0.4878614842891693,0.2864629924297333,-0.23711279034614563,0.49224668741226196,0.2725825905799866,-0.22198674082756042,0.49590811133384705,0.2716645896434784,-0.22196944057941437,0.4993112087249756,0.27085205912590027,-0.2219763547182083,0.48252397775650024,0.2742488980293274,-0.21819841861724854,0.4794030785560608,0.2744506001472473,-0.21824684739112854,0.4771980345249176,0.274758905172348,-0.21823053061962128,0.5054804682731628,0.2729755640029907,-0.11059024184942245,0.475558340549469,0.277516633272171,-0.09826818108558655,0.4957851469516754,0.298194020986557,-0.19341275095939636,0.48261746764183044,0.3000606298446655,-0.19022706151008606,0.5423545241355896,0.3481992781162262,-0.027315348386764526,0.4543864130973816,0.3393252491950989,-0.021890874952077866,0.5543761253356934,0.44632405042648315,0.019300464540719986,0.4119809567928314,0.3792024850845337,-0.1282571256160736,0.5587400197982788,0.5371586680412292,-0.05777686834335327,0.3737109899520874,0.3783119022846222,-0.4236116409301758,0.5591368079185486,0.5651695132255554,-0.08025618642568588,0.3602750301361084,0.3791179656982422,-0.4752891957759857,0.5524842739105225,0.5634936094284058,-0.11472483724355698,0.36599957942962646,0.37647026777267456,-0.5025628805160522,0.5503495931625366,0.5561270117759705,-0.07145397365093231,0.3721787929534912,0.37781909108161926,-0.44287818670272827,0.5142198801040649,0.537578284740448,0.009043526835739613,0.46146360039711,0.5361678600311279,-0.009219604544341564,0.5184206962585449,0.6824968457221985,-0.004327584058046341,0.4561610817909241,0.6830669045448303,-0.02141512557864189,0.5189239978790283,0.8063104152679443,0.1905793845653534,0.45411720871925354,0.8066194653511047,0.15832041203975677,0.5099199414253235,0.8211228251457214,0.20166519284248352,0.4588713049888611,0.8180505633354187,0.16803981363773346,0.533810019493103,0.8598435521125793,0.06749767065048218,0.4449218213558197,0.8585191965103149,0.028471875935792923
145,draw_tick,a07_s08_e01,0.48839014768600464,0.2861594557762146,-0.288052499294281,0.4931281507015228,0.2722826302051544,-0.2742166519165039,0.4968222975730896,0.27144283056259155,-0.27422720193862915,0.5004776120185852,0.2706233263015747,-0.27420610189437866,0.4831375181674957,0.2737846076488495,-0.2718311548233032,0.47991690039634705,0.2739509642124176,-0.27186208963394165,0.47762003540992737,0.27426162362098694,-0.2718377709388733,0.5062784552574158,0.27279478311538696,-0.15274059772491455,0.4758937954902649,0.27730703353881836,-0.14593103528022766,0.4964306950569153,0.29794183373451233,-0.23999448120594025,0.4829955995082855,0.29964208602905273,-0.23824068903923035,0.5423887968063354,0.3481576144695282,-0.05211484432220459,0.45427536964416504,0.34032711386680603,-0.0437668077647686,0.5543727874755859,0.4463241696357727,0.02288246341049671,0.4128000736236572,0.3866925835609436,-0.08061915636062622,0.5590041875839233,0.5370093584060669,-0.033203668892383575,0.37363678216934204,0.40108388662338257,-0.29015567898750305,0.5592666268348694,0.5651043057441711,-0.04866712912917137,0.3596671521663666,0.40518584847450256,-0.3281048536300659,0.5526561737060547,0.563338577747345,-0.08838842064142227,0.3637809157371521,0.40120068192481995,-0.3602949380874634,0.5505645275115967,0.5559893250465393,-0.04834647476673126,0.36996379494667053,0.40130749344825745,-0.3090418875217438,0.5143108367919922,0.5368528962135315,0.008380926214158535,0.461651086807251,0.5353449583053589,-0.008530452847480774,0.5184153914451599,0.6824281811714172,-0.003512319875881076,0.45629993081092834,0.6830359697341919,-0.019418660551309586,0.5189214944839478,0.8063655495643616,0.19090422987937927,0.4541255831718445,0.8068768978118896,0.15907269716262817,0.5099194049835205,0.821177065372467,0.20172333717346191,0.4589686393737793,0.8182284832000732,0.16834476590156555,0.5337334871292114,0.8598375916481018,0.06986721605062485,0.44484463334083557,0.8585408926010132,0.029015272855758667
146,draw_tick,a07_s08_e01,0.4890006184577942,0.2860665023326874,-0.3380085527896881,0.49384990334510803,0.27219563722610474,-0.32317227125167847,0.49752432107925415,0.27138403058052063,-0.3231779634952545,0.5012749433517456,0.27057084441185,-0.3231521248817444,0.4836769700050354,0.2736274003982544,-0.3215617835521698,0.48039594292640686,0.2737583518028259,-0.32159700989723206,0.47796717286109924,0.2740391790866852,-0.32157596945762634,0.5067702531814575,0.2727307379245758,-0.19392932951450348,0.47621220350265503,0.27712762355804443,-0.19005659222602844,0.49707087874412537,0.297873318195343,-0.2870146632194519,0.4834255576133728,0.29948890209198,-0.28600093722343445,0.5424631237983704,0.3481103777885437,-0.0819648951292038,0.45437487959861755,0.3408775329589844,-0.08014868199825287,0.5543698072433472,0.44635409116744995,0.01960291713476181,0.4140239357948303,0.3922618329524994,-0.05108331888914108,0.5591650605201721,0.5369045734405518,-0.03717557340860367,0.37340378761291504,0.42159131169319153,-0.1961084008216858,0.5593477487564087,0.5650522708892822,-0.05213018134236336,0.3600263297557831,0.4283732771873474,-0.22583690285682678,0.5527580380439758,0.5632484555244446,-0.10233037173748016,0.36395326256752014,0.4262298345565796,-0.26507654786109924,0.5506819486618042,0.5559119582176208,-0.05526372790336609,0.36986932158470154,0.42576754093170166,-0.21586163341999054,0.514371931552887,0.5361117124557495,0.00778261199593544,0.4620782732963562,0.5342219471931458,-0.00791460182517767,0.5184146761894226,0.6823770403862,-0.0032015510369092226,0.4564542770385742,0.6830817461013794,-0.01855960674583912,0.5189184546470642,0.8063761591911316,0.1888524442911148,0.4541335999965668,0.807176411151886,0.1590006947517395,0.5099188685417175,0.8211820721626282,0.1994415521621704,0.45905041694641113,0.8183558583259583,0.16783079504966736,0.5337086319923401,0.8598148822784424,0.06776825338602066,0.444740355014801,0.858578085899353,0.0272296704351902
147,draw_tick,a07_s08_e01,0.489136278629303,0.2859385907649994,-0.3475213646888733,0.49413830041885376,0.2720716595649719,-0.33289942145347595,0.4978250563144684,0.2713034451007843,-0.33289623260498047,0.5016182661056519,0.2705012559890747,-0.3328661322593689,0.4839034676551819,0.2733190655708313,-0.33083322644233704,0.4806339144706726,0.2733639180660248,-0.3308697044849396,0.47818082571029663,0.2735336422920227,-0.3308585286140442,0.5071025490760803,0.27261966466903687,-0.20512259006500244,0.4765929579734802,0.27647072076797485,-0.1988265961408615,0.4971836507320404,0.29773589968681335,-0.29708483815193176,0.4835299551486969,0.29925376176834106,-0.29535338282585144,0.5426203012466431,0.34810394048690796,-0.09108175337314606,0.45474085211753845,0.34094128012657166,-0.09417331218719482,0.5543450117111206,0.4463566541671753,0.014942486770451069,0.41589945554733276,0.39617273211479187,-0.05849200487136841,0.5592638850212097,0.5364439487457275,-0.042961377650499344,0.37399807572364807,0.4338531792163849,-0.19485437870025635,0.5594024658203125,0.5648474097251892,-0.05854257941246033,0.3609585762023926,0.44630488753318787,-0.22436101734638214,0.5528129935264587,0.5629144906997681,-0.10257287323474884,0.3648760914802551,0.4447711408138275,-0.2640996277332306,0.5507375001907349,0.5556398034095764,-0.05851518362760544,0.3708108961582184,0.44254976511001587,-0.21458661556243896,0.5145795345306396,0.5359328985214233,0.007705052848905325,0.46275901794433594,0.5339018702507019,-0.007840229198336601,0.5184414386749268,0.6823695302009583,0.00020612930529750884,0.45657458901405334,0.6833150386810303,-0.014036206528544426,0.5189158320426941,0.8064336180686951,0.19101564586162567,0.45413580536842346,0.8073865175247192,0.1595723032951355,0.5099107027053833,0.8212171196937561,0.2017173022031784,0.4590890407562256,0.8184473514556885,0.16936033964157104,0.5337005853652954,0.8598102331161499,0.06987790763378143,0.44451904296875,0.8586181998252869,0.029146376997232437
148,draw_tick,a07_s08_e01,0.48985815048217773,0.28538718819618225,-0.3813452124595642,0.4948810040950775,0.271556556224823,-0.3669931888580322,0.4985528588294983,0.2708941698074341,-0.3669831156730652,0.5024091005325317,0.2701062858104706,-0.3669566214084625,0.484574556350708,0.27236130833625793,-0.36513519287109375,0.48126453161239624,0.27227842807769775,-0.365163654088974,0.4786137640476227,0.27230584621429443,-0.3651490807533264,0.5075664520263672,0.27232682704925537,-0.23911190032958984,0.4769200384616852,0.2753933370113373,-0.233537957072258,0.49776798486709595,0.29729872941970825,-0.3307642638683319,0.4841335713863373,0.29851987957954407,-0.3291556239128113,0.5427151918411255,0.34807124733924866,-0.12192938476800919,0.4547506272792816,0.3409528136253357,-0.11965872347354889,0.5543289184570312,0.44650840759277344,-0.017277996987104416,0.41847753524780273,0.40353402495384216,-0.040864694863557816,0.5592660307884216,0.5364454388618469,-0.06496365368366241,0.37428411841392517,0.4544304311275482,-0.12058931589126587,0.559424638748169,0.5648345947265625,-0.07838249206542969,0.36136960983276367,0.4701971709728241,-0.14173665642738342,0.552825927734375,0.5629084706306458,-0.12278695404529572,0.3652424216270447,0.4689168632030487,-0.1841539889574051,0.5507491827011108,0.5556377172470093,-0.08234260976314545,0.3711835443973541,0.46482956409454346,-0.139777272939682,0.5147015452384949,0.5358598828315735,0.007513124495744705,0.46324220299720764,0.5336946845054626,-0.007650879677385092,0.5184926390647888,0.6823740005493164,0.00876200757920742,0.4566276967525482,0.6833961606025696,-0.007070903666317463,0.5189135670661926,0.8065138459205627,0.19049802422523499,0.4541349411010742,0.8077007532119751,0.16058847308158875,0.5098825097084045,0.8212671279907227,0.20013928413391113,0.4590938687324524,0.8186215758323669,0.1702079474925995,0.533697247505188,0.8598201870918274,0.06876182556152344,0.4443209171295166,0.8586254119873047,0.030526483431458473
149,draw_tick,a07_s08_e01,0.4908143877983093,0.28472116589546204,-0.3848302960395813,0.4956592619419098,0.27100151777267456,-0.3713195025920868,0.49931415915489197,0.270416259765625,-0.3713062107563019,0.5031532049179077,0.26966992020606995,-0.3712736666202545,0.485375314950943,0.2714361548423767,-0.36931467056274414,0.48204565048217773,0.2712348699569702,-0.36933231353759766,0.479168176651001,0.2711600661277771,-0.3693137764930725,0.5079766511917114,0.2720277011394501,-0.2462659329175949,0.47722873091697693,0.27449318766593933,-0.2400895655155182,0.49846968054771423,0.29670730233192444,-0.33521872758865356,0.48490554094314575,0.2976801097393036,-0.3334313929080963,0.5428277254104614,0.3480488061904907,-0.13091251254081726,0.45470982789993286,0.3409305810928345,-0.12428436428308487,0.5542982816696167,0.4468887150287628,-0.028881292790174484,0.42016905546188354,0.4090370535850525,-0.03839349001646042,0.5591927766799927,0.5365921854972839,-0.08012428134679794,0.3770096004009247,0.46922677755355835,-0.11599131673574448,0.5594190955162048,0.564854621887207,-0.09469322115182877,0.36382707953453064,0.4884113073348999,-0.13767743110656738,0.5527968406677246,0.5629622340202332,-0.1386367380619049,0.3664771616458893,0.4869953989982605,-0.1799144297838211,0.5507158637046814,0.5557032823562622,-0.09775852411985397,0.37209558486938477,0.4823523163795471,-0.1349606066942215,0.5148242115974426,0.5357296466827393,0.006714849267154932,0.4635762572288513,0.5333802103996277,-0.006854086183011532,0.5184930562973022,0.682338535785675,0.01051533967256546,0.45671629905700684,0.6833973526954651,-0.004843167494982481,0.5189103484153748,0.806599497795105,0.18523307144641876,0.4541480541229248,0.8078650236129761,0.15960605442523956,0.5098659992218018,0.8213174939155579,0.19362542033195496,0.45914801955223083,0.8187026977539062,0.16763025522232056,0.5336940884590149,0.8598262071609497,0.06046999618411064,0.4440748691558838,0.8586195707321167,0.028382236137986183
150,draw_tick,a07_s08_e01,0.4915578365325928,0.2843034565448761,-0.38886216282844543,0.49633345007896423,0.2706214189529419,-0.3755309283733368,0.4999823570251465,0.2700825333595276,-0.3755246102809906,0.5037844777107239,0.2693701386451721,-0.37549889087677,0.48601317405700684,0.27080073952674866,-0.3745325207710266,0.48264122009277344,0.2705167829990387,-0.37454554438591003,0.4795694947242737,0.27038443088531494,-0.37453219294548035,0.5083473324775696,0.2718612253665924,-0.25009021162986755,0.4773988723754883,0.27398526668548584,-0.24807143211364746,0.4989692270755768,0.29634585976600647,-0.3387894034385681,0.4854106903076172,0.2972210943698883,-0.3382094204425812,0.5428946614265442,0.34804296493530273,-0.13381081819534302,0.4546205997467041,0.34088942408561707,-0.13281886279582977,0.5542944669723511,0.4473055899143219,-0.035623710602521896,0.42167526483535767,0.4162053167819977,-0.05016184598207474,0.5591522455215454,0.5369328856468201,-0.09903848171234131,0.3827224671840668,0.48432961106300354,-0.13451534509658813,0.5594178438186646,0.5649755597114563,-0.11699847877025604,0.3695046603679657,0.5050938725471497,-0.1586349457502365,0.5527656674385071,0.5631526112556458,-0.16069170832633972,0.37133973836898804,0.5044363737106323,-0.20149295032024384,0.5506803393363953,0.5558680891990662,-0.11703421175479889,0.3766983151435852,0.49829548597335815,-0.15379710495471954,0.5149628520011902,0.5357202887535095,0.006528562866151333,0.46375879645347595,0.5332251191139221,-0.006659571081399918,0.5184913277626038,0.6823384165763855,0.011829127557575703,0.45683130621910095,0.6835127472877502,-0.004085846710950136,0.5189078450202942,0.8066796064376831,0.18596042692661285,0.4541493356227875,0.8080565333366394,0.15982230007648468,0.5098642706871033,0.8213654160499573,0.1944998800754547,0.45914992690086365,0.8187306523323059,0.16852967441082,0.5336912870407104,0.8598569631576538,0.05923597887158394,0.4439235329627991,0.8586196303367615,0.02915010415017605
151,draw_tick,a07_s08_e01,0.49188360571861267,0.2837117612361908,-0.3912771940231323,0.49662622809410095,0.2701643109321594,-0.3778717517852783,0.5002813339233398,0.2696717381477356,-0.37787073850631714,0.504057765007019,0.2690037786960602,-0.3778479993343353,0.486316055059433,0.2701053321361542,-0.37712517380714417,0.48292452096939087,0.2697352468967438,-0.37714269757270813,0.479778915643692,0.2695762813091278,-0.3771367371082306,0.5084820985794067,0.2716274559497833,-0.25264686346054077,0.4774606227874756,0.27343130111694336,-0.2515118718147278,0.4991684854030609,0.29583868384361267,-0.3413392901420593,0.48560452461242676,0.29662826657295227,-0.3410208821296692,0.5429179668426514,0.3480181097984314,-0.13806317746639252,0.454232782125473,0.34103864431381226,-0.13625188171863556,0.5542669892311096,0.4476682245731354,-0.04608949273824692,0.42202773690223694,0.4228229224681854,-0.05509398132562637,0.5591441988945007,0.5371471643447876,-0.12007681280374527,0.38671547174453735,0.49830764532089233,-0.14099296927452087,0.559420645236969,0.5650411248207092,-0.14054962992668152,0.37460148334503174,0.5206751227378845,-0.16619296371936798,0.5527635812759399,0.5632842779159546,-0.18435105681419373,0.3760070204734802,0.519890546798706,-0.20930716395378113,0.550678014755249,0.5560051202774048,-0.1384400725364685,0.38097691535949707,0.5137701630592346,-0.1604471206665039,0.5154804587364197,0.5357246398925781,0.006245634518563747,0.46413248777389526,0.5332139730453491,-0.0063631488010287285,0.5185258984565735,0.682338297367096,0.013835275545716286,0.457019180059433,0.68370121717453,-0.0026282737962901592,0.5189056992530823,0.806839108467102,0.1872759461402893,0.4541594088077545,0.8083378672599792,0.16253270208835602,0.5098559260368347,0.8214617967605591,0.19616761803627014,0.45917248725891113,0.8189022541046143,0.1702345311641693,0.533692479133606,0.8598909974098206,0.05986018851399422,0.44377660751342773,0.8586866855621338,0.02972053363919258
152,draw_tick,a07_s08_e01,0.4920733869075775,0.2833307683467865,-0.4072745442390442,0.4968945384025574,0.2698515057563782,-0.39343905448913574,0.500580906867981,0.2693723142147064,-0.3934428095817566,0.5043545961380005,0.2687283456325531,-0.3934303820133209,0.48649030923843384,0.26965954899787903,-0.39319080114364624,0.48305743932724,0.26925012469291687,-0.3932187557220459,0.4798632562160492,0.26909056305885315,-0.39322173595428467,0.5086082220077515,0.2714763283729553,-0.2662683427333832,0.477455198764801,0.27308061718940735,-0.26705077290534973,0.4992828369140625,0.29555371403694153,-0.356566846370697,0.4856595993041992,0.2962864637374878,-0.35680779814720154,0.5429196953773499,0.348030686378479,-0.15109208226203918,0.45347315073013306,0.34179922938346863,-0.1507040560245514,0.5542641878128052,0.4478808045387268,-0.0695652961730957,0.4221976697444916,0.43029728531837463,-0.06571871787309647,0.559146523475647,0.5375538468360901,-0.1594235599040985,0.3904862403869629,0.5116912722587585,-0.1645452380180359,0.5594226121902466,0.5652186870574951,-0.1843084990978241,0.3807111382484436,0.5339149832725525,-0.19204500317573547,0.5527640581130981,0.5635045170783997,-0.22802984714508057,0.3820888102054596,0.5336891412734985,-0.234845370054245,0.5506781339645386,0.5562049150466919,-0.1782568246126175,0.3861478865146637,0.5277685523033142,-0.1838289052248001,0.5160044431686401,0.5357199907302856,0.006197415292263031,0.4644155502319336,0.5332081913948059,-0.006309851072728634,0.5185447931289673,0.6823847889900208,0.014377889223396778,0.4571439325809479,0.6837562918663025,-0.0015227191615849733,0.5189021825790405,0.80694180727005,0.1935776174068451,0.4541669487953186,0.8084672689437866,0.17302922904491425,0.5098445415496826,0.8215376138687134,0.2026306837797165,0.4591909348964691,0.8189830183982849,0.18132461607456207,0.5336906909942627,0.8599082827568054,0.060218799859285355,0.4437258243560791,0.8586867451667786,0.03597371652722359
153,draw_tick,a07_s08_e01,0.49214690923690796,0.28304025530815125,-0.4135085940361023,0.49708741903305054,0.2695014774799347,-0.4009177088737488,0.5008455514907837,0.2689879238605499,-0.4009226858615875,0.5046060681343079,0.2683541476726532,-0.40092000365257263,0.48656877875328064,0.26923784613609314,-0.4003804624080658,0.48310548067092896,0.2687705457210541,-0.4004121422767639,0.47989416122436523,0.26859575510025024,-0.4004185199737549,0.5087414979934692,0.271092027425766,-0.27784547209739685,0.47744542360305786,0.27249833941459656,-0.27711933851242065,0.4993601441383362,0.2952899932861328,-0.3638889193534851,0.4856574535369873,0.29600033164024353,-0.3637218773365021,0.5429288744926453,0.34793028235435486,-0.1637246459722519,0.4524584412574768,0.34271612763404846,-0.15906402468681335,0.554268479347229,0.4481702744960785,-0.08457823097705841,0.42187628149986267,0.43570464849472046,-0.07417425513267517,0.5591555833816528,0.5380308032035828,-0.17698824405670166,0.39423948526382446,0.5183427333831787,-0.1767192780971527,0.5594245791435242,0.5653778910636902,-0.20363041758537292,0.3852996230125427,0.5418298244476318,-0.2050206959247589,0.552766740322113,0.5636882781982422,-0.24632589519023895,0.3872907757759094,0.5412576198577881,-0.24727638065814972,0.5506805181503296,0.556378185749054,-0.19524243474006653,0.39105910062789917,0.5356315970420837,-0.1956159621477127,0.5163168907165527,0.5356461405754089,0.006064464338123798,0.46441301703453064,0.5331481099128723,-0.0061688837595283985,0.5186161398887634,0.6823839545249939,0.01350276917219162,0.4572834372520447,0.6837571859359741,-0.001047121942974627,0.5188983678817749,0.8069905042648315,0.1970365345478058,0.4541637897491455,0.8084670901298523,0.1786564290523529,0.5098331570625305,0.8215440511703491,0.20679914951324463,0.4591546058654785,0.8189866542816162,0.18774297833442688,0.533689022064209,0.8599218130111694,0.06292999535799026,0.44373923540115356,0.8586847186088562,0.041955869644880295
154,draw_tick,a07_s08_e01,0.4921204447746277,0.282763808965683,-0.4167037904262543,0.4971334934234619,0.2691802382469177,-0.4042949676513672,0.5009351372718811,0.2686554491519928,-0.4043027460575104,0.5047083497047424,0.26803532242774963,-0.4043058753013611,0.4865526556968689,0.26885026693344116,-0.4032694399356842,0.4830840528011322,0.26834848523139954,-0.4033010005950928,0.47988438606262207,0.26817160844802856,-0.4033069610595703,0.5088224411010742,0.2708031237125397,-0.2830098867416382,0.4774281978607178,0.27204835414886475,-0.2796846032142639,0.4993513524532318,0.29502734541893005,-0.36782652139663696,0.4856508672237396,0.2957373559474945,-0.3669169545173645,0.5429385304450989,0.34787073731422424,-0.1718364655971527,0.4517084062099457,0.3439069986343384,-0.1609504371881485,0.5542761087417603,0.4484735131263733,-0.09636272490024567,0.42237406969070435,0.4389077126979828,-0.07747232168912888,0.5591633915901184,0.538577675819397,-0.19051805138587952,0.3980512320995331,0.5253860354423523,-0.17729789018630981,0.5594252347946167,0.5655892491340637,-0.2180774211883545,0.3894954323768616,0.5484731793403625,-0.2054539918899536,0.5527671575546265,0.5639133453369141,-0.2602396607398987,0.3916882872581482,0.5483423471450806,-0.24749334156513214,0.5506807565689087,0.5565804839134216,-0.2085351198911667,0.3959409296512604,0.5431198477745056,-0.1959257274866104,0.5165092349052429,0.5356729030609131,0.005215363577008247,0.4644024968147278,0.5331529378890991,-0.005306740291416645,0.5186599493026733,0.6824261546134949,0.010990587994456291,0.4574199616909027,0.6837825775146484,-1.881855132523924e-05,0.5188959240913391,0.8070237636566162,0.19912198185920715,0.4541700482368469,0.8084666132926941,0.18612878024578094,0.5098305344581604,0.8215493559837341,0.20962567627429962,0.4591568112373352,0.8189923763275146,0.19593940675258636,0.5336876511573792,0.8599244356155396,0.06589946150779724,0.4437386095523834,0.8587039709091187,0.05094561725854874
155,draw_tick,a07_s08_e01,0.49224981665611267,0.28243255615234375,-0.41721901297569275,0.4972880482673645,0.2688833177089691,-0.40456992387771606,0.5010845065116882,0.2683354318141937,-0.4045775830745697,0.5048142671585083,0.26773783564567566,-0.4045829176902771,0.48667049407958984,0.2685236632823944,-0.4041641652584076,0.4831947684288025,0.2679654061794281,-0.4041973650455475,0.47994691133499146,0.2677678167819977,-0.40420323610305786,0.5088256597518921,0.2704903185367584,-0.28287333250045776,0.4774210453033447,0.27169105410575867,-0.2823059856891632,0.4994255006313324,0.29477015137672424,-0.3682185113430023,0.4856918752193451,0.2954402565956116,-0.36810144782066345,0.542940080165863,0.347760409116745,-0.17294631898403168,0.4509351849555969,0.3453899621963501,-0.16544443368911743,0.5543056130409241,0.44847023487091064,-0.10007317364215851,0.424295574426651,0.44134777784347534,-0.08708027750253677,0.5591706037521362,0.5385755896568298,-0.19779625535011292,0.4020692706108093,0.5314377546310425,-0.18331530690193176,0.5594204664230347,0.5655899047851562,-0.2262086570262909,0.39367932081222534,0.554673969745636,-0.21207399666309357,0.5527818202972412,0.5639069676399231,-0.26801103353500366,0.3963351845741272,0.5552824139595032,-0.25379878282546997,0.5507050156593323,0.5565758943557739,-0.21576042473316193,0.40084534883499146,0.549445390701294,-0.2018914520740509,0.5166906118392944,0.5356762409210205,0.00509482529014349,0.464397132396698,0.5331444144248962,-0.005182825960218906,0.5187556147575378,0.6824262738227844,0.00910086277872324,0.457575261592865,0.6837393641471863,-0.0006937914295122027,0.5188941359519958,0.8070333003997803,0.19875949621200562,0.4541710913181305,0.8083890080451965,0.18547400832176208,0.5098187923431396,0.8215487599372864,0.20926885306835175,0.45914381742477417,0.818932831287384,0.1954094022512436,0.5337024331092834,0.8599405884742737,0.06596887856721878,0.44375449419021606,0.858697235584259,0.05126962810754776
156,draw_tick,a07_s08_e01,0.49239444732666016,0.2818009555339813,-0.4198111891746521,0.49744194746017456,0.26817306876182556,-0.40707653760910034,0.501226544380188,0.26762649416923523,-0.40708494186401367,0.5049017071723938,0.2671363651752472,-0.4070989191532135,0.48676353693008423,0.2678949534893036,-0.40672191977500916,0.4832790791988373,0.26732492446899414,-0.4067656099796295,0.47998571395874023,0.26714879274368286,-0.4067807197570801,0.5088174939155579,0.27009183168411255,-0.2878270149230957,0.47739776968955994,0.2711973786354065,-0.2871355414390564,0.49947482347488403,0.2942083477973938,-0.3718436062335968,0.4857092499732971,0.2949264347553253,-0.3717225193977356,0.5429303646087646,0.34766748547554016,-0.1810990571975708,0.4500759243965149,0.34738650918006897,-0.17360685765743256,0.5543539524078369,0.4484495520591736,-0.1161956936120987,0.42616742849349976,0.44513580203056335,-0.10469560325145721,0.5592284202575684,0.5385674834251404,-0.21912460029125214,0.4049604833126068,0.5349826216697693,-0.18846505880355835,0.5594344735145569,0.5655553936958313,-0.2496538609266281,0.39687901735305786,0.5572331547737122,-0.21762266755104065,0.5528407692909241,0.5638580322265625,-0.2903200685977936,0.3996966481208801,0.5576161742210388,-0.2626011073589325,0.5507709980010986,0.5565353035926819,-0.23678672313690186,0.40420955419540405,0.5521370768547058,-0.20609363913536072,0.5167746543884277,0.5356850028038025,0.004969905596226454,0.46438783407211304,0.5331403017044067,-0.005055692046880722,0.5187825560569763,0.6823999881744385,0.005254332907497883,0.4576137065887451,0.6836493015289307,-0.0009559515747241676,0.5188876390457153,0.8068416118621826,0.199337437748909,0.4541427195072174,0.8082607388496399,0.18963265419006348,0.5098057985305786,0.8212506771087646,0.21049106121063232,0.4591069221496582,0.8187207579612732,0.20035505294799805,0.5337016582489014,0.8599095940589905,0.06917470693588257,0.443789541721344,0.8586718440055847,0.057152967900037766
157,draw_tick,a07_s08_e01,0.49252063035964966,0.2812995910644531,-0.437544584274292,0.497519314289093,0.2677003741264343,-0.4245610237121582,0.5012817978858948,0.26717159152030945,-0.42456716299057007,0.5049155950546265,0.2667560875415802,-0.42458540201187134,0.486823707818985,0.2674480974674225,-0.424368292093277,0.483337938785553,0.2668622136116028,-0.42442402243614197,0.4800155758857727,0.2666744589805603,-0.4244442880153656,0.5087892413139343,0.2698037326335907,-0.30386704206466675,0.4773453176021576,0.2708023488521576,-0.3040769696235657,0.4995473325252533,0.29373422265052795,-0.38913798332214355,0.4857504367828369,0.2943849563598633,-0.3892805576324463,0.5428589582443237,0.3474322557449341,-0.1949569135904312,0.4495956003665924,0.34837526082992554,-0.18920321762561798,0.5544019937515259,0.4483652710914612,-0.13127794861793518,0.42687177658081055,0.44826310873031616,-0.12392330169677734,0.5593909621238708,0.5384397506713867,-0.23360398411750793,0.4064449667930603,0.5394184589385986,-0.21371915936470032,0.5594676733016968,0.565436065196991,-0.26465946435928345,0.39869391918182373,0.5609409213066101,-0.24452674388885498,0.5529472231864929,0.5636323094367981,-0.30541595816612244,0.4020015597343445,0.561432421207428,-0.286023885011673,0.5509130358695984,0.5563074946403503,-0.25120627880096436,0.40646666288375854,0.5555329918861389,-0.23126542568206787,0.5169316530227661,0.5356757044792175,0.004990513436496258,0.4643915295600891,0.5330343842506409,-0.005072775296866894,0.5189275741577148,0.6821709275245667,0.005380942486226559,0.45763611793518066,0.6834266185760498,-0.0011438957881182432,0.51889568567276,0.8067646026611328,0.20204918086528778,0.4540995955467224,0.808231770992279,0.19043640792369843,0.5097979307174683,0.8210632801055908,0.21361903846263885,0.45902687311172485,0.8186286091804504,0.2011912316083908,0.5337337255477905,0.8598490357398987,0.0737987533211708,0.44390997290611267,0.8587095737457275,0.05741555616259575
158,draw_tick,a07_s08_e01,0.49252748489379883,0.2810705602169037,-0.4336397647857666,0.49752670526504517,0.26736271381378174,-0.42042532563209534,0.5012779235839844,0.2668401896953583,-0.4204280376434326,0.5048977136611938,0.26648035645484924,-0.4204411506652832,0.48682117462158203,0.2671928405761719,-0.4207114577293396,0.4833328127861023,0.26661789417266846,-0.420767217874527,0.4800125062465668,0.2664513885974884,-0.4207882285118103,0.5086966753005981,0.26963603496551514,-0.29849687218666077,0.4771783947944641,0.27065742015838623,-0.30103152990341187,0.4995432496070862,0.29355159401893616,-0.38470810651779175,0.4857465326786041,0.29423096776008606,-0.3855147361755371,0.542747437953949,0.3472060263156891,-0.1874074786901474,0.44880348443984985,0.3489282429218292,-0.18834443390369415,0.5544082522392273,0.44811078906059265,-0.12095866352319717,0.42740947008132935,0.45003950595855713,-0.12594439089298248,0.5596165657043457,0.5376018285751343,-0.22534136474132538,0.40960660576820374,0.5398669838905334,-0.21914401650428772,0.5596048831939697,0.5649489164352417,-0.2562319338321686,0.40175682306289673,0.561808705329895,-0.25066807866096497,0.5533007979393005,0.5630224347114563,-0.29721349477767944,0.4050753116607666,0.5625792145729065,-0.290499746799469,0.5513306260108948,0.5556612610816956,-0.2431596964597702,0.40974774956703186,0.5561837553977966,-0.23644399642944336,0.5171202421188354,0.535664439201355,0.0054039256647229195,0.4644157290458679,0.5330318212509155,-0.005481985863298178,0.5191331505775452,0.6821727156639099,0.005973978899419308,0.4576823115348816,0.6832671761512756,-0.0013287074398249388,0.5188942551612854,0.8065851926803589,0.20558416843414307,0.4540528357028961,0.8082002997398376,0.1900663822889328,0.509771466255188,0.8206683993339539,0.2173878252506256,0.4589127004146576,0.8185197710990906,0.20089299976825714,0.5337849855422974,0.8596531748771667,0.07907511293888092,0.4439903795719147,0.8586888909339905,0.057418692857027054
159,draw_tick,a07_s08_e01,0.49251413345336914,0.2808951735496521,-0.4261411726474762,0.4975185990333557,0.2671552300453186,-0.41325893998146057,0.5012685656547546,0.26662522554397583,-0.41325825452804565,0.5048841238021851,0.2662865221500397,-0.41326990723609924,0.4867970943450928,0.2670484781265259,-0.4136253893375397,0.48330122232437134,0.2664763331413269,-0.41367799043655396,0.4799560010433197,0.2663117051124573,-0.4137001633644104,0.5085383057594299,0.26947978138923645,-0.2919260859489441,0.47692593932151794,0.2705254852771759,-0.2947782576084137,0.4995039403438568,0.29334747791290283,-0.37721943855285645,0.48568835854530334,0.2940681278705597,-0.3780977427959442,0.5425959825515747,0.34688034653663635,-0.1792500913143158,0.4481675624847412,0.3492315709590912,-0.18393954634666443,0.5544096231460571,0.44780200719833374,-0.10888297855854034,0.42774802446365356,0.4504474401473999,-0.12224864959716797,0.5597800016403198,0.53722083568573,-0.21036610007286072,0.4128669798374176,0.5380752682685852,-0.21698026359081268,0.5597966909408569,0.5647156834602356,-0.2401941567659378,0.40463781356811523,0.5608109831809998,-0.24825632572174072,0.5536913275718689,0.5627864003181458,-0.2813337743282318,0.40862807631492615,0.5614410042762756,-0.2877673804759979,0.551714301109314,0.5554066300392151,-0.22818143665790558,0.41334906220436096,0.5547449588775635,-0.2343771755695343,0.5171862840652466,0.5356540679931641,0.005941456183791161,0.4644220769405365,0.5330401062965393,-0.006021417211741209,0.5192792415618896,0.6821936368942261,0.005077206529676914,0.45773082971572876,0.6832696199417114,-0.003088891040533781,0.5188929438591003,0.8065932393074036,0.20457236468791962,0.4540478587150574,0.8082460165023804,0.18828430771827698,0.5097107291221619,0.8206442594528198,0.21605125069618225,0.458912193775177,0.8185448050498962,0.19867274165153503,0.5338352918624878,0.8595153093338013,0.07792173326015472,0.4441032409667969,0.8587371706962585,0.05541958287358284
160,draw_tick,a07_s08_e01,0.4922102987766266,0.28078559041023254,-0.4210692048072815,0.4972718358039856,0.26701831817626953,-0.40834665298461914,0.5010318756103516,0.2664903402328491,-0.4083443284034729,0.504655122756958,0.266162246465683,-0.408355712890625,0.4865027368068695,0.26695793867111206,-0.408468097448349,0.48302072286605835,0.2664080858230591,-0.4085180163383484,0.47968047857284546,0.266261488199234,-0.40853947401046753,0.5082427263259888,0.26937052607536316,-0.2877083122730255,0.4765613079071045,0.2704852819442749,-0.28928226232528687,0.4992774426937103,0.29322096705436707,-0.3723655343055725,0.4853610098361969,0.2939561605453491,-0.37289494276046753,0.5423536896705627,0.34659162163734436,-0.1752469837665558,0.4477671682834625,0.34947285056114197,-0.17962345480918884,0.5543983578681946,0.44732582569122314,-0.10461542755365372,0.4281635284423828,0.45010945200920105,-0.11795394122600555,0.5599122047424316,0.5368964076042175,-0.20544025301933289,0.4150128960609436,0.5386645197868347,-0.21630284190177917,0.5599451065063477,0.5644910335540771,-0.23547740280628204,0.4068666398525238,0.5618429780006409,-0.24808867275714874,0.5540097951889038,0.5625718235969543,-0.27659109234809875,0.4116835594177246,0.5627204179763794,-0.2876620888710022,0.5520403981208801,0.5552008152008057,-0.22320899367332458,0.41632288694381714,0.555680513381958,-0.23270270228385925,0.5172113180160522,0.5356509685516357,0.006288100033998489,0.46443620324134827,0.533021092414856,-0.0063708811067044735,0.5193295478820801,0.6824522614479065,0.0026206057518720627,0.45775681734085083,0.6833176016807556,-0.0059987446293234825,0.5188563466072083,0.8065962195396423,0.20405609905719757,0.4540439248085022,0.8082588911056519,0.18734905123710632,0.5095250606536865,0.8206300139427185,0.2159932404756546,0.4589354991912842,0.8185513615608215,0.19744330644607544,0.5338647961616516,0.8595010042190552,0.07782433182001114,0.4441431164741516,0.8587312698364258,0.054289139807224274
161,draw_tick,a07_s08_e01,0.4920930862426758,0.28073015809059143,-0.4371347427368164,0.4971248209476471,0.26696309447288513,-0.4241064190864563,0.5008983612060547,0.26643121242523193,-0.42410311102867126,0.5045183300971985,0.2661043703556061,-0.4241228997707367,0.486309677362442,0.2669334411621094,-0.4242081046104431,0.48281416296958923,0.2663894593715668,-0.42426443099975586,0.4794440269470215,0.26625603437423706,-0.4242921769618988,0.5080202221870422,0.26934513449668884,-0.3022214472293854,0.47617238759994507,0.27049508690834045,-0.3035997748374939,0.49919310212135315,0.2931171655654907,-0.3880935609340668,0.4852231442928314,0.29389479756355286,-0.38858702778816223,0.5422297120094299,0.3465137481689453,-0.18770718574523926,0.44738084077835083,0.3502063453197479,-0.19180837273597717,0.5543969869613647,0.44709721207618713,-0.11949163675308228,0.4283686578273773,0.4513564109802246,-0.1309622973203659,0.5601357817649841,0.5366089940071106,-0.22289398312568665,0.4166859984397888,0.5403091311454773,-0.22499115765094757,0.560259222984314,0.5642534494400024,-0.2541133463382721,0.4090357720851898,0.563625156879425,-0.25694742798805237,0.5545741319656372,0.5624114871025085,-0.29560723900794983,0.41416916251182556,0.5644956827163696,-0.2958149313926697,0.5525904893875122,0.5550587773323059,-0.24086108803749084,0.4186013340950012,0.5569560527801514,-0.2416197955608368,0.5172106623649597,0.5356326699256897,0.006454897113144398,0.464421808719635,0.5329485535621643,-0.006537449546158314,0.5193337202072144,0.6827219724655151,0.00021525828924495727,0.45776090025901794,0.6833835244178772,-0.007927468977868557,0.5187793970108032,0.8065984845161438,0.20534276962280273,0.45404133200645447,0.8082670569419861,0.18958733975887299,0.5092898607254028,0.8206233978271484,0.21770644187927246,0.4590035080909729,0.8185540437698364,0.2008635699748993,0.5338385105133057,0.8594935536384583,0.0791725367307663,0.44432148337364197,0.8587490320205688,0.05771340802311897
162,draw_tick,a07_s08_e01,0.49162063002586365,0.2806963622570038,-0.432259738445282,0.4966861307621002,0.26692742109298706,-0.4192759096622467,0.5004708170890808,0.26639285683631897,-0.41927266120910645,0.5041375160217285,0.2660629451274872,-0.4192889630794525,0.4858637750148773,0.26691168546676636,-0.41914233565330505,0.48239365220069885,0.26637062430381775,-0.4191979765892029,0.4790831506252289,0.26624777913093567,-0.41922488808631897,0.507688581943512,0.2693251073360443,-0.29796239733695984,0.4758512079715729,0.27049520611763,-0.29811981320381165,0.4988320469856262,0.293083131313324,-0.3834812045097351,0.48482370376586914,0.2938619554042816,-0.3836252689361572,0.5421375036239624,0.34646284580230713,-0.1840706765651703,0.4470937252044678,0.3503442704677582,-0.18740947544574738,0.5543990135192871,0.4469013214111328,-0.11524255573749542,0.42906299233436584,0.45087486505508423,-0.12592396140098572,0.5603978633880615,0.5353190898895264,-0.21851131319999695,0.4191637635231018,0.5387236475944519,-0.22148537635803223,0.5606943964958191,0.5635173916816711,-0.24948391318321228,0.41184329986572266,0.5627861022949219,-0.2530476450920105,0.5551211833953857,0.561629056930542,-0.2909504473209381,0.416811466217041,0.5635308027267456,-0.2920648753643036,0.553073525428772,0.5543280243873596,-0.23644080758094788,0.42093172669410706,0.5559795498847961,-0.23859694600105286,0.5172029137611389,0.535584032535553,0.006578968372195959,0.46435731649398804,0.5328394174575806,-0.006662832107394934,0.519336462020874,0.6827319860458374,-0.0033446368761360645,0.45774030685424805,0.6833913326263428,-0.010400304570794106,0.518653392791748,0.8065816760063171,0.2048560082912445,0.4540405869483948,0.8082591891288757,0.1893472969532013,0.5090235471725464,0.8205873370170593,0.21683497726917267,0.45906028151512146,0.8185546398162842,0.2008250504732132,0.533778727054596,0.8594481348991394,0.07901931554079056,0.44468459486961365,0.8587261438369751,0.057589005678892136
163,draw_tick,a07_s08_e01,0.4907255172729492,0.2805789113044739,-0.4281870722770691,0.49594491720199585,0.2667875587940216,-0.41524091362953186,0.49978509545326233,0.2662583291530609,-0.4152374863624573,0.5035282373428345,0.26593896746635437,-0.4152514338493347,0.4851325452327728,0.26680174469947815,-0.4148538112640381,0.4817562699317932,0.2662949562072754,-0.4149087369441986,0.4785868525505066,0.2661961019039154,-0.4149343967437744,0.5073266625404358,0.269266813993454,-0.29458338022232056,0.47552984952926636,0.270464152097702,-0.29353559017181396,0.4980982840061188,0.29297128319740295,-0.3797164559364319,0.48402971029281616,0.29376140236854553,-0.3795073926448822,0.5420305132865906,0.3463844656944275,-0.18080483376979828,0.44691339135169983,0.35034316778182983,-0.18425950407981873,0.5544033050537109,0.44659343361854553,-0.11236598342657089,0.4298948645591736,0.4507503807544708,-0.12298916280269623,0.5605935454368591,0.534363329410553,-0.2158316820859909,0.4210990071296692,0.53883957862854,-0.2203269898891449,0.561089038848877,0.5627571940422058,-0.24667176604270935,0.41449207067489624,0.5628834366798401,-0.2520735561847687,0.5556573867797852,0.5609235167503357,-0.2880491614341736,0.41922059655189514,0.5637142658233643,-0.29102930426597595,0.5535346865653992,0.5537222623825073,-0.23367202281951904,0.42299214005470276,0.5562398433685303,-0.2366841733455658,0.517053484916687,0.5353942513465881,0.0072649805806577206,0.4639472961425781,0.5326153635978699,-0.007359392940998077,0.5193331241607666,0.6827221512794495,-0.00485983258113265,0.4576569199562073,0.6832749247550964,-0.01383570022881031,0.5184981822967529,0.8065831065177917,0.20357295870780945,0.45402973890304565,0.8082357048988342,0.18886920809745789,0.5087084174156189,0.8205851316452026,0.21595363318920135,0.4590696394443512,0.8185672163963318,0.1999356597661972,0.5337257385253906,0.8594499826431274,0.07665010541677475,0.44507020711898804,0.8587217330932617,0.05681030824780464
164,draw_tick,a07_s08_e01,0.4901387095451355,0.28045594692230225,-0.4173974096775055,0.49548959732055664,0.2666524648666382,-0.4050164222717285,0.49935880303382874,0.2661273181438446,-0.40501028299331665,0.5031310319900513,0.2658199667930603,-0.4050218164920807,0.48469167947769165,0.2666945457458496,-0.40414339303970337,0.4813663065433502,0.2662141025066376,-0.4042007029056549,0.47827011346817017,0.2661348879337311,-0.40423840284347534,0.5070534944534302,0.26919862627983093,-0.2871842682361603,0.47528591752052307,0.2704189121723175,-0.28321513533592224,0.4975610375404358,0.292848140001297,-0.36982566118240356,0.48343268036842346,0.2936604917049408,-0.36881810426712036,0.5419061183929443,0.34625422954559326,-0.17289163172245026,0.4467953145503998,0.350305438041687,-0.17972782254219055,0.5544067621231079,0.4461679458618164,-0.10907773673534393,0.43062537908554077,0.4503713548183441,-0.11599340289831161,0.5606383085250854,0.533585786819458,-0.21095971763134003,0.422086626291275,0.5383276343345642,-0.2066006362438202,0.5611785650253296,0.5621145367622375,-0.24156467616558075,0.41617250442504883,0.5625717639923096,-0.23805275559425354,0.5559145212173462,0.5602870583534241,-0.28280699253082275,0.42101699113845825,0.5632253289222717,-0.2768027186393738,0.5537897348403931,0.5531533360481262,-0.22876861691474915,0.42452502250671387,0.5558725595474243,-0.22299642860889435,0.5166712403297424,0.5351333618164062,0.00756937125697732,0.4633026719093323,0.5323385000228882,-0.007670997176319361,0.5192981958389282,0.6826810836791992,-0.007418197579681873,0.4575178623199463,0.6832664012908936,-0.01614364981651306,0.5183186531066895,0.8065615892410278,0.1993967890739441,0.45401492714881897,0.8082360029220581,0.1857719123363495,0.5084329843521118,0.8205285668373108,0.21182210743427277,0.45908045768737793,0.8186239004135132,0.197311669588089,0.5335589647293091,0.8594215512275696,0.07202202826738358,0.44540542364120483,0.8587237596511841,0.054244786500930786
165,draw_tick,a07_s08_e01,0.4897874891757965,0.2804209589958191,-0.41786903142929077,0.49521008133888245,0.2666134536266327,-0.40581759810447693,0.4990955889225006,0.26608577370643616,-0.4058116376399994,0.5028976202011108,0.2657746374607086,-0.40582475066185,0.48438793420791626,0.2666608691215515,-0.4047974646091461,0.48107394576072693,0.2661885917186737,-0.4048541188240051,0.4780164659023285,0.2661135494709015,-0.40489211678504944,0.5068971514701843,0.2691585421562195,-0.28859180212020874,0.47511759400367737,0.2703914940357208,-0.28405511379241943,0.49726706743240356,0.2928180396556854,-0.3704347014427185,0.48308420181274414,0.29364076256752014,-0.3692564368247986,0.5418264865875244,0.3461419343948364,-0.1745593398809433,0.4466441571712494,0.350284218788147,-0.17888934910297394,0.5544254779815674,0.44592440128326416,-0.11005308479070663,0.4309549331665039,0.4510919749736786,-0.1157744973897934,0.560737133026123,0.5335967540740967,-0.2147035151720047,0.4226142466068268,0.5408133864402771,-0.2053413838148117,0.5612340569496155,0.5620936155319214,-0.24589809775352478,0.41770705580711365,0.5647119283676147,-0.23621518909931183,0.5560083985328674,0.5602538585662842,-0.286825567483902,0.4219352602958679,0.5655511021614075,-0.27504831552505493,0.5539129972457886,0.5531240701675415,-0.23226957023143768,0.4251795709133148,0.55812007188797,-0.2218170464038849,0.5164057612419128,0.5349584817886353,0.007653517182916403,0.4627475142478943,0.5321776270866394,-0.007758723106235266,0.5192750692367554,0.6827753782272339,-0.007766019552946091,0.45736369490623474,0.6834661364555359,-0.015755293890833855,0.5182074308395386,0.8065423369407654,0.19955018162727356,0.45401182770729065,0.8082908391952515,0.18613263964653015,0.5082701444625854,0.8204050660133362,0.21215660870075226,0.45912009477615356,0.8186877965927124,0.1979222148656845,0.5334212183952332,0.8594093322753906,0.0723550096154213,0.4455930292606354,0.858802080154419,0.055093538016080856
166,draw_tick,a07_s08_e01,0.48966628313064575,0.2803288996219635,-0.4137428402900696,0.49507227540016174,0.2665140926837921,-0.40159398317337036,0.4989616274833679,0.2659832537174225,-0.4015905261039734,0.5027487874031067,0.2656784653663635,-0.4016019403934479,0.48426294326782227,0.2666041851043701,-0.40067988634109497,0.480948269367218,0.2661491632461548,-0.40073052048683167,0.47788819670677185,0.26608556509017944,-0.4007675051689148,0.5067708492279053,0.26906970143318176,-0.2845149040222168,0.4749665856361389,0.27036094665527344,-0.2802938222885132,0.49712657928466797,0.2927243411540985,-0.3663160502910614,0.4829259514808655,0.29359138011932373,-0.3652702569961548,0.5417580604553223,0.3459927439689636,-0.17192217707633972,0.44642120599746704,0.3502662777900696,-0.1764930933713913,0.5544214248657227,0.4457598030567169,-0.1093822494149208,0.4313383996486664,0.45169946551322937,-0.11217787116765976,0.5607383847236633,0.5336265563964844,-0.21185903251171112,0.42286819219589233,0.5407150983810425,-0.20017191767692566,0.561247706413269,0.5621950626373291,-0.2426842749118805,0.41861456632614136,0.5651641488075256,-0.23081369698047638,0.5559976696968079,0.5603606700897217,-0.28360337018966675,0.42299312353134155,0.5659671425819397,-0.2696027457714081,0.5539026260375977,0.5531720519065857,-0.2294478863477707,0.4260183870792389,0.5583598017692566,-0.2166832983493805,0.5160880088806152,0.5349586606025696,0.007883716374635696,0.4621520936489105,0.5321757197380066,-0.007993953302502632,0.5191287398338318,0.6830316185951233,-0.007157337851822376,0.4573027193546295,0.6836418509483337,-0.016148502007126808,0.5181474089622498,0.8065617084503174,0.20115284621715546,0.4540107250213623,0.8083116412162781,0.18842656910419464,0.508217453956604,0.8204056024551392,0.2140832394361496,0.45914870500564575,0.8187017440795898,0.20087096095085144,0.5333554148674011,0.8594093918800354,0.07490213215351105,0.4456945061683655,0.8588059544563293,0.05944669246673584
167,draw_tick,a07_s08_e01,0.48957499861717224,0.28026217222213745,-0.41448602080345154,0.4949676990509033,0.2664424180984497,-0.40239471197128296,0.4988584518432617,0.26591143012046814,-0.40239328145980835,0.5026390552520752,0.2656104862689972,-0.40240779519081116,0.4841551184654236,0.26655369997024536,-0.4012911915779114,0.48084157705307007,0.26611095666885376,-0.40134182572364807,0.4777842164039612,0.2660555839538574,-0.401380717754364,0.5066715478897095,0.2690112888813019,-0.284878134727478,0.47484055161476135,0.2703354060649872,-0.28036829829216003,0.49702349305152893,0.29266902804374695,-0.3669334650039673,0.4828173518180847,0.29355213046073914,-0.3656146824359894,0.5417002439498901,0.3459812104701996,-0.17212748527526855,0.4463191032409668,0.3502269387245178,-0.1762523651123047,0.5544213056564331,0.4456633925437927,-0.10909228026866913,0.43170443177223206,0.45182743668556213,-0.11141239106655121,0.5607074499130249,0.5337719321250916,-0.21521708369255066,0.42351073026657104,0.5399213433265686,-0.20136018097400665,0.5612328052520752,0.5623180270195007,-0.24725106358528137,0.41939058899879456,0.5645983219146729,-0.2323828488588333,0.5559861660003662,0.5604447722434998,-0.2880440056324005,0.4234798550605774,0.5653780698776245,-0.27129560708999634,0.553892195224762,0.5532044172286987,-0.23281574249267578,0.42650914192199707,0.5577775835990906,-0.21807989478111267,0.5157802104949951,0.5349361896514893,0.007885286584496498,0.46154722571372986,0.5320720076560974,-0.007995951920747757,0.5190111994743347,0.6831434965133667,-0.008327520452439785,0.45726460218429565,0.683846116065979,-0.016765635460615158,0.5181163549423218,0.8065639138221741,0.2017645537853241,0.45399269461631775,0.8083683848381042,0.18955887854099274,0.5082117319107056,0.8203980922698975,0.21490855515003204,0.45914846658706665,0.8187763690948486,0.20220720767974854,0.533215343952179,0.8593834042549133,0.07534521073102951,0.4457619786262512,0.858807384967804,0.060300517827272415
168,draw_tick,a07_s08_e01,0.4894945025444031,0.2801416218280792,-0.40974706411361694,0.4948551058769226,0.266330748796463,-0.3974980413913727,0.4987369477748871,0.2658044993877411,-0.39749544858932495,0.5025089979171753,0.2655159533023834,-0.3975067734718323,0.4840627610683441,0.26647692918777466,-0.3965452313423157,0.48076099157333374,0.2660559415817261,-0.39659351110458374,0.4777069687843323,0.26601412892341614,-0.3966306149959564,0.5065521001815796,0.26894238591194153,-0.2800639271736145,0.47476157546043396,0.2703131139278412,-0.27592846751213074,0.49693089723587036,0.2925650477409363,-0.3622661530971527,0.4827263355255127,0.29348263144493103,-0.36115920543670654,0.5416486859321594,0.34596017003059387,-0.16789096593856812,0.44621190428733826,0.3501875698566437,-0.17286323010921478,0.5544212460517883,0.4455830752849579,-0.10323081165552139,0.43207454681396484,0.4520273804664612,-0.10761775821447372,0.5606452226638794,0.5339992046356201,-0.20980611443519592,0.4241518974304199,0.5398494601249695,-0.1957930624485016,0.5612064599990845,0.5625390410423279,-0.24197587370872498,0.4200381338596344,0.5646716356277466,-0.22648176550865173,0.5559104681015015,0.5606411695480347,-0.28180503845214844,0.4239354729652405,0.5654661059379578,-0.2652379870414734,0.5537915229797363,0.5533136129379272,-0.22696872055530548,0.42699098587036133,0.5578194856643677,-0.21234948933124542,0.5153294801712036,0.5349250435829163,0.008063466288149357,0.4609169363975525,0.5319585800170898,-0.008182254619896412,0.5189081430435181,0.6833423376083374,-0.009063836187124252,0.4572564959526062,0.6840124130249023,-0.01839837059378624,0.5181131958961487,0.8065676093101501,0.2006179392337799,0.4539787173271179,0.8084361553192139,0.18865574896335602,0.5082074403762817,0.8203957676887512,0.213760107755661,0.4591481685638428,0.818831741809845,0.20170144736766815,0.5332075953483582,0.8592923879623413,0.07452140003442764,0.44579020142555237,0.8588219285011292,0.05990780144929886
169,draw_tick,a07_s08_e01,0.48949089646339417,0.28007668256759644,-0.40930208563804626,0.49483293294906616,0.266277939081192,-0.39697739481925964,0.49870795011520386,0.26574981212615967,-0.3969751298427582,0.5024687051773071,0.265463262796402,-0.3969864845275879,0.48404622077941895,0.2664472758769989,-0.39616355299949646,0.4807429313659668,0.2660316228866577,-0.39621081948280334,0.47768133878707886,0.2659977376461029,-0.396245539188385,0.5064889788627625,0.26889899373054504,-0.2789209187030792,0.47471779584884644,0.27030929923057556,-0.2753818929195404,0.49692487716674805,0.29251405596733093,-0.3615615963935852,0.48272234201431274,0.2934490442276001,-0.3606545627117157,0.5416209697723389,0.3459521532058716,-0.1658802032470703,0.44616395235061646,0.3501730263233185,-0.1724804937839508,0.5543902516365051,0.4455934166908264,-0.09890442341566086,0.4322265684604645,0.45219096541404724,-0.10770158469676971,0.5605161190032959,0.5345331430435181,-0.20395982265472412,0.42452549934387207,0.5398487448692322,-0.19646814465522766,0.5610891580581665,0.5629323720932007,-0.23524078726768494,0.4203866422176361,0.5647870302200317,-0.22727373242378235,0.5557023286819458,0.5609877109527588,-0.27519479393959045,0.4241568446159363,0.565545916557312,-0.2660292983055115,0.5535901784896851,0.5535603165626526,-0.2211727350950241,0.4272424280643463,0.5578314661979675,-0.21306052803993225,0.5149192810058594,0.5349770188331604,0.008348566479980946,0.4603477418422699,0.5319502353668213,-0.008474322035908699,0.5188785791397095,0.6837344765663147,-0.008637119084596634,0.4572444558143616,0.6842886209487915,-0.019190054386854172,0.5181096792221069,0.8066049814224243,0.20062477886676788,0.4539768099784851,0.8084558844566345,0.18864977359771729,0.5082069635391235,0.8204230070114136,0.21373894810676575,0.4591539800167084,0.8188461065292358,0.20160642266273499,0.53321373462677,0.859285295009613,0.07465191930532455,0.44578680396080017,0.8588521480560303,0.06051080301403999
170,draw_tick,a07_s08_e01,0.4894917905330658,0.28002259135246277,-0.40877074003219604,0.4948127865791321,0.2662287652492523,-0.39648720622062683,0.49867773056030273,0.2656998336315155,-0.3964853882789612,0.5024276375770569,0.265415221452713,-0.3964976370334625,0.4840336740016937,0.26642128825187683,-0.39577221870422363,0.4807279706001282,0.26601141691207886,-0.3958189785480499,0.47765833139419556,0.2659846246242523,-0.3958527147769928,0.5064238905906677,0.26884448528289795,-0.278060644865036,0.47465911507606506,0.2703050673007965,-0.2749365568161011,0.4969209134578705,0.2924618124961853,-0.360807865858078,0.4827219545841217,0.29341474175453186,-0.3600384593009949,0.5415951013565063,0.34588000178337097,-0.16450105607509613,0.44612494111061096,0.35010427236557007,-0.17176055908203125,0.5543596148490906,0.44561895728111267,-0.0957566425204277,0.4322393834590912,0.4522790312767029,-0.1071222648024559,0.5602585077285767,0.5354859232902527,-0.19861525297164917,0.42439550161361694,0.5397169589996338,-0.1962902843952179,0.5608866810798645,0.5635794997215271,-0.22905242443084717,0.4201735556125641,0.5646768808364868,-0.22715172171592712,0.555290937423706,0.5616801381111145,-0.26918283104896545,0.42397627234458923,0.565406858921051,-0.2658838629722595,0.5531289577484131,0.5541427731513977,-0.21586927771568298,0.42709165811538696,0.5576964020729065,-0.21289682388305664,0.5145643949508667,0.5350194573402405,0.008393315598368645,0.45992088317871094,0.5319369435310364,-0.008521435782313347,0.5187570452690125,0.6840814352035522,-0.008810958825051785,0.4572061002254486,0.6843844056129456,-0.01945396140217781,0.5181039571762085,0.8066689968109131,0.20042531192302704,0.45396947860717773,0.8085106611251831,0.18852613866329193,0.5082040429115295,0.8204737901687622,0.2135504186153412,0.45915427803993225,0.8188811540603638,0.2012886106967926,0.5332249402999878,0.8592833876609802,0.07459418475627899,0.44574540853500366,0.858869731426239,0.060171354562044144
171,draw_tick,a07_s08_e01,0.4895210862159729,0.2799616754055023,-0.3993775248527527,0.4948142170906067,0.26615554094314575,-0.38707008957862854,0.4986763894557953,0.2656302750110626,-0.3870674967765808,0.5024181604385376,0.26535022258758545,-0.3870745599269867,0.48403772711753845,0.2663812041282654,-0.38684937357902527,0.4807291626930237,0.26597723364830017,-0.38689473271369934,0.4776555001735687,0.26595360040664673,-0.3869287073612213,0.5063683390617371,0.268783837556839,-0.2692529261112213,0.47460484504699707,0.27028781175613403,-0.26829904317855835,0.49692922830581665,0.2923988401889801,-0.35159727931022644,0.4827326834201813,0.293367475271225,-0.35147130489349365,0.5415248870849609,0.34573787450790405,-0.15717509388923645,0.4459940493106842,0.3500629663467407,-0.166490837931633,0.5542764067649841,0.44563359022140503,-0.08631018549203873,0.4321741461753845,0.45274102687835693,-0.1019636020064354,0.5598044991493225,0.5364395976066589,-0.18774685263633728,0.4239419102668762,0.5397297143936157,-0.1895418018102646,0.5604424476623535,0.5643122792243958,-0.21739396452903748,0.41968703269958496,0.564975380897522,-0.21987870335578918,0.5545562505722046,0.5624628663063049,-0.2570834457874298,0.42389097809791565,0.5656068325042725,-0.2583942115306854,0.5523642301559448,0.5548221468925476,-0.20483505725860596,0.42697328329086304,0.5577813386917114,-0.20600426197052002,0.5143194198608398,0.5350238680839539,0.008401085622608662,0.45956987142562866,0.53193598985672,-0.008530759252607822,0.5186663866043091,0.6842722296714783,-0.008715583942830563,0.4571102559566498,0.6847973465919495,-0.019944006577134132,0.518116295337677,0.8067652583122253,0.19800524413585663,0.4539676606655121,0.8085790276527405,0.1866733729839325,0.5082632899284363,0.820503830909729,0.210722416639328,0.4591590464115143,0.8189358115196228,0.19945012032985687,0.5332478880882263,0.8592513799667358,0.07305757701396942,0.4456532895565033,0.858871579170227,0.06012988090515137
172,draw_tick,a07_s08_e01,0.48958808183670044,0.2798987030982971,-0.4014221131801605,0.49482661485671997,0.26608186960220337,-0.3890061378479004,0.49867916107177734,0.2655578851699829,-0.3890042006969452,0.5024160146713257,0.26527953147888184,-0.389013409614563,0.48405784368515015,0.2663505971431732,-0.3888818919658661,0.4807388186454773,0.26595231890678406,-0.3889285922050476,0.4776555895805359,0.26593294739723206,-0.3889613151550293,0.506330132484436,0.2687027156352997,-0.270189493894577,0.474560409784317,0.2702811062335968,-0.26983442902565,0.49696284532546997,0.2923247516155243,-0.3532865047454834,0.4827726483345032,0.29333004355430603,-0.3533315062522888,0.541472315788269,0.34543222188949585,-0.1566949188709259,0.4459559917449951,0.3499827980995178,-0.1669986993074417,0.5541325211524963,0.4456348419189453,-0.08460615575313568,0.43212199211120605,0.4528522491455078,-0.10298876464366913,0.559362530708313,0.5366877913475037,-0.18636174499988556,0.4236389100551605,0.5396776795387268,-0.19195446372032166,0.5600517988204956,0.5643851161003113,-0.2160181701183319,0.41930270195007324,0.5648300647735596,-0.22251518070697784,0.5540448427200317,0.562529444694519,-0.25628939270973206,0.4235663414001465,0.5654436945915222,-0.2611570358276367,0.5518443584442139,0.5549495816230774,-0.2037312537431717,0.42665186524391174,0.5576773881912231,-0.20855660736560822,0.5141613483428955,0.5349904298782349,0.0085897296667099,0.4594586491584778,0.5319167971611023,-0.00872321892529726,0.5186524391174316,0.6844346523284912,-0.008583693765103817,0.45700550079345703,0.6848496794700623,-0.020761065185070038,0.5181399583816528,0.8069818615913391,0.19689074158668518,0.45396119356155396,0.8086231350898743,0.18545934557914734,0.5082844495773315,0.8205958008766174,0.20938315987586975,0.459151029586792,0.8189430832862854,0.19823560118675232,0.5333617329597473,0.8592365384101868,0.0720064640045166,0.44556528329849243,0.8589040040969849,0.05967581272125244
