frame_index,label,video_id,l0_x,l0_y,l0_z,l1_x,l1_y,l1_z,l2_x,l2_y,l2_z,l3_x,l3_y,l3_z,l4_x,l4_y,l4_z,l5_x,l5_y,l5_z,l6_x,l6_y,l6_z,l7_x,l7_y,l7_z,l8_x,l8_y,l8_z,l9_x,l9_y,l9_z,l10_x,l10_y,l10_z,l11_x,l11_y,l11_z,l12_x,l12_y,l12_z,l13_x,l13_y,l13_z,l14_x,l14_y,l14_z,l15_x,l15_y,l15_z,l16_x,l16_y,l16_z,l17_x,l17_y,l17_z,l18_x,l18_y,l18_z,l19_x,l19_y,l19_z,l20_x,l20_y,l20_z,l21_x,l21_y,l21_z,l22_x,l22_y,l22_z,l23_x,l23_y,l23_z,l24_x,l24_y,l24_z,l25_x,l25_y,l25_z,l26_x,l26_y,l26_z,l27_x,l27_y,l27_z,l28_x,l28_y,l28_z,l29_x,l29_y,l29_z,l30_x,l30_y,l30_z,l31_x,l31_y,l31_z,l32_x,l32_y,l32_z
0,draw_tick,a07_s04_e01,0.5006670951843262,0.3454853594303131,-0.29381003975868225,0.5066458582878113,0.3323585093021393,-0.27951928973197937,0.510068416595459,0.3321048319339752,-0.2795303165912628,0.5127840638160706,0.33227112889289856,-0.279503732919693,0.4949735999107361,0.33314049243927,-0.2809823453426361,0.49093014001846313,0.333363801240921,-0.28096044063568115,0.48744359612464905,0.333795428276062,-0.2809638977050781,0.5187614560127258,0.3357289135456085,-0.16553616523742676,0.4819675087928772,0.33789411187171936,-0.17431922256946564,0.5080357789993286,0.358714759349823,-0.24864909052848816,0.49360352754592896,0.35912230610847473,-0.25128045678138733,0.5505273342132568,0.41780102252960205,-0.07652786374092102,0.45393067598342896,0.41200438141822815,-0.08640236407518387,0.566516101360321,0.5229572653770447,-0.012845398858189583,0.43735796213150024,0.519038200378418,-0.04384694993495941,0.5863011479377747,0.6120396256446838,-0.11814959347248077,0.42843300104141235,0.6087092161178589,-0.14981721341609955,0.5884484648704529,0.6424931883811951,-0.14769728481769562,0.4238201677799225,0.6394249200820923,-0.18182171881198883,0.5853375792503357,0.6422730684280396,-0.188782200217247,0.4283207058906555,0.6372271180152893,-0.2198776751756668,0.5831607580184937,0.6350013613700867,-0.13663862645626068,0.431631475687027,0.6273584961891174,-0.1671849638223648,0.5343677401542664,0.614203155040741,0.0029265761841088533,0.47703027725219727,0.6165086030960083,-0.0029122752603143454,0.5447845458984375,0.7658759355545044,-0.01105902437120676,0.4688278138637543,0.7667691111564636,-0.027789875864982605,0.5458216071128845,0.8981200456619263,0.1253945380449295,0.4627520442008972,0.901909589767456,0.1012241393327713,0.5390355587005615,0.9147873520851135,0.1302901804447174,0.4663327634334564,0.9156266450881958,0.10566525161266327,0.5508550405502319,0.956885576248169,-0.007192886434495449,0.4650740623474121,0.9542461037635803,-0.03272554650902748
1,draw_tick,a07_s04_e01,0.5002555251121521,0.3441484272480011,-0.3111457824707031,0.5062015056610107,0.3318156599998474,-0.2960973381996155,0.5096515417098999,0.3316768407821655,-0.2961025834083557,0.5124515295028687,0.3318652808666229,-0.29608020186424255,0.49462103843688965,0.3324103057384491,-0.2976260483264923,0.4907320439815521,0.33261439204216003,-0.2976401150226593,0.48723411560058594,0.33298712968826294,-0.297666996717453,0.5185607075691223,0.33574822545051575,-0.17742297053337097,0.48187828063964844,0.3376324474811554,-0.18606941401958466,0.507743775844574,0.35802313685417175,-0.2642183005809784,0.4932621419429779,0.3579336702823639,-0.2669016718864441,0.550523042678833,0.4178068935871124,-0.08131758123636246,0.453677237033844,0.411895215511322,-0.09517176449298859,0.5669020414352417,0.5226659774780273,-0.013139128684997559,0.43709421157836914,0.5188727378845215,-0.04763317480683327,0.5863039493560791,0.6122503876686096,-0.11708636581897736,0.4271451532840729,0.6100126504898071,-0.15355852246284485,0.5884488821029663,0.6426600813865662,-0.14529015123844147,0.42363983392715454,0.6396806836128235,-0.1857353150844574,0.5852264761924744,0.6427352428436279,-0.18666265904903412,0.42833876609802246,0.6375110149383545,-0.22496509552001953,0.5829452872276306,0.635054349899292,-0.13553568720817566,0.43162044882774353,0.6281530261039734,-0.1713009476661682,0.5346341133117676,0.6137481331825256,0.0032962195109575987,0.4770370423793793,0.6163161993026733,-0.003305888967588544,0.5447899103164673,0.7658774256706238,-0.015637123957276344,0.4695761203765869,0.7668075561523438,-0.030673682689666748,0.5455202460289001,0.9001749753952026,0.1376849114894867,0.46275290846824646,0.9036480784416199,0.1102287620306015,0.5390492677688599,0.9167425036430359,0.14470350742340088,0.4663647711277008,0.9178126454353333,0.11606156826019287,0.5496460199356079,0.956904947757721,0.002451848005875945,0.46508926153182983,0.9552270770072937,-0.027945037931203842
2,draw_tick,a07_s04_e01,0.5000315308570862,0.34327074885368347,-0.3126116096973419,0.5059787631034851,0.3313010036945343,-0.29747700691223145,0.5094350576400757,0.33120885491371155,-0.2974831461906433,0.5122970342636108,0.3314027190208435,-0.2974611520767212,0.49441877007484436,0.3318561613559723,-0.2991042733192444,0.49060797691345215,0.33206093311309814,-0.299119234085083,0.4870947301387787,0.3324166238307953,-0.2991454005241394,0.5184802412986755,0.33574071526527405,-0.1787390261888504,0.48180824518203735,0.3373788893222809,-0.18788324296474457,0.5075904726982117,0.3574811518192291,-0.26572704315185547,0.4930649697780609,0.3571743667125702,-0.26854756474494934,0.5505218505859375,0.4177958369255066,-0.08166138827800751,0.45348215103149414,0.41172927618026733,-0.0978778526186943,0.5670728087425232,0.5224069356918335,-0.01287822425365448,0.436915785074234,0.5186542272567749,-0.050891757011413574,0.5862990617752075,0.6125799417495728,-0.11449924856424332,0.42661529779434204,0.6107788681983948,-0.1573580801486969,0.588436484336853,0.6427879333496094,-0.14175346493721008,0.42351478338241577,0.6398745775222778,-0.1897142380475998,0.5851049423217773,0.6430949568748474,-0.1831328570842743,0.4283545911312103,0.6377418637275696,-0.2286766767501831,0.5827518701553345,0.6351354718208313,-0.1328783482313156,0.43161672353744507,0.6286278367042542,-0.17495690286159515,0.5347431898117065,0.6135571599006653,0.003967406693845987,0.47703829407691956,0.616227924823761,-0.003997370600700378,0.5447903871536255,0.766021192073822,-0.01648085191845894,0.4700649380683899,0.7668120265007019,-0.03200776129961014,0.5452836751937866,0.9012888073921204,0.1434655785560608,0.4627433717250824,0.9041109681129456,0.1136636883020401,0.5390490293502808,0.9178134202957153,0.1509261429309845,0.466365247964859,0.9182316064834595,0.11987131834030151,0.5488155484199524,0.9569060206413269,0.009472071193158627,0.4650396704673767,0.9558921456336975,-0.02445923164486885
3,draw_tick,a07_s04_e01,0.4998394548892975,0.3427123725414276,-0.3140084147453308,0.5057758688926697,0.33100223541259766,-0.29896125197410583,0.5092419385910034,0.33094459772109985,-0.29896730184555054,0.5121476650238037,0.3311474919319153,-0.2989467680454254,0.4942586421966553,0.33150753378868103,-0.300506591796875,0.49051499366760254,0.33170852065086365,-0.3005232810974121,0.48700228333473206,0.3320502042770386,-0.30055245757102966,0.5184060335159302,0.33574190735816956,-0.1803654581308365,0.4817829728126526,0.3372032940387726,-0.18908168375492096,0.5074554681777954,0.35706594586372375,-0.2671555280685425,0.4929100573062897,0.356614887714386,-0.26984506845474243,0.550500750541687,0.4178240895271301,-0.08277548849582672,0.45343971252441406,0.41157761216163635,-0.09888976812362671,0.5672010779380798,0.5223338007926941,-0.012911011464893818,0.43689337372779846,0.518337607383728,-0.05145738273859024,0.5862967371940613,0.612654983997345,-0.1139940619468689,0.42632168531417847,0.6109464764595032,-0.15783345699310303,0.5884131193161011,0.6428759694099426,-0.14109420776367188,0.4234778881072998,0.6398844122886658,-0.19018322229385376,0.5849804878234863,0.64333176612854,-0.18262161314487457,0.428394615650177,0.6377526521682739,-0.2292865514755249,0.5825952887535095,0.6351928114891052,-0.13239426910877228,0.431616872549057,0.6286752820014954,-0.17550574243068695,0.5348156094551086,0.6133953928947449,0.004131081979721785,0.4770386815071106,0.6161593794822693,-0.004166932310909033,0.5447933673858643,0.7661008834838867,-0.017587285488843918,0.4702824056148529,0.7669714689254761,-0.03263561800122261,0.5450925827026367,0.9019998908042908,0.14466838538646698,0.46274060010910034,0.9051335453987122,0.11490759998559952,0.5390453934669495,0.9185467958450317,0.15213042497634888,0.46637576818466187,0.9192616939544678,0.12110592424869537,0.5483173131942749,0.9569063782691956,0.010266252793371677,0.46489042043685913,0.9566203355789185,-0.023631731048226357
4,draw_tick,a07_s04_e01,0.4997273087501526,0.3423694968223572,-0.3144432008266449,0.5056560635566711,0.330798476934433,-0.29934555292129517,0.5091180801391602,0.33076563477516174,-0.2993519604206085,0.5120495557785034,0.330973744392395,-0.29933103919029236,0.4941754937171936,0.33125314116477966,-0.3010658919811249,0.49046677350997925,0.33144262433052063,-0.30108362436294556,0.48695653676986694,0.3317641615867615,-0.30111396312713623,0.5183442234992981,0.3357416093349457,-0.18049582839012146,0.48177552223205566,0.33700326085090637,-0.19003556668758392,0.507352352142334,0.35678210854530334,-0.26746848225593567,0.4928167462348938,0.3562338054180145,-0.2704099714756012,0.5504694581031799,0.4178076684474945,-0.08270043879747391,0.45338431000709534,0.4114912450313568,-0.10018817335367203,0.5672677755355835,0.5221459269523621,-0.01251203753054142,0.4367901682853699,0.5181846022605896,-0.05309513211250305,0.586319088935852,0.6126878261566162,-0.11292318254709244,0.4260379374027252,0.6111592054367065,-0.15900219976902008,0.5884249806404114,0.6429237127304077,-0.13979871571063995,0.42340701818466187,0.6399065256118774,-0.19126304984092712,0.5849596858024597,0.6435092687606812,-0.18142573535442352,0.42840543389320374,0.6377626061439514,-0.23024599254131317,0.5825543999671936,0.6352401375770569,-0.1313614547252655,0.4316118359565735,0.6287016272544861,-0.17657950520515442,0.5348805785179138,0.6132982969284058,0.004689258057624102,0.4770405888557434,0.616131067276001,-0.00473736971616745,0.5448017716407776,0.7662168741226196,-0.017605680972337723,0.4704512059688568,0.7670956254005432,-0.033340971916913986,0.544971227645874,0.9026079177856445,0.14621058106422424,0.46273961663246155,0.9054057598114014,0.11581839621067047,0.5390416979789734,0.9190735220909119,0.15378807485103607,0.4663766026496887,0.9195117950439453,0.12218387424945831,0.547996997833252,0.956908106803894,0.012251650914549828,0.46489018201828003,0.9568249583244324,-0.022440627217292786
5,draw_tick,a07_s04_e01,0.499702513217926,0.3421158492565155,-0.31812912225723267,0.5056198835372925,0.33060023188591003,-0.30318331718444824,0.5090664625167847,0.33058130741119385,-0.3031871020793915,0.5120155215263367,0.33079662919044495,-0.30316483974456787,0.4941434860229492,0.33104783296585083,-0.3050213158130646,0.4904472827911377,0.3312405049800873,-0.30504003167152405,0.4869299530982971,0.3315582573413849,-0.3050708472728729,0.5183245539665222,0.33574002981185913,-0.18402034044265747,0.48175597190856934,0.3368742763996124,-0.19423575699329376,0.5073220729827881,0.35657164454460144,-0.270929217338562,0.492785781621933,0.35599949955940247,-0.27405446767807007,0.5504547357559204,0.4178013205528259,-0.08466081321239471,0.4533303380012512,0.41130009293556213,-0.1037747710943222,0.567304790019989,0.5220673680305481,-0.012751288712024689,0.4367695748806,0.5180487632751465,-0.05685906857252121,0.5863205194473267,0.6128254532814026,-0.11299639940261841,0.4259677529335022,0.6113409399986267,-0.16250480711460114,0.5884231328964233,0.6430073976516724,-0.13983938097953796,0.4233902096748352,0.6399943828582764,-0.19469523429870605,0.5848932266235352,0.6437081694602966,-0.18151578307151794,0.4284385144710541,0.6378408074378967,-0.2334025651216507,0.5824615359306335,0.6353086829185486,-0.1314379870891571,0.43161869049072266,0.6288127899169922,-0.17991957068443298,0.5350239276885986,0.6132367253303528,0.004985497798770666,0.47708559036254883,0.6161104440689087,-0.0050388723611831665,0.544804036617279,0.7662875056266785,-0.017357829958200455,0.47053250670433044,0.7671272158622742,-0.03319096192717552,0.5448829531669617,0.9026648998260498,0.14929090440273285,0.4627387523651123,0.9055293202400208,0.11732010543346405,0.53903728723526,0.9191040396690369,0.15708498656749725,0.46638959646224976,0.9195445775985718,0.12380323559045792,0.5477574467658997,0.9569073915481567,0.0163015928119421,0.4648464322090149,0.9570122361183167,-0.020460642874240875
6,draw_tick,a07_s04_e01,0.4996272623538971,0.3420422673225403,-0.31596019864082336,0.5055363774299622,0.33055371046066284,-0.3010399341583252,0.5089867115020752,0.3305412828922272,-0.3010449707508087,0.5119591355323792,0.3307512402534485,-0.3010226786136627,0.49407142400741577,0.3309732675552368,-0.30280083417892456,0.49040237069129944,0.33115580677986145,-0.302815705537796,0.4868848919868469,0.3314600884914398,-0.3028441071510315,0.5182996988296509,0.33574536442756653,-0.18240992724895477,0.48173707723617554,0.33680856227874756,-0.1922919750213623,0.5072581171989441,0.3565177023410797,-0.2689763009548187,0.4927181303501129,0.3559158444404602,-0.271994411945343,0.5504463911056519,0.4178015887737274,-0.08426982164382935,0.45328354835510254,0.41125473380088806,-0.10217051208019257,0.5673242807388306,0.5219996571540833,-0.01250226516276598,0.43667739629745483,0.5179582238197327,-0.05572235584259033,0.5863107442855835,0.6128271818161011,-0.11257976293563843,0.42581257224082947,0.6115458607673645,-0.16145093739032745,0.5884081721305847,0.6430123448371887,-0.13949041068553925,0.4233546853065491,0.6400642991065979,-0.1936347633600235,0.5848398208618164,0.6437530517578125,-0.18120884895324707,0.4285060465335846,0.6379319429397583,-0.2323254644870758,0.5823957324028015,0.635312020778656,-0.13104140758514404,0.4316326677799225,0.6290016174316406,-0.17888852953910828,0.5350737571716309,0.6131706237792969,0.005040442105382681,0.4770866334438324,0.6160832643508911,-0.0050932494923472404,0.5448039770126343,0.7663266062736511,-0.01718667522072792,0.4706227779388428,0.767197847366333,-0.033139921724796295,0.5447771549224854,0.9028040170669556,0.1484169214963913,0.4627354145050049,0.9057731032371521,0.11699247360229492,0.5390332937240601,0.9191423058509827,0.15600481629371643,0.4663905203342438,0.9197480082511902,0.12333755195140839,0.5475361347198486,0.9569076299667358,0.015110651031136513,0.4647672176361084,0.9571302533149719,-0.020741168409585953
7,draw_tick,a07_s04_e01,0.49959713220596313,0.3419002890586853,-0.31472641229629517,0.5055033564567566,0.3304218649864197,-0.30000466108322144,0.5089437961578369,0.33041879534721375,-0.3000093102455139,0.511926531791687,0.3306369185447693,-0.29998457431793213,0.4940436780452728,0.3308345675468445,-0.30170580744743347,0.4903816282749176,0.3310200870037079,-0.30171412229537964,0.48686328530311584,0.3313266634941101,-0.3017384111881256,0.5182775259017944,0.3357413113117218,-0.18184080719947815,0.4817284047603607,0.3367057740688324,-0.191783145070076,0.5072238445281982,0.3564080595970154,-0.26813024282455444,0.49268993735313416,0.35579442977905273,-0.27109524607658386,0.5504308342933655,0.4177260994911194,-0.08250655233860016,0.45327121019363403,0.4112092852592468,-0.10192090272903442,0.567348301410675,0.5217025876045227,-0.011129842139780521,0.436682790517807,0.5179442763328552,-0.05467463657259941,0.5862760543823242,0.6128518581390381,-0.11144240945577621,0.4257432818412781,0.6115521192550659,-0.16085514426231384,0.5883755683898926,0.643047034740448,-0.13855014741420746,0.4233129918575287,0.6400453448295593,-0.19338759779930115,0.5847640633583069,0.643848180770874,-0.18030007183551788,0.4285072684288025,0.6378987431526184,-0.2319662868976593,0.58231520652771,0.6353389024734497,-0.12995100021362305,0.43162041902542114,0.6289690732955933,-0.17858627438545227,0.5351079106330872,0.6131083965301514,0.005188502371311188,0.47708573937416077,0.6160300374031067,-0.005239906720817089,0.5448101162910461,0.7663468718528748,-0.017352944239974022,0.4707033634185791,0.7672117352485657,-0.033449437469244,0.5447439551353455,0.9030577540397644,0.14676347374916077,0.4627350866794586,0.9059429168701172,0.11629444360733032,0.5390290021896362,0.9194261431694031,0.15407563745975494,0.4663940370082855,0.9199594259262085,0.12250175327062607,0.5475249290466309,0.9569035768508911,0.013322127982974052,0.4646998941898346,0.9572076797485352,-0.021325552836060524
8,draw_tick,a07_s04_e01,0.49957388639450073,0.34180527925491333,-0.31928005814552307,0.505480945110321,0.33035245537757874,-0.3043457865715027,0.5089161396026611,0.33035653829574585,-0.30434855818748474,0.5119086503982544,0.33057865500450134,-0.30432558059692383,0.49401625990867615,0.33075836300849915,-0.30622920393943787,0.4903602600097656,0.3309440016746521,-0.3062453269958496,0.48683857917785645,0.3312495946884155,-0.30627545714378357,0.5182681679725647,0.3357413709163666,-0.1848641335964203,0.4817105829715729,0.33663997054100037,-0.1954285353422165,0.5071998238563538,0.3563138544559479,-0.27198559045791626,0.4926590919494629,0.35568591952323914,-0.2751917243003845,0.5504262447357178,0.41773414611816406,-0.08426161110401154,0.4532269835472107,0.4111247956752777,-0.1049308180809021,0.5673536062240601,0.5217028260231018,-0.011374560184776783,0.43668094277381897,0.5179473161697388,-0.05757459998130798,0.5862717628479004,0.613196074962616,-0.1115814819931984,0.4257432818412781,0.6117176413536072,-0.16355738043785095,0.5883558392524719,0.6432145237922668,-0.13882853090763092,0.42330947518348694,0.6401956081390381,-0.19602172076702118,0.5846551656723022,0.6441177725791931,-0.18053452670574188,0.42853444814682007,0.6381126642227173,-0.23479965329170227,0.5822104811668396,0.6355174779891968,-0.13008058071136475,0.4316352903842926,0.6291647553443909,-0.1811310350894928,0.5351572036743164,0.6130940914154053,0.005583082791417837,0.4770899713039398,0.6160255074501038,-0.005638991016894579,0.544810950756073,0.7663894295692444,-0.017245950177311897,0.4707276225090027,0.7672532200813293,-0.03358020633459091,0.5446698665618896,0.9031034708023071,0.1506022959947586,0.4627278745174408,0.9059421420097351,0.11819352954626083,0.5389913320541382,0.9194461703300476,0.15849295258522034,0.4663936197757721,0.9199379682540894,0.12478339672088623,0.5474881529808044,0.9569026231765747,0.017258714884519577,0.46467605233192444,0.9573161005973816,-0.019772104918956757
9,draw_tick,a07_s04_e01,0.49952301383018494,0.34180742502212524,-0.3175250291824341,0.505426287651062,0.3303517997264862,-0.30261215567588806,0.5088711977005005,0.3303551971912384,-0.30261629819869995,0.511881411075592,0.33057498931884766,-0.30259349942207336,0.49396926164627075,0.33075541257858276,-0.30443087220191956,0.4903299808502197,0.3309391140937805,-0.3044438064098358,0.4868102967739105,0.3312399983406067,-0.3044714629650116,0.5182560682296753,0.3357466161251068,-0.18364016711711884,0.4817067086696625,0.3366343379020691,-0.19393756985664368,0.5071627497673035,0.3563126027584076,-0.2704402804374695,0.49262699484825134,0.35568228363990784,-0.27355286478996277,0.5504122972488403,0.4177347421646118,-0.084134042263031,0.4532243609428406,0.4111071825027466,-0.1037074476480484,0.5673552751541138,0.5216674208641052,-0.011496735736727715,0.43643227219581604,0.517910361289978,-0.056750304996967316,0.5861879587173462,0.6131930947303772,-0.11171872913837433,0.42574286460876465,0.6118614077568054,-0.16303902864456177,0.5882774591445923,0.6432175040245056,-0.1390163004398346,0.42333340644836426,0.6403848528862,-0.19560876488685608,0.5844944715499878,0.6441413760185242,-0.18069037795066833,0.4287215769290924,0.6385137438774109,-0.2346409559249878,0.5820266008377075,0.6355206966400146,-0.13021674752235413,0.43170395493507385,0.6296388506889343,-0.18074935674667358,0.5351739525794983,0.6130868196487427,0.005576730705797672,0.4770899713039398,0.6160221099853516,-0.005631810985505581,0.5448106527328491,0.766437828540802,-0.01738063059747219,0.47076505422592163,0.7672567963600159,-0.033531032502651215,0.5446014404296875,0.9031974077224731,0.14906933903694153,0.4627261757850647,0.9060547351837158,0.11761951446533203,0.5389821529388428,0.9194549918174744,0.15668079257011414,0.4663937985897064,0.9201279282569885,0.12406297773122787,0.5472694635391235,0.9569080471992493,0.015690919011831284,0.4645371437072754,0.9573612809181213,-0.020074933767318726
10,draw_tick,a07_s04_e01,0.4995023310184479,0.3417774736881256,-0.31698206067085266,0.5053990483283997,0.3303215801715851,-0.30199292302131653,0.5088415145874023,0.33032646775245667,-0.3019980788230896,0.5118586421012878,0.3305457532405853,-0.3019756078720093,0.4939405024051666,0.33072149753570557,-0.3038267493247986,0.49029842019081116,0.33090531826019287,-0.3038419485092163,0.48678112030029297,0.3312053978443146,-0.3038717210292816,0.5182400941848755,0.3357481360435486,-0.1830047070980072,0.48168835043907166,0.336614727973938,-0.19323021173477173,0.5071513652801514,0.3563048541545868,-0.26986682415008545,0.4926120638847351,0.35566747188568115,-0.27298295497894287,0.5504063367843628,0.4177374839782715,-0.08404292166233063,0.45318418741226196,0.4111081659793854,-0.10341000556945801,0.5673593282699585,0.521665632724762,-0.011253127828240395,0.4362778663635254,0.5179108381271362,-0.05722612887620926,0.5861632227897644,0.6133095622062683,-0.11154679954051971,0.4257538318634033,0.6117745041847229,-0.16324952244758606,0.5882314443588257,0.6433345079421997,-0.13870717585086823,0.42347779870033264,0.6401925683021545,-0.19569918513298035,0.584426999092102,0.6442902684211731,-0.18045134842395782,0.4290732443332672,0.6382996439933777,-0.2343798130750656,0.5819603204727173,0.6356087327003479,-0.13005875051021576,0.43188637495040894,0.6293081045150757,-0.18071810901165009,0.5352144837379456,0.6130847334861755,0.005705574993044138,0.47709012031555176,0.6160420775413513,-0.0057605658657848835,0.5448073744773865,0.7665071487426758,-0.017319507896900177,0.4708217978477478,0.7672607898712158,-0.033596500754356384,0.5445979833602905,0.9033114314079285,0.15026426315307617,0.4627235531806946,0.9063207507133484,0.11788871139287949,0.5389993190765381,0.9195641875267029,0.15807996690273285,0.4663905203342438,0.9205005168914795,0.12440758943557739,0.5472409129142761,0.9568936228752136,0.016898009926080704,0.4644954204559326,0.9574776887893677,-0.020007502287626266
11,draw_tick,a07_s04_e01,0.4994824528694153,0.34161120653152466,-0.31454458832740784,0.5053803324699402,0.3301595449447632,-0.2988698482513428,0.5088164806365967,0.3301755487918854,-0.29887470602989197,0.511835515499115,0.3304135501384735,-0.29885339736938477,0.4939120411872864,0.3305876553058624,-0.3010818660259247,0.4902440905570984,0.3307931125164032,-0.30109718441963196,0.4867360591888428,0.3311207592487335,-0.30112653970718384,0.5182228088378906,0.3357373774051666,-0.17791160941123962,0.48166102170944214,0.3365837335586548,-0.18994107842445374,0.5071378946304321,0.3561672568321228,-0.26686543226242065,0.4925759732723236,0.355555921792984,-0.2704821527004242,0.550387978553772,0.41777631640434265,-0.07732498645782471,0.4531826376914978,0.41106489300727844,-0.10321058332920074,0.5673598051071167,0.5216884613037109,-0.004952823277562857,0.4362660348415375,0.5174855589866638,-0.056853998452425,0.586119532585144,0.6134786605834961,-0.10684408247470856,0.4263353943824768,0.6089926958084106,-0.16284780204296112,0.5881748795509338,0.6434963345527649,-0.13430386781692505,0.4240042567253113,0.6376197338104248,-0.19544632732868195,0.5843214988708496,0.6444486379623413,-0.17644473910331726,0.42980819940567017,0.6350955963134766,-0.2338975965976715,0.5818371772766113,0.6356985569000244,-0.12561924755573273,0.4326133131980896,0.6255906820297241,-0.18025286495685577,0.5352556705474854,0.6131991744041443,0.00719896424561739,0.4771503508090973,0.6161121726036072,-0.007246854715049267,0.5447935461997986,0.7666129469871521,-0.0164523683488369,0.4708963930606842,0.7672483325004578,-0.03446697071194649,0.5444156527519226,0.9034850001335144,0.15383724868297577,0.4626905918121338,0.9063122272491455,0.11916609853506088,0.538746178150177,0.9197320342063904,0.16181761026382446,0.4662621021270752,0.9204939007759094,0.12595173716545105,0.5472462773323059,0.956897497177124,0.019448304548859596,0.46450042724609375,0.9574972987174988,-0.01957727037370205
12,draw_tick,a07_s04_e01,0.49946069717407227,0.3416045010089874,-0.3082793056964874,0.5053492188453674,0.33015167713165283,-0.2921450138092041,0.5087839365005493,0.3301663100719452,-0.29214757680892944,0.5118065476417542,0.3304017186164856,-0.292121946811676,0.4938879609107971,0.33058658242225647,-0.2946070432662964,0.49021148681640625,0.3307929039001465,-0.2946210503578186,0.486710786819458,0.3311213552951813,-0.29465001821517944,0.5182129740715027,0.33573901653289795,-0.17008817195892334,0.4816541075706482,0.3365911841392517,-0.18306514620780945,0.5071317553520203,0.35617169737815857,-0.2601989507675171,0.4925709664821625,0.35555943846702576,-0.26413530111312866,0.5503552556037903,0.4178158938884735,-0.07104621082544327,0.45316705107688904,0.41104942560195923,-0.09603223949670792,0.5673736333847046,0.5217044353485107,0.0005905287689529359,0.4354577660560608,0.5156795978546143,-0.052319832146167755,0.5861122608184814,0.6134780645370483,-0.10415593534708023,0.42771968245506287,0.6057227849960327,-0.16020891070365906,0.5881486535072327,0.6435003280639648,-0.1322471648454666,0.4253816604614258,0.6352192163467407,-0.193538099527359,0.5842623710632324,0.644455075263977,-0.17455534636974335,0.43105348944664,0.6319106221199036,-0.23136377334594727,0.5817804336547852,0.6357036232948303,-0.12310932576656342,0.4337059557437897,0.6216934323310852,-0.17730368673801422,0.5354742407798767,0.6132838129997253,0.007154432125389576,0.47759565711021423,0.6164044737815857,-0.007202246692031622,0.5447933673858643,0.7667926549911499,-0.01643732562661171,0.4709239900112152,0.7676169276237488,-0.034413013607263565,0.5443025827407837,0.9037363529205322,0.15407446026802063,0.4626900553703308,0.9064337015151978,0.1199338287115097,0.5386062860488892,0.9199197292327881,0.1620788723230362,0.4663561284542084,0.9207349419593811,0.12666109204292297,0.5472347736358643,0.9569186568260193,0.019658196717500687,0.46437638998031616,0.957553505897522,-0.018738361075520515
13,draw_tick,a07_s04_e01,0.49942365288734436,0.3420476019382477,-0.30242112278938293,0.5052938461303711,0.33048951625823975,-0.2863585650920868,0.5087335705757141,0.33049440383911133,-0.28635889291763306,0.5117748379707336,0.3306366503238678,-0.2863349914550781,0.4938419461250305,0.33097708225250244,-0.28910523653030396,0.49014005064964294,0.3311706483364105,-0.2891213893890381,0.4866628050804138,0.3314165771007538,-0.289143443107605,0.5182093977928162,0.33591607213020325,-0.16179488599300385,0.48164933919906616,0.33683761954307556,-0.1765550673007965,0.5071282982826233,0.35678625106811523,-0.2530960440635681,0.4925680160522461,0.35622438788414,-0.25755175948143005,0.550349771976471,0.41788244247436523,-0.0586957223713398,0.45317453145980835,0.4109642803668976,-0.08878370374441147,0.5674707889556885,0.5217055678367615,0.012731844559311867,0.4342275559902191,0.5120077133178711,-0.053740013390779495,0.5861449837684631,0.6134904026985168,-0.0936913937330246,0.4303227365016937,0.5984981656074524,-0.1752198487520218,0.5881583094596863,0.6435050368309021,-0.12220770120620728,0.42931094765663147,0.6275280714035034,-0.21100875735282898,0.5842581987380981,0.6444575190544128,-0.1653556376695633,0.4340401589870453,0.6232976317405701,-0.24521687626838684,0.5817772746086121,0.6357071399688721,-0.11301557719707489,0.4364383816719055,0.6127681136131287,-0.19098377227783203,0.535638153553009,0.6133148074150085,0.007553343661129475,0.47830110788345337,0.6164995431900024,-0.0075818314217031,0.544781506061554,0.7668734192848206,-0.015266738831996918,0.4709562659263611,0.7676050662994385,-0.03540537506341934,0.5442808270454407,0.9039697051048279,0.153089702129364,0.46269163489341736,0.9064460396766663,0.11570797115564346,0.5386050343513489,0.9200215935707092,0.16089077293872833,0.4664081633090973,0.9209986329078674,0.12183517217636108,0.5472573041915894,0.9569098353385925,0.01922525092959404,0.4642389416694641,0.9575546383857727,-0.02568095363676548
14,draw_tick,a07_s04_e01,0.4994163513183594,0.3434520959854126,-0.3023337721824646,0.5052663087844849,0.33140984177589417,-0.2862491011619568,0.5087023973464966,0.33136987686157227,-0.28624188899993896,0.5117660164833069,0.33133241534233093,-0.2862119972705841,0.49380382895469666,0.3319609463214874,-0.2890388071537018,0.4900638461112976,0.3321419358253479,-0.28906357288360596,0.48660629987716675,0.3321949243545532,-0.2890812158584595,0.5182246565818787,0.3364793658256531,-0.16020986437797546,0.4816395342350006,0.3375207781791687,-0.17616944015026093,0.5071424245834351,0.3583765923976898,-0.25257977843284607,0.49257978796958923,0.35803458094596863,-0.25728553533554077,0.5503939390182495,0.41860419511795044,-0.0523003414273262,0.4531702995300293,0.41117721796035767,-0.08940662443637848,0.5677934288978577,0.5226364731788635,0.015049481764435768,0.4331893026828766,0.509326696395874,-0.0974409207701683,0.5861979722976685,0.6136836409568787,-0.0940629243850708,0.4351615309715271,0.5873337984085083,-0.2703635096549988,0.5881803631782532,0.6435320377349854,-0.12293127924203873,0.4372709393501282,0.6117269992828369,-0.31230443716049194,0.5842553377151489,0.644490122795105,-0.16534680128097534,0.44172972440719604,0.6030846238136292,-0.3384059965610504,0.5817728042602539,0.6357397437095642,-0.11308278888463974,0.44264382123947144,0.5945452451705933,-0.2835944890975952,0.5356873869895935,0.6139914989471436,0.010346685536205769,0.4791180193424225,0.6168509125709534,-0.010377484373748302,0.5447331666946411,0.7674967050552368,-0.008342479355633259,0.47097262740135193,0.767657458782196,-0.03758501634001732,0.5440168380737305,0.9044760465621948,0.15417161583900452,0.4626922011375427,0.9064638018608093,0.1093406230211258,0.5383653044700623,0.9204076528549194,0.16131632030010223,0.466461718082428,0.9213352203369141,0.11508679389953613,0.547395646572113,0.9569385647773743,0.018771080300211906,0.4641435146331787,0.9576271772384644,-0.034159593284130096
15,draw_tick,a07_s04_e01,0.4994131624698639,0.3459998369216919,-0.28906869888305664,0.5052425265312195,0.33301129937171936,-0.2731549143791199,0.5086727142333984,0.33287253975868225,-0.27314209938049316,0.5117608904838562,0.3326362669467926,-0.27310651540756226,0.4937604069709778,0.33371907472610474,-0.27480676770210266,0.49000996351242065,0.33386117219924927,-0.2748371362686157,0.4865798056125641,0.3337746858596802,-0.27485141158103943,0.5182543396949768,0.3375661075115204,-0.14806140959262848,0.4816366732120514,0.33909887075424194,-0.15970921516418457,0.5071802735328674,0.36080464720726013,-0.239829421043396,0.4926474988460541,0.3609129786491394,-0.2433028519153595,0.5506678223609924,0.42115333676338196,-0.041664473712444305,0.4532198905944824,0.4114200472831726,-0.08017478883266449,0.5683767795562744,0.5259293913841248,0.01659618876874447,0.4304628372192383,0.5067383646965027,-0.11689332872629166,0.5861884355545044,0.6138930916786194,-0.09510387480258942,0.439592182636261,0.5670989155769348,-0.3177335560321808,0.588147759437561,0.6436732411384583,-0.1245119720697403,0.44579505920410156,0.5879603624343872,-0.3633802533149719,0.5842157006263733,0.6445247530937195,-0.1658819317817688,0.45088618993759155,0.5766319036483765,-0.38360893726348877,0.5817163586616516,0.6357448697090149,-0.1136145368218422,0.44972434639930725,0.5682520270347595,-0.3293231129646301,0.5356754660606384,0.6152194738388062,0.01256810687482357,0.47930899262428284,0.6172845959663391,-0.012594563886523247,0.5447128415107727,0.7675390839576721,-0.0030389106832444668,0.4710211753845215,0.7676555514335632,-0.0385703407227993,0.5437875986099243,0.9045702815055847,0.15967299044132233,0.4627552032470703,0.9063988924026489,0.1082911491394043,0.5381886959075928,0.9204942584037781,0.16664591431617737,0.4665129780769348,0.9214670658111572,0.11426927894353867,0.5474846959114075,0.9569216370582581,0.02453324943780899,0.4640645980834961,0.9576278328895569,-0.034628886729478836
16,draw_tick,a07_s04_e01,0.49925702810287476,0.3472776412963867,-0.2871933579444885,0.5049884915351868,0.33390235900878906,-0.27101051807403564,0.5084619522094727,0.33369436860084534,-0.27098432183265686,0.5114985704421997,0.333340048789978,-0.27093759179115295,0.49354052543640137,0.33480304479599,-0.2726964056491852,0.4898267388343811,0.33497413992881775,-0.2727353870868683,0.4864791929721832,0.33484402298927307,-0.2727504372596741,0.5181516408920288,0.33816519379615784,-0.14590857923030853,0.48163336515426636,0.34022238850593567,-0.1578367054462433,0.5071344971656799,0.36170709133148193,-0.23811225593090057,0.49264630675315857,0.3620889484882355,-0.24167640507221222,0.5507091879844666,0.4236237406730652,-0.036755409091711044,0.4532328248023987,0.41219985485076904,-0.08237509429454803,0.568658173084259,0.5273888111114502,0.023697609081864357,0.4295521676540375,0.5052071809768677,-0.1515088677406311,0.5861861705780029,0.6140813827514648,-0.0869029313325882,0.44417500495910645,0.5414819121360779,-0.3789288103580475,0.5880854725837708,0.6437538862228394,-0.1152297854423523,0.45192933082580566,0.5603037476539612,-0.42759642004966736,0.5842043161392212,0.6445288062095642,-0.15399329364299774,0.457952082157135,0.5458044409751892,-0.44187086820602417,0.5817123651504517,0.6357452869415283,-0.10425779968500137,0.4559738039970398,0.5391374826431274,-0.3883243799209595,0.5351226329803467,0.6156947016716003,0.014265382662415504,0.4790017604827881,0.6174315810203552,-0.014332788996398449,0.5446381568908691,0.7675103545188904,-0.0007777763530611992,0.47102245688438416,0.7676685452461243,-0.03833555802702904,0.5434961318969727,0.9047524333000183,0.16449026763439178,0.4627809524536133,0.9063962697982788,0.10876693576574326,0.5377893447875977,0.9206727743148804,0.17163482308387756,0.4665975570678711,0.9216395616531372,0.11453098058700562,0.5475664734840393,0.9569142460823059,0.029638608917593956,0.46402493119239807,0.9576429724693298,-0.033140458166599274
17,draw_tick,a07_s04_e01,0.4992334246635437,0.3471120595932007,-0.2697535455226898,0.5048909187316895,0.33383482694625854,-0.25203579664230347,0.5083697438240051,0.33363404870033264,-0.2520124018192291,0.5113745927810669,0.333305686712265,-0.25197112560272217,0.4934816360473633,0.33479782938957214,-0.2552589178085327,0.4897439479827881,0.335025817155838,-0.25530165433883667,0.48643526434898376,0.33494946360588074,-0.2553066909313202,0.5179815888404846,0.3381505310535431,-0.12282510101795197,0.48162928223609924,0.3403293192386627,-0.14114448428153992,0.5071007609367371,0.36158931255340576,-0.21923565864562988,0.4926453232765198,0.3618587851524353,-0.22465217113494873,0.550683856010437,0.42362138628959656,-0.015942879021167755,0.45323142409324646,0.412737637758255,-0.07367537915706635,0.5686563849449158,0.5272298455238342,0.03327563777565956,0.4296213984489441,0.5058742165565491,-0.17153587937355042,0.5861274003982544,0.6148918271064758,-0.07802243530750275,0.44783085584640503,0.5098015666007996,-0.4204016625881195,0.5879884958267212,0.6441291570663452,-0.10559254884719849,0.4549534320831299,0.5111001133918762,-0.47238558530807495,0.5840095281600952,0.6449368596076965,-0.14227232336997986,0.45748990774154663,0.4967474341392517,-0.4825165867805481,0.5815019607543945,0.6361890435218811,-0.0945352166891098,0.4571252763271332,0.4955659806728363,-0.42895960807800293,0.5345617532730103,0.6150526404380798,0.01613849215209484,0.4784906804561615,0.6170132160186768,-0.016199234873056412,0.5444611310958862,0.7674790024757385,-0.002518976107239723,0.4709497094154358,0.767661988735199,-0.04013102129101753,0.5432192087173462,0.9050439596176147,0.16861554980278015,0.46278589963912964,0.9057034254074097,0.11204860359430313,0.5373572111129761,0.9208953976631165,0.1764986664056778,0.46657246351242065,0.9209988117218018,0.11912548542022705,0.5477271676063538,0.9569253325462341,0.03206486254930496,0.4640215039253235,0.9576324224472046,-0.032978106290102005
18,draw_tick,a07_s04_e01,0.49879613518714905,0.3470178246498108,-0.23133353888988495,0.5044707655906677,0.33379730582237244,-0.2134217470884323,0.5079994201660156,0.3336125612258911,-0.2134052813053131,0.5110677480697632,0.3332776129245758,-0.21337060630321503,0.4931407570838928,0.33475029468536377,-0.2156997174024582,0.48946017026901245,0.3349984586238861,-0.21573147177696228,0.48627224564552307,0.33495017886161804,-0.215724915266037,0.517671525478363,0.33809682726860046,-0.08571228384971619,0.4816257059574127,0.34033870697021484,-0.09963137656450272,0.5068894624710083,0.36153218150138855,-0.18142685294151306,0.4925300180912018,0.36177244782447815,-0.18558798730373383,0.5506272912025452,0.42346906661987305,0.01243830006569624,0.4539521336555481,0.41209086775779724,-0.035135649144649506,0.5686097145080566,0.5268335938453674,0.04866688698530197,0.4295453131198883,0.5005230903625488,-0.15457656979560852,0.5858958959579468,0.6148555874824524,-0.05632761865854263,0.45124587416648865,0.48123928904533386,-0.40418705344200134,0.5877703428268433,0.6441217064857483,-0.08326406031847,0.4598500728607178,0.47921040654182434,-0.45565542578697205,0.583714485168457,0.6449350714683533,-0.11701204627752304,0.46420758962631226,0.46709564328193665,-0.4606822431087494,0.5812411904335022,0.6361796259880066,-0.07133083790540695,0.4634549021720886,0.46704116463661194,-0.41097182035446167,0.5342153310775757,0.6137819290161133,0.017122939229011536,0.47828587889671326,0.615653932094574,-0.01716534234583378,0.5443719625473022,0.7674013376235962,-0.003637437941506505,0.470941960811615,0.7673064470291138,-0.04253096133470535,0.5429559946060181,0.9053981304168701,0.17119385302066803,0.46279922127723694,0.9055290818214417,0.11295060068368912,0.5370981097221375,0.9210419058799744,0.1792440265417099,0.4665612578392029,0.9209387302398682,0.12056062370538712,0.5477457046508789,0.9569518566131592,0.03287004679441452,0.4639586806297302,0.9576001763343811,-0.0322364941239357
19,draw_tick,a07_s04_e01,0.4975314140319824,0.3469585180282593,-0.21843039989471436,0.5035039186477661,0.33375194668769836,-0.19970539212226868,0.5070830583572388,0.333569198846817,-0.1996806561946869,0.5103397369384766,0.3332436978816986,-0.19963139295578003,0.49229001998901367,0.3347085118293762,-0.20148158073425293,0.4887230396270752,0.33495861291885376,-0.20151038467884064,0.48563018441200256,0.33492550253868103,-0.20150437951087952,0.5171000957489014,0.3380831778049469,-0.0720246285200119,0.4814833700656891,0.34033381938934326,-0.0839216411113739,0.5060650110244751,0.36150285601615906,-0.16931065917015076,0.4917261600494385,0.36173346638679504,-0.17287392914295197,0.5505577325820923,0.42334046959877014,0.022935831919312477,0.45433253049850464,0.4118248224258423,-0.027908483520150185,0.5683978796005249,0.5267614722251892,0.056729756295681,0.42917901277542114,0.4901643395423889,-0.16618558764457703,0.5858032703399658,0.6150192618370056,-0.03396125137805939,0.4562229514122009,0.45362532138824463,-0.4047451913356781,0.587673544883728,0.6442098021507263,-0.05705323815345764,0.46548837423324585,0.4446774125099182,-0.4553077220916748,0.5836306810379028,0.64508455991745,-0.08937199413776398,0.46909254789352417,0.43576619029045105,-0.4530869126319885,0.5811299085617065,0.6363022923469543,-0.0482100248336792,0.4689386487007141,0.43808844685554504,-0.4091348648071289,0.5338352918624878,0.6135158538818359,0.018996719270944595,0.47805047035217285,0.6156007647514343,-0.019062288105487823,0.54423987865448,0.7672487497329712,0.0007766722701489925,0.47089987993240356,0.7669300436973572,-0.04215514287352562,0.54283207654953,0.9053928256034851,0.1807033270597458,0.4627821445465088,0.9051153659820557,0.11644101142883301,0.5368601083755493,0.9210258722305298,0.1890908181667328,0.46642082929611206,0.9202926754951477,0.12486456334590912,0.5478642582893372,0.9568182229995728,0.04351627826690674,0.4639543890953064,0.957561194896698,-0.026769330725073814
20,draw_tick,a07_s04_e01,0.49645671248435974,0.34686800837516785,-0.19733990728855133,0.5028346180915833,0.3337136209011078,-0.17763081192970276,0.5065237283706665,0.33353716135025024,-0.17760103940963745,0.5098580121994019,0.3332177996635437,-0.17754043638706207,0.49151134490966797,0.3346806466579437,-0.17898067831993103,0.48790788650512695,0.33492550253868103,-0.1790040135383606,0.4847256541252136,0.33490225672721863,-0.1789766401052475,0.5165761709213257,0.3380773365497589,-0.049615733325481415,0.4810793995857239,0.3403640389442444,-0.05995578691363335,0.5051459670066833,0.36142194271087646,-0.14871539175510406,0.4906701147556305,0.3616771101951599,-0.15180572867393494,0.5501190423965454,0.42325517535209656,0.04034996032714844,0.4554505944252014,0.41182053089141846,-0.013972708955407143,0.5682737231254578,0.5266587734222412,0.06275977194309235,0.429028183221817,0.48036643862724304,-0.16512349247932434,0.5857068300247192,0.615565299987793,-0.031327225267887115,0.45263320207595825,0.44322046637535095,-0.4164343476295471,0.5875794291496277,0.6444981694221497,-0.05491839721798897,0.45938506722450256,0.4302290678024292,-0.4711398184299469,0.5833531618118286,0.6453654170036316,-0.08794095367193222,0.46536341309547424,0.42301931977272034,-0.4668383002281189,0.5807399749755859,0.6366445422172546,-0.046139661222696304,0.46677523851394653,0.4267500936985016,-0.421135812997818,0.5337798595428467,0.6136390566825867,0.019472064450383186,0.47798022627830505,0.6159523129463196,-0.019548993557691574,0.5441240072250366,0.7672487497329712,0.004429823253303766,0.4708041548728943,0.7669552564620972,-0.04197607561945915,0.5428033471107483,0.9052972793579102,0.19421875476837158,0.46276044845581055,0.9050964117050171,0.12242776155471802,0.5368391275405884,0.920891523361206,0.20399662852287292,0.4664151668548584,0.920236349105835,0.1313711553812027,0.5478731393814087,0.9566882848739624,0.06178966909646988,0.4639112055301666,0.9575755000114441,-0.017975013703107834
21,draw_tick,a07_s04_e01,0.4960329532623291,0.34678003191947937,-0.2047974318265915,0.5024639964103699,0.33369866013526917,-0.18419671058654785,0.5062236785888672,0.3335103988647461,-0.18416805565357208,0.509546160697937,0.33320823311805725,-0.18411245942115784,0.4910982549190521,0.33469879627227783,-0.18502995371818542,0.4875062108039856,0.3349238634109497,-0.18505999445915222,0.48427891731262207,0.3349127173423767,-0.1850411742925644,0.5162290334701538,0.33807069063186646,-0.053857434540987015,0.4808042049407959,0.34056249260902405,-0.06142333894968033,0.5047789812088013,0.3613702952861786,-0.1557343304157257,0.49001550674438477,0.36154845356941223,-0.158114492893219,0.5501112937927246,0.42348459362983704,0.03425420820713043,0.4570501744747162,0.4120338559150696,-0.01777123287320137,0.5681744813919067,0.5277310609817505,0.05766189843416214,0.4291260242462158,0.47311145067214966,-0.1841174215078354,0.5854811668395996,0.6167992353439331,-0.023234965279698372,0.4549897313117981,0.425983726978302,-0.4370536208152771,0.5873070359230042,0.6451820135116577,-0.044387198984622955,0.4607302248477936,0.4106511175632477,-0.4925813674926758,0.5829493999481201,0.64605313539505,-0.07662595808506012,0.4684669077396393,0.40802061557769775,-0.4871285855770111,0.5802850723266602,0.6374168395996094,-0.03729255869984627,0.4702189564704895,0.4129940867424011,-0.44198518991470337,0.5336803197860718,0.613999605178833,0.019619658589363098,0.4778416156768799,0.6163695454597473,-0.019706452265381813,0.543992280960083,0.767246663570404,0.0061225383542478085,0.47067350149154663,0.7670232653617859,-0.041784487664699554,0.5427761077880859,0.9051281213760376,0.19966110587120056,0.46274834871292114,0.9050498604774475,0.1282252073287964,0.5368321537971497,0.920819103717804,0.20961253345012665,0.4664197862148285,0.9201295375823975,0.13740937411785126,0.5478788614273071,0.9564610719680786,0.06478279083967209,0.4638647139072418,0.9575788378715515,-0.012443462386727333
22,draw_tick,a07_s04_e01,0.49579501152038574,0.34655895829200745,-0.20414772629737854,0.5022741556167603,0.3334852159023285,-0.18348155915737152,0.5059939026832581,0.3332837224006653,-0.18344685435295105,0.5093687772750854,0.3330254852771759,-0.1833910197019577,0.49094653129577637,0.3345784544944763,-0.1852666437625885,0.48736342787742615,0.3348200023174286,-0.18530303239822388,0.4841386377811432,0.33484944701194763,-0.1852974146604538,0.5159397125244141,0.33796992897987366,-0.05090944841504097,0.4806421399116516,0.34065327048301697,-0.06307750195264816,0.5046613216400146,0.3611166179180145,-0.15390193462371826,0.48981088399887085,0.36133480072021484,-0.1576004922389984,0.5501083135604858,0.4235599935054779,0.0419684574007988,0.45737385749816895,0.41165128350257874,-0.03181442990899086,0.5677239298820496,0.5276916027069092,0.0645233765244484,0.4309723973274231,0.4636980891227722,-0.2320469617843628,0.5849863290786743,0.6168376207351685,-0.011053023859858513,0.4553747773170471,0.4181722402572632,-0.5030849575996399,0.5867525935173035,0.6452667713165283,-0.027685467153787613,0.4608592092990875,0.40888991951942444,-0.5610636472702026,0.5826023817062378,0.6460801959037781,-0.0615791454911232,0.46915435791015625,0.404401570558548,-0.5545986890792847,0.5799362063407898,0.6374289393424988,-0.025417795404791832,0.4707798957824707,0.4077078700065613,-0.5082830190658569,0.5337766408920288,0.6142122745513916,0.02203698456287384,0.4778869152069092,0.6168982982635498,-0.02212209440767765,0.5439256429672241,0.767042875289917,0.007733413018286228,0.4706546366214752,0.7669933438301086,-0.04380877688527107,0.5428100228309631,0.9043882489204407,0.19966933131217957,0.46274781227111816,0.9047439694404602,0.12612274289131165,0.5368605256080627,0.9204879999160767,0.209573894739151,0.46641263365745544,0.9193888902664185,0.1347734034061432,0.5479230284690857,0.956190824508667,0.06577931344509125,0.46397581696510315,0.9576117396354675,-0.014706906862556934
23,draw_tick,a07_s04_e01,0.495902955532074,0.3467383086681366,-0.19889657199382782,0.5023184418678284,0.333560049533844,-0.17812059819698334,0.5060395002365112,0.3333587944507599,-0.17808526754379272,0.5093721151351929,0.333106130361557,-0.1780277043581009,0.4910708963871002,0.33470281958580017,-0.18016605079174042,0.48754826188087463,0.3349398076534271,-0.18020030856132507,0.48435887694358826,0.33496731519699097,-0.18019771575927734,0.5159398317337036,0.33810490369796753,-0.04496543109416962,0.4806686043739319,0.3413706421852112,-0.05829915404319763,0.5047973394393921,0.361188679933548,-0.14835447072982788,0.4899349808692932,0.36158573627471924,-0.15238741040229797,0.5501152276992798,0.42459163069725037,0.048264168202877045,0.4582870900630951,0.41101136803627014,-0.03460394963622093,0.5669779777526855,0.5291720032691956,0.06853139400482178,0.43324604630470276,0.45980304479599,-0.23352542519569397,0.5840901732444763,0.617677628993988,-0.005866215098649263,0.4588898718357086,0.4170232117176056,-0.4959902763366699,0.585718035697937,0.6455859541893005,-0.022511418908834457,0.465461403131485,0.4053173065185547,-0.5532181262969971,0.5819236040115356,0.6462374329566956,-0.056329526007175446,0.4722162187099457,0.40011611580848694,-0.5467315912246704,0.5793377757072449,0.637560248374939,-0.020392417907714844,0.47429728507995605,0.40306371450424194,-0.5010263919830322,0.5337809920310974,0.6144139170646667,0.023867378011345863,0.4778825640678406,0.617134153842926,-0.023950107395648956,0.5438107252120972,0.7666096091270447,0.008101027458906174,0.4705963730812073,0.7667033076286316,-0.047215960919857025,0.5428684949874878,0.9034919738769531,0.19706599414348602,0.4627377390861511,0.9044272303581238,0.12071462720632553,0.5369218587875366,0.9199836254119873,0.20670127868652344,0.46636611223220825,0.9189404249191284,0.12954038381576538,0.5479317903518677,0.955729603767395,0.06286336481571198,0.4639948308467865,0.9576517939567566,-0.022595003247261047
24,draw_tick,a07_s04_e01,0.49593687057495117,0.3466920554637909,-0.1981889307498932,0.502332329750061,0.33346185088157654,-0.17723587155342102,0.5060475468635559,0.3332514762878418,-0.17720988392829895,0.5093744993209839,0.33300378918647766,-0.1771545112133026,0.4910803437232971,0.33465686440467834,-0.1797013133764267,0.4875541627407074,0.33490699529647827,-0.1797337532043457,0.4843655526638031,0.3349439203739166,-0.17972257733345032,0.5159444212913513,0.33805182576179504,-0.04281707853078842,0.4806707799434662,0.3413972556591034,-0.05815456435084343,0.5048079490661621,0.36115995049476624,-0.14712406694889069,0.48996177315711975,0.3615119159221649,-0.15169528126716614,0.5500468015670776,0.4247704744338989,0.05018588900566101,0.4585943818092346,0.4102990925312042,-0.026931574568152428,0.5653706789016724,0.5302078723907471,0.07090182602405548,0.4340313971042633,0.4653237462043762,-0.2086007297039032,0.582923948764801,0.6176644563674927,-0.013805141672492027,0.4575227200984955,0.42396461963653564,-0.47337502241134644,0.5849525332450867,0.6454759240150452,-0.03359631076455116,0.46323361992836,0.41106006503105164,-0.530256450176239,0.581318736076355,0.6460484862327576,-0.06799741834402084,0.4698629379272461,0.40587034821510315,-0.5271891355514526,0.5786144733428955,0.6374042630195618,-0.028811465948820114,0.47171491384506226,0.4099630117416382,-0.47938188910484314,0.5337647795677185,0.6144363880157471,0.024495476856827736,0.47787532210350037,0.6171440482139587,-0.024571280926465988,0.5437098741531372,0.766257107257843,0.00842802319675684,0.4705672264099121,0.7666693329811096,-0.04837707430124283,0.542974591255188,0.9030328392982483,0.2005620002746582,0.462740033864975,0.904418408870697,0.12062887847423553,0.5370491147041321,0.9196037650108337,0.21039223670959473,0.4663827419281006,0.9189199209213257,0.1293489933013916,0.5479472875595093,0.9554418921470642,0.06575359404087067,0.46402591466903687,0.9577722549438477,-0.02378447912633419
25,draw_tick,a07_s04_e01,0.496969610452652,0.34509649872779846,-0.18749257922172546,0.5029877424240112,0.33239611983299255,-0.1664545238018036,0.5066766142845154,0.3320401906967163,-0.16643334925174713,0.5098823308944702,0.3318284749984741,-0.16637933254241943,0.49160927534103394,0.3339761197566986,-0.1696816384792328,0.4880193769931793,0.3344157338142395,-0.16971226036548615,0.48474645614624023,0.33462390303611755,-0.16969774663448334,0.5162989497184753,0.3372442424297333,-0.03376368060708046,0.48082464933395386,0.3413064181804657,-0.052387528121471405,0.5054442882537842,0.3593626916408539,-0.13704058527946472,0.49104422330856323,0.3597707748413086,-0.14253319799900055,0.5496997237205505,0.4247274100780487,0.057782478630542755,0.459418922662735,0.4102877080440521,-0.020764032378792763,0.5635579228401184,0.5300489068031311,0.07562316954135895,0.43471693992614746,0.46936309337615967,-0.19498106837272644,0.5817095041275024,0.6176390051841736,-0.019466182217001915,0.4564270079135895,0.4311194121837616,-0.45993509888648987,0.5839186310768127,0.645376443862915,-0.04081837832927704,0.4611647129058838,0.41883066296577454,-0.5164696574211121,0.580691397190094,0.645892322063446,-0.0753629207611084,0.46953344345092773,0.4106818735599518,-0.5152156352996826,0.5779799222946167,0.6372281908988953,-0.0348329022526741,0.4708307683467865,0.4152364134788513,-0.46628761291503906,0.5337343215942383,0.6145082712173462,0.024717655032873154,0.47788745164871216,0.6171859502792358,-0.02479119598865509,0.5436573028564453,0.7660030126571655,0.0077140009962022305,0.4705390930175781,0.7666501402854919,-0.048078808933496475,0.5430580377578735,0.9027006030082703,0.20039324462413788,0.46273961663246155,0.9044189453125,0.12054826319217682,0.5371276140213013,0.9192292094230652,0.21041087806224823,0.46638789772987366,0.9189130663871765,0.12926259636878967,0.5480044484138489,0.9553468823432922,0.06735853105783463,0.4640684723854065,0.9579641819000244,-0.023531991988420486
26,draw_tick,a07_s04_e01,0.4985104203224182,0.3450942635536194,-0.18542441725730896,0.5038655400276184,0.3323952555656433,-0.16533364355564117,0.5073980093002319,0.3320344388484955,-0.16532272100448608,0.5106228590011597,0.33180302381515503,-0.16527491807937622,0.49263596534729004,0.3339841067790985,-0.16877296566963196,0.4891110062599182,0.3344290852546692,-0.16880033910274506,0.48581385612487793,0.3346605598926544,-0.16879242658615112,0.5170286893844604,0.337205708026886,-0.034603580832481384,0.48159605264663696,0.3413335084915161,-0.05417077988386154,0.5065711736679077,0.35939115285873413,-0.1352788805961609,0.49298447370529175,0.35988155007362366,-0.1409883201122284,0.5496176481246948,0.42533501982688904,0.05968163162469864,0.4597920775413513,0.4097275137901306,-0.01682644709944725,0.562202513217926,0.5302808284759521,0.081937275826931,0.43571987748146057,0.4697074294090271,-0.175734743475914,0.5800735950469971,0.6175271272659302,-0.018417607992887497,0.4557766318321228,0.4407842755317688,-0.44984954595565796,0.5828540325164795,0.6452482342720032,-0.04133821651339531,0.46029263734817505,0.4277607798576355,-0.5081628561019897,0.5801007151603699,0.6457014679908752,-0.0753159373998642,0.4694019854068756,0.4183325171470642,-0.4969291090965271,0.5773183107376099,0.6370295882225037,-0.03384389728307724,0.47035425901412964,0.4224936068058014,-0.4506051540374756,0.5336912274360657,0.6146425604820251,0.02553144469857216,0.47794634103775024,0.617180585861206,-0.025588754564523697,0.543556809425354,0.766001284122467,0.007439517881721258,0.47052082419395447,0.7665846347808838,-0.04857703298330307,0.5431119203567505,0.9027576446533203,0.19771356880664825,0.4627215266227722,0.9044731855392456,0.11585582792758942,0.5371333360671997,0.9193155765533447,0.20759400725364685,0.4662310481071472,0.9189462661743164,0.12449284642934799,0.5483940839767456,0.9553470611572266,0.06336749345064163,0.46422475576400757,0.9582870006561279,-0.026834795251488686
27,draw_tick,a07_s04_e01,0.5019397735595703,0.34444552659988403,-0.2097969949245453,0.5061430931091309,0.33201056718826294,-0.19008991122245789,0.5091109275817871,0.3316660225391388,-0.19010281562805176,0.5126644968986511,0.33146610856056213,-0.19007709622383118,0.49537238478660583,0.33362823724746704,-0.1961270123720169,0.4915059208869934,0.33417513966560364,-0.19615226984024048,0.4877499043941498,0.33452269434928894,-0.1961512267589569,0.5179887413978577,0.3371262550354004,-0.05742471665143967,0.4829373359680176,0.34127989411354065,-0.08835010975599289,0.5087226033210754,0.35914698243141174,-0.1582334041595459,0.49591436982154846,0.3596021831035614,-0.16773022711277008,0.5495113730430603,0.42587998509407043,0.037075527012348175,0.45961427688598633,0.40858694911003113,-0.018922733142971992,0.5614475011825562,0.5314244627952576,0.07292158901691437,0.43564003705978394,0.48868438601493835,-0.16037428379058838,0.578814685344696,0.6174190044403076,-0.0467066690325737,0.45212310552597046,0.4698348641395569,-0.42661744356155396,0.5817691683769226,0.6452397704124451,-0.07458190619945526,0.45601168274879456,0.46207913756370544,-0.480464369058609,0.579494059085846,0.6456719040870667,-0.11039390414953232,0.46033865213394165,0.44834867119789124,-0.48605960607528687,0.5766972303390503,0.6368798613548279,-0.06302260607481003,0.46096473932266235,0.4517305791378021,-0.43312177062034607,0.5336248874664307,0.6141116619110107,0.02487769164144993,0.47813111543655396,0.6159063577651978,-0.02491184137761593,0.5434507727622986,0.7658423781394958,0.007324969861656427,0.47051873803138733,0.7661421298980713,-0.04658906161785126,0.5431478023529053,0.9027329087257385,0.19059228897094727,0.46271753311157227,0.9044081568717957,0.11596056073904037,0.5371199250221252,0.9193027019500732,0.19924841821193695,0.46619266271591187,0.9187995195388794,0.12456107139587402,0.5487791895866394,0.9553423523902893,0.05529284477233887,0.4644312262535095,0.9585488438606262,-0.02686322294175625
28,draw_tick,a07_s04_e01,0.5049126148223877,0.3436380922794342,-0.24876339733600616,0.5083219408988953,0.33152055740356445,-0.2288063019514084,0.5113691687583923,0.3312146067619324,-0.22880181670188904,0.5149765014648438,0.3310765027999878,-0.2287629395723343,0.49807319045066833,0.3329297602176666,-0.23505361378192902,0.4940524995326996,0.33353012800216675,-0.23508460819721222,0.4899689555168152,0.3339739143848419,-0.23510725796222687,0.519107460975647,0.33700743317604065,-0.09357809275388718,0.4844110608100891,0.34080493450164795,-0.1270289272069931,0.5107904076576233,0.3585982322692871,-0.1965726763010025,0.4983842372894287,0.35904011130332947,-0.20644867420196533,0.5492234826087952,0.4268210828304291,0.015045568346977234,0.4587565064430237,0.40840163826942444,-0.06618089228868484,0.5609296560287476,0.5337181091308594,0.06940676271915436,0.4343085289001465,0.4948297441005707,-0.16331973671913147,0.5782641768455505,0.618054211139679,-0.048443716019392014,0.4458167552947998,0.5152220129966736,-0.41430068016052246,0.5814470648765564,0.6456267833709717,-0.07610328495502472,0.4506060481071472,0.5306015610694885,-0.4663228392601013,0.579414963722229,0.6457863450050354,-0.1159876212477684,0.45433562994003296,0.516566276550293,-0.4858551621437073,0.5766376256942749,0.6369146108627319,-0.06652399897575378,0.4540211260318756,0.5122794508934021,-0.4244655668735504,0.5336476564407349,0.6147674322128296,0.025696691125631332,0.47851404547691345,0.6159644722938538,-0.02573338709771633,0.5434426069259644,0.7660101652145386,0.007646908052265644,0.4705449044704437,0.766381025314331,-0.04783228784799576,0.5431466698646545,0.9028225541114807,0.18575602769851685,0.4626729488372803,0.904438853263855,0.10809601843357086,0.536845862865448,0.9195241332054138,0.1936977207660675,0.46602916717529297,0.9188088178634644,0.11550955474376678,0.5496734976768494,0.9553821682929993,0.054048068821430206,0.46463900804519653,0.9593003988265991,-0.03562447428703308
29,draw_tick,a07_s04_e01,0.5077253580093384,0.3428950011730194,-0.2728857100009918,0.5107799768447876,0.331042617559433,-0.25380855798721313,0.514125645160675,0.33084672689437866,-0.2537902295589447,0.5172464847564697,0.3308204114437103,-0.2537469267845154,0.5010248422622681,0.33212679624557495,-0.25961726903915405,0.49683767557144165,0.3326457142829895,-0.2596471309661865,0.4926576018333435,0.3331358730792999,-0.2596774101257324,0.5207427144050598,0.3369935154914856,-0.12321462482213974,0.48621606826782227,0.340104877948761,-0.15494900941848755,0.5136057138442993,0.358172744512558,-0.2225523442029953,0.5016676187515259,0.35848599672317505,-0.23179075121879578,0.5492005944252014,0.4275534451007843,-0.014953650534152985,0.458700954914093,0.40801122784614563,-0.08606463670730591,0.5609580874443054,0.5344180464744568,0.052979689091444016,0.42790037393569946,0.49548426270484924,-0.13004174828529358,0.5780323147773743,0.6181070804595947,-0.0630677118897438,0.44093841314315796,0.5504592061042786,-0.30440041422843933,0.581177830696106,0.6458824276924133,-0.09101132303476334,0.4462175965309143,0.5731937885284424,-0.3464030623435974,0.5792205929756165,0.6459017992019653,-0.13264989852905273,0.451969712972641,0.5649946331977844,-0.3643374741077423,0.5765311121940613,0.6369137167930603,-0.08205436170101166,0.45160984992980957,0.5564492344856262,-0.3138085901737213,0.5337298512458801,0.6155417561531067,0.025731954723596573,0.479353666305542,0.615985095500946,-0.025772932916879654,0.543440580368042,0.7660807371139526,0.008160825818777084,0.4706597328186035,0.7664651274681091,-0.05015469342470169,0.5431469678878784,0.9029777646064758,0.17006419599056244,0.46267199516296387,0.9046056866645813,0.09174516052007675,0.5366335511207581,0.9197639226913452,0.17661362886428833,0.4659489691257477,0.9189673662185669,0.09763194620609283,0.5501627326011658,0.9555038213729858,0.041690945625305176,0.4650533199310303,0.9597883820533752,-0.04998454079031944
30,draw_tick,a07_s04_e01,0.5103269815444946,0.3424975574016571,-0.2745692729949951,0.5132550597190857,0.33082324266433716,-0.2552037835121155,0.5164213180541992,0.33069029450416565,-0.2551897466182709,0.5190601944923401,0.3307044804096222,-0.25514906644821167,0.5035732984542847,0.33182868361473083,-0.26253923773765564,0.499254047870636,0.3323524594306946,-0.26256412267684937,0.4948292672634125,0.3328980803489685,-0.26259592175483704,0.5221168994903564,0.33698663115501404,-0.12224455922842026,0.4874362051486969,0.34000736474990845,-0.16067995131015778,0.5162469744682312,0.35798966884613037,-0.22297969460487366,0.5048111081123352,0.3582862615585327,-0.23406100273132324,0.5491433143615723,0.4274846613407135,-0.011629425920546055,0.4583830237388611,0.40765708684921265,-0.09078829735517502,0.5603886842727661,0.5341392159461975,0.05770653486251831,0.41990846395492554,0.49679407477378845,-0.10936633497476578,0.5771042704582214,0.6179084777832031,-0.05640653893351555,0.4404934048652649,0.5690262317657471,-0.24792103469371796,0.5805832743644714,0.6456161141395569,-0.08289876580238342,0.44498521089553833,0.5912699103355408,-0.2854086756706238,0.5786157250404358,0.6455250978469849,-0.12376396358013153,0.45145121216773987,0.5819355249404907,-0.30461233854293823,0.575896143913269,0.6363134980201721,-0.07459764182567596,0.45114317536354065,0.573731005191803,-0.25701385736465454,0.5343965291976929,0.6163555383682251,0.02706914022564888,0.48036545515060425,0.6165536642074585,-0.027080213651061058,0.5434833765029907,0.7662271857261658,0.012041760608553886,0.47105956077575684,0.7664645910263062,-0.0501490943133831,0.543199896812439,0.9029805064201355,0.171370267868042,0.4626539647579193,0.9045788645744324,0.09224074333906174,0.5365128517150879,0.9197721481323242,0.1783289611339569,0.46569520235061646,0.918913722038269,0.09842081367969513,0.5510739088058472,0.9555148482322693,0.043491773307323456,0.4655125141143799,0.9600305557250977,-0.04753989726305008
31,draw_tick,a07_s04_e01,0.5112685561180115,0.3420562744140625,-0.28283578157424927,0.5143163800239563,0.3304547369480133,-0.2633982300758362,0.5174286961555481,0.33037319779396057,-0.26338398456573486,0.519924521446228,0.3304281234741211,-0.26334482431411743,0.5045738816261292,0.3314343988895416,-0.27143940329551697,0.5001935362815857,0.33197739720344543,-0.27146443724632263,0.49571824073791504,0.3325972557067871,-0.27150052785873413,0.5229173898696899,0.33689072728157043,-0.12786249816417694,0.4880104064941406,0.3398272693157196,-0.16858918964862823,0.5172609090805054,0.357661634683609,-0.22982943058013916,0.5058618783950806,0.3579767048358917,-0.24163921177387238,0.5491439700126648,0.4273945689201355,-0.012992577627301216,0.458191454410553,0.4070426821708679,-0.09251807630062103,0.5600379705429077,0.5340980887413025,0.06591805070638657,0.41588735580444336,0.49562323093414307,-0.08336182683706284,0.5765030384063721,0.6177860498428345,-0.05178122594952583,0.440795361995697,0.5682404041290283,-0.19418111443519592,0.5799626111984253,0.645603358745575,-0.08265843987464905,0.4446339011192322,0.590153157711029,-0.2281019687652588,0.5777654051780701,0.6454962491989136,-0.11886914819478989,0.45122194290161133,0.5827403664588928,-0.2511475682258606,0.5751377940177917,0.6361724734306335,-0.07433178275823593,0.45109835267066956,0.5745519995689392,-0.2040816992521286,0.5347811579704285,0.616535484790802,0.026988768950104713,0.48103585839271545,0.6166142225265503,-0.026992926374077797,0.5434985756874084,0.7664259076118469,0.01127268560230732,0.4711630344390869,0.7665032148361206,-0.04982363060116768,0.5431990027427673,0.9033692479133606,0.172305628657341,0.4626480042934418,0.9045534729957581,0.09665661305189133,0.5363986492156982,0.9202132821083069,0.17956456542015076,0.46547460556030273,0.9188598394393921,0.10326428711414337,0.5512366890907288,0.9558157324790955,0.04302818328142166,0.46582937240600586,0.9601689577102661,-0.04428568482398987
32,draw_tick,a07_s04_e01,0.511650562286377,0.34173089265823364,-0.29271990060806274,0.5146042108535767,0.33016905188560486,-0.2732822597026825,0.5177009701728821,0.33013010025024414,-0.27326449751853943,0.5201498866081238,0.3302195370197296,-0.27322423458099365,0.5048865079879761,0.3310840427875519,-0.281122624874115,0.5005281567573547,0.33162644505500793,-0.2811504304409027,0.496052086353302,0.3322938084602356,-0.28119000792503357,0.5230659246444702,0.3367578387260437,-0.13675890862941742,0.488248348236084,0.3395645320415497,-0.17646664381027222,0.5176421999931335,0.35740625858306885,-0.23923471570014954,0.5062964558601379,0.35770782828330994,-0.2507851719856262,0.5492135286331177,0.4272635579109192,-0.020048532634973526,0.4578250050544739,0.40625858306884766,-0.09438134729862213,0.5600858330726624,0.5337945818901062,0.06648048758506775,0.41243210434913635,0.49250662326812744,-0.07306255400180817,0.5761542916297913,0.6174318790435791,-0.049462027847766876,0.44031062722206116,0.5623083710670471,-0.17574447393417358,0.5793498754501343,0.645435094833374,-0.08186115324497223,0.44420289993286133,0.5851714015007019,-0.20819099247455597,0.5769304633140564,0.6451964974403381,-0.1163865178823471,0.450946569442749,0.5778452754020691,-0.2310827672481537,0.5743932723999023,0.6356285810470581,-0.07376337796449661,0.45072394609451294,0.5694695115089417,-0.18527166545391083,0.5350891351699829,0.6164631247520447,0.026839470490813255,0.48132163286209106,0.6165596842765808,-0.026825692504644394,0.5435004830360413,0.7666799426078796,0.010455002076923847,0.4712139070034027,0.7666098475456238,-0.04978977516293526,0.5431050062179565,0.9040619134902954,0.17342719435691833,0.462658166885376,0.9046449661254883,0.09851926565170288,0.5362929105758667,0.920483410358429,0.18095363676548004,0.465475857257843,0.9190170764923096,0.10549478232860565,0.5511825084686279,0.9564696550369263,0.04235467687249184,0.46584171056747437,0.9603325128555298,-0.04237085208296776
33,draw_tick,a07_s04_e01,0.5110894441604614,0.34130194783210754,-0.2883061170578003,0.5141298770904541,0.3297262191772461,-0.26922574639320374,0.5172920227050781,0.329709529876709,-0.2692004442214966,0.5198677778244019,0.32984116673469543,-0.26915445923805237,0.5043110251426697,0.33048751950263977,-0.27649879455566406,0.49999770522117615,0.33098962903022766,-0.2765338718891144,0.4956136643886566,0.3316826820373535,-0.27657395601272583,0.5229150056838989,0.33641499280929565,-0.13456431031227112,0.48806339502334595,0.3388829529285431,-0.17211857438087463,0.5171864032745361,0.35706761479377747,-0.2356065809726715,0.505542516708374,0.3573167622089386,-0.24649472534656525,0.5492500066757202,0.4271946847438812,-0.018610596656799316,0.4572887420654297,0.40601930022239685,-0.09431423246860504,0.560171902179718,0.5336541533470154,0.06605051457881927,0.40849819779396057,0.48719921708106995,-0.08823550492525101,0.5757551193237305,0.6171725392341614,-0.04874562472105026,0.4392068386077881,0.5572735667228699,-0.20777921378612518,0.5785940289497375,0.6453970670700073,-0.07875793427228928,0.44409841299057007,0.5793183445930481,-0.24239175021648407,0.5759667158126831,0.6450865268707275,-0.11689065396785736,0.45078539848327637,0.5716267824172974,-0.2617729604244232,0.5735889673233032,0.6353835463523865,-0.07069066166877747,0.4501606822013855,0.5634374022483826,-0.21626336872577667,0.535311758518219,0.6164568066596985,0.02703562006354332,0.4815424084663391,0.6165456771850586,-0.027030009776353836,0.5435343980789185,0.7673572301864624,0.010670701041817665,0.4712767004966736,0.7666587829589844,-0.049613308161497116,0.5430952310562134,0.9046919345855713,0.1740514487028122,0.46265465021133423,0.904701828956604,0.09994176030158997,0.5363004207611084,0.9208252429962158,0.18150898814201355,0.46536269783973694,0.919159471988678,0.10695807635784149,0.5511620044708252,0.9569490551948547,0.043519794940948486,0.4659028947353363,0.9603351354598999,-0.041446905583143234
34,draw_tick,a07_s04_e01,0.5105711221694946,0.3409760892391205,-0.2955237925052643,0.5138039588928223,0.3293149173259735,-0.2770983874797821,0.5169921517372131,0.3292591869831085,-0.2770567536354065,0.5195838212966919,0.3293863832950592,-0.2770036458969116,0.5038681626319885,0.3301190435886383,-0.2841612696647644,0.4996076226234436,0.33067387342453003,-0.28420668840408325,0.49533647298812866,0.3314070999622345,-0.2842509150505066,0.5228680968284607,0.3360174596309662,-0.1443953961133957,0.4880034923553467,0.33867692947387695,-0.18120446801185608,0.5167804956436157,0.3568090796470642,-0.24347631633281708,0.5049556493759155,0.35717740654945374,-0.2541714012622833,0.5494738817214966,0.4269796907901764,-0.028073957189917564,0.456876665353775,0.40541043877601624,-0.10362397134304047,0.5602362751960754,0.5335139036178589,0.06072784587740898,0.4035923480987549,0.47910943627357483,-0.09647687524557114,0.5757477283477783,0.6171613335609436,-0.04905280843377113,0.43701329827308655,0.5525577068328857,-0.2063368558883667,0.5781536102294922,0.6455045938491821,-0.07732012122869492,0.444267213344574,0.5749074220657349,-0.23868732154369354,0.5753049254417419,0.6451712250709534,-0.11687318980693817,0.45067471265792847,0.5661708116531372,-0.25642579793930054,0.5730229616165161,0.6354122757911682,-0.06956391036510468,0.44922327995300293,0.5576537847518921,-0.21378245949745178,0.5354952216148376,0.6162176132202148,0.02750125527381897,0.4819726049900055,0.6163567900657654,-0.027506228536367416,0.5438374280929565,0.7675144076347351,0.012242878787219524,0.47135481238365173,0.7666481733322144,-0.04979258030653,0.5430765151977539,0.9052221775054932,0.17412635684013367,0.4626542031764984,0.9047031998634338,0.09522078186273575,0.5362955331802368,0.9211639761924744,0.18142299354076385,0.4653225541114807,0.919242799282074,0.10158427804708481,0.5511446595191956,0.9572603702545166,0.04384346306324005,0.4659011960029602,0.9602718353271484,-0.04604809731245041
35,draw_tick,a07_s04_e01,0.5105280876159668,0.34085315465927124,-0.2918381989002228,0.513172447681427,0.3291119337081909,-0.27351102232933044,0.5160298943519592,0.3290264904499054,-0.27346283197402954,0.5190528035163879,0.32912251353263855,-0.27340787649154663,0.5032682418823242,0.32994720339775085,-0.27991431951522827,0.4989921450614929,0.330543577671051,-0.2799620032310486,0.49464911222457886,0.3313096761703491,-0.2800012230873108,0.5223569869995117,0.33587026596069336,-0.14294692873954773,0.4874960482120514,0.33867010474205017,-0.1771797090768814,0.5163019895553589,0.35680240392684937,-0.24091985821723938,0.5046656727790833,0.35718026757240295,-0.25090712308883667,0.5495136976242065,0.4269098937511444,-0.0326869860291481,0.45623987913131714,0.4055153727531433,-0.10100504010915756,0.5602720975875854,0.5333267450332642,0.050935715436935425,0.401256799697876,0.4668213129043579,-0.10412422567605972,0.5756686925888062,0.6170356869697571,-0.05004002898931503,0.43379443883895874,0.5482025146484375,-0.22819802165031433,0.5778535008430481,0.6454735398292542,-0.07643645256757736,0.44226861000061035,0.5644509792327881,-0.2616526186466217,0.5745908617973328,0.6450968980789185,-0.11654824018478394,0.447995662689209,0.5561298131942749,-0.27686938643455505,0.5722934603691101,0.635331928730011,-0.06948892772197723,0.4463300108909607,0.5488711595535278,-0.23542733490467072,0.5355225801467896,0.615936279296875,0.02746875025331974,0.4820011258125305,0.6162635087966919,-0.027468964457511902,0.5438997149467468,0.767682671546936,0.01978270895779133,0.4714120030403137,0.7664003372192383,-0.04737227410078049,0.5430697202682495,0.9056177735328674,0.17448922991752625,0.4627135694026947,0.904956579208374,0.09423727542161942,0.5363214015960693,0.9213801026344299,0.18204227089881897,0.4654720723628998,0.9200192093849182,0.10011368989944458,0.5511068105697632,0.9574357867240906,0.04416860640048981,0.46581095457077026,0.9602090716362,-0.04738221317529678
36,draw_tick,a07_s04_e01,0.5091723203659058,0.34058886766433716,-0.2853773236274719,0.5120978951454163,0.32863253355026245,-0.2667405307292938,0.5146471858024597,0.3285455107688904,-0.2666991353034973,0.5179051160812378,0.3286081552505493,-0.2666477560997009,0.5017655491828918,0.32956111431121826,-0.2727747857570648,0.4973464608192444,0.3302329182624817,-0.27281835675239563,0.49305883049964905,0.33104807138442993,-0.27285236120224,0.5216791033744812,0.33549386262893677,-0.1356305330991745,0.48644202947616577,0.33853664994239807,-0.16817107796669006,0.5150388479232788,0.35661616921424866,-0.23443715274333954,0.5030235052108765,0.35701972246170044,-0.24395982921123505,0.5495060682296753,0.4264855980873108,-0.029881764203310013,0.45505261421203613,0.40553659200668335,-0.09526729583740234,0.5603330731391907,0.5331308245658875,0.04261016473174095,0.39962029457092285,0.4505291283130646,-0.1025063544511795,0.575741171836853,0.6169062256813049,-0.0570049062371254,0.4264441132545471,0.5058440566062927,-0.20712581276893616,0.5779446363449097,0.6451302170753479,-0.08113258332014084,0.43380308151245117,0.5321906805038452,-0.2371237725019455,0.5747052431106567,0.6448725461959839,-0.1219390258193016,0.43969160318374634,0.5297557711601257,-0.25071781873703003,0.5723705291748047,0.6352510452270508,-0.07572534680366516,0.4383336901664734,0.5192654132843018,-0.2139044553041458,0.5352176427841187,0.6159226298332214,0.02512630820274353,0.4813608229160309,0.616314709186554,-0.02510315552353859,0.5438979864120483,0.7677894234657288,0.037411920726299286,0.4714367985725403,0.7662432193756104,-0.037437163293361664,0.5430699586868286,0.9059651494026184,0.19860020279884338,0.4627811908721924,0.9051721096038818,0.10355665534734726,0.5363937616348267,0.9216886758804321,0.20589599013328552,0.46560138463974,0.9205611944198608,0.10934804379940033,0.551001250743866,0.9574967622756958,0.0628233477473259,0.4657815396785736,0.9600836634635925,-0.041282929480075836
37,draw_tick,a07_s04_e01,0.5074295997619629,0.3405612111091614,-0.23595590889453888,0.5108915567398071,0.32860517501831055,-0.2157566100358963,0.5133247375488281,0.32852548360824585,-0.21571680903434753,0.5165961980819702,0.3285883665084839,-0.2156536877155304,0.49998825788497925,0.32956063747406006,-0.2202707976102829,0.4954718053340912,0.3302363455295563,-0.2203129231929779,0.4913177490234375,0.33104947209358215,-0.2203274965286255,0.5209220051765442,0.3354678750038147,-0.08665457367897034,0.48521170020103455,0.33853447437286377,-0.11376921087503433,0.513776421546936,0.35653018951416016,-0.18707729876041412,0.5011214017868042,0.3569267690181732,-0.1950823962688446,0.5494796633720398,0.42584410309791565,-0.004018806386739016,0.45370978116989136,0.40555116534233093,-0.059825457632541656,0.560330331325531,0.5330178737640381,0.04087385907769203,0.39914417266845703,0.4363657236099243,-0.1970750242471695,0.5759232640266418,0.6169245839118958,-0.05532835051417351,0.4151276648044586,0.4557143449783325,-0.4474981725215912,0.5783047080039978,0.6451014876365662,-0.07871492952108383,0.41722768545150757,0.4588148295879364,-0.49699896574020386,0.5749393105506897,0.6449117660522461,-0.11450029909610748,0.4260006546974182,0.4476475715637207,-0.495464563369751,0.5724780559539795,0.6354333758354187,-0.07472597062587738,0.42517194151878357,0.4502268433570862,-0.4532644748687744,0.5350115895271301,0.6158658862113953,0.02272683009505272,0.4807206094264984,0.6163949370384216,-0.02276449277997017,0.5438491106033325,0.7677904367446899,0.031178291887044907,0.471418559551239,0.7659098505973816,-0.030858272686600685,0.5430659055709839,0.9059994220733643,0.1955351084470749,0.4628511369228363,0.9052889943122864,0.11783444881439209,0.536471426486969,0.9217179417610168,0.2029319703578949,0.4658859670162201,0.9210611581802368,0.12475599348545074,0.5507463216781616,0.9575098752975464,0.06080218404531479,0.4656558930873871,0.9599701166152954,-0.022649474442005157
38,draw_tick,a07_s04_e01,0.5039952397346497,0.34051433205604553,-0.24386048316955566,0.5082040429115295,0.3285732567310333,-0.22299006581306458,0.5110923647880554,0.3284943699836731,-0.22295372188091278,0.5139645338058472,0.3285646140575409,-0.2229129821062088,0.49683624505996704,0.3295649588108063,-0.22733083367347717,0.4926251769065857,0.3302546739578247,-0.22737029194831848,0.4889090657234192,0.3310881555080414,-0.22737160325050354,0.5191828012466431,0.335458904504776,-0.08875586092472076,0.4833122193813324,0.3387180268764496,-0.11435087770223618,0.511544942855835,0.35649022459983826,-0.19331960380077362,0.49796995520591736,0.3568674623966217,-0.2010635882616043,0.5493632555007935,0.4253234565258026,-0.004801629111170769,0.4523521065711975,0.40585261583328247,-0.06028181314468384,0.5603551864624023,0.5329161882400513,0.02417440339922905,0.39577561616897583,0.4171343147754669,-0.22480222582817078,0.5764046907424927,0.6173161864280701,-0.06510990113019943,0.4119136929512024,0.4229651391506195,-0.47511935234069824,0.5788347721099854,0.6451209187507629,-0.0862664133310318,0.41195496916770935,0.4293431341648102,-0.5285813808441162,0.5754328966140747,0.6452171802520752,-0.12413827329874039,0.42593270540237427,0.4202851355075836,-0.5230000019073486,0.5729205012321472,0.6360859274864197,-0.08221375197172165,0.42423540353775024,0.4226189851760864,-0.48164433240890503,0.5347532629966736,0.6158610582351685,0.022512726485729218,0.47991713881492615,0.6167129874229431,-0.022554436698555946,0.543813943862915,0.7677096724510193,0.036890480667352676,0.471419095993042,0.7658534646034241,-0.027035027742385864,0.5430665016174316,0.9059937000274658,0.21048560738563538,0.4629290699958801,0.9053091406822205,0.13236980140209198,0.5365527868270874,0.9217167496681213,0.21849408745765686,0.4662279486656189,0.9212340116500854,0.13980968296527863,0.5503240823745728,0.957511842250824,0.06990981847047806,0.46559175848960876,0.959679365158081,-0.01286181528121233
39,draw_tick,a07_s04_e01,0.5018604397773743,0.3402906656265259,-0.2342495173215866,0.5065304636955261,0.3282928764820099,-0.21085026860237122,0.5096937417984009,0.3281983435153961,-0.2108067274093628,0.5124317407608032,0.32832399010658264,-0.2107592523097992,0.49502378702163696,0.32945892214775085,-0.2152981013059616,0.49097341299057007,0.33019334077835083,-0.215351864695549,0.4873969554901123,0.33106520771980286,-0.21534132957458496,0.5181949734687805,0.335319846868515,-0.07138125598430634,0.48206162452697754,0.33871954679489136,-0.09719853103160858,0.5102089643478394,0.3562942445278168,-0.18247710168361664,0.4964319169521332,0.35659587383270264,-0.19024112820625305,0.5493630170822144,0.42524388432502747,0.014375743456184864,0.45180100202560425,0.40582260489463806,-0.0583355538547039,0.5606204271316528,0.5314140915870667,0.0315389446914196,0.3942561745643616,0.40537598729133606,-0.25205332040786743,0.5774284601211548,0.6168251037597656,-0.06680401414632797,0.40419286489486694,0.3886581063270569,-0.5334964990615845,0.5802989602088928,0.6449398398399353,-0.08813153952360153,0.40703392028808594,0.3936507999897003,-0.5953264832496643,0.5771997570991516,0.6451914310455322,-0.12701359391212463,0.42010408639907837,0.3910433053970337,-0.5867834091186523,0.5745102167129517,0.636019766330719,-0.08417558670043945,0.41994863748550415,0.39055314660072327,-0.5394632816314697,0.5347492098808289,0.6158679723739624,0.02253684028983116,0.47936195135116577,0.6169945001602173,-0.02257033810019493,0.5437408685684204,0.7674206495285034,0.04038801044225693,0.4714004397392273,0.7658241987228394,-0.028515255078673363,0.5430662631988525,0.9058961272239685,0.22907650470733643,0.4629977345466614,0.9052828550338745,0.1375565379858017,0.5365892648696899,0.9216036200523376,0.2388230860233307,0.4664187431335449,0.9212312698364258,0.1457613706588745,0.5497717261314392,0.957511305809021,0.09011436998844147,0.4655609130859375,0.9592840671539307,-0.009425428695976734
40,draw_tick,a07_s04_e01,0.49945712089538574,0.34009331464767456,-0.2413022518157959,0.5043265223503113,0.32791242003440857,-0.21893587708473206,0.5077928900718689,0.32775455713272095,-0.21890144050121307,0.5106303691864014,0.3278540074825287,-0.21886733174324036,0.49297529458999634,0.3291715979576111,-0.22243960201740265,0.4890584945678711,0.32994258403778076,-0.22249166667461395,0.4855623245239258,0.3308674991130829,-0.22248604893684387,0.5165814161300659,0.334873229265213,-0.0833829790353775,0.4808186888694763,0.3386358916759491,-0.10329151153564453,0.5083061456680298,0.35594671964645386,-0.1905275136232376,0.4943915903568268,0.3563518822193146,-0.19716526567935944,0.5493290424346924,0.4252326190471649,0.011029054410755634,0.4513172507286072,0.4051039516925812,-0.05921756476163864,0.5614153146743774,0.5310782194137573,0.018462935462594032,0.39288297295570374,0.395749568939209,-0.24043257534503937,0.5797663331031799,0.6168472170829773,-0.07825318723917007,0.39170265197753906,0.3431767225265503,-0.5103741884231567,0.5826135277748108,0.6449790596961975,-0.09895231574773788,0.39113086462020874,0.32280758023262024,-0.5705379247665405,0.5800907015800476,0.6454380750656128,-0.1377219259738922,0.3986491560935974,0.3213595747947693,-0.5678696632385254,0.5775173902511597,0.6362820863723755,-0.0957147553563118,0.40054377913475037,0.3287373185157776,-0.5192006230354309,0.5347486734390259,0.6157586574554443,0.021897731348872185,0.47918397188186646,0.6169965267181396,-0.02198854461312294,0.5437325239181519,0.7667155861854553,0.039688702672719955,0.47138914465904236,0.7657731175422668,-0.030201083049178123,0.543075442314148,0.9057013392448425,0.2173726111650467,0.4630817770957947,0.9049599170684814,0.1340656578540802,0.5366125702857971,0.9215796589851379,0.22675521671772003,0.46659693121910095,0.9209936857223511,0.14228180050849915,0.5495380759239197,0.957506000995636,0.07949744910001755,0.465559720993042,0.9590907692909241,-0.012129845097661018
41,draw_tick,a07_s04_e01,0.4994586408138275,0.3399433493614197,-0.24216434359550476,0.5039741396903992,0.32774779200553894,-0.22141018509864807,0.5073733925819397,0.3275495171546936,-0.22134944796562195,0.5101300477981567,0.32765141129493713,-0.22123201191425323,0.49280476570129395,0.3290807008743286,-0.22772526741027832,0.48894935846328735,0.32987451553344727,-0.22776898741722107,0.4853884279727936,0.33083096146583557,-0.2277826964855194,0.5157871842384338,0.33470338582992554,-0.09324336796998978,0.48033419251441956,0.3386390507221222,-0.1121884435415268,0.5080732703208923,0.35579216480255127,-0.19588223099708557,0.49436068534851074,0.3562835156917572,-0.20008376240730286,0.549282968044281,0.425003319978714,-0.022487403824925423,0.45090657472610474,0.4046512544155121,-0.055184803903102875,0.5621111392974854,0.5297645330429077,-0.012028560973703861,0.3917555809020996,0.3831518590450287,-0.20492343604564667,0.5811415314674377,0.6132742762565613,-0.11118578910827637,0.37865346670150757,0.29713499546051025,-0.4266447126865387,0.5850540399551392,0.6422020792961121,-0.13573604822158813,0.3736270070075989,0.2709870934486389,-0.47776859998703003,0.5831243395805359,0.6430119872093201,-0.17198726534843445,0.37853845953941345,0.2630900740623474,-0.4799750745296478,0.5803009867668152,0.6338756084442139,-0.12851592898368835,0.3821426033973694,0.27146008610725403,-0.4345703721046448,0.5347368717193604,0.6144387722015381,0.014591234736144543,0.4789656698703766,0.6163749098777771,-0.014711680822074413,0.5436846017837524,0.764998733997345,0.02120465785264969,0.4713924527168274,0.7655255794525146,-0.029904091730713844,0.5431057214736938,0.9043948650360107,0.200856015086174,0.4632135033607483,0.9045335650444031,0.13027018308639526,0.5367007255554199,0.9205656051635742,0.21090510487556458,0.4666271209716797,0.9206603169441223,0.13802792131900787,0.5489001274108887,0.9573619961738586,0.060534048825502396,0.4658172130584717,0.958707869052887,-0.01438879780471325
42,draw_tick,a07_s04_e01,0.4995971620082855,0.33768194913864136,-0.2830316424369812,0.503875732421875,0.32555559277534485,-0.26101547479629517,0.5072315335273743,0.3252684473991394,-0.2610064148902893,0.5099523663520813,0.3253772556781769,-0.26100844144821167,0.4927051067352295,0.3270791471004486,-0.26150235533714294,0.4888518452644348,0.3280247449874878,-0.26156044006347656,0.4851375222206116,0.32922041416168213,-0.26152122020721436,0.5155091881752014,0.3330612778663635,-0.13499662280082703,0.4798661172389984,0.33785513043403625,-0.13748079538345337,0.5080877542495728,0.3538420796394348,-0.2371232509613037,0.49439677596092224,0.3544544279575348,-0.2381085604429245,0.5492778420448303,0.4249740540981293,-0.06702642887830734,0.45096856355667114,0.4034924805164337,-0.0704878717660904,0.5627303719520569,0.529766857624054,-0.05332239344716072,0.392318993806839,0.36957788467407227,-0.20214137434959412,0.5832090377807617,0.6127888560295105,-0.15064044296741486,0.3713241517543793,0.27744486927986145,-0.410409539937973,0.5877473950386047,0.6409332156181335,-0.1762496531009674,0.3635663688182831,0.24929553270339966,-0.46190229058265686,0.5861852765083313,0.6417420506477356,-0.2131592482328415,0.3671323359012604,0.24169372022151947,-0.4649410843849182,0.5830891132354736,0.6327219009399414,-0.16823872923851013,0.3706652820110321,0.24959836900234222,-0.42051205039024353,0.5347553491592407,0.6142143607139587,0.010388104245066643,0.47897228598594666,0.6163797974586487,-0.010518121533095837,0.5437349081039429,0.7650257349014282,0.007365544326603413,0.4713854193687439,0.7657719850540161,-0.028123941272497177,0.5432039499282837,0.9031931757926941,0.20070931315422058,0.46341314911842346,0.903683066368103,0.1414850354194641,0.5367270708084106,0.9195319414138794,0.2101786881685257,0.4666669964790344,0.9187581539154053,0.15010756254196167,0.5489159226417542,0.957724928855896,0.06004328280687332,0.46597790718078613,0.9584732055664062,-0.0017738038441166282
43,draw_tick,a07_s04_e01,0.49984806776046753,0.33755964040756226,-0.2757027745246887,0.5040467977523804,0.3250585198402405,-0.2540230453014374,0.5073124766349792,0.32469168305397034,-0.25400087237358093,0.5099949836730957,0.3245115578174591,-0.25398385524749756,0.4929574429988861,0.3269158899784088,-0.25704142451286316,0.4890764355659485,0.32786399126052856,-0.25710177421569824,0.4853377938270569,0.32902729511260986,-0.2571108937263489,0.5155223608016968,0.3319131135940552,-0.12796957790851593,0.47999000549316406,0.33783528208732605,-0.136697456240654,0.5082064270973206,0.3533647358417511,-0.22759242355823517,0.4944961667060852,0.3544365465641022,-0.23155085742473602,0.5492774844169617,0.4237876534461975,-0.05590764433145523,0.4510117173194885,0.3997257649898529,-0.07003822177648544,0.5627641081809998,0.5283169746398926,-0.03254474699497223,0.3931487202644348,0.35746392607688904,-0.1792188584804535,0.5842196345329285,0.6107509136199951,-0.12285538017749786,0.36804789304733276,0.2623192071914673,-0.34721583127975464,0.5897448658943176,0.6376400589942932,-0.14598049223423004,0.35851365327835083,0.2408561110496521,-0.3944743275642395,0.5887049436569214,0.6381499767303467,-0.1839374601840973,0.36118829250335693,0.23392799496650696,-0.40157660841941833,0.5854326486587524,0.6295647025108337,-0.14054176211357117,0.36525723338127136,0.2401064932346344,-0.36005738377571106,0.5347698330879211,0.6136402487754822,0.010405356995761395,0.47921425104141235,0.6163238286972046,-0.010512824170291424,0.5437328219413757,0.7650541663169861,0.008036039769649506,0.4713341295719147,0.7656861543655396,-0.026194389909505844,0.5433993339538574,0.9031823873519897,0.18792624771595,0.4634612202644348,0.9028037786483765,0.13647295534610748,0.5371623039245605,0.9195150136947632,0.19614973664283752,0.4666674733161926,0.9183101058006287,0.145142063498497,0.5494135618209839,0.9579631090164185,0.050240300595760345,0.46596580743789673,0.9583063721656799,-0.007513738237321377
44,draw_tick,a07_s04_e01,0.5000073909759521,0.33693504333496094,-0.289294958114624,0.5041842460632324,0.32379740476608276,-0.2690275311470032,0.5073948502540588,0.3233424425125122,-0.2690373659133911,0.510017991065979,0.32307639718055725,-0.26904723048210144,0.49309009313583374,0.32608452439308167,-0.269765704870224,0.4892037808895111,0.32719847559928894,-0.269806832075119,0.48545870184898376,0.32858237624168396,-0.2697592079639435,0.5155704617500305,0.33071261644363403,-0.149518683552742,0.4800455570220947,0.33758583664894104,-0.15472914278507233,0.5082864761352539,0.3519963324069977,-0.24466407299041748,0.49454718828201294,0.3539043366909027,-0.24653616547584534,0.5492550134658813,0.4237726926803589,-0.07978300750255585,0.4512569010257721,0.3977672755718231,-0.0886380523443222,0.5629470944404602,0.5283313393592834,-0.05280078202486038,0.3939021825790405,0.3547712564468384,-0.17948761582374573,0.5856758952140808,0.6091306805610657,-0.14120088517665863,0.3658791780471802,0.2605867385864258,-0.3439587354660034,0.5910617113113403,0.6356604099273682,-0.1641380339860916,0.35655346512794495,0.24076130986213684,-0.3902181386947632,0.5899817943572998,0.6361356377601624,-0.20304009318351746,0.35932353138923645,0.2325017899274826,-0.3999006450176239,0.5867277979850769,0.6280642151832581,-0.15941879153251648,0.36321693658828735,0.2371516078710556,-0.3573590815067291,0.5347810983657837,0.6132299900054932,0.009620641358196735,0.4792439937591553,0.6160884499549866,-0.009739483706653118,0.5435065031051636,0.7649853825569153,0.01939437724649906,0.47133350372314453,0.7653425335884094,-0.018597370013594627,0.5433947443962097,0.9006417989730835,0.19397838413715363,0.4634682536125183,0.9016778469085693,0.14538410305976868,0.5371947288513184,0.9152206182479858,0.20280829071998596,0.466149240732193,0.9167368412017822,0.15374810993671417,0.5492521524429321,0.9579630494117737,0.05705296993255615,0.4661027789115906,0.9576743841171265,0.005036539863795042
45,draw_tick,a07_s04_e01,0.5008432269096375,0.33697086572647095,-0.31345704197883606,0.5045925378799438,0.3238556683063507,-0.2936510443687439,0.5074942111968994,0.32341763377189636,-0.2936539053916931,0.5101000070571899,0.32318735122680664,-0.293669193983078,0.4940449297428131,0.32612645626068115,-0.2951250672340393,0.4901965260505676,0.3272646367549896,-0.2951728403568268,0.4861809313297272,0.328664630651474,-0.29510852694511414,0.5157099962234497,0.3307611048221588,-0.17238502204418182,0.4801581799983978,0.337485134601593,-0.18309029936790466,0.5086069703102112,0.35197725892066956,-0.2680233120918274,0.49548062682151794,0.353925883769989,-0.2711895704269409,0.5490657091140747,0.4237744212150574,-0.09811247140169144,0.45127764344215393,0.3961096405982971,-0.11529932916164398,0.5629595518112183,0.5283134579658508,-0.0685054212808609,0.39321160316467285,0.35238468647003174,-0.2056412696838379,0.5861751437187195,0.607678234577179,-0.1567343771457672,0.3634105324745178,0.2567515969276428,-0.34899115562438965,0.5915355086326599,0.6330261826515198,-0.18028058111667633,0.3543734848499298,0.2360009402036667,-0.39290958642959595,0.5908090472221375,0.6332302093505859,-0.21980556845664978,0.35758835077285767,0.2274915874004364,-0.41129550337791443,0.5878397822380066,0.6256977319717407,-0.17533649504184723,0.3613899350166321,0.23242320120334625,-0.37024161219596863,0.5347720980644226,0.6129628419876099,0.010476509109139442,0.4792497158050537,0.615963339805603,-0.010591493919491768,0.5433462262153625,0.7648137211799622,0.033063724637031555,0.47124189138412476,0.7650913596153259,-0.0130362119525671,0.5433559417724609,0.8997769951820374,0.1970519721508026,0.4634192883968353,0.9014184474945068,0.1459110528230667,0.5371286273002625,0.9146304726600647,0.20551875233650208,0.465548038482666,0.916468620300293,0.15369051694869995,0.5492010712623596,0.9575791954994202,0.06179521232843399,0.46631813049316406,0.9570082426071167,0.006357239093631506
46,draw_tick,a07_s04_e01,0.5010420083999634,0.33784422278404236,-0.30140137672424316,0.5048627853393555,0.32476720213890076,-0.28168562054634094,0.5075967907905579,0.32439377903938293,-0.2816867530345917,0.510168194770813,0.3241923451423645,-0.28169792890548706,0.49441343545913696,0.3267774283885956,-0.2833513021469116,0.49047479033470154,0.3278738558292389,-0.2833954691886902,0.48634329438209534,0.32929643988609314,-0.2833334505558014,0.5158457159996033,0.33088377118110657,-0.16101375222206116,0.4801907539367676,0.33750689029693604,-0.17246432602405548,0.5086570978164673,0.3525887429714203,-0.25602561235427856,0.4956052303314209,0.35493531823158264,-0.2594372630119324,0.5490187406539917,0.4237021803855896,-0.09056450426578522,0.4510076642036438,0.3954463601112366,-0.108131542801857,0.562957763671875,0.5282973051071167,-0.0644763708114624,0.391030877828598,0.3523891866207123,-0.20682623982429504,0.5860869288444519,0.6061014533042908,-0.150297611951828,0.36263319849967957,0.2554147243499756,-0.35663890838623047,0.5917564034461975,0.6323364973068237,-0.17377068102359772,0.35405033826828003,0.2334698885679245,-0.403460830450058,0.5910208225250244,0.6322115063667297,-0.2118244171142578,0.35728004574775696,0.22475746273994446,-0.4159142076969147,0.5878616571426392,0.6243810057640076,-0.16828273236751556,0.3609383702278137,0.2296820729970932,-0.37270107865333557,0.5347778797149658,0.6129322648048401,0.010984113439917564,0.47921672463417053,0.6159610152244568,-0.01108760479837656,0.5433214902877808,0.7649328708648682,0.039669010788202286,0.47118741273880005,0.7651270627975464,-0.008918189443647861,0.543319821357727,0.8999001383781433,0.1966855525970459,0.46340999007225037,0.9007413387298584,0.14409099519252777,0.5370427966117859,0.9147946238517761,0.20468464493751526,0.4653876721858978,0.915527880191803,0.15146026015281677,0.549885630607605,0.9575822949409485,0.06223621219396591,0.46632495522499084,0.9562252759933472,0.007042006589472294
47,draw_tick,a07_s04_e01,0.5014716386795044,0.3383486866950989,-0.29376325011253357,0.5053575038909912,0.3252544403076172,-0.2737346589565277,0.5079321265220642,0.3249538540840149,-0.2737305760383606,0.5105779767036438,0.3248198330402374,-0.2737330496311188,0.49498414993286133,0.32732152938842773,-0.27579265832901,0.4909583032131195,0.3285036087036133,-0.27583661675453186,0.48662853240966797,0.3300439417362213,-0.2757883369922638,0.516203761100769,0.331167608499527,-0.15044429898262024,0.48022565245628357,0.3375989496707916,-0.16426275670528412,0.5087372064590454,0.3530069887638092,-0.24739734828472137,0.4957994818687439,0.35554516315460205,-0.25143688917160034,0.5489758253097534,0.42343297600746155,-0.07910767942667007,0.45078015327453613,0.3952235281467438,-0.10051971673965454,0.5629498958587646,0.5281264781951904,-0.054445862770080566,0.38909703493118286,0.3541698753833771,-0.2048158198595047,0.5858668684959412,0.6063302755355835,-0.1445516049861908,0.3629886507987976,0.2609513998031616,-0.3645567297935486,0.5913005471229553,0.6326895356178284,-0.16824528574943542,0.35443368554115295,0.2392241358757019,-0.41180720925331116,0.5903754830360413,0.6326218843460083,-0.20567870140075684,0.3580347001552582,0.2306741178035736,-0.41893237829208374,0.5872521996498108,0.6246849894523621,-0.16235454380512238,0.3620871603488922,0.23646233975887299,-0.3794589638710022,0.5347986817359924,0.6130728125572205,0.010511217638850212,0.4790627956390381,0.6161565780639648,-0.010605152696371078,0.5432718396186829,0.7653006315231323,0.04040287062525749,0.4711140990257263,0.7658083438873291,-0.005368727259337902,0.5433943271636963,0.8996850252151489,0.20648908615112305,0.463418573141098,0.9005278944969177,0.15636855363845825,0.5370699167251587,0.9147116541862488,0.2156171053647995,0.4653916358947754,0.9143297076225281,0.16467705368995667,0.5500751733779907,0.9571860432624817,0.07402125000953674,0.4661688804626465,0.9562350511550903,0.019651658833026886
48,draw_tick,a07_s04_e01,0.501907229423523,0.3392021954059601,-0.29051917791366577,0.5058698058128357,0.32602187991142273,-0.2701801657676697,0.508298397064209,0.32577475905418396,-0.27017563581466675,0.5110200047492981,0.32568228244781494,-0.2701769769191742,0.4954710006713867,0.32809916138648987,-0.2726671099662781,0.4913678765296936,0.3293188214302063,-0.2727082669734955,0.48684293031692505,0.3308674395084381,-0.2726529836654663,0.5164440274238586,0.33158078789711,-0.14720222353935242,0.4802986681461334,0.33765900135040283,-0.16089798510074615,0.5088023543357849,0.35406118631362915,-0.24359846115112305,0.4959484040737152,0.35656943917274475,-0.24806971848011017,0.5488910675048828,0.4229206144809723,-0.07223731279373169,0.45024052262306213,0.39514076709747314,-0.09703965485095978,0.5625554323196411,0.5277352929115295,-0.04825396090745926,0.3882693648338318,0.3565853536128998,-0.20779196918010712,0.5849357843399048,0.606266975402832,-0.14074037969112396,0.36451318860054016,0.26304301619529724,-0.3802056312561035,0.5911571979522705,0.6327604055404663,-0.16551683843135834,0.3562425971031189,0.23969842493534088,-0.42998895049095154,0.5901573896408081,0.6327089071273804,-0.2027510106563568,0.3596349060535431,0.23094530403614044,-0.43241605162620544,0.5866721272468567,0.6248555779457092,-0.15849165618419647,0.36365610361099243,0.23753537237644196,-0.39226436614990234,0.5348640084266663,0.6130773425102234,0.010245488956570625,0.47886496782302856,0.6161584854125977,-0.010322365909814835,0.5432548522949219,0.765612781047821,0.03870901092886925,0.4710260033607483,0.7661831974983215,-0.006419225595891476,0.5435367822647095,0.8994417786598206,0.2153366059064865,0.4634231925010681,0.9002984166145325,0.1622597873210907,0.5372034311294556,0.9141754508018494,0.22574087977409363,0.46539515256881714,0.9135957360267639,0.17127758264541626,0.5501354336738586,0.9567462205886841,0.08255068957805634,0.46606358885765076,0.9561899304389954,0.023519910871982574
49,draw_tick,a07_s04_e01,0.5019741654396057,0.33998119831085205,-0.2870161235332489,0.5060879588127136,0.3268347978591919,-0.2659940719604492,0.508431613445282,0.3266441524028778,-0.26599615812301636,0.5111387968063354,0.32660236954689026,-0.2660067677497864,0.4956634044647217,0.3287450075149536,-0.26941078901290894,0.491523414850235,0.32990407943725586,-0.2694396376609802,0.4868905544281006,0.3313741385936737,-0.2693449854850769,0.5164679884910583,0.3321218490600586,-0.14162267744541168,0.48033562302589417,0.3376709818840027,-0.16023114323616028,0.5088575482368469,0.3548732101917267,-0.23969992995262146,0.4960159361362457,0.35730209946632385,-0.2453049123287201,0.5488522052764893,0.4225429892539978,-0.06923306733369827,0.44979023933410645,0.3952207565307617,-0.09426502138376236,0.562599778175354,0.5271905064582825,-0.04824921861290932,0.3871452808380127,0.35753363370895386,-0.2042560875415802,0.5837138891220093,0.6062517166137695,-0.1408451944589615,0.36408182978630066,0.262153685092926,-0.37824028730392456,0.5901985764503479,0.6330131888389587,-0.1661740392446518,0.3561149537563324,0.2383769005537033,-0.4281300902366638,0.5883773565292358,0.6329997777938843,-0.20243427157402039,0.35981589555740356,0.2306453436613083,-0.4288910925388336,0.5844509601593018,0.6250744462013245,-0.15821829438209534,0.3637053370475769,0.2371981292963028,-0.3898606300354004,0.5348888635635376,0.6132562756538391,0.009771722368896008,0.4787413477897644,0.6163679361343384,-0.009835711680352688,0.5432521104812622,0.7662870287895203,0.03921811655163765,0.4709491729736328,0.766786515712738,-0.004328422714024782,0.543840765953064,0.8993349075317383,0.21527636051177979,0.46343040466308594,0.9003181457519531,0.16282759606838226,0.5374317169189453,0.9139680862426758,0.2254350632429123,0.4653988480567932,0.9136983156204224,0.17166385054588318,0.5502143502235413,0.9565741419792175,0.08305662870407104,0.46599069237709045,0.9561923742294312,0.02537384070456028
50,draw_tick,a07_s04_e01,0.5021365880966187,0.34033674001693726,-0.2892144024372101,0.5063198804855347,0.32725563645362854,-0.2682510018348694,0.5085874795913696,0.3271118402481079,-0.2682526707649231,0.5113422274589539,0.3271091878414154,-0.26826030015945435,0.4958721101284027,0.32905837893486023,-0.2717035710811615,0.4917345643043518,0.33019647002220154,-0.27173489332199097,0.48699480295181274,0.3316288888454437,-0.27165019512176514,0.5165477395057678,0.33245980739593506,-0.14229781925678253,0.48037901520729065,0.3376743495464325,-0.16133561730384827,0.5088928937911987,0.35533902049064636,-0.24137990176677704,0.4960452914237976,0.35772427916526794,-0.24706503748893738,0.5488483309745789,0.42238032817840576,-0.07360003888607025,0.44961875677108765,0.39519914984703064,-0.0953676849603653,0.5629364252090454,0.5271973609924316,-0.05536702275276184,0.3866793215274811,0.3587668538093567,-0.21097519993782043,0.5831522941589355,0.6063616871833801,-0.15086284279823303,0.3638620972633362,0.26308682560920715,-0.3882618546485901,0.5888890027999878,0.6336111426353455,-0.17633141577243805,0.35595211386680603,0.23981192708015442,-0.4378584027290344,0.5859501957893372,0.6336939930915833,-0.2121230661869049,0.35936594009399414,0.2323950082063675,-0.4392163157463074,0.5821609497070312,0.6254862546920776,-0.16792935132980347,0.36338526010513306,0.239798441529274,-0.39917951822280884,0.5348888635635376,0.6137531995773315,0.00963018648326397,0.47850435972213745,0.6166085004806519,-0.009698462672531605,0.5432307124137878,0.766948401927948,0.03834688663482666,0.47091835737228394,0.7671966552734375,-0.003852883353829384,0.5441487431526184,0.8993565440177917,0.21754956245422363,0.46343794465065,0.9003393650054932,0.16745808720588684,0.537695050239563,0.9139048457145691,0.22811312973499298,0.4653787612915039,0.9135951399803162,0.1768195927143097,0.5503438115119934,0.9566042423248291,0.08498255908489227,0.46600598096847534,0.9562183022499084,0.030240705236792564
51,draw_tick,a07_s04_e01,0.5019842386245728,0.3403485417366028,-0.2974473536014557,0.5063219666481018,0.32726022601127625,-0.2771689295768738,0.5086293816566467,0.32711470127105713,-0.27716219425201416,0.5113746523857117,0.3271186649799347,-0.277161180973053,0.4958144724369049,0.32907673716545105,-0.2797850966453552,0.4915613532066345,0.3302225172519684,-0.2798246443271637,0.48689690232276917,0.3316631019115448,-0.27974334359169006,0.5165820717811584,0.33247649669647217,-0.15291394293308258,0.4802978038787842,0.3376635015010834,-0.16902002692222595,0.5087987184524536,0.3553408980369568,-0.25056344270706177,0.49580153822898865,0.3577307164669037,-0.25533726811408997,0.5488449931144714,0.4223853349685669,-0.08532574772834778,0.44956713914871216,0.39525964856147766,-0.10060640424489975,0.5632210373878479,0.5276874899864197,-0.06578406691551208,0.3863663673400879,0.36058515310287476,-0.21923163533210754,0.5828121900558472,0.6086439490318298,-0.15801045298576355,0.36334484815597534,0.2674293518066406,-0.40896815061569214,0.5876860022544861,0.6370584964752197,-0.18232394754886627,0.35574594140052795,0.24507880210876465,-0.4589017331600189,0.5836092829704285,0.6376034021377563,-0.2182396948337555,0.35915184020996094,0.23767699301242828,-0.4605633318424225,0.580065906047821,0.6286020278930664,-0.17467154562473297,0.3632391393184662,0.24545615911483765,-0.41986536979675293,0.5348905920982361,0.6141451597213745,0.0098030436784029,0.47832441329956055,0.6167524456977844,-0.009875382296741009,0.5431893467903137,0.7677143812179565,0.04261697083711624,0.47088590264320374,0.7675582766532898,-0.004432680085301399,0.5441526770591736,0.8994137048721313,0.21814605593681335,0.463439404964447,0.9004232287406921,0.16433468461036682,0.5376659631729126,0.9140893220901489,0.22811079025268555,0.46535173058509827,0.9136487245559692,0.1732933223247528,0.5505832433700562,0.9566758275032043,0.08610665053129196,0.4660407602787018,0.9562260508537292,0.027255985885858536
52,draw_tick,a07_s04_e01,0.5016252994537354,0.34047555923461914,-0.30608829855918884,0.5062798261642456,0.32735052704811096,-0.28602829575538635,0.5086506605148315,0.32721737027168274,-0.2860192060470581,0.5113778114318848,0.32724180817604065,-0.2860170006752014,0.4956560730934143,0.3291894197463989,-0.28807809948921204,0.4912485182285309,0.33032283186912537,-0.2881245017051697,0.48670682311058044,0.33174169063568115,-0.28804832696914673,0.51659095287323,0.3325463533401489,-0.16135764122009277,0.48027414083480835,0.33765584230422974,-0.17496630549430847,0.5086345672607422,0.355461984872818,-0.2591041922569275,0.4954245686531067,0.3579348027706146,-0.2631556987762451,0.5489482879638672,0.42235860228538513,-0.09292659908533096,0.4495542049407959,0.3958778977394104,-0.1040157675743103,0.5635151863098145,0.527997612953186,-0.07417900860309601,0.38573068380355835,0.3618830144405365,-0.2257993221282959,0.5824044942855835,0.6108671426773071,-0.16587702929973602,0.3630281090736389,0.2697679102420807,-0.4229111075401306,0.5865357518196106,0.6396093368530273,-0.19049111008644104,0.3551538288593292,0.24718520045280457,-0.4741419851779938,0.5818986296653748,0.6401280760765076,-0.22603633999824524,0.3586433529853821,0.2394530177116394,-0.4752684533596039,0.5785948038101196,0.6308833360671997,-0.18236175179481506,0.36304205656051636,0.2478630542755127,-0.4337131977081299,0.5348914265632629,0.6144937872886658,0.009455764666199684,0.47803211212158203,0.6168343424797058,-0.00955213513225317,0.5431686043739319,0.768329381942749,0.04138316959142685,0.4708569049835205,0.7680028080940247,-0.00456584757193923,0.5441570281982422,0.8995266556739807,0.21985045075416565,0.4634397625923157,0.9004359841346741,0.16839398443698883,0.5376527905464172,0.9141977429389954,0.23023393750190735,0.4653370976448059,0.913581907749176,0.17781803011894226,0.5507469177246094,0.9569682478904724,0.08664645999670029,0.466117799282074,0.9562309980392456,0.030660107731819153
53,draw_tick,a07_s04_e01,0.5012179613113403,0.3405383825302124,-0.30302292108535767,0.5061594843864441,0.3273625373840332,-0.28297489881515503,0.5086373686790466,0.3272292912006378,-0.28296178579330444,0.5113363862037659,0.3272596299648285,-0.2829604744911194,0.49540019035339355,0.32924729585647583,-0.28490281105041504,0.49085354804992676,0.3303927481174469,-0.28494876623153687,0.48647603392601013,0.3318129777908325,-0.28487324714660645,0.5166176557540894,0.33255717158317566,-0.15880128741264343,0.4802429676055908,0.33765649795532227,-0.17180579900741577,0.5084320902824402,0.3555384874343872,-0.2562776505947113,0.4950222969055176,0.3580322265625,-0.26015302538871765,0.5490808486938477,0.4223558008670807,-0.090346559882164,0.44951170682907104,0.3964499235153198,-0.101837657392025,0.5636459589004517,0.5280781388282776,-0.07090587168931961,0.3846110701560974,0.3624977171421051,-0.21999338269233704,0.581959068775177,0.6119201183319092,-0.16238556802272797,0.3615875542163849,0.27236995100975037,-0.41209226846694946,0.5857289433479309,0.6405842900276184,-0.18715539574623108,0.3545612096786499,0.24866829812526703,-0.46246853470802307,0.5809928178787231,0.6412018537521362,-0.22244055569171906,0.3587764799594879,0.2416740506887436,-0.4636380076408386,0.5777946710586548,0.6318789124488831,-0.17883022129535675,0.3629763722419739,0.25081270933151245,-0.4226023256778717,0.5348804593086243,0.614793598651886,0.009246211498975754,0.4777962565422058,0.6169754862785339,-0.00935276784002781,0.5431250333786011,0.7687957286834717,0.04069751128554344,0.47080129384994507,0.7683435082435608,-0.004507009405642748,0.5441672205924988,0.899559736251831,0.21905043721199036,0.46344488859176636,0.9004456400871277,0.16710053384304047,0.5376477241516113,0.914263904094696,0.22926194965839386,0.465337336063385,0.9135538339614868,0.17640775442123413,0.5508946180343628,0.9569798707962036,0.08611530810594559,0.4661739766597748,0.9562343955039978,0.030090194195508957
54,draw_tick,a07_s04_e01,0.5009111166000366,0.34057655930519104,-0.30082055926322937,0.5060414671897888,0.32736703753471375,-0.2810843288898468,0.5086182355880737,0.3272327482700348,-0.2810589671134949,0.5113009214401245,0.3272670805454254,-0.2810583710670471,0.4952082633972168,0.3292790949344635,-0.28158944845199585,0.4906105101108551,0.3304297626018524,-0.28163447976112366,0.4863533079624176,0.3318493664264679,-0.2815375030040741,0.5166393518447876,0.3325716555118561,-0.15672007203102112,0.4802457392215729,0.3376535177230835,-0.16718968749046326,0.5082943439483643,0.3555876314640045,-0.2560458481311798,0.49477681517601013,0.3580990731716156,-0.25779885053634644,0.5491833686828613,0.42231783270835876,-0.08634379506111145,0.44956621527671814,0.3974214494228363,-0.0925721675157547,0.5636739730834961,0.528079628944397,-0.06750686466693878,0.38429588079452515,0.3664270043373108,-0.21042747795581818,0.5816892385482788,0.611918568611145,-0.16034427285194397,0.36116865277290344,0.27470025420188904,-0.41120997071266174,0.5853415131568909,0.6405150294303894,-0.1859007477760315,0.35452085733413696,0.25182193517684937,-0.46020787954330444,0.5806986689567566,0.6411077976226807,-0.22075553238391876,0.3592635989189148,0.24496081471443176,-0.46011775732040405,0.577538013458252,0.6318331360816956,-0.1767447143793106,0.3633396327495575,0.2532828152179718,-0.4207874834537506,0.5348378419876099,0.614957869052887,0.008600736036896706,0.47744208574295044,0.6170551180839539,-0.008708564564585686,0.5431026816368103,0.7691037058830261,0.040347643196582794,0.47077274322509766,0.7685465216636658,-0.004640262108296156,0.5441807508468628,0.8996336460113525,0.21854646503925323,0.46344542503356934,0.9004972577095032,0.16551199555397034,0.537658154964447,0.9143069982528687,0.22861918807029724,0.4653306007385254,0.9135758280754089,0.17465272545814514,0.5509546995162964,0.9570184350013733,0.08573019504547119,0.46620211005210876,0.9562395215034485,0.028668096289038658
55,draw_tick,a07_s04_e01,0.5007560849189758,0.3409058153629303,-0.3055259585380554,0.5059999227523804,0.3276468813419342,-0.28556346893310547,0.5086170434951782,0.32750898599624634,-0.2855333685874939,0.511288046836853,0.3275531828403473,-0.28552910685539246,0.4951210021972656,0.32957252860069275,-0.2868563234806061,0.49048906564712524,0.3306899964809418,-0.2869070768356323,0.48627519607543945,0.33207231760025024,-0.28682079911231995,0.5166523456573486,0.33277904987335205,-0.161354199051857,0.48022350668907166,0.3376767337322235,-0.17260076105594635,0.5081707835197449,0.356017142534256,-0.25949591398239136,0.4945961534976959,0.35843363404273987,-0.26249897480010986,0.5493624806404114,0.4223429262638092,-0.09227888286113739,0.44954079389572144,0.39853084087371826,-0.09629332274198532,0.5637304186820984,0.5281954407691956,-0.07386986911296844,0.384097695350647,0.3740822374820709,-0.21929779648780823,0.5813838243484497,0.61261385679245,-0.16510552167892456,0.3602708876132965,0.2793829143047333,-0.42346447706222534,0.5849857330322266,0.6409121751785278,-0.1901690810918808,0.354279100894928,0.252058207988739,-0.4747998118400574,0.5804871320724487,0.6416242122650146,-0.2247689962387085,0.3593840003013611,0.24649323523044586,-0.47329920530319214,0.5773435235023499,0.632478654384613,-0.18124991655349731,0.363334059715271,0.2573102116584778,-0.4330320358276367,0.5347707867622375,0.615186333656311,0.008143230341374874,0.47713541984558105,0.6171767711639404,-0.008267567493021488,0.5430684089660645,0.7691166996955872,0.039887331426143646,0.4707660675048828,0.7687122821807861,-0.003615591675043106,0.5443602800369263,0.8995915651321411,0.22189171612262726,0.4634465277194977,0.9005204439163208,0.17003291845321655,0.5380979776382446,0.9139347672462463,0.2324920892715454,0.4653162360191345,0.9135910272598267,0.17973504960536957,0.5509082078933716,0.9569575786590576,0.08885790407657623,0.46619653701782227,0.956247866153717,0.03353642672300339
56,draw_tick,a07_s04_e01,0.5007709860801697,0.34102776646614075,-0.30292874574661255,0.5059985518455505,0.3277815878391266,-0.282842755317688,0.5086238384246826,0.32766827940940857,-0.282819002866745,0.5112951397895813,0.32774093747138977,-0.28281599283218384,0.49512559175491333,0.3296654522418976,-0.28448814153671265,0.4905213713645935,0.3307651877403259,-0.2845362722873688,0.4863147735595703,0.3321508467197418,-0.2844562232494354,0.516693651676178,0.33308109641075134,-0.1591322422027588,0.48028454184532166,0.33776336908340454,-0.17081446945667267,0.5081741809844971,0.35618096590042114,-0.2566787004470825,0.4946144223213196,0.35846129059791565,-0.26006338000297546,0.5494692921638489,0.42235156893730164,-0.09195591509342194,0.4496499001979828,0.40069374442100525,-0.09611137956380844,0.5637531280517578,0.5283471941947937,-0.07553576678037643,0.38418203592300415,0.3843762278556824,-0.2188805788755417,0.5813101530075073,0.6127949953079224,-0.16672834753990173,0.35983890295028687,0.2918529808521271,-0.4259701669216156,0.5848848223686218,0.6410046219825745,-0.19169239699840546,0.35388585925102234,0.26407334208488464,-0.47717708349227905,0.5804377794265747,0.6418054103851318,-0.22600404918193817,0.35919255018234253,0.258338987827301,-0.4761448800563812,0.5772925615310669,0.6326900124549866,-0.18270528316497803,0.36299967765808105,0.2679465711116791,-0.43568721413612366,0.534606397151947,0.6152850985527039,0.007672091014683247,0.47668904066085815,0.617246687412262,-0.007811309304088354,0.5430189371109009,0.7688876390457153,0.03958634287118912,0.4706858694553375,0.7687114477157593,-0.0024947209749370813,0.5444128513336182,0.8996068239212036,0.21753759682178497,0.46346092224121094,0.9005443453788757,0.16814731061458588,0.53827303647995,0.9139556288719177,0.2274305820465088,0.4655072093009949,0.9136044979095459,0.1776212602853775,0.5507810115814209,0.9568690657615662,0.08537624776363373,0.4661214351654053,0.9562566876411438,0.0314214862883091
57,draw_tick,a07_s04_e01,0.5007745027542114,0.34138023853302,-0.2910197377204895,0.5059949159622192,0.3281310200691223,-0.27251237630844116,0.5086221694946289,0.32807227969169617,-0.2724778652191162,0.5112982392311096,0.32818856835365295,-0.2724573314189911,0.4951295256614685,0.32980185747146606,-0.2737255394458771,0.4905323088169098,0.33082807064056396,-0.2737642824649811,0.4863339364528656,0.3321797549724579,-0.27368468046188354,0.5167244076728821,0.333414226770401,-0.1555601954460144,0.48035311698913574,0.33778756856918335,-0.16579630970954895,0.5081664323806763,0.35638487339019775,-0.24712204933166504,0.4946136474609375,0.35847437381744385,-0.25019848346710205,0.5494531989097595,0.42246273159980774,-0.09149317443370819,0.44967132806777954,0.40143030881881714,-0.0897323489189148,0.5637508630752563,0.5286089181900024,-0.07255174219608307,0.3843168616294861,0.39604151248931885,-0.21110554039478302,0.5812966823577881,0.6134931445121765,-0.16511933505535126,0.3598094582557678,0.30638381838798523,-0.418775737285614,0.5848662257194519,0.6414356827735901,-0.19153578579425812,0.35396474599838257,0.2800746262073517,-0.4696176052093506,0.5804867148399353,0.6423167586326599,-0.22287090122699738,0.35932326316833496,0.27325695753097534,-0.46975475549697876,0.5773425698280334,0.6333449482917786,-0.18240734934806824,0.3630361557006836,0.28174152970314026,-0.42880257964134216,0.5343002080917358,0.6153591871261597,0.007734841667115688,0.47640934586524963,0.6172549724578857,-0.007875022478401661,0.5429589748382568,0.7686975598335266,0.04381869360804558,0.4706212878227234,0.7679425477981567,-0.0017679125303402543,0.5444123148918152,0.8996186852455139,0.20409774780273438,0.46342402696609497,0.9000460505485535,0.1590028554201126,0.5383342504501343,0.9143577814102173,0.21174296736717224,0.46547189354896545,0.9131210446357727,0.16730573773384094,0.5507873296737671,0.9566954374313354,0.0761200487613678,0.46612057089805603,0.955906867980957,0.02815229631960392
58,draw_tick,a07_s04_e01,0.5007354021072388,0.3410739600658417,-0.2679904103279114,0.5059703588485718,0.3281329572200775,-0.24867352843284607,0.5085994601249695,0.32807615399360657,-0.24864888191223145,0.5112948417663574,0.32818928360939026,-0.24862007796764374,0.49513062834739685,0.32964324951171875,-0.24922899901866913,0.49055200815200806,0.3305092453956604,-0.24925372004508972,0.4863758087158203,0.3315715491771698,-0.24918079376220703,0.5169320106506348,0.3334285616874695,-0.1317194402217865,0.4807208478450775,0.33725306391716003,-0.1394883543252945,0.5081697702407837,0.35591018199920654,-0.22475150227546692,0.4946215748786926,0.3570210635662079,-0.22707951068878174,0.5495591163635254,0.42246314883232117,-0.07083357870578766,0.45005378127098083,0.40270474553108215,-0.06621083617210388,0.563743531703949,0.528613269329071,-0.05891837924718857,0.3842751383781433,0.40723785758018494,-0.18844525516033173,0.5812416076660156,0.6135196089744568,-0.15656395256519318,0.35962074995040894,0.32582375407218933,-0.41415518522262573,0.584866464138031,0.6413745880126953,-0.18290531635284424,0.3536335229873657,0.3026564419269562,-0.46570760011672974,0.5805058479309082,0.6422923803329468,-0.2150140255689621,0.35898491740226746,0.2961488962173462,-0.46608224511146545,0.5773711204528809,0.63334059715271,-0.17290155589580536,0.36271747946739197,0.303429514169693,-0.4239911437034607,0.5341382026672363,0.6154884696006775,0.007744661066681147,0.47637733817100525,0.6174564957618713,-0.007890560664236546,0.5429537296295166,0.7682417035102844,0.04314715415239334,0.47052711248397827,0.7676727771759033,-0.002022594679147005,0.5440079569816589,0.8996126651763916,0.20507943630218506,0.4634022116661072,0.900055468082428,0.15714387595653534,0.537896990776062,0.9143937826156616,0.21333877742290497,0.46545466780662537,0.9136001467704773,0.16562651097774506,0.550629734992981,0.9570899605751038,0.07622833549976349,0.4664274752140045,0.9558210372924805,0.02712308242917061
59,draw_tick,a07_s04_e01,0.5007339119911194,0.3408130407333374,-0.2710772156715393,0.5059095621109009,0.32803574204444885,-0.25206923484802246,0.5085326433181763,0.3279949724674225,-0.25204893946647644,0.5112477540969849,0.3280932605266571,-0.25201350450515747,0.49513331055641174,0.32929694652557373,-0.25305724143981934,0.49063339829444885,0.3299621641635895,-0.2530849874019623,0.48655444383621216,0.33076852560043335,-0.25302010774612427,0.516943097114563,0.33340832591056824,-0.13286641240119934,0.4811651110649109,0.3369285464286804,-0.1425459235906601,0.5081637501716614,0.35521766543388367,-0.2266332358121872,0.49463027715682983,0.35572871565818787,-0.2295050173997879,0.5499913692474365,0.4224490523338318,-0.06656646728515625,0.4509161412715912,0.403049111366272,-0.06523475050926208,0.5637465715408325,0.5286179184913635,-0.05029645562171936,0.38493359088897705,0.42329180240631104,-0.1825534552335739,0.5812777876853943,0.6136024594306946,-0.1538475751876831,0.35960912704467773,0.3499925434589386,-0.41764014959335327,0.5849906206130981,0.6413578391075134,-0.1808079034090042,0.3536575436592102,0.32712069153785706,-0.4689788818359375,0.5807787775993347,0.6422781348228455,-0.21405312418937683,0.3589240610599518,0.3193947970867157,-0.47441649436950684,0.5776909589767456,0.633445143699646,-0.17013561725616455,0.36274030804634094,0.3277624249458313,-0.4289957582950592,0.5341328382492065,0.6154258251190186,0.007779871579259634,0.4764866828918457,0.6174604892730713,-0.007923760451376438,0.5429429411888123,0.7675138711929321,0.038722552359104156,0.47044309973716736,0.7667766213417053,-0.004670144058763981,0.5438925623893738,0.9004393219947815,0.19582930207252502,0.46337342262268066,0.9000529646873474,0.15119199454784393,0.5377804040908813,0.9163286089897156,0.20319464802742004,0.46538034081459045,0.9136987328529358,0.15918490290641785,0.5502859950065613,0.9576089978218079,0.06280595809221268,0.46669110655784607,0.9557077884674072,0.01745903678238392
60,draw_tick,a07_s04_e01,0.5007220506668091,0.3408660590648651,-0.2630903422832489,0.5059112310409546,0.3280433118343353,-0.24454323947429657,0.5085304975509644,0.32799720764160156,-0.2445264309644699,0.5112864971160889,0.32809215784072876,-0.24447114765644073,0.49513596296310425,0.32926613092422485,-0.24584178626537323,0.49066758155822754,0.32983043789863586,-0.2458709180355072,0.48662465810775757,0.33046913146972656,-0.245817631483078,0.5173467397689819,0.33344727754592896,-0.12314502894878387,0.4816811680793762,0.33681127429008484,-0.13500630855560303,0.5081606507301331,0.3552257716655731,-0.21753081679344177,0.49463802576065063,0.3555600941181183,-0.22097471356391907,0.5507950186729431,0.42303115129470825,-0.04867314174771309,0.4528951048851013,0.40527236461639404,-0.05773206427693367,0.5637849569320679,0.5291395783424377,-0.02781255543231964,0.39349597692489624,0.45075973868370056,-0.17370250821113586,0.5814498662948608,0.6145431995391846,-0.14691412448883057,0.3648673892021179,0.4060465395450592,-0.44399434328079224,0.5850526094436646,0.6416055560112,-0.1762944757938385,0.35549435019493103,0.3844476640224457,-0.4983355402946472,0.5809265375137329,0.6424719095230103,-0.21112363040447235,0.3616563081741333,0.3748379945755005,-0.5095922350883484,0.5779116153717041,0.6337578296661377,-0.16359224915504456,0.36695975065231323,0.383393257856369,-0.4569037854671478,0.5341247320175171,0.6155165433883667,0.007998828776180744,0.4765198230743408,0.6174663305282593,-0.00814162939786911,0.5429359078407288,0.7665640711784363,0.022654490545392036,0.4702698588371277,0.7660340070724487,-0.010679198428988457,0.5438429713249207,0.9004839658737183,0.19425839185714722,0.4634452760219574,0.9000659584999084,0.1501595824956894,0.5378279685974121,0.9163681268692017,0.20261533558368683,0.46563276648521423,0.9140021204948425,0.15840965509414673,0.5497477054595947,0.9575042724609375,0.06222347170114517,0.46652787923812866,0.9558786153793335,0.014100817032158375
61,draw_tick,a07_s04_e01,0.5009204745292664,0.34101736545562744,-0.26812201738357544,0.5060242414474487,0.3280760943889618,-0.2476329356431961,0.5086044669151306,0.32803356647491455,-0.24760699272155762,0.5115625262260437,0.3281257450580597,-0.24759428203105927,0.49534115195274353,0.3292689025402069,-0.24896100163459778,0.49101224541664124,0.3298300504684448,-0.24899227917194366,0.48710504174232483,0.33044055104255676,-0.2488977164030075,0.5176664590835571,0.33373144268989563,-0.12745536863803864,0.4823213517665863,0.33681318163871765,-0.13885048031806946,0.5082041025161743,0.35531964898109436,-0.2231440246105194,0.49484363198280334,0.35559001564979553,-0.2265770435333252,0.5514873266220093,0.4234413206577301,-0.052963703870773315,0.454017698764801,0.40813860297203064,-0.06456761807203293,0.5642038583755493,0.5291573405265808,-0.030772671103477478,0.40076231956481934,0.46702462434768677,-0.17956216633319855,0.5816970467567444,0.6152050495147705,-0.14698754251003265,0.3703503906726837,0.4334815442562103,-0.46255311369895935,0.5851214528083801,0.6421228051185608,-0.17730429768562317,0.3590776324272156,0.417706161737442,-0.516859233379364,0.5812726020812988,0.6430237889289856,-0.2128608673810959,0.3648359477519989,0.40831393003463745,-0.5308109521865845,0.5783485174179077,0.6342681050300598,-0.1638503521680832,0.37058067321777344,0.4136689007282257,-0.4762504994869232,0.5339489579200745,0.6155534982681274,0.008226027712225914,0.47653573751449585,0.6174711585044861,-0.008365822955965996,0.5429561734199524,0.7655426263809204,0.016315747052431107,0.47019100189208984,0.7654073238372803,-0.01373361051082611,0.5438815355300903,0.9023370742797852,0.18093758821487427,0.4635125994682312,0.9000900983810425,0.143570676445961,0.5380256772041321,0.9189788699150085,0.18816259503364563,0.46624094247817993,0.9143887758255005,0.15114828944206238,0.5497482419013977,0.9581605195999146,0.04458367079496384,0.4661133885383606,0.9560107588768005,0.005212601274251938
62,draw_tick,a07_s04_e01,0.5009593367576599,0.3406621217727661,-0.2660042643547058,0.5060807466506958,0.3279416859149933,-0.24796736240386963,0.5086867213249207,0.32789042592048645,-0.24795541167259216,0.5118428468704224,0.32793128490448,-0.24791677296161652,0.49534597992897034,0.3290746808052063,-0.2493344247341156,0.49102672934532166,0.3295392394065857,-0.24937033653259277,0.48719292879104614,0.32997027039527893,-0.2493220865726471,0.5180964469909668,0.33356237411499023,-0.12686468660831451,0.48257046937942505,0.33657413721084595,-0.1383262574672699,0.5082677602767944,0.35511893033981323,-0.2198985069990158,0.4948488175868988,0.3551951050758362,-0.2232365906238556,0.5519546270370483,0.4239719808101654,-0.04320203885436058,0.45504656434059143,0.4082406759262085,-0.060569554567337036,0.5645091533660889,0.5298609137535095,-0.01795356161892414,0.409044086933136,0.4782960116863251,-0.16406004130840302,0.5822018384933472,0.6167688965797424,-0.13917973637580872,0.37852147221565247,0.46522098779678345,-0.4453957974910736,0.5852777361869812,0.6436595916748047,-0.16834160685539246,0.3656347393989563,0.45225995779037476,-0.49794453382492065,0.5816694498062134,0.6443915963172913,-0.20531609654426575,0.37039250135421753,0.4425244629383087,-0.5126375555992126,0.5789622664451599,0.6354691386222839,-0.15634235739707947,0.37667346000671387,0.44688060879707336,-0.45900607109069824,0.5339155197143555,0.6158402562141418,0.010567490942776203,0.4765467047691345,0.6174666881561279,-0.010683590546250343,0.5431357622146606,0.7645432949066162,0.016547976061701775,0.4701694846153259,0.7654256224632263,-0.023414500057697296,0.5437777042388916,0.9033605456352234,0.16951504349708557,0.4635260999202728,0.9003259539604187,0.12308186292648315,0.5377998352050781,0.9215494990348816,0.1750299483537674,0.4663776755332947,0.9153397083282471,0.12919752299785614,0.5497398972511292,0.9582309126853943,0.033231887966394424,0.46594947576522827,0.9561945199966431,-0.016609961166977882
63,draw_tick,a07_s04_e01,0.5012571215629578,0.33913952112197876,-0.22641578316688538,0.5063918828964233,0.32684558629989624,-0.20748193562030792,0.5090804100036621,0.32674640417099,-0.207492396235466,0.5125471353530884,0.326767235994339,-0.20744630694389343,0.4954420030117035,0.32796764373779297,-0.21015074849128723,0.4911312162876129,0.3284686505794525,-0.21017375588417053,0.48731938004493713,0.32893693447113037,-0.21014025807380676,0.5187171697616577,0.33295106887817383,-0.0829443410038948,0.4829210638999939,0.3360998034477234,-0.09987331926822662,0.5086513757705688,0.35409897565841675,-0.17925186455249786,0.4949427545070648,0.3540893793106079,-0.18410973250865936,0.5523577928543091,0.42417457699775696,-0.0013736025430262089,0.45629698038101196,0.4091053605079651,-0.029840823262929916,0.5645536780357361,0.529839277267456,0.01813083328306675,0.41777342557907104,0.48420125246047974,-0.12219326198101044,0.5824544429779053,0.6167179346084595,-0.11297640949487686,0.38698261976242065,0.4915676414966583,-0.399617075920105,0.5854051113128662,0.643807590007782,-0.14521363377571106,0.373881071805954,0.4899304211139679,-0.45334094762802124,0.5820239782333374,0.6443901658058167,-0.18314750492572784,0.37818485498428345,0.48022398352622986,-0.4787486493587494,0.579379141330719,0.6354326009750366,-0.13125112652778625,0.3840830326080322,0.48098328709602356,-0.41680923104286194,0.5339322090148926,0.6158233880996704,0.012623059563338757,0.47684454917907715,0.6170957684516907,-0.012683567591011524,0.5435147285461426,0.7645180225372314,0.008270809426903725,0.4702523648738861,0.7654675245285034,-0.033785130828619,0.5437146425247192,0.9037715792655945,0.16262145340442657,0.46357598900794983,0.9016996622085571,0.10993824154138565,0.5375425219535828,0.9221543669700623,0.1683635711669922,0.4666483402252197,0.9162259697914124,0.1154695600271225,0.5495994687080383,0.9585809707641602,0.026481488719582558,0.46607428789138794,0.9570278525352478,-0.0321183055639267
64,draw_tick,a07_s04_e01,0.5022801160812378,0.33864015340805054,-0.22273938357830048,0.5070923566818237,0.3265744745731354,-0.20284457504749298,0.5098103284835815,0.32651615142822266,-0.2028626650571823,0.513594925403595,0.32656633853912354,-0.20283126831054688,0.4959723949432373,0.327538400888443,-0.20655083656311035,0.49164652824401855,0.328054815530777,-0.20657077431678772,0.48777341842651367,0.3285502791404724,-0.2065378725528717,0.5192520022392273,0.33287477493286133,-0.07281394302845001,0.4833707809448242,0.33577826619148254,-0.09427942335605621,0.5093510746955872,0.3539465367794037,-0.17337164282798767,0.4954734742641449,0.3538239896297455,-0.17956547439098358,0.5523926615715027,0.4246837794780731,0.014220036566257477,0.45724350214004517,0.40972936153411865,-0.027081042528152466,0.5645381212234497,0.5298400521278381,0.0379263199865818,0.42192524671554565,0.48879143595695496,-0.11135737597942352,0.5824804306030273,0.6167914271354675,-0.09651513397693634,0.3908492922782898,0.5114049315452576,-0.38179558515548706,0.5854077935218811,0.644210159778595,-0.13066110014915466,0.37843284010887146,0.5178864002227783,-0.437553733587265,0.5821061730384827,0.6447320580482483,-0.17114977538585663,0.384054571390152,0.509940505027771,-0.4639095366001129,0.5795142650604248,0.6356822848320007,-0.11624740064144135,0.38996902108192444,0.5081600546836853,-0.39945554733276367,0.5340255498886108,0.6157762408256531,0.014328481629490852,0.47740134596824646,0.6167163252830505,-0.0143369035795331,0.5439052581787109,0.7645214200019836,0.0015224898234009743,0.4704269766807556,0.7657774686813354,-0.04088182747364044,0.5437086820602417,0.9038829207420349,0.16704578697681427,0.4635486602783203,0.9050516486167908,0.106450155377388,0.5375379323959351,0.9220419526100159,0.17407217621803284,0.4666910171508789,0.918792188167572,0.11208846420049667,0.5494757890701294,0.9586163759231567,0.031739529222249985,0.4660712778568268,0.9590650200843811,-0.039145033806562424
65,draw_tick,a07_s04_e01,0.5031628012657166,0.33856552839279175,-0.2674148380756378,0.5076962113380432,0.3265601098537445,-0.24877123534679413,0.5104261040687561,0.32651880383491516,-0.2487877607345581,0.514350175857544,0.32657474279403687,-0.24876396358013153,0.49657970666885376,0.3273894488811493,-0.2526640295982361,0.49227818846702576,0.327889084815979,-0.25268810987472534,0.48842930793762207,0.3283667266368866,-0.25269797444343567,0.5196769833564758,0.3328803479671478,-0.11370795965194702,0.4837576448917389,0.33546918630599976,-0.13597944378852844,0.509905993938446,0.35395845770835876,-0.21536774933338165,0.49601858854293823,0.3537392318248749,-0.22176015377044678,0.5524378418922424,0.4247528910636902,-0.008999078534543514,0.4571637213230133,0.41013380885124207,-0.061937492340803146,0.5644403696060181,0.5298422574996948,0.010344339534640312,0.42727532982826233,0.4941560626029968,-0.13051478564739227,0.5824645161628723,0.6167556643486023,-0.11316971480846405,0.39365917444229126,0.5351759791374207,-0.3740577697753906,0.585369884967804,0.6444256901741028,-0.14336635172367096,0.38464757800102234,0.5518494248390198,-0.4273270070552826,0.5821136236190796,0.6448719501495361,-0.17516227066516876,0.38966771960258484,0.5468891263008118,-0.45742812752723694,0.5795338749885559,0.6357614398002625,-0.13116608560085297,0.3943663537502289,0.5418193340301514,-0.39264363050460815,0.5341119170188904,0.6157738566398621,0.014224809594452381,0.47779759764671326,0.6166906356811523,-0.014234212227165699,0.5440022945404053,0.7645425200462341,0.0007535028271377087,0.47050222754478455,0.7663527131080627,-0.03821065276861191,0.5437828302383423,0.9037907123565674,0.1729273796081543,0.46354585886001587,0.9070658087730408,0.11521325260400772,0.5377225875854492,0.9219068884849548,0.1803588569164276,0.466818630695343,0.9207935333251953,0.12156663835048676,0.5488720536231995,0.958608865737915,0.03683443367481232,0.4660734534263611,0.9596741795539856,-0.031011316925287247
66,draw_tick,a07_s04_e01,0.5035429000854492,0.3385878801345825,-0.3030743896961212,0.5080571174621582,0.32657352089881897,-0.2871630787849426,0.5108323693275452,0.32655414938926697,-0.28716057538986206,0.5148105025291443,0.3266379237174988,-0.28711721301078796,0.4968814253807068,0.3273915648460388,-0.2892623841762543,0.49261674284935,0.3278927206993103,-0.28928181529045105,0.4888516068458557,0.32837140560150146,-0.28930363059043884,0.5200640559196472,0.33297914266586304,-0.16256475448608398,0.4839818477630615,0.3354549705982208,-0.17527517676353455,0.5101927518844604,0.353990375995636,-0.2542014718055725,0.49625158309936523,0.35376617312431335,-0.2580083906650543,0.5526209473609924,0.42475810647010803,-0.05646757036447525,0.45709872245788574,0.41024842858314514,-0.08856318145990372,0.5644059777259827,0.5302802920341492,0.0022202664986252785,0.4312764108181,0.4981076419353485,-0.08966470509767532,0.5820584893226624,0.6167479157447815,-0.10905420780181885,0.40240469574928284,0.5575278401374817,-0.2567206919193268,0.5851438641548157,0.6446558237075806,-0.13704878091812134,0.3954930901527405,0.5781778693199158,-0.2972204089164734,0.5819600224494934,0.6449438333511353,-0.177817702293396,0.39887863397598267,0.5749695301055908,-0.3347552716732025,0.5792665481567383,0.6357993483543396,-0.12829750776290894,0.4028269350528717,0.568461537361145,-0.27612921595573425,0.5341981053352356,0.6157972812652588,0.013113075867295265,0.47790446877479553,0.6165770292282104,-0.013102630153298378,0.5440139174461365,0.7645606994628906,0.00402380945160985,0.4706103801727295,0.7664852142333984,-0.03390238434076309,0.5437375903129578,0.903781533241272,0.16906428337097168,0.46355122327804565,0.9068803787231445,0.11836476624011993,0.5376864075660706,0.9218604564666748,0.17584499716758728,0.46695464849472046,0.9206574559211731,0.1245032399892807,0.5482453107833862,0.9585750102996826,0.030555546283721924,0.4660765528678894,0.9596275091171265,-0.025953972712159157
67,draw_tick,a07_s04_e01,0.5042755603790283,0.33860495686531067,-0.30641186237335205,0.508665919303894,0.3265819847583771,-0.29003584384918213,0.5115123987197876,0.3265617787837982,-0.29003551602363586,0.5155180096626282,0.32665592432022095,-0.2899937033653259,0.4975244998931885,0.3273685574531555,-0.29256778955459595,0.49320274591445923,0.3278788626194,-0.29257601499557495,0.4893941879272461,0.3283638656139374,-0.29260164499282837,0.5204474329948425,0.3330146372318268,-0.16733680665493011,0.4841594696044922,0.3354136049747467,-0.18155251443386078,0.510633111000061,0.35399529337882996,-0.2584325671195984,0.49685391783714294,0.35372045636177063,-0.26262056827545166,0.5526126623153687,0.424431174993515,-0.06526912748813629,0.45706766843795776,0.4105914831161499,-0.09318093210458755,0.5640628933906555,0.5302320718765259,0.007189852185547352,0.4321426749229431,0.5049763321876526,-0.051591284573078156,0.5818501114845276,0.6167364716529846,-0.09871835261583328,0.4113016724586487,0.5801437497138977,-0.16184595227241516,0.5849952101707458,0.6448176503181458,-0.1260991096496582,0.40591320395469666,0.6055184602737427,-0.19458097219467163,0.5818814039230347,0.64496248960495,-0.16895493865013123,0.40944337844848633,0.6039706468582153,-0.23356017470359802,0.5791980624198914,0.6357899904251099,-0.11830596625804901,0.4136425852775574,0.594546914100647,-0.17986224591732025,0.5345773696899414,0.6158061623573303,0.012355350889265537,0.4783605933189392,0.6163926720619202,-0.012338823638856411,0.544064998626709,0.7645691633224487,0.00214539491571486,0.4708032011985779,0.7664909362792969,-0.03179027885198593,0.5436293482780457,0.9038195013999939,0.16480714082717896,0.4635535180568695,0.9066967368125916,0.12124921381473541,0.5374665260314941,0.9217409491539001,0.1715983897447586,0.4669836163520813,0.9205335378646851,0.12768594920635223,0.5481974482536316,0.9586265683174133,0.026196369901299477,0.46613994240760803,0.9595968723297119,-0.021753158420324326
68,draw_tick,a07_s04_e01,0.5047791600227356,0.33861878514289856,-0.31802526116371155,0.5090600848197937,0.32658684253692627,-0.30164194107055664,0.5118957161903381,0.3265742361545563,-0.30164387822151184,0.5158628225326538,0.32669374346733093,-0.3016063868999481,0.4980407655239105,0.32737016677856445,-0.3046196699142456,0.4936660826206207,0.32788485288619995,-0.30463671684265137,0.4897182881832123,0.3283712565898895,-0.30467188358306885,0.5205295085906982,0.3330516517162323,-0.180333212018013,0.48419785499572754,0.33542150259017944,-0.19606655836105347,0.5108205080032349,0.3540036976337433,-0.27065449953079224,0.497246652841568,0.35372427105903625,-0.27528002858161926,0.5524945259094238,0.42352068424224854,-0.08371227979660034,0.45682892203330994,0.4111618399620056,-0.1072196215391159,0.5636758804321289,0.5292539596557617,-0.006883478723466396,0.43311452865600586,0.5139583349227905,-0.06495514512062073,0.5814655423164368,0.6156602501869202,-0.09915328770875931,0.41756319999694824,0.5981477499008179,-0.1696641594171524,0.5845881104469299,0.644644021987915,-0.13122858107089996,0.41373953223228455,0.6263657212257385,-0.20116758346557617,0.5816920399665833,0.6446482539176941,-0.16971610486507416,0.41874510049819946,0.6247125267982483,-0.2388339340686798,0.5790273547172546,0.6353434324264526,-0.12025757879018784,0.4221249520778656,0.6160743236541748,-0.18678109347820282,0.5349207520484924,0.6158053278923035,0.010393321514129639,0.4784014821052551,0.6163947582244873,-0.010405458509922028,0.5441018342971802,0.7645784616470337,-0.0022784494794905186,0.47088298201560974,0.7665797472000122,-0.030979767441749573,0.5436285734176636,0.9038044214248657,0.16320304572582245,0.4635225236415863,0.9065631628036499,0.12283937633037567,0.537480354309082,0.9216864109039307,0.17061683535575867,0.4669865071773529,0.9204128980636597,0.1294245421886444,0.547825813293457,0.9585632085800171,0.027364253997802734,0.46598920226097107,0.9595759510993958,-0.01638990268111229
69,draw_tick,a07_s04_e01,0.5047523975372314,0.33868783712387085,-0.30810898542404175,0.5091168284416199,0.32663482427597046,-0.2915417551994324,0.5119239091873169,0.32664406299591064,-0.29154783487319946,0.5158430337905884,0.32679280638694763,-0.29151415824890137,0.49811363220214844,0.3273850381374359,-0.29450899362564087,0.49374517798423767,0.32790839672088623,-0.2945252060890198,0.4897955358028412,0.3283988833427429,-0.2945569157600403,0.520532488822937,0.33310574293136597,-0.17144045233726501,0.4842075705528259,0.33542191982269287,-0.18717561662197113,0.5108176469802856,0.35400864481925964,-0.2612757384777069,0.49725398421287537,0.35373541712760925,-0.26588645577430725,0.5523776412010193,0.42230790853500366,-0.07720696926116943,0.45630019903182983,0.41158831119537354,-0.10210411250591278,0.5630066394805908,0.5287911295890808,-0.007199340499937534,0.43541425466537476,0.5185301899909973,-0.06033946946263313,0.581285834312439,0.6145858764648438,-0.10771556198596954,0.42275795340538025,0.6073917150497437,-0.16587747633457184,0.5844268798828125,0.6443777084350586,-0.1374296247959137,0.4194425046443939,0.6360769867897034,-0.1980438232421875,0.5815173983573914,0.6443161368370056,-0.17700210213661194,0.42577672004699707,0.6340882778167725,-0.23543882369995117,0.5788124203681946,0.6346228718757629,-0.12740088999271393,0.42889976501464844,0.626020073890686,-0.18283246457576752,0.5352393984794617,0.6157032251358032,0.00925426185131073,0.4784017503261566,0.6163971424102783,-0.009281494654715061,0.5441449284553528,0.7646036148071289,-0.0075581870041787624,0.4709164500236511,0.7667313814163208,-0.030389565974473953,0.5436158776283264,0.9037845730781555,0.15953078866004944,0.4634576737880707,0.9064592123031616,0.12357904016971588,0.5374763607978821,0.9215383529663086,0.16731783747673035,0.4669840931892395,0.9204193949699402,0.13025471568107605,0.5476599931716919,0.9584735631942749,0.026673337444663048,0.46566087007522583,0.9595515131950378,-0.016036445274949074
70,draw_tick,a07_s04_e01,0.5047264099121094,0.3386835753917694,-0.31227928400039673,0.5091144442558289,0.3265734314918518,-0.29593315720558167,0.5119088292121887,0.3266047239303589,-0.29593807458877563,0.5158079266548157,0.32676246762275696,-0.2959056496620178,0.4981047213077545,0.3272973597049713,-0.29917871952056885,0.4937383532524109,0.32784271240234375,-0.29919856786727905,0.48979201912879944,0.3283698856830597,-0.29923775792121887,0.520529568195343,0.3330656588077545,-0.1767253577709198,0.4841495156288147,0.3353888690471649,-0.1935754120349884,0.5108141303062439,0.3539259135723114,-0.2657455801963806,0.4972241520881653,0.3536912798881531,-0.2706781327724457,0.5521320104598999,0.4216371476650238,-0.08144441992044449,0.4553745687007904,0.4118212163448334,-0.11078497022390366,0.5625800490379333,0.5287611484527588,-0.009087522514164448,0.4361000061035156,0.522227942943573,-0.0712626501917839,0.5810662508010864,0.6145897507667542,-0.11139001697301865,0.4245002269744873,0.6156327128410339,-0.17440193891525269,0.5841718912124634,0.6445297598838806,-0.14006567001342773,0.4222690165042877,0.6439783573150635,-0.20627669990062714,0.5812456011772156,0.6444365382194519,-0.180103600025177,0.4289734363555908,0.6426162123680115,-0.2431398630142212,0.5785146951675415,0.6346479654312134,-0.13057628273963928,0.4316008985042572,0.634649395942688,-0.19101139903068542,0.5352802872657776,0.6156788468360901,0.009142344817519188,0.47820043563842773,0.6164283752441406,-0.009178344160318375,0.5441709756851196,0.7647735476493835,-0.0076322173699736595,0.4708995223045349,0.7669451832771301,-0.030053740367293358,0.5436229705810547,0.903427004814148,0.16299816966056824,0.4633433222770691,0.9063965082168579,0.12519904971122742,0.5374953746795654,0.9206980466842651,0.17079727351665497,0.4668557047843933,0.9203802943229675,0.13253889977931976,0.5475732684135437,0.9583265781402588,0.026945581659674644,0.46551433205604553,0.9595134854316711,-0.010511348024010658
71,draw_tick,a07_s04_e01,0.5046315789222717,0.3386763036251068,-0.3292049467563629,0.5091049075126648,0.3265017569065094,-0.31329798698425293,0.511899471282959,0.32657092809677124,-0.31329411268234253,0.5157890915870667,0.32675209641456604,-0.31325921416282654,0.49807125329971313,0.3271541893482208,-0.31696587800979614,0.4936576783657074,0.3277025818824768,-0.3170001208782196,0.4896911680698395,0.3282662630081177,-0.31704530119895935,0.520526647567749,0.33307090401649475,-0.19308237731456757,0.48394709825515747,0.33530887961387634,-0.21193662285804749,0.5107715725898743,0.35391899943351746,-0.2820453643798828,0.4970583915710449,0.35368889570236206,-0.28756964206695557,0.5519141554832458,0.4215453863143921,-0.09151840209960938,0.45449376106262207,0.41224244236946106,-0.128501757979393,0.5623263120651245,0.5292888879776001,-0.013778207823634148,0.4390697479248047,0.5290586948394775,-0.08230339735746384,0.5808119177818298,0.6149404644966125,-0.11308057606220245,0.42771023511886597,0.6223833560943604,-0.1822492778301239,0.5838673710823059,0.6452053785324097,-0.13996867835521698,0.4244156777858734,0.6498851180076599,-0.21300509572029114,0.5808939933776855,0.6452286839485168,-0.1806754767894745,0.4300205111503601,0.6489974856376648,-0.2510735094547272,0.578066885471344,0.6352958083152771,-0.13200616836547852,0.432946115732193,0.6403334140777588,-0.1991642862558365,0.5352867841720581,0.6156794428825378,0.00965006835758686,0.47799086570739746,0.6165884137153625,-0.009704814292490482,0.5442067384719849,0.7649779915809631,-0.00455968314781785,0.47090187668800354,0.7670781016349792,-0.030066967010498047,0.5436204075813293,0.9034152626991272,0.1646927446126938,0.463254451751709,0.9063330292701721,0.12543530762195587,0.537490725517273,0.9206778407096863,0.17249654233455658,0.46665191650390625,0.920339047908783,0.13264259696006775,0.5475898385047913,0.9583094716072083,0.028256123885512352,0.4654659628868103,0.9594975113868713,-0.010162927210330963
72,draw_tick,a07_s04_e01,0.5043402314186096,0.3386048674583435,-0.32952025532722473,0.5090419054031372,0.3263770639896393,-0.3137419819831848,0.5118393301963806,0.32648640871047974,-0.3137403130531311,0.51569664478302,0.3266865611076355,-0.3137080669403076,0.4978609085083008,0.3270200192928314,-0.317002534866333,0.4933716356754303,0.3275916278362274,-0.31703704595565796,0.48944926261901855,0.32820144295692444,-0.31708329916000366,0.520524263381958,0.3330620527267456,-0.1939183622598648,0.483700692653656,0.33527955412864685,-0.21072573959827423,0.5106804966926575,0.35383233428001404,-0.2825061082839966,0.49676260352134705,0.3536578118801117,-0.28746527433395386,0.5517249703407288,0.42142361402511597,-0.0927877277135849,0.45409196615219116,0.41248366236686707,-0.1273770034313202,0.5621317028999329,0.5295708179473877,-0.015904925763607025,0.4408005177974701,0.5292840600013733,-0.08154424279928207,0.5804985165596008,0.6152161955833435,-0.11405634880065918,0.42959532141685486,0.6216755509376526,-0.1785505712032318,0.5835614204406738,0.6455786228179932,-0.14035125076770782,0.4262593686580658,0.6493281126022339,-0.20919497311115265,0.5804495215415955,0.6456877589225769,-0.18121831119060516,0.43135762214660645,0.6488559246063232,-0.24793604016304016,0.5775922536849976,0.6357357501983643,-0.13283021748065948,0.434339702129364,0.6396316885948181,-0.19578441977500916,0.5352860689163208,0.6156836748123169,0.009832466021180153,0.4776906371116638,0.6166500449180603,-0.009896435774862766,0.5442527532577515,0.7650617957115173,-0.004509185440838337,0.4709036350250244,0.7670827507972717,-0.03042266145348549,0.5436158776283264,0.9034051299095154,0.16541321575641632,0.4632069170475006,0.9062543511390686,0.1267203837633133,0.5374816060066223,0.920663058757782,0.17333057522773743,0.46657198667526245,0.9203025102615356,0.13427191972732544,0.5475940108299255,0.958287239074707,0.03010704182088375,0.46532145142555237,0.9594843983650208,-0.008963010273873806
73,draw_tick,a07_s04_e01,0.503627359867096,0.33836737275123596,-0.3328849673271179,0.5087243318557739,0.32611167430877686,-0.31707924604415894,0.5115859508514404,0.3262454569339752,-0.31707730889320374,0.5152941942214966,0.32645443081855774,-0.31704503297805786,0.4972669184207916,0.3268302381038666,-0.3199459910392761,0.4927222728729248,0.32744643092155457,-0.31998252868652344,0.48894089460372925,0.32811442017555237,-0.3200300633907318,0.5204635262489319,0.33290430903434753,-0.19757118821144104,0.4832094609737396,0.3352621793746948,-0.21238593757152557,0.5104410648345947,0.3535451889038086,-0.2860930860042572,0.4961410462856293,0.3535347580909729,-0.29048222303390503,0.5516148805618286,0.4213722050189972,-0.09737960994243622,0.4536794126033783,0.41286376118659973,-0.12906906008720398,0.5620359778404236,0.5297955870628357,-0.021767236292362213,0.4415438771247864,0.530816376209259,-0.0826377272605896,0.5802093744277954,0.6157874464988708,-0.11726550757884979,0.4302767813205719,0.6236776113510132,-0.1791485846042633,0.5832744836807251,0.6461471915245056,-0.14216601848602295,0.42705264687538147,0.6513826847076416,-0.20976606011390686,0.579839289188385,0.6463272571563721,-0.1831224113702774,0.4322049021720886,0.6512100100517273,-0.2486971616744995,0.5768409967422485,0.6363970637321472,-0.1356634497642517,0.4350486397743225,0.6421184539794922,-0.19648663699626923,0.5352855920791626,0.6156848073005676,0.009841835126280785,0.4774840474128723,0.6167032718658447,-0.009908905252814293,0.5442759990692139,0.7650948762893677,-0.004642236977815628,0.47090309858322144,0.7671558260917664,-0.030230050906538963,0.543616771697998,0.9033004641532898,0.16724666953086853,0.4631780683994293,0.9061917066574097,0.1324528157711029,0.5374768972396851,0.9203941226005554,0.17596349120140076,0.4665236473083496,0.9202801585197449,0.140578955411911,0.5475993156433105,0.958238959312439,0.03361828252673149,0.465293824672699,0.9594964385032654,-0.0038227152545005083
74,draw_tick,a07_s04_e01,0.5031477808952332,0.33824267983436584,-0.33239299058914185,0.5084209442138672,0.32598331570625305,-0.3162781894207001,0.5113199949264526,0.32612544298171997,-0.31627780199050903,0.5148292779922485,0.32634925842285156,-0.3162488639354706,0.49681535363197327,0.32675254344940186,-0.3192223906517029,0.4922729432582855,0.3273928761482239,-0.31925681233406067,0.4885943830013275,0.32809364795684814,-0.31930267810821533,0.5202745199203491,0.33284270763397217,-0.19686511158943176,0.48289090394973755,0.3352615535259247,-0.21201708912849426,0.5102335214614868,0.35333478450775146,-0.28582239151000977,0.495755672454834,0.3534306287765503,-0.2902984023094177,0.5515297651290894,0.42136332392692566,-0.09778036177158356,0.4534240663051605,0.4134257137775421,-0.12985578179359436,0.5620320439338684,0.5299041867256165,-0.023496808484196663,0.44206300377845764,0.5317400097846985,-0.0837322548031807,0.5801011919975281,0.6163362860679626,-0.11782605946063995,0.43035292625427246,0.6233471632003784,-0.17961595952510834,0.5830972194671631,0.6465281248092651,-0.14240923523902893,0.42765530943870544,0.6504824757575989,-0.210310697555542,0.5795130133628845,0.6467490792274475,-0.18334047496318817,0.4327077269554138,0.6501678228378296,-0.24892553687095642,0.5764871835708618,0.6369170546531677,-0.13605090975761414,0.43534621596336365,0.6412947773933411,-0.19688501954078674,0.5352823734283447,0.6156929731369019,0.0099636260420084,0.4773336946964264,0.616741418838501,-0.010036682710051537,0.5442831516265869,0.7652345299720764,-0.005003382917493582,0.47090238332748413,0.7672938108444214,-0.030436113476753235,0.5436059832572937,0.9032912850379944,0.16805791854858398,0.46312814950942993,0.9061465859413147,0.1336970031261444,0.5374616384506226,0.920333206653595,0.17712604999542236,0.4664672315120697,0.9202482104301453,0.14189989864826202,0.5476189255714417,0.9582062363624573,0.03543125465512276,0.46524396538734436,0.9595474004745483,-0.0028765746392309666
75,draw_tick,a07_s04_e01,0.5012966394424438,0.33816415071487427,-0.3324933648109436,0.5071283578872681,0.32594212889671326,-0.31679466366767883,0.510506272315979,0.32604873180389404,-0.31679537892341614,0.5136655569076538,0.3262968063354492,-0.3167673647403717,0.4953433573246002,0.32674992084503174,-0.3188042640686035,0.4911709427833557,0.327393114566803,-0.3188396096229553,0.4877336621284485,0.3281063139438629,-0.318890243768692,0.5198220014572144,0.33280208706855774,-0.19833596050739288,0.48255211114883423,0.33528557419776917,-0.20905005931854248,0.5093339085578918,0.3531237840652466,-0.2862253487110138,0.4943493902683258,0.35330188274383545,-0.2894412875175476,0.5515091419219971,0.42136186361312866,-0.09972040355205536,0.45332932472229004,0.4134018123149872,-0.12578269839286804,0.5620635151863098,0.529953122138977,-0.026717308908700943,0.4420998990535736,0.5289572477340698,-0.07711397111415863,0.5800576210021973,0.6172506213188171,-0.1213914155960083,0.4298722743988037,0.6209976673126221,-0.17306438088417053,0.5829680562019348,0.6469480395317078,-0.1460181027650833,0.42707109451293945,0.6484134793281555,-0.2039165049791336,0.5793134570121765,0.6472697854042053,-0.18725022673606873,0.4320085942745209,0.6476553678512573,-0.2439235895872116,0.5763112306594849,0.6375311613082886,-0.13955290615558624,0.43481555581092834,0.6388628482818604,-0.19108475744724274,0.5352817177772522,0.6157342791557312,0.009816158562898636,0.47718554735183716,0.616887092590332,-0.009893578477203846,0.5442900061607361,0.7653007507324219,-0.004824458621442318,0.4709070324897766,0.767336905002594,-0.030229810625314713,0.5435567498207092,0.9032840132713318,0.16817498207092285,0.46310266852378845,0.9061137437820435,0.13565100729465485,0.537426769733429,0.9203096628189087,0.17715980112552643,0.46645641326904297,0.9203579425811768,0.14364835619926453,0.5476236939430237,0.9581782221794128,0.03519070893526077,0.46515369415283203,0.9595831632614136,-0.002230276120826602
76,draw_tick,a07_s04_e01,0.49987348914146423,0.33790844678878784,-0.33458834886550903,0.5060356259346008,0.3258301615715027,-0.3189380168914795,0.5097522735595703,0.32587653398513794,-0.3189379870891571,0.5127385854721069,0.3261432945728302,-0.3189108967781067,0.4941246509552002,0.32670721411705017,-0.32043778896331787,0.4902292788028717,0.32736411690711975,-0.32047492265701294,0.48690733313560486,0.3280920386314392,-0.32052773237228394,0.5193566083908081,0.3326649069786072,-0.20091155171394348,0.48222869634628296,0.335288405418396,-0.20926888287067413,0.5084601044654846,0.352713406085968,-0.28859174251556396,0.49322789907455444,0.35300734639167786,-0.2911180853843689,0.5514981150627136,0.42136624455451965,-0.10226218402385712,0.4531734585762024,0.4134690463542938,-0.12605023384094238,0.5621370673179626,0.5299513936042786,-0.0301032904535532,0.4416094422340393,0.5281109809875488,-0.07745771110057831,0.5800450444221497,0.6177669763565063,-0.12471127510070801,0.4300713539123535,0.6199096441268921,-0.1743583381175995,0.5829285383224487,0.6472877264022827,-0.14944006502628326,0.4269370138645172,0.6466923952102661,-0.2052631676197052,0.5791929960250854,0.6477378010749817,-0.1904142200946808,0.4316132664680481,0.6457828879356384,-0.24472574889659882,0.5761934518814087,0.6380437016487122,-0.142729252576828,0.4345323443412781,0.6368638277053833,-0.19217869639396667,0.5352584719657898,0.6157519817352295,0.009780407883226871,0.47696104645729065,0.6170095205307007,-0.00986056961119175,0.5442971587181091,0.7653597593307495,-0.006015203893184662,0.47091418504714966,0.7673417925834656,-0.030297014862298965,0.5435358285903931,0.9032774567604065,0.16832831501960754,0.46309804916381836,0.9061046242713928,0.13615871965885162,0.537355899810791,0.9202888607978821,0.17719046771526337,0.46644553542137146,0.9203957915306091,0.14419446885585785,0.5476446747779846,0.9581432938575745,0.03515617176890373,0.4651499390602112,0.9596216678619385,-0.002121703000739217
77,draw_tick,a07_s04_e01,0.4989315867424011,0.337872713804245,-0.33034980297088623,0.505231499671936,0.3258238732814789,-0.3143199384212494,0.5091280341148376,0.3258485198020935,-0.31431955099105835,0.5120218992233276,0.3261186182498932,-0.3142903745174408,0.493373304605484,0.3267127275466919,-0.31668493151664734,0.4896458685398102,0.32738009095191956,-0.31672149896621704,0.4864068031311035,0.3281300365924835,-0.31675928831100464,0.5189010500907898,0.3326388895511627,-0.19570857286453247,0.4820789694786072,0.3353327810764313,-0.20834843814373016,0.5077975392341614,0.35259416699409485,-0.2839168310165405,0.4925212860107422,0.35291701555252075,-0.28749069571495056,0.5514856576919556,0.42131322622299194,-0.09911026060581207,0.4531603455543518,0.41346538066864014,-0.12482117116451263,0.5622029900550842,0.5295258164405823,-0.0301839467138052,0.4409934878349304,0.5274122953414917,-0.06855545938014984,0.5800358057022095,0.6177603006362915,-0.12765906751155853,0.4291481375694275,0.6191980838775635,-0.1652871072292328,0.582899808883667,0.6472721099853516,-0.15338964760303497,0.4260067343711853,0.6466474533081055,-0.19639459252357483,0.5791350603103638,0.6477224826812744,-0.19405221939086914,0.43105626106262207,0.6457507014274597,-0.2354593575000763,0.5761665105819702,0.6380383372306824,-0.14567813277244568,0.43394121527671814,0.6367995142936707,-0.1829797327518463,0.5352562069892883,0.615767776966095,0.009037180803716183,0.47695010900497437,0.6170331835746765,-0.009121289476752281,0.5443006753921509,0.7655400037765503,-0.008528849110007286,0.4709148406982422,0.7673940062522888,-0.030211761593818665,0.5434651970863342,0.9032842516899109,0.16756710410118103,0.4630517363548279,0.9060832858085632,0.13685496151447296,0.5372757315635681,0.9202523827552795,0.17640069127082825,0.466422975063324,0.9204164743423462,0.1448841392993927,0.5476490259170532,0.9580846428871155,0.03350391983985901,0.4651051163673401,0.9596246480941772,-0.0010713889496400952
78,draw_tick,a07_s04_e01,0.49850398302078247,0.33782535791397095,-0.3283877372741699,0.5048507452011108,0.3258141875267029,-0.31273922324180603,0.508801281452179,0.32581743597984314,-0.3127439320087433,0.5116609334945679,0.32609307765960693,-0.3127226233482361,0.49302276968955994,0.3267134726047516,-0.3133730888366699,0.48934584856033325,0.32738521695137024,-0.3133942782878876,0.4860995411872864,0.3281484544277191,-0.3134468197822571,0.5186549425125122,0.3326064646244049,-0.19441190361976624,0.4819415509700775,0.335366427898407,-0.2005445957183838,0.5074591040611267,0.35244765877723694,-0.28305038809776306,0.4921928942203522,0.3528278172016144,-0.28419384360313416,0.5514823198318481,0.4211137890815735,-0.09712657332420349,0.4531479477882385,0.4134575426578522,-0.11801153421401978,0.5623804330825806,0.5290811657905579,-0.028813177719712257,0.4404207766056061,0.5259966254234314,-0.0637335330247879,0.5800249576568604,0.6178058385848999,-0.12719856202602386,0.4281233847141266,0.6162824630737305,-0.16247621178627014,0.5828939080238342,0.6472592949867249,-0.15338550508022308,0.4247843623161316,0.6437476873397827,-0.19415169954299927,0.5791100263595581,0.6477124691009521,-0.19422203302383423,0.43000879883766174,0.6427901983261108,-0.23318850994110107,0.57614666223526,0.6380471587181091,-0.14535102248191833,0.4329327642917633,0.6342979669570923,-0.18027448654174805,0.5352423787117004,0.615742027759552,0.009030207991600037,0.4769458770751953,0.6170133352279663,-0.009112868458032608,0.5443175435066223,0.7655468583106995,-0.00980676431208849,0.470916748046875,0.7673799395561218,-0.030627558007836342,0.5434602499008179,0.903103232383728,0.16756221652030945,0.4630480706691742,0.9060138463973999,0.13668879866600037,0.537138819694519,0.9201294183731079,0.1763698160648346,0.46642106771469116,0.920348584651947,0.14469288289546967,0.5479255318641663,0.9579688906669617,0.033058084547519684,0.4651082456111908,0.959611177444458,-0.0014280168106779456
79,draw_tick,a07_s04_e01,0.498192697763443,0.3378763496875763,-0.3268547058105469,0.5045268535614014,0.3258468806743622,-0.31124070286750793,0.5085351467132568,0.3258287012577057,-0.31124401092529297,0.5113927125930786,0.3261094093322754,-0.31121930480003357,0.4927222728729248,0.32680681347846985,-0.31213003396987915,0.4890829622745514,0.32751166820526123,-0.31215304136276245,0.4858470857143402,0.32831427454948425,-0.31220144033432007,0.5184847712516785,0.33262771368026733,-0.19410698115825653,0.4818122386932373,0.3354891836643219,-0.19999028742313385,0.5071743726730347,0.3524545133113861,-0.28140220046043396,0.4919061064720154,0.3528537154197693,-0.2830093502998352,0.5514845848083496,0.4211217164993286,-0.0977025181055069,0.4531466066837311,0.4134622812271118,-0.11749748140573502,0.5625358819961548,0.5290840268135071,-0.028786638751626015,0.44004350900650024,0.5252927541732788,-0.06518445909023285,0.5800243616104126,0.6179788112640381,-0.12678095698356628,0.4277196526527405,0.6137672066688538,-0.16544319689273834,0.5828991532325745,0.6472883224487305,-0.15303844213485718,0.4243496060371399,0.6410608291625977,-0.19665825366973877,0.5791133642196655,0.6477817893028259,-0.19385471940040588,0.42861825227737427,0.6401084661483765,-0.23646597564220428,0.5761514902114868,0.6381666660308838,-0.14496752619743347,0.43176740407943726,0.6320915818214417,-0.18366560339927673,0.535213053226471,0.6157835125923157,0.008634179830551147,0.4769417345523834,0.6170161962509155,-0.008714227005839348,0.5443363189697266,0.765584409236908,-0.009072846733033657,0.4708876609802246,0.7673324346542358,-0.02979857102036476,0.5434216260910034,0.9030808210372925,0.16498877108097076,0.46303898096084595,0.9057714343070984,0.13617683947086334,0.537041425704956,0.9200981259346008,0.1731940358877182,0.4664226472377777,0.9201050996780396,0.14391514658927917,0.5479885339736938,0.9578992128372192,0.030448097735643387,0.46504610776901245,0.9595659375190735,-0.001493422081694007
80,draw_tick,a07_s04_e01,0.49808040261268616,0.33790284395217896,-0.3359590172767639,0.5043860673904419,0.32587549090385437,-0.3211553692817688,0.5083968639373779,0.32584095001220703,-0.32115083932876587,0.5112577676773071,0.3261280655860901,-0.3211221396923065,0.4926084876060486,0.3268871009349823,-0.32169464230537415,0.48897337913513184,0.32761672139167786,-0.3217199146747589,0.485736608505249,0.3284541070461273,-0.32176560163497925,0.5183730125427246,0.33264783024787903,-0.20541851222515106,0.481745183467865,0.33562666177749634,-0.20945894718170166,0.5070420503616333,0.35245582461357117,-0.29070067405700684,0.4918080270290375,0.3528674244880676,-0.29194527864456177,0.5514814853668213,0.4210987389087677,-0.10906566679477692,0.45315203070640564,0.4134529232978821,-0.12219544500112534,0.5626592636108398,0.5287830829620361,-0.03966813534498215,0.4399052560329437,0.5247064232826233,-0.06854457408189774,0.5800402164459229,0.6179749369621277,-0.1344880759716034,0.4251570701599121,0.6136261820793152,-0.1672986000776291,0.5829325914382935,0.6472824811935425,-0.16004590690135956,0.42128342390060425,0.640718400478363,-0.19731858372688293,0.5791751742362976,0.6477734446525574,-0.2003742754459381,0.42452770471572876,0.6398898959159851,-0.23779229819774628,0.5762231945991516,0.6381672620773315,-0.15241336822509766,0.4278075098991394,0.6322105526924133,-0.1856846809387207,0.535194993019104,0.6157838106155396,0.00815572403371334,0.4769432544708252,0.6169413328170776,-0.00823973212391138,0.5443667769432068,0.7655966877937317,-0.00828198529779911,0.47089236974716187,0.7670861482620239,-0.02742326259613037,0.5434104204177856,0.9030478000640869,0.16296729445457458,0.4630281925201416,0.905254602432251,0.13605579733848572,0.5369571447372437,0.9200727939605713,0.17059674859046936,0.4664153456687927,0.9196430444717407,0.14374032616615295,0.5481364727020264,0.9578405618667603,0.02741243503987789,0.4650215208530426,0.9595127105712891,-0.001596879563294351
81,draw_tick,a07_s04_e01,0.4980272650718689,0.33796754479408264,-0.3380669355392456,0.5042937994003296,0.325934499502182,-0.3233520984649658,0.5083023905754089,0.3258776068687439,-0.3233475685119629,0.5111676454544067,0.3261725604534149,-0.32331573963165283,0.49255043268203735,0.32701122760772705,-0.3237094581127167,0.4889128804206848,0.32776913046836853,-0.3237352669239044,0.4856787621974945,0.32863709330558777,-0.3237823247909546,0.518302857875824,0.332684725522995,-0.20761775970458984,0.48171940445899963,0.3358078598976135,-0.21084709465503693,0.506958544254303,0.35246849060058594,-0.292772501707077,0.4917779564857483,0.35291460156440735,-0.29381853342056274,0.551490068435669,0.42107951641082764,-0.11252962052822113,0.4531843066215515,0.4134446680545807,-0.1218186765909195,0.5628164410591125,0.5281661152839661,-0.04478367790579796,0.4396511912345886,0.5245554447174072,-0.06760603934526443,0.5800401568412781,0.6179056167602539,-0.1411394625902176,0.4224734902381897,0.6122158765792847,-0.16432635486125946,0.5829445719718933,0.6471967101097107,-0.16696734726428986,0.4178007245063782,0.6391984820365906,-0.1940133273601532,0.5792339444160461,0.64774090051651,-0.20720231533050537,0.41995739936828613,0.638495147228241,-0.2353164702653885,0.5762909650802612,0.63816237449646,-0.15903708338737488,0.42324933409690857,0.6306766867637634,-0.1831131875514984,0.5351926684379578,0.6157851815223694,0.007164419628679752,0.47699838876724243,0.6169154047966003,-0.007247658912092447,0.5443888902664185,0.7656030058860779,-0.007500401232391596,0.47090697288513184,0.7668433785438538,-0.024725288152694702,0.5434075593948364,0.9030276536941528,0.1631236970424652,0.46302738785743713,0.9048848748207092,0.13775014877319336,0.5369431376457214,0.9200533628463745,0.17073102295398712,0.4664176106452942,0.919282853603363,0.14523480832576752,0.5483007431030273,0.9577317833900452,0.026829814538359642,0.4650251269340515,0.9594631195068359,-0.0001774218399077654
82,draw_tick,a07_s04_e01,0.49798959493637085,0.3380914628505707,-0.3379693627357483,0.5042200088500977,0.32601630687713623,-0.32345157861709595,0.5082265138626099,0.3259342908859253,-0.3234439492225647,0.5110998153686523,0.32623445987701416,-0.3234085440635681,0.49249982833862305,0.3271494209766388,-0.3238042891025543,0.48885560035705566,0.32792919874191284,-0.3238294720649719,0.48561611771583557,0.32882198691368103,-0.32387563586235046,0.5182531476020813,0.3327365219593048,-0.20823197066783905,0.48167306184768677,0.3359571695327759,-0.21142955124378204,0.5068910121917725,0.35252854228019714,-0.2927780747413635,0.49174174666404724,0.3530251681804657,-0.2938423454761505,0.551502525806427,0.42107072472572327,-0.11342345178127289,0.4531933665275574,0.4134475588798523,-0.12170924991369247,0.5629211664199829,0.5279338359832764,-0.044756773859262466,0.4390118718147278,0.523658275604248,-0.06669744104146957,0.580042839050293,0.6178372502326965,-0.14062577486038208,0.4204080104827881,0.6112791895866394,-0.16127356886863708,0.5829411745071411,0.6471631526947021,-0.16619965434074402,0.41526657342910767,0.6379107236862183,-0.1902797967195511,0.5792381167411804,0.6477208733558655,-0.2063128501176834,0.41701212525367737,0.6371623873710632,-0.23173728585243225,0.5762970447540283,0.6381589770317078,-0.15845289826393127,0.4202631115913391,0.6292750239372253,-0.18012452125549316,0.5351911187171936,0.6157920956611633,0.006694470997899771,0.47702011466026306,0.6169027090072632,-0.006779024843126535,0.5443967580795288,0.7655437588691711,-0.006320490036159754,0.4709126949310303,0.7663447856903076,-0.023263419046998024,0.5434054136276245,0.9028928875923157,0.16342386603355408,0.4630261957645416,0.9039809703826904,0.13926419615745544,0.5369423031806946,0.919906735420227,0.17107410728931427,0.4664100110530853,0.9181973338127136,0.14675186574459076,0.5483701825141907,0.957602858543396,0.027226563543081284,0.4650607109069824,0.9592530131340027,0.0016719807172194123
83,draw_tick,a07_s04_e01,0.4979667663574219,0.3382105529308319,-0.3438693881034851,0.5041747093200684,0.32611048221588135,-0.3295655846595764,0.5081775188446045,0.3260089159011841,-0.32955288887023926,0.5110598206520081,0.32631799578666687,-0.3295157551765442,0.49246397614479065,0.32729896903038025,-0.32986605167388916,0.4888106882572174,0.32810136675834656,-0.3298953175544739,0.485568106174469,0.32900479435920715,-0.32994362711906433,0.5182141661643982,0.3328093886375427,-0.214312344789505,0.48163342475891113,0.3361016809940338,-0.217411607503891,0.5068449974060059,0.35260307788848877,-0.2985857129096985,0.49171534180641174,0.3531239926815033,-0.2996082603931427,0.5515234470367432,0.4210714101791382,-0.11821834743022919,0.4531897008419037,0.4134711027145386,-0.12531721591949463,0.5631697773933411,0.5279092192649841,-0.04714682325720787,0.43740400671958923,0.5230025053024292,-0.0679745078086853,0.5801228284835815,0.6177719235420227,-0.14180387556552887,0.41827258467674255,0.6108334064483643,-0.16384032368659973,0.582952618598938,0.6470983028411865,-0.16695672273635864,0.4127557873725891,0.6370877623558044,-0.1929318755865097,0.5792748928070068,0.6476589441299438,-0.20728012919425964,0.4144943356513977,0.6362940073013306,-0.23419980704784393,0.576374888420105,0.6381214261054993,-0.15965014696121216,0.4177679121494293,0.6284289956092834,-0.18260231614112854,0.5352056622505188,0.6158851385116577,0.006324547342956066,0.4770422875881195,0.6169083118438721,-0.006409624125808477,0.5444005727767944,0.7655705213546753,-0.003017732407897711,0.47090595960617065,0.7661851644515991,-0.021028820425271988,0.5434032082557678,0.9028222560882568,0.16669747233390808,0.4630252420902252,0.9037066698074341,0.14283587038516998,0.5369396209716797,0.9198029041290283,0.17439648509025574,0.4664231240749359,0.9179561734199524,0.1504545509815216,0.5484378337860107,0.9575194120407104,0.030172208324074745,0.4649960994720459,0.9592106938362122,0.005421559792011976
84,draw_tick,a07_s04_e01,0.4979403018951416,0.33830705285072327,-0.3428879976272583,0.5041244626045227,0.32618042826652527,-0.32840868830680847,0.5081246495246887,0.3260589838027954,-0.32839733362197876,0.5110151767730713,0.32636716961860657,-0.3283607065677643,0.49243640899658203,0.3274070918560028,-0.32877978682518005,0.48878127336502075,0.3282212018966675,-0.3288085162639618,0.48553794622421265,0.329133540391922,-0.3288579285144806,0.5181748270988464,0.33283737301826477,-0.21288764476776123,0.4816104769706726,0.33619818091392517,-0.21632584929466248,0.5068001747131348,0.3526539206504822,-0.29755866527557373,0.4916984438896179,0.3532058596611023,-0.2986740171909332,0.5515518188476562,0.42104417085647583,-0.11686774343252182,0.4531888961791992,0.4134998619556427,-0.12539884448051453,0.563404381275177,0.5278079509735107,-0.04720284789800644,0.4366179406642914,0.5228309035301208,-0.0687418207526207,0.5802205801010132,0.6176849603652954,-0.143544539809227,0.41708388924598694,0.6102878451347351,-0.1654750555753708,0.5829738974571228,0.6469890475273132,-0.16901132464408875,0.41142982244491577,0.6365495920181274,-0.19493724405765533,0.5793026685714722,0.6475639939308167,-0.20928087830543518,0.413521945476532,0.6357262134552002,-0.23593458533287048,0.5764291882514954,0.6380640268325806,-0.16144385933876038,0.41672569513320923,0.6279189586639404,-0.1841370314359665,0.5352060198783875,0.6159085631370544,0.006269961595535278,0.477058082818985,0.6169045567512512,-0.006355352699756622,0.5444042682647705,0.7655748724937439,-0.0018378645181655884,0.4709106981754303,0.7661442160606384,-0.020778734236955643,0.5434033274650574,0.9027307033538818,0.16883046925067902,0.46302542090415955,0.9035672545433044,0.14420923590660095,0.5369338989257812,0.9197172522544861,0.17668911814689636,0.46642500162124634,0.9178847670555115,0.15198059380054474,0.5485318899154663,0.9574310779571533,0.03247184306383133,0.46499472856521606,0.9591320157051086,0.006901635322719812
