frame_index,label,video_id,l0_x,l0_y,l0_z,l1_x,l1_y,l1_z,l2_x,l2_y,l2_z,l3_x,l3_y,l3_z,l4_x,l4_y,l4_z,l5_x,l5_y,l5_z,l6_x,l6_y,l6_z,l7_x,l7_y,l7_z,l8_x,l8_y,l8_z,l9_x,l9_y,l9_z,l10_x,l10_y,l10_z,l11_x,l11_y,l11_z,l12_x,l12_y,l12_z,l13_x,l13_y,l13_z,l14_x,l14_y,l14_z,l15_x,l15_y,l15_z,l16_x,l16_y,l16_z,l17_x,l17_y,l17_z,l18_x,l18_y,l18_z,l19_x,l19_y,l19_z,l20_x,l20_y,l20_z,l21_x,l21_y,l21_z,l22_x,l22_y,l22_z,l23_x,l23_y,l23_z,l24_x,l24_y,l24_z,l25_x,l25_y,l25_z,l26_x,l26_y,l26_z,l27_x,l27_y,l27_z,l28_x,l28_y,l28_z,l29_x,l29_y,l29_z,l30_x,l30_y,l30_z,l31_x,l31_y,l31_z,l32_x,l32_y,l32_z
0,draw_tick,a07_s02_e02,0.58962482213974,0.2721192538738251,-0.45047053694725037,0.596706748008728,0.25931516289711,-0.43606680631637573,0.6002693772315979,0.25953516364097595,-0.43606334924697876,0.6040312647819519,0.260060578584671,-0.4360811710357666,0.5832138657569885,0.2593938410282135,-0.4359552264213562,0.5786837935447693,0.2597001791000366,-0.4360077977180481,0.5746723413467407,0.26017501950263977,-0.43601566553115845,0.6095184087753296,0.26616522669792175,-0.30987536907196045,0.5688830018043518,0.266492635011673,-0.3095378875732422,0.5969675183296204,0.28998634219169617,-0.4000936448574066,0.5817322731018066,0.290490061044693,-0.40019598603248596,0.6421541571617126,0.35864049196243286,-0.20167429745197296,0.5401542782783508,0.3584124743938446,-0.1917814314365387,0.6560210585594177,0.47058093547821045,-0.1334477812051773,0.5229438543319702,0.47284433245658875,-0.12689144909381866,0.6611869931221008,0.5780070424079895,-0.2308655083179474,0.505416989326477,0.5758336782455444,-0.23009786009788513,0.6625616550445557,0.60831618309021,-0.2623923420906067,0.49749988317489624,0.6047330498695374,-0.26213374733924866,0.6562297344207764,0.60626620054245,-0.3035179376602173,0.5024945735931396,0.6047755479812622,-0.30640166997909546,0.6534591913223267,0.5963563919067383,-0.24823971092700958,0.5070532560348511,0.5959627628326416,-0.24937161803245544,0.6184643507003784,0.5540363192558289,-0.0035486414562910795,0.5590763092041016,0.5540247559547424,0.003399475244805217,0.6205617189407349,0.714411199092865,-0.01165305357426405,0.5560250878334045,0.7144766449928284,0.006125219631940126,0.6214064359664917,0.8523099422454834,0.1731869876384735,0.5581497550010681,0.8530401587486267,0.18383996188640594,0.6119604706764221,0.8712069988250732,0.18211118876934052,0.5658861994743347,0.871837854385376,0.19229206442832947,0.6349049806594849,0.9074057340621948,0.03187071532011032,0.5445902943611145,0.901742696762085,0.04272286593914032
1,draw_tick,a07_s02_e02,0.5894437432289124,0.27227532863616943,-0.3982970416545868,0.5965291857719421,0.2593283951282501,-0.38267210125923157,0.6002058386802673,0.25954344868659973,-0.382670134305954,0.6036772131919861,0.2600657045841217,-0.3826594352722168,0.5831024646759033,0.25943681597709656,-0.3819829821586609,0.5786658525466919,0.25978612899780273,-0.3820110559463501,0.574611246585846,0.2603684067726135,-0.3820086121559143,0.6094678640365601,0.266382098197937,-0.26043620705604553,0.568891167640686,0.2672213315963745,-0.257549524307251,0.5968760848045349,0.28996407985687256,-0.35035306215286255,0.581508457660675,0.29042717814445496,-0.34971365332603455,0.642149806022644,0.35872021317481995,-0.16446378827095032,0.5397621393203735,0.35834774374961853,-0.1489877700805664,0.65602046251297,0.47059476375579834,-0.10134635865688324,0.5229566097259521,0.4729110598564148,-0.08664602786302567,0.661146342754364,0.5780671834945679,-0.19898197054862976,0.5056613683700562,0.5758195519447327,-0.18667340278625488,0.6626670956611633,0.6086637377738953,-0.22913634777069092,0.4975229799747467,0.6047614216804504,-0.21729545295238495,0.6563389897346497,0.606506884098053,-0.2685753107070923,0.502445638179779,0.6048761606216431,-0.25901415944099426,0.6535189151763916,0.5964275598526001,-0.21601346135139465,0.5070456266403198,0.5959813594818115,-0.20513713359832764,0.6185115575790405,0.5549484491348267,-0.0039244843646883965,0.559068500995636,0.5547019243240356,0.0037854821421205997,0.6205199956893921,0.7146435976028442,-0.003297691000625491,0.5560963749885559,0.7145451903343201,0.006344580557197332,0.6218604445457458,0.852627694606781,0.163922518491745,0.557968258857727,0.8530092835426331,0.16989216208457947,0.6125232577323914,0.8724153637886047,0.17043368518352509,0.5653812885284424,0.8718374371528625,0.1764424741268158,0.63398677110672,0.9072019457817078,0.02049652859568596,0.545215368270874,0.9016381502151489,0.028338316828012466
2,draw_tick,a07_s02_e02,0.5893317461013794,0.2723708152770996,-0.3929273784160614,0.5964282751083374,0.25933557748794556,-0.37723463773727417,0.6001630425453186,0.25954827666282654,-0.3772352337837219,0.6034601926803589,0.26006707549095154,-0.3772260844707489,0.5830444097518921,0.2594640254974365,-0.3763991594314575,0.5786589980125427,0.2598329186439514,-0.3764260709285736,0.5745820999145508,0.26046597957611084,-0.37642374634742737,0.6094419360160828,0.266519695520401,-0.25534874200820923,0.5688990354537964,0.26767322421073914,-0.25166386365890503,0.5968095064163208,0.28994977474212646,-0.3451841175556183,0.58134925365448,0.2903740704059601,-0.34430935978889465,0.6421371698379517,0.3588115870952606,-0.16069626808166504,0.5394522547721863,0.3582605719566345,-0.1431538164615631,0.656038224697113,0.470583975315094,-0.09928829967975616,0.5229555368423462,0.4729253053665161,-0.08092361688613892,0.6611465811729431,0.5780672430992126,-0.19792842864990234,0.5057080388069153,0.5757856965065002,-0.1811298429965973,0.6628498435020447,0.6087580919265747,-0.22840949892997742,0.4975224435329437,0.6047646999359131,-0.21171411871910095,0.6565361022949219,0.6065623760223389,-0.267829567193985,0.5023350715637207,0.6048863530158997,-0.2535775601863861,0.6536604166030884,0.5964305400848389,-0.21498391032218933,0.5069907903671265,0.5959774851799011,-0.19970634579658508,0.618576169013977,0.5557654500007629,-0.004517652560025454,0.5590610504150391,0.5553739070892334,0.004389946348965168,0.6204706430435181,0.714819610118866,-0.0006700120866298676,0.5561373829841614,0.7146571278572083,0.007429051212966442,0.622092604637146,0.8527126312255859,0.16182570159435272,0.5578881502151489,0.8529117703437805,0.1685679852962494,0.6128239631652832,0.8727870583534241,0.16805607080459595,0.5652354955673218,0.8718079328536987,0.1750188171863556,0.6333275437355042,0.9066556692123413,0.018281448632478714,0.5455688238143921,0.9015177488327026,0.02755490504205227
3,draw_tick,a07_s02_e02,0.5892520546913147,0.27246180176734924,-0.3944573998451233,0.5964094400405884,0.25934991240501404,-0.3787674307823181,0.6001542210578918,0.25956663489341736,-0.37876778841018677,0.6033832430839539,0.26008138060569763,-0.3787599205970764,0.5830265283584595,0.25948360562324524,-0.3779890537261963,0.5786579847335815,0.25985845923423767,-0.37801581621170044,0.5745684504508972,0.2605041563510895,-0.3780120015144348,0.6094440221786499,0.2666691541671753,-0.2566346824169159,0.5689043402671814,0.26789695024490356,-0.2532433867454529,0.5967403054237366,0.28994905948638916,-0.3465818464756012,0.5811454653739929,0.29035547375679016,-0.34579116106033325,0.6421202421188354,0.3589497208595276,-0.1614476442337036,0.5391557812690735,0.35818660259246826,-0.14422646164894104,0.6560336351394653,0.470593124628067,-0.09958566725254059,0.522939920425415,0.4730432629585266,-0.08178628981113434,0.6611721515655518,0.5780459046363831,-0.1978723555803299,0.5057474970817566,0.5758060216903687,-0.1822124719619751,0.6630825996398926,0.6087607145309448,-0.22841544449329376,0.4975358843803406,0.6048160791397095,-0.21280844509601593,0.6567390561103821,0.6065626740455627,-0.267768919467926,0.5022956132888794,0.6049315333366394,-0.25475046038627625,0.6537989377975464,0.596420168876648,-0.21490426361560822,0.5069595575332642,0.5959808230400085,-0.20081660151481628,0.6186214685440063,0.556172251701355,-0.004868919495493174,0.5590563416481018,0.5557998418807983,0.004747196566313505,0.6204438805580139,0.7149798274040222,4.791977698914707e-05,0.5561856627464294,0.7147866487503052,0.008186673745512962,0.6222349405288696,0.8528229594230652,0.16183634102344513,0.5578449368476868,0.8528091907501221,0.16896992921829224,0.61299067735672,0.8730197548866272,0.16819918155670166,0.5651538372039795,0.8717726469039917,0.1755380928516388,0.6327869892120361,0.9065163135528564,0.018605874851346016,0.5457286834716797,0.9014671444892883,0.02835136093199253
4,draw_tick,a07_s02_e02,0.5892422199249268,0.27256351709365845,-0.39340731501579285,0.5964096784591675,0.2593657672405243,-0.3774363398551941,0.6001530885696411,0.2595865726470947,-0.3774383068084717,0.603362500667572,0.2600920796394348,-0.3774302899837494,0.5830262303352356,0.2595103979110718,-0.37699252367019653,0.5786656141281128,0.25989246368408203,-0.37701648473739624,0.5745698809623718,0.2605467438697815,-0.3770119845867157,0.6094567179679871,0.2667534649372101,-0.2546122372150421,0.5689118504524231,0.2680797874927521,-0.2527484893798828,0.5967211723327637,0.28995123505592346,-0.34532463550567627,0.5810949802398682,0.2903517782688141,-0.3449707329273224,0.6420959234237671,0.35895681381225586,-0.15925580263137817,0.5389283299446106,0.35816165804862976,-0.14426718652248383,0.6560508012771606,0.4705933928489685,-0.09723810851573944,0.5229138135910034,0.4731633961200714,-0.08278298377990723,0.6612447500228882,0.5780053734779358,-0.1961730569601059,0.5057556629180908,0.5757724642753601,-0.18336842954158783,0.6633948087692261,0.6087597012519836,-0.22670140862464905,0.49752649664878845,0.6048060059547424,-0.21402251720428467,0.6572081446647644,0.6065620183944702,-0.26612791419029236,0.5022408366203308,0.6049304604530334,-0.2558494806289673,0.6542091369628906,0.5964177250862122,-0.21335721015930176,0.5069332122802734,0.5959599018096924,-0.2019026279449463,0.6186262369155884,0.5564574599266052,-0.005011952482163906,0.5590471029281616,0.5561556220054626,0.004894440993666649,0.6203768253326416,0.7150367498397827,0.0012771543115377426,0.5562425851821899,0.7148058414459229,0.008735967800021172,0.6223065853118896,0.8528491258621216,0.16208164393901825,0.5578290224075317,0.8527220487594604,0.1692177802324295,0.6131041049957275,0.8730841875076294,0.16846194863319397,0.5651190280914307,0.8717233538627625,0.17581775784492493,0.632352888584137,0.9062959551811218,0.018970394507050514,0.5458256006240845,0.9013749957084656,0.02872942015528679
5,draw_tick,a07_s02_e02,0.5892411470413208,0.27258211374282837,-0.3916308283805847,0.5964218378067017,0.2593669593334198,-0.37539786100387573,0.6001533269882202,0.2595887780189514,-0.3754013180732727,0.6033600568771362,0.26009154319763184,-0.3753942847251892,0.5830346345901489,0.25951239466667175,-0.37508517503738403,0.5786800384521484,0.2598947584629059,-0.37510883808135986,0.5745882391929626,0.2605479657649994,-0.37510520219802856,0.6094892621040344,0.2667831480503082,-0.2526800036430359,0.568930983543396,0.26815444231033325,-0.25147294998168945,0.5967180728912354,0.2899475693702698,-0.3437390923500061,0.5810712575912476,0.2903340458869934,-0.34357503056526184,0.6420719027519226,0.3590449094772339,-0.1583763062953949,0.5387735366821289,0.3581086993217468,-0.14406511187553406,0.6560506820678711,0.47068357467651367,-0.09632395207881927,0.5228747129440308,0.47317519783973694,-0.0831465795636177,0.6613181829452515,0.5780036449432373,-0.19406644999980927,0.5057550072669983,0.5757696032524109,-0.18293872475624084,0.6636372804641724,0.6087701320648193,-0.22429510951042175,0.49752068519592285,0.604806661605835,-0.21335789561271667,0.6575576066970825,0.6065829396247864,-0.26360565423965454,0.5022070407867432,0.6049355268478394,-0.2550638020038605,0.6545280814170837,0.5964316129684448,-0.21120679378509521,0.5069049596786499,0.5959569215774536,-0.20143437385559082,0.6186277270317078,0.5566280484199524,-0.005081053823232651,0.5590325593948364,0.5563551187515259,0.004965895786881447,0.620319664478302,0.7150710225105286,0.0017030348535627127,0.5562881827354431,0.7148181796073914,0.008944904431700706,0.6223062872886658,0.8528762459754944,0.16169868409633636,0.5578036308288574,0.8526321649551392,0.16876819729804993,0.6131112575531006,0.8731629252433777,0.1679602563381195,0.5650733709335327,0.8716958165168762,0.17530396580696106,0.6320203542709351,0.9061558842658997,0.018744921311736107,0.5459505915641785,0.9012993574142456,0.028509756550192833
6,draw_tick,a07_s02_e02,0.5892311334609985,0.27259114384651184,-0.3948020040988922,0.596422553062439,0.259366899728775,-0.37873420119285583,0.6001524925231934,0.25959017872810364,-0.37873533368110657,0.6033545732498169,0.26009026169776917,-0.3787291944026947,0.5830347537994385,0.2595096230506897,-0.37836071848869324,0.5786842703819275,0.2598923444747925,-0.3783869445323944,0.5745932459831238,0.2605365216732025,-0.37838298082351685,0.6095210909843445,0.26681962609291077,-0.2561343312263489,0.5689429044723511,0.26818668842315674,-0.25467753410339355,0.5967065095901489,0.28994765877723694,-0.3469133973121643,0.5810282230377197,0.290320485830307,-0.3466774821281433,0.6420413851737976,0.35910966992378235,-0.1612001359462738,0.5386736392974854,0.358064740896225,-0.14651237428188324,0.6560510396957397,0.47070062160491943,-0.09904848039150238,0.5228186845779419,0.4731721878051758,-0.08460915088653564,0.6614481210708618,0.5779644846916199,-0.19672319293022156,0.5057492256164551,0.5757330656051636,-0.18356585502624512,0.663875162601471,0.608756422996521,-0.22694425284862518,0.4975058138370514,0.6048024892807007,-0.2137642204761505,0.6579141020774841,0.6065830588340759,-0.2665022611618042,0.5021522641181946,0.6049343347549438,-0.25551876425743103,0.6548854112625122,0.5964314937591553,-0.2139221727848053,0.5068523287773132,0.5959401726722717,-0.20207872986793518,0.6186288595199585,0.5566590428352356,-0.00509695103392005,0.5589843988418579,0.5563884973526001,0.004982310347259045,0.6203064322471619,0.7151027321815491,0.001637033885344863,0.5562959909439087,0.7148206830024719,0.00892004743218422,0.6223115921020508,0.852911651134491,0.16063867509365082,0.5577467083930969,0.8526048064231873,0.16699345409870148,0.6131282448768616,0.8732990026473999,0.16671410202980042,0.564976692199707,0.8717043995857239,0.17330071330070496,0.6318646669387817,0.9059730768203735,0.0177018865942955,0.5459829568862915,0.9012031555175781,0.02671506628394127
7,draw_tick,a07_s02_e02,0.589249312877655,0.27272430062294006,-0.4001706540584564,0.5964735746383667,0.2593996524810791,-0.38432082533836365,0.600163996219635,0.2596302032470703,-0.3843211233615875,0.6033653020858765,0.2601129114627838,-0.38431769609451294,0.5830615162849426,0.2595491111278534,-0.38401344418525696,0.5787098407745361,0.2599374055862427,-0.38404378294944763,0.5746259093284607,0.26057669520378113,-0.3840417265892029,0.6095597743988037,0.26689639687538147,-0.2610222399234772,0.5689547061920166,0.2682986259460449,-0.2598281502723694,0.5967116355895996,0.2899896502494812,-0.35188204050064087,0.5810292959213257,0.29033735394477844,-0.3516921401023865,0.6420258283615112,0.35933253169059753,-0.16419823467731476,0.5385590195655823,0.3580467998981476,-0.15015356242656708,0.6560524702072144,0.47074824571609497,-0.10096031427383423,0.5228003859519958,0.47333210706710815,-0.08769601583480835,0.6616760492324829,0.5779233574867249,-0.19889356195926666,0.5057268142700195,0.5757425427436829,-0.18770365417003632,0.6641747355461121,0.6087461113929749,-0.22913368046283722,0.49746736884117126,0.604847252368927,-0.21827638149261475,0.6583576202392578,0.606583833694458,-0.2689242959022522,0.5020989179611206,0.6050018668174744,-0.26041847467422485,0.6553749442100525,0.5964345335960388,-0.21616780757904053,0.5068183541297913,0.5959672927856445,-0.20634952187538147,0.6186532974243164,0.5566547513008118,-0.005094076041132212,0.5589626431465149,0.5564252138137817,0.004979313351213932,0.6202677488327026,0.7150986790657043,0.0016073875594884157,0.5562999248504639,0.7148229479789734,0.008942829445004463,0.6223374605178833,0.8529037833213806,0.16104140877723694,0.5577269792556763,0.8525992035865784,0.16757462918758392,0.6131736040115356,0.8733183741569519,0.16729825735092163,0.5649223327636719,0.8717100620269775,0.17402580380439758,0.6317779421806335,0.9058674573898315,0.0182628370821476,0.5460456013679504,0.9011485576629639,0.027103442698717117
8,draw_tick,a07_s02_e02,0.589260458946228,0.27284935116767883,-0.4005313515663147,0.5964872241020203,0.2594700753688812,-0.38470372557640076,0.6001664400100708,0.25970929861068726,-0.3847060799598694,0.6033653020858765,0.26016756892204285,-0.38470375537872314,0.5830708146095276,0.25960463285446167,-0.3846518099308014,0.578726589679718,0.25999462604522705,-0.38468238711357117,0.5746508240699768,0.2606235444545746,-0.38468337059020996,0.6095672845840454,0.26695966720581055,-0.2618200480937958,0.5689579248428345,0.2683796286582947,-0.26151472330093384,0.5967159271240234,0.2900063097476959,-0.3523077070713043,0.5810314416885376,0.29034623503685,-0.3524421155452728,0.6420230269432068,0.3593690097332001,-0.16500060260295868,0.5384601950645447,0.3580402433872223,-0.15198323130607605,0.6560553312301636,0.4707571566104889,-0.10042344033718109,0.522798478603363,0.47415924072265625,-0.08952827751636505,0.6619682908058167,0.5778293609619141,-0.1966482698917389,0.5057220458984375,0.5759937763214111,-0.1889648735523224,0.6644307374954224,0.6086918711662292,-0.22616171836853027,0.4974665641784668,0.6052538156509399,-0.21927574276924133,0.658763587474823,0.60657799243927,-0.26579415798187256,0.5020953416824341,0.6053497195243835,-0.26152104139328003,0.6558423638343811,0.5964324474334717,-0.213856503367424,0.5068157315254211,0.59624183177948,-0.2076314240694046,0.6186637878417969,0.5567899942398071,-0.005218105390667915,0.5588799118995667,0.5566097497940063,0.005102850496768951,0.6202195286750793,0.7150992155075073,0.00230409880168736,0.5562376976013184,0.7148400545120239,0.0106967119500041,0.622339129447937,0.8528068661689758,0.16272547841072083,0.5577236413955688,0.8523237705230713,0.17106738686561584,0.6132217049598694,0.8732084631919861,0.16900187730789185,0.5649191737174988,0.8714907169342041,0.17783980071544647,0.6317873001098633,0.9057421088218689,0.020962733775377274,0.5460678339004517,0.901046633720398,0.03280395641922951
9,draw_tick,a07_s02_e02,0.589300274848938,0.2728925049304962,-0.4018418788909912,0.5965081453323364,0.2594723105430603,-0.3860490918159485,0.6001680493354797,0.2597118616104126,-0.38605159521102905,0.6033655405044556,0.260165274143219,-0.386050820350647,0.5830916166305542,0.2596072554588318,-0.3861216902732849,0.5787461400032043,0.25999748706817627,-0.3861524164676666,0.574683666229248,0.2606249749660492,-0.3861532509326935,0.6095709204673767,0.26696285605430603,-0.2631396949291229,0.5689595937728882,0.26840829849243164,-0.2628989517688751,0.5967391133308411,0.2900090217590332,-0.35356661677360535,0.5810589790344238,0.2903493046760559,-0.3538523018360138,0.6420115232467651,0.3593716323375702,-0.16596117615699768,0.5384038090705872,0.3580224812030792,-0.15214209258556366,0.656059205532074,0.470740407705307,-0.10094563663005829,0.5227967500686646,0.47468554973602295,-0.09038922190666199,0.66217440366745,0.5777075886726379,-0.19683244824409485,0.505722165107727,0.5761931538581848,-0.19025930762290955,0.6646266579627991,0.6085716485977173,-0.22623026371002197,0.49746328592300415,0.6054905652999878,-0.2205846607685089,0.6591147780418396,0.6065232157707214,-0.2659700810909271,0.5020896196365356,0.6055741906166077,-0.26284173130989075,0.6562567949295044,0.5964034199714661,-0.2140844762325287,0.5068127512931824,0.5964082479476929,-0.20893390476703644,0.6186566948890686,0.5567830801010132,-0.00522043788805604,0.5587531328201294,0.5566084980964661,0.005105052143335342,0.6201402544975281,0.7151188254356384,0.002283767331391573,0.5561670064926147,0.7148402333259583,0.010836525820195675,0.6223407983779907,0.8528128266334534,0.16189153492450714,0.5577183961868286,0.8522436022758484,0.1706196367740631,0.613227128982544,0.8732656240463257,0.16806164383888245,0.5649131536483765,0.8714805841445923,0.1773291677236557,0.6317969560623169,0.9057319760322571,0.020444875583052635,0.5460937023162842,0.9010058045387268,0.03266102820634842
10,draw_tick,a07_s02_e02,0.5892969369888306,0.2730194628238678,-0.4027605950832367,0.5964959859848022,0.25951987504959106,-0.3870334029197693,0.6001580357551575,0.25975900888442993,-0.38703566789627075,0.6033228039741516,0.26019519567489624,-0.3870353102684021,0.5830782651901245,0.2596665024757385,-0.3870742917060852,0.5787458419799805,0.2600637972354889,-0.3871050775051117,0.5746804475784302,0.26068994402885437,-0.387105256319046,0.6095617413520813,0.26698896288871765,-0.26402217149734497,0.5689588189125061,0.26848265528678894,-0.26380833983421326,0.5967382192611694,0.2900242507457733,-0.35440704226493835,0.5810563564300537,0.2903667986392975,-0.35467666387557983,0.6419755220413208,0.3593745827674866,-0.1666046679019928,0.5383943319320679,0.35795581340789795,-0.1532013863325119,0.6560574173927307,0.47073882818222046,-0.10155703872442245,0.522793173789978,0.4747011363506317,-0.09125827997922897,0.6622777581214905,0.5775774717330933,-0.1976494938135147,0.505739688873291,0.5762220621109009,-0.19064268469810486,0.6647579669952393,0.6084074378013611,-0.2272353172302246,0.4974636137485504,0.6055683493614197,-0.22079069912433624,0.659317672252655,0.6064050793647766,-0.26704317331314087,0.5020771622657776,0.6056305766105652,-0.2631925940513611,0.6564760804176331,0.5963265299797058,-0.2149205207824707,0.506807267665863,0.5964357256889343,-0.20935913920402527,0.6186350584030151,0.556781530380249,-0.0053953793831169605,0.558655858039856,0.5566171407699585,0.005279472563415766,0.6200207471847534,0.7151504755020142,0.0020294669084250927,0.5560389757156372,0.7148653864860535,0.01176767610013485,0.6223551034927368,0.8528727293014526,0.16169185936450958,0.5577157139778137,0.8520021438598633,0.17124278843402863,0.613273561000824,0.8733603954315186,0.1679122895002365,0.5649117231369019,0.8713099956512451,0.1779365986585617,0.6318014860153198,0.9057297110557556,0.020164916291832924,0.5461117029190063,0.9008775353431702,0.03368569537997246
11,draw_tick,a07_s02_e02,0.5892812013626099,0.27320942282676697,-0.4058762490749359,0.5964549779891968,0.25960588455200195,-0.3902410566806793,0.6001290082931519,0.25983455777168274,-0.3902435898780823,0.603211522102356,0.26025378704071045,-0.3902466893196106,0.5830500721931458,0.2597675621509552,-0.390756756067276,0.5787400007247925,0.26016923785209656,-0.3907904326915741,0.5746635794639587,0.26079586148262024,-0.3907887637615204,0.6094537377357483,0.2670237720012665,-0.2670377492904663,0.5689499974250793,0.26854828000068665,-0.26927196979522705,0.5967227220535278,0.29006651043891907,-0.35731229186058044,0.5810337066650391,0.290399968624115,-0.35822826623916626,0.6418483853340149,0.3592684864997864,-0.1689683049917221,0.5382689833641052,0.3579508364200592,-0.15772496163845062,0.6560167670249939,0.47057026624679565,-0.10218192636966705,0.5227534174919128,0.47487202286720276,-0.09482847154140472,0.6622999906539917,0.5773782730102539,-0.1982646882534027,0.5057446360588074,0.5762320756912231,-0.19160676002502441,0.6648743748664856,0.6081531047821045,-0.22803649306297302,0.49746352434158325,0.6056306958198547,-0.22116263210773468,0.6595059037208557,0.6062119603157043,-0.26786473393440247,0.5020740032196045,0.6057356595993042,-0.2636170983314514,0.6566349267959595,0.5961726307868958,-0.21552994847297668,0.5068042874336243,0.5964852571487427,-0.21028625965118408,0.6185674071311951,0.5566815137863159,-0.005425423849374056,0.5585064888000488,0.5565661191940308,0.005308059975504875,0.6198766231536865,0.7152254581451416,0.0020012366585433483,0.5559443235397339,0.7148679494857788,0.011870122514665127,0.6223558187484741,0.8528739213943481,0.16047626733779907,0.5576692223548889,0.8519809246063232,0.17105677723884583,0.6132747530937195,0.8733530640602112,0.16666755080223083,0.5648790597915649,0.871310293674469,0.17770977318286896,0.631805956363678,0.9057261943817139,0.019145477563142776,0.5461121797561646,0.9008667469024658,0.033549267798662186
12,draw_tick,a07_s02_e02,0.5892669558525085,0.2733406722545624,-0.40729889273643494,0.5964176654815674,0.2596401572227478,-0.39167916774749756,0.6000994443893433,0.2598574757575989,-0.39168208837509155,0.6031294465065002,0.26026588678359985,-0.3916868567466736,0.583009660243988,0.2598282992839813,-0.39236894249916077,0.5787205100059509,0.26023921370506287,-0.39240148663520813,0.5746147036552429,0.26087576150894165,-0.3924000859260559,0.6093741059303284,0.26702842116355896,-0.2682799696922302,0.5689138770103455,0.26860281825065613,-0.27130573987960815,0.5967100858688354,0.2900882661342621,-0.3586122393608093,0.5810154676437378,0.2904307246208191,-0.3597647249698639,0.64176344871521,0.35917794704437256,-0.1697968989610672,0.5380834937095642,0.357936292886734,-0.15993109345436096,0.6559499502182007,0.4703415632247925,-0.10233064740896225,0.5226742625236511,0.47492802143096924,-0.09726940840482712,0.6622871160507202,0.5771552920341492,-0.19843778014183044,0.505759596824646,0.576228141784668,-0.19305500388145447,0.6649209260940552,0.6077888607978821,-0.2281000167131424,0.4974669814109802,0.6056385636329651,-0.2223796844482422,0.6596235036849976,0.605925977230072,-0.2680451273918152,0.5020758509635925,0.6057790517807007,-0.2648847699165344,0.6567182540893555,0.5959450602531433,-0.21579189598560333,0.5068304538726807,0.5964919924736023,-0.21169933676719666,0.618478000164032,0.5565614700317383,-0.005422054789960384,0.5583555698394775,0.5565038919448853,0.0053044515661895275,0.6198168992996216,0.7152795791625977,0.0018869072664529085,0.555887758731842,0.7148940563201904,0.011797808110713959,0.62235027551651,0.8528774380683899,0.1598658710718155,0.5576657652854919,0.8519113659858704,0.17088916897773743,0.6132638454437256,0.8733727335929871,0.16606470942497253,0.5648776888847351,0.8712981343269348,0.1775495707988739,0.6318124532699585,0.90572190284729,0.0182475708425045,0.5461200475692749,0.900844156742096,0.03316266089677811
13,draw_tick,a07_s02_e02,0.5892302393913269,0.27343443036079407,-0.41037172079086304,0.5963589549064636,0.25966089963912964,-0.394773930311203,0.6000617742538452,0.25986841320991516,-0.3947758674621582,0.603049099445343,0.26026949286460876,-0.39478081464767456,0.582933783531189,0.2598825693130493,-0.3954955041408539,0.5786758065223694,0.260305792093277,-0.395529180765152,0.5745202898979187,0.26096439361572266,-0.39552736282348633,0.6093088388442993,0.2670290172100067,-0.2710486352443695,0.568864107131958,0.2686438262462616,-0.2743193507194519,0.5966917872428894,0.2901018261909485,-0.36151355504989624,0.5809789299964905,0.2904511094093323,-0.36272698640823364,0.6416541337966919,0.35899096727371216,-0.17185193300247192,0.5378851890563965,0.35793256759643555,-0.16210898756980896,0.6559033989906311,0.4702216684818268,-0.10334835946559906,0.5226135849952698,0.475132018327713,-0.0988706648349762,0.6622869968414307,0.5770677328109741,-0.19895634055137634,0.5057666301727295,0.5762287974357605,-0.19427552819252014,0.6650106906890869,0.6076313853263855,-0.22843818366527557,0.497469961643219,0.6056901216506958,-0.22347374260425568,0.6597506999969482,0.6057701110839844,-0.268515408039093,0.5020785927772522,0.6058650612831116,-0.26601657271385193,0.6568272113800049,0.5958420634269714,-0.21633529663085938,0.5068567991256714,0.5965120792388916,-0.21288803219795227,0.6183825135231018,0.5563667416572571,-0.005447512958198786,0.5581986904144287,0.5563934445381165,0.0053285760805010796,0.6197525262832642,0.7153128385543823,0.0017933141207322478,0.5558277368545532,0.7148919701576233,0.011841846629977226,0.6223506331443787,0.8528479933738708,0.1597449779510498,0.5576478242874146,0.8517654538154602,0.17091502249240875,0.6132653951644897,0.873310923576355,0.16598020493984222,0.5648595094680786,0.871220052242279,0.1775866448879242,0.6318188905715942,0.9057197570800781,0.018032386898994446,0.5461219549179077,0.90083909034729,0.033123619854450226
14,draw_tick,a07_s02_e02,0.5891562700271606,0.27344048023223877,-0.41338205337524414,0.5962215662002563,0.2596655786037445,-0.3977952003479004,0.5999783873558044,0.2598724663257599,-0.3977951109409332,0.602882981300354,0.2602669894695282,-0.3978007137775421,0.5828244090080261,0.2598866820335388,-0.3985432982444763,0.5786052942276001,0.26031073927879333,-0.3985791504383087,0.574400782585144,0.26096850633621216,-0.3985775113105774,0.6091115474700928,0.26700514554977417,-0.2737484574317932,0.5688026547431946,0.26864737272262573,-0.2772780656814575,0.5966354012489319,0.29010170698165894,-0.36440980434417725,0.580917477607727,0.2904510498046875,-0.3656749129295349,0.6414873003959656,0.35871487855911255,-0.17386126518249512,0.5376937985420227,0.3579281270503998,-0.16502335667610168,0.6558615565299988,0.4699859321117401,-0.10460088402032852,0.5224431157112122,0.4751313030719757,-0.10169987380504608,0.6622750759124756,0.5770223140716553,-0.19912926852703094,0.5057750344276428,0.5763274431228638,-0.1962519884109497,0.6650197505950928,0.6076494455337524,-0.22866711020469666,0.4974703788757324,0.6058204770088196,-0.22524455189704895,0.6597551107406616,0.605775773525238,-0.2685910761356354,0.5020767450332642,0.6060777902603149,-0.2677629590034485,0.6568276286125183,0.595839262008667,-0.21655121445655823,0.506880521774292,0.5966323018074036,-0.21480455994606018,0.618259072303772,0.5561046004295349,-0.005392981693148613,0.5580406785011292,0.5562933683395386,0.0052720424719154835,0.619735062122345,0.7154486775398254,0.0009390790946781635,0.5557647943496704,0.7148689031600952,0.011215385980904102,0.6223317384719849,0.852850079536438,0.1580657809972763,0.5576308965682983,0.8517597317695618,0.1683734804391861,0.6132315397262573,0.873317301273346,0.16420873999595642,0.5648497939109802,0.8712818622589111,0.17478594183921814,0.6318228244781494,0.9057122468948364,0.01600348949432373,0.5461210012435913,0.900826096534729,0.02904011681675911
15,draw_tick,a07_s02_e02,0.5891396999359131,0.27344200015068054,-0.4186932444572449,0.5961770415306091,0.2596646845340729,-0.40304428339004517,0.5999326705932617,0.2598683536052704,-0.4030434489250183,0.6027923822402954,0.2602512538433075,-0.40305033326148987,0.5827876329421997,0.2598852515220642,-0.4039134979248047,0.5785686373710632,0.2603071331977844,-0.4039533734321594,0.5743386149406433,0.2609570026397705,-0.4039529263973236,0.6089490652084351,0.2669576108455658,-0.27804070711135864,0.5687366724014282,0.2686365842819214,-0.2822251617908478,0.5966066122055054,0.2900937497615814,-0.3693224787712097,0.5808671712875366,0.2904438078403473,-0.3707612156867981,0.6412428021430969,0.3584374785423279,-0.17697305977344513,0.5373884439468384,0.35792648792266846,-0.1697119176387787,0.655759334564209,0.46995559334754944,-0.10733906179666519,0.522260844707489,0.4751571714878082,-0.10686467587947845,0.6622543931007385,0.5770168900489807,-0.20142798125743866,0.5057406425476074,0.5765834450721741,-0.20184171199798584,0.6650233864784241,0.6077059507369995,-0.23082776367664337,0.49746623635292053,0.6061068177223206,-0.2312285602092743,0.6597554087638855,0.6058173775672913,-0.27095943689346313,0.5020663142204285,0.6063992381095886,-0.27387240529060364,0.6568256616592407,0.5958535671234131,-0.21887309849262238,0.5068802833557129,0.5968616604804993,-0.22041890025138855,0.6181474924087524,0.5559181571006775,-0.005328678525984287,0.5578802824020386,0.5562208890914917,0.005205430090427399,0.619672954082489,0.7154949903488159,0.0003603109798859805,0.5556991696357727,0.7148697376251221,0.011060982942581177,0.6223306059837341,0.8528597354888916,0.1582833081483841,0.5576271414756775,0.8517423272132874,0.1685563325881958,0.6132296919822693,0.8733206391334534,0.16450104117393494,0.5648475885391235,0.8712638020515442,0.17501200735569,0.6318293809890747,0.90569669008255,0.016195088624954224,0.5461227893829346,0.900804340839386,0.0291637871414423
16,draw_tick,a07_s02_e02,0.5888210535049438,0.2734529376029968,-0.4253745675086975,0.595676600933075,0.2596982419490814,-0.4098268449306488,0.5996613502502441,0.25989800691604614,-0.4098259508609772,0.6023906469345093,0.26027312874794006,-0.4098360538482666,0.5824770927429199,0.25990545749664307,-0.41051945090293884,0.578346312046051,0.26031729578971863,-0.4105616509914398,0.5740199089050293,0.2609623968601227,-0.41056132316589355,0.6083031892776489,0.26696255803108215,-0.28402814269065857,0.5686174631118774,0.2686370313167572,-0.28743863105773926,0.5963592529296875,0.29009488224983215,-0.37564903497695923,0.5805977582931519,0.2904435396194458,-0.3768422305583954,0.6409483551979065,0.35825636982917786,-0.18165799975395203,0.5370742678642273,0.3579408824443817,-0.17345991730690002,0.6556352972984314,0.4697031080722809,-0.11270640790462494,0.5221579074859619,0.4751826226711273,-0.11006555706262589,0.6621865034103394,0.5769832730293274,-0.20828476548194885,0.505681574344635,0.5766240358352661,-0.20653767883777618,0.6649869680404663,0.6077085137367249,-0.23850421607494354,0.4974524974822998,0.6061517000198364,-0.23662924766540527,0.6596575975418091,0.6058073043823242,-0.2790136933326721,0.5020228624343872,0.6064367294311523,-0.27976447343826294,0.6567102670669556,0.5958134531974792,-0.22574472427368164,0.5068609714508057,0.5968894362449646,-0.2253478765487671,0.6179212927818298,0.5556538105010986,-0.005226542707532644,0.5576807260513306,0.5559508204460144,0.005101651884615421,0.6196624636650085,0.7155361771583557,-0.0011260018218308687,0.5556367635726929,0.7148687839508057,0.010435190051794052,0.6223304271697998,0.8528760075569153,0.15797486901283264,0.5576240420341492,0.851739764213562,0.16854071617126465,0.6132256388664246,0.8733404874801636,0.16429856419563293,0.564845860004425,0.871326208114624,0.1750454604625702,0.6318663358688354,0.9056938290596008,0.015441413037478924,0.5461320877075195,0.9007964730262756,0.028274964541196823
17,draw_tick,a07_s02_e02,0.5883790850639343,0.27350521087646484,-0.4277166724205017,0.5950548648834229,0.25977036356925964,-0.4121103286743164,0.5992618799209595,0.2599484622478485,-0.41210952401161194,0.6019030213356018,0.2603159546852112,-0.4121215343475342,0.5820810198783875,0.25997820496559143,-0.4128015637397766,0.5780463218688965,0.26037272810935974,-0.4128435552120209,0.5736317038536072,0.26100656390190125,-0.41284313797950745,0.60744708776474,0.266969233751297,-0.28627169132232666,0.5684458613395691,0.2686430811882019,-0.28962478041648865,0.5959517955780029,0.2901109755039215,-0.3780236840248108,0.5802254676818848,0.29044675827026367,-0.37919312715530396,0.6405658721923828,0.35809552669525146,-0.18467745184898376,0.5367347598075867,0.35799962282180786,-0.1750742346048355,0.655490517616272,0.4692789614200592,-0.11689089238643646,0.5219720602035522,0.47527843713760376,-0.111592136323452,0.6618655920028687,0.5767265558242798,-0.21284720301628113,0.5055105090141296,0.5767613649368286,-0.20794585347175598,0.6648563146591187,0.607367217540741,-0.24345727264881134,0.497401624917984,0.6062241196632385,-0.23814895749092102,0.659457266330719,0.6054889559745789,-0.2839250862598419,0.5018512010574341,0.6065086722373962,-0.2813233733177185,0.656440258026123,0.5954585671424866,-0.23023875057697296,0.5066908597946167,0.5969694256782532,-0.22679629921913147,0.6178398132324219,0.5554416179656982,-0.005222123581916094,0.5575960278511047,0.5557963252067566,0.005097336135804653,0.6195759773254395,0.7155420184135437,-0.003079349873587489,0.5555838346481323,0.7148535847663879,0.010030427016317844,0.6223307251930237,0.8528991937637329,0.15664739906787872,0.557621419429779,0.8517361283302307,0.1681693196296692,0.6132259368896484,0.8733624815940857,0.16301235556602478,0.564852774143219,0.8713437914848328,0.17465291917324066,0.6318699717521667,0.9056686758995056,0.013647401705384254,0.5461314916610718,0.9007910490036011,0.027440732344985008
18,draw_tick,a07_s02_e02,0.5879127979278564,0.27353188395500183,-0.43532562255859375,0.5944222211837769,0.2598420977592468,-0.4197612404823303,0.5988194346427917,0.2600013315677643,-0.4197588562965393,0.6014381051063538,0.2603582441806793,-0.4197733402252197,0.5815944075584412,0.2600601315498352,-0.42037996649742126,0.5776373147964478,0.2604435384273529,-0.4204258322715759,0.5731493234634399,0.2610716223716736,-0.42042526602745056,0.6066687703132629,0.2669816017150879,-0.2932443916797638,0.568196177482605,0.268675297498703,-0.29630061984062195,0.5955865383148193,0.2901124656200409,-0.3853690028190613,0.579855740070343,0.2904473841190338,-0.386444628238678,0.64020836353302,0.35803860425949097,-0.1907084882259369,0.5364671945571899,0.35807761549949646,-0.1805095374584198,0.6553467512130737,0.4690506160259247,-0.12355810403823853,0.5217990875244141,0.47528740763664246,-0.11713165044784546,0.6615806221961975,0.5765482187271118,-0.21923711895942688,0.5053825378417969,0.5768862962722778,-0.21368658542633057,0.6646682024002075,0.6072099208831787,-0.25008076429367065,0.49735695123672485,0.6062753200531006,-0.24423813819885254,0.6592291593551636,0.6052778959274292,-0.29062509536743164,0.5017291307449341,0.6065688729286194,-0.2874137759208679,0.6561633944511414,0.5951946377754211,-0.23664581775665283,0.5065770149230957,0.5970378518104553,-0.23256905376911163,0.6177500486373901,0.5550459027290344,-0.0051490506157279015,0.5575054287910461,0.5554336905479431,0.005022766068577766,0.6194700002670288,0.715463399887085,-0.0038507110439240932,0.5555579662322998,0.7147233486175537,0.009758712723851204,0.6223311424255371,0.8528957366943359,0.1568148285150528,0.5576192140579224,0.8517104387283325,0.1681990772485733,0.6132354736328125,0.8733139634132385,0.16322775185108185,0.5648511648178101,0.8713342547416687,0.17470701038837433,0.6318787336349487,0.9056671261787415,0.013626706786453724,0.5462128520011902,0.9007800817489624,0.02751084789633751
19,draw_tick,a07_s02_e02,0.5874933004379272,0.27359065413475037,-0.4354752004146576,0.5939027667045593,0.25993287563323975,-0.42004042863845825,0.5984179973602295,0.26007136702537537,-0.4200378358364105,0.6010411977767944,0.2604241669178009,-0.420050710439682,0.5811830163002014,0.26016032695770264,-0.4205591082572937,0.5772789716720581,0.2605375051498413,-0.4206022620201111,0.5727506875991821,0.2611615061759949,-0.4206005930900574,0.606092095375061,0.26700785756111145,-0.2938383221626282,0.5679788589477539,0.26871758699417114,-0.29654887318611145,0.5952235460281372,0.29012060165405273,-0.3856015205383301,0.5794841051101685,0.29045596718788147,-0.38657456636428833,0.6399833559989929,0.35798898339271545,-0.19141605496406555,0.5362096428871155,0.35819417238235474,-0.1807473748922348,0.655227780342102,0.4688795208930969,-0.12462396919727325,0.5215581059455872,0.47528937458992004,-0.1173357143998146,0.6613926291465759,0.5763736367225647,-0.22071287035942078,0.505303144454956,0.5770103335380554,-0.21383145451545715,0.6645557284355164,0.607036292552948,-0.25174447894096375,0.49733567237854004,0.6063846349716187,-0.24440379440784454,0.6590543985366821,0.6050500869750977,-0.2922183871269226,0.5016810894012451,0.6066903471946716,-0.2873227000236511,0.6559539437294006,0.5949235558509827,-0.23806217312812805,0.5065388083457947,0.597132682800293,-0.23260048031806946,0.6176531910896301,0.5548360347747803,-0.005023309960961342,0.5574291944503784,0.5552419424057007,0.0048962789587676525,0.6193608045578003,0.7154363393783569,-0.003999347798526287,0.5555470585823059,0.7146512269973755,0.009327457286417484,0.6222332119941711,0.852760374546051,0.15702655911445618,0.5576164722442627,0.8516835570335388,0.16828833520412445,0.6132069826126099,0.8729597330093384,0.1636037528514862,0.5648424625396729,0.8713269829750061,0.17481423914432526,0.631883978843689,0.9056615829467773,0.013756794854998589,0.5463528037071228,0.9007387161254883,0.027464181184768677
20,draw_tick,a07_s02_e02,0.587173581123352,0.27362632751464844,-0.4328097701072693,0.5934656858444214,0.2599896192550659,-0.41746753454208374,0.5980420112609863,0.26010361313819885,-0.41746458411216736,0.6006860136985779,0.26045042276382446,-0.4174739718437195,0.580839991569519,0.26025187969207764,-0.4178595542907715,0.576984703540802,0.26064038276672363,-0.41790032386779785,0.5724276304244995,0.2612837851047516,-0.41789788007736206,0.6055858731269836,0.26701006293296814,-0.29228276014328003,0.56776362657547,0.2688080370426178,-0.2941892743110657,0.5949847102165222,0.29012826085090637,-0.38326701521873474,0.5792477130889893,0.2904724180698395,-0.38405516743659973,0.6398341655731201,0.3578963279724121,-0.19114750623703003,0.5359818339347839,0.35837873816490173,-0.17885924875736237,0.6550606489181519,0.4687114953994751,-0.12235905230045319,0.5212413668632507,0.4755401313304901,-0.11549180746078491,0.661203145980835,0.5762879848480225,-0.2165386974811554,0.5053028464317322,0.5772936344146729,-0.21213321387767792,0.6643856763839722,0.6069601774215698,-0.24709562957286835,0.497459352016449,0.6068109273910522,-0.2425709068775177,0.6588646769523621,0.6049143075942993,-0.2873287796974182,0.5020171403884888,0.607036292552948,-0.28561562299728394,0.6557573080062866,0.5947951674461365,-0.23366358876228333,0.5068559050559998,0.59735506772995,-0.23096290230751038,0.6174081563949585,0.5547600388526917,-0.004759858828037977,0.5572241544723511,0.5551108717918396,0.004631869960576296,0.6193042397499084,0.7154280543327332,-0.003853891510516405,0.5554953217506409,0.7145364880561829,0.008558627218008041,0.6222080588340759,0.8526912927627563,0.15705561637878418,0.5576149821281433,0.8515541553497314,0.16782791912555695,0.6132054924964905,0.8728755116462708,0.16366001963615417,0.5648435950279236,0.8713141083717346,0.1744236797094345,0.6318781971931458,0.9055646061897278,0.014062630012631416,0.5464860796928406,0.9006129503250122,0.02662236988544464
21,draw_tick,a07_s02_e02,0.586854100227356,0.2736896276473999,-0.42967334389686584,0.5931286215782166,0.2600644528865814,-0.41427239775657654,0.5977618098258972,0.2601602375507355,-0.4142657220363617,0.6004369854927063,0.2605055868625641,-0.41427189111709595,0.5805091261863708,0.26034483313560486,-0.4147763252258301,0.5766642689704895,0.2607432007789612,-0.41481226682662964,0.5720845460891724,0.2613981068134308,-0.4148103594779968,0.6053305864334106,0.2670378088951111,-0.28884178400039673,0.5675458312034607,0.26889553666114807,-0.2915711998939514,0.5947483777999878,0.2901565730571747,-0.380014032125473,0.5789772272109985,0.2905058264732361,-0.38102322816848755,0.6397174000740051,0.35784226655960083,-0.18633118271827698,0.5356438159942627,0.3584323525428772,-0.1767725646495819,0.6548835039138794,0.46855103969573975,-0.11595084518194199,0.5207369923591614,0.4755209982395172,-0.11452633142471313,0.6609724164009094,0.5760637521743774,-0.21030671894550323,0.505339503288269,0.5766640901565552,-0.2105143815279007,0.6641051173210144,0.6067903637886047,-0.2406986504793167,0.49775582551956177,0.6064796447753906,-0.24103102087974548,0.6585422158241272,0.6046679019927979,-0.28103041648864746,0.5028563141822815,0.6066688895225525,-0.2824750542640686,0.6554532051086426,0.594551146030426,-0.22743883728981018,0.5077095627784729,0.5967923998832703,-0.22852888703346252,0.6173369288444519,0.5546656847000122,-0.004614193923771381,0.5571642518043518,0.5550022721290588,0.004487381782382727,0.6192718744277954,0.7154242992401123,-0.0018922103336080909,0.5554918050765991,0.7145183682441711,0.008510561659932137,0.62217116355896,0.8525657653808594,0.1580151617527008,0.5576058030128479,0.8515486121177673,0.1671905368566513,0.6131927371025085,0.8727607727050781,0.16450631618499756,0.5648277401924133,0.8715274930000305,0.17371688783168793,0.6318808794021606,0.9054677486419678,0.015643246471881866,0.5465193390846252,0.9005826115608215,0.025998687371611595
22,draw_tick,a07_s02_e02,0.5865620374679565,0.2736954987049103,-0.40999531745910645,0.5928908586502075,0.260071724653244,-0.39399173855781555,0.5975544452667236,0.2601674795150757,-0.39398664236068726,0.6002455949783325,0.26051074266433716,-0.393984854221344,0.5802332162857056,0.2603496313095093,-0.39451682567596436,0.5763920545578003,0.2607477605342865,-0.3945428729057312,0.5718077421188354,0.26141032576560974,-0.3945404291152954,0.6052094101905823,0.26703503727912903,-0.26932328939437866,0.5673583745956421,0.26890528202056885,-0.27241820096969604,0.5945264101028442,0.2901552617549896,-0.36101627349853516,0.5787040591239929,0.29050642251968384,-0.3621038794517517,0.639642059803009,0.35764279961586,-0.16830351948738098,0.5353108048439026,0.3584204614162445,-0.16451933979988098,0.6546777486801147,0.4683249294757843,-0.09875600785017014,0.5200071930885315,0.4745706021785736,-0.1061093807220459,0.6607131361961365,0.5757337808609009,-0.19351866841316223,0.5061053037643433,0.5755850076675415,-0.2018711268901825,0.6638436913490295,0.6065946221351624,-0.22333772480487823,0.498938649892807,0.6058526635169983,-0.23270919919013977,0.6582585573196411,0.6043701767921448,-0.2634616494178772,0.5052859783172607,0.6054497957229614,-0.27161628007888794,0.6551610827445984,0.5941675305366516,-0.21062663197517395,0.5100178718566895,0.5950599312782288,-0.21871249377727509,0.6171346306800842,0.5546479821205139,-0.0033845226280391216,0.5570966005325317,0.5549950003623962,0.003264874219894409,0.6192464828491211,0.715425431728363,0.0016107425326481462,0.5555583238601685,0.7142575979232788,0.005848724860697985,0.6219149827957153,0.8521975874900818,0.160482719540596,0.5575417280197144,0.8515489101409912,0.16330724954605103,0.6129493117332458,0.8722209334373474,0.16690638661384583,0.5646535754203796,0.8716294169425964,0.16979894042015076,0.6319242715835571,0.905360758304596,0.019451109692454338,0.5466954112052917,0.9003004431724548,0.022391866892576218
23,draw_tick,a07_s02_e02,0.5864842534065247,0.2736951410770416,-0.3993079662322998,0.5928331613540649,0.26007840037345886,-0.3828323781490326,0.5974838137626648,0.2601734697818756,-0.3828262686729431,0.6001496911048889,0.2605147957801819,-0.3828226625919342,0.5801337957382202,0.260355681180954,-0.38333189487457275,0.5763012766838074,0.2607530951499939,-0.38335123658180237,0.5717136859893799,0.26142069697380066,-0.3833480477333069,0.6051875352859497,0.2670387923717499,-0.2582087516784668,0.5672574043273926,0.26891791820526123,-0.26122114062309265,0.594481348991394,0.2901449501514435,-0.3505651354789734,0.5786381363868713,0.29049721360206604,-0.3516247570514679,0.6395044326782227,0.3574492633342743,-0.16004231572151184,0.535041332244873,0.35839205980300903,-0.15444757044315338,0.6544702649116516,0.4679797291755676,-0.09215299785137177,0.5188136100769043,0.4729454815387726,-0.09786614030599594,0.6603838205337524,0.5754221081733704,-0.18838182091712952,0.5073333978652954,0.5743208527565002,-0.19427035748958588,0.6636145114898682,0.6063759326934814,-0.2191666066646576,0.5021000504493713,0.6044299006462097,-0.2254161536693573,0.6578619480133057,0.6040823459625244,-0.2589244544506073,0.5093479156494141,0.6029464602470398,-0.2634432017803192,0.6546925902366638,0.5937995910644531,-0.20538432896137238,0.5133758783340454,0.5925837159156799,-0.21064063906669617,0.6171354055404663,0.5546785593032837,-0.003274782793596387,0.557167649269104,0.5551463961601257,0.0031602676026523113,0.6192371845245361,0.7156465649604797,0.0020496402867138386,0.5558091402053833,0.7141175866127014,0.005694285500794649,0.6217414736747742,0.8521326780319214,0.1629512757062912,0.5575523376464844,0.8515397310256958,0.1637619435787201,0.612761378288269,0.872032105922699,0.1695268750190735,0.5646495223045349,0.8716601729393005,0.1703047752380371,0.6319018006324768,0.9053056240081787,0.02209632657468319,0.5468427538871765,0.9001862406730652,0.022882208228111267
24,draw_tick,a07_s02_e02,0.5864863991737366,0.2736988663673401,-0.39719176292419434,0.5928438305854797,0.2600846290588379,-0.3806403577327728,0.5974751710891724,0.26018261909484863,-0.38063138723373413,0.6001166701316833,0.26052629947662354,-0.38062745332717896,0.5801247358322144,0.26037126779556274,-0.3815639615058899,0.5762902498245239,0.2607778012752533,-0.3815840482711792,0.5717086791992188,0.26145845651626587,-0.38158074021339417,0.6052051186561584,0.2670553922653198,-0.25593096017837524,0.5672017335891724,0.26896917819976807,-0.2609530985355377,0.5944815278053284,0.2901453971862793,-0.3484101891517639,0.578639030456543,0.2904978096485138,-0.3500567078590393,0.6394590139389038,0.3574255108833313,-0.1560145914554596,0.5349364280700684,0.3580288290977478,-0.15632721781730652,0.6542474031448364,0.4678519666194916,-0.0858868956565857,0.5176481008529663,0.47070538997650146,-0.09889388084411621,0.6600545644760132,0.5751771926879883,-0.17824262380599976,0.5103018879890442,0.5720517635345459,-0.19558300077915192,0.663325309753418,0.6061041355133057,-0.20809558033943176,0.5074636936187744,0.6023460030555725,-0.2266249656677246,0.6574128866195679,0.6037451028823853,-0.2478938102722168,0.5149824619293213,0.6002038717269897,-0.2642280161380768,0.6541984677314758,0.5934070944786072,-0.1951928734779358,0.5180400609970093,0.5901829600334167,-0.211822509765625,0.6171181201934814,0.554659903049469,-0.001986655406653881,0.5572060346603394,0.5551444292068481,0.0018840836128219962,0.619150698184967,0.7155872583389282,0.0041067106649279594,0.5558791160583496,0.7139557600021362,0.003515330608934164,0.6214630603790283,0.8520625829696655,0.16331572830677032,0.5575396418571472,0.8515597581863403,0.15792767703533173,0.6124739646911621,0.8719425797462463,0.16976076364517212,0.564618706703186,0.8718268275260925,0.16415776312351227,0.6318994760513306,0.9051753878593445,0.023582030087709427,0.5469087362289429,0.9000232815742493,0.01843944750726223
25,draw_tick,a07_s02_e02,0.5865174531936646,0.2737693786621094,-0.3891848027706146,0.5928748846054077,0.26018401980400085,-0.37152034044265747,0.5974764227867126,0.26029667258262634,-0.37150144577026367,0.6001170873641968,0.26067623496055603,-0.3714916408061981,0.5801270604133606,0.2605153024196625,-0.3731822669506073,0.5762872695922852,0.26099154353141785,-0.37319841980934143,0.5717103481292725,0.2617751955986023,-0.37318941950798035,0.6052824258804321,0.2672697901725769,-0.24278071522712708,0.5671650767326355,0.2692801058292389,-0.2519815266132355,0.5945156216621399,0.2901736795902252,-0.3390623927116394,0.5786557793617249,0.29053056240081787,-0.3418963551521301,0.6394110321998596,0.35750722885131836,-0.13767969608306885,0.5349116921424866,0.3570779860019684,-0.15146596729755402,0.6541620492935181,0.4678635001182556,-0.061659447848796844,0.5145073533058167,0.4668601453304291,-0.09970337152481079,0.6595752835273743,0.5750182271003723,-0.15321946144104004,0.5216690301895142,0.5548177361488342,-0.19625328481197357,0.6628578305244446,0.6059181690216064,-0.18328554928302765,0.5254262089729309,0.5838956832885742,-0.22776015102863312,0.6568266749382019,0.6035107374191284,-0.22299878299236298,0.5337175130844116,0.5780454277992249,-0.2641649544239044,0.6535483598709106,0.5931577086448669,-0.17013026773929596,0.5346387624740601,0.5686492323875427,-0.21243898570537567,0.617081880569458,0.5548767447471619,0.0010226537706330419,0.5577138662338257,0.5552499890327454,-0.001114940270781517,0.6191440224647522,0.7157623171806335,0.0063737318851053715,0.555895209312439,0.7141863703727722,0.0013797162100672722,0.621300458908081,0.8520565629005432,0.1678328961133957,0.5575242042541504,0.8515740633010864,0.1586744785308838,0.6122809052467346,0.8719673752784729,0.1743243932723999,0.5645889639854431,0.8718366622924805,0.16511501371860504,0.6319013833999634,0.9050682783126831,0.02738228440284729,0.5469328165054321,0.899997353553772,0.018809715285897255
26,draw_tick,a07_s02_e02,0.5866162180900574,0.27388474345207214,-0.36418616771698,0.5929602980613708,0.2603501081466675,-0.34539076685905457,0.5974881052970886,0.260477751493454,-0.34536904096603394,0.600126326084137,0.2608988881111145,-0.3453536629676819,0.580160915851593,0.2607378363609314,-0.34722742438316345,0.5763046741485596,0.2612922787666321,-0.3472371995449066,0.5717667937278748,0.2621995210647583,-0.34721845388412476,0.6053792238235474,0.26753881573677063,-0.2135862410068512,0.5671662092208862,0.26957353949546814,-0.22402150928974152,0.5945715308189392,0.2901964783668518,-0.313235878944397,0.5787361264228821,0.290579229593277,-0.3164057731628418,0.6393812894821167,0.35763251781463623,-0.10747548192739487,0.5352495312690735,0.35621026158332825,-0.12837721407413483,0.6540995836257935,0.46788841485977173,-0.03655407950282097,0.5133472681045532,0.46175628900527954,-0.1002800464630127,0.659430980682373,0.5744251012802124,-0.13582277297973633,0.535713255405426,0.5353630185127258,-0.21988466382026672,0.6624745726585388,0.6054469347000122,-0.16831925511360168,0.5398817658424377,0.5619823932647705,-0.25819772481918335,0.6563034057617188,0.6030032634735107,-0.20776215195655823,0.548062264919281,0.5541502237319946,-0.2854571044445038,0.6530581116676331,0.5926262736320496,-0.15299327671527863,0.5488137602806091,0.5449156165122986,-0.23205652832984924,0.617125928401947,0.5553877949714661,0.004020270425826311,0.5592572689056396,0.5552446842193604,-0.004097291734069586,0.6191352605819702,0.7164384722709656,0.009631727822124958,0.5559177398681641,0.714368462562561,-0.0014458952937275171,0.6211915016174316,0.8520504236221313,0.1753174513578415,0.5575124025344849,0.8515850305557251,0.15933121740818024,0.612156331539154,0.8719683885574341,0.1820189207792282,0.5645845532417297,0.8718209862709045,0.1658947914838791,0.6319721937179565,0.9049930572509766,0.032518308609724045,0.5472525358200073,0.8999670147895813,0.018436472862958908
27,draw_tick,a07_s02_e02,0.5866211652755737,0.2740367352962494,-0.3799166679382324,0.5929701924324036,0.2605239748954773,-0.3625125586986542,0.5974839925765991,0.2606429159641266,-0.3624996542930603,0.6001240611076355,0.2610778510570526,-0.362493097782135,0.5801595449447632,0.26100578904151917,-0.36366385221481323,0.5762978792190552,0.26167207956314087,-0.3636823296546936,0.5717695951461792,0.2626931965351105,-0.3636727035045624,0.6054274439811707,0.26781776547431946,-0.23310258984565735,0.5671762228012085,0.26997852325439453,-0.24082282185554504,0.594584047794342,0.2902432680130005,-0.329892635345459,0.5787647366523743,0.2907061278820038,-0.33203908801078796,0.6393786668777466,0.3579447865486145,-0.1230582445859909,0.5356444120407104,0.3558880388736725,-0.13113312423229218,0.6540088653564453,0.46790629625320435,-0.049792371690273285,0.5118210911750793,0.4569146931171417,-0.1480678915977478,0.6594138741493225,0.5731979012489319,-0.1457384079694748,0.54176926612854,0.5085480809211731,-0.2968703508377075,0.6622776985168457,0.6044286489486694,-0.1767813265323639,0.5510292053222656,0.5256669521331787,-0.3370113670825958,0.6561835408210754,0.6021267175674438,-0.21559548377990723,0.5581668019294739,0.5161685347557068,-0.3588208556175232,0.6529954671859741,0.5916210412979126,-0.16239118576049805,0.5563353896141052,0.5093934535980225,-0.30702584981918335,0.6170498132705688,0.5555286407470703,0.008492937311530113,0.5598766803741455,0.5552078485488892,-0.008593767881393433,0.6191288232803345,0.7163330912590027,0.02323215641081333,0.5559228658676147,0.7141441106796265,-0.001431819866411388,0.6210516691207886,0.8520175218582153,0.17844173312187195,0.5574585199356079,0.8514160513877869,0.1555446833372116,0.6119810342788696,0.871948778629303,0.1840401589870453,0.5644976496696472,0.8714355826377869,0.16197273135185242,0.6321398615837097,0.9048836827278137,0.033905766904354095,0.5478637218475342,0.8999590277671814,0.011999303475022316
28,draw_tick,a07_s02_e02,0.5865064859390259,0.27451691031455994,-0.3848850429058075,0.5928715467453003,0.2609920799732208,-0.3674054741859436,0.5973979234695435,0.2610500752925873,-0.3673846125602722,0.6000624895095825,0.2614814043045044,-0.36737143993377686,0.5800693035125732,0.2615777552127838,-0.3689895570278168,0.5761731266975403,0.2624283730983734,-0.3690204620361328,0.5717071294784546,0.2634626626968384,-0.3690136671066284,0.6054412722587585,0.2683623135089874,-0.23670347034931183,0.5671809315681458,0.2705077528953552,-0.24681735038757324,0.594558596611023,0.290546715259552,-0.33416929841041565,0.5787472724914551,0.29104751348495483,-0.33713990449905396,0.6393826603889465,0.3583860397338867,-0.12517578899860382,0.5357762575149536,0.35541078448295593,-0.14134833216667175,0.6539918780326843,0.46813100576400757,-0.059190839529037476,0.5114391446113586,0.45350587368011475,-0.21164128184318542,0.6593314409255981,0.5731676816940308,-0.15252503752708435,0.5504361987113953,0.4809075891971588,-0.4106965661048889,0.662176251411438,0.6043917536735535,-0.18166343867778778,0.562917172908783,0.49489012360572815,-0.45639315247535706,0.6559498906135559,0.6020554900169373,-0.21808406710624695,0.5701795816421509,0.4819742441177368,-0.46875303983688354,0.6528060436248779,0.5915100574493408,-0.16781747341156006,0.5672277212142944,0.47611895203590393,-0.4181036353111267,0.6170133352279663,0.5555979609489441,0.010158203542232513,0.5598390102386475,0.555188000202179,-0.010285408236086369,0.6190125942230225,0.7163318395614624,0.03347243741154671,0.5559448599815369,0.7140618562698364,0.0001248752960236743,0.620888352394104,0.8520339131355286,0.19482219219207764,0.5574227571487427,0.8513680100440979,0.15887637436389923,0.6118596792221069,0.8720274567604065,0.20084333419799805,0.564475953578949,0.8713452816009521,0.16614121198654175,0.632232666015625,0.9048721194267273,0.053395044058561325,0.5481361746788025,0.8999527096748352,0.016710955649614334
29,draw_tick,a07_s02_e02,0.5863934755325317,0.2748330533504486,-0.3513072431087494,0.592723548412323,0.26133668422698975,-0.333249032497406,0.5972563028335571,0.26134949922561646,-0.33321958780288696,0.5999463200569153,0.26177823543548584,-0.3331848978996277,0.5799762606620789,0.26193732023239136,-0.3351806402206421,0.5760546326637268,0.2628428339958191,-0.335208922624588,0.5716167688369751,0.263859361410141,-0.3352058231830597,0.6054242253303528,0.26873666048049927,-0.20240454375743866,0.5671789646148682,0.2708391547203064,-0.2140800952911377,0.5945101976394653,0.29070672392845154,-0.3003266155719757,0.5787248611450195,0.29113128781318665,-0.3039773106575012,0.6391938328742981,0.35850590467453003,-0.09604552388191223,0.5364034175872803,0.35453271865844727,-0.13269095122814178,0.6537979245185852,0.4681762456893921,-0.038643114268779755,0.5117686986923218,0.4472651183605194,-0.2337648570537567,0.6591953635215759,0.57318115234375,-0.11569501459598541,0.5612587928771973,0.4430984854698181,-0.4561212658882141,0.6620123386383057,0.6043292284011841,-0.13877557218074799,0.5754409432411194,0.45042163133621216,-0.5031768083572388,0.6557312607765198,0.6019893884658813,-0.17099839448928833,0.5830252170562744,0.4383646547794342,-0.5063357353210449,0.6526399850845337,0.5915082693099976,-0.12830525636672974,0.5788739919662476,0.43395015597343445,-0.4602334499359131,0.6163224577903748,0.5553044676780701,0.009973114356398582,0.5594800114631653,0.555143415927887,-0.010106817819178104,0.6187547445297241,0.7157782316207886,0.027961552143096924,0.5559499263763428,0.7133036851882935,0.0004112620954401791,0.6208033561706543,0.8520330190658569,0.1949513554573059,0.5574142336845398,0.8509218096733093,0.16058525443077087,0.6118030548095703,0.8720525503158569,0.20162972807884216,0.5644828081130981,0.8706400394439697,0.16863955557346344,0.6323082447052002,0.9046878218650818,0.0543578565120697,0.5484827756881714,0.8999434113502502,0.019519919529557228
30,draw_tick,a07_s02_e02,0.5856941938400269,0.2753174901008606,-0.2569954991340637,0.5921741127967834,0.2617214024066925,-0.23669402301311493,0.5967612266540527,0.261738657951355,-0.23667137324810028,0.5996594429016113,0.26212888956069946,-0.23663921654224396,0.5793476700782776,0.2624153792858124,-0.23699474334716797,0.5752673149108887,0.26341694593429565,-0.23701541125774384,0.5710493326187134,0.26434269547462463,-0.23698537051677704,0.6052283048629761,0.26882699131965637,-0.10085569322109222,0.5670860409736633,0.27119624614715576,-0.10463650524616241,0.5942399501800537,0.2908560037612915,-0.2048730105161667,0.5781818628311157,0.291324257850647,-0.2062578946352005,0.6391103267669678,0.35835132002830505,-0.012428881600499153,0.5382555723190308,0.3484302759170532,-0.055556684732437134,0.6530566811561584,0.4680091440677643,0.011497175320982933,0.5164588093757629,0.41904017329216003,-0.22033679485321045,0.6588724851608276,0.5730152130126953,-0.04651327431201935,0.5787898302078247,0.3788816034793854,-0.4415557384490967,0.6617704033851624,0.6042019724845886,-0.06701115518808365,0.5969113111495972,0.37435799837112427,-0.4919641613960266,0.6554149389266968,0.6018783450126648,-0.09552900493144989,0.6004183292388916,0.366132527589798,-0.4832783341407776,0.6523022651672363,0.59139484167099,-0.05785738304257393,0.5968824028968811,0.36743977665901184,-0.4431529641151428,0.615941047668457,0.5538672804832458,0.01057683490216732,0.5594490766525269,0.5542297959327698,-0.010672131553292274,0.6185572743415833,0.715619683265686,0.006839958485215902,0.5559288263320923,0.7127050161361694,-0.013751247897744179,0.6207419633865356,0.8520787954330444,0.19120843708515167,0.5574106574058533,0.8506878614425659,0.15938712656497955,0.6117855310440063,0.8721617460250854,0.19957686960697174,0.5645206570625305,0.8699918985366821,0.16819393634796143,0.6323143839836121,0.9045439958572388,0.05112627148628235,0.5484853982925415,0.8999060392379761,0.019026104360818863
31,draw_tick,a07_s02_e02,0.5847944617271423,0.2753404378890991,-0.21247795224189758,0.5913379788398743,0.26173630356788635,-0.18999077379703522,0.5959144830703735,0.26174601912498474,-0.18997609615325928,0.5992001295089722,0.2621305584907532,-0.18995827436447144,0.5785673260688782,0.26249030232429504,-0.1905137300491333,0.5743789672851562,0.26349228620529175,-0.19053229689598083,0.5704690217971802,0.26439395546913147,-0.1905054897069931,0.604566216468811,0.2688421607017517,-0.05374029278755188,0.5670162439346313,0.27133798599243164,-0.05748269706964493,0.5937784910202026,0.29079434275627136,-0.16107116639614105,0.57731693983078,0.2913050353527069,-0.16244883835315704,0.6390637755393982,0.3581070899963379,0.024295490235090256,0.5401252508163452,0.3472922444343567,-0.02674453891813755,0.652938187122345,0.4681699872016907,0.03905867040157318,0.5225869417190552,0.40341916680336,-0.21699059009552002,0.6587849855422974,0.572896420955658,-0.0049448865465819836,0.5897383093833923,0.3431803584098816,-0.4345143437385559,0.6616063117980957,0.6041198372840881,-0.022754980251193047,0.6021478176116943,0.3279113471508026,-0.4863610863685608,0.6553126573562622,0.6018720865249634,-0.049531757831573486,0.6043015718460083,0.32281777262687683,-0.4758811593055725,0.6521908044815063,0.5913826823234558,-0.015665706247091293,0.6014364957809448,0.3277495801448822,-0.43646806478500366,0.6159051656723022,0.5530049800872803,0.012306362390518188,0.5594388246536255,0.5536608099937439,-0.012375589460134506,0.6184579133987427,0.7154600620269775,-0.006490466184914112,0.5559253096580505,0.712174654006958,-0.027039512991905212,0.6207519769668579,0.8521010279655457,0.18797734379768372,0.5574066042900085,0.850550651550293,0.1532125174999237,0.6118661761283875,0.8722102046012878,0.19644609093666077,0.5645192861557007,0.8694075345993042,0.16280226409435272,0.6323376893997192,0.9045388698577881,0.04767834022641182,0.5485914945602417,0.8998697996139526,0.012826720252633095
32,draw_tick,a07_s02_e02,0.5846444368362427,0.2753644287586212,-0.22380399703979492,0.5909725427627563,0.2617611587047577,-0.1995474398136139,0.595446765422821,0.2617560029029846,-0.19953855872154236,0.5989147424697876,0.2621298134326935,-0.19953259825706482,0.5784719586372375,0.2626725733280182,-0.20275583863258362,0.5743300914764404,0.2637334167957306,-0.20278355479240417,0.5704679489135742,0.2646532356739044,-0.20277611911296844,0.6044775247573853,0.2689584493637085,-0.05666844919323921,0.5670654773712158,0.27192753553390503,-0.07223812490701675,0.5937805771827698,0.29097896814346313,-0.1701177954673767,0.5773235559463501,0.2915164828300476,-0.17503666877746582,0.6392199993133545,0.35825344920158386,0.02260502055287361,0.5408121347427368,0.3474594056606293,-0.04891447350382805,0.6529003977775574,0.46908828616142273,0.03552204370498657,0.5267204642295837,0.38681691884994507,-0.271607369184494,0.6587471961975098,0.572809636592865,-0.004956669174134731,0.5895081162452698,0.3206680119037628,-0.5069206953048706,0.6615365743637085,0.6040923595428467,-0.022070519626140594,0.6019207239151001,0.3060774803161621,-0.565231204032898,0.6552706956863403,0.6019152402877808,-0.051229577511548996,0.6031031012535095,0.30126696825027466,-0.5520551800727844,0.6521498560905457,0.5914285778999329,-0.01682302914559841,0.5996042490005493,0.3057708144187927,-0.5098962187767029,0.6159131526947021,0.5529877543449402,0.016189824789762497,0.559421718120575,0.5536594390869141,-0.016248581930994987,0.6183845400810242,0.7153177261352539,-0.0035296152345836163,0.5559379458427429,0.7119084596633911,-0.0282749030739069,0.6208224892616272,0.8520856499671936,0.19779570400714874,0.5574036836624146,0.8505313992500305,0.1543484479188919,0.6119881868362427,0.8720759153366089,0.20781369507312775,0.5645159482955933,0.8691136837005615,0.16328822076320648,0.6323326826095581,0.9045224785804749,0.053262948989868164,0.5486463904380798,0.8998645544052124,0.01155408751219511
33,draw_tick,a07_s02_e02,0.5846629738807678,0.2744051218032837,-0.25299590826034546,0.5909836888313293,0.26117971539497375,-0.2285863608121872,0.5954591035842896,0.2609870731830597,-0.2285780906677246,0.5989128947257996,0.26114022731781006,-0.22857394814491272,0.5785402059555054,0.2624415457248688,-0.23403148353099823,0.5743530988693237,0.26351597905158997,-0.23407068848609924,0.5704979300498962,0.2645072638988495,-0.23409810662269592,0.6044868230819702,0.26793959736824036,-0.08457492291927338,0.5670638680458069,0.27189287543296814,-0.10981883853673935,0.5939432978630066,0.29008692502975464,-0.19872578978538513,0.5773827433586121,0.29127347469329834,-0.20654745399951935,0.6392182111740112,0.3589588701725006,0.0006953250267542899,0.5407524704933167,0.3467484712600708,-0.06567101180553436,0.6525211334228516,0.4702639877796173,0.024920105934143066,0.535412609577179,0.3739722967147827,-0.3383636176586151,0.6584821939468384,0.5727991461753845,-0.007826043292880058,0.5892693996429443,0.3031383156776428,-0.5790559649467468,0.661426842212677,0.6040220260620117,-0.022039037197828293,0.5998566150665283,0.28299984335899353,-0.6400029063224792,0.655225396156311,0.6019356846809387,-0.05281122773885727,0.6001264452934265,0.27842825651168823,-0.6277474164962769,0.6520606279373169,0.5914495587348938,-0.020305927842855453,0.5962811708450317,0.2853546440601349,-0.5831125974655151,0.6161880493164062,0.5530605316162109,0.020225124433636665,0.5593994855880737,0.5538679957389832,-0.020307037979364395,0.6183794736862183,0.7152363657951355,0.004070944152772427,0.5559417009353638,0.7118329405784607,-0.025223050266504288,0.6208780407905579,0.8520849943161011,0.21647226810455322,0.557392954826355,0.8505298495292664,0.16636350750923157,0.6120237112045288,0.8720144629478455,0.22796420753002167,0.5645098686218262,0.8689481616020203,0.17678846418857574,0.6323406100273132,0.9045177698135376,0.07182256877422333,0.5487167239189148,0.8998711109161377,0.017861388623714447
34,draw_tick,a07_s02_e02,0.585439145565033,0.27203741669654846,-0.21510493755340576,0.5913255214691162,0.2596980333328247,-0.1895759552717209,0.5955607295036316,0.2593756914138794,-0.1895635575056076,0.5989825129508972,0.2592085897922516,-0.18955174088478088,0.5792568922042847,0.2614389955997467,-0.19649359583854675,0.5750521421432495,0.2624802887439728,-0.19653455913066864,0.5711791515350342,0.2634339928627014,-0.19656182825565338,0.6044601202011108,0.2658909261226654,-0.04620995372533798,0.5671192407608032,0.2708996832370758,-0.07736076414585114,0.5945628881454468,0.28780391812324524,-0.16129890084266663,0.5784554481506348,0.289721816778183,-0.17083697021007538,0.6390396952629089,0.3590870201587677,0.03346279636025429,0.5406178832054138,0.3461868464946747,-0.07255366444587708,0.6516402959823608,0.4708999991416931,0.04886721819639206,0.5380297899246216,0.37163951992988586,-0.31576839089393616,0.6579340696334839,0.5728177428245544,0.010869289748370647,0.5872671604156494,0.3003065884113312,-0.551413893699646,0.6611547470092773,0.6039276123046875,-0.0044264961034059525,0.5976176857948303,0.2773791551589966,-0.6122521758079529,0.655025064945221,0.6019608378410339,-0.034286368638277054,0.5973700284957886,0.2728881537914276,-0.6001596450805664,0.6517770886421204,0.5914928317070007,-0.0018552119145169854,0.593694269657135,0.2804883122444153,-0.5552738308906555,0.6163192391395569,0.5531855225563049,0.02340724691748619,0.5593752264976501,0.5540410876274109,-0.02349694073200226,0.6183751821517944,0.7151668071746826,0.004270014353096485,0.5559450387954712,0.7117851376533508,-0.03222659230232239,0.6209349632263184,0.8520801663398743,0.221765398979187,0.5573874115943909,0.8505392670631409,0.16679900884628296,0.6120622158050537,0.871936559677124,0.2343839406967163,0.5645018815994263,0.8688477277755737,0.1776035726070404,0.6323322653770447,0.9044322371482849,0.07996772229671478,0.5487564206123352,0.8998655080795288,0.01894184574484825
35,draw_tick,a07_s02_e02,0.5864298939704895,0.26980334520339966,-0.2015732079744339,0.5917521715164185,0.2580866813659668,-0.17643164098262787,0.5957247614860535,0.2577822506427765,-0.17641451954841614,0.5991033911705017,0.2575477361679077,-0.17639753222465515,0.5800843834877014,0.2601128816604614,-0.1826486736536026,0.5759375095367432,0.26115506887435913,-0.18268707394599915,0.5720459818840027,0.2620355784893036,-0.18271127343177795,0.6044566631317139,0.26453664898872375,-0.03708912059664726,0.5672562122344971,0.26969534158706665,-0.06514593958854675,0.5950601100921631,0.28584614396095276,-0.14939084649085999,0.579787015914917,0.2880909740924835,-0.15798209607601166,0.6390209197998047,0.3590749204158783,0.037400953471660614,0.5404701232910156,0.3454431891441345,-0.06506713479757309,0.6514871120452881,0.4709307849407196,0.04899177700281143,0.5376275777816772,0.3734888434410095,-0.2980387508869171,0.6577907204627991,0.5726689696311951,0.009872871451079845,0.5866440534591675,0.30293798446655273,-0.5253675580024719,0.6609749794006348,0.6035285592079163,-0.005410970188677311,0.5968223810195923,0.28091755509376526,-0.5835033059120178,0.6548958420753479,0.6019070744514465,-0.033623453229665756,0.5964158773422241,0.2751156985759735,-0.5720307230949402,0.6516657471656799,0.591459333896637,-0.0022461952175945044,0.5928928256034851,0.2824438810348511,-0.5288695096969604,0.6165984869003296,0.5531984567642212,0.022423241287469864,0.5593933463096619,0.5541413426399231,-0.0225094985216856,0.6183578372001648,0.7141253352165222,0.003899503033608198,0.5559467077255249,0.7115997076034546,-0.03236568719148636,0.6210967302322388,0.8519038558006287,0.21509626507759094,0.5573861002922058,0.8504459857940674,0.1666601002216339,0.612330436706543,0.8715835809707642,0.22692365944385529,0.5645000338554382,0.8685132265090942,0.17662398517131805,0.6322885751724243,0.9043176770210266,0.07497471570968628,0.5487460494041443,0.8998107314109802,0.018965784460306168
36,draw_tick,a07_s02_e02,0.5864269137382507,0.2700403332710266,-0.24281354248523712,0.5917604565620422,0.25821271538734436,-0.21945615112781525,0.5957343578338623,0.2578878700733185,-0.21944575011730194,0.599105715751648,0.25770804286003113,-0.2194373607635498,0.5800818204879761,0.26026472449302673,-0.2242681235074997,0.5759353637695312,0.26130688190460205,-0.2243015021085739,0.5720406770706177,0.2622819244861603,-0.2243141382932663,0.6045355200767517,0.2646576762199402,-0.07840824127197266,0.567291796207428,0.2703031897544861,-0.1022687777876854,0.5950577855110168,0.28614169359207153,-0.18982508778572083,0.5797674655914307,0.2884630262851715,-0.19687853753566742,0.6391364932060242,0.3598577082157135,0.005139995366334915,0.5405828356742859,0.345184862613678,-0.06551259756088257,0.6513432264328003,0.4710446298122406,0.03040730580687523,0.5369207859039307,0.37474146485328674,-0.316471129655838,0.6576896905899048,0.5727454423904419,-0.0006295164930634201,0.5839197635650635,0.3090812861919403,-0.5493577718734741,0.6608413457870483,0.6035414338111877,-0.012955591082572937,0.5938541293144226,0.286811888217926,-0.6072572469711304,0.6546875238418579,0.6021241545677185,-0.04386550933122635,0.5944235920906067,0.2814489006996155,-0.5951183438301086,0.651474118232727,0.5916693210601807,-0.012712284922599792,0.5910605192184448,0.29055872559547424,-0.5532795190811157,0.616615355014801,0.5534785985946655,0.021538440138101578,0.559384286403656,0.5541953444480896,-0.02162390574812889,0.6183201670646667,0.71377032995224,0.01635030284523964,0.5559471845626831,0.7116118669509888,-0.028971616178750992,0.6211484670639038,0.8518102169036865,0.21708527207374573,0.5573856234550476,0.8504534363746643,0.16684357821941376,0.6124612092971802,0.8714345693588257,0.2276860773563385,0.5644985437393188,0.8685415983200073,0.1764867752790451,0.6322394609451294,0.9042034149169922,0.07250746339559555,0.548737645149231,0.8997806310653687,0.01825234666466713
37,draw_tick,a07_s02_e02,0.5866269469261169,0.27015236020088196,-0.20661763846874237,0.5922687649726868,0.2582719027996063,-0.18217268586158752,0.5961359143257141,0.25806924700737,-0.1821642816066742,0.5992828011512756,0.2580622732639313,-0.18214038014411926,0.5803385376930237,0.26029670238494873,-0.18526192009449005,0.5762079358100891,0.2613069713115692,-0.18528136610984802,0.5722647309303284,0.2622756361961365,-0.18526794016361237,0.6048292517662048,0.2656870186328888,-0.04212215170264244,0.5673835277557373,0.27031195163726807,-0.05727667361497879,0.5952438116073608,0.2864932715892792,-0.15417234599590302,0.5797520875930786,0.28852710127830505,-0.15887455642223358,0.6391270756721497,0.3594557046890259,0.031797830015420914,0.5405551195144653,0.34532201290130615,-0.031424567103385925,0.6512306928634644,0.47116509079933167,0.04087432473897934,0.5361524820327759,0.3805091977119446,-0.24063833057880402,0.6574662923812866,0.572845458984375,-0.009821450337767601,0.5843899846076965,0.3305611312389374,-0.4899581968784332,0.6605623364448547,0.6035632491111755,-0.027520835399627686,0.594822883605957,0.3137626349925995,-0.5475665330886841,0.6543587446212769,0.6022303104400635,-0.05511760711669922,0.5949204564094543,0.3078664243221283,-0.5263062715530396,0.6511648297309875,0.5917335152626038,-0.02137005887925625,0.5922810435295105,0.31343474984169006,-0.4888177812099457,0.616616427898407,0.5534943342208862,0.019484486430883408,0.5594072937965393,0.5541980266571045,-0.01954486034810543,0.6181750893592834,0.7136974930763245,0.00735210906714201,0.5559417009353638,0.7116374373435974,-0.026759644970297813,0.6211735010147095,0.8517784476280212,0.20866701006889343,0.5573663711547852,0.8504530191421509,0.16480420529842377,0.6125563383102417,0.8713921904563904,0.21943585574626923,0.5644713640213013,0.8685421347618103,0.17460647225379944,0.6321843266487122,0.904123067855835,0.0689050555229187,0.5487310290336609,0.8997403979301453,0.018344562500715256
38,draw_tick,a07_s02_e02,0.5869116187095642,0.271432101726532,-0.23407790064811707,0.593075692653656,0.2587986886501312,-0.21060483157634735,0.596771776676178,0.2586943805217743,-0.21059727668762207,0.5997491478919983,0.25881391763687134,-0.21058547496795654,0.5805034637451172,0.2605121433734894,-0.21438825130462646,0.5763401985168457,0.2614539861679077,-0.2144147902727127,0.5723298788070679,0.2624390721321106,-0.21441352367401123,0.6055939197540283,0.2659403383731842,-0.07172848284244537,0.5674165487289429,0.2703854739665985,-0.08781830966472626,0.5953711271286011,0.28710296750068665,-0.18155322968959808,0.5797595977783203,0.28874215483665466,-0.18666401505470276,0.6391264796257019,0.3593395948410034,0.011010539717972279,0.5407932996749878,0.34395793080329895,-0.04580549895763397,0.6507925987243652,0.4707584083080292,0.03244825452566147,0.5270386934280396,0.3983860909938812,-0.22282330691814423,0.6572788953781128,0.5729835629463196,-0.01957789994776249,0.5820073485374451,0.3476337194442749,-0.45698466897010803,0.660340428352356,0.603583037853241,-0.03394175320863724,0.5946735143661499,0.3322521448135376,-0.5099307894706726,0.6541123390197754,0.602277934551239,-0.06607159972190857,0.5958375930786133,0.32025468349456787,-0.4961179792881012,0.6509309411048889,0.5917693376541138,-0.03226611018180847,0.5925505757331848,0.32355329394340515,-0.4566054940223694,0.6163824796676636,0.5522856116294861,0.016898158937692642,0.5593980550765991,0.5530833601951599,-0.01695360615849495,0.6181272268295288,0.713585615158081,0.004795200191438198,0.5559440851211548,0.711601197719574,-0.025414640083909035,0.6211723685264587,0.8517534732818604,0.20252473652362823,0.5573638081550598,0.8504093885421753,0.16269735991954803,0.6125487685203552,0.8713825345039368,0.21256041526794434,0.5644741058349609,0.8684325814247131,0.17235413193702698,0.6321669220924377,0.9040349125862122,0.06172354891896248,0.5487258434295654,0.8997312188148499,0.017948467284440994
39,draw_tick,a07_s02_e02,0.5876867771148682,0.27171561121940613,-0.24211983382701874,0.5941395163536072,0.2589413821697235,-0.21925345063209534,0.5974550843238831,0.25894907116889954,-0.2192377746105194,0.6004288196563721,0.259162575006485,-0.21921034157276154,0.5812890529632568,0.26052796840667725,-0.22273269295692444,0.576998770236969,0.2614726126194,-0.22275185585021973,0.5730906128883362,0.26245635747909546,-0.22273993492126465,0.6062144041061401,0.2661553919315338,-0.08062811940908432,0.5675400495529175,0.2703607380390167,-0.09745480865240097,0.5956718325614929,0.28737717866897583,-0.1896428018808365,0.5800551176071167,0.28877580165863037,-0.19486942887306213,0.6389565467834473,0.3593328297138214,0.003965622745454311,0.5406712889671326,0.34414246678352356,-0.05095375329256058,0.6505266427993774,0.47061797976493835,0.02792341634631157,0.5216110348701477,0.4194883704185486,-0.21358171105384827,0.6571986079216003,0.5731219053268433,-0.04624011367559433,0.5724141001701355,0.37977737188339233,-0.45214638113975525,0.6602664589881897,0.6035622358322144,-0.0693558007478714,0.5874657034873962,0.38089731335639954,-0.5040996074676514,0.6539861559867859,0.6022780537605286,-0.09922747313976288,0.5956568717956543,0.37294939160346985,-0.49578624963760376,0.6507933139801025,0.5917724370956421,-0.058744557201862335,0.5920538306236267,0.3708905875682831,-0.4533620774745941,0.616371750831604,0.55231773853302,0.01531391590833664,0.5595714449882507,0.5532336831092834,-0.015385700389742851,0.6181162595748901,0.713577151298523,0.005803190171718597,0.5559917092323303,0.7116280794143677,-0.018274594098329544,0.621177077293396,0.851762592792511,0.20489422976970673,0.5573654770851135,0.8504494428634644,0.16588576138019562,0.6125468611717224,0.8713967204093933,0.21490462124347687,0.5644825100898743,0.8684319257736206,0.17565318942070007,0.6321381330490112,0.9040246605873108,0.06507854908704758,0.5487158894538879,0.899742066860199,0.024104144424200058
40,draw_tick,a07_s02_e02,0.5882548689842224,0.2717846930027008,-0.2940811812877655,0.5949001312255859,0.25897249579429626,-0.2744947075843811,0.5980004072189331,0.2590002119541168,-0.27446821331977844,0.6012486219406128,0.25921595096588135,-0.2744285464286804,0.5818922519683838,0.26028692722320557,-0.2771223187446594,0.5773760080337524,0.2611154019832611,-0.2771313488483429,0.5735520124435425,0.2619556784629822,-0.2771279215812683,0.6071050763130188,0.26623260974884033,-0.14281216263771057,0.5677847266197205,0.27013397216796875,-0.15797242522239685,0.5959311723709106,0.28740033507347107,-0.24353602528572083,0.5802866220474243,0.28878772258758545,-0.2481594979763031,0.6389104127883911,0.3593786060810089,-0.04483181983232498,0.5406268835067749,0.3451179563999176,-0.08643810451030731,0.6502817869186401,0.4702688455581665,0.007342530880123377,0.5166788101196289,0.4355548918247223,-0.19984538853168488,0.6572163701057434,0.5730991363525391,-0.07845670729875565,0.5593757033348083,0.4386872351169586,-0.43022704124450684,0.6602750420570374,0.6035506725311279,-0.1046697348356247,0.567138671875,0.4569300413131714,-0.47978806495666504,0.6539807915687561,0.6022607684135437,-0.13797107338905334,0.5785990357398987,0.44827330112457275,-0.4892047345638275,0.6507936716079712,0.5917395353317261,-0.09257756173610687,0.5774511694908142,0.4411638677120209,-0.4379914402961731,0.6164799332618713,0.5525945425033569,0.014475750736892223,0.5597854256629944,0.5532415509223938,-0.014560051262378693,0.6181545257568359,0.7134159207344055,0.020123261958360672,0.5560814142227173,0.7115305662155151,-0.009498532861471176,0.6211739182472229,0.8517579436302185,0.1971992403268814,0.5573561787605286,0.8503261208534241,0.16192182898521423,0.612507700920105,0.8713973164558411,0.20382805168628693,0.5644537210464478,0.8682634234428406,0.1697957068681717,0.6321229934692383,0.9040247201919556,0.05225083976984024,0.548733115196228,0.8997461795806885,0.018718373030424118
41,draw_tick,a07_s02_e02,0.5887306928634644,0.27177268266677856,-0.3185572028160095,0.5954226851463318,0.2589333653450012,-0.2986615300178528,0.5983923673629761,0.2589988112449646,-0.29864099621772766,0.6018089652061462,0.25921928882598877,-0.2986103892326355,0.582358717918396,0.2598673701286316,-0.30155447125434875,0.5776722431182861,0.26054877042770386,-0.30157238245010376,0.5738891363143921,0.26118049025535583,-0.3015715479850769,0.6077165007591248,0.2662610411643982,-0.1637781858444214,0.5679454803466797,0.2695748507976532,-0.18049819767475128,0.5961739420890808,0.287425696849823,-0.2668265104293823,0.58050137758255,0.28880375623703003,-0.27185767889022827,0.6388204097747803,0.35942643880844116,-0.05924001336097717,0.5404495000839233,0.3462068736553192,-0.10326842963695526,0.6498974561691284,0.4700855314731598,-0.0032209784258157015,0.512843906879425,0.43901583552360535,-0.184840589761734,0.6572686433792114,0.5726073384284973,-0.10105524957180023,0.5476750135421753,0.46564847230911255,-0.3976360559463501,0.6602827310562134,0.6032840609550476,-0.13047394156455994,0.5552822351455688,0.48693349957466125,-0.4457118511199951,0.6539815664291382,0.6019397974014282,-0.16624611616134644,0.565650463104248,0.47679322957992554,-0.46097198128700256,0.6508089900016785,0.5913559794425964,-0.11661554872989655,0.5657255053520203,0.4704340696334839,-0.40701016783714294,0.6165840029716492,0.5535683035850525,0.014692636206746101,0.5603324174880981,0.5532775521278381,-0.014782307669520378,0.6181876063346863,0.7135283350944519,0.02933603897690773,0.556174635887146,0.7115718126296997,-0.00832006148993969,0.6211532354354858,0.8518906235694885,0.19558125734329224,0.5573405027389526,0.8502954244613647,0.15755872428417206,0.6123253107070923,0.8720512390136719,0.20141403377056122,0.5643488764762878,0.8682000041007996,0.16454361379146576,0.6323596239089966,0.9041222929954529,0.0494859553873539,0.5487331748008728,0.8998352289199829,0.012189346365630627
42,draw_tick,a07_s02_e02,0.5889204740524292,0.271692156791687,-0.32536619901657104,0.5956590175628662,0.25885409116744995,-0.3053785562515259,0.5986188650131226,0.2589680850505829,-0.30536431074142456,0.6021494269371033,0.25919249653816223,-0.30533963441848755,0.5825153589248657,0.25946393609046936,-0.308241069316864,0.5777715444564819,0.2600298225879669,-0.3082581162452698,0.5739890933036804,0.2605261206626892,-0.3082556128501892,0.6081225872039795,0.2663038372993469,-0.1716281622648239,0.5679684281349182,0.26912859082221985,-0.18842914700508118,0.5962697863578796,0.2875071167945862,-0.2743091285228729,0.5805466771125793,0.2887907028198242,-0.27931684255599976,0.6387717127799988,0.35943272709846497,-0.06653067469596863,0.5398918390274048,0.3466283679008484,-0.10871841013431549,0.6499034762382507,0.46962791681289673,-0.006226437631994486,0.5097762942314148,0.44197696447372437,-0.15784290432929993,0.6576274633407593,0.5718664526939392,-0.10959088802337646,0.5408692955970764,0.48133161664009094,-0.34573930501937866,0.6604382991790771,0.6028813123703003,-0.1409253180027008,0.5473244786262512,0.5014370083808899,-0.39096197485923767,0.6541147232055664,0.6014125943183899,-0.17793306708335876,0.5573087930679321,0.49168556928634644,-0.40989914536476135,0.651016354560852,0.5907468795776367,-0.12607379257678986,0.5574633479118347,0.4851939380168915,-0.3559723496437073,0.6166186928749084,0.5546057820320129,0.01489117182791233,0.5607017278671265,0.5532991290092468,-0.014985653571784496,0.6182986497879028,0.7135787606239319,0.032221656292676926,0.5562223196029663,0.7116022109985352,-0.007766522467136383,0.6209596395492554,0.8519699573516846,0.19214358925819397,0.5571929812431335,0.8502947092056274,0.1533399224281311,0.6120039820671082,0.8723995089530945,0.19732388854026794,0.5640586018562317,0.8682034611701965,0.15987716615200043,0.6324698328971863,0.9041747450828552,0.04637616127729416,0.5487828850746155,0.9000340104103088,0.008066937327384949
43,draw_tick,a07_s02_e02,0.5889148712158203,0.271666556596756,-0.3292112946510315,0.595653772354126,0.2587718069553375,-0.3095376789569855,0.5986512303352356,0.2589225471019745,-0.3095260560512543,0.602172315120697,0.259152889251709,-0.30950742959976196,0.582504153251648,0.2592165470123291,-0.3122979700565338,0.5777736902236938,0.25974997878074646,-0.31231364607810974,0.5739861726760864,0.260208398103714,-0.31231361627578735,0.6082258820533752,0.2663370370864868,-0.17594100534915924,0.5679754018783569,0.26889604330062866,-0.19195622205734253,0.5962744951248169,0.2875462472438812,-0.27800408005714417,0.5805449485778809,0.288806289434433,-0.282781183719635,0.638748288154602,0.3594397008419037,-0.06873072683811188,0.5392959713935852,0.34684261679649353,-0.10867540538311005,0.6499252915382385,0.46910443902015686,-0.004178845323622227,0.5067155361175537,0.4426692724227905,-0.13788756728172302,0.6582808494567871,0.5716899037361145,-0.10696514695882797,0.5369026064872742,0.4891738295555115,-0.310446560382843,0.6608268022537231,0.6028055548667908,-0.1382681429386139,0.5424655675888062,0.5090738534927368,-0.35344749689102173,0.6548228859901428,0.6013166904449463,-0.17580828070640564,0.551809549331665,0.49951237440109253,-0.37456443905830383,0.6518968343734741,0.5906248092651367,-0.12383590638637543,0.5519618988037109,0.4924432635307312,-0.321264386177063,0.6166549921035767,0.5552364587783813,0.014911429956555367,0.5610260963439941,0.5534505844116211,-0.015006090514361858,0.6184144616127014,0.7136796116828918,0.029068509116768837,0.556266725063324,0.71170574426651,-0.00822763703763485,0.6206830739974976,0.85205078125,0.1905796229839325,0.5570707321166992,0.8502261638641357,0.15401922166347504,0.611639678478241,0.8724669218063354,0.19612173736095428,0.5639060735702515,0.8679787516593933,0.1609833538532257,0.6326621770858765,0.9042037725448608,0.044840846210718155,0.5488526225090027,0.9001407027244568,0.00910976529121399
44,draw_tick,a07_s02_e02,0.5886819958686829,0.2717054784297943,-0.3438546359539032,0.5954481363296509,0.25878554582595825,-0.32570523023605347,0.5985926389694214,0.2589367926120758,-0.3256875276565552,0.6020113825798035,0.2591663599014282,-0.3256653845310211,0.5821844339370728,0.2592245042324066,-0.3273126780986786,0.5776225328445435,0.2597600519657135,-0.3273390531539917,0.5737221240997314,0.26022690534591675,-0.32733550667762756,0.6082070469856262,0.26635679602622986,-0.19406045973300934,0.5679534673690796,0.2689049541950226,-0.20498976111412048,0.5962023138999939,0.287649542093277,-0.29288023710250854,0.5804094672203064,0.2888809144496918,-0.2962225079536438,0.6388276219367981,0.35944902896881104,-0.08381345868110657,0.5391531586647034,0.3474086821079254,-0.11810389906167984,0.650142252445221,0.4691064655780792,-0.020384643226861954,0.5034321546554565,0.43960100412368774,-0.16663436591625214,0.6585986018180847,0.5718176960945129,-0.12316647917032242,0.5371715426445007,0.47716617584228516,-0.36251258850097656,0.6612877249717712,0.6030232906341553,-0.1535881757736206,0.5436960458755493,0.4969193637371063,-0.4083773195743561,0.6554824113845825,0.6016009449958801,-0.1902092695236206,0.5526982545852661,0.48697152733802795,-0.42234984040260315,0.6524854898452759,0.5909570455551147,-0.1392020881175995,0.5526387095451355,0.4804275929927826,-0.3712245523929596,0.6164203882217407,0.5555016398429871,0.014610826969146729,0.560882568359375,0.5534717440605164,-0.01471677701920271,0.6185494661331177,0.7139396667480469,0.029497165232896805,0.5563079118728638,0.7117394208908081,-0.005360412411391735,0.6206083297729492,0.8521581888198853,0.19082170724868774,0.5570043921470642,0.8501139879226685,0.1546022593975067,0.6115531921386719,0.8726092576980591,0.19662407040596008,0.5638461112976074,0.8678540587425232,0.16190946102142334,0.6327630877494812,0.9042354822158813,0.045762039721012115,0.5489030480384827,0.9002060294151306,0.009765436872839928
45,draw_tick,a07_s02_e02,0.5878469944000244,0.2717156708240509,-0.3373614549636841,0.5944254398345947,0.25879156589508057,-0.3196345567703247,0.5981345772743225,0.25893551111221313,-0.3196108341217041,0.6012976169586182,0.25916507840156555,-0.319579541683197,0.5813024044036865,0.2592316269874573,-0.32068702578544617,0.5770814418792725,0.2597740590572357,-0.3207186162471771,0.5729444622993469,0.2602519094944,-0.32071438431739807,0.6077682971954346,0.266377717256546,-0.19027665257453918,0.5678328275680542,0.26896435022354126,-0.19864021241664886,0.5957354307174683,0.2877684235572815,-0.28719472885131836,0.5799282789230347,0.2889961004257202,-0.28985124826431274,0.6388458609580994,0.3595118820667267,-0.08258315920829773,0.5391278266906738,0.34810835123062134,-0.11304696649312973,0.650419294834137,0.46912145614624023,-0.01906628906726837,0.5008746385574341,0.4369860589504242,-0.17174944281578064,0.6588491201400757,0.5720323324203491,-0.11217018216848373,0.53623366355896,0.4651755392551422,-0.37507227063179016,0.6616649627685547,0.6032427549362183,-0.13990548253059387,0.5446692109107971,0.4841815233230591,-0.42044082283973694,0.6558708548545837,0.6018899083137512,-0.17524433135986328,0.5534191131591797,0.47592419385910034,-0.4327470362186432,0.6528888940811157,0.5913442373275757,-0.12718306481838226,0.5532779693603516,0.4701257646083832,-0.38305023312568665,0.6163562536239624,0.5553969740867615,0.013072414323687553,0.5608308911323547,0.5534630417823792,-0.013200831599533558,0.6185415387153625,0.7139339447021484,0.028968030586838722,0.5563169717788696,0.7116740345954895,-0.002789776073768735,0.6205568909645081,0.8522521257400513,0.18674972653388977,0.5569664835929871,0.8500044941902161,0.15392836928367615,0.6115221977233887,0.8728692531585693,0.192134827375412,0.5638355612754822,0.8678385019302368,0.16083331406116486,0.6328261494636536,0.9042465686798096,0.04322899132966995,0.5489322543144226,0.9002189636230469,0.010116754099726677
46,draw_tick,a07_s02_e02,0.5870083570480347,0.27199694514274597,-0.3252370357513428,0.5933411121368408,0.2589278519153595,-0.30730941891670227,0.5975270867347717,0.25900352001190186,-0.3072836697101593,0.6005662679672241,0.2592250108718872,-0.307251900434494,0.5804429650306702,0.2595295310020447,-0.30820679664611816,0.576466977596283,0.2601047456264496,-0.30823490023612976,0.5722233653068542,0.26077502965927124,-0.3082306385040283,0.606945276260376,0.2663984000682831,-0.1788199245929718,0.5677719712257385,0.2692786753177643,-0.18573376536369324,0.5953184366226196,0.2879224717617035,-0.275124728679657,0.5795244574546814,0.28914153575897217,-0.2777099609375,0.6388437747955322,0.3596205711364746,-0.07467614114284515,0.5393643379211426,0.3481305241584778,-0.1079469695687294,0.6506754159927368,0.4691365361213684,-0.015127872116863728,0.498913437128067,0.42849627137184143,-0.1737011820077896,0.6590366363525391,0.5722595453262329,-0.1026390939950943,0.5367258191108704,0.4597235918045044,-0.38066527247428894,0.6621338129043579,0.6033257246017456,-0.12949465215206146,0.5458486676216125,0.4708142578601837,-0.4283474385738373,0.6562557220458984,0.6019668579101562,-0.16417691111564636,0.5547261238098145,0.462442547082901,-0.43900465965270996,0.6532155871391296,0.5915230512619019,-0.11737602949142456,0.5544257164001465,0.45860379934310913,-0.3887612223625183,0.6163076758384705,0.5546852946281433,0.011169441044330597,0.5608199834823608,0.5532868504524231,-0.0113048842176795,0.6185325384140015,0.7137499451637268,0.027665790170431137,0.5564125776290894,0.7111843824386597,-0.003738104598596692,0.6205446720123291,0.8524456024169922,0.17893283069133759,0.5569627285003662,0.8500049710273743,0.14884276688098907,0.6115198731422424,0.8733246922492981,0.18432173132896423,0.5638338327407837,0.8678874969482422,0.15529298782348633,0.632821798324585,0.9042502641677856,0.036406729370355606,0.5489978790283203,0.9002366662025452,0.0061892298981547356
47,draw_tick,a07_s02_e02,0.5857608914375305,0.272015243768692,-0.2955471873283386,0.5920327305793762,0.2589361071586609,-0.27783066034317017,0.5966091752052307,0.2590120732784271,-0.27779626846313477,0.5998044013977051,0.2592281401157379,-0.27775269746780396,0.5793776512145996,0.2596202492713928,-0.27760523557662964,0.5754907727241516,0.2602021396160126,-0.27763670682907104,0.5713252425193787,0.2609418034553528,-0.2776277959346771,0.6061239838600159,0.26638755202293396,-0.15102121233940125,0.5676141977310181,0.26938074827194214,-0.15341691672801971,0.5947566628456116,0.28797996044158936,-0.24634325504302979,0.5789657831192017,0.2891538441181183,-0.24748535454273224,0.6388426423072815,0.3596598207950592,-0.05113077163696289,0.5393608808517456,0.3473297357559204,-0.08059553802013397,0.6508387327194214,0.4690634310245514,-0.0006638967315666378,0.49779725074768066,0.41358792781829834,-0.17973285913467407,0.6592304110527039,0.5723347067832947,-0.08222563564777374,0.5355962514877319,0.42629584670066833,-0.42684587836265564,0.6626688838005066,0.6033802628517151,-0.10615072399377823,0.5448794960975647,0.44652658700942993,-0.4765208661556244,0.6566051840782166,0.6019933223724365,-0.1387094408273697,0.5536710023880005,0.4361131489276886,-0.48134785890579224,0.6534559726715088,0.5915948748588562,-0.0953507125377655,0.5537381172180176,0.4304971694946289,-0.43313074111938477,0.6163119077682495,0.5536960363388062,0.011137627996504307,0.5607863068580627,0.5531527996063232,-0.011264034546911716,0.6185258626937866,0.7132886648178101,0.02733542025089264,0.5564457178115845,0.7109711170196533,-0.004021255299448967,0.6205419898033142,0.8525559902191162,0.18081696331501007,0.556946873664856,0.8500007390975952,0.14727166295051575,0.6115197539329529,0.873523473739624,0.1866377592086792,0.5638285279273987,0.8678877949714661,0.1538994014263153,0.6328252553939819,0.9042450785636902,0.037942785769701004,0.548998236656189,0.9002317190170288,0.004093931056559086
48,draw_tick,a07_s02_e02,0.5845998525619507,0.27228450775146484,-0.2855220139026642,0.5907449722290039,0.25917360186576843,-0.26520219445228577,0.5955497622489929,0.25918757915496826,-0.2651750445365906,0.5991383790969849,0.25937992334365845,-0.2651497721672058,0.5780352354049683,0.26004326343536377,-0.2654999792575836,0.5739045143127441,0.26077210903167725,-0.2655341923236847,0.5701338648796082,0.2615726590156555,-0.2655215859413147,0.6052058935165405,0.266446977853775,-0.12845440208911896,0.566942572593689,0.27001509070396423,-0.13371069729328156,0.5941291451454163,0.2881257236003876,-0.23358261585235596,0.5778915286064148,0.28936517238616943,-0.23552092909812927,0.6388601064682007,0.35953474044799805,-0.03575398400425911,0.5394488573074341,0.34617534279823303,-0.07436416298151016,0.6511780023574829,0.46886125206947327,-0.0006608398398384452,0.49657735228538513,0.38156139850616455,-0.25096067786216736,0.6599233746528625,0.5723645091056824,-0.06773658841848373,0.5302411317825317,0.36369749903678894,-0.5229848027229309,0.6630884408950806,0.6034669280052185,-0.08707598596811295,0.5429726839065552,0.3677675426006317,-0.5795354843139648,0.6569318771362305,0.6020492315292358,-0.1203400269150734,0.5514107942581177,0.364813894033432,-0.5736857056617737,0.6538228988647461,0.5916630625724792,-0.08066514879465103,0.5510993599891663,0.3653761148452759,-0.5286203026771545,0.6163038015365601,0.5538429617881775,0.01145162619650364,0.5602715015411377,0.5536791086196899,-0.01157054491341114,0.6185249090194702,0.7135172486305237,0.03013613447546959,0.556449294090271,0.7114875316619873,-0.0019874251447618008,0.6205123066902161,0.8526884913444519,0.21601827442646027,0.5569226741790771,0.8500927090644836,0.17532609403133392,0.6115312576293945,0.8736240267753601,0.2249354124069214,0.5638512969017029,0.8679113388061523,0.18447363376617432,0.6326295733451843,0.9042519927024841,0.06899772584438324,0.5488299131393433,0.900360107421875,0.02905995026230812
49,draw_tick,a07_s02_e02,0.5840810537338257,0.2723256051540375,-0.2671220898628235,0.5897234678268433,0.2592354714870453,-0.24487169086933136,0.5944594740867615,0.2592098116874695,-0.2448311746120453,0.5983430743217468,0.25938528776168823,-0.24480152130126953,0.5774067640304565,0.2602532207965851,-0.24456556141376495,0.5732818841934204,0.2610527276992798,-0.24460451304912567,0.5696077346801758,0.261954128742218,-0.2445864975452423,0.6043630242347717,0.26645782589912415,-0.10819873958826065,0.5663049817085266,0.2707282304763794,-0.11007411777973175,0.5936431288719177,0.288138747215271,-0.21652159094810486,0.5776898860931396,0.2895454168319702,-0.21749942004680634,0.6388024687767029,0.35953614115715027,-0.025165598839521408,0.5395485162734985,0.34593456983566284,-0.05259517952799797,0.6514886021614075,0.4686231315135956,0.002235588850453496,0.49544984102249146,0.3665338456630707,-0.23671472072601318,0.6601967811584473,0.572357177734375,-0.050792209804058075,0.5267000794410706,0.32599297165870667,-0.48432350158691406,0.6632661819458008,0.6034767627716064,-0.07024087011814117,0.5362817049026489,0.3167414665222168,-0.5413698554039001,0.6571354269981384,0.6020757555961609,-0.10244470834732056,0.5449947118759155,0.31748470664024353,-0.5313256978988647,0.6540573239326477,0.5916871428489685,-0.06378716230392456,0.5457419157028198,0.3217349350452423,-0.4888099133968353,0.616354763507843,0.5542251467704773,0.010766823776066303,0.5602251887321472,0.5542858242988586,-0.010905036702752113,0.6185122132301331,0.7136571407318115,0.03197522088885307,0.556448221206665,0.7115668654441833,-0.0012100472813472152,0.6205060482025146,0.8526984453201294,0.21690499782562256,0.5568509101867676,0.8501157760620117,0.17529478669166565,0.6115444898605347,0.873622477054596,0.22566954791545868,0.5638377070426941,0.8679097294807434,0.1843174546957016,0.6324907541275024,0.9041913151741028,0.07120451331138611,0.5488139390945435,0.9003289937973022,0.031383536756038666
50,draw_tick,a07_s02_e02,0.5829702615737915,0.27237048745155334,-0.23249594867229462,0.5884113311767578,0.2592662572860718,-0.21268658339977264,0.5930970907211304,0.2592153549194336,-0.21265175938606262,0.5973213315010071,0.25938880443573,-0.21262545883655548,0.5763951539993286,0.2604411542415619,-0.2081935852766037,0.5724692344665527,0.26128074526786804,-0.20822855830192566,0.5689912438392639,0.2622101306915283,-0.20820407569408417,0.6035866141319275,0.2664661109447479,-0.08937565982341766,0.5660823583602905,0.27090737223625183,-0.07147769629955292,0.5925853252410889,0.288175493478775,-0.18722569942474365,0.5767549872398376,0.28955498337745667,-0.18239590525627136,0.6389023065567017,0.35954105854034424,-0.019539818167686462,0.5409361124038696,0.34548696875572205,-0.0049634636379778385,0.6517232656478882,0.46806591749191284,0.0030375339556485415,0.4938035011291504,0.35073891282081604,-0.15458384156227112,0.6602295637130737,0.5723240971565247,-0.05517906695604324,0.5116891264915466,0.275516539812088,-0.38664528727531433,0.6632612943649292,0.6034769415855408,-0.07759368419647217,0.5147230625152588,0.25234922766685486,-0.44466719031333923,0.6571721434593201,0.6020790934562683,-0.11047457158565521,0.5230058431625366,0.2517704367637634,-0.437992662191391,0.654100775718689,0.5916768312454224,-0.06882213056087494,0.5255016088485718,0.26081588864326477,-0.3943435549736023,0.6163349151611328,0.5543193817138672,0.006151619367301464,0.5601435899734497,0.5543210506439209,-0.0063526383601129055,0.618493378162384,0.7135639190673828,0.020626528188586235,0.5564608573913574,0.7114678621292114,-0.004117920529097319,0.62050461769104,0.8526932001113892,0.21618647873401642,0.5568311214447021,0.850148618221283,0.17210935056209564,0.6115673780441284,0.8735558390617371,0.22198577225208282,0.5638326406478882,0.867903470993042,0.18041962385177612,0.6324523687362671,0.9041458964347839,0.0673234686255455,0.5488764047622681,0.9003128409385681,0.027697568759322166
51,draw_tick,a07_s02_e02,0.5820074081420898,0.27239009737968445,-0.24394483864307404,0.586912989616394,0.2592726945877075,-0.22614888846874237,0.5914880037307739,0.25922247767448425,-0.22612638771533966,0.5960302352905273,0.25938746333122253,-0.22611606121063232,0.5751953125,0.26054495573043823,-0.22000035643577576,0.5714519023895264,0.2614120543003082,-0.2200264185667038,0.5682401061058044,0.26236090064048767,-0.21999140083789825,0.6027313470840454,0.26646968722343445,-0.10718674957752228,0.5658353567123413,0.2710379362106323,-0.08254734426736832,0.591804563999176,0.28817927837371826,-0.20023517310619354,0.5759581327438354,0.289491206407547,-0.19314046204090118,0.6389817595481873,0.35969629883766174,-0.040146853774785995,0.5414740443229675,0.3454001247882843,-0.00032704140176065266,0.6517818570137024,0.4676204323768616,-0.023523753508925438,0.49465957283973694,0.342477411031723,-0.12157557904720306,0.6603313684463501,0.5722276568412781,-0.07835618406534195,0.5069554448127747,0.2535964548587799,-0.3326978385448456,0.6632789373397827,0.6034578680992126,-0.10255106538534164,0.5077874660491943,0.22651103138923645,-0.38618236780166626,0.6571710705757141,0.6020671129226685,-0.13514046370983124,0.51446133852005,0.22157254815101624,-0.3820860683917999,0.654105544090271,0.5916271209716797,-0.09184133261442184,0.5168314576148987,0.23286885023117065,-0.3408307731151581,0.6163389682769775,0.5543622374534607,-0.003752193646505475,0.5601391792297363,0.5543519854545593,0.003558530006557703,0.6184964776039124,0.7135570645332336,0.008241107687354088,0.5564638376235962,0.7114341259002686,-0.0015523682814091444,0.6205066442489624,0.85271817445755,0.2004779875278473,0.5568275451660156,0.8501518368721008,0.17211486399173737,0.6116520166397095,0.8735539317131042,0.20962372422218323,0.5638729929924011,0.8678913712501526,0.18048331141471863,0.6322953104972839,0.904154360294342,0.053304992616176605,0.5488758087158203,0.9003125429153442,0.029575049877166748
52,draw_tick,a07_s02_e02,0.5818413496017456,0.27238577604293823,-0.2582094669342041,0.5865291953086853,0.2592802345752716,-0.2395511418581009,0.5910606980323792,0.2592249810695648,-0.23952722549438477,0.5956537127494812,0.2593660354614258,-0.23950982093811035,0.5748871564865112,0.2605522871017456,-0.23568014800548553,0.5711761116981506,0.26141685247421265,-0.23570939898490906,0.5680451393127441,0.2623642683029175,-0.23568078875541687,0.6023718118667603,0.2664696276187897,-0.11334828287363052,0.5656095743179321,0.27108582854270935,-0.10032746940851212,0.5916298031806946,0.28814956545829773,-0.2113153040409088,0.5758680105209351,0.28940850496292114,-0.20821169018745422,0.6390141248703003,0.3597828149795532,-0.062012992799282074,0.5419515371322632,0.34532833099365234,-0.019060084596276283,0.651840329170227,0.4674284756183624,-0.041243650019168854,0.4948079586029053,0.3339950442314148,-0.1453646421432495,0.6603312492370605,0.5719155669212341,-0.09947262704372406,0.5026479363441467,0.23719190061092377,-0.35948094725608826,0.6632692813873291,0.6031141877174377,-0.1243087500333786,0.500916600227356,0.21000076830387115,-0.4138611853122711,0.6571376323699951,0.6017447113990784,-0.1563313603401184,0.5069050788879395,0.20391760766506195,-0.40997856855392456,0.6540639996528625,0.5912946462631226,-0.11297907680273056,0.5103020668029785,0.21416176855564117,-0.3674563467502594,0.6163102984428406,0.5547493696212769,-0.006986340042203665,0.5601351857185364,0.5546978116035461,0.0067935362458229065,0.6184974312782288,0.7135776877403259,0.00860241986811161,0.5564659833908081,0.7114382982254028,0.0048636170104146,0.6206075549125671,0.8527019619941711,0.20309999585151672,0.556817889213562,0.8501293659210205,0.18394835293293,0.6118818521499634,0.873469889163971,0.2135767638683319,0.5638648271560669,0.8678526282310486,0.1932804435491562,0.6321583390235901,0.9040952920913696,0.059832412749528885,0.5488765835762024,0.9002875089645386,0.04397992044687271
53,draw_tick,a07_s02_e02,0.5819297432899475,0.27234652638435364,-0.2908303737640381,0.5867946743965149,0.25927868485450745,-0.27214616537094116,0.5912710428237915,0.2592129707336426,-0.2721324563026428,0.5957607626914978,0.259347140789032,-0.27214792370796204,0.5750521421432495,0.2605540156364441,-0.2678374946117401,0.57129967212677,0.2614154517650604,-0.2678923010826111,0.5681137442588806,0.2623670995235443,-0.267864853143692,0.6024523973464966,0.2664724886417389,-0.15013186633586884,0.565585196018219,0.2711160480976105,-0.13112595677375793,0.5917177796363831,0.2881367802619934,-0.24526825547218323,0.5759307146072388,0.28937962651252747,-0.24039790034294128,0.6390671133995056,0.35983961820602417,-0.08313692361116409,0.5420829653739929,0.34491461515426636,-0.03995663672685623,0.6518412828445435,0.46736738085746765,-0.05867849662899971,0.49298882484436035,0.32636311650276184,-0.15603429079055786,0.6600580811500549,0.5714704394340515,-0.1237579956650734,0.4948832094669342,0.22113753855228424,-0.37704718112945557,0.6628454923629761,0.6024984121322632,-0.1490372121334076,0.4900355935096741,0.19062083959579468,-0.43053990602493286,0.6566083431243896,0.6012101769447327,-0.18166953325271606,0.4953775405883789,0.18588776886463165,-0.4282442629337311,0.6534937620162964,0.5908447504043579,-0.13788817822933197,0.500103771686554,0.19568251073360443,-0.38502106070518494,0.6163554787635803,0.554784893989563,-0.005914247129112482,0.5601693391799927,0.5547934174537659,0.005725169088691473,0.6185030937194824,0.7135718464851379,0.010615206323564053,0.5564924478530884,0.7114350199699402,0.007874800823628902,0.6207054853439331,0.8526073694229126,0.2046850174665451,0.5568476915359497,0.8500458598136902,0.18547995388507843,0.6119744181632996,0.8730718493461609,0.21498599648475647,0.5639059543609619,0.867829442024231,0.1946984827518463,0.6321067214012146,0.904068112373352,0.06140904501080513,0.5488797426223755,0.9001486897468567,0.044593263417482376
54,draw_tick,a07_s02_e02,0.5820361971855164,0.2723422348499298,-0.29139772057533264,0.5869869589805603,0.2592810392379761,-0.2725175619125366,0.5914196372032166,0.25921663641929626,-0.2725059688091278,0.5958221554756165,0.25934866070747375,-0.2725224792957306,0.5751730799674988,0.2605589032173157,-0.26827719807624817,0.5713925957679749,0.26143890619277954,-0.26832419633865356,0.5681698322296143,0.26239103078842163,-0.26827889680862427,0.602477490901947,0.26648589968681335,-0.1504257470369339,0.5655785799026489,0.2711171507835388,-0.13177666068077087,0.5917423963546753,0.28813207149505615,-0.24580085277557373,0.5759743452072144,0.2892512381076813,-0.24091525375843048,0.639139711856842,0.36013978719711304,-0.08231258392333984,0.5420505404472351,0.3444364666938782,-0.04283144325017929,0.6518665552139282,0.46744462847709656,-0.05757252499461174,0.48881953954696655,0.3227752149105072,-0.1517433077096939,0.6593106389045715,0.5714728236198425,-0.1252894401550293,0.4880809187889099,0.21964994072914124,-0.34754452109336853,0.6619523763656616,0.6024816036224365,-0.15230825543403625,0.4820783734321594,0.18901123106479645,-0.4008330702781677,0.6553179025650024,0.6012073755264282,-0.18567509949207306,0.4875373840332031,0.1833706647157669,-0.4001579284667969,0.6522102952003479,0.5908479690551758,-0.1397843360900879,0.4929189682006836,0.19292868673801422,-0.3570311963558197,0.6163591146469116,0.5551304221153259,-0.006166619248688221,0.5601533055305481,0.5552843809127808,0.005987905897200108,0.6185243725776672,0.7142689824104309,0.01204198133200407,0.5565270185470581,0.7120322585105896,0.008613476529717445,0.6207690834999084,0.8526884913444519,0.21127727627754211,0.5568451285362244,0.8505637645721436,0.18927735090255737,0.6119796633720398,0.8730748295783997,0.22259719669818878,0.5639058947563171,0.8684671521186829,0.19890882074832916,0.6322010159492493,0.9044941663742065,0.06988446414470673,0.5488981008529663,0.9004583954811096,0.04849838837981224
55,draw_tick,a07_s02_e02,0.5822427868843079,0.27232587337493896,-0.3074788451194763,0.5872923135757446,0.2592849135398865,-0.28809013962745667,0.5917646884918213,0.2592394948005676,-0.2880803048610687,0.5960710048675537,0.2593685984611511,-0.28808921575546265,0.5753363370895386,0.26058194041252136,-0.28450673818588257,0.5715404748916626,0.261488139629364,-0.2845502495765686,0.5682934522628784,0.26243463158607483,-0.28449422121047974,0.6026822328567505,0.26649022102355957,-0.16411778330802917,0.5655813217163086,0.27111393213272095,-0.14895838499069214,0.5920078158378601,0.28809335827827454,-0.26120230555534363,0.5761183500289917,0.28910937905311584,-0.2572461664676666,0.6392229795455933,0.3601893186569214,-0.0920787900686264,0.5420143008232117,0.34430691599845886,-0.057685114443302155,0.6518716216087341,0.4678296446800232,-0.06444151699542999,0.4868689477443695,0.3229431211948395,-0.15475083887577057,0.6591336131095886,0.5715222954750061,-0.13551317155361176,0.4856659770011902,0.22030232846736908,-0.3657144606113434,0.6614505648612976,0.6025667786598206,-0.16195309162139893,0.4798571467399597,0.19063690304756165,-0.4189279079437256,0.6548696756362915,0.6012397408485413,-0.19548824429512024,0.485281765460968,0.184396892786026,-0.418313205242157,0.6518272161483765,0.5908775925636292,-0.15008220076560974,0.49054327607154846,0.1942116916179657,-0.3745473325252533,0.6163672804832458,0.5551932454109192,-0.004963281564414501,0.5601041913032532,0.5556391477584839,0.00477460864931345,0.6186104416847229,0.7144374847412109,0.012922030873596668,0.5565882921218872,0.7125611901283264,0.007950976490974426,0.6207476854324341,0.8526883721351624,0.22124329209327698,0.5568463206291199,0.8506454825401306,0.19487254321575165,0.6118007302284241,0.8730080723762512,0.2334808111190796,0.5639644861221313,0.8685375452041626,0.20530609786510468,0.6326596736907959,0.9049360156059265,0.0804019570350647,0.5489915609359741,0.9008578658103943,0.053812336176633835
56,draw_tick,a07_s02_e02,0.5823047757148743,0.272188276052475,-0.30764415860176086,0.5873818397521973,0.25926458835601807,-0.28870218992233276,0.5918979644775391,0.2592353820800781,-0.28868401050567627,0.5961609482765198,0.2593661844730377,-0.28869447112083435,0.5753538608551025,0.2605818212032318,-0.28441694378852844,0.5715779066085815,0.26148897409439087,-0.28445079922676086,0.568343460559845,0.2624279856681824,-0.28438466787338257,0.6027832627296448,0.266485333442688,-0.1672838032245636,0.5655899047851562,0.2709541618824005,-0.14908458292484283,0.5921416282653809,0.2879256010055542,-0.26241129636764526,0.5761462450027466,0.2887933552265167,-0.2575661242008209,0.6394816637039185,0.36021363735198975,-0.10018876940011978,0.5420228242874146,0.3442189395427704,-0.05748742073774338,0.6520350575447083,0.4682103991508484,-0.07407378405332565,0.4845074713230133,0.32957008481025696,-0.16026827692985535,0.6590895652770996,0.5719820261001587,-0.14452043175697327,0.48295649886131287,0.22979673743247986,-0.36969712376594543,0.6610904335975647,0.6032021045684814,-0.17069700360298157,0.47747093439102173,0.20131999254226685,-0.4229223132133484,0.6544557213783264,0.6017469167709351,-0.20370742678642273,0.48364925384521484,0.19549132883548737,-0.4209928512573242,0.6515002846717834,0.5913684964179993,-0.15866413712501526,0.48823994398117065,0.20675911009311676,-0.37847068905830383,0.6163684129714966,0.5555143356323242,-0.007282223552465439,0.5600756406784058,0.5559528470039368,0.007064389996230602,0.618615984916687,0.7155274748802185,0.010685482993721962,0.5565929412841797,0.7130795121192932,0.01236806996166706,0.6205515265464783,0.852860152721405,0.22008804976940155,0.5568440556526184,0.8504663109779358,0.20200622081756592,0.6114271879196167,0.8730097413063049,0.23214170336723328,0.5639947056770325,0.8682964444160461,0.21268197894096375,0.6327406167984009,0.9054276347160339,0.07964935153722763,0.5488945245742798,0.9008888006210327,0.06389748305082321
57,draw_tick,a07_s02_e02,0.582392692565918,0.27209776639938354,-0.30704236030578613,0.5875290632247925,0.25922197103500366,-0.2886081635951996,0.5920702219009399,0.2592056393623352,-0.2885896861553192,0.5963054299354553,0.25933846831321716,-0.28859731554985046,0.575404942035675,0.2605744004249573,-0.2842550277709961,0.5716379284858704,0.2614808678627014,-0.28428369760513306,0.5684122443199158,0.2623995244503021,-0.28421932458877563,0.6029461622238159,0.2664634883403778,-0.1678772270679474,0.5656408071517944,0.27069398760795593,-0.14959610998630524,0.5922864675521851,0.2877736985683441,-0.2619883418083191,0.5761960744857788,0.2885132133960724,-0.2571302354335785,0.6397218704223633,0.3602258265018463,-0.10114481300115585,0.54200279712677,0.3441506624221802,-0.056327737867832184,0.6521381139755249,0.46840518712997437,-0.07547424733638763,0.483318030834198,0.3355877995491028,-0.16290432214736938,0.659050703048706,0.5722463130950928,-0.14805081486701965,0.48285144567489624,0.2401123195886612,-0.3864649832248688,0.6608456373214722,0.603679895401001,-0.1742067039012909,0.4784035086631775,0.21290625631809235,-0.4407593309879303,0.6542856097221375,0.6021422743797302,-0.20744001865386963,0.4843740463256836,0.207321435213089,-0.4384579062461853,0.6513591408729553,0.5917055606842041,-0.16219185292720795,0.48805123567581177,0.2183535248041153,-0.39618390798568726,0.6163721084594727,0.5559002161026001,-0.007415606174618006,0.5600498914718628,0.5563286542892456,0.007189295254647732,0.6186851263046265,0.7162665724754333,0.008961016312241554,0.5565891265869141,0.7135015726089478,0.012819221243262291,0.6203489899635315,0.8529473543167114,0.22139711678028107,0.5568457841873169,0.8503504991531372,0.2034616470336914,0.6111055016517639,0.8729952573776245,0.23366644978523254,0.5640404224395752,0.8680573105812073,0.2141799032688141,0.6328101754188538,0.9055673480033875,0.08159852772951126,0.5488215684890747,0.9009055495262146,0.06553734093904495
58,draw_tick,a07_s02_e02,0.5827273726463318,0.27221864461898804,-0.2966088354587555,0.5881937742233276,0.25928565859794617,-0.2786339819431305,0.5925437808036804,0.2592523396015167,-0.27860552072525024,0.5966199040412903,0.25936856865882874,-0.27858904004096985,0.5760918259620667,0.26069962978363037,-0.2743173837661743,0.5721570253372192,0.26156795024871826,-0.274338960647583,0.5689093470573425,0.2624387741088867,-0.2742727994918823,0.6033604741096497,0.2664440870285034,-0.16135726869106293,0.5660003423690796,0.27065250277519226,-0.14286985993385315,0.5924925804138184,0.2877994775772095,-0.2528182864189148,0.5765803456306458,0.28855592012405396,-0.2480892688035965,0.6400253772735596,0.360219806432724,-0.09863632172346115,0.5419909954071045,0.3440333306789398,-0.04921882599592209,0.6522527933120728,0.4686039984226227,-0.0733686238527298,0.47991323471069336,0.3540703356266022,-0.1638944447040558,0.6590510606765747,0.5727682709693909,-0.13789042830467224,0.48380059003829956,0.25878575444221497,-0.41437840461730957,0.6608797311782837,0.6039993762969971,-0.16365602612495422,0.4817168712615967,0.21569786965847015,-0.4701341688632965,0.6542966961860657,0.6024396419525146,-0.19790713489055634,0.48745542764663696,0.2094566971063614,-0.46921318769454956,0.6513610482215881,0.5921429395675659,-0.1526062786579132,0.4909932613372803,0.22477318346500397,-0.4239029884338379,0.61637282371521,0.5563876032829285,-0.007144907955080271,0.5600070953369141,0.5565474629402161,0.006959603633731604,0.618665874004364,0.7167072892189026,0.009362324140965939,0.5565826892852783,0.7135902643203735,0.012058688327670097,0.6202650666236877,0.8530385494232178,0.22204652428627014,0.5568433403968811,0.8503245711326599,0.20057204365730286,0.610887348651886,0.872994601726532,0.23395267128944397,0.564067006111145,0.8679989576339722,0.21117690205574036,0.6330330967903137,0.9057952761650085,0.08356241881847382,0.5487850904464722,0.900947630405426,0.06332230567932129
59,draw_tick,a07_s02_e02,0.5832334160804749,0.2728561460971832,-0.3083159327507019,0.5893526673316956,0.25975167751312256,-0.28960826992988586,0.5936018824577332,0.2596842646598816,-0.2895742356777191,0.5974352955818176,0.25977712869644165,-0.2895422875881195,0.5769219994544983,0.2611214816570282,-0.28698986768722534,0.5727534294128418,0.2618280053138733,-0.28701895475387573,0.5694633722305298,0.26257988810539246,-0.2869625687599182,0.6041358113288879,0.26654016971588135,-0.16709832847118378,0.5664440393447876,0.2706475853919983,-0.15779460966587067,0.5928162932395935,0.2882232367992401,-0.2626199722290039,0.5769041180610657,0.28908032178878784,-0.2603001892566681,0.6403124332427979,0.36015018820762634,-0.0920010581612587,0.5419761538505554,0.34443703293800354,-0.06133263558149338,0.6529887914657593,0.4685384929180145,-0.06318328529596329,0.47773271799087524,0.38861414790153503,-0.17796486616134644,0.6590591669082642,0.5734187960624695,-0.13662105798721313,0.48321813344955444,0.3167726695537567,-0.43578895926475525,0.6610135436058044,0.6045226454734802,-0.16261214017868042,0.4830473065376282,0.2870025038719177,-0.4905979037284851,0.6543290019035339,0.60294109582901,-0.19537551701068878,0.48949044942855835,0.28296756744384766,-0.4898185729980469,0.6513677835464478,0.5927566885948181,-0.15050290524959564,0.4929538667201996,0.2919314205646515,-0.4437851905822754,0.6163391470909119,0.5564520359039307,-0.004356598015874624,0.5597866773605347,0.5565207004547119,0.004122714977711439,0.6186397671699524,0.716712236404419,0.00963767059147358,0.5565935969352722,0.7135857939720154,0.011240847408771515,0.6202496290206909,0.853033721446991,0.2227334976196289,0.5568352937698364,0.8502900004386902,0.19757378101348877,0.6108364462852478,0.8727872967720032,0.23438580334186554,0.564092755317688,0.8679268956184387,0.20792388916015625,0.6331961154937744,0.9058273434638977,0.08472428470849991,0.5487247705459595,0.9010670781135559,0.059420228004455566
60,draw_tick,a07_s02_e02,0.584389865398407,0.2730899155139923,-0.3228971064090729,0.5911465287208557,0.25996333360671997,-0.3045998811721802,0.5952795743942261,0.25986427068710327,-0.3045647144317627,0.5986472964286804,0.25999143719673157,-0.3045223653316498,0.5783679485321045,0.2612517476081848,-0.3037257790565491,0.573918879032135,0.26192668080329895,-0.3037594258785248,0.5704043507575989,0.2626427114009857,-0.3037043809890747,0.6051287651062012,0.26662930846214294,-0.1777336597442627,0.5669662356376648,0.27060821652412415,-0.17723563313484192,0.5934457182884216,0.2883993089199066,-0.274846613407135,0.577599823474884,0.28924131393432617,-0.27496227622032166,0.6405524611473083,0.3598739206790924,-0.09196193516254425,0.54196697473526,0.3453174829483032,-0.07549932599067688,0.6536350250244141,0.46829327940940857,-0.05896734073758125,0.4782886505126953,0.40676149725914,-0.18597836792469025,0.6592028141021729,0.5733945965766907,-0.141217902302742,0.484572172164917,0.3478623032569885,-0.4457624554634094,0.6613405346870422,0.6045215129852295,-0.16787248849868774,0.48488131165504456,0.3260895609855652,-0.4995543956756592,0.6544280648231506,0.6029430627822876,-0.20116209983825684,0.4917450547218323,0.3187130093574524,-0.5010632276535034,0.6514032483100891,0.5927577614784241,-0.15532484650611877,0.4950467050075531,0.32704272866249084,-0.45380860567092896,0.6163859367370605,0.5564476847648621,-0.0018496140837669373,0.5597824454307556,0.5564740300178528,0.0016138041391968727,0.618640124797821,0.7166842222213745,0.015949875116348267,0.5566073060035706,0.7135377526283264,0.011181381531059742,0.6202517747879028,0.8529701232910156,0.2224605828523636,0.5568344593048096,0.8503053784370422,0.19719737768173218,0.6108292937278748,0.8725749254226685,0.23352809250354767,0.5641283392906189,0.867929995059967,0.20758450031280518,0.6332650780677795,0.9058504700660706,0.08451341092586517,0.5487496256828308,0.9011769890785217,0.058173537254333496
61,draw_tick,a07_s02_e02,0.5861855745315552,0.27309033274650574,-0.32805362343788147,0.5932619571685791,0.25990936160087585,-0.3092387318611145,0.5970454216003418,0.2598288357257843,-0.3092379868030548,0.6000845432281494,0.25999152660369873,-0.3092295825481415,0.5801090002059937,0.26113367080688477,-0.3104773461818695,0.5756906270980835,0.2618245780467987,-0.31050342321395874,0.5720973610877991,0.26257985830307007,-0.31045302748680115,0.6062878370285034,0.2666577696800232,-0.17612847685813904,0.5674663186073303,0.27048927545547485,-0.18477562069892883,0.5942343473434448,0.2884259521961212,-0.27676740288734436,0.5784428715705872,0.28926101326942444,-0.2795267701148987,0.6406058669090271,0.35977473855018616,-0.09034731984138489,0.5416582822799683,0.34637799859046936,-0.08697768300771713,0.6539604067802429,0.46823200583457947,-0.057615626603364944,0.4880945086479187,0.42395761609077454,-0.1931324452161789,0.6593996286392212,0.5733854174613953,-0.14955361187458038,0.48634427785873413,0.411996990442276,-0.472862184047699,0.661611795425415,0.6045191287994385,-0.17889341711997986,0.4859499931335449,0.4062594473361969,-0.5269215106964111,0.6545765995979309,0.602941632270813,-0.21369950473308563,0.4925554394721985,0.39601805806159973,-0.5422003269195557,0.6515126824378967,0.592756986618042,-0.16436752676963806,0.495606005191803,0.3981190323829651,-0.48598718643188477,0.6163918972015381,0.5561477541923523,0.0050068143755197525,0.5597784519195557,0.5555773973464966,-0.005134790204465389,0.6186321377754211,0.7166526913642883,0.01593807153403759,0.5567919015884399,0.7134347558021545,0.0016062703216448426,0.6202194094657898,0.8529558181762695,0.21708634495735168,0.5568345189094543,0.8504067063331604,0.18530502915382385,0.6107300519943237,0.8725448250770569,0.22656342387199402,0.564142107963562,0.8681363463401794,0.19445690512657166,0.6334476470947266,0.9058940410614014,0.07310836017131805,0.5488435626029968,0.9013243913650513,0.038191117346286774
62,draw_tick,a07_s02_e02,0.5872827768325806,0.27302709221839905,-0.32631590962409973,0.5945441126823425,0.2597569525241852,-0.306915819644928,0.5980471968650818,0.25974416732788086,-0.30691447854042053,0.6009550094604492,0.25998029112815857,-0.3069159984588623,0.5812234282493591,0.26076045632362366,-0.30891820788383484,0.5768039226531982,0.2614196538925171,-0.30894267559051514,0.5731682181358337,0.2622438967227936,-0.3088925778865814,0.6070965528488159,0.2666965425014496,-0.1719929277896881,0.5678662061691284,0.26999104022979736,-0.18331816792488098,0.5947606563568115,0.28842228651046753,-0.2739625871181488,0.5789850950241089,0.28918758034706116,-0.2777383029460907,0.6406067609786987,0.3594604432582855,-0.07795704901218414,0.5407863855361938,0.34740784764289856,-0.0936972126364708,0.6540462374687195,0.46818333864212036,-0.03972788155078888,0.49769821763038635,0.4347611367702484,-0.19462284445762634,0.6595813035964966,0.5731460452079773,-0.14259184896945953,0.49206358194351196,0.44049373269081116,-0.46724262833595276,0.661933958530426,0.60444176197052,-0.170994371175766,0.4904215335845947,0.45017847418785095,-0.5225980877876282,0.654778242111206,0.6028435826301575,-0.20650823414325714,0.49577611684799194,0.44325733184814453,-0.5397637486457825,0.6516739130020142,0.5926347970962524,-0.15733543038368225,0.49876052141189575,0.4404573142528534,-0.48090100288391113,0.6163952946662903,0.555768609046936,0.008616643957793713,0.5597753524780273,0.5549200177192688,-0.008696678094565868,0.6186316013336182,0.7166420221328735,0.015844080597162247,0.5568437576293945,0.7134513854980469,-0.004742646124213934,0.6201767921447754,0.8530009984970093,0.2083955705165863,0.5567985773086548,0.8506831526756287,0.17407475411891937,0.610601544380188,0.8726052641868591,0.21712744235992432,0.5641446113586426,0.8687031269073486,0.18241223692893982,0.6335559487342834,0.9061694741249084,0.06364089995622635,0.5488424301147461,0.9014666676521301,0.02624787949025631
63,draw_tick,a07_s02_e02,0.5874190330505371,0.27283763885498047,-0.3259015679359436,0.5946574211120605,0.2595966160297394,-0.30585843324661255,0.5982921123504639,0.259591668844223,-0.3059099614620209,0.601142406463623,0.25991401076316833,-0.3059052526950836,0.5814105868339539,0.2604503035545349,-0.30560654401779175,0.5770742893218994,0.2611246109008789,-0.30571669340133667,0.5733267068862915,0.26204168796539307,-0.30566078424453735,0.6074451208114624,0.26669999957084656,-0.16715703904628754,0.5679677724838257,0.26969078183174133,-0.17559418082237244,0.5948886871337891,0.28838250041007996,-0.27066078782081604,0.579278826713562,0.28906795382499695,-0.276798278093338,0.640604555606842,0.35884493589401245,-0.07147319614887238,0.5402487516403198,0.35022246837615967,-0.09144124388694763,0.6540573239326477,0.46739616990089417,-0.023736977949738503,0.5060340762138367,0.4434932470321655,-0.10404880344867706,0.6599012613296509,0.5725952386856079,-0.13738372921943665,0.5013659596443176,0.4909316599369049,-0.30891332030296326,0.6623091697692871,0.603939950466156,-0.1672961413860321,0.5005963444709778,0.5159376263618469,-0.35600996017456055,0.6551935076713562,0.6024312376976013,-0.20274272561073303,0.5071377158164978,0.5109654068946838,-0.3873612582683563,0.6521240472793579,0.5921904444694519,-0.15591788291931152,0.5095445513725281,0.5028157830238342,-0.3261144757270813,0.6164581775665283,0.555841863155365,0.007794043980538845,0.5600723028182983,0.5549914240837097,-0.00794235896319151,0.6186314821243286,0.7166346311569214,0.0037870947271585464,0.5568463206291199,0.7142847776412964,-0.010771390050649643,0.6201778650283813,0.8530669808387756,0.17424951493740082,0.5567595362663269,0.8510046005249023,0.15255752205848694,0.6106029152870178,0.8727425336837769,0.1809626817703247,0.5641285181045532,0.8690817952156067,0.15914615988731384,0.6336120367050171,0.9063288569450378,0.027001801878213882,0.5485548377037048,0.9015190005302429,0.006346231792122126
64,draw_tick,a07_s02_e02,0.5873632431030273,0.2725207507610321,-0.33533337712287903,0.5945510268211365,0.2592783570289612,-0.3170047402381897,0.5982241034507751,0.2593059241771698,-0.31701433658599854,0.6011062860488892,0.2596929967403412,-0.31699806451797485,0.5813382863998413,0.2599525451660156,-0.3170127868652344,0.577009379863739,0.2606664001941681,-0.31702664494514465,0.5732795000076294,0.26165771484375,-0.31699952483177185,0.6074981093406677,0.2666760981082916,-0.1884613335132599,0.5679551959037781,0.2693627178668976,-0.1910925805568695,0.5948301553726196,0.288286417722702,-0.28540128469467163,0.5792174339294434,0.28886884450912476,-0.28697770833969116,0.6405511498451233,0.35770800709724426,-0.09256776422262192,0.5395270586013794,0.35212790966033936,-0.09396596997976303,0.6540587544441223,0.4660791754722595,-0.02955619990825653,0.5103831887245178,0.451059490442276,-0.06188705563545227,0.6599181890487671,0.5711197257041931,-0.13641169667243958,0.5061017274856567,0.5204566121101379,-0.1930435597896576,0.6623722314834595,0.602389931678772,-0.16666950285434723,0.5040493011474609,0.5513454079627991,-0.2301221787929535,0.6552954912185669,0.6008554697036743,-0.20557639002799988,0.5110493302345276,0.5459668040275574,-0.2656717896461487,0.6522464752197266,0.590729832649231,-0.1542719304561615,0.5139385461807251,0.5349463224411011,-0.20997516810894012,0.616537868976593,0.5558434128761292,0.005146876443177462,0.5600614547729492,0.5549548268318176,-0.005217714700847864,0.6186312437057495,0.7166131138801575,-0.0023890091106295586,0.5568419694900513,0.7144860029220581,-0.00900812353938818,0.6201766133308411,0.8530778288841248,0.1648448407649994,0.5567576885223389,0.85149747133255,0.15217259526252747,0.6105989813804626,0.8728978037834167,0.17160600423812866,0.5641643404960632,0.870049774646759,0.15861395001411438,0.6337389349937439,0.9065148234367371,0.019055671989917755,0.5480483174324036,0.9015228748321533,0.008190604858100414
65,draw_tick,a07_s02_e02,0.5870587825775146,0.27234402298927307,-0.374914288520813,0.5939574241638184,0.25901567935943604,-0.35758668184280396,0.5979090929031372,0.2590240240097046,-0.35758188366889954,0.6008079648017883,0.2593725323677063,-0.3575727641582489,0.5810785293579102,0.25965559482574463,-0.35832318663597107,0.5768861174583435,0.2603778839111328,-0.35832980275154114,0.5729259252548218,0.2613852620124817,-0.3583165109157562,0.6065713167190552,0.2662171721458435,-0.23145416378974915,0.56772780418396,0.2691585421562195,-0.23542051017284393,0.5946267247200012,0.28812965750694275,-0.3258279860019684,0.5790132880210876,0.2887178063392639,-0.3271990418434143,0.6403976082801819,0.35666602849960327,-0.13243287801742554,0.5378400087356567,0.35413306951522827,-0.13237817585468292,0.6540567874908447,0.46530190110206604,-0.05830700322985649,0.5162184834480286,0.46606287360191345,-0.08017440140247345,0.6598796248435974,0.5707334876060486,-0.15882641077041626,0.5113454461097717,0.5602683424949646,-0.1836223602294922,0.6623623967170715,0.6018200516700745,-0.1895892322063446,0.5074637532234192,0.5919359922409058,-0.21654319763183594,0.6552764773368835,0.6002670526504517,-0.23054543137550354,0.5148757696151733,0.5899091958999634,-0.25463438034057617,0.6522282361984253,0.5902568697929382,-0.17657725512981415,0.5180224180221558,0.5800302028656006,-0.20037701725959778,0.6165789365768433,0.5557680726051331,0.0029533659107983112,0.5596106648445129,0.5551385879516602,-0.0030150418169796467,0.6186460256576538,0.7166067361831665,-0.005294725764542818,0.5566939115524292,0.7151332497596741,-0.007274082396179438,0.6201995611190796,0.8531116843223572,0.166330948472023,0.5568612813949585,0.8521802425384521,0.15833459794521332,0.6106294393539429,0.873037576675415,0.17374363541603088,0.564378559589386,0.8709557056427002,0.16547511518001556,0.6337363123893738,0.9065147638320923,0.023662738502025604,0.5477508306503296,0.9016328454017639,0.016013402491807938
66,draw_tick,a07_s02_e02,0.586510956287384,0.27228981256484985,-0.383362740278244,0.5929860472679138,0.2588866949081421,-0.36706554889678955,0.5971758961677551,0.25883910059928894,-0.36706995964050293,0.6002180576324463,0.2591138184070587,-0.36706656217575073,0.5803778171539307,0.2595232427120209,-0.36749646067619324,0.5762108564376831,0.26025092601776123,-0.36751285195350647,0.5719966292381287,0.26126620173454285,-0.367509126663208,0.6050723791122437,0.26585981249809265,-0.2436445653438568,0.5670163631439209,0.26908180117607117,-0.2454759180545807,0.5941566228866577,0.2880927622318268,-0.3350318968296051,0.5784591436386108,0.2887086868286133,-0.33573856949806213,0.6401532292366028,0.3561302125453949,-0.1459396779537201,0.5361331701278687,0.35568901896476746,-0.14225569367408752,0.6540549397468567,0.46475982666015625,-0.07666188478469849,0.5221370458602905,0.47609296441078186,-0.08236478269100189,0.6597437858581543,0.5706819891929626,-0.17662262916564941,0.5131548047065735,0.5777665376663208,-0.181247740983963,0.6623055934906006,0.6015008091926575,-0.20735478401184082,0.5069924592971802,0.6096592545509338,-0.2132754623889923,0.6552571058273315,0.5999194979667664,-0.24791617691516876,0.5136110186576843,0.6077746748924255,-0.2547386586666107,0.6521931886672974,0.5900152921676636,-0.19408434629440308,0.5174767971038818,0.5974581241607666,-0.19950614869594574,0.6168420910835266,0.5557259321212769,0.000981647172011435,0.5591019988059998,0.5555540323257446,-0.0010431793052703142,0.6187750697135925,0.7166017889976501,-0.0040261694230139256,0.5565887689590454,0.7152053713798523,-0.006814382039010525,0.6203807592391968,0.8532682061195374,0.16007503867149353,0.5569027066230774,0.8522287011146545,0.15794920921325684,0.6109646558761597,0.8734416961669922,0.16669169068336487,0.5644260048866272,0.871059000492096,0.16454868018627167,0.6337867975234985,0.9065757393836975,0.01862458884716034,0.5474520921707153,0.9016615152359009,0.016783226281404495
67,draw_tick,a07_s02_e02,0.5858569741249084,0.27229616045951843,-0.3766292929649353,0.5919457674026489,0.25887879729270935,-0.3602520227432251,0.5962378978729248,0.25881892442703247,-0.3602614998817444,0.5995036959648132,0.2590608298778534,-0.36025506258010864,0.5795080065727234,0.25952255725860596,-0.3605673909187317,0.5752678513526917,0.2602538466453552,-0.36058202385902405,0.5709741115570068,0.2612689733505249,-0.36058104038238525,0.6037562489509583,0.2657431662082672,-0.2376677542924881,0.5661371946334839,0.2690860629081726,-0.23916120827198029,0.593631386756897,0.2881007492542267,-0.3287433087825775,0.5778805017471313,0.288740336894989,-0.3293391168117523,0.6398093104362488,0.3558337092399597,-0.14335480332374573,0.5350030064582825,0.356974720954895,-0.1375652700662613,0.6539520621299744,0.4647570550441742,-0.0781833603978157,0.5232099294662476,0.47809240221977234,-0.0774361789226532,0.65947026014328,0.5707167387008667,-0.178264319896698,0.5131901502609253,0.5818879008293152,-0.175062358379364,0.6622107028961182,0.6015113592147827,-0.20934724807739258,0.5064122080802917,0.6139505505561829,-0.20666947960853577,0.6552424430847168,0.5999398827552795,-0.24890181422233582,0.5124697089195251,0.612824022769928,-0.24831855297088623,0.6521514654159546,0.5900241732597351,-0.1953321248292923,0.5165316462516785,0.6021806001663208,-0.19337081909179688,0.6170939207077026,0.5558663606643677,-0.00016871196567080915,0.5589140057563782,0.5563902258872986,0.00010772594396257773,0.6191350221633911,0.716656506061554,-0.0025734403170645237,0.5564278364181519,0.7155057191848755,-0.0044476790353655815,0.6204643845558167,0.8532960414886475,0.16146640479564667,0.5569500923156738,0.8522073030471802,0.16048488020896912,0.611082911491394,0.8735040426254272,0.16824321448802948,0.564499020576477,0.8710382580757141,0.1674264818429947,0.6338405013084412,0.9066231846809387,0.021686172112822533,0.5474709868431091,0.9016700983047485,0.019308876246213913
68,draw_tick,a07_s02_e02,0.5852281451225281,0.2724906802177429,-0.3747548460960388,0.5911394357681274,0.2589499056339264,-0.3586360514163971,0.5955326557159424,0.2588742971420288,-0.35864558815956116,0.5988821387290955,0.2590894103050232,-0.35863810777664185,0.5787220001220703,0.25962650775909424,-0.35896795988082886,0.5744836926460266,0.26042237877845764,-0.3589822053909302,0.5701670050621033,0.26142123341560364,-0.3589809536933899,0.6029999852180481,0.26574504375457764,-0.23650050163269043,0.5655469298362732,0.2691452205181122,-0.23811562359333038,0.5931112766265869,0.2882181406021118,-0.3269396722316742,0.5773547887802124,0.28894779086112976,-0.3275606334209442,0.6396348476409912,0.3557988107204437,-0.1404975801706314,0.5346676111221313,0.3573303818702698,-0.1377905011177063,0.6538189649581909,0.46476832032203674,-0.07479266822338104,0.5237528681755066,0.4775994122028351,-0.07864890247583389,0.6594493985176086,0.5707154870033264,-0.17433497309684753,0.512715756893158,0.5792343616485596,-0.17639300227165222,0.6622030138969421,0.6014431715011597,-0.20506790280342102,0.5061033368110657,0.6106842160224915,-0.20805542171001434,0.6552501320838928,0.5998916029930115,-0.2446194440126419,0.5119802355766296,0.6090768575668335,-0.24934974312782288,0.6521608829498291,0.5899780988693237,-0.19146370887756348,0.516054093837738,0.5985326766967773,-0.19454488158226013,0.6171789765357971,0.555873692035675,-0.00036309289862401783,0.5586506128311157,0.5564715266227722,0.0002998679701704532,0.6193621158599854,0.7166637778282166,-0.0015576726291328669,0.5563123226165771,0.715499758720398,-0.004154403693974018,0.6204718351364136,0.8533263802528381,0.15815028548240662,0.5568849444389343,0.8520779013633728,0.15825912356376648,0.611152172088623,0.873522162437439,0.16443775594234467,0.5644832253456116,0.8710275292396545,0.16480869054794312,0.6339070796966553,0.9066382646560669,0.018454771488904953,0.547613263130188,0.9016704559326172,0.018415197730064392
69,draw_tick,a07_s02_e02,0.5846074819564819,0.27270764112472534,-0.37129276990890503,0.5905664563179016,0.25901588797569275,-0.3552061915397644,0.5950685739517212,0.25893470644950867,-0.3552127480506897,0.598443865776062,0.2591407597064972,-0.35520461201667786,0.5781779885292053,0.25970903038978577,-0.35536205768585205,0.5740021467208862,0.2605253756046295,-0.3553701937198639,0.569672167301178,0.26151707768440247,-0.35536709427833557,0.6027865409851074,0.26577508449554443,-0.2333235740661621,0.565277636051178,0.26915639638900757,-0.2344330996274948,0.5926341414451599,0.28838911652565,-0.3235832452774048,0.5768317580223083,0.2890963554382324,-0.324069619178772,0.6394747495651245,0.35576146841049194,-0.1378249078989029,0.5343672037124634,0.3570757508277893,-0.13405834138393402,0.6535649299621582,0.46481433510780334,-0.07201182842254639,0.5219951868057251,0.47203463315963745,-0.07747004926204681,0.6594485640525818,0.5706206560134888,-0.17135010659694672,0.5117059350013733,0.5739533305168152,-0.1758180409669876,0.6622195243835449,0.6012358069419861,-0.20212426781654358,0.5055662393569946,0.6057078242301941,-0.2074858844280243,0.6552852392196655,0.5996674299240112,-0.24215178191661835,0.511605441570282,0.6037391424179077,-0.24762789905071259,0.6521885395050049,0.5897598266601562,-0.1886749565601349,0.5156419277191162,0.5929712653160095,-0.19345512986183167,0.6172195672988892,0.5558693408966064,-0.0006264793919399381,0.5583711862564087,0.5564729571342468,0.0005629040533676744,0.6193899512290955,0.7166990637779236,-0.0013750506332144141,0.556287944316864,0.7154845595359802,-0.003466272260993719,0.6204628348350525,0.8533233404159546,0.1595926582813263,0.5567649602890015,0.8519905805587769,0.1587308794260025,0.611151933670044,0.8734935522079468,0.16613337397575378,0.5644644498825073,0.8710145354270935,0.1654217392206192,0.6339914798736572,0.906640887260437,0.020220573991537094,0.5477896332740784,0.9016666412353516,0.019510257989168167
70,draw_tick,a07_s02_e02,0.5844784379005432,0.27293825149536133,-0.379485160112381,0.5904554724693298,0.25909680128097534,-0.3633809983730316,0.5950034856796265,0.2590068280696869,-0.36338308453559875,0.5982831716537476,0.25922319293022156,-0.36337658762931824,0.5780147910118103,0.2597866654396057,-0.3638104796409607,0.5738970637321472,0.2606048882007599,-0.36381810903549194,0.5695282220840454,0.26159191131591797,-0.36381158232688904,0.60283362865448,0.2658020853996277,-0.24007031321525574,0.5652032494544983,0.26915672421455383,-0.2424984723329544,0.5925593972206116,0.2885945439338684,-0.33112016320228577,0.576727569103241,0.2892235517501831,-0.33198264241218567,0.6393872499465942,0.3556801378726959,-0.14187492430210114,0.5341771841049194,0.3568476438522339,-0.14056049287319183,0.6534781455993652,0.4649490714073181,-0.07282625138759613,0.5208600759506226,0.4708458483219147,-0.08427143096923828,0.6594754457473755,0.5706186294555664,-0.17168113589286804,0.5111011862754822,0.5732864737510681,-0.18503527343273163,0.6622628569602966,0.601223349571228,-0.20258228480815887,0.505211353302002,0.6047449707984924,-0.21716360747814178,0.6553336381912231,0.5996227860450745,-0.24283194541931152,0.511405348777771,0.6025317311286926,-0.25696098804473877,0.6522343754768372,0.5896950960159302,-0.189122274518013,0.5154221653938293,0.5917606949806213,-0.2024986445903778,0.6172369122505188,0.5558663010597229,-0.0006754024652764201,0.5581148862838745,0.5564772486686707,0.0006102550541982055,0.619396984577179,0.7167895436286926,-0.0012425773311406374,0.5562637448310852,0.7154667973518372,-0.002225711476057768,0.6204515695571899,0.8533247709274292,0.1632157564163208,0.5566681027412415,0.8518397808074951,0.15899541974067688,0.6111559271812439,0.8734766840934753,0.17017748951911926,0.5644549131393433,0.8708583116531372,0.16550663113594055,0.6340334415435791,0.9066423177719116,0.023614713922142982,0.5478464365005493,0.9015742540359497,0.02162734791636467
71,draw_tick,a07_s02_e02,0.5844628810882568,0.27308088541030884,-0.38427260518074036,0.5904648900032043,0.2592006027698517,-0.3684749901294708,0.5950161814689636,0.25913006067276,-0.36847126483917236,0.5982671976089478,0.2593993544578552,-0.36846330761909485,0.5780026316642761,0.25986015796661377,-0.368643581867218,0.5738984942436218,0.26067009568214417,-0.36865395307540894,0.569527268409729,0.261666476726532,-0.36864736676216125,0.6029760837554932,0.26601725816726685,-0.2458144873380661,0.5651787519454956,0.26916635036468506,-0.24714295566082,0.5925517678260803,0.288734495639801,-0.3360602557659149,0.5766810178756714,0.2892999053001404,-0.3366243243217468,0.6392984390258789,0.35560017824172974,-0.14705123007297516,0.5340888500213623,0.3566833734512329,-0.14401312172412872,0.6534677147865295,0.46502435207366943,-0.07566563785076141,0.5202606916427612,0.4708462357521057,-0.08661320805549622,0.6594776511192322,0.5707451701164246,-0.17085012793540955,0.5110265016555786,0.5731174349784851,-0.1855268031358719,0.6622629165649414,0.6013614535331726,-0.20125532150268555,0.5049888491630554,0.6046245694160461,-0.21707110106945038,0.6553440690040588,0.5997070670127869,-0.24114322662353516,0.5113857984542847,0.6025282740592957,-0.25677037239074707,0.6522568464279175,0.5897409319877625,-0.1880194991827011,0.5154839754104614,0.5916547179222107,-0.20281724631786346,0.6172551512718201,0.5558632016181946,-0.0009392889332957566,0.5579076409339905,0.5565069913864136,0.0008683997439220548,0.6193714141845703,0.716773271560669,-0.000933788251131773,0.5561622381210327,0.7153604030609131,0.0011315413285046816,0.6204220652580261,0.853270411491394,0.1643671691417694,0.5565809607505798,0.8515101671218872,0.16168995201587677,0.611164927482605,0.8733929991722107,0.17132696509361267,0.5644446611404419,0.8706483840942383,0.16828246414661407,0.6339776515960693,0.9065388441085815,0.025223055854439735,0.5478652715682983,0.9013693332672119,0.026259664446115494
72,draw_tick,a07_s02_e02,0.5844932198524475,0.27331820130348206,-0.38606464862823486,0.5906990766525269,0.25935453176498413,-0.3704221844673157,0.5951617956161499,0.2593149244785309,-0.37041741609573364,0.5982987284660339,0.25967124104499817,-0.37041300535202026,0.5780643224716187,0.25998085737228394,-0.37053585052490234,0.5739884376525879,0.2607744336128235,-0.3705494701862335,0.5696184039115906,0.2617908716201782,-0.37054333090782166,0.6034420728683472,0.2663108706474304,-0.24736246466636658,0.5651836395263672,0.26918283104896545,-0.24845953285694122,0.5925654768943787,0.28903764486312866,-0.33758145570755005,0.5766856074333191,0.2894831597805023,-0.33808082342147827,0.639286994934082,0.35560572147369385,-0.14614027738571167,0.5341724157333374,0.3565634489059448,-0.14529874920845032,0.6534362435340881,0.4652949869632721,-0.07391878962516785,0.5200754404067993,0.47028109431266785,-0.08880774676799774,0.6593539118766785,0.57139652967453,-0.16885271668434143,0.511019229888916,0.5728018879890442,-0.1891476958990097,0.662250816822052,0.6019342541694641,-0.19962182641029358,0.5048576593399048,0.6042445302009583,-0.22106444835662842,0.6553470492362976,0.6002784371376038,-0.23867850005626678,0.5114548206329346,0.6017996072769165,-0.26029008626937866,0.6522566080093384,0.5902089476585388,-0.18580473959445953,0.5155658721923828,0.5909669399261475,-0.2062765657901764,0.6171804666519165,0.5558153390884399,-0.0009355071815662086,0.5575762987136841,0.5563306212425232,0.0008627711795270443,0.6191863417625427,0.7167710661888123,-0.0007212173077277839,0.5560664534568787,0.7152458429336548,0.0012977694859728217,0.6204156279563904,0.8532580137252808,0.16417235136032104,0.5565462708473206,0.8514285683631897,0.1618703156709671,0.6111831665039062,0.8733823895454407,0.17106817662715912,0.5644451379776001,0.8706365823745728,0.1685868799686432,0.6339542269706726,0.906510591506958,0.02518787980079651,0.5478758215904236,0.9011976718902588,0.025458326563239098
