frame_index,label,video_id,l0_x,l0_y,l0_z,l1_x,l1_y,l1_z,l2_x,l2_y,l2_z,l3_x,l3_y,l3_z,l4_x,l4_y,l4_z,l5_x,l5_y,l5_z,l6_x,l6_y,l6_z,l7_x,l7_y,l7_z,l8_x,l8_y,l8_z,l9_x,l9_y,l9_z,l10_x,l10_y,l10_z,l11_x,l11_y,l11_z,l12_x,l12_y,l12_z,l13_x,l13_y,l13_z,l14_x,l14_y,l14_z,l15_x,l15_y,l15_z,l16_x,l16_y,l16_z,l17_x,l17_y,l17_z,l18_x,l18_y,l18_z,l19_x,l19_y,l19_z,l20_x,l20_y,l20_z,l21_x,l21_y,l21_z,l22_x,l22_y,l22_z,l23_x,l23_y,l23_z,l24_x,l24_y,l24_z,l25_x,l25_y,l25_z,l26_x,l26_y,l26_z,l27_x,l27_y,l27_z,l28_x,l28_y,l28_z,l29_x,l29_y,l29_z,l30_x,l30_y,l30_z,l31_x,l31_y,l31_z,l32_x,l32_y,l32_z
0,catch_cap,a04_s02_e03,0.7172631621360779,0.2732849419116974,-0.48337578773498535,0.7213043570518494,0.2600945830345154,-0.4674838185310364,0.7242007255554199,0.2602277994155884,-0.4674915671348572,0.727385401725769,0.2605580985546112,-0.4675411581993103,0.7098886370658875,0.25982245802879333,-0.4737319052219391,0.7049976587295532,0.2600533962249756,-0.473810613155365,0.7005084753036499,0.2607717216014862,-0.4738136827945709,0.7287575006484985,0.2659579813480377,-0.32923614978790283,0.6920615434646606,0.26649796962738037,-0.35930484533309937,0.7211413979530334,0.2905750274658203,-0.42776626348495483,0.708225429058075,0.29133331775665283,-0.43654394149780273,0.7560865879058838,0.355938583612442,-0.19627735018730164,0.6540360450744629,0.35653698444366455,-0.25337499380111694,0.774835467338562,0.4645763337612152,-0.11709077656269073,0.6294277310371399,0.470298171043396,-0.19781576097011566,0.8029036521911621,0.5646737217903137,-0.21200963854789734,0.6020946502685547,0.5684095025062561,-0.282479852437973,0.8116028904914856,0.5913817882537842,-0.23738202452659607,0.5905143022537231,0.5945307016372681,-0.3092297911643982,0.8084908723831177,0.5910108685493469,-0.27974992990493774,0.5929789543151855,0.595476508140564,-0.35634496808052063,0.8051446676254272,0.5826736092567444,-0.2308778017759323,0.5973128080368042,0.5877358913421631,-0.30225977301597595,0.7348859310150146,0.5483772158622742,0.024878552183508873,0.6764011383056641,0.5494500398635864,-0.02506502903997898,0.742146909236908,0.7076426148414612,0.010160671547055244,0.6700830459594727,0.6995089650154114,-0.02406640537083149,0.7420482039451599,0.8419358730316162,0.1734020709991455,0.6685256361961365,0.833279013633728,0.1505405753850937,0.7305110692977905,0.8666737675666809,0.18132875859737396,0.671462893486023,0.8506728410720825,0.15975120663642883,0.7732701301574707,0.8926792740821838,0.049353379756212234,0.6686750650405884,0.8825822472572327,0.020192593336105347
1,catch_cap,a04_s02_e03,0.717402994632721,0.2734591066837311,-0.45680689811706543,0.7215619087219238,0.26026585698127747,-0.44097572565078735,0.7244309186935425,0.2605087161064148,-0.4409647583961487,0.7276522517204285,0.26091569662094116,-0.4409712255001068,0.7103389501571655,0.2598375380039215,-0.44690752029418945,0.7055046558380127,0.2600533664226532,-0.44697609543800354,0.7008008360862732,0.26070740818977356,-0.4469625949859619,0.7289544939994812,0.2669351398944855,-0.30768758058547974,0.6918962597846985,0.2664981484413147,-0.3385193943977356,0.7213221788406372,0.2907119691371918,-0.4035872519016266,0.7084073424339294,0.29124945402145386,-0.4125158190727234,0.7559895515441895,0.35557445883750916,-0.1851343810558319,0.6540549397468567,0.3552995026111603,-0.23675790429115295,0.7751423716545105,0.4631461799144745,-0.10032198578119278,0.6294945478439331,0.46966424584388733,-0.18301863968372345,0.8028339147567749,0.5639520883560181,-0.1865691989660263,0.6024137735366821,0.5677432417869568,-0.26789310574531555,0.8116010427474976,0.5905759930610657,-0.21009290218353271,0.5916988849639893,0.5938760638237,-0.29550573229789734,0.8085940480232239,0.5909016132354736,-0.2512156367301941,0.5936007499694824,0.5947220325469971,-0.3387386202812195,0.8052531480789185,0.5826715230941772,-0.20493857562541962,0.5978425741195679,0.5871298909187317,-0.2865646481513977,0.7345778942108154,0.5505884289741516,0.022574491798877716,0.6762663125991821,0.5495717525482178,-0.0227678120136261,0.7415483593940735,0.7091740965843201,0.022707736119627953,0.6695681810379028,0.7003878951072693,-0.004190182778984308,0.7419583797454834,0.8419844508171082,0.18074673414230347,0.6679502725601196,0.8318702578544617,0.1785786896944046,0.730512261390686,0.8656333088874817,0.18878290057182312,0.6714730858802795,0.8484236001968384,0.18903884291648865,0.7728598713874817,0.8926823735237122,0.0618182048201561,0.6686755418777466,0.8821821212768555,0.05379011482000351
2,catch_cap,a04_s02_e03,0.7176113724708557,0.27354323863983154,-0.4512014389038086,0.7218164205551147,0.26032543182373047,-0.4354378581047058,0.7246670722961426,0.2606179118156433,-0.4354240894317627,0.7279216051101685,0.2610604465007782,-0.435427188873291,0.7107690572738647,0.25983837246894836,-0.4413434565067291,0.705969512462616,0.260046124458313,-0.4414096772670746,0.701106071472168,0.26062753796577454,-0.44139212369918823,0.7291000485420227,0.26745280623435974,-0.3030160963535309,0.6917858719825745,0.26649385690689087,-0.3339201509952545,0.7215536832809448,0.29076263308525085,-0.3983551263809204,0.7086511850357056,0.29112938046455383,-0.4072904586791992,0.75595623254776,0.3552342355251312,-0.18234029412269592,0.6540651917457581,0.3546238839626312,-0.2328035831451416,0.7753915786743164,0.46217459440231323,-0.09682915359735489,0.6296163201332092,0.4692726135253906,-0.1793656349182129,0.8028250932693481,0.563395619392395,-0.1815565973520279,0.6027566194534302,0.5674400925636292,-0.26355528831481934,0.8116019368171692,0.5901079177856445,-0.2049652636051178,0.5927366614341736,0.5934135913848877,-0.29122817516326904,0.8086491823196411,0.5908666849136353,-0.24595265090465546,0.594258725643158,0.5943348407745361,-0.3339361846446991,0.8053200840950012,0.5826685428619385,-0.1998177170753479,0.5984296798706055,0.5868372321128845,-0.28208544850349426,0.7344731092453003,0.5518914461135864,0.02139461226761341,0.6762158274650574,0.5496795177459717,-0.021591253578662872,0.7410815358161926,0.7102873921394348,0.025658810511231422,0.6692271828651428,0.7009459137916565,0.0003619578783400357,0.7418385744094849,0.8419862389564514,0.18511609733104706,0.6675466299057007,0.8307121396064758,0.18518561124801636,0.7305077314376831,0.86473149061203,0.1934080421924591,0.6714781522750854,0.8466638326644897,0.19591526687145233,0.7724896669387817,0.8926813006401062,0.06756371259689331,0.6686751842498779,0.8819701671600342,0.061348121613264084
3,catch_cap,a04_s02_e03,0.7178173065185547,0.27360814809799194,-0.451322466135025,0.7220298051834106,0.2603631317615509,-0.4355963170528412,0.7248826622962952,0.2606867551803589,-0.4355832040309906,0.7281544804573059,0.2611468434333801,-0.43558835983276367,0.7111028432846069,0.259838730096817,-0.4412709176540375,0.7063266634941101,0.2600395977497101,-0.4413377344608307,0.7013691663742065,0.2605672776699066,-0.4413204789161682,0.7292112112045288,0.2677266299724579,-0.3033619225025177,0.6917319893836975,0.26649364829063416,-0.3331882357597351,0.721786618232727,0.2907882034778595,-0.3985714018344879,0.7088930010795593,0.2910318970680237,-0.40719881653785706,0.7559645771980286,0.35486242175102234,-0.18293453752994537,0.6541022062301636,0.3542324900627136,-0.23135514557361603,0.7757039070129395,0.46178704500198364,-0.09779118001461029,0.6296760439872742,0.469022274017334,-0.17770443856716156,0.8027218580245972,0.5631129741668701,-0.1820363700389862,0.6032041907310486,0.5671719312667847,-0.26209020614624023,0.8114408254623413,0.5900558829307556,-0.2055426836013794,0.5937890410423279,0.5929216742515564,-0.28972989320755005,0.8085876703262329,0.5908779501914978,-0.24632100760936737,0.5951849222183228,0.5938544869422913,-0.3321157693862915,0.8052752614021301,0.582697868347168,-0.20012900233268738,0.5993705987930298,0.5864076614379883,-0.28045862913131714,0.7343853712081909,0.5525242686271667,0.020071977749466896,0.6761767268180847,0.5496956706047058,-0.02027078904211521,0.7406404614448547,0.7109017968177795,0.024521468207240105,0.6689677238464355,0.7011136412620544,0.0003893507819157094,0.7417470216751099,0.841997504234314,0.18464718759059906,0.6672552824020386,0.8296777009963989,0.18407580256462097,0.7305164337158203,0.8641674518585205,0.19296878576278687,0.6714794635772705,0.8453149795532227,0.19467507302761078,0.7722257971763611,0.892667829990387,0.0667077824473381,0.6686699986457825,0.8815130591392517,0.05993460491299629
4,catch_cap,a04_s02_e03,0.718004047870636,0.27363717555999756,-0.4484172463417053,0.7222253084182739,0.2603819966316223,-0.43275389075279236,0.7250889539718628,0.2607283890247345,-0.4327380657196045,0.7283685803413391,0.26120221614837646,-0.4327414035797119,0.7114048600196838,0.2598349153995514,-0.4384685158729553,0.7066376209259033,0.26002076268196106,-0.43853306770324707,0.7016094923019409,0.2604851722717285,-0.4385136663913727,0.729314923286438,0.267893522977829,-0.30056747794151306,0.6916921734809875,0.266478955745697,-0.33046257495880127,0.7219778895378113,0.29078957438468933,-0.3956257700920105,0.7090877294540405,0.2908441424369812,-0.40429529547691345,0.7559548020362854,0.3545357882976532,-0.1810544729232788,0.6541202664375305,0.35363852977752686,-0.22676093876361847,0.7757351994514465,0.46065056324005127,-0.09433523565530777,0.6298877000808716,0.4684070944786072,-0.17117686569690704,0.8020477294921875,0.5611511468887329,-0.17829367518424988,0.6039841175079346,0.5658252835273743,-0.25603124499320984,0.8107455372810364,0.5882094502449036,-0.20164263248443604,0.5951622128486633,0.5914514660835266,-0.28373074531555176,0.8083255887031555,0.589626669883728,-0.24244730174541473,0.5970476865768433,0.5922968983650208,-0.32563167810440063,0.8049736022949219,0.5815713405609131,-0.19637231528759003,0.6011601090431213,0.5849745273590088,-0.2741784155368805,0.7343714237213135,0.5525729060173035,0.017975766211748123,0.6761535406112671,0.5496597290039062,-0.018168391659855843,0.7403818368911743,0.7111225128173828,0.02211436815559864,0.6687632203102112,0.7015596032142639,0.0008621597662568092,0.7416577339172363,0.8419984579086304,0.18158678710460663,0.6670385599136353,0.8290979862213135,0.18643911182880402,0.7305139303207397,0.8638626337051392,0.18997780978679657,0.6714866161346436,0.8445234894752502,0.19707970321178436,0.7720276713371277,0.8926445245742798,0.06308101862668991,0.6686252951622009,0.8812065720558167,0.06165401265025139
5,catch_cap,a04_s02_e03,0.7181574106216431,0.2737140953540802,-0.44547027349472046,0.7223860025405884,0.2604379653930664,-0.4295986294746399,0.7252575755119324,0.2608168423175812,-0.42958301305770874,0.728546142578125,0.26131242513656616,-0.42958301305770874,0.7116327881813049,0.25983747839927673,-0.4353973865509033,0.7068731784820557,0.2600182592868805,-0.4354613423347473,0.7018060684204102,0.2604468762874603,-0.4354410171508789,0.7294042110443115,0.2681189477443695,-0.2969721555709839,0.6916623115539551,0.26647281646728516,-0.3272415101528168,0.722126841545105,0.2908415198326111,-0.392575740814209,0.7092329263687134,0.2908059060573578,-0.4013591408729553,0.7559475898742676,0.3544209897518158,-0.17688120901584625,0.6541361212730408,0.35334157943725586,-0.22452008724212646,0.7757567763328552,0.4603849947452545,-0.08998353034257889,0.6299702525138855,0.46813294291496277,-0.16923020780086517,0.8018029928207397,0.5608313679695129,-0.1749761402606964,0.6043871641159058,0.5652294754981995,-0.2545032203197479,0.8103917241096497,0.5876572132110596,-0.1984606236219406,0.5960280895233154,0.590786874294281,-0.28241392970085144,0.8081305623054504,0.5889873504638672,-0.23944418132305145,0.5983416438102722,0.591586172580719,-0.3244481086730957,0.8048097491264343,0.5810005068778992,-0.19317469000816345,0.6023913621902466,0.5842706561088562,-0.27263957262039185,0.7342036962509155,0.5527378916740417,0.017956966534256935,0.6760660409927368,0.5496174097061157,-0.018148798495531082,0.7402652502059937,0.7112648487091064,0.02129034325480461,0.6686714887619019,0.7016561627388,-0.00026341323973610997,0.7416091561317444,0.8420116305351257,0.17801418900489807,0.6668241620063782,0.8287176489830017,0.18213218450546265,0.7305182814598083,0.863697350025177,0.18572808802127838,0.6714481115341187,0.8441179990768433,0.19237826764583588,0.7719464898109436,0.8925953507423401,0.058597493916749954,0.668608546257019,0.8808753490447998,0.05665202811360359
6,catch_cap,a04_s02_e03,0.7183471918106079,0.2737990617752075,-0.44572290778160095,0.7225602269172668,0.26049870252609253,-0.42981451749801636,0.72544264793396,0.26090383529663086,-0.4297981858253479,0.7287254929542542,0.26141369342803955,-0.429797500371933,0.7118833065032959,0.2598423361778259,-0.43591246008872986,0.7071239352226257,0.26001647114753723,-0.4359763264656067,0.7020187973976135,0.2604149878025055,-0.4359571933746338,0.7294871807098389,0.26827237010002136,-0.29655471444129944,0.6916467547416687,0.2664605379104614,-0.328084260225296,0.7223062515258789,0.2908725142478943,-0.3925091326236725,0.7094252109527588,0.2907746732234955,-0.4016719460487366,0.7559336423873901,0.3542345464229584,-0.17576541006565094,0.6541370153427124,0.3531140983104706,-0.223903089761734,0.7757254242897034,0.4599611163139343,-0.0880083218216896,0.6300156116485596,0.46786126494407654,-0.1667538583278656,0.8013978004455566,0.5590280294418335,-0.17443081736564636,0.6045350432395935,0.5648033022880554,-0.25163713097572327,0.8100172281265259,0.58607017993927,-0.1981649547815323,0.5968263745307922,0.5906057357788086,-0.27950894832611084,0.8078330159187317,0.5874449014663696,-0.23934486508369446,0.5996238589286804,0.5912685394287109,-0.3217906951904297,0.8045148849487305,0.579636812210083,-0.19273191690444946,0.6034549474716187,0.5838623642921448,-0.2697977125644684,0.7342066764831543,0.552708625793457,0.017641430720686913,0.6760720014572144,0.5495291948318481,-0.017825890332460403,0.7401571273803711,0.7112844586372375,0.020204519852995872,0.6686490774154663,0.7017232179641724,0.0011274042772129178,0.741528332233429,0.8420153260231018,0.17024075984954834,0.6666563749313354,0.8284295797348022,0.18439635634422302,0.7305194139480591,0.8635700345039368,0.17729492485523224,0.6713510751724243,0.843870222568512,0.19459903240203857,0.7718149423599243,0.8925299048423767,0.0474357046186924,0.6686083078384399,0.8805776834487915,0.058590423315763474
7,catch_cap,a04_s02_e03,0.7184358835220337,0.27383187413215637,-0.4380512237548828,0.7226707935333252,0.2605145275592804,-0.42222151160240173,0.725573718547821,0.2609345316886902,-0.4222029149532318,0.728862464427948,0.26145631074905396,-0.4221983850002289,0.7120189070701599,0.2598392069339752,-0.42796722054481506,0.7072626352310181,0.2599963843822479,-0.42802906036376953,0.7021461129188538,0.26034748554229736,-0.42800983786582947,0.7295762300491333,0.268380731344223,-0.2905775308609009,0.6916351318359375,0.2664386034011841,-0.32064828276634216,0.7223995327949524,0.2908777892589569,-0.3855840861797333,0.7095075249671936,0.2907118499279022,-0.394316166639328,0.755930483341217,0.3542451560497284,-0.17209339141845703,0.6541403532028198,0.35290923714637756,-0.2190093696117401,0.7757037281990051,0.4599990248680115,-0.08551467955112457,0.6300951242446899,0.46720367670059204,-0.16386786103248596,0.8000293970108032,0.5587477087974548,-0.17146483063697815,0.6049779653549194,0.5645857453346252,-0.24941083788871765,0.8081730008125305,0.5861689448356628,-0.19515684247016907,0.5978862047195435,0.5905120372772217,-0.2773623764514923,0.8058201670646667,0.5874948501586914,-0.23569850623607635,0.6013481616973877,0.5910385251045227,-0.3186139166355133,0.8027023077011108,0.5796260237693787,-0.18950916826725006,0.6051336526870728,0.5835272073745728,-0.26715487241744995,0.7341713309288025,0.5528244376182556,0.01728062331676483,0.6760705709457397,0.5494959950447083,-0.017468858510255814,0.7401021122932434,0.7115239500999451,0.018112558871507645,0.6685971617698669,0.7018738985061646,-6.940995808690786e-05,0.7414382100105286,0.8420193195343018,0.1699245572090149,0.6665514707565308,0.8282147645950317,0.18249908089637756,0.7305131554603577,0.8634936213493347,0.17732009291648865,0.6713117361068726,0.8435083031654358,0.19271153211593628,0.7716978788375854,0.8925228714942932,0.047996580600738525,0.6686052680015564,0.8805723786354065,0.0573541633784771
8,catch_cap,a04_s02_e03,0.7185076475143433,0.27389299869537354,-0.43165698647499084,0.7227511405944824,0.2605508863925934,-0.4157288074493408,0.7256549000740051,0.26098474860191345,-0.41570916771888733,0.7289468050003052,0.2615164518356323,-0.41570180654525757,0.7121168971061707,0.2598420977592468,-0.42158880829811096,0.7073668837547302,0.2599944472312927,-0.4216497540473938,0.7022453546524048,0.26032555103302,-0.42163243889808655,0.7296442985534668,0.2684825360774994,-0.28439292311668396,0.6916289329528809,0.26643458008766174,-0.31493672728538513,0.7224982380867004,0.29089251160621643,-0.3793565630912781,0.7095871567726135,0.2906728684902191,-0.38822293281555176,0.755924642086029,0.3542405664920807,-0.16646607220172882,0.6541419625282288,0.35281088948249817,-0.2151317298412323,0.7755393981933594,0.4599219858646393,-0.08034078776836395,0.6301929354667664,0.4671217203140259,-0.1605793535709381,0.7980432510375977,0.5582038760185242,-0.166923388838768,0.6060453057289124,0.5645970702171326,-0.2453114092350006,0.8057821989059448,0.5860082507133484,-0.19089463353157043,0.5994351506233215,0.5905278921127319,-0.27324873208999634,0.8032849431037903,0.5871986746788025,-0.2307772934436798,0.6032931208610535,0.5910665988922119,-0.3137280344963074,0.8002021908760071,0.5791104435920715,-0.18472863733768463,0.6072789430618286,0.5835170149803162,-0.26261019706726074,0.7341069579124451,0.5528489351272583,0.01737355999648571,0.6760681867599487,0.5494422316551208,-0.017562080174684525,0.7400103807449341,0.711593747138977,0.014425399713218212,0.6685818433761597,0.7018958330154419,-0.0010680011473596096,0.7413908243179321,0.8420275449752808,0.16453689336776733,0.6664639711380005,0.8279511332511902,0.18104271590709686,0.7305124402046204,0.8634154200553894,0.17179132997989655,0.671220064163208,0.8431200385093689,0.19122803211212158,0.7716366052627563,0.8924562931060791,0.0428462028503418,0.668607771396637,0.8804857134819031,0.05599859356880188
9,catch_cap,a04_s02_e03,0.7186919450759888,0.2739037573337555,-0.43091148138046265,0.7228833436965942,0.26055553555488586,-0.41482076048851013,0.7258003354072571,0.26098930835723877,-0.4148002564907074,0.7290825843811035,0.2615204155445099,-0.414790540933609,0.7122593522071838,0.25983726978302,-0.4209199845790863,0.7074903845787048,0.2599737048149109,-0.4209827482700348,0.702349066734314,0.26027482748031616,-0.4209687113761902,0.7296967506408691,0.2685098350048065,-0.2829124331474304,0.6916247606277466,0.26642313599586487,-0.3145510256290436,0.7227230072021484,0.290889173746109,-0.37840864062309265,0.7097889184951782,0.2906116545200348,-0.38759946823120117,0.7559257745742798,0.35424575209617615,-0.16464628279209137,0.654143214225769,0.35278037190437317,-0.21548981964588165,0.7754879593849182,0.4599456489086151,-0.07811075448989868,0.630240261554718,0.46712633967399597,-0.16105177998542786,0.7970384955406189,0.5581847429275513,-0.16489113867282867,0.6070379614830017,0.5646654367446899,-0.24469447135925293,0.8044697642326355,0.5860661864280701,-0.18888235092163086,0.6007882952690125,0.5905370116233826,-0.27241235971450806,0.8019596338272095,0.587219774723053,-0.2287464588880539,0.6049011945724487,0.5910801291465759,-0.31285232305526733,0.7989628911018372,0.5790894627571106,-0.18267591297626495,0.6090596914291382,0.5834915041923523,-0.2618902325630188,0.7340798377990723,0.5530204772949219,0.0174389760941267,0.6760895252227783,0.5494548678398132,-0.017626602202653885,0.7399797439575195,0.7116763591766357,0.014368774369359016,0.6685816049575806,0.7019340395927429,-0.0014811072032898664,0.7413870692253113,0.842118501663208,0.1657034456729889,0.666411280632019,0.8278712034225464,0.18176914751529694,0.7305253744125366,0.8634193539619446,0.17310786247253418,0.6711785793304443,0.8429977893829346,0.19218358397483826,0.7715864777565002,0.8924610018730164,0.044227518141269684,0.6686088442802429,0.8804786801338196,0.057330675423145294
10,catch_cap,a04_s02_e03,0.7188514471054077,0.2739090323448181,-0.42962417006492615,0.7229847311973572,0.26055461168289185,-0.41326743364334106,0.7259096503257751,0.26098957657814026,-0.41325053572654724,0.7291773557662964,0.2615208923816681,-0.41324466466903687,0.7123568654060364,0.2598012387752533,-0.41951870918273926,0.7075657844543457,0.25989073514938354,-0.41958093643188477,0.7024009227752686,0.26013368368148804,-0.4195685386657715,0.7297054529190063,0.268536776304245,-0.28054729104042053,0.6916000247001648,0.2663523554801941,-0.3127601146697998,0.7228863835334778,0.29086706042289734,-0.3768654465675354,0.7099484801292419,0.29046791791915894,-0.38622644543647766,0.7558565735816956,0.35426729917526245,-0.16171547770500183,0.654143214225769,0.35257449746131897,-0.21327245235443115,0.7752454876899719,0.45991939306259155,-0.07509097456932068,0.6305798888206482,0.46701809763908386,-0.15944243967533112,0.7965100407600403,0.5576832890510559,-0.16341298818588257,0.6083895564079285,0.5646358728408813,-0.2444678246974945,0.8040164113044739,0.5855782628059387,-0.1877012997865677,0.6021137833595276,0.590477705001831,-0.27257421612739563,0.8015545606613159,0.586409330368042,-0.22795386612415314,0.6062479019165039,0.5910103917121887,-0.31306618452072144,0.798664927482605,0.5783387422561646,-0.18143557012081146,0.6106802225112915,0.5833621621131897,-0.26169389486312866,0.73404860496521,0.553023636341095,0.017535574734210968,0.6760884523391724,0.5494253635406494,-0.017722712829709053,0.7399426102638245,0.7116706967353821,0.014156246557831764,0.6685667634010315,0.7019436359405518,-0.0016051441198214889,0.7413781881332397,0.8421669006347656,0.16587240993976593,0.6664162874221802,0.8278903961181641,0.17994466423988342,0.7305254340171814,0.8634228110313416,0.17322798073291779,0.6712210774421692,0.8430508971214294,0.18998482823371887,0.7715071439743042,0.8924417495727539,0.04367537051439285,0.668610692024231,0.8804670572280884,0.05402565002441406
11,catch_cap,a04_s02_e03,0.7192522287368774,0.2735353410243988,-0.4228549003601074,0.7231913805007935,0.26026836037635803,-0.40550655126571655,0.7261635661125183,0.26071128249168396,-0.4054912030696869,0.729378342628479,0.26124754548072815,-0.4054831564426422,0.7125764489173889,0.2594049274921417,-0.41250890493392944,0.7076993584632874,0.25937166810035706,-0.4125705659389496,0.7024812698364258,0.2595108449459076,-0.41256242990493774,0.7297185659408569,0.26845139265060425,-0.27207016944885254,0.6915628910064697,0.26592227816581726,-0.307563453912735,0.7233505249023438,0.29037073254585266,-0.3702850937843323,0.7104219794273376,0.28970810770988464,-0.3805653750896454,0.7558032274246216,0.3542865514755249,-0.15492364764213562,0.6541329622268677,0.3525191843509674,-0.2133754938840866,0.7747607231140137,0.4598628878593445,-0.07075021415948868,0.6307163238525391,0.46705660223960876,-0.16172096133232117,0.7963417768478394,0.557526707649231,-0.1611594408750534,0.6096400618553162,0.5647262334823608,-0.24622592329978943,0.8039366006851196,0.5849432349205017,-0.18556714057922363,0.6030362844467163,0.5905046463012695,-0.2744910418987274,0.8015786409378052,0.5854971408843994,-0.22619791328907013,0.6072124242782593,0.5910285711288452,-0.3149026334285736,0.7987396121025085,0.5776023268699646,-0.17955562472343445,0.6118576526641846,0.5833708047866821,-0.2634246051311493,0.7340434193611145,0.5532902479171753,0.01853858307003975,0.6761082410812378,0.5495619177818298,-0.01872176304459572,0.7399401664733887,0.7117993831634521,0.014347447082400322,0.6685412526130676,0.7020196318626404,-0.0016107471892610192,0.7414031624794006,0.8422302007675171,0.17060866951942444,0.6664034128189087,0.8276291489601135,0.18899299204349518,0.7305806279182434,0.8634187579154968,0.1785711944103241,0.6712194681167603,0.8425933122634888,0.20025794208049774,0.7715060114860535,0.8924396634101868,0.04838236793875694,0.668608546257019,0.8804231882095337,0.06470140814781189
12,catch_cap,a04_s02_e03,0.7200348973274231,0.27316778898239136,-0.41984352469444275,0.7237063050270081,0.2599974274635315,-0.4024435579776764,0.7267138957977295,0.2604449689388275,-0.4024274945259094,0.7297853231430054,0.26099708676338196,-0.4024174213409424,0.7131429314613342,0.2589985728263855,-0.41008132696151733,0.7081524133682251,0.2588501572608948,-0.410142183303833,0.7028343677520752,0.2588123083114624,-0.410134494304657,0.7297214865684509,0.26840314269065857,-0.26969414949417114,0.691559374332428,0.26521795988082886,-0.307976633310318,0.7240583300590515,0.28988105058670044,-0.3675863742828369,0.7113279104232788,0.28900110721588135,-0.378715455532074,0.7556501030921936,0.35428348183631897,-0.15363100171089172,0.6540451049804688,0.35241878032684326,-0.21493759751319885,0.7744466066360474,0.4598633348941803,-0.06992237269878387,0.6307746171951294,0.4672013521194458,-0.1624876707792282,0.7965019941329956,0.5564702153205872,-0.16035380959510803,0.6105554699897766,0.565157949924469,-0.24751675128936768,0.80414217710495,0.582406759262085,-0.18464751541614532,0.6040357351303101,0.5909221172332764,-0.2756420075893402,0.8018562197685242,0.5821842551231384,-0.22550277411937714,0.6084359884262085,0.5914384126663208,-0.3164430260658264,0.7990976572036743,0.5752608776092529,-0.17896851897239685,0.6129624843597412,0.5837085843086243,-0.2648884356021881,0.73405921459198,0.5533679127693176,0.01930946484208107,0.6761643290519714,0.5497384667396545,-0.019483203068375587,0.7399598956108093,0.7118512988090515,0.01633085124194622,0.668540358543396,0.7020842432975769,-0.0009021192090585828,0.7414125800132751,0.8422629833221436,0.17223945260047913,0.6664084196090698,0.8276007175445557,0.19079986214637756,0.7305911779403687,0.8633835315704346,0.18005947768688202,0.6712586283683777,0.8425440192222595,0.2020055502653122,0.771478533744812,0.8924360275268555,0.05044931918382645,0.6686068773269653,0.8804235458374023,0.06738514453172684
13,catch_cap,a04_s02_e03,0.7222647070884705,0.27312687039375305,-0.41661080718040466,0.7252854704856873,0.25997135043144226,-0.39852067828178406,0.7280710339546204,0.26042166352272034,-0.39850738644599915,0.730670154094696,0.2609814703464508,-0.3984970450401306,0.7150869965553284,0.2589453160762787,-0.40839800238609314,0.7100523710250854,0.25877872109413147,-0.40846139192581177,0.7045015096664429,0.2586720585823059,-0.4084569811820984,0.7297005653381348,0.26840293407440186,-0.26369911432266235,0.6917790174484253,0.2647659182548523,-0.3108026087284088,0.7256933450698853,0.2898278832435608,-0.36365190148353577,0.7135581374168396,0.28888383507728577,-0.3776904046535492,0.7550349235534668,0.35424545407295227,-0.14584067463874817,0.6537989377975464,0.3522952198982239,-0.21805354952812195,0.7730840444564819,0.459350049495697,-0.062088191509246826,0.630872905254364,0.4672429859638214,-0.17362073063850403,0.7967573404312134,0.5521981716156006,-0.15759189426898956,0.6111957430839539,0.5656610727310181,-0.25371915102005005,0.8053292036056519,0.5765157341957092,-0.1821376085281372,0.605211615562439,0.5915456414222717,-0.283022940158844,0.8039113879203796,0.5752766728401184,-0.22379779815673828,0.6099233627319336,0.5923059582710266,-0.32296663522720337,0.8008484840393066,0.5691529512405396,-0.17692355811595917,0.6142710447311401,0.5843579769134521,-0.27063095569610596,0.7340527772903442,0.5533754229545593,0.022972481325268745,0.6761675477027893,0.5499011874198914,-0.02311333268880844,0.7399641275405884,0.7118728160858154,0.019153034314513206,0.6685231328010559,0.7022111415863037,-0.0008590164361521602,0.741420328617096,0.8423191905021667,0.17255905270576477,0.66643226146698,0.8276088833808899,0.1949957311153412,0.7305909395217896,0.8633847832679749,0.18017348647117615,0.6712741851806641,0.8425691723823547,0.20646950602531433,0.7714961171150208,0.8924397230148315,0.050722021609544754,0.6686612367630005,0.8804027438163757,0.0716278925538063
14,catch_cap,a04_s02_e03,0.7249261736869812,0.27256110310554504,-0.40740934014320374,0.7269982099533081,0.25964733958244324,-0.3887307643890381,0.729351818561554,0.26014286279678345,-0.388721764087677,0.7314411997795105,0.2607341706752777,-0.38871392607688904,0.7175989747047424,0.2584898769855499,-0.4013553559780121,0.7128040194511414,0.2581609785556793,-0.4014185070991516,0.7070784568786621,0.25787848234176636,-0.40141981840133667,0.7294865250587463,0.2682393491268158,-0.2539539337158203,0.6926440000534058,0.26337796449661255,-0.31232017278671265,0.7274032831192017,0.2892819046974182,-0.35449525713920593,0.7162763476371765,0.28822553157806396,-0.3721500039100647,0.7537448406219482,0.3542301058769226,-0.1363905817270279,0.653489887714386,0.35182875394821167,-0.22391264140605927,0.7712491154670715,0.4587278962135315,-0.052706412971019745,0.6309281587600708,0.4671202003955841,-0.18339812755584717,0.7970353364944458,0.544977605342865,-0.1525774896144867,0.612053632736206,0.5661383271217346,-0.25980764627456665,0.8067013621330261,0.5683419108390808,-0.1773768812417984,0.6066023111343384,0.5923730134963989,-0.2896351218223572,0.8059157133102417,0.5657866597175598,-0.22015710175037384,0.612054705619812,0.5931934714317322,-0.32892900705337524,0.8025482296943665,0.5603991746902466,-0.17278487980365753,0.6162279844284058,0.584960401058197,-0.27634385228157043,0.7339109182357788,0.553146481513977,0.02673543430864811,0.6761665940284729,0.5498906970024109,-0.026844073086977005,0.7399476766586304,0.7114107012748718,0.01923782005906105,0.6684821844100952,0.7023337483406067,-0.0009186123497784138,0.7414133548736572,0.8423219919204712,0.17059127986431122,0.6664482355117798,0.8276752233505249,0.1958232820034027,0.7305763363838196,0.8633339405059814,0.17751744389533997,0.6713117361068726,0.8426989316940308,0.20723167061805725,0.7715207934379578,0.8924359679222107,0.04790943115949631,0.6687100529670715,0.8803671598434448,0.07171813398599625
15,catch_cap,a04_s02_e03,0.7279483079910278,0.27254679799079895,-0.3864782154560089,0.7290056943893433,0.2596327066421509,-0.3682417869567871,0.7308011054992676,0.26012346148490906,-0.3682401776313782,0.7323357462882996,0.2607124149799347,-0.36822864413261414,0.7206653356552124,0.25847211480140686,-0.3838054835796356,0.7160865664482117,0.2581447660923004,-0.3838668763637543,0.710462749004364,0.2578607201576233,-0.38387590646743774,0.7291505932807922,0.2681783437728882,-0.23551586270332336,0.6944133043289185,0.26308000087738037,-0.309143602848053,0.7292209267616272,0.2891865670681,-0.3338858485221863,0.719352126121521,0.2881576418876648,-0.3554573655128479,0.7515197396278381,0.35388484597206116,-0.1194164901971817,0.653117835521698,0.3515856862068176,-0.22411806881427765,0.7684131860733032,0.45683449506759644,-0.035308536142110825,0.6309583187103271,0.4669587314128876,-0.1851154863834381,0.7980809211730957,0.5358638763427734,-0.14130544662475586,0.6126947999000549,0.5666826963424683,-0.2606579661369324,0.809484601020813,0.5564982295036316,-0.16614820063114166,0.6077793836593628,0.5931971669197083,-0.2906322479248047,0.8096511960029602,0.5539891719818115,-0.2101501226425171,0.6132312417030334,0.594107985496521,-0.3293742537498474,0.8056553602218628,0.548695981502533,-0.1624571532011032,0.6172066926956177,0.5857141017913818,-0.2768937945365906,0.7337181568145752,0.5528980493545532,0.028879662975668907,0.6761659383773804,0.5499256253242493,-0.02895510196685791,0.7399402856826782,0.7103609442710876,0.01914934441447258,0.6683083176612854,0.7024646997451782,0.0003646001860033721,0.7413920164108276,0.8420769572257996,0.1633886694908142,0.6664325594902039,0.8277152180671692,0.20172245800495148,0.7305747866630554,0.8630737662315369,0.16941139101982117,0.6713165640830994,0.842951774597168,0.21320132911205292,0.7715182900428772,0.8921743035316467,0.04007203131914139,0.6687135696411133,0.8802085518836975,0.07816135883331299
16,catch_cap,a04_s02_e03,0.7308065891265869,0.27230221033096313,-0.344527006149292,0.7306607961654663,0.25950947403907776,-0.326110303401947,0.7318435311317444,0.25996896624565125,-0.3261156678199768,0.7328759431838989,0.2605171799659729,-0.3260999321937561,0.723802387714386,0.25839969515800476,-0.34494954347610474,0.7197742462158203,0.2580967843532562,-0.3449997007846832,0.7149209380149841,0.2578190565109253,-0.3450133502483368,0.7280540466308594,0.2676197588443756,-0.1957785189151764,0.6975085735321045,0.2626831531524658,-0.2852635979652405,0.7308483719825745,0.28851431608200073,-0.2926407754421234,0.7226017713546753,0.28772804141044617,-0.3183576464653015,0.7488847970962524,0.3527207374572754,-0.08323504030704498,0.6529035568237305,0.3512360453605652,-0.2127411663532257,0.7652903199195862,0.4535555839538574,0.0017791008576750755,0.6309671401977539,0.46644601225852966,-0.1805311143398285,0.7994776964187622,0.5251088738441467,-0.11040101945400238,0.6133848428726196,0.5671263933181763,-0.2501773238182068,0.8123258352279663,0.5434280633926392,-0.13483259081840515,0.6087461709976196,0.5940106511116028,-0.28006166219711304,0.8138474225997925,0.5402342677116394,-0.18011558055877686,0.6145265698432922,0.5949446558952332,-0.3169025778770447,0.8090497255325317,0.5350425839424133,-0.13247540593147278,0.618530809879303,0.5863177180290222,-0.26536157727241516,0.733498215675354,0.552061915397644,0.032395489513874054,0.6761680245399475,0.5498338341712952,-0.032437197864055634,0.7399105429649353,0.7083274126052856,0.01514370460063219,0.6682804822921753,0.702455461025238,0.00014421259402297437,0.7413372993469238,0.8417573571205139,0.1490628719329834,0.6665332317352295,0.8277236223220825,0.20209917426109314,0.730571985244751,0.8627527952194214,0.1542969048023224,0.6715551018714905,0.8429685235023499,0.21350371837615967,0.771497368812561,0.8915563225746155,0.0248472448438406,0.6687446236610413,0.8802061080932617,0.07860732078552246
17,catch_cap,a04_s02_e03,0.7328540682792664,0.27150392532348633,-0.34451234340667725,0.731670081615448,0.2590997815132141,-0.32601818442344666,0.7324634790420532,0.25945377349853516,-0.3260268568992615,0.7331691980361938,0.2598626911640167,-0.3260188400745392,0.7257935404777527,0.2580994963645935,-0.346078097820282,0.7220484018325806,0.25779494643211365,-0.34612607955932617,0.7177187204360962,0.2574865221977234,-0.3461350202560425,0.7262271642684937,0.26654893159866333,-0.19572661817073822,0.6999021768569946,0.2621406614780426,-0.28959178924560547,0.7318733334541321,0.28731778264045715,-0.292550265789032,0.724948525428772,0.28680163621902466,-0.3198121190071106,0.745691180229187,0.3510932922363281,-0.08215239644050598,0.6523463129997253,0.35118168592453003,-0.21404758095741272,0.7612634897232056,0.4508647620677948,0.005789243150502443,0.6309716701507568,0.4660426378250122,-0.18309271335601807,0.8018290400505066,0.5127205848693848,-0.1045270711183548,0.6137315034866333,0.5675814151763916,-0.250660240650177,0.8158611059188843,0.5282371044158936,-0.12824735045433044,0.6092693209648132,0.5948851704597473,-0.2804042100906372,0.8188419342041016,0.5243096947669983,-0.1738203912973404,0.6151687502861023,0.5957641005516052,-0.31774675846099854,0.813943088054657,0.5202940702438354,-0.12687942385673523,0.6192027926445007,0.587028443813324,-0.2663912773132324,0.7328847050666809,0.5508491396903992,0.035316675901412964,0.6761115193367004,0.5495771169662476,-0.035357557237148285,0.7399148941040039,0.7063900828361511,0.012996526435017586,0.6682785153388977,0.7023522257804871,-0.0012743112165480852,0.7412866950035095,0.8414748907089233,0.15101709961891174,0.6666089296340942,0.8278770446777344,0.20114806294441223,0.730569064617157,0.862475574016571,0.15694168210029602,0.6716089248657227,0.8431032299995422,0.2125994712114334,0.7714896202087402,0.8909189105033875,0.028725776821374893,0.6687906980514526,0.8806754946708679,0.07812858372926712
18,catch_cap,a04_s02_e03,0.7352890968322754,0.27117571234703064,-0.31199270486831665,0.7329937219619751,0.25893738865852356,-0.2943519949913025,0.7332941889762878,0.25918814539909363,-0.2943804860115051,0.7335618734359741,0.2594626545906067,-0.29438596963882446,0.7283077836036682,0.2580481171607971,-0.3181871771812439,0.7250856161117554,0.25773701071739197,-0.318229079246521,0.7214522957801819,0.2574111819267273,-0.3182535767555237,0.7235313653945923,0.2658698856830597,-0.17191390693187714,0.7028314471244812,0.26192113757133484,-0.28287166357040405,0.7332102060317993,0.28669264912605286,-0.2627154290676117,0.7277466058731079,0.286295086145401,-0.2948208153247833,0.7424322962760925,0.3502773642539978,-0.06486431509256363,0.6516077518463135,0.351256787776947,-0.21595153212547302,0.7568811774253845,0.44880056381225586,0.01595688983798027,0.6308118104934692,0.46604663133621216,-0.19196011126041412,0.8048982620239258,0.49659398198127747,-0.0986061692237854,0.6141101121902466,0.5682876706123352,-0.2511031925678253,0.8211356997489929,0.5074065923690796,-0.12297296524047852,0.6098846793174744,0.5964400768280029,-0.2805759012699127,0.8246525526046753,0.5031859874725342,-0.16828086972236633,0.6160104870796204,0.5972999334335327,-0.3161007761955261,0.8196271657943726,0.5006036162376404,-0.12142521142959595,0.6200730204582214,0.5881548523902893,-0.2665119171142578,0.732268214225769,0.5506095290184021,0.039992522448301315,0.6760624647140503,0.5496007800102234,-0.03999129682779312,0.7399338483810425,0.7058500051498413,0.016340801492333412,0.6682760119438171,0.7025511264801025,-0.001102477079257369,0.7413288950920105,0.8414857983589172,0.15011544525623322,0.6666117906570435,0.8285519480705261,0.20456090569496155,0.7306247353553772,0.862686812877655,0.1555015742778778,0.671606183052063,0.8441565632820129,0.21622414886951447,0.7715412378311157,0.8904874920845032,0.03052498772740364,0.6688135862350464,0.8808028101921082,0.0859585553407669
19,catch_cap,a04_s02_e03,0.7370466589927673,0.2679446041584015,-0.26317986845970154,0.7335717678070068,0.2564309537410736,-0.2459808886051178,0.7335665225982666,0.2565039098262787,-0.246017187833786,0.7335920333862305,0.2565326988697052,-0.24603083729743958,0.7297404408454895,0.2560619115829468,-0.27273622155189514,0.7266272306442261,0.2558566629886627,-0.2727712392807007,0.7233822345733643,0.255510151386261,-0.27280092239379883,0.7211394906044006,0.26323533058166504,-0.13175399601459503,0.7051945328712463,0.2607156038284302,-0.2563847601413727,0.7346323728561401,0.2832806408405304,-0.217267706990242,0.7301300764083862,0.28327056765556335,-0.25309324264526367,0.7398442029953003,0.35020747780799866,-0.03490956127643585,0.6509207487106323,0.3512524962425232,-0.21432891488075256,0.7546033263206482,0.4484616219997406,0.02360287308692932,0.6305990815162659,0.46605539321899414,-0.197372704744339,0.8092013597488403,0.48097169399261475,-0.1085309386253357,0.6150021553039551,0.5694742798805237,-0.2493366301059723,0.825533390045166,0.48651161789894104,-0.13500799238681793,0.6110509037971497,0.5982061624526978,-0.27732279896736145,0.8285709619522095,0.4802706837654114,-0.17872394621372223,0.6177807450294495,0.5987708568572998,-0.30783531069755554,0.8235486745834351,0.4785352349281311,-0.13140472769737244,0.6219982504844666,0.5893354415893555,-0.26212820410728455,0.7318254709243774,0.5500116348266602,0.04403219744563103,0.6759017109870911,0.5496004819869995,-0.043993815779685974,0.7399462461471558,0.7055162787437439,0.0025039108004420996,0.6681851744651794,0.7030386328697205,-0.009257229045033455,0.741317868232727,0.8415406346321106,0.1273738443851471,0.6665650606155396,0.8292135000228882,0.2021317481994629,0.730627179145813,0.8631234765052795,0.132309228181839,0.6714155077934265,0.8451550006866455,0.2148006707429886,0.7717913389205933,0.8902877569198608,0.011410942301154137,0.6687933206558228,0.8816403746604919,0.08245895802974701
20,catch_cap,a04_s02_e03,0.7385319471359253,0.2669092118740082,-0.23719140887260437,0.7340506315231323,0.255486398935318,-0.22161610424518585,0.7337494492530823,0.2554575800895691,-0.2216576784849167,0.7335699200630188,0.2553688585758209,-0.2216520756483078,0.7310931086540222,0.25529414415359497,-0.24981923401355743,0.7282597422599792,0.2551291882991791,-0.24984869360923767,0.7251194715499878,0.25480255484580994,-0.24988849461078644,0.7191814184188843,0.26202303171157837,-0.11624987423419952,0.7075121998786926,0.260122150182724,-0.2468721568584442,0.7357000112533569,0.2820495665073395,-0.19451405107975006,0.7321756482124329,0.2820279896259308,-0.23219946026802063,0.7372868061065674,0.3500550389289856,-0.035714808851480484,0.649637758731842,0.35166600346565247,-0.20544156432151794,0.7540631294250488,0.4463358223438263,0.012098835781216621,0.629973292350769,0.46698135137557983,-0.18984687328338623,0.8122943639755249,0.45923900604248047,-0.21071362495422363,0.6156319379806519,0.5711997151374817,-0.21294093132019043,0.8295879364013672,0.45923373103141785,-0.24591414630413055,0.6119670867919922,0.6008097529411316,-0.23373933136463165,0.8319309949874878,0.4500342905521393,-0.2823583781719208,0.6188417673110962,0.6014090776443481,-0.26425400376319885,0.82636958360672,0.449715793132782,-0.23259440064430237,0.6230829954147339,0.5913607478141785,-0.22405755519866943,0.731321394443512,0.5494089722633362,0.043214816600084305,0.675719141960144,0.5496318936347961,-0.043203577399253845,0.7399448156356812,0.7051917910575867,0.0052294605411589146,0.6678573489189148,0.7032903432846069,-0.011379515752196312,0.7413378357887268,0.8417453765869141,0.13340158760547638,0.6664705872535706,0.8297010064125061,0.19069185853004456,0.7308559417724609,0.8639466762542725,0.13829968869686127,0.6705525517463684,0.8467864394187927,0.2022215873003006,0.7718347311019897,0.8900116682052612,0.019521288573741913,0.6688343286514282,0.8816116452217102,0.08087147772312164
21,catch_cap,a04_s02_e03,0.7389079332351685,0.26567134261131287,-0.23076987266540527,0.7338905334472656,0.25460997223854065,-0.21545489132404327,0.7336294054985046,0.2545757591724396,-0.21548104286193848,0.7333769202232361,0.2544856667518616,-0.2154664248228073,0.7310636043548584,0.2545492649078369,-0.2438959777355194,0.7283655405044556,0.25449031591415405,-0.24391379952430725,0.7252734303474426,0.25426679849624634,-0.24395008385181427,0.7178887128829956,0.26164451241493225,-0.11155153810977936,0.70795738697052,0.26007211208343506,-0.24367816746234894,0.7362827062606812,0.2810235619544983,-0.18869321048259735,0.733148455619812,0.2810293138027191,-0.22684483230113983,0.7356366515159607,0.35028979182243347,-0.03153815120458603,0.6489408016204834,0.3517381548881531,-0.2045096606016159,0.7548049688339233,0.4450019896030426,-0.029065409675240517,0.6295165419578552,0.4675014317035675,-0.18836894631385803,0.8164036870002747,0.4403948485851288,-0.24852542579174042,0.616638720035553,0.5720348358154297,-0.20854249596595764,0.832930862903595,0.4350716769695282,-0.285002738237381,0.6129840016365051,0.6019109487533569,-0.22663569450378418,0.834363579750061,0.42449796199798584,-0.31494420766830444,0.6203521490097046,0.602408766746521,-0.25629866123199463,0.8293449282646179,0.4263409674167633,-0.2680724561214447,0.6248306632041931,0.5921429991722107,-0.21895122528076172,0.7309039235115051,0.5492168068885803,0.04293347895145416,0.6756182909011841,0.5496407747268677,-0.042940761893987656,0.7398701906204224,0.7047598958015442,0.00645770039409399,0.6675519943237305,0.7032961249351501,-0.011480573564767838,0.7413288950920105,0.8419885635375977,0.1365940272808075,0.6664174199104309,0.8298235535621643,0.19239327311515808,0.7309869527816772,0.8643618822097778,0.14175745844841003,0.6700835824012756,0.8472632765769958,0.2044919729232788,0.7718346118927002,0.8900002837181091,0.022742703557014465,0.6688376069068909,0.8816083073616028,0.08601346611976624
22,catch_cap,a04_s02_e03,0.73857581615448,0.2646805942058563,-0.2523382306098938,0.7336715459823608,0.25375932455062866,-0.23679466545581818,0.7334886789321899,0.2537180185317993,-0.23679225146770477,0.7328027486801147,0.2536188066005707,-0.23677770793437958,0.7304810285568237,0.25378817319869995,-0.2646855413913727,0.7277177572250366,0.2538151741027832,-0.26469695568084717,0.7245751619338989,0.2536775469779968,-0.26473379135131836,0.7169092893600464,0.2612854242324829,-0.13029710948467255,0.7076525688171387,0.2600347697734833,-0.257500559091568,0.7363197207450867,0.2801273465156555,-0.2091314047574997,0.7331284284591675,0.28016573190689087,-0.24654562771320343,0.7349799871444702,0.3504962921142578,-0.04198593646287918,0.6483175754547119,0.3517773747444153,-0.21257729828357697,0.7552193403244019,0.4441133737564087,-0.06779315322637558,0.6294529438018799,0.4680067300796509,-0.196213960647583,0.8218173980712891,0.4186719059944153,-0.28326258063316345,0.6176550984382629,0.5732050538063049,-0.20139002799987793,0.8380738496780396,0.4084411859512329,-0.3170991837978363,0.6141051650047302,0.6035832166671753,-0.21250541508197784,0.8390229344367981,0.39715856313705444,-0.338334321975708,0.6223095655441284,0.6038333773612976,-0.2401324212551117,0.8338354229927063,0.39956387877464294,-0.2994324564933777,0.62677401304245,0.5933595299720764,-0.21006688475608826,0.7301799058914185,0.5489067435264587,0.04197359085083008,0.6752023696899414,0.5496491193771362,-0.042005233466625214,0.7398241758346558,0.7045320868492126,0.0018392333295196295,0.6671444177627563,0.7034212946891785,-0.012576828710734844,0.7412105202674866,0.842158854007721,0.13956542313098907,0.6664572954177856,0.8301079273223877,0.20118804275989532,0.7309954166412354,0.8645095825195312,0.14530470967292786,0.6702505350112915,0.847395122051239,0.2146943062543869,0.7716436982154846,0.8902084231376648,0.028372537344694138,0.6688026189804077,0.8819810748100281,0.09819535911083221
23,catch_cap,a04_s02_e03,0.7379523515701294,0.26361292600631714,-0.22705325484275818,0.7328075766563416,0.252566933631897,-0.21151717007160187,0.7320849895477295,0.2525053918361664,-0.21150417625904083,0.7309643030166626,0.25238510966300964,-0.21148955821990967,0.7300209403038025,0.25279054045677185,-0.24020233750343323,0.7269996404647827,0.2529244124889374,-0.24020788073539734,0.7236678004264832,0.2528846263885498,-0.2402542382478714,0.7153927683830261,0.26054996252059937,-0.10958559811115265,0.7070979475975037,0.2599185109138489,-0.24273867905139923,0.7360451221466064,0.2792804539203644,-0.1858256608247757,0.7326016426086426,0.27933529019355774,-0.22428178787231445,0.7334617972373962,0.3508107364177704,-0.025299131870269775,0.6481301784515381,0.3517392873764038,-0.2112809121608734,0.7591426968574524,0.44189971685409546,-0.06644235551357269,0.6291249394416809,0.4684590995311737,-0.19832149147987366,0.8213493227958679,0.401579886674881,-0.2728949785232544,0.6187173128128052,0.5747767090797424,-0.19149865210056305,0.8379607200622559,0.38424110412597656,-0.30479612946510315,0.6154439449310303,0.6057514548301697,-0.1996341049671173,0.8383604884147644,0.37322765588760376,-0.32087448239326477,0.6244124174118042,0.6055852174758911,-0.2245662659406662,0.833249568939209,0.3775358498096466,-0.2869684100151062,0.6286852359771729,0.5949381589889526,-0.19883866608142853,0.7293447256088257,0.5486592054367065,0.043307725340127945,0.6749255657196045,0.5497793555259705,-0.043375175446271896,0.7397361397743225,0.7043685913085938,0.010752658359706402,0.6667551398277283,0.7045227289199829,-0.010781878605484962,0.7411645650863647,0.8423942923545837,0.14091581106185913,0.6664735078811646,0.8303714990615845,0.20479002594947815,0.7310135960578918,0.8648619055747986,0.14672726392745972,0.6702970266342163,0.8474478125572205,0.21834728121757507,0.7716426849365234,0.8903099298477173,0.038201458752155304,0.6687929630279541,0.8823310136795044,0.10502958297729492
24,catch_cap,a04_s02_e03,0.7376232743263245,0.2632719576358795,-0.18661047518253326,0.7314159870147705,0.252033531665802,-0.17172400653362274,0.7303802371025085,0.25194481015205383,-0.1717069447040558,0.7290614247322083,0.2517898678779602,-0.17169098556041718,0.7297393083572388,0.2523491680622101,-0.20199719071388245,0.7267507314682007,0.2525038421154022,-0.20198941230773926,0.7231109142303467,0.2524764835834503,-0.20204313099384308,0.7136740684509277,0.2600683569908142,-0.07681097835302353,0.706640362739563,0.25982779264450073,-0.21707849204540253,0.7359804511070251,0.27905288338661194,-0.14810892939567566,0.7319434881210327,0.27904948592185974,-0.18857373297214508,0.7317797541618347,0.3509060740470886,-0.0010369275696575642,0.6474298238754272,0.35189083218574524,-0.2010890543460846,0.7635284662246704,0.4373185932636261,-0.05662507936358452,0.6289916038513184,0.47000041604042053,-0.19978995621204376,0.8225405812263489,0.38488876819610596,-0.24348056316375732,0.6208889484405518,0.5762987732887268,-0.18982096016407013,0.8385376930236816,0.36657771468162537,-0.27381259202957153,0.6174241304397583,0.6073182225227356,-0.19824567437171936,0.8384649157524109,0.3571159541606903,-0.2911030054092407,0.6271197199821472,0.6068695187568665,-0.221887469291687,0.833111584186554,0.36235713958740234,-0.2572334110736847,0.6313228607177734,0.5963636040687561,-0.19681303203105927,0.7288779020309448,0.5486306548118591,0.044172052294015884,0.6748356819152832,0.5505878329277039,-0.04425186663866043,0.7394739389419556,0.7043793797492981,0.0192122645676136,0.666528582572937,0.7048464417457581,-0.009124603122472763,0.741133987903595,0.8426313400268555,0.1390019953250885,0.6665388941764832,0.8304498791694641,0.20381924510002136,0.7310237288475037,0.8652210235595703,0.14415624737739563,0.6704694628715515,0.8474562168121338,0.2178410291671753,0.7716528177261353,0.8903588056564331,0.03774990886449814,0.6687290072441101,0.8826465010643005,0.10100384801626205
25,catch_cap,a04_s02_e03,0.7371560335159302,0.26302313804626465,-0.1569528877735138,0.7295750379562378,0.2516553997993469,-0.14235669374465942,0.7283910512924194,0.2515403926372528,-0.14233343303203583,0.7270094156265259,0.25136440992355347,-0.14231142401695251,0.7284625768661499,0.2520942687988281,-0.17307749390602112,0.7259699702262878,0.2522887885570526,-0.17305918037891388,0.722976803779602,0.25230732560157776,-0.1731155514717102,0.711957573890686,0.25990211963653564,-0.051547206938266754,0.7064962387084961,0.2598373591899872,-0.19412261247634888,0.7353297472000122,0.2789256274700165,-0.1201615184545517,0.7315357327461243,0.2789148688316345,-0.16126619279384613,0.7302486896514893,0.3509245216846466,0.01884087547659874,0.6468971967697144,0.3521431088447571,-0.18615616858005524,0.770089328289032,0.43047812581062317,-0.029678482562303543,0.6284480690956116,0.4718167185783386,-0.19777622818946838,0.8250659108161926,0.3709885776042938,-0.2105221301317215,0.6229883432388306,0.5781909227371216,-0.18334588408470154,0.8412346839904785,0.35048383474349976,-0.23696187138557434,0.6197007894515991,0.6090347170829773,-0.19143769145011902,0.8398334383964539,0.3393380045890808,-0.2403261363506317,0.6296798586845398,0.6081627011299133,-0.2139929234981537,0.8343973159790039,0.34498777985572815,-0.21837261319160461,0.6336248517036438,0.5977973341941833,-0.18991057574748993,0.7286208271980286,0.5486180782318115,0.04463527351617813,0.6748355627059937,0.551840603351593,-0.044717609882354736,0.7393840551376343,0.7043288946151733,0.03153710439801216,0.6664036512374878,0.7050133347511292,-0.0035419524647295475,0.741035521030426,0.8428121209144592,0.13195861876010895,0.6666340231895447,0.8305724859237671,0.194625586271286,0.7309824228286743,0.8655796647071838,0.135285884141922,0.6706342101097107,0.8477583527565002,0.20652922987937927,0.771920919418335,0.8904315829277039,0.03349312022328377,0.6686055660247803,0.8827784657478333,0.09707915782928467
26,catch_cap,a04_s02_e03,0.736481785774231,0.2623157203197479,-0.1480591595172882,0.7277283668518066,0.2509189248085022,-0.13291576504707336,0.7264660596847534,0.2508033812046051,-0.1328934282064438,0.7250581383705139,0.25065168738365173,-0.13287872076034546,0.7267908453941345,0.25149187445640564,-0.16429403424263,0.7245871424674988,0.2517724633216858,-0.16428141295909882,0.7221285104751587,0.2519007623195648,-0.16434042155742645,0.7106994390487671,0.2596816420555115,-0.04056691378355026,0.706458330154419,0.25980374217033386,-0.1864279955625534,0.7347617745399475,0.27823904156684875,-0.11066772043704987,0.731228232383728,0.2783154845237732,-0.15277940034866333,0.7292227149009705,0.35099121928215027,0.03244158998131752,0.6467775106430054,0.35224202275276184,-0.18050354719161987,0.7766159176826477,0.4233843982219696,0.013351179659366608,0.628404974937439,0.47326523065567017,-0.19188255071640015,0.828335165977478,0.3570093512535095,-0.12788626551628113,0.6258488893508911,0.5787460207939148,-0.17553086578845978,0.8447648882865906,0.3347972631454468,-0.14998416602611542,0.6230901479721069,0.6096275448799133,-0.18331974744796753,0.842244029045105,0.3238263428211212,-0.1594749093055725,0.6330530643463135,0.6083360314369202,-0.20624315738677979,0.8369439840316772,0.3308473825454712,-0.1384202390909195,0.6364936232566833,0.5979887843132019,-0.18231436610221863,0.7286077737808228,0.5486018061637878,0.04744253307580948,0.6749364137649536,0.5525721311569214,-0.04754931479692459,0.7392445802688599,0.7043443322181702,0.03799857944250107,0.6662818193435669,0.7050620913505554,-0.0036031119525432587,0.7409697771072388,0.8430630564689636,0.13379822671413422,0.6666532754898071,0.8306881785392761,0.18747493624687195,0.730890691280365,0.8663865923881531,0.1384577453136444,0.6707867383956909,0.8486200571060181,0.19897565245628357,0.7730445265769958,0.8906365633010864,0.041425976902246475,0.6686056852340698,0.882775068283081,0.09638014435768127
27,catch_cap,a04_s02_e03,0.7360836267471313,0.2615869641304016,-0.1397516429424286,0.7268143892288208,0.25006675720214844,-0.12389618158340454,0.7255576848983765,0.24997670948505402,-0.12387648969888687,0.724158525466919,0.24988599121570587,-0.12386288493871689,0.7257890105247498,0.25068214535713196,-0.1555316150188446,0.7236709594726562,0.25102922320365906,-0.1555265337228775,0.721397340297699,0.2512759566307068,-0.15558859705924988,0.7098711729049683,0.25946879386901855,-0.02968975342810154,0.706095278263092,0.25967657566070557,-0.17687080800533295,0.7343957424163818,0.27789753675460815,-0.10189572721719742,0.7310031056404114,0.27800828218460083,-0.14438076317310333,0.7292777895927429,0.3510059118270874,0.04346615821123123,0.6466957330703735,0.3522232174873352,-0.1728527992963791,0.7810342907905579,0.415529727935791,0.025683686137199402,0.6284098029136658,0.47410568594932556,-0.18180978298187256,0.831678569316864,0.34378814697265625,-0.1141437515616417,0.6279234886169434,0.5790361166000366,-0.16894817352294922,0.8485586047172546,0.3198320269584656,-0.1360968053340912,0.6267892122268677,0.6100949645042419,-0.17673230171203613,0.844707190990448,0.31110095977783203,-0.14615000784397125,0.6356178522109985,0.6082796454429626,-0.20011182129383087,0.8397802114486694,0.3178725242614746,-0.1249866709113121,0.6383746266365051,0.5980758666992188,-0.17594033479690552,0.7285534739494324,0.5486028790473938,0.049501076340675354,0.6750014424324036,0.5528734922409058,-0.049625951796770096,0.7391527891159058,0.7046324610710144,0.03545059263706207,0.6660138964653015,0.7051361203193665,-0.012316285632550716,0.7409135103225708,0.843366265296936,0.13563266396522522,0.6666949987411499,0.8308345079421997,0.1738816797733307,0.7307060360908508,0.8665961027145386,0.14028699696063995,0.6711625456809998,0.8488187193870544,0.18500293791294098,0.7741461396217346,0.8910571932792664,0.04153485223650932,0.6686082482337952,0.8835685849189758,0.07858987897634506
28,catch_cap,a04_s02_e03,0.7346026301383972,0.26168256998062134,-0.16421304643154144,0.7252861261367798,0.2501327097415924,-0.1457086205482483,0.7240973711013794,0.2500546872615814,-0.14569643139839172,0.7227633595466614,0.24997755885124207,-0.1456759124994278,0.7239765524864197,0.2507266402244568,-0.17564496397972107,0.721915602684021,0.25106728076934814,-0.17565205693244934,0.7198184728622437,0.2513103783130646,-0.17571957409381866,0.7089789509773254,0.25950950384140015,-0.03885243833065033,0.7051547765731812,0.2598065137863159,-0.1779315173625946,0.7330256104469299,0.27800247073173523,-0.1222931370139122,0.7301996946334839,0.2780919671058655,-0.16238132119178772,0.7297862768173218,0.3510769307613373,0.044259123504161835,0.6464322805404663,0.3523527681827545,-0.16645947098731995,0.7858260869979858,0.4078691303730011,0.007846488617360592,0.6284226179122925,0.4746016263961792,-0.16917839646339417,0.8360438346862793,0.32517242431640625,-0.14852604269981384,0.6307205557823181,0.5784972310066223,-0.16879460215568542,0.8520786166191101,0.3050311803817749,-0.18158766627311707,0.6292787790298462,0.6096742749214172,-0.17821060121059418,0.8470790982246399,0.29796740412712097,-0.16492082178592682,0.638327419757843,0.6082379817962646,-0.20405039191246033,0.8418892025947571,0.3041275441646576,-0.15126702189445496,0.6411781311035156,0.597659170627594,-0.1767551749944687,0.7283191084861755,0.5485567450523376,0.05056626722216606,0.6745610237121582,0.5529013276100159,-0.05067840963602066,0.738913357257843,0.7046434283256531,0.03069608472287655,0.6658625602722168,0.7051210999488831,-0.024398323148489,0.7408456206321716,0.8434547781944275,0.133069708943367,0.6666969060897827,0.83082115650177,0.17182227969169617,0.7306686639785767,0.8666830658912659,0.13706561923027039,0.6712599992752075,0.8488219976425171,0.18301668763160706,0.7748249173164368,0.8912613391876221,0.02827136218547821,0.6687024235725403,0.883710503578186,0.06564170867204666
29,catch_cap,a04_s02_e03,0.7335071563720703,0.2617736756801605,-0.170853391289711,0.7243099808692932,0.2501365840435028,-0.1518467366695404,0.7231544852256775,0.2500573992729187,-0.15183529257774353,0.72185218334198,0.24998322129249573,-0.1518097221851349,0.7228878736495972,0.25073590874671936,-0.18254198133945465,0.7208613753318787,0.2510753273963928,-0.1825476735830307,0.7188531756401062,0.2513190507888794,-0.1826196014881134,0.7081592082977295,0.25954920053482056,-0.0423261821269989,0.7045417428016663,0.25982484221458435,-0.18470706045627594,0.7319539189338684,0.2780841588973999,-0.12793730199337006,0.7294841408729553,0.2781524062156677,-0.1690688282251358,0.7295728921890259,0.35108837485313416,0.04607951268553734,0.646253228187561,0.3525291383266449,-0.17276445031166077,0.789333701133728,0.4011611342430115,0.019624996930360794,0.628666877746582,0.4756796956062317,-0.17284604907035828,0.8376474380493164,0.31559720635414124,-0.1465083807706833,0.6332794427871704,0.5775651335716248,-0.1751849502325058,0.8525040745735168,0.2968861162662506,-0.1753254383802414,0.6333976984024048,0.6096223592758179,-0.18684354424476624,0.8476697206497192,0.2901163697242737,-0.18199661374092102,0.6423987746238708,0.6078236699104309,-0.21424826979637146,0.8425503969192505,0.29561418294906616,-0.15720047056674957,0.645041823387146,0.5967057347297668,-0.18467755615711212,0.7278349995613098,0.5484647154808044,0.053544096648693085,0.6740407347679138,0.5528869032859802,-0.053662579506635666,0.7386537194252014,0.7046524286270142,0.03238370269536972,0.6658636927604675,0.7051193118095398,-0.02388658933341503,0.7407830357551575,0.8436110615730286,0.14538539946079254,0.6667128205299377,0.8309327363967896,0.1761324107646942,0.7305616736412048,0.8669643998146057,0.14947134256362915,0.6713486313819885,0.8491901159286499,0.18748624622821808,0.77536541223526,0.8915988802909851,0.034774504601955414,0.6690263152122498,0.8838526010513306,0.06869511306285858
30,catch_cap,a04_s02_e03,0.7326492071151733,0.2618469297885895,-0.1492193639278412,0.7235387563705444,0.2501477301120758,-0.13088586926460266,0.722399115562439,0.2500663697719574,-0.1308719515800476,0.7211159467697144,0.24999485909938812,-0.13084286451339722,0.722009003162384,0.25074201822280884,-0.1620958298444748,0.7199708223342896,0.2510751485824585,-0.1620953232049942,0.7179733514785767,0.2513183355331421,-0.16217026114463806,0.7074792385101318,0.25957924127578735,-0.026899632066488266,0.7038265466690063,0.2598479092121124,-0.17138412594795227,0.7311291694641113,0.2781521677970886,-0.10838371515274048,0.7288410067558289,0.27820488810539246,-0.15016351640224457,0.7292441725730896,0.35111045837402344,0.057642556726932526,0.6460189819335938,0.3528255224227905,-0.17023009061813354,0.790934145450592,0.39499422907829285,0.04792587459087372,0.6290146112442017,0.4772423207759857,-0.17344529926776886,0.8385244607925415,0.3098287582397461,-0.088394895195961,0.6352502107620239,0.5773244500160217,-0.17618869245052338,0.8536688089370728,0.2913586497306824,-0.11105997860431671,0.6362455487251282,0.609347939491272,-0.1889258623123169,0.8493876457214355,0.28477826714515686,-0.12175102531909943,0.645578920841217,0.6075601577758789,-0.21738199889659882,0.8438137173652649,0.2900736927986145,-0.09995564818382263,0.6481105089187622,0.5961399674415588,-0.18661579489707947,0.7273367047309875,0.5484491586685181,0.055828757584095,0.6734405755996704,0.5529278516769409,-0.05595821142196655,0.7384965419769287,0.7046602368354797,0.03972703963518143,0.6657771468162537,0.70511794090271,-0.021702159196138382,0.7407580614089966,0.843674898147583,0.14707963168621063,0.666717529296875,0.8309361338615417,0.17784710228443146,0.730533242225647,0.8670904040336609,0.1507658213376999,0.6713910698890686,0.8492159247398376,0.18927377462387085,0.77574622631073,0.8918053507804871,0.03798777982592583,0.6691383719444275,0.8839737772941589,0.07101012766361237
31,catch_cap,a04_s02_e03,0.7319647073745728,0.261597216129303,-0.15664146840572357,0.7230350375175476,0.2497512549161911,-0.1382317841053009,0.7219579815864563,0.24968108534812927,-0.13821940124034882,0.7207408547401428,0.2496444582939148,-0.13819196820259094,0.7212753891944885,0.250392884016037,-0.16901102662086487,0.7191341519355774,0.2507711350917816,-0.16901075839996338,0.717037558555603,0.25108250975608826,-0.16908453404903412,0.7070729732513428,0.2595842778682709,-0.03334379196166992,0.7027900815010071,0.2598520815372467,-0.1758318990468979,0.7305243015289307,0.27809861302375793,-0.11548379808664322,0.7282004952430725,0.2781982123851776,-0.15666696429252625,0.7292371988296509,0.35108691453933716,0.05145282298326492,0.6456905603408813,0.35292771458625793,-0.17239701747894287,0.7919878363609314,0.391088604927063,0.03656680881977081,0.6292568445205688,0.47935327887535095,-0.1768927425146103,0.8389589190483093,0.3045870065689087,-0.10824458301067352,0.6382306814193726,0.5772255063056946,-0.18301846086978912,0.8543862104415894,0.2845706343650818,-0.13270226120948792,0.6399004459381104,0.6091718077659607,-0.1955031007528305,0.8500714302062988,0.27864307165145874,-0.14337323606014252,0.648854672908783,0.607388436794281,-0.22196516394615173,0.8442943692207336,0.28454720973968506,-0.11978064477443695,0.651246964931488,0.5960878133773804,-0.19168691337108612,0.7268391251564026,0.5484426617622375,0.05579855293035507,0.6725006103515625,0.5529220700263977,-0.05593177676200867,0.7383958101272583,0.7048531174659729,0.036685384809970856,0.6657212972640991,0.705164909362793,-0.020059878006577492,0.7407457232475281,0.8436921238899231,0.15287372469902039,0.6667150259017944,0.8308069109916687,0.1904831826686859,0.7305378913879395,0.867088258266449,0.1575920432806015,0.6713910698890686,0.8490675091743469,0.20340494811534882,0.7759074568748474,0.8920524716377258,0.04378737136721611,0.6691776514053345,0.8840582966804504,0.08219356089830399
32,catch_cap,a04_s02_e03,0.7311299443244934,0.26130345463752747,-0.15900716185569763,0.722225546836853,0.24942727386951447,-0.1406671553850174,0.7212187647819519,0.24937619268894196,-0.14064833521842957,0.7200738787651062,0.24938234686851501,-0.1406210958957672,0.7202481031417847,0.25010284781455994,-0.17142727971076965,0.7180503606796265,0.25052016973495483,-0.17143121361732483,0.7158747315406799,0.2509007155895233,-0.1715051829814911,0.7065180540084839,0.2595991790294647,-0.036552492529153824,0.7016301155090332,0.25988999009132385,-0.178828164935112,0.7299464344978333,0.27788275480270386,-0.11809179931879044,0.7275848984718323,0.2780776619911194,-0.15922307968139648,0.7292089462280273,0.3508909344673157,0.05081356689333916,0.6454645395278931,0.35294342041015625,-0.17444483935832977,0.7930382490158081,0.3874112069606781,0.06118328496813774,0.6298056840896606,0.48064592480659485,-0.19182810187339783,0.8412114381790161,0.3010912835597992,-0.04517543315887451,0.6416436433792114,0.5771485567092896,-0.20171129703521729,0.8562217950820923,0.2812616229057312,-0.06328907608985901,0.6426461935043335,0.6090031862258911,-0.214331716299057,0.8528832197189331,0.27561768889427185,-0.07603350281715393,0.6519450545310974,0.6072378158569336,-0.241127610206604,0.8474478721618652,0.281796395778656,-0.056668393313884735,0.6547589898109436,0.5960196852684021,-0.2102343589067459,0.7265597581863403,0.5483952164649963,0.05738043040037155,0.672150731086731,0.5528974533081055,-0.05753067880868912,0.7383844256401062,0.7049276232719421,0.03626010939478874,0.6657276749610901,0.7051280736923218,-0.019841086119413376,0.7407222986221313,0.8437772989273071,0.15164795517921448,0.6666823029518127,0.830640971660614,0.1928759664297104,0.73052978515625,0.8671392798423767,0.1562577784061432,0.6712424159049988,0.8488640189170837,0.20588095486164093,0.7759968042373657,0.8922614455223083,0.043472353368997574,0.6692549586296082,0.8840939998626709,0.08646750450134277
33,catch_cap,a04_s02_e03,0.7305782437324524,0.2609516680240631,-0.1678917109966278,0.7218177318572998,0.2489212602376938,-0.1497444063425064,0.7208645343780518,0.2488659918308258,-0.14972707629203796,0.7197725772857666,0.2488977611064911,-0.1497017741203308,0.7196122407913208,0.249655082821846,-0.17966493964195251,0.7173133492469788,0.2501250207424164,-0.17967191338539124,0.7149832248687744,0.2505982518196106,-0.17974302172660828,0.7061477303504944,0.25958433747291565,-0.04467896372079849,0.7004102468490601,0.2599014937877655,-0.1830632984638214,0.7294442653656006,0.2777324616909027,-0.12658390402793884,0.7269172668457031,0.2780235707759857,-0.1666666567325592,0.7292835712432861,0.35069748759269714,0.04426523298025131,0.6453930735588074,0.35298487544059753,-0.17862984538078308,0.7933570146560669,0.3849949240684509,0.0621989443898201,0.6304522156715393,0.4819076657295227,-0.20159132778644562,0.843021035194397,0.3004370331764221,-0.03688995912671089,0.6437494158744812,0.5770813226699829,-0.2157798558473587,0.8586592674255371,0.28140631318092346,-0.054660551249980927,0.6445237398147583,0.6089156270027161,-0.22943799197673798,0.8557671308517456,0.2758764624595642,-0.06997857242822647,0.6547222137451172,0.6071195006370544,-0.25653061270713806,0.8502143025398254,0.28192391991615295,-0.04925205186009407,0.6575454473495483,0.5959663987159729,-0.22449377179145813,0.7261353731155396,0.5485830307006836,0.057886652648448944,0.6718899607658386,0.5530372262001038,-0.058047663420438766,0.7383863925933838,0.7050234079360962,0.035913001745939255,0.6657190918922424,0.7054110169410706,-0.012169567868113518,0.7406772375106812,0.8438028693199158,0.15275858342647552,0.6666327714920044,0.8306244611740112,0.21381311118602753,0.7305001020431519,0.8671421408653259,0.15773352980613708,0.6711523532867432,0.8488295078277588,0.2282187044620514,0.7759802341461182,0.892464280128479,0.044433869421482086,0.6692559123039246,0.8842016458511353,0.10844676196575165
34,catch_cap,a04_s02_e03,0.7300857305526733,0.2603483200073242,-0.1797240972518921,0.7212790250778198,0.24818721413612366,-0.1605205535888672,0.7203349471092224,0.2481544017791748,-0.16048938035964966,0.7192502617835999,0.2482345998287201,-0.16045382618904114,0.7190579771995544,0.24891112744808197,-0.19014394283294678,0.7167483568191528,0.24940869212150574,-0.19015999138355255,0.7143064141273499,0.24996529519557953,-0.19024142622947693,0.7055703997612,0.259429395198822,-0.052031971514225006,0.6994708180427551,0.25984618067741394,-0.18878665566444397,0.7289078235626221,0.2773645222187042,-0.13748720288276672,0.7263298630714417,0.2777900695800781,-0.1769467145204544,0.7293630242347717,0.35057133436203003,0.039119504392147064,0.6451383829116821,0.3532142639160156,-0.19327129423618317,0.7936691045761108,0.38404324650764465,0.054660119116306305,0.6308250427246094,0.4830518662929535,-0.21585461497306824,0.843237042427063,0.3036370575428009,-0.049240842461586,0.6454979777336121,0.5771239399909973,-0.2310822457075119,0.8592389822006226,0.2855321168899536,-0.06764429062604904,0.6463745832443237,0.6091641783714294,-0.2457951009273529,0.8568541407585144,0.280036985874176,-0.08316599577665329,0.6577552556991577,0.6071438193321228,-0.27237215638160706,0.8510854840278625,0.2856449782848358,-0.06167823076248169,0.6608166694641113,0.5960605144500732,-0.2394804209470749,0.725999116897583,0.5491193532943726,0.058568619191646576,0.6718232035636902,0.5536491870880127,-0.05873362347483635,0.7384030222892761,0.7052169442176819,0.035538848489522934,0.6656954884529114,0.7063800096511841,0.0001340229355264455,0.7406141757965088,0.8438169956207275,0.1610872894525528,0.6665790677070618,0.8306189179420471,0.23854951560497284,0.7304909825325012,0.867293655872345,0.16673776507377625,0.6710608601570129,0.8488240838050842,0.2542656660079956,0.7759988307952881,0.8924884796142578,0.05332878977060318,0.6692346334457397,0.8841570019721985,0.1353955715894699
35,catch_cap,a04_s02_e03,0.7296972870826721,0.2598244845867157,-0.19656328856945038,0.7207868695259094,0.24760466814041138,-0.17755982279777527,0.7198435068130493,0.24760352075099945,-0.17752908170223236,0.7187495827674866,0.24773159623146057,-0.17749780416488647,0.718579888343811,0.24833302199840546,-0.20731177926063538,0.7162739634513855,0.2488699108362198,-0.20733094215393066,0.7137643694877625,0.24950197339057922,-0.20740671455860138,0.7049862742424011,0.2593408524990082,-0.06867893785238266,0.6987835168838501,0.2598097622394562,-0.20592589676380157,0.7285330891609192,0.27712932229042053,-0.15392355620861053,0.7259289622306824,0.277652382850647,-0.1935136616230011,0.7294426560401917,0.35025733709335327,0.03075890801846981,0.6449898481369019,0.3534851670265198,-0.20763058960437775,0.7942264080047607,0.38247019052505493,0.05345500260591507,0.6309281587600708,0.4845394790172577,-0.2296467274427414,0.8452345728874207,0.3038332164287567,-0.0400562547147274,0.6459824442863464,0.5776510238647461,-0.24606606364250183,0.8629897236824036,0.28830090165138245,-0.056896597146987915,0.646952748298645,0.609708845615387,-0.26111897826194763,0.8604320287704468,0.28202110528945923,-0.0738239735364914,0.6582863330841064,0.6073166728019714,-0.2879289984703064,0.8542418479919434,0.28709718585014343,-0.052816975861787796,0.6612027883529663,0.5963261127471924,-0.2545572817325592,0.7258971929550171,0.5494093298912048,0.05876389145851135,0.6717557907104492,0.554021418094635,-0.05893481522798538,0.7384024858474731,0.7053069472312927,0.03756476566195488,0.665694534778595,0.7068655490875244,0.0049446988850831985,0.7405780553817749,0.8438264727592468,0.17193762958049774,0.6665264964103699,0.8305636048316956,0.2477596551179886,0.7304893136024475,0.8674598336219788,0.1783493459224701,0.6709077954292297,0.8488098978996277,0.26408112049102783,0.7759822010993958,0.8925621509552002,0.06553031504154205,0.6692171096801758,0.8840838074684143,0.14572615921497345
36,catch_cap,a04_s02_e03,0.7292431592941284,0.2596217393875122,-0.2097354382276535,0.7201153039932251,0.24744676053524017,-0.19096070528030396,0.7190930843353271,0.24747422337532043,-0.1909327507019043,0.7179100513458252,0.2476383000612259,-0.19090679287910461,0.7180818319320679,0.24813732504844666,-0.2205795794725418,0.7158266305923462,0.24866953492164612,-0.2206031084060669,0.7133346796035767,0.24930988252162933,-0.22068066895008087,0.7041537761688232,0.2593347728252411,-0.08224125951528549,0.6980849504470825,0.25979459285736084,-0.21894709765911102,0.7280303239822388,0.2770105004310608,-0.1669105589389801,0.7254810929298401,0.2775488495826721,-0.20633843541145325,0.7293723225593567,0.3500778079032898,0.02060907892882824,0.644895613193512,0.3535786271095276,-0.21961872279644012,0.7938470840454102,0.3817330300807953,0.06146363541483879,0.631359338760376,0.48473820090293884,-0.24330727756023407,0.8466522097587585,0.30617550015449524,-0.011267120949923992,0.6464582085609436,0.5779289603233337,-0.2625146806240082,0.8663843870162964,0.2923280596733093,-0.025193607434630394,0.6470258831977844,0.6100762486457825,-0.2785530686378479,0.8649191856384277,0.286041259765625,-0.04505852609872818,0.6586341261863708,0.6074788570404053,-0.3063017427921295,0.8580279350280762,0.29037147760391235,-0.024807557463645935,0.6616557836532593,0.5966565012931824,-0.271544486284256,0.7257866859436035,0.5495465397834778,0.05970640853047371,0.6717524528503418,0.5541832447052002,-0.059879712760448456,0.7384047508239746,0.7053298950195312,0.040824245661497116,0.6657296419143677,0.7072077989578247,0.01091346051543951,0.7405657172203064,0.8438312411308289,0.1769471913576126,0.6664906740188599,0.8305273652076721,0.25749415159225464,0.7304896712303162,0.8675399422645569,0.1834118366241455,0.6707441806793213,0.8487824201583862,0.27421802282333374,0.7759701609611511,0.892570436000824,0.07167772948741913,0.6692139506340027,0.8840183019638062,0.1565607488155365
37,catch_cap,a04_s02_e03,0.7289042472839355,0.2594164311885834,-0.2192508727312088,0.7197495698928833,0.24723859131336212,-0.2000994235277176,0.7187031507492065,0.24728789925575256,-0.20007264614105225,0.7174867987632751,0.24747927486896515,-0.20004940032958984,0.7177492380142212,0.2478872835636139,-0.2298034131526947,0.7154998183250427,0.24841077625751495,-0.2298290729522705,0.7129914164543152,0.2490524798631668,-0.22990262508392334,0.7036999464035034,0.2592851519584656,-0.08931692689657211,0.6975740194320679,0.2597304582595825,-0.22646239399909973,0.7277032732963562,0.27687597274780273,-0.17563673853874207,0.7251589298248291,0.27742141485214233,-0.21520085632801056,0.7294023036956787,0.34981849789619446,0.014858582988381386,0.6448265314102173,0.3536287248134613,-0.224636048078537,0.7939082980155945,0.38090232014656067,0.0578373447060585,0.6314840316772461,0.4848189055919647,-0.24656741321086884,0.8483014106750488,0.30650457739830017,-0.020945314317941666,0.6463454961776733,0.5780515074729919,-0.2664963901042938,0.8682377934455872,0.293575644493103,-0.03614211827516556,0.6467788815498352,0.6102457046508789,-0.28262749314308167,0.86686772108078,0.28673121333122253,-0.05584846809506416,0.6583384871482849,0.6076816916465759,-0.31060922145843506,0.8599373698234558,0.2907107472419739,-0.03465244174003601,0.6614170074462891,0.5969508290290833,-0.2756304144859314,0.7257203459739685,0.5495787262916565,0.060266174376010895,0.6717501282691956,0.5542009472846985,-0.0604381337761879,0.7384229302406311,0.7053828835487366,0.04120785742998123,0.6658182740211487,0.7071860432624817,0.00870591402053833,0.7405582666397095,0.843838095664978,0.17907041311264038,0.6664726734161377,0.8303282856941223,0.2544924318790436,0.7305341958999634,0.8675553202629089,0.18562059104442596,0.6705840229988098,0.8484849333763123,0.2711002826690674,0.7759596109390259,0.892577588558197,0.07341285049915314,0.6692340970039368,0.8839500546455383,0.15235090255737305
38,catch_cap,a04_s02_e03,0.7287144660949707,0.2592442035675049,-0.21970734000205994,0.7195500135421753,0.24709202349185944,-0.20084360241889954,0.7184828519821167,0.24715536832809448,-0.2008163183927536,0.7172412276268005,0.2473648488521576,-0.20079128444194794,0.7175756692886353,0.24771878123283386,-0.23042984306812286,0.7153295874595642,0.24824045598506927,-0.23045691847801208,0.7128137350082397,0.24888746440410614,-0.2305295765399933,0.7034306526184082,0.25926274061203003,-0.09103415906429291,0.6972352266311646,0.2597125172615051,-0.2276894599199295,0.7275338768959045,0.2767726480960846,-0.176457941532135,0.7249947190284729,0.2773359417915344,-0.2158714085817337,0.7294345498085022,0.3494223952293396,0.011099928990006447,0.6447808742523193,0.3536686897277832,-0.22484001517295837,0.7943052053451538,0.3800075650215149,0.05386961251497269,0.6315624713897705,0.4849839508533478,-0.24482867121696472,0.8493529558181763,0.30665522813796997,-0.027208929881453514,0.6459866762161255,0.5785188674926758,-0.2632617652416229,0.8689371347427368,0.2935463786125183,-0.042667608708143234,0.6463579535484314,0.6106189489364624,-0.2788483798503876,0.8673763275146484,0.2864486277103424,-0.062454938888549805,0.6578270196914673,0.6080681085586548,-0.30714043974876404,0.8606590032577515,0.2906506359577179,-0.040960244834423065,0.660902202129364,0.5974862575531006,-0.27247709035873413,0.7256870269775391,0.5496543049812317,0.06000157445669174,0.6717299222946167,0.5542799234390259,-0.060171522200107574,0.7384251356124878,0.7054287791252136,0.04047534614801407,0.6658310294151306,0.7072330713272095,0.008968730457127094,0.7405509352684021,0.8438441753387451,0.17559324204921722,0.6664261817932129,0.8301240801811218,0.2556079030036926,0.7305530905723572,0.8675707578659058,0.18180681765079498,0.6703759431838989,0.8482023477554321,0.2722199857234955,0.7759644389152527,0.8925936222076416,0.0690668374300003,0.669237494468689,0.8838754296302795,0.15347039699554443
39,catch_cap,a04_s02_e03,0.7285040616989136,0.259188711643219,-0.22022299468517303,0.7193543314933777,0.24706418812274933,-0.2014172077178955,0.7182800769805908,0.2471330165863037,-0.2013905793428421,0.717033326625824,0.24734947085380554,-0.2013651430606842,0.7173763513565063,0.24768328666687012,-0.23097889125347137,0.7151204347610474,0.2482040822505951,-0.23100420832633972,0.7125929594039917,0.24885158240795135,-0.2310754954814911,0.7032278776168823,0.25926342606544495,-0.09160283952951431,0.696938157081604,0.259712815284729,-0.22813650965690613,0.7273452281951904,0.2767302095890045,-0.17696209251880646,0.7247815728187561,0.2772926092147827,-0.21633271872997284,0.7294562458992004,0.3491012156009674,0.009825864806771278,0.6447474360466003,0.35390010476112366,-0.22405298054218292,0.7946418523788452,0.37935540080070496,0.051827024668455124,0.6316241025924683,0.48511555790901184,-0.2428068369626999,0.8496195077896118,0.30692529678344727,-0.030919179320335388,0.645447850227356,0.5788567066192627,-0.2609878182411194,0.8691864013671875,0.29370731115341187,-0.04675755277276039,0.6457999348640442,0.6108871698379517,-0.2763267457485199,0.8672910928726196,0.2862117886543274,-0.06637255847454071,0.6570583581924438,0.6083034873008728,-0.3049843907356262,0.860578715801239,0.2903793454170227,-0.044658541679382324,0.6600861549377441,0.5978139638900757,-0.2703668475151062,0.725691556930542,0.5496705174446106,0.05975954607129097,0.6717338562011719,0.5543549656867981,-0.059926170855760574,0.7384390234947205,0.7054492831230164,0.04303502291440964,0.6659202575683594,0.7071553468704224,0.00973048247396946,0.7405542135238647,0.8438817262649536,0.17418211698532104,0.666387677192688,0.8299872875213623,0.2524414658546448,0.7305868268013,0.8676503896713257,0.17997686564922333,0.6702109575271606,0.8481060266494751,0.2685679793357849,0.7759842276573181,0.8926047086715698,0.06710664927959442,0.6692468523979187,0.8838309049606323,0.15019376575946808
40,catch_cap,a04_s02_e03,0.7283745408058167,0.25913965702056885,-0.2274564504623413,0.7192064523696899,0.24704797565937042,-0.20870563387870789,0.7181217670440674,0.24712170660495758,-0.2086772471666336,0.7168643474578857,0.2473437488079071,-0.2086523473262787,0.7172037363052368,0.24766121804714203,-0.23878249526023865,0.7149274349212646,0.24818266928195953,-0.23881042003631592,0.7123802900314331,0.2488313615322113,-0.23887932300567627,0.7030408382415771,0.2592645585536957,-0.09833002090454102,0.6966596841812134,0.2597210705280304,-0.23716120421886444,0.7272310853004456,0.2766794264316559,-0.1838454008102417,0.7246372103691101,0.27724596858024597,-0.22388580441474915,0.7294790744781494,0.3486262559890747,0.003993780817836523,0.6447416543960571,0.3541470170021057,-0.23095771670341492,0.7947772145271301,0.3785901963710785,0.05043644830584526,0.6316299438476562,0.4852310121059418,-0.24966421723365784,0.8498687744140625,0.3070383071899414,-0.028830569237470627,0.6450743675231934,0.5806057453155518,-0.2670181393623352,0.8691926002502441,0.2933429181575775,-0.04370244964957237,0.6454018950462341,0.611638069152832,-0.2821105718612671,0.867296040058136,0.2863050699234009,-0.06360926479101181,0.6565054655075073,0.6091212630271912,-0.3108314871788025,0.8606798052787781,0.29049599170684814,-0.042490154504776,0.659627377986908,0.5989058017730713,-0.27637967467308044,0.7257651686668396,0.5496010184288025,0.05955543369054794,0.6718127131462097,0.5543531179428101,-0.05972006916999817,0.738442063331604,0.7054360508918762,0.04321795329451561,0.6659523844718933,0.7069122195243835,0.008754555135965347,0.7405528426170349,0.8438870906829834,0.17709793150424957,0.666370689868927,0.8298776149749756,0.24979642033576965,0.7306143641471863,0.8676519393920898,0.18319478631019592,0.6701820492744446,0.8480645418167114,0.265694797039032,0.7759721279144287,0.8926154971122742,0.07039768993854523,0.6692399978637695,0.8838270306587219,0.14667819440364838
41,catch_cap,a04_s02_e03,0.7282224893569946,0.2591255009174347,-0.22569024562835693,0.7190910577774048,0.24704961478710175,-0.20674841105937958,0.7180048823356628,0.2471241056919098,-0.20672039687633514,0.7167468667030334,0.24734742939472198,-0.20669320225715637,0.7170807123184204,0.2476593405008316,-0.23619933426380157,0.7148033976554871,0.24817827343940735,-0.2362242192029953,0.7122635245323181,0.2488243728876114,-0.23629169166088104,0.7028716802597046,0.2592674195766449,-0.09609699249267578,0.6965318322181702,0.25972336530685425,-0.23244503140449524,0.7270721793174744,0.2766605019569397,-0.18210375308990479,0.7244483232498169,0.2772272825241089,-0.22133155167102814,0.729511022567749,0.3483522832393646,0.004958729259669781,0.6447290182113647,0.35425546765327454,-0.22653868794441223,0.7948005795478821,0.3782360255718231,0.049624186009168625,0.6316097974777222,0.4851333796977997,-0.24480397999286652,0.8503085970878601,0.30728861689567566,-0.03162633627653122,0.6448737382888794,0.580585241317749,-0.26238393783569336,0.8694450259208679,0.2931833565235138,-0.04718905687332153,0.6449512839317322,0.6117578744888306,-0.27713921666145325,0.867673397064209,0.2863939702510834,-0.0667983740568161,0.6552659869194031,0.6093782186508179,-0.3063604235649109,0.8610343933105469,0.29076120257377625,-0.045325867831707,0.6584672331809998,0.5991582274436951,-0.27203622460365295,0.7258004546165466,0.5495872497558594,0.059415243566036224,0.6718751192092896,0.5543763637542725,-0.05957820266485214,0.7384413480758667,0.7053045034408569,0.048718515783548355,0.6659988760948181,0.7067167162895203,0.008976494893431664,0.7405495047569275,0.8438965082168579,0.1791878044605255,0.6663702726364136,0.8298882246017456,0.24660725891590118,0.730617105960846,0.8676872849464417,0.18492047488689423,0.6701799631118774,0.8481355309486389,0.2621534466743469,0.7759687304496765,0.8926218152046204,0.07326187193393707,0.6692445874214172,0.8838390707969666,0.14349164068698883
42,catch_cap,a04_s02_e03,0.72807776927948,0.25915107131004333,-0.22455954551696777,0.7190015316009521,0.24705682694911957,-0.20553520321846008,0.7179156541824341,0.24713023006916046,-0.2055056393146515,0.7166581153869629,0.2473544031381607,-0.20547819137573242,0.7169848680496216,0.24766702950000763,-0.23499257862567902,0.7147036790847778,0.24818460643291473,-0.23501375317573547,0.7121676206588745,0.2488296926021576,-0.2350798100233078,0.70272296667099,0.2592718303203583,-0.09469853341579437,0.696445107460022,0.2597283720970154,-0.23102764785289764,0.7268861532211304,0.27666476368904114,-0.1809127926826477,0.724210798740387,0.27723428606987,-0.2201721966266632,0.7295197248458862,0.34797194600105286,0.006301994435489178,0.6447290182113647,0.3544359505176544,-0.22512169182300568,0.794646680355072,0.37775734066963196,0.05069049075245857,0.6315781474113464,0.4850512742996216,-0.24403735995292664,0.850227952003479,0.30684593319892883,-0.026088591665029526,0.6440852880477905,0.5809981226921082,-0.2619343101978302,0.8692606687545776,0.29254329204559326,-0.04090163856744766,0.6440637707710266,0.612259566783905,-0.27635449171066284,0.8675713539123535,0.28584733605384827,-0.06029703468084335,0.6528746485710144,0.6099655032157898,-0.30549782514572144,0.8609250783920288,0.2903329133987427,-0.0396423377096653,0.6557609438896179,0.5998342037200928,-0.2715514302253723,0.7259872555732727,0.5495249032974243,0.05931294709444046,0.6722980737686157,0.5543842315673828,-0.05947459489107132,0.7384833693504333,0.7052128314971924,0.052289724349975586,0.6660354137420654,0.70668625831604,0.008259089663624763,0.7405465245246887,0.8439034819602966,0.17922435700893402,0.6663681864738464,0.8299895524978638,0.243449404835701,0.7306104302406311,0.8677110075950623,0.1846846491098404,0.6701794862747192,0.8485941290855408,0.25839897990226746,0.7759875655174255,0.8926272988319397,0.07509173452854156,0.6692334413528442,0.8838679790496826,0.14269313216209412
43,catch_cap,a04_s02_e03,0.727968692779541,0.25935912132263184,-0.2237420380115509,0.7189651727676392,0.24721397459506989,-0.20469775795936584,0.7178846597671509,0.24727223813533783,-0.20467090606689453,0.7166343331336975,0.24747847020626068,-0.20464512705802917,0.7169324159622192,0.24783191084861755,-0.23478302359580994,0.714640736579895,0.248338520526886,-0.23480436205863953,0.7121106386184692,0.2489635944366455,-0.2348737269639969,0.7026599645614624,0.25931859016418457,-0.09364248067140579,0.6964350938796997,0.25978386402130127,-0.23288562893867493,0.7267659902572632,0.27673065662384033,-0.17992669343948364,0.7240690588951111,0.2773081362247467,-0.22001424431800842,0.7295334339141846,0.3477843403816223,0.006758053787052631,0.64475017786026,0.3548766076564789,-0.22459053993225098,0.7946472764015198,0.3777652084827423,0.04983485862612724,0.6313060522079468,0.4851660132408142,-0.24230508506298065,0.8499813079833984,0.30523303151130676,-0.029146408662199974,0.6418024301528931,0.5817225575447083,-0.2599615752696991,0.8687718510627747,0.29100120067596436,-0.04475405067205429,0.6421447396278381,0.6130820512771606,-0.27425554394721985,0.8669654130935669,0.28383398056030273,-0.06379571557044983,0.6503275632858276,0.6106639504432678,-0.30310454964637756,0.8603806495666504,0.2885685861110687,-0.04253163933753967,0.6527236700057983,0.6005557179450989,-0.269440233707428,0.7263858914375305,0.5493992567062378,0.05918625742197037,0.6729063391685486,0.5544278621673584,-0.05935047194361687,0.7385177612304688,0.7049462199211121,0.05424181744456291,0.6660407185554504,0.7066790461540222,0.00635633384808898,0.7405291795730591,0.8439530730247498,0.1863785833120346,0.6663747429847717,0.8302217125892639,0.23614981770515442,0.730599045753479,0.8677918314933777,0.19245946407318115,0.670212984085083,0.8492328524589539,0.2507956624031067,0.7759467959403992,0.8926323652267456,0.08392556756734848,0.669233500957489,0.8838900327682495,0.1340453326702118
44,catch_cap,a04_s02_e03,0.7278908491134644,0.2597528398036957,-0.2218094766139984,0.7189890742301941,0.247452512383461,-0.2028619349002838,0.7179133892059326,0.24748459458351135,-0.2028355896472931,0.7166680693626404,0.24764904379844666,-0.2028098851442337,0.7169478535652161,0.24805979430675507,-0.2328542023897171,0.7146507501602173,0.24853627383708954,-0.23287518322467804,0.7121198177337646,0.2491106390953064,-0.23294512927532196,0.7026935815811157,0.2593236267566681,-0.09327509254217148,0.6964542269706726,0.2597893178462982,-0.23108737170696259,0.7266523838043213,0.2769220471382141,-0.17824244499206543,0.7239516973495483,0.2774828374385834,-0.21815109252929688,0.7295447587966919,0.34747514128685,0.007516677491366863,0.6446958184242249,0.35496193170547485,-0.2244332730770111,0.7948035597801208,0.3777860403060913,0.04477899521589279,0.630933940410614,0.4851211607456207,-0.23943600058555603,0.8498635292053223,0.3029332160949707,-0.05217932537198067,0.6396306157112122,0.5822943449020386,-0.25819796323776245,0.8684353828430176,0.287306010723114,-0.07038221508264542,0.6401082277297974,0.6135857105255127,-0.2715795338153839,0.8668763041496277,0.28068169951438904,-0.08695412427186966,0.6482149958610535,0.6111505031585693,-0.30088794231414795,0.8601967692375183,0.28597763180732727,-0.06513164937496185,0.6506092548370361,0.601105809211731,-0.2678103446960449,0.726850152015686,0.5493565201759338,0.05895576626062393,0.6734875440597534,0.5545219779014587,-0.05911828204989433,0.7386201620101929,0.704854428768158,0.05268281698226929,0.6660431623458862,0.7068094611167908,0.0008318835753016174,0.7405142784118652,0.8439591526985168,0.18766702711582184,0.6663983464241028,0.8302606344223022,0.22862902283668518,0.7305840849876404,0.8677922487258911,0.1940726637840271,0.6705175638198853,0.8493193984031677,0.2430257350206375,0.7759459614753723,0.8926345705986023,0.08584316074848175,0.6691714525222778,0.8839292526245117,0.12504670023918152
45,catch_cap,a04_s02_e03,0.7278427481651306,0.2605619430541992,-0.18852296471595764,0.7190277576446533,0.2482377588748932,-0.17035536468029022,0.717953085899353,0.24823321402072906,-0.17033319175243378,0.716705322265625,0.2483195811510086,-0.17030373215675354,0.7169694900512695,0.24877481162548065,-0.20096233487129211,0.7146569490432739,0.24916529655456543,-0.20097346603870392,0.7121258974075317,0.24960944056510925,-0.20105032622814178,0.7027238607406616,0.25940096378326416,-0.06476958096027374,0.6964669227600098,0.2598688304424286,-0.2064029723405838,0.7264977693557739,0.27743250131607056,-0.14677849411964417,0.7237643003463745,0.2779085040092468,-0.1876680999994278,0.729518473148346,0.347183495759964,0.0263778455555439,0.6446939706802368,0.35512855648994446,-0.20040500164031982,0.7952612042427063,0.3770296275615692,0.04503485560417175,0.6307716369628906,0.4850700795650482,-0.21251623332500458,0.8495084643363953,0.3000575304031372,-0.05771347135305405,0.638356626033783,0.5822619199752808,-0.22309589385986328,0.8660802841186523,0.282979816198349,-0.07618194818496704,0.6382673382759094,0.6137291789054871,-0.23462776839733124,0.8630160093307495,0.27673017978668213,-0.09042106568813324,0.6464150547981262,0.6113494038581848,-0.26320233941078186,0.8573138117790222,0.28194576501846313,-0.06976237148046494,0.649117112159729,0.6011995077133179,-0.2322116196155548,0.7271239161491394,0.5492026209831238,0.05872560665011406,0.673739492893219,0.5545192360877991,-0.0588872954249382,0.7389122247695923,0.7047069072723389,0.0497419536113739,0.6660460233688354,0.7065709829330444,-0.008353054523468018,0.7405173182487488,0.8439560532569885,0.17959193885326385,0.6664110422134399,0.8302521109580994,0.20957008004188538,0.7305940389633179,0.8677432537078857,0.1857074350118637,0.6706330180168152,0.8493018746376038,0.22312256693840027,0.7760359048843384,0.8926356434822083,0.08410023152828217,0.6691312193870544,0.8839594125747681,0.1065690666437149
46,catch_cap,a04_s02_e03,0.7278116345405579,0.2608461081981659,-0.1648484468460083,0.7190417647361755,0.24847115576267242,-0.14758454263210297,0.717969536781311,0.24844598770141602,-0.14756211638450623,0.7167261838912964,0.2485019862651825,-0.14752928912639618,0.7169812321662903,0.24899953603744507,-0.17904216051101685,0.7146670818328857,0.24936218559741974,-0.17904850840568542,0.7121343612670898,0.2497609555721283,-0.1791282445192337,0.7027485370635986,0.2594190537929535,-0.047252312302589417,0.6964750289916992,0.2599044144153595,-0.19295834004878998,0.7264247536659241,0.2775558829307556,-0.12503263354301453,0.7236955761909485,0.2779995799064636,-0.16709215939044952,0.7294590473175049,0.3467969596385956,0.037367794662714005,0.6447016596794128,0.3552228510379791,-0.19200389087200165,0.7952464818954468,0.37646952271461487,0.05455823987722397,0.630536675453186,0.4850534498691559,-0.20720717310905457,0.8473151326179504,0.29794663190841675,-0.04175702482461929,0.6376944780349731,0.5822345018386841,-0.2147824764251709,0.8633332252502441,0.27951574325561523,-0.05792197585105896,0.6369761824607849,0.6137884855270386,-0.22600853443145752,0.8593497276306152,0.27344807982444763,-0.07018585503101349,0.6451834440231323,0.6114892959594727,-0.25384604930877686,0.8535326719284058,0.2788771688938141,-0.05273618549108505,0.6481879949569702,0.601233720779419,-0.2236805409193039,0.7273687124252319,0.5490798950195312,0.05869554355740547,0.6739953756332397,0.5545266270637512,-0.05885910242795944,0.7391324639320374,0.7045910954475403,0.05027808994054794,0.6660503149032593,0.7061702609062195,-0.0065332381054759026,0.7405436635017395,0.8439023494720459,0.17644958198070526,0.6664199233055115,0.8300065398216248,0.21167656779289246,0.7306371927261353,0.86760413646698,0.182214617729187,0.6707127094268799,0.8489044904708862,0.22538962960243225,0.7761839032173157,0.8926355242729187,0.0812762975692749,0.6691176295280457,0.8839832544326782,0.11089850962162018
47,catch_cap,a04_s02_e03,0.7277141809463501,0.261204332113266,-0.15254244208335876,0.7190583348274231,0.24880927801132202,-0.13527259230613708,0.7179902195930481,0.24876664578914642,-0.13525116443634033,0.7167502045631409,0.24879197776317596,-0.135223388671875,0.7169874906539917,0.2493324726819992,-0.1668570339679718,0.7146628499031067,0.2496694177389145,-0.16685956716537476,0.7121262550354004,0.2500188648700714,-0.16694214940071106,0.7027507424354553,0.25946274399757385,-0.035736728459596634,0.696487545967102,0.25995030999183655,-0.18221864104270935,0.7262870073318481,0.27772390842437744,-0.11298539489507675,0.7235537767410278,0.2781294584274292,-0.15525808930397034,0.7293672561645508,0.3464876413345337,0.047818757593631744,0.6447008848190308,0.3553476333618164,-0.18316960334777832,0.7952136993408203,0.3756408393383026,0.0719277411699295,0.6303950548171997,0.4850262701511383,-0.19814249873161316,0.8438639640808105,0.29636257886886597,-0.012806372717022896,0.6373658180236816,0.582198441028595,-0.20559100806713104,0.8591527938842773,0.27758076786994934,-0.027087757363915443,0.6362524628639221,0.6138726472854614,-0.21679779887199402,0.8550986051559448,0.27115505933761597,-0.039100609719753265,0.6445201635360718,0.6116520166397095,-0.24457602202892303,0.8491786122322083,0.2768152058124542,-0.02334754914045334,0.6477367877960205,0.6013152003288269,-0.21449284255504608,0.7275840640068054,0.5489691495895386,0.05864158272743225,0.6742438077926636,0.5545129179954529,-0.058804579079151154,0.7393225431442261,0.7045910358428955,0.04869869723916054,0.6660743951797485,0.705912172794342,-0.006324468646198511,0.7405422925949097,0.8439143300056458,0.17124590277671814,0.666435718536377,0.8299186825752258,0.21127629280090332,0.7306245565414429,0.8675849437713623,0.177078515291214,0.6708074808120728,0.8486799597740173,0.2252129763364792,0.7763739824295044,0.8927484750747681,0.07885752618312836,0.6690744161605835,0.8842538595199585,0.11188162863254547
48,catch_cap,a04_s02_e03,0.7276777029037476,0.2617214322090149,-0.14937475323677063,0.7190898656845093,0.24934042990207672,-0.13192899525165558,0.7180267572402954,0.24927011132240295,-0.1319117546081543,0.7167848348617554,0.2492537498474121,-0.13188157975673676,0.7170049548149109,0.2498626857995987,-0.16353805363178253,0.7146695256233215,0.25017544627189636,-0.16353824734687805,0.7121306657791138,0.2504706084728241,-0.16362431645393372,0.7027631998062134,0.25952810049057007,-0.03131304308772087,0.6964999437332153,0.26003357768058777,-0.17786169052124023,0.7262111902236938,0.27796679735183716,-0.10944809764623642,0.7234489917755127,0.2783345878124237,-0.15174205601215363,0.7291793823242188,0.3464343845844269,0.05272872373461723,0.6446577310562134,0.3555315136909485,-0.17775920033454895,0.7947854399681091,0.37560907006263733,0.06906222552061081,0.6302422881126404,0.48499399423599243,-0.19176605343818665,0.8393677473068237,0.295306533575058,-0.022800387814641,0.6370778679847717,0.5821699500083923,-0.19994761049747467,0.8558799028396606,0.2768358886241913,-0.03753509745001793,0.63585364818573,0.6139582991600037,-0.21152086555957794,0.8514261245727539,0.2698730230331421,-0.05353941395878792,0.6442183256149292,0.6117748022079468,-0.23914439976215363,0.8451011776924133,0.27546289563179016,-0.03494825214147568,0.6474910974502563,0.6013795137405396,-0.20869973301887512,0.7277332544326782,0.548965334892273,0.05860598012804985,0.6744101047515869,0.554573118686676,-0.05876777693629265,0.7394548654556274,0.7045918107032776,0.04876783490180969,0.6660957336425781,0.7057979106903076,-0.005620833020657301,0.7405622005462646,0.8439233899116516,0.17066624760627747,0.6664358377456665,0.8299142718315125,0.21290354430675507,0.730645477771759,0.8675614595413208,0.1763620376586914,0.6708062291145325,0.848675012588501,0.22691097855567932,0.7765419483184814,0.8927562832832336,0.07830144464969635,0.6690770983695984,0.8843100666999817,0.11321324110031128
49,catch_cap,a04_s02_e03,0.7276703715324402,0.2622144818305969,-0.15271231532096863,0.7191133499145508,0.24985794723033905,-0.13550573587417603,0.7180361747741699,0.24978889524936676,-0.135483518242836,0.7168002724647522,0.24975450336933136,-0.1354491412639618,0.7170484662055969,0.25034186244010925,-0.16753968596458435,0.7147023677825928,0.2506391406059265,-0.1675412356853485,0.71214759349823,0.2508982717990875,-0.16763252019882202,0.7027251124382019,0.2596878409385681,-0.03526324778795242,0.6965096592903137,0.26016250252723694,-0.18346479535102844,0.726164698600769,0.2782190442085266,-0.11279455572366714,0.7234013080596924,0.27852046489715576,-0.1556592583656311,0.7286451458930969,0.3463378846645355,0.051153428852558136,0.6445940732955933,0.355813205242157,-0.18433192372322083,0.7933954000473022,0.37556859850883484,0.07309572398662567,0.6301838755607605,0.48499587178230286,-0.2001490294933319,0.8353523015975952,0.2950233221054077,-0.01764325238764286,0.6369593739509583,0.5821694135665894,-0.20860889554023743,0.8514328002929688,0.27623090147972107,-0.03259632736444473,0.635729193687439,0.6141346096992493,-0.22050054371356964,0.8473820686340332,0.2690550684928894,-0.04498538002371788,0.6440576314926147,0.6119769811630249,-0.2475893795490265,0.8407198786735535,0.2747620642185211,-0.028566088527441025,0.6473480463027954,0.6015478372573853,-0.21713152527809143,0.7279021143913269,0.5489400625228882,0.05929412692785263,0.6746703386306763,0.5545653104782104,-0.05945756286382675,0.7394713163375854,0.7045574188232422,0.059237949550151825,0.6661603450775146,0.7052967548370361,-0.0001606463047210127,0.7405747175216675,0.8439256548881531,0.17714962363243103,0.6664351224899292,0.8299130201339722,0.2157699167728424,0.7306646108627319,0.8675565719604492,0.18266423046588898,0.6708065271377563,0.8488521575927734,0.2298486977815628,0.7765902280807495,0.8927507400512695,0.08343704789876938,0.6691489815711975,0.8842464685440063,0.11975733190774918
50,catch_cap,a04_s02_e03,0.7275716662406921,0.2628905475139618,-0.1552465260028839,0.7191290259361267,0.2505144774913788,-0.13615402579307556,0.7180580496788025,0.2504509687423706,-0.13608898222446442,0.7168221473693848,0.25040456652641296,-0.13601824641227722,0.7170565724372864,0.2509511709213257,-0.1728886067867279,0.7147060036659241,0.2512287199497223,-0.17289423942565918,0.7121526002883911,0.2514517605304718,-0.17302855849266052,0.7026975750923157,0.25992852449417114,-0.03915463760495186,0.6964839696884155,0.2603234648704529,-0.1977168619632721,0.7260206341743469,0.27863165736198425,-0.11505325883626938,0.7232115864753723,0.2788738012313843,-0.1606835424900055,0.728022575378418,0.34620195627212524,0.046738699078559875,0.644430935382843,0.35621798038482666,-0.19629350304603577,0.791556715965271,0.37567436695098877,0.07104058563709259,0.630130410194397,0.4851168096065521,-0.21365447342395782,0.8317549824714661,0.2948228418827057,-0.013522508554160595,0.6369277238845825,0.5827820897102356,-0.217393159866333,0.8459779620170593,0.27614226937294006,-0.026835713535547256,0.635835587978363,0.6146944165229797,-0.22818338871002197,0.8426154255867004,0.26927193999290466,-0.038546543568372726,0.6442385911941528,0.6124793887138367,-0.25100523233413696,0.8358510732650757,0.2749292254447937,-0.023852922022342682,0.6474713087081909,0.602118730545044,-0.22396545112133026,0.7281433343887329,0.5487334132194519,0.06015605852007866,0.6752824187278748,0.5544936656951904,-0.06031981110572815,0.7395569086074829,0.7045277953147888,0.06356169283390045,0.6663326621055603,0.7047869563102722,0.0009844307787716389,0.7406714558601379,0.843900740146637,0.18738648295402527,0.666438102722168,0.8301569819450378,0.2192046195268631,0.7306782603263855,0.8674769997596741,0.1933969408273697,0.6708177328109741,0.849762499332428,0.23349054157733917,0.7768288254737854,0.8926630020141602,0.09258908033370972,0.6691879034042358,0.884248673915863,0.12216700613498688
51,catch_cap,a04_s02_e03,0.7273317575454712,0.26414909958839417,-0.16444523632526398,0.7191426753997803,0.25145795941352844,-0.14604701101779938,0.7180746793746948,0.2513757646083832,-0.14600428938865662,0.7168388366699219,0.2512979209423065,-0.14595583081245422,0.7170653939247131,0.2518466114997864,-0.17976412177085876,0.7147115468978882,0.2520735561847687,-0.17977148294448853,0.7121537327766418,0.2522565722465515,-0.17987902462482452,0.7026211619377136,0.26036036014556885,-0.04503607749938965,0.6964823007583618,0.26067548990249634,-0.19818487763404846,0.7256342768669128,0.2795432507991791,-0.12359926849603653,0.7228277921676636,0.27970951795578003,-0.1671144664287567,0.7270066142082214,0.3463324010372162,0.04444947466254234,0.644374668598175,0.3563656210899353,-0.19634611904621124,0.7897725105285645,0.3766283094882965,0.07084862887859344,0.6301456093788147,0.4851779639720917,-0.2137196809053421,0.8281136751174927,0.2954028248786926,-0.032713714987039566,0.6369599103927612,0.5835819244384766,-0.21901445090770721,0.8412830233573914,0.276705801486969,-0.04871788248419762,0.6361846923828125,0.6154935359954834,-0.2304975688457489,0.8370617032051086,0.270164430141449,-0.05590574070811272,0.6444313526153564,0.6131595373153687,-0.2550961375236511,0.8315378427505493,0.27575427293777466,-0.041602544486522675,0.6474958658218384,0.6028581261634827,-0.22623471915721893,0.7282597422599792,0.5487127304077148,0.06122467666864395,0.6755349636077881,0.5544903874397278,-0.06138961762189865,0.7395803928375244,0.704779326915741,0.06321701407432556,0.6667717695236206,0.7046321630477905,-0.003716330276802182,0.7407611608505249,0.8440008163452148,0.19068744778633118,0.6664381623268127,0.8307163119316101,0.21417871117591858,0.7306859493255615,0.8674924969673157,0.19710251688957214,0.670545220375061,0.8506424427032471,0.22828610241413116,0.776958167552948,0.892539918422699,0.09621836245059967,0.6693071126937866,0.884381115436554,0.1136225089430809
52,catch_cap,a04_s02_e03,0.7272946238517761,0.2644802927970886,-0.16651245951652527,0.7193048000335693,0.25167495012283325,-0.14862802624702454,0.7182626724243164,0.25158604979515076,-0.1485976278781891,0.7170203924179077,0.2515000104904175,-0.1485595405101776,0.7172409296035767,0.252040296792984,-0.18185555934906006,0.7149226069450378,0.2522449195384979,-0.18186745047569275,0.7123706340789795,0.2524077296257019,-0.18196529150009155,0.702627956867218,0.2604137063026428,-0.04619146138429642,0.6968026161193848,0.26067620515823364,-0.19847437739372253,0.7255181074142456,0.27985450625419617,-0.12546241283416748,0.722758412361145,0.2799602150917053,-0.16939251124858856,0.725741982460022,0.346717894077301,0.04393493011593819,0.6443921327590942,0.35642048716545105,-0.19651082158088684,0.7869241833686829,0.38052141666412354,0.07001429796218872,0.6301431059837341,0.48540690541267395,-0.21368308365345,0.8254773020744324,0.29588043689727783,-0.03893321007490158,0.6372124552726746,0.584245502948761,-0.21880753338336945,0.8384931683540344,0.27728304266929626,-0.055323343724012375,0.6369017362594604,0.616144597530365,-0.2304803431034088,0.8338502645492554,0.2705848515033722,-0.06216726452112198,0.6450744271278381,0.6138523817062378,-0.25487443804740906,0.8288391828536987,0.2761111557483673,-0.04780993610620499,0.6478700637817383,0.6035227179527283,-0.22591276466846466,0.7282727956771851,0.5487239360809326,0.06148507446050644,0.6756836175918579,0.5545020699501038,-0.061648935079574585,0.7396136522293091,0.7050472497940063,0.06186545640230179,0.6668426990509033,0.7049310803413391,-0.0075041563250124454,0.7407773733139038,0.8441209197044373,0.1891407072544098,0.6664592027664185,0.8313350081443787,0.21149930357933044,0.7306869029998779,0.8675374388694763,0.19578024744987488,0.6704096794128418,0.8511548638343811,0.22564339637756348,0.7770018577575684,0.8925392031669617,0.09469388425350189,0.6693209409713745,0.8850804567337036,0.11014114320278168
53,catch_cap,a04_s02_e03,0.7273270487785339,0.2649267613887787,-0.15447138249874115,0.7198202610015869,0.2520471513271332,-0.1370982974767685,0.7188660502433777,0.25194716453552246,-0.13707681000232697,0.7176618576049805,0.25184446573257446,-0.1370410919189453,0.7177733182907104,0.2523409128189087,-0.17018456757068634,0.7155181765556335,0.2524857521057129,-0.17019367218017578,0.7129696607589722,0.2525983154773712,-0.17028453946113586,0.7028185129165649,0.2604924142360687,-0.03631995618343353,0.6972736716270447,0.2606769800186157,-0.18992482125759125,0.7255274057388306,0.2801332175731659,-0.11428569257259369,0.722774088382721,0.280141681432724,-0.15861573815345764,0.7245291471481323,0.3468281924724579,0.04956534504890442,0.6444249749183655,0.35643893480300903,-0.18892529606819153,0.7836813926696777,0.3848464787006378,0.06428977847099304,0.6302914619445801,0.4857548475265503,-0.2042616903781891,0.8236826062202454,0.29951199889183044,-0.05493447184562683,0.6384474039077759,0.5848703384399414,-0.2069479525089264,0.8362975120544434,0.2788725793361664,-0.07357852160930634,0.63792484998703,0.6165151596069336,-0.21827737987041473,0.8312823176383972,0.2726622521877289,-0.08106769621372223,0.6460119485855103,0.6143141984939575,-0.24255827069282532,0.8264769315719604,0.278293251991272,-0.06413717567920685,0.6488174200057983,0.6041072010993958,-0.2138460874557495,0.7282256484031677,0.5487582087516785,0.061413366347551346,0.6756868958473206,0.5545485615730286,-0.061576686799526215,0.7396166920661926,0.7051551938056946,0.06143420189619064,0.6668527126312256,0.7051886320114136,-0.008758188225328922,0.7408416271209717,0.8441287279129028,0.18259400129318237,0.6664595007896423,0.8313291072845459,0.20320431888103485,0.7307742834091187,0.8675357699394226,0.18888461589813232,0.6699180006980896,0.851129949092865,0.21678471565246582,0.7770565152168274,0.8925352096557617,0.09401149302721024,0.6694273948669434,0.8852329850196838,0.10441328585147858
54,catch_cap,a04_s02_e03,0.7273956537246704,0.2652091383934021,-0.1593898981809616,0.7203105688095093,0.2523139715194702,-0.14175675809383392,0.7194676995277405,0.25220972299575806,-0.1417352259159088,0.718345046043396,0.2521047294139862,-0.14169970154762268,0.7181972861289978,0.2525715231895447,-0.17375794053077698,0.7159460783004761,0.2526823878288269,-0.17376896739006042,0.7133676409721375,0.2527660131454468,-0.17385372519493103,0.7032092213630676,0.2605925500392914,-0.04002412408590317,0.6976609826087952,0.26067864894866943,-0.19222983717918396,0.7255755662918091,0.28029412031173706,-0.11895471811294556,0.7228100299835205,0.2802380919456482,-0.1618441641330719,0.7240557074546814,0.3468574583530426,0.04734330251812935,0.6444720029830933,0.35644400119781494,-0.19004003703594208,0.7818995714187622,0.38876408338546753,0.06733212620019913,0.6306370496749878,0.48595312237739563,-0.2058851420879364,0.8218843340873718,0.30228307843208313,-0.035515330731868744,0.6406328678131104,0.5855811834335327,-0.21041163802146912,0.8351459503173828,0.28149348497390747,-0.050424475222826004,0.6402750015258789,0.6167049407958984,-0.22199873626232147,0.829982578754425,0.2753163278102875,-0.05880846828222275,0.6484313011169434,0.6146138906478882,-0.2467738837003708,0.824750542640686,0.2804256081581116,-0.04416564106941223,0.6512870192527771,0.6044613718986511,-0.21755771338939667,0.7281910181045532,0.5486689805984497,0.061395056545734406,0.6756928563117981,0.5544731616973877,-0.061555493623018265,0.7396078109741211,0.7051718831062317,0.052340876311063766,0.6668847799301147,0.7051889896392822,-0.011010557413101196,0.7408961653709412,0.8441165685653687,0.17185364663600922,0.6664523482322693,0.8311445116996765,0.2028934210538864,0.7308435440063477,0.867466151714325,0.1777031123638153,0.669314980506897,0.8506643772125244,0.21665053069591522,0.7770562767982483,0.8925220966339111,0.0791035145521164,0.6694982051849365,0.8853395581245422,0.10310039669275284
55,catch_cap,a04_s02_e03,0.7274569272994995,0.265524685382843,-0.1588384509086609,0.7207393646240234,0.2526010274887085,-0.14157280325889587,0.7199733257293701,0.2524857819080353,-0.14154911041259766,0.7189063429832458,0.25236767530441284,-0.14151597023010254,0.7186160087585449,0.2528165280818939,-0.1740133911371231,0.716396689414978,0.25288164615631104,-0.17402057349681854,0.7138367295265198,0.25291651487350464,-0.17410917580127716,0.7034803628921509,0.2607212960720062,-0.040276769548654556,0.6980234384536743,0.260680615901947,-0.1922593116760254,0.7255953550338745,0.280463844537735,-0.11848364770412445,0.7228371500968933,0.2803376615047455,-0.16203279793262482,0.7234699130058289,0.3468985855579376,0.04860534518957138,0.6445173025131226,0.35642871260643005,-0.18982522189617157,0.7798500061035156,0.392010360956192,0.07013944536447525,0.6310564875602722,0.4862816035747528,-0.20470218360424042,0.8200384974479675,0.307275652885437,-0.028897985816001892,0.6423031091690063,0.5859207510948181,-0.2075510323047638,0.8339335322380066,0.2869417369365692,-0.04350860044360161,0.6422752141952515,0.6167927384376526,-0.218867689371109,0.8293067812919617,0.28062164783477783,-0.05311942100524902,0.6507322788238525,0.6146824955940247,-0.24342472851276398,0.8237751722335815,0.28501954674720764,-0.038078099489212036,0.6534864902496338,0.6045064926147461,-0.21443864703178406,0.7281326651573181,0.5486924648284912,0.06135289743542671,0.6756905317306519,0.5544876456260681,-0.061514534056186676,0.7396050691604614,0.7051832675933838,0.044702496379613876,0.6669220328330994,0.7051584124565125,-0.012731097638607025,0.7409151196479797,0.8440612554550171,0.16385065019130707,0.6664486527442932,0.8307979702949524,0.2014918029308319,0.730863630771637,0.8673946261405945,0.16956374049186707,0.6689354777336121,0.8500506281852722,0.21531648933887482,0.7769902944564819,0.8925080895423889,0.06962088495492935,0.6695108413696289,0.8854227662086487,0.1022479310631752
56,catch_cap,a04_s02_e03,0.7276177406311035,0.2656020224094391,-0.16110892593860626,0.7210350036621094,0.2526775300502777,-0.14391998946666718,0.7202819585800171,0.25256550312042236,-0.1438957154750824,0.7192150950431824,0.2524476647377014,-0.1438634991645813,0.7189624905586243,0.2528682351112366,-0.17635425925254822,0.7167626619338989,0.2529175281524658,-0.17636245489120483,0.7142236232757568,0.2529357373714447,-0.17645086348056793,0.7036253809928894,0.2608088552951813,-0.041746366769075394,0.6984252333641052,0.2606711685657501,-0.19490046799182892,0.7256887555122375,0.280519038438797,-0.12065304815769196,0.72298264503479,0.2803613543510437,-0.16419479250907898,0.7229753732681274,0.3471997380256653,0.0474482886493206,0.6446956396102905,0.3560244143009186,-0.1941201090812683,0.7775599956512451,0.3971484303474426,0.07217563688755035,0.631484866142273,0.4863128662109375,-0.2109823226928711,0.8193637132644653,0.31221821904182434,-0.021112140268087387,0.6437588930130005,0.5861738920211792,-0.21065588295459747,0.833903968334198,0.29182082414627075,-0.03413017466664314,0.6440386176109314,0.616801381111145,-0.22140315175056458,0.8298276662826538,0.28522637486457825,-0.04426782578229904,0.6531326770782471,0.6146783232688904,-0.24446269869804382,0.8241176605224609,0.28960174322128296,-0.030477378517389297,0.6557062268257141,0.6044937968254089,-0.21598918735980988,0.7279314994812012,0.5486910343170166,0.06135885789990425,0.6756002306938171,0.5544878840446472,-0.061516743153333664,0.7395786046981812,0.7051820158958435,0.03821416199207306,0.6669479012489319,0.7051599621772766,-0.013920227065682411,0.7409396767616272,0.8439472913742065,0.158348947763443,0.6664459705352783,0.8306362628936768,0.20238637924194336,0.7308990955352783,0.8672412633895874,0.16403856873512268,0.6686221361160278,0.8497369885444641,0.2164129763841629,0.7769553065299988,0.8925058245658875,0.06184161454439163,0.669585108757019,0.8854628205299377,0.10291818529367447
57,catch_cap,a04_s02_e03,0.7279569506645203,0.2659606635570526,-0.16231465339660645,0.7213690876960754,0.2530132532119751,-0.14516565203666687,0.7205986976623535,0.2528958022594452,-0.14514148235321045,0.7194970846176147,0.2527707517147064,-0.1451096534729004,0.7194047570228577,0.25317758321762085,-0.177644282579422,0.7172523736953735,0.2531944811344147,-0.1776527464389801,0.7147498726844788,0.25316834449768066,-0.17774155735969543,0.7038207650184631,0.2610369026660919,-0.04290304332971573,0.6990481615066528,0.2606956660747528,-0.19589555263519287,0.7259706258773804,0.28071343898773193,-0.12176623195409775,0.7233425974845886,0.28048375248908997,-0.1654071807861328,0.722821831703186,0.34785205125808716,0.04675491154193878,0.6447680592536926,0.3554993271827698,-0.19472704827785492,0.775368869304657,0.402607798576355,0.07105723023414612,0.631968080997467,0.4861162304878235,-0.2121877670288086,0.8195215463638306,0.32097068428993225,-0.03694942221045494,0.644393801689148,0.5856466293334961,-0.21113109588623047,0.8351538777351379,0.3000766336917877,-0.051491629332304,0.6445556282997131,0.6165705919265747,-0.22232337296009064,0.8309307098388672,0.292093425989151,-0.06346112489700317,0.6543101072311401,0.6144893169403076,-0.2457897961139679,0.8247884511947632,0.29685482382774353,-0.04725112020969391,0.6571968793869019,0.6042130589485168,-0.2167247086763382,0.7276158332824707,0.5486897230148315,0.06136692315340042,0.6753066778182983,0.5544769167900085,-0.06152008846402168,0.7395543456077576,0.7051838636398315,0.03817593306303024,0.6669589877128601,0.7052747011184692,-0.01274198479950428,0.7409770488739014,0.8437898755073547,0.15930195152759552,0.6664431095123291,0.8303687572479248,0.20940549671649933,0.730948805809021,0.8670327067375183,0.1650465726852417,0.6684228181838989,0.8491666913032532,0.22425654530525208,0.7769083976745605,0.8924891948699951,0.06208252161741257,0.6695874333381653,0.885464072227478,0.11149194091558456
58,catch_cap,a04_s02_e03,0.728561520576477,0.2663635313510895,-0.15492869913578033,0.7219663858413696,0.2533429265022278,-0.1382209062576294,0.7211937308311462,0.2532108724117279,-0.13819952309131622,0.7201019525527954,0.2530699074268341,-0.1381707787513733,0.7200593948364258,0.2534635066986084,-0.17067700624465942,0.7179611325263977,0.2534371614456177,-0.17067046463489532,0.715514063835144,0.253363698720932,-0.1707465797662735,0.7044510841369629,0.26111289858818054,-0.038881056010723114,0.699751615524292,0.260698527097702,-0.19055522978305817,0.7264689803123474,0.28084054589271545,-0.11529146134853363,0.7238224744796753,0.2805629074573517,-0.1589278131723404,0.7229110598564148,0.34789755940437317,0.0469021201133728,0.644823431968689,0.35502177476882935,-0.18801891803741455,0.7733530402183533,0.4078795611858368,0.05694858357310295,0.6323495507240295,0.48542889952659607,-0.20417864620685577,0.8197273015975952,0.3291436731815338,-0.06777644902467728,0.6447836756706238,0.5853296518325806,-0.20647433400154114,0.8356803059577942,0.3080959618091583,-0.08652367442846298,0.6450344920158386,0.6164247989654541,-0.2184179574251175,0.8310724496841431,0.2989468574523926,-0.09824774414300919,0.6554363965988159,0.6143056750297546,-0.24228405952453613,0.8250980377197266,0.30471426248550415,-0.07828368246555328,0.6583216786384583,0.6040363311767578,-0.2129041850566864,0.7274450659751892,0.5488053560256958,0.060838084667921066,0.675117015838623,0.5544798970222473,-0.06097538396716118,0.7395564317703247,0.7053353786468506,0.0313245914876461,0.6669634580612183,0.7054641842842102,-0.012233680114150047,0.7409825325012207,0.8436325192451477,0.1487436145544052,0.6664339900016785,0.830234944820404,0.2071666419506073,0.7309716939926147,0.8667538166046143,0.1543276160955429,0.668228030204773,0.8488134741783142,0.22174182534217834,0.7768622040748596,0.8924879431724548,0.05398496985435486,0.6695889234542847,0.8855933547019958,0.11101701110601425
59,catch_cap,a04_s02_e03,0.7289866209030151,0.2666468322277069,-0.14531931281089783,0.722408652305603,0.2536364793777466,-0.12945623695850372,0.7216379642486572,0.25348103046417236,-0.12943530082702637,0.7205626964569092,0.2533091604709625,-0.12942025065422058,0.7205134034156799,0.25371700525283813,-0.16179123520851135,0.7184544801712036,0.25365203619003296,-0.1617812216281891,0.7160476446151733,0.25353482365608215,-0.16185501217842102,0.7048981189727783,0.2611190676689148,-0.0357724092900753,0.7000846266746521,0.2606997489929199,-0.18707668781280518,0.726749837398529,0.28088000416755676,-0.10776062309741974,0.7240909934043884,0.2805892527103424,-0.15142026543617249,0.7228019833564758,0.3480367958545685,0.047245994210243225,0.6449280381202698,0.3542410731315613,-0.18777808547019958,0.7705173492431641,0.4125584661960602,0.1031343936920166,0.6326769590377808,0.4845120310783386,-0.20490142703056335,0.8192569613456726,0.3389192521572113,0.05547906085848808,0.6453875303268433,0.5846107006072998,-0.20833587646484375,0.836205780506134,0.31831976771354675,0.0490613728761673,0.6455934643745422,0.6160576343536377,-0.22021928429603577,0.8316856622695923,0.3080636262893677,0.033399246633052826,0.6563741564750671,0.6138767600059509,-0.24451570212841034,0.8255645036697388,0.31370413303375244,0.04552813991904259,0.6594206690788269,0.603532075881958,-0.2150156944990158,0.7271543145179749,0.5490016341209412,0.06060180068016052,0.6749510765075684,0.5544914603233337,-0.06072632223367691,0.7395387291908264,0.7053714394569397,0.03381720557808876,0.6669610142707825,0.7056342959403992,-0.011021191254258156,0.7409933805465698,0.8433843851089478,0.1426410973072052,0.666429877281189,0.8301975131034851,0.20233488082885742,0.7309972047805786,0.8664305806159973,0.14756743609905243,0.6681564450263977,0.8487046957015991,0.2162923812866211,0.7768672108650208,0.8924614787101746,0.05233530327677727,0.6695905923843384,0.8857567310333252,0.11023826897144318
60,catch_cap,a04_s02_e03,0.729206383228302,0.2668392062187195,-0.14719238877296448,0.7227884531021118,0.25384920835494995,-0.13154128193855286,0.7220571041107178,0.25366324186325073,-0.13151556253433228,0.7210462689399719,0.2534562051296234,-0.1315019577741623,0.7207866311073303,0.25389689207077026,-0.1635824739933014,0.7187000513076782,0.2537943124771118,-0.1635751575231552,0.7162623405456543,0.25363895297050476,-0.16364702582359314,0.7054381370544434,0.2611165940761566,-0.03742873668670654,0.7001870274543762,0.2606879770755768,-0.1885630190372467,0.7268842458724976,0.2809218168258667,-0.10988961160182953,0.7241425514221191,0.2806285619735718,-0.15323852002620697,0.7227332592010498,0.3481636047363281,0.04504505544900894,0.6452136635780334,0.35286349058151245,-0.18784083425998688,0.766550600528717,0.4179219901561737,0.11430956423282623,0.6329115629196167,0.48302382230758667,-0.20742130279541016,0.8189422488212585,0.3481055498123169,0.08811335265636444,0.6457483768463135,0.5828245282173157,-0.21091191470623016,0.8365926742553711,0.3289732336997986,0.08539386838674545,0.6458615064620972,0.6148641705513,-0.22257983684539795,0.8321216702461243,0.31774866580963135,0.0694650262594223,0.6568291783332825,0.6129313111305237,-0.24473877251148224,0.8257991075515747,0.3235354721546173,0.07865993678569794,0.6600763201713562,0.6024743318557739,-0.2173144519329071,0.7268730998039246,0.54900062084198,0.059894733130931854,0.6747990250587463,0.5541781783103943,-0.06000695377588272,0.739535927772522,0.7053728103637695,0.028277745470404625,0.6669741868972778,0.7056224346160889,-0.00859774462878704,0.7409968376159668,0.8433263897895813,0.12229716777801514,0.6663957834243774,0.8300424218177795,0.19992376863956451,0.7310018539428711,0.8663091063499451,0.12598542869091034,0.6678889393806458,0.8483379483222961,0.2135665863752365,0.7768690586090088,0.8924562931060791,0.032318517565727234,0.6695825457572937,0.8858540058135986,0.11012046039104462
61,catch_cap,a04_s02_e03,0.7293505072593689,0.26830434799194336,-0.1475854218006134,0.7231929898262024,0.25496789813041687,-0.1349417120218277,0.7224841117858887,0.25465306639671326,-0.13491138815879822,0.7215185165405273,0.25431597232818604,-0.13492420315742493,0.7210814952850342,0.25490185618400574,-0.16647964715957642,0.7189514636993408,0.2546624541282654,-0.16647319495677948,0.7164841294288635,0.2543858587741852,-0.16651882231235504,0.7057637572288513,0.26118332147598267,-0.04807290807366371,0.7002061009407043,0.2608053386211395,-0.19781391322612762,0.7269129753112793,0.28176361322402954,-0.11376377195119858,0.7241402864456177,0.2814376652240753,-0.156800776720047,0.7227092385292053,0.3481738865375519,0.031467683613300323,0.6452179551124573,0.3525291085243225,-0.19326934218406677,0.7635272145271301,0.4223429262638092,0.09984024614095688,0.6329418420791626,0.4824240505695343,-0.20755764842033386,0.818306565284729,0.3550810217857361,0.06384671479463577,0.6456771492958069,0.5820325613021851,-0.20872072875499725,0.836468517780304,0.33765092492103577,0.05980342626571655,0.6459437012672424,0.6142901182174683,-0.21901240944862366,0.8322960138320923,0.32744404673576355,0.04342786595225334,0.6569064855575562,0.6123008728027344,-0.24173636734485626,0.8257190585136414,0.33229172229766846,0.05402286723256111,0.6600787043571472,0.6018285155296326,-0.21532244980335236,0.726796567440033,0.5489858388900757,0.05807735398411751,0.674774169921875,0.5539218187332153,-0.058185022324323654,0.7395483255386353,0.7053965330123901,0.022876661270856857,0.6669772863388062,0.7053988575935364,-0.008553647436201572,0.7410005331039429,0.8432791829109192,0.1199079304933548,0.6663671135902405,0.8299039006233215,0.19360268115997314,0.7310028672218323,0.8661991953849792,0.12427234649658203,0.6677266359329224,0.8480712175369263,0.20683690905570984,0.7768591642379761,0.8924543857574463,0.03235863894224167,0.6695848703384399,0.8859402537345886,0.10668621957302094
62,catch_cap,a04_s02_e03,0.729467511177063,0.2694564163684845,-0.17602625489234924,0.7239381074905396,0.25591325759887695,-0.16199032962322235,0.7233436703681946,0.25550922751426697,-0.16195882856845856,0.7225377559661865,0.25507864356040955,-0.16194675862789154,0.7215005159378052,0.2557836174964905,-0.19291952252388,0.7192412614822388,0.25544843077659607,-0.19291597604751587,0.716711699962616,0.2551099956035614,-0.1929658055305481,0.7062710523605347,0.2612314820289612,-0.06870095431804657,0.7001961469650269,0.26094502210617065,-0.21468591690063477,0.7269588708877563,0.2825666666030884,-0.13822023570537567,0.7241126298904419,0.2821665406227112,-0.18028374016284943,0.7226969599723816,0.34815579652786255,0.015898127108812332,0.6452292799949646,0.3523123562335968,-0.2009001076221466,0.757787823677063,0.4277910590171814,0.07387824356555939,0.6329366564750671,0.48229196667671204,-0.20947687327861786,0.8157130479812622,0.36567428708076477,0.014134528115391731,0.6455695629119873,0.5815201997756958,-0.21037086844444275,0.8340962529182434,0.34907224774360657,0.00661564851179719,0.6459920406341553,0.613878607749939,-0.22029709815979004,0.8312815427780151,0.3398628532886505,-0.015962040051817894,0.6568244695663452,0.6117382645606995,-0.24248483777046204,0.8243830800056458,0.34408852458000183,0.0019553923048079014,0.6598679423332214,0.6011232137680054,-0.21672768890857697,0.7267464399337769,0.5489858388900757,0.05688241124153137,0.6746997833251953,0.5538530945777893,-0.056986816227436066,0.739621639251709,0.7054224610328674,0.01996041275560856,0.6669802069664001,0.7053211331367493,-0.008892366662621498,0.7410033941268921,0.843154788017273,0.12829160690307617,0.6663550734519958,0.8298898935317993,0.19562159478664398,0.7309999465942383,0.865973174571991,0.13341167569160461,0.6676539182662964,0.8480269312858582,0.20914120972156525,0.776859700679779,0.8924570083618164,0.03907736763358116,0.6695859432220459,0.8861286044120789,0.10665367543697357
63,catch_cap,a04_s02_e03,0.7296192646026611,0.27025192975997925,-0.18888196349143982,0.7247946262359619,0.256704717874527,-0.17419540882110596,0.7243077158927917,0.25627216696739197,-0.17416445910930634,0.7236383557319641,0.25581538677215576,-0.17415374517440796,0.7220426797866821,0.25652703642845154,-0.20595362782478333,0.7196167707443237,0.2561183571815491,-0.20594942569732666,0.7169849276542664,0.25575724244117737,-0.20600755512714386,0.7071150541305542,0.26136118173599243,-0.07880093157291412,0.7001894116401672,0.2610999643802643,-0.2281087189912796,0.7270014882087708,0.2832856774330139,-0.14993897080421448,0.7240803241729736,0.28288987278938293,-0.19305305182933807,0.7225037813186646,0.34813764691352844,0.011353678070008755,0.645236074924469,0.3522787094116211,-0.21540124714374542,0.7522624731063843,0.4291805922985077,0.11045513302087784,0.6328791975975037,0.48209497332572937,-0.22887685894966125,0.8141300082206726,0.3724654018878937,0.10414393991231918,0.6455022096633911,0.5811883211135864,-0.23792390525341034,0.8325864672660828,0.3570125997066498,0.10455851256847382,0.6460000276565552,0.6135743856430054,-0.25075143575668335,0.8309050798416138,0.34940704703330994,0.08084307610988617,0.6567618250846863,0.6112619042396545,-0.2746066153049469,0.8239253759384155,0.35315725207328796,0.09232977777719498,0.6597053408622742,0.6005670428276062,-0.2451518326997757,0.7266545295715332,0.5491659641265869,0.05696412920951843,0.6745933294296265,0.5538413524627686,-0.057067494839429855,0.7397064566612244,0.7054191827774048,0.021827366203069687,0.6669703722000122,0.7051465511322021,-0.006866978947073221,0.7410048246383667,0.8429104685783386,0.1337120234966278,0.6663521528244019,0.8296929001808167,0.20659789443016052,0.730999767780304,0.8656139373779297,0.1387290209531784,0.6676455736160278,0.8476518988609314,0.22115978598594666,0.7768582105636597,0.8924415707588196,0.042909324169158936,0.6695607304573059,0.8861855268478394,0.11639472097158432
64,catch_cap,a04_s02_e03,0.7298675179481506,0.2711123824119568,-0.21209903061389923,0.7257745265960693,0.25760605931282043,-0.19662818312644958,0.7253936529159546,0.25719794631004333,-0.1965979039669037,0.7248287796974182,0.2567421793937683,-0.19657447934150696,0.7228280305862427,0.25737497210502625,-0.2283245325088501,0.7202020287513733,0.2568666636943817,-0.2283228188753128,0.7174192667007446,0.25642937421798706,-0.2283802330493927,0.7081537842750549,0.261633962392807,-0.09432006627321243,0.7002018690109253,0.2612766921520233,-0.24266627430915833,0.7270833253860474,0.28410735726356506,-0.17035573720932007,0.7240678071975708,0.2836618423461914,-0.21321077644824982,0.7224946022033691,0.3481186032295227,0.002981147961691022,0.6452380418777466,0.3523043096065521,-0.22209186851978302,0.7478501796722412,0.4311651289463043,0.10092176496982574,0.6325884461402893,0.48190736770629883,-0.23386316001415253,0.8111968040466309,0.3836832344532013,0.0960737094283104,0.6454135179519653,0.5807352066040039,-0.24540996551513672,0.830119252204895,0.36848685145378113,0.09452458471059799,0.6459428668022156,0.6131770610809326,-0.25907012820243835,0.8294373750686646,0.360024094581604,0.02943362295627594,0.6566515564918518,0.6108530163764954,-0.2830529808998108,0.822385311126709,0.36420637369155884,0.06099865585565567,0.6595731973648071,0.6000915169715881,-0.25236639380455017,0.7266391515731812,0.5496898889541626,0.05696883797645569,0.6746204495429993,0.5542030930519104,-0.05706866830587387,0.73973548412323,0.7053962349891663,0.018059877678751945,0.6669520139694214,0.7051525115966797,-0.006761164404451847,0.741000771522522,0.8427796959877014,0.14920319616794586,0.6663503646850586,0.8295945525169373,0.21983027458190918,0.730988621711731,0.865418016910553,0.1567169725894928,0.6677231192588806,0.8474700450897217,0.23534011840820312,0.7768186330795288,0.8924412131309509,0.05235627293586731,0.6694900989532471,0.8862869143486023,0.12307663261890411
65,catch_cap,a04_s02_e03,0.7299213409423828,0.27246639132499695,-0.23114147782325745,0.7263195514678955,0.2587863802909851,-0.21517276763916016,0.7260596752166748,0.25842931866645813,-0.21513864398002625,0.7256265878677368,0.2580116391181946,-0.2151065170764923,0.7231168150901794,0.25865745544433594,-0.2455475628376007,0.7203315496444702,0.2581705152988434,-0.24555273354053497,0.7174577713012695,0.2576439082622528,-0.245609313249588,0.7089207768440247,0.26219865679740906,-0.10830666124820709,0.7000241875648499,0.26167160272598267,-0.25054848194122314,0.7270844578742981,0.28565290570259094,-0.18763840198516846,0.7237936854362488,0.28528568148612976,-0.22866371273994446,0.7224832773208618,0.3480381965637207,-0.0070528751239180565,0.6452403664588928,0.3524288833141327,-0.22290149331092834,0.74458247423172,0.4348051846027374,0.05881962925195694,0.6322627663612366,0.4812963306903839,-0.2308788299560547,0.8093442916870117,0.39164111018180847,-0.029225002974271774,0.6446675062179565,0.5797244310379028,-0.2421121895313263,0.8285661935806274,0.37635311484336853,-0.04147457331418991,0.6455602645874023,0.6123405694961548,-0.2549804151058197,0.828454852104187,0.36737945675849915,-0.06911720335483551,0.6562639474868774,0.6100040674209595,-0.27922385931015015,0.8215380907058716,0.37165218591690063,-0.045521993190050125,0.6592620015144348,0.5989173054695129,-0.24904415011405945,0.7267898917198181,0.5497458577156067,0.055604059249162674,0.6747550368309021,0.5543193817138672,-0.05569975823163986,0.7398325204849243,0.704792320728302,0.01314251683652401,0.6668364405632019,0.7051522731781006,-0.006879500113427639,0.7410033941268921,0.8426333665847778,0.14579877257347107,0.6663544178009033,0.8294039368629456,0.21666941046714783,0.7310026288032532,0.865220308303833,0.15288607776165009,0.667831301689148,0.8470718264579773,0.23167960345745087,0.7766398191452026,0.8924404382705688,0.045434124767780304,0.6694654226303101,0.8862920999526978,0.1211356520652771
66,catch_cap,a04_s02_e03,0.7298490405082703,0.2741464078426361,-0.26815104484558105,0.7264952659606934,0.26013484597206116,-0.2511018216609955,0.7263741493225098,0.2598482072353363,-0.2510702908039093,0.7261260747909546,0.25951817631721497,-0.25104472041130066,0.7230846881866455,0.2601146101951599,-0.2800672948360443,0.7202722430229187,0.25966209173202515,-0.2800840735435486,0.7172248363494873,0.2590320408344269,-0.2801303267478943,0.7102466821670532,0.26328685879707336,-0.13476434350013733,0.6993867754936218,0.2622581124305725,-0.2704450786113739,0.7269181609153748,0.28793811798095703,-0.22099587321281433,0.7227187156677246,0.2877518832683563,-0.2601124942302704,0.7224707007408142,0.34787681698799133,-0.022945526987314224,0.6452444195747375,0.35257670283317566,-0.23179678618907928,0.7420562505722046,0.4383655786514282,0.02029554359614849,0.6318678259849548,0.48081597685813904,-0.23319795727729797,0.8082044720649719,0.4022817611694336,-0.11162921041250229,0.643547773361206,0.5793154239654541,-0.25204163789749146,0.8282715678215027,0.38964134454727173,-0.13115490972995758,0.6448870897293091,0.611664354801178,-0.2667049765586853,0.8284357786178589,0.381210058927536,-0.15622441470623016,0.6551872491836548,0.6094164252281189,-0.29116785526275635,0.8215552568435669,0.38396546244621277,-0.12730547785758972,0.6580477952957153,0.5983807444572449,-0.25896143913269043,0.7269390821456909,0.5496436357498169,0.054681818932294846,0.6750792860984802,0.5543067455291748,-0.05476980656385422,0.739893913269043,0.7038152813911438,0.001650461577810347,0.6667596101760864,0.7045972943305969,-0.012814953923225403,0.7410054802894592,0.8424193263053894,0.1301794946193695,0.6663554906845093,0.8290395140647888,0.20355090498924255,0.7310076951980591,0.8649317026138306,0.13583508133888245,0.6679025888442993,0.8464692234992981,0.21683409810066223,0.7765335440635681,0.8924470543861389,0.026917457580566406,0.6694180369377136,0.8862971663475037,0.1004270687699318
67,catch_cap,a04_s02_e03,0.7297270894050598,0.274936318397522,-0.2804921269416809,0.7266048192977905,0.2610551714897156,-0.26251929998397827,0.7266150116920471,0.26090526580810547,-0.26249822974205017,0.7265397310256958,0.2607406675815582,-0.26248082518577576,0.7230539917945862,0.2609177231788635,-0.28984665870666504,0.7200269103050232,0.2604316771030426,-0.2898646295070648,0.7166630029678345,0.2597334086894989,-0.28989914059638977,0.7117450833320618,0.2644277811050415,-0.14071254432201385,0.6985636949539185,0.2625792324542999,-0.2693328857421875,0.7267481684684753,0.28905248641967773,-0.23143815994262695,0.7217912077903748,0.2889293134212494,-0.26836246252059937,0.7229536175727844,0.34789201617240906,-0.02578345313668251,0.6452213525772095,0.352596253156662,-0.22734446823596954,0.7410660982131958,0.4399814307689667,0.002263494534417987,0.6316088438034058,0.47938722372055054,-0.2272156924009323,0.8083623051643372,0.4148792326450348,-0.16066421568393707,0.6419020891189575,0.5781745910644531,-0.24659915268421173,0.8284672498703003,0.4075715243816376,-0.18696674704551697,0.6433401107788086,0.6105542778968811,-0.2621121108531952,0.8285781145095825,0.3968214988708496,-0.21427249908447266,0.65291428565979,0.608422577381134,-0.2874540090560913,0.8217835426330566,0.3980060815811157,-0.17791607975959778,0.655705988407135,0.5970239043235779,-0.253907710313797,0.727217972278595,0.5490379333496094,0.054327111691236496,0.6751087307929993,0.5536752343177795,-0.05439884588122368,0.7399589419364929,0.7030530571937561,-0.011226189322769642,0.66656094789505,0.7043237090110779,-0.02320166490972042,0.7410255670547485,0.8422945141792297,0.11312907934188843,0.6663634181022644,0.8287217617034912,0.1880979686975479,0.7310683131217957,0.8648386597633362,0.11786089092493057,0.6680290102958679,0.8460222482681274,0.20049090683460236,0.7763434648513794,0.8924847841262817,0.007039230316877365,0.6694139242172241,0.8862024545669556,0.08156061172485352
68,catch_cap,a04_s02_e03,0.7283674478530884,0.27504560351371765,-0.31055885553359985,0.7264257669448853,0.26136675477027893,-0.29098886251449585,0.7265514135360718,0.26132938265800476,-0.29097726941108704,0.7264552116394043,0.2613024413585663,-0.29096290469169617,0.7215380072593689,0.2610432207584381,-0.31584012508392334,0.7182603478431702,0.26050856709480286,-0.31585773825645447,0.7140516042709351,0.2598207890987396,-0.3158809542655945,0.7136746048927307,0.26565277576446533,-0.15817764401435852,0.6967295408248901,0.26258689165115356,-0.2757651209831238,0.7256890535354614,0.2895140051841736,-0.2576080560684204,0.7198546528816223,0.2891758978366852,-0.2912250757217407,0.7232847809791565,0.348048597574234,-0.03287052363157272,0.6451979875564575,0.35261809825897217,-0.2259294092655182,0.7392733693122864,0.44105201959609985,0.003293407615274191,0.6309852004051208,0.4779678285121918,-0.22493568062782288,0.8082082867622375,0.42485496401786804,-0.16603350639343262,0.6389416456222534,0.5777184963226318,-0.2620120048522949,0.8287380337715149,0.41995859146118164,-0.19600602984428406,0.6411520838737488,0.6100005507469177,-0.2831494212150574,0.8287155032157898,0.4082598388195038,-0.22818462550640106,0.6502047777175903,0.6076778173446655,-0.3101688027381897,0.8219510912895203,0.4083852171897888,-0.18556302785873413,0.652427077293396,0.5961801409721375,-0.27060601115226746,0.727573037147522,0.5487327575683594,0.054310332983732224,0.6753343343734741,0.5535614490509033,-0.054372794926166534,0.7400462627410889,0.7024165987968445,-0.009302455000579357,0.6665575504302979,0.7043235898017883,-0.023092273622751236,0.7410401701927185,0.8422031998634338,0.11887644231319427,0.6663899421691895,0.8286842107772827,0.19048713147640228,0.7310953140258789,0.8647703528404236,0.12374359369277954,0.6682681441307068,0.8459910154342651,0.20312972366809845,0.7762916684150696,0.8925209641456604,0.008702075108885765,0.6694084405899048,0.8861881494522095,0.0803910493850708
69,catch_cap,a04_s02_e03,0.7246847152709961,0.2754271924495697,-0.3149568438529968,0.7250254154205322,0.2619785666465759,-0.2947746515274048,0.7259519100189209,0.262159138917923,-0.2947756350040436,0.726435124874115,0.26233845949172974,-0.2947612702846527,0.7183297872543335,0.2610892355442047,-0.31676581501960754,0.7140715718269348,0.2604648172855377,-0.3167778551578522,0.7094094753265381,0.2597671151161194,-0.3168095648288727,0.7159725427627563,0.2672259509563446,-0.15922416746616364,0.6934738755226135,0.26250380277633667,-0.2656935751438141,0.7230988144874573,0.2904691994190216,-0.26130080223083496,0.7154126763343811,0.28960686922073364,-0.29115694761276245,0.7236672639846802,0.34825432300567627,-0.033483054488897324,0.645196795463562,0.3526378571987152,-0.21356873214244843,0.7374929189682007,0.4430263638496399,0.010607974603772163,0.6304856538772583,0.4771086871623993,-0.20745965838432312,0.8047235608100891,0.4354504346847534,-0.1592906415462494,0.6370567679405212,0.5768366456031799,-0.2646121084690094,0.8275991678237915,0.43189749121665955,-0.19028332829475403,0.6388229131698608,0.6090702414512634,-0.2891443371772766,0.8287345170974731,0.4195360243320465,-0.2258237600326538,0.6477054953575134,0.6067420244216919,-0.31562137603759766,0.8214799761772156,0.4195796251296997,-0.1800183802843094,0.6499487161636353,0.5952888131141663,-0.2735413610935211,0.7278965711593628,0.5487234592437744,0.05296275019645691,0.6754333972930908,0.5535175800323486,-0.05300220847129822,0.7400497794151306,0.7022821307182312,-0.003931849263608456,0.6664727926254272,0.7043761610984802,-0.02028532698750496,0.7410415410995483,0.8420736193656921,0.13025197386741638,0.6664122343063354,0.8285636305809021,0.20608675479888916,0.7311244606971741,0.8645898103713989,0.13618621230125427,0.6684224605560303,0.8456894755363464,0.21964935958385468,0.7761143445968628,0.8925246596336365,0.0186068806797266,0.669400691986084,0.8859958052635193,0.08183029294013977
70,catch_cap,a04_s02_e03,0.7224618196487427,0.27596572041511536,-0.3141449987888336,0.7236813902854919,0.2625485956668854,-0.29383960366249084,0.7251238822937012,0.26284706592559814,-0.2938552498817444,0.7261569499969482,0.2631016671657562,-0.29385367035865784,0.7163172960281372,0.26128044724464417,-0.31514766812324524,0.7117199897766113,0.26056280732154846,-0.3151617646217346,0.707145094871521,0.25981226563453674,-0.3151848614215851,0.7168887853622437,0.2682341933250427,-0.1581042855978012,0.6918244957923889,0.26249274611473083,-0.261037141084671,0.7215304374694824,0.29114988446235657,-0.26053789258003235,0.7133417725563049,0.290044367313385,-0.2894822061061859,0.7247640490531921,0.348711758852005,-0.03536586835980415,0.6451573967933655,0.35264596343040466,-0.2017558515071869,0.7386581897735596,0.44573310017585754,0.009656989946961403,0.6301165223121643,0.47621190547943115,-0.1887333244085312,0.8051244020462036,0.4426896870136261,-0.16826681792736053,0.6349700689315796,0.5761476159095764,-0.25789982080459595,0.82740718126297,0.4428037106990814,-0.202100470662117,0.6359666585922241,0.6080283522605896,-0.28209200501441956,0.8287683725357056,0.4314941167831421,-0.2406541407108307,0.644399106502533,0.6053656935691833,-0.3095983564853668,0.8215426206588745,0.43014630675315857,-0.1904994398355484,0.6467078924179077,0.5940076112747192,-0.26708340644836426,0.7281723022460938,0.5483707785606384,0.05019918084144592,0.6754051446914673,0.5530291199684143,-0.0502065010368824,0.7400524616241455,0.7017343044281006,-0.013018046505749226,0.66633540391922,0.704350471496582,-0.02803656831383705,0.7410434484481812,0.8419735431671143,0.12690170109272003,0.6664432287216187,0.828560471534729,0.18555790185928345,0.7311410307884216,0.8644812703132629,0.13270914554595947,0.6687044501304626,0.8456889986991882,0.19777245819568634,0.7758210301399231,0.8925387263298035,0.011029810644686222,0.6693536043167114,0.8858826756477356,0.0657154992222786
71,catch_cap,a04_s02_e03,0.7206467986106873,0.27593329548835754,-0.30665725469589233,0.7224330306053162,0.26286447048187256,-0.286609947681427,0.7242780923843384,0.2632962167263031,-0.28663140535354614,0.725774884223938,0.2636450529098511,-0.28663691878318787,0.7145260572433472,0.2612910568714142,-0.30718061327934265,0.7099064588546753,0.2605419456958771,-0.30719882249832153,0.7055436372756958,0.25978878140449524,-0.30721595883369446,0.7178360819816589,0.2690245509147644,-0.15277700126171112,0.6908637881278992,0.26248449087142944,-0.2597731947898865,0.7205110788345337,0.29129618406295776,-0.25391608476638794,0.7117332220077515,0.2900789976119995,-0.2820259928703308,0.7260758280754089,0.34988367557525635,-0.03208578750491142,0.6451071500778198,0.352595716714859,-0.19298872351646423,0.7393922805786133,0.4484778940677643,0.010977523401379585,0.6298367977142334,0.47557058930397034,-0.18107405304908752,0.8051766157150269,0.4534910023212433,-0.12845727801322937,0.6331688165664673,0.5760800242424011,-0.2569607198238373,0.8268977999687195,0.4544858932495117,-0.15783247351646423,0.6333492994308472,0.6078644394874573,-0.2847018539905548,0.8286893963813782,0.4444880485534668,-0.19879433512687683,0.6417001485824585,0.605049192905426,-0.31202954053878784,0.8215743899345398,0.4431970417499542,-0.15035688877105713,0.6441911458969116,0.5937796831130981,-0.2669026553630829,0.7283222079277039,0.5481958985328674,0.049041472375392914,0.6753861904144287,0.552888035774231,-0.049032170325517654,0.7400622963905334,0.7014757990837097,-0.0133985485881567,0.6660702228546143,0.7046191096305847,-0.033700261265039444,0.7410423159599304,0.8419572710990906,0.12211336195468903,0.6664872169494629,0.8286300897598267,0.17051996290683746,0.7311581373214722,0.8644769191741943,0.12757860124111176,0.6690309643745422,0.8457456231117249,0.18230780959129333,0.7756762504577637,0.8925668001174927,0.006914266385138035,0.6693328022956848,0.8858789205551147,0.053152553737163544
72,catch_cap,a04_s02_e03,0.7192991971969604,0.27690571546554565,-0.31886330246925354,0.7215805649757385,0.2640015184879303,-0.29985326528549194,0.7236722111701965,0.26444652676582336,-0.2998693585395813,0.7254976034164429,0.264798104763031,-0.29988184571266174,0.7130991816520691,0.26214858889579773,-0.3184615969657898,0.7085590958595276,0.26119887828826904,-0.3184862732887268,0.7042655348777771,0.2603186070919037,-0.31848859786987305,0.7188579440116882,0.2702133357524872,-0.16624926030635834,0.690148115158081,0.2627708315849304,-0.25854283571243286,0.7197912335395813,0.29223328828811646,-0.2658490836620331,0.7103980183601379,0.291098952293396,-0.2913568615913391,0.7274119853973389,0.3503389060497284,-0.04215932637453079,0.645111083984375,0.3525679409503937,-0.19673652946949005,0.7399075627326965,0.4506220817565918,0.024804381653666496,0.6296992301940918,0.4750134348869324,-0.1876654028892517,0.8048830032348633,0.46367964148521423,-0.09719236940145493,0.6316091418266296,0.5761352777481079,-0.26460614800453186,0.8261876106262207,0.46685296297073364,-0.12596994638442993,0.6307832598686218,0.6078682541847229,-0.29453369975090027,0.8285789489746094,0.4577426612377167,-0.1804702877998352,0.6388776302337646,0.6051437258720398,-0.3211238980293274,0.8215067982673645,0.45641329884529114,-0.12640301883220673,0.6414466500282288,0.5938810706138611,-0.27521058917045593,0.7284027934074402,0.5482202172279358,0.048608094453811646,0.6753791570663452,0.5529104471206665,-0.04859510436654091,0.7401484847068787,0.7013806104660034,-0.00912395678460598,0.6660130620002747,0.7046171426773071,-0.029715612530708313,0.7410548329353333,0.8419229984283447,0.11807248741388321,0.6665363311767578,0.8287134766578674,0.16723045706748962,0.7312151789665222,0.8644444346427917,0.12275419384241104,0.6692691445350647,0.8459521532058716,0.1782747358083725,0.7756624817848206,0.8925779461860657,0.004361885134130716,0.6693335771560669,0.8858944177627563,0.05066912621259689
73,catch_cap,a04_s02_e03,0.7185257077217102,0.2772039473056793,-0.3398512899875641,0.7210777401924133,0.2644404470920563,-0.3216705322265625,0.7233064770698547,0.26487427949905396,-0.3216759264469147,0.7253354787826538,0.2651923596858978,-0.32169198989868164,0.7122185826301575,0.26253506541252136,-0.3388080298900604,0.7077946066856384,0.2615407109260559,-0.3388376832008362,0.7035055756568909,0.2606455981731415,-0.33882617950439453,0.7197242379188538,0.27063220739364624,-0.18791019916534424,0.6899263262748718,0.2630201578140259,-0.2705311179161072,0.7194373607635498,0.29253628849983215,-0.2863313555717468,0.7097431421279907,0.2914922535419464,-0.30991068482398987,0.7288347482681274,0.35059210658073425,-0.05925815552473068,0.6453242897987366,0.35254114866256714,-0.20373070240020752,0.7405538558959961,0.4521366059780121,0.027795126661658287,0.6295753717422485,0.4741431176662445,-0.19187067449092865,0.8045376539230347,0.4762837588787079,-0.08303704112768173,0.630508542060852,0.576178789138794,-0.2776767909526825,0.8247841000556946,0.48089101910591125,-0.10610811412334442,0.628723680973053,0.6076540350914001,-0.30854231119155884,0.8281251192092896,0.4726039171218872,-0.1687408834695816,0.6367658376693726,0.6050668954849243,-0.33476918935775757,0.8211971521377563,0.4711708128452301,-0.11064110696315765,0.6394436955451965,0.5939757227897644,-0.28856581449508667,0.7284108996391296,0.5487143397331238,0.046573199331760406,0.675341784954071,0.5531871914863586,-0.04657100886106491,0.7402328252792358,0.701390266418457,-0.006926700472831726,0.6658733487129211,0.7050086855888367,-0.028901230543851852,0.7410706877708435,0.8418542146682739,0.11897122859954834,0.6665657162666321,0.8288780450820923,0.172121062874794,0.7312911748886108,0.8644108176231384,0.12372108548879623,0.6695711016654968,0.8460797071456909,0.1836695522069931,0.7754479050636292,0.8925635814666748,0.006334088742733002,0.6692054271697998,0.8858848214149475,0.058861590921878815
74,catch_cap,a04_s02_e03,0.717917263507843,0.2774363160133362,-0.36445099115371704,0.720758318901062,0.26470300555229187,-0.3464379906654358,0.7230731844902039,0.2651270627975464,-0.3464340269565582,0.7252377867698669,0.2654222548007965,-0.3464459478855133,0.7115173935890198,0.2627852261066437,-0.3627403974533081,0.7071783542633057,0.261766254901886,-0.36277884244918823,0.7027916312217712,0.26086196303367615,-0.36276525259017944,0.7204440832138062,0.270922988653183,-0.20993658900260925,0.6897684335708618,0.26323917508125305,-0.2887510657310486,0.719204306602478,0.29278483986854553,-0.3096887767314911,0.7091567516326904,0.29178133606910706,-0.33225709199905396,0.7299861907958984,0.35069337487220764,-0.07645881175994873,0.6456263065338135,0.35252076387405396,-0.21901902556419373,0.7409411668777466,0.45308175683021545,0.019475489854812622,0.6293227672576904,0.47307825088500977,-0.20364990830421448,0.8047939538955688,0.4837286174297333,-0.08432964980602264,0.6291306018829346,0.5761677026748657,-0.29078781604766846,0.8247621655464172,0.49283695220947266,-0.10818909108638763,0.6264153718948364,0.6072315573692322,-0.3218199610710144,0.8281564712524414,0.486509770154953,-0.1635817587375641,0.6346845626831055,0.6049246191978455,-0.3489862382411957,0.8212165832519531,0.483049601316452,-0.11214612424373627,0.6376326084136963,0.5940274596214294,-0.30208131670951843,0.7283996939659119,0.5490247011184692,0.04486893489956856,0.6752966642379761,0.5532770156860352,-0.04489261284470558,0.7402960062026978,0.7015184760093689,-0.0058615924790501595,0.6658026576042175,0.7055843472480774,-0.027239415794610977,0.741068959236145,0.8418582081794739,0.12011357396841049,0.6665929555892944,0.8289622068405151,0.1763223111629486,0.731310248374939,0.8644645810127258,0.12477775663137436,0.6698322892189026,0.8460915684700012,0.18830722570419312,0.7754108905792236,0.8925639986991882,0.009565127082169056,0.6691292524337769,0.8858752846717834,0.06485407054424286
75,catch_cap,a04_s02_e03,0.7173224091529846,0.27760908007621765,-0.3589339554309845,0.7203313112258911,0.2648654282093048,-0.34168335795402527,0.722786545753479,0.2652917206287384,-0.3416789174079895,0.7250875234603882,0.2655753791332245,-0.3416904807090759,0.7106897830963135,0.26298442482948303,-0.35726410150527954,0.7064163088798523,0.2619987428188324,-0.3573005497455597,0.7020118236541748,0.26112520694732666,-0.3572835326194763,0.7208622694015503,0.2712234556674957,-0.20819619297981262,0.6897076368331909,0.2637583017349243,-0.2844920754432678,0.719092071056366,0.29292812943458557,-0.30520540475845337,0.7087183594703674,0.2920606732368469,-0.3268572688102722,0.7315308451652527,0.3507111370563507,-0.07778074592351913,0.646091878414154,0.3523859679698944,-0.21780116856098175,0.7414497137069702,0.45410701632499695,0.01591554656624794,0.6292020082473755,0.47210946679115295,-0.2031739056110382,0.804425060749054,0.4909855127334595,-0.08579657226800919,0.6279181241989136,0.5757678151130676,-0.2829544246196747,0.8236652612686157,0.5013514161109924,-0.10874874889850616,0.6244173645973206,0.6064902544021606,-0.31261056661605835,0.8276972770690918,0.49614763259887695,-0.16082355380058289,0.632886528968811,0.604326069355011,-0.3394309878349304,0.8208708763122559,0.4924192428588867,-0.11217403411865234,0.6360905766487122,0.5936223864555359,-0.2939397394657135,0.7283657193183899,0.5495803952217102,0.042939506471157074,0.6752036213874817,0.5533011555671692,-0.0429743230342865,0.7404245734214783,0.7016439437866211,-0.005384771153330803,0.6657432317733765,0.7061414122581482,-0.02635475993156433,0.7410096526145935,0.8418563008308411,0.12099534273147583,0.6666113138198853,0.8291002511978149,0.17583182454109192,0.7312990427017212,0.8644713759422302,0.1263798177242279,0.6700249314308167,0.8461390137672424,0.1880800724029541,0.7754051089286804,0.8925583958625793,0.009981611743569374,0.6689563989639282,0.885881245136261,0.06547093391418457
76,catch_cap,a04_s02_e03,0.717117190361023,0.2777344882488251,-0.38397806882858276,0.7200989723205566,0.26503339409828186,-0.3667752742767334,0.7226287126541138,0.2654549181461334,-0.36676329374313354,0.7250269651412964,0.2657149136066437,-0.36677229404449463,0.7103060483932495,0.26316019892692566,-0.38157469034194946,0.7060624957084656,0.2621980905532837,-0.38162145018577576,0.7016318440437317,0.2613495886325836,-0.38161033391952515,0.7213076949119568,0.2713569104671478,-0.2298724204301834,0.6896756887435913,0.26427170634269714,-0.30226844549179077,0.7191264033317566,0.29301050305366516,-0.32881826162338257,0.7086964845657349,0.29229456186294556,-0.3494959771633148,0.7334169149398804,0.3507888615131378,-0.09430436789989471,0.6467355489730835,0.3522282540798187,-0.22979970276355743,0.743709146976471,0.4542611241340637,0.0008759872289374471,0.6291617751121521,0.4709305763244629,-0.21418769657611847,0.8036975860595703,0.4981839060783386,-0.09959450364112854,0.6272954940795898,0.5751083493232727,-0.2980167269706726,0.8217856287956238,0.5105202794075012,-0.1197996586561203,0.6235124468803406,0.6054702997207642,-0.32932019233703613,0.8264111280441284,0.5065388083457947,-0.1708352118730545,0.6322907209396362,0.6035831570625305,-0.35639238357543945,0.81999671459198,0.5024744868278503,-0.12457691133022308,0.6355676054954529,0.5931282043457031,-0.3094027638435364,0.7284075021743774,0.5500603318214417,0.041875094175338745,0.6752012968063354,0.553300142288208,-0.041922666132450104,0.7405093908309937,0.7019401788711548,-0.0047050965949893,0.6655528545379639,0.7064515352249146,-0.025998452678322792,0.7409862875938416,0.8418599367141724,0.13432857394218445,0.6666297316551208,0.829421877861023,0.17943361401557922,0.731301486492157,0.8644822239875793,0.14090880751609802,0.6704586744308472,0.8464217782020569,0.192290261387825,0.7753726840019226,0.8925439715385437,0.021654097363352776,0.668679416179657,0.8858843445777893,0.06605931371450424
77,catch_cap,a04_s02_e03,0.7167438864707947,0.27770087122917175,-0.3928283751010895,0.7199568748474121,0.2650722861289978,-0.37536439299583435,0.7225754261016846,0.26551470160484314,-0.37534967064857483,0.7249940037727356,0.2657703459262848,-0.37535300850868225,0.7099120616912842,0.2631693482398987,-0.3892815113067627,0.7056494951248169,0.26221948862075806,-0.3893342614173889,0.7012454271316528,0.2613876760005951,-0.3893283009529114,0.7222455739974976,0.27144911885261536,-0.23670658469200134,0.6896415948867798,0.2644454836845398,-0.30553340911865234,0.7191236019134521,0.29297611117362976,-0.33716830611228943,0.7084042429924011,0.2922791838645935,-0.35674768686294556,0.7349574565887451,0.3508305549621582,-0.09817268699407578,0.6473759412765503,0.3519116938114166,-0.23116028308868408,0.7462795972824097,0.4545383155345917,-0.003539415542036295,0.6290323734283447,0.4704974591732025,-0.2139800488948822,0.8035919070243835,0.5042621493339539,-0.10737411677837372,0.6267660856246948,0.5748323202133179,-0.29899847507476807,0.8203128576278687,0.5180885195732117,-0.1278759241104126,0.6228359937667847,0.6049670577049255,-0.33080142736434937,0.8248165249824524,0.5147867798805237,-0.17772451043128967,0.6318423748016357,0.603018045425415,-0.3589920699596405,0.8190504908561707,0.5107665657997131,-0.13148465752601624,0.635199248790741,0.5927085280418396,-0.3107558786869049,0.7284765839576721,0.5506490468978882,0.041839975863695145,0.6751993298530579,0.5533580780029297,-0.04188968986272812,0.7405511140823364,0.702656626701355,-0.0023124110884964466,0.6654542684555054,0.7067086696624756,-0.022706743329763412,0.7409044504165649,0.8419051766395569,0.13655968010425568,0.6666415929794312,0.8302692770957947,0.1819954663515091,0.7313000559806824,0.8646215200424194,0.1427382379770279,0.6707938313484192,0.8480103015899658,0.19459137320518494,0.7753700613975525,0.8924673795700073,0.022337781265378,0.668662428855896,0.8858745098114014,0.06774598360061646
78,catch_cap,a04_s02_e03,0.716485321521759,0.2776906192302704,-0.39817172288894653,0.7198510766029358,0.2650724947452545,-0.3805237412452698,0.7225454449653625,0.2655338943004608,-0.38050514459609985,0.7249647378921509,0.26580575108528137,-0.3805060386657715,0.7096202373504639,0.26315414905548096,-0.3935140371322632,0.7052720785140991,0.2622089385986328,-0.393570214509964,0.700911283493042,0.2613849341869354,-0.39356884360313416,0.7228683829307556,0.27153152227401733,-0.2419697344303131,0.6895764470100403,0.2645793557167053,-0.3065689206123352,0.7191458344459534,0.2929390072822571,-0.34278443455696106,0.7081655263900757,0.2922438383102417,-0.3611394762992859,0.7370316386222839,0.3512146770954132,-0.10489318519830704,0.6478888392448425,0.35144004225730896,-0.23186537623405457,0.749944806098938,0.4555167257785797,-0.012333252467215061,0.6290301084518433,0.4697123169898987,-0.21363838016986847,0.8035160303115845,0.5115121603012085,-0.11664863675832748,0.6258112192153931,0.574464738368988,-0.2996942698955536,0.8202452659606934,0.5274023413658142,-0.13764360547065735,0.6218000650405884,0.6044098734855652,-0.33187076449394226,0.8242939710617065,0.5234293341636658,-0.18673647940158844,0.6305441856384277,0.6022996306419373,-0.361451119184494,0.8185998797416687,0.5192115306854248,-0.1402977705001831,0.6340035796165466,0.5920166373252869,-0.31215187907218933,0.7287816405296326,0.5510669946670532,0.04058209806680679,0.6751987934112549,0.5532925724983215,-0.040642283856868744,0.740572452545166,0.7030662894248962,0.004508382175117731,0.6654256582260132,0.706878662109375,-0.020503103733062744,0.7408307790756226,0.8419728875160217,0.15410159528255463,0.6666557788848877,0.830538809299469,0.1901300847530365,0.7312698364257812,0.8646840453147888,0.1612435132265091,0.6713413000106812,0.8484698534011841,0.20329296588897705,0.7752804160118103,0.8923314809799194,0.039453811943531036,0.668597936630249,0.8858152627944946,0.0731339305639267
79,catch_cap,a04_s02_e03,0.7160686254501343,0.27747854590415955,-0.409802109003067,0.7197380065917969,0.26506316661834717,-0.39227792620658875,0.7225081920623779,0.26550713181495667,-0.3922533392906189,0.7249428629875183,0.26577553153038025,-0.3922498822212219,0.7092546820640564,0.26307791471481323,-0.40384888648986816,0.704846978187561,0.2621605694293976,-0.40390920639038086,0.7005141377449036,0.2613726854324341,-0.4039078652858734,0.7234644293785095,0.271535187959671,-0.25454986095428467,0.6894457340240479,0.26467999815940857,-0.31278666853904724,0.7191447615623474,0.29286250472068787,-0.3549339175224304,0.7078331112861633,0.29218751192092896,-0.37151819467544556,0.7390884160995483,0.3515017330646515,-0.11960878223180771,0.6483946442604065,0.3511960804462433,-0.23219701647758484,0.7539118528366089,0.45664098858833313,-0.027993712574243546,0.6290833353996277,0.4691025912761688,-0.21154749393463135,0.8033073544502258,0.5204997658729553,-0.1299295723438263,0.624825119972229,0.5740264654159546,-0.29622185230255127,0.8187984228134155,0.5397322177886963,-0.15200164914131165,0.6204399466514587,0.603859007358551,-0.32808858156204224,0.8219684362411499,0.5350587964057922,-0.20006592571735382,0.6291865110397339,0.6019219756126404,-0.3593553900718689,0.8165911436080933,0.5292595624923706,-0.15263912081718445,0.6328654289245605,0.5916823148727417,-0.3092866539955139,0.7293350696563721,0.5512035489082336,0.0375688336789608,0.6751985549926758,0.5530363917350769,-0.03764139488339424,0.7406173944473267,0.7033330798149109,0.011918294243514538,0.6654228568077087,0.7068783044815063,-0.014312021434307098,0.7407330274581909,0.8419949412345886,0.15759748220443726,0.6666624546051025,0.8305922150611877,0.18859609961509705,0.7312129139900208,0.8647252917289734,0.1641092449426651,0.6718481183052063,0.8486493229866028,0.20023281872272491,0.7751532793045044,0.8922953009605408,0.04129726439714432,0.6685502529144287,0.885400116443634,0.06528771668672562
80,catch_cap,a04_s02_e03,0.7153710126876831,0.2773389518260956,-0.42490220069885254,0.7195598483085632,0.2650277316570282,-0.40788039565086365,0.7224608659744263,0.265494704246521,-0.4078461527824402,0.7249340415000916,0.2657518684864044,-0.40783199667930603,0.7085956931114197,0.2629842162132263,-0.4175896644592285,0.7042454481124878,0.26210248470306396,-0.41765013337135315,0.6998026967048645,0.261352002620697,-0.41764551401138306,0.72410649061203,0.27152860164642334,-0.270974338054657,0.6890581846237183,0.26472896337509155,-0.3212567865848541,0.7189761400222778,0.292846143245697,-0.37038129568099976,0.7071970105171204,0.29210522770881653,-0.3847285509109497,0.7412877678871155,0.3516782522201538,-0.13818737864494324,0.6487223505973816,0.3509122133255005,-0.23483388125896454,0.7572383880615234,0.457964688539505,-0.04561110585927963,0.6292622685432434,0.4682343900203705,-0.21070106327533722,0.8033051490783691,0.5260730385780334,-0.1446836292743683,0.6242548823356628,0.5733262896537781,-0.2977460026741028,0.8186197280883789,0.5460426211357117,-0.16750361025333405,0.6197144985198975,0.6030015349388123,-0.32997992634773254,0.8205315470695496,0.5426647067070007,-0.21480663120746613,0.6283379793167114,0.6012884974479675,-0.363057941198349,0.8149973154067993,0.5368413925170898,-0.1665641963481903,0.6321032643318176,0.5911559462547302,-0.3116690218448639,0.7298611402511597,0.5513604879379272,0.033414326608181,0.6750770807266235,0.55299973487854,-0.033515095710754395,0.7405990958213806,0.7036657929420471,0.02020491659641266,0.6653591394424438,0.7069485783576965,-0.007572231348603964,0.7404953241348267,0.8419581651687622,0.17189660668373108,0.666675865650177,0.8304236531257629,0.191141739487648,0.7311726808547974,0.8645814061164856,0.17913934588432312,0.6722339391708374,0.8484856486320496,0.20266374945640564,0.7747567892074585,0.8922217488288879,0.05652201920747757,0.6685584783554077,0.8849078416824341,0.06603129208087921
81,catch_cap,a04_s02_e03,0.7154369950294495,0.27726495265960693,-0.4318418502807617,0.719574511051178,0.264970600605011,-0.41490083932876587,0.7224805355072021,0.26545849442481995,-0.4148678779602051,0.7250404953956604,0.2657407522201538,-0.4148581922054291,0.7086637616157532,0.26291489601135254,-0.42444682121276855,0.7043668031692505,0.2620789706707001,-0.42450857162475586,0.6999130845069885,0.2613455355167389,-0.42449912428855896,0.7246138453483582,0.27151796221733093,-0.2782127559185028,0.6890741586685181,0.26492467522621155,-0.32746636867523193,0.7189983129501343,0.2928352653980255,-0.3774382174015045,0.7072716951370239,0.2920614182949066,-0.39154189825057983,0.7432094812393188,0.3518913686275482,-0.14712919294834137,0.6491178274154663,0.3507629334926605,-0.23798879981040955,0.760222315788269,0.4578990638256073,-0.05543411523103714,0.6294562816619873,0.46745917201042175,-0.2106115072965622,0.8033545613288879,0.5313044786453247,-0.15320341289043427,0.6238324046134949,0.5723134875297546,-0.2981111407279968,0.8183764219284058,0.552504301071167,-0.17665249109268188,0.6189249753952026,0.6018888354301453,-0.33036500215530396,0.8194509744644165,0.5498275756835938,-0.22344234585762024,0.6276870965957642,0.6003856062889099,-0.3646446764469147,0.8139280080795288,0.5437687635421753,-0.1747359186410904,0.6315680146217346,0.5903021097183228,-0.31262481212615967,0.7303162217140198,0.5515995025634766,0.030938902869820595,0.6748508214950562,0.5529926419258118,-0.03105231188237667,0.740597665309906,0.7039473652839661,0.023485062643885612,0.6653958559036255,0.7069116234779358,-0.008293204009532928,0.7404462099075317,0.8416883945465088,0.18212154507637024,0.6667529344558716,0.8300907611846924,0.1906883269548416,0.7312010526657104,0.8637194037437439,0.19002743065357208,0.6726470589637756,0.8473983407020569,0.20172119140625,0.7744291424751282,0.8921332955360413,0.06683602184057236,0.6685015559196472,0.884533166885376,0.06440001726150513
82,catch_cap,a04_s02_e03,0.7155684232711792,0.27719399333000183,-0.4366327226161957,0.7196328043937683,0.2648707628250122,-0.42038407921791077,0.7225869297981262,0.26537254452705383,-0.42035573720932007,0.7252277135848999,0.26569223403930664,-0.4203518331050873,0.7087949514389038,0.26282551884651184,-0.429432213306427,0.704515278339386,0.26203653216362,-0.4294954836368561,0.7000694274902344,0.26133596897125244,-0.42948609590530396,0.7251383066177368,0.271508127450943,-0.2847446799278259,0.6890756487846375,0.2650109827518463,-0.3313877582550049,0.7191613912582397,0.29274240136146545,-0.38227948546409607,0.707394003868103,0.2919955551624298,-0.3956698775291443,0.7449621558189392,0.3518686592578888,-0.15508940815925598,0.6494477987289429,0.35046669840812683,-0.237626314163208,0.7624212503433228,0.4577827453613281,-0.06335987150669098,0.6296042203903198,0.4665096402168274,-0.20444083213806152,0.8026642799377441,0.535078227519989,-0.16105058789253235,0.6234050989151001,0.5712710618972778,-0.2963285446166992,0.8171482086181641,0.5580664873123169,-0.1853591799736023,0.6182603240013123,0.6008501052856445,-0.32711416482925415,0.8175481557846069,0.5557073950767517,-0.2314315289258957,0.6270323991775513,0.5995723009109497,-0.36013954877853394,0.812090277671814,0.5496389269828796,-0.18217583000659943,0.6310065388679504,0.5894792079925537,-0.3091461956501007,0.7304161787033081,0.5517050623893738,0.027640948072075844,0.6744580864906311,0.552992045879364,-0.027761351317167282,0.7405152320861816,0.704879105091095,0.020321765914559364,0.6654082536697388,0.706840455532074,-0.00854894146323204,0.7404171228408813,0.8414557576179504,0.18140383064746857,0.6667572259902954,0.8299481868743896,0.19057680666446686,0.7313196063041687,0.8634260296821594,0.18960805237293243,0.6726388335227966,0.8470513224601746,0.2012837678194046,0.7733042240142822,0.8919912576675415,0.06463778764009476,0.6683389544487,0.883820652961731,0.06313052773475647
83,catch_cap,a04_s02_e03,0.7156614065170288,0.2770766615867615,-0.438922643661499,0.7197242975234985,0.26461631059646606,-0.4235171377658844,0.7227800488471985,0.2651313543319702,-0.42349138855934143,0.7255328297615051,0.2655026614665985,-0.4234887659549713,0.7088848352432251,0.26273614168167114,-0.43102455139160156,0.7045974135398865,0.2620108723640442,-0.43108850717544556,0.700189471244812,0.2613303065299988,-0.4310833513736725,0.725951075553894,0.271438866853714,-0.29077818989753723,0.6891003251075745,0.2652089595794678,-0.3305385410785675,0.7194433808326721,0.29258018732070923,-0.38555294275283813,0.7074166536331177,0.29193389415740967,-0.3969576954841614,0.746726393699646,0.351951539516449,-0.16568683087825775,0.6498423218727112,0.35024985671043396,-0.2365911453962326,0.764586865901947,0.4583524763584137,-0.07379418611526489,0.6298179626464844,0.4655214548110962,-0.19028054177761078,0.8021101951599121,0.539400041103363,-0.16379360854625702,0.6230666041374207,0.5703855752944946,-0.2786153554916382,0.8162714838981628,0.5612708926200867,-0.18759968876838684,0.6178110241889954,0.5998866558074951,-0.3080868124961853,0.816268265247345,0.5593656301498413,-0.2323494702577591,0.6265869736671448,0.5987082719802856,-0.34689682722091675,0.8108832240104675,0.5540391802787781,-0.18402403593063354,0.6305797696113586,0.5886543393135071,-0.294589102268219,0.7307342886924744,0.5517231822013855,0.02129686251282692,0.674278736114502,0.5529273748397827,-0.02141549624502659,0.7402766346931458,0.7051376104354858,0.019621800631284714,0.665504515171051,0.706597089767456,-0.00023086785222403705,0.7403645515441895,0.8414926528930664,0.172725111246109,0.6667464971542358,0.8299451470375061,0.1879418045282364,0.7313535809516907,0.8637397289276123,0.17880497872829437,0.6726320385932922,0.8470203876495361,0.1972632259130478,0.7720348238945007,0.8917422890663147,0.0427980050444603,0.6677444577217102,0.8833893537521362,0.05865795537829399
84,catch_cap,a04_s02_e03,0.7157006859779358,0.27706506848335266,-0.45020800828933716,0.7199004888534546,0.26438650488853455,-0.43487897515296936,0.7230595350265503,0.2648561894893646,-0.4348495602607727,0.7259498238563538,0.26523545384407043,-0.43484631180763245,0.7089020609855652,0.2627207338809967,-0.4420003890991211,0.7046197652816772,0.2619994282722473,-0.442065954208374,0.7002759575843811,0.26136091351509094,-0.4420579969882965,0.726774275302887,0.2712250053882599,-0.30159321427345276,0.6891418099403381,0.26552602648735046,-0.3393756151199341,0.719916820526123,0.2925586998462677,-0.39658525586128235,0.7076575756072998,0.2919152081012726,-0.40751200914382935,0.7477862238883972,0.35199373960494995,-0.17653656005859375,0.650210976600647,0.3502245545387268,-0.23681075870990753,0.7658461928367615,0.45908790826797485,-0.08312534540891647,0.6301263570785522,0.46537289023399353,-0.18937981128692627,0.8013972043991089,0.5449436902999878,-0.17039726674556732,0.6229976415634155,0.5701677799224854,-0.27457544207572937,0.8152180910110474,0.5686404705047607,-0.19451235234737396,0.617617130279541,0.5995165705680847,-0.30375227332115173,0.814430832862854,0.567274272441864,-0.23890963196754456,0.6261683106422424,0.598292887210846,-0.3434132933616638,0.8092378377914429,0.5611191987991333,-0.19020316004753113,0.6301645040512085,0.5883455872535706,-0.2909773886203766,0.7311102151870728,0.5517299771308899,0.019078630954027176,0.6741201877593994,0.5528392791748047,-0.019208256155252457,0.7401245832443237,0.7056010961532593,0.017896948382258415,0.6655228137969971,0.7059981822967529,0.003772708121687174,0.7403087615966797,0.8414046764373779,0.16771915555000305,0.6665344834327698,0.8293635845184326,0.1895577609539032,0.7314774394035339,0.8636879324913025,0.1741095930337906,0.6721983551979065,0.8465722799301147,0.1989259421825409,0.7709180116653442,0.8911664485931396,0.04212536662817001,0.6674968004226685,0.8821017146110535,0.060425031930208206
85,catch_cap,a04_s02_e03,0.7158467173576355,0.27701109647750854,-0.45847558975219727,0.7201408743858337,0.26407182216644287,-0.44279003143310547,0.7233757972717285,0.2645045518875122,-0.4427645802497864,0.7264243364334106,0.26490214467048645,-0.4427680969238281,0.709030032157898,0.26264098286628723,-0.44954222440719604,0.7047030925750732,0.26197779178619385,-0.4496092200279236,0.7002959251403809,0.26135924458503723,-0.4495951235294342,0.72761070728302,0.2710046172142029,-0.3076556622982025,0.6892961859703064,0.2657061219215393,-0.34367430210113525,0.7203786969184875,0.2924920618534088,-0.4042143225669861,0.7079159617424011,0.29190653562545776,-0.4146278500556946,0.7493592500686646,0.35200995206832886,-0.180497944355011,0.6506984233856201,0.3502189517021179,-0.2372020184993744,0.767447292804718,0.45964011549949646,-0.08663534373044968,0.6304314732551575,0.4653588533401489,-0.1858724057674408,0.8001963496208191,0.5512901544570923,-0.17535173892974854,0.6228158473968506,0.5698784589767456,-0.27145856618881226,0.8130294680595398,0.5751983523368835,-0.20046348869800568,0.617385983467102,0.599197268486023,-0.30110007524490356,0.8103669881820679,0.5744175314903259,-0.24463295936584473,0.6256280541419983,0.5977566242218018,-0.3409441113471985,0.8056595921516418,0.5680326223373413,-0.1949080228805542,0.6295989751815796,0.5879085063934326,-0.2879846692085266,0.7314510345458984,0.5515920519828796,0.018812069669365883,0.6740293502807617,0.552282989025116,-0.018955204635858536,0.7401135563850403,0.7061545848846436,0.01533952821046114,0.6655247807502747,0.7052525281906128,0.0007598645170219243,0.7402148246765137,0.8414056301116943,0.16678783297538757,0.6662627458572388,0.829110324382782,0.18452520668506622,0.7314780950546265,0.8636870980262756,0.17376983165740967,0.671692967414856,0.8462369441986084,0.1940237283706665,0.770563006401062,0.8908069133758545,0.04255077615380287,0.6673870086669922,0.8817214369773865,0.05436142161488533
86,catch_cap,a04_s02_e03,0.7158741354942322,0.276541531085968,-0.45705676078796387,0.7202454209327698,0.2632467746734619,-0.4411265254020691,0.7234746217727661,0.2636186182498932,-0.4411007761955261,0.7265892624855042,0.26407647132873535,-0.44110456109046936,0.7090789079666138,0.2621714770793915,-0.44792279601097107,0.7047719359397888,0.26165398955345154,-0.4479888379573822,0.7003459930419922,0.2611909508705139,-0.447974294424057,0.7280304431915283,0.2705934941768646,-0.3054519593715668,0.6894153356552124,0.26570621132850647,-0.34160977602005005,0.7206584811210632,0.2919956147670746,-0.4026743471622467,0.7080589532852173,0.2913287878036499,-0.4130881726741791,0.7505901455879211,0.3520028293132782,-0.17744405567646027,0.6511759757995605,0.35022035241127014,-0.23690490424633026,0.7685406804084778,0.4595237970352173,-0.08376976102590561,0.6311272978782654,0.4652976393699646,-0.1842145025730133,0.7992244362831116,0.5531244277954102,-0.17312921583652496,0.6228325366973877,0.5696964263916016,-0.2690374255180359,0.8109908103942871,0.5775247812271118,-0.1981988251209259,0.6172429323196411,0.5990428924560547,-0.2989203929901123,0.8072670102119446,0.5767917633056641,-0.24242427945137024,0.6251764893531799,0.5974856019020081,-0.338875412940979,0.8028580546379089,0.5700737833976746,-0.19273824989795685,0.6292004585266113,0.5877183675765991,-0.28563353419303894,0.7318897843360901,0.5514606833457947,0.019583646208047867,0.6740001440048218,0.5516862869262695,-0.019732171669602394,0.7401167750358582,0.7079302668571472,0.013271418400108814,0.6655276417732239,0.7049763202667236,-0.0008952646749094129,0.7398650050163269,0.8415547013282776,0.1666775643825531,0.6660820245742798,0.8286207914352417,0.18469662964344025,0.7311499118804932,0.8638046383857727,0.17394372820854187,0.671567976474762,0.8449270129203796,0.1941896378993988,0.770626425743103,0.8907240033149719,0.042841456830501556,0.6672153472900391,0.8816392421722412,0.05661455914378166
87,catch_cap,a04_s02_e03,0.7160361409187317,0.2763376235961914,-0.4554212689399719,0.7205146551132202,0.26274827122688293,-0.4397307336330414,0.7237130999565125,0.26306453347206116,-0.43970608711242676,0.7268584966659546,0.2635086476802826,-0.43971118330955505,0.7093036770820618,0.26188600063323975,-0.4464673101902008,0.7048224806785583,0.261464387178421,-0.4465324878692627,0.7004140019416809,0.2610960602760315,-0.4465191960334778,0.7284923791885376,0.2703031301498413,-0.3040876090526581,0.6895709037780762,0.2657085955142975,-0.33985182642936707,0.7210240364074707,0.2918013334274292,-0.40086373686790466,0.7083832621574402,0.2911190390586853,-0.41119033098220825,0.7512744069099426,0.35200396180152893,-0.17492760717868805,0.6514492034912109,0.3502194285392761,-0.23673054575920105,0.7686175107955933,0.45951202511787415,-0.07901416718959808,0.6316063404083252,0.46530503034591675,-0.17799924314022064,0.797290563583374,0.5545510053634644,-0.16862264275550842,0.6228107213973999,0.5695188045501709,-0.26269713044166565,0.8079943656921387,0.5787991881370544,-0.19338639080524445,0.6171640157699585,0.5988759994506836,-0.29266557097435,0.8047210574150085,0.5783188343048096,-0.2378821074962616,0.6250261664390564,0.5971137881278992,-0.33267372846603394,0.800519585609436,0.5714895725250244,-0.1883610188961029,0.6290405988693237,0.5873641967773438,-0.27929365634918213,0.732128381729126,0.5514442324638367,0.018943579867482185,0.6739734411239624,0.5513894557952881,-0.019098367542028427,0.7401078939437866,0.709830641746521,0.009506543166935444,0.6655561923980713,0.7049676775932312,-0.0011383916717022657,0.7398487329483032,0.8416441679000854,0.16680236160755157,0.6660840511322021,0.8285449743270874,0.18475502729415894,0.7309557199478149,0.8638067841529846,0.17437443137168884,0.6716960668563843,0.844132125377655,0.19433607161045074,0.7706669569015503,0.8907473683357239,0.04299379885196686,0.6671934127807617,0.8816492557525635,0.05780646204948425
88,catch_cap,a04_s02_e03,0.7161933183670044,0.27613645792007446,-0.4571477770805359,0.7207746505737305,0.2624210715293884,-0.4414106011390686,0.72397381067276,0.26273030042648315,-0.4413835406303406,0.7270937561988831,0.26320356130599976,-0.441386878490448,0.709491491317749,0.2616237699985504,-0.44791731238365173,0.704865574836731,0.2612592279911041,-0.44798216223716736,0.7004799246788025,0.26095494627952576,-0.4479670524597168,0.7289072275161743,0.27020516991615295,-0.30546337366104126,0.6897107362747192,0.26568132638931274,-0.3400648534297943,0.721346914768219,0.29160308837890625,-0.4025018811225891,0.7086085677146912,0.2908932864665985,-0.41249924898147583,0.7520473003387451,0.35202324390411377,-0.17606261372566223,0.65178382396698,0.350220263004303,-0.23641331493854523,0.7689342498779297,0.45956525206565857,-0.07963965833187103,0.6320647597312927,0.4653474688529968,-0.1761290729045868,0.7955905199050903,0.5556800961494446,-0.16915176808834076,0.6228405237197876,0.5693361163139343,-0.2598172128200531,0.8055760264396667,0.580899178981781,-0.19413825869560242,0.6171833872795105,0.5987033247947693,-0.28982359170913696,0.8026185035705566,0.5807728171348572,-0.23851558566093445,0.6249828338623047,0.5967216491699219,-0.3291906714439392,0.7984930276870728,0.5734012126922607,-0.18870511651039124,0.6289840936660767,0.5869802236557007,-0.2761017680168152,0.7323861718177795,0.551373302936554,0.018816232681274414,0.6739673614501953,0.5510584712028503,-0.018976982682943344,0.7401257753372192,0.7103983163833618,0.007615822367370129,0.665556788444519,0.7049567103385925,-0.0016417857259511948,0.7398284673690796,0.8416470289230347,0.1679585725069046,0.6660337448120117,0.8283670544624329,0.18833091855049133,0.7308033108711243,0.8636729121208191,0.17586195468902588,0.6717017889022827,0.8432972431182861,0.19931742548942566,0.7706269025802612,0.890766978263855,0.043661780655384064,0.6671774387359619,0.881668746471405,0.06199999526143074
89,catch_cap,a04_s02_e03,0.7164150476455688,0.27598750591278076,-0.4584673047065735,0.7210758924484253,0.26219144463539124,-0.44286030530929565,0.7243099808692932,0.2624775469303131,-0.4428326487541199,0.7273862957954407,0.262948602437973,-0.4428318440914154,0.7096880674362183,0.2614612579345703,-0.44936037063598633,0.7049375772476196,0.26113590598106384,-0.4494263231754303,0.7005487680435181,0.2608656585216522,-0.4494141638278961,0.7292682528495789,0.27001750469207764,-0.30662479996681213,0.6898597478866577,0.2656446695327759,-0.34114500880241394,0.7217339277267456,0.2913956940174103,-0.40362682938575745,0.7088121175765991,0.29068297147750854,-0.4136436879634857,0.7526991963386536,0.3519980013370514,-0.17677314579486847,0.6522461175918579,0.3501790761947632,-0.23598678410053253,0.7690129280090332,0.4596036970615387,-0.08095406740903854,0.6325686573982239,0.46534398198127747,-0.17695176601409912,0.7948731184005737,0.5573206543922424,-0.16973628103733063,0.6228502988815308,0.5691496729850769,-0.25953346490859985,0.8042804598808289,0.5827036499977112,-0.1946863830089569,0.617082417011261,0.598475992679596,-0.2890876829624176,0.8015883564949036,0.5825300812721252,-0.23871710896492004,0.6246767044067383,0.5964275598526001,-0.32850587368011475,0.7976434826850891,0.5749565958976746,-0.18905702233314514,0.6287134289741516,0.586736798286438,-0.27577507495880127,0.7327631115913391,0.5512803196907043,0.019496671855449677,0.6740307211875916,0.5506446361541748,-0.01965305581688881,0.7401487827301025,0.7105092406272888,0.007611802313476801,0.6655644178390503,0.7048726677894592,-0.0002574544050730765,0.7397803664207458,0.841750979423523,0.16555455327033997,0.6660134196281433,0.8282399773597717,0.19611141085624695,0.7305372953414917,0.8637004494667053,0.1729772984981537,0.6716994643211365,0.8430732488632202,0.20768558979034424,0.7707409262657166,0.8908350467681885,0.039054252207279205,0.6671768426895142,0.881528913974762,0.0704927146434784
90,catch_cap,a04_s02_e03,0.7167445421218872,0.27597910165786743,-0.45574870705604553,0.721469521522522,0.2621820569038391,-0.44028133153915405,0.7247416973114014,0.2624717652797699,-0.44025278091430664,0.7277644276618958,0.2629467844963074,-0.44024914503097534,0.7099772691726685,0.2614378035068512,-0.44690054655075073,0.7051360011100769,0.26111462712287903,-0.4469653069972992,0.7006857991218567,0.26085203886032104,-0.4469521939754486,0.729567289352417,0.27001044154167175,-0.3044753670692444,0.689944863319397,0.26565346121788025,-0.33973461389541626,0.722052812576294,0.29138273000717163,-0.4009931683540344,0.7090262174606323,0.2906547486782074,-0.41121578216552734,0.7531399130821228,0.3518933951854706,-0.17507483065128326,0.6523641347885132,0.3501933813095093,-0.23468101024627686,0.7691877484321594,0.45955175161361694,-0.07897496968507767,0.6329008340835571,0.46537071466445923,-0.17342838644981384,0.7942574620246887,0.5572618246078491,-0.16821393370628357,0.6228617429733276,0.5689869523048401,-0.25530844926834106,0.8033896684646606,0.5830169916152954,-0.19307924807071686,0.617089033126831,0.5983840227127075,-0.28450387716293335,0.8006552457809448,0.5831117033958435,-0.23685689270496368,0.6245899200439453,0.5962054133415222,-0.32354867458343506,0.7967727780342102,0.5752853155136108,-0.1874372661113739,0.6286233067512512,0.5864888429641724,-0.27129286527633667,0.7331044673919678,0.5511705875396729,0.019551310688257217,0.6740941405296326,0.5503845810890198,-0.019711069762706757,0.7401548027992249,0.710427463054657,0.007801274303346872,0.6655797362327576,0.7048488259315491,-0.0011889190645888448,0.739777684211731,0.84177166223526,0.165502667427063,0.6660140752792358,0.8282040357589722,0.19510723650455475,0.7305032014846802,0.8636662364006042,0.17293640971183777,0.6716958284378052,0.842900276184082,0.20659637451171875,0.7707556486129761,0.8909499049186707,0.039757825434207916,0.6672048568725586,0.8815320134162903,0.07026563584804535
91,catch_cap,a04_s02_e03,0.7172731161117554,0.2759645879268646,-0.4536720812320709,0.7220008373260498,0.2621726095676422,-0.43807774782180786,0.7252427935600281,0.26246798038482666,-0.43804898858070374,0.7281895875930786,0.2629465162754059,-0.4380432665348053,0.7105741500854492,0.2614023983478546,-0.44482654333114624,0.7056422233581543,0.2610764801502228,-0.44489067792892456,0.7011541724205017,0.26081591844558716,-0.4448768198490143,0.7298502922058105,0.27001067996025085,-0.302445650100708,0.690205454826355,0.2656443119049072,-0.3384714722633362,0.7224982976913452,0.2913591265678406,-0.3990616202354431,0.7094661593437195,0.29061222076416016,-0.4094354510307312,0.7534595131874084,0.35182809829711914,-0.17404071986675262,0.6526044607162476,0.3501957654953003,-0.23285016417503357,0.7694917917251587,0.45951732993125916,-0.07811243832111359,0.6332077980041504,0.4653869867324829,-0.17165784537792206,0.794061541557312,0.5573035478591919,-0.16739597916603088,0.6228553056716919,0.5688539147377014,-0.2535051703453064,0.8028527498245239,0.5830530524253845,-0.19230692088603973,0.6171103715896606,0.5982110500335693,-0.28264936804771423,0.8001182675361633,0.583250105381012,-0.2358894795179367,0.6245660781860352,0.5959451794624329,-0.32163184881210327,0.7963247299194336,0.5753697752952576,-0.186541348695755,0.6285727620124817,0.5862470269203186,-0.2694876790046692,0.7333809733390808,0.5511205196380615,0.019476789981126785,0.6741748452186584,0.5501630902290344,-0.019638262689113617,0.7401381731033325,0.7103888392448425,0.00851442851126194,0.6656101942062378,0.704746663570404,-0.0015941491583362222,0.7397512793540955,0.8417733311653137,0.16567745804786682,0.666033148765564,0.8282027840614319,0.19352032244205475,0.7304351925849915,0.8635845184326172,0.17307281494140625,0.67170250415802,0.842869222164154,0.20445898175239563,0.7707820534706116,0.8909698724746704,0.040007732808589935,0.6673449277877808,0.8815402984619141,0.06563634425401688
92,catch_cap,a04_s02_e03,0.7177008986473083,0.27595192193984985,-0.45197850465774536,0.7224445343017578,0.26217120885849,-0.436394602060318,0.7256803512573242,0.26246821880340576,-0.4363657534122467,0.7285612225532532,0.2629498839378357,-0.43635988235473633,0.7110525369644165,0.26139572262763977,-0.4432010054588318,0.7060675621032715,0.261068731546402,-0.4432643949985504,0.7015405893325806,0.2608101963996887,-0.4432496428489685,0.7301151156425476,0.2700103521347046,-0.3013659715652466,0.6904569864273071,0.2656463086605072,-0.33764082193374634,0.7228683829307556,0.29135194420814514,-0.3976203501224518,0.709807813167572,0.29060098528862,-0.4080573618412018,0.7536729574203491,0.3517819344997406,-0.17421510815620422,0.6527882814407349,0.3502406179904938,-0.23106154799461365,0.7698239684104919,0.45946022868156433,-0.07827545702457428,0.6335963606834412,0.4654710590839386,-0.1706039309501648,0.7941735982894897,0.5575301647186279,-0.1667386293411255,0.6228727698326111,0.5688385367393494,-0.2520517110824585,0.8029996156692505,0.583025336265564,-0.1915971040725708,0.6171467900276184,0.5981773734092712,-0.28097039461135864,0.8003680109977722,0.5833298563957214,-0.23508551716804504,0.6245720982551575,0.5958588719367981,-0.3196961283683777,0.7966023087501526,0.5755224823951721,-0.18584391474723816,0.6285669207572937,0.5861696004867554,-0.2679310441017151,0.7337172627449036,0.5510991811752319,0.018927056342363358,0.6743304133415222,0.5501192808151245,-0.01909087598323822,0.7401347160339355,0.7103396058082581,0.008646932430565357,0.6656764149665833,0.7046714425086975,-0.001972548197954893,0.7396724820137024,0.8417596817016602,0.16603156924247742,0.6660996675491333,0.8282061219215393,0.18904611468315125,0.7303752303123474,0.86334627866745,0.17348334193229675,0.6717770099639893,0.8428484797477722,0.19947549700737,0.7706419229507446,0.8909468054771423,0.040932126343250275,0.6674692630767822,0.8815475702285767,0.06028634309768677
93,catch_cap,a04_s02_e03,0.7181224226951599,0.27595335245132446,-0.4549613893032074,0.7228727340698242,0.26218608021736145,-0.4392619729042053,0.7260932326316833,0.26248839497566223,-0.4392322897911072,0.728921115398407,0.26297909021377563,-0.4392262399196625,0.7115103006362915,0.26139143109321594,-0.44596797227859497,0.7065061926841736,0.2610640227794647,-0.4460325837135315,0.7019608020782471,0.26081106066703796,-0.4460170269012451,0.7303702235221863,0.27003392577171326,-0.30280739068984985,0.6907647848129272,0.26565879583358765,-0.3385899066925049,0.7232229709625244,0.2913389503955841,-0.4000040590763092,0.7101486325263977,0.29059094190597534,-0.4103301167488098,0.7539647817611694,0.35175779461860657,-0.17427335679531097,0.6530001759529114,0.35024577379226685,-0.231050044298172,0.7702175378799438,0.45943933725357056,-0.07791335880756378,0.6338467001914978,0.4654805064201355,-0.1713298112154007,0.7943060398101807,0.5577123761177063,-0.1679944545030594,0.6228811740875244,0.5688406229019165,-0.2540992200374603,0.8032389879226685,0.5832093358039856,-0.19334138929843903,0.6171786189079285,0.5981606245040894,-0.2834019064903259,0.8006820678710938,0.5834925174713135,-0.23705998063087463,0.6245874166488647,0.5958228707313538,-0.3220328390598297,0.796904981136322,0.5757172703742981,-0.1871572881937027,0.628565788269043,0.5861408710479736,-0.27002379298210144,0.7340448498725891,0.5510959625244141,0.019038714468479156,0.6745397448539734,0.550104022026062,-0.019202478229999542,0.7401372194290161,0.7103174328804016,0.008918298408389091,0.6657981872558594,0.7046326994895935,-0.002792228013277054,0.7396175861358643,0.8417503833770752,0.17255766689777374,0.6661390066146851,0.828191876411438,0.1903160661458969,0.7303352952003479,0.8631025552749634,0.18084260821342468,0.6717995405197144,0.842649519443512,0.20138761401176453,0.7704747915267944,0.8908933997154236,0.048624854534864426,0.6675466299057007,0.8815783262252808,0.06185678765177727
94,catch_cap,a04_s02_e03,0.7184045910835266,0.2759784460067749,-0.45754289627075195,0.7231673002243042,0.2622233033180237,-0.44213637709617615,0.7263921499252319,0.26252835988998413,-0.4421047568321228,0.729181170463562,0.26302188634872437,-0.4420986771583557,0.7118302583694458,0.2614004909992218,-0.4486295282840729,0.7068334221839905,0.261068731546402,-0.4486958384513855,0.7022653818130493,0.26081937551498413,-0.4486792981624603,0.7305474877357483,0.2700519263744354,-0.30641207098960876,0.691003680229187,0.2656673789024353,-0.3409797251224518,0.7234418392181396,0.2913441061973572,-0.4028003215789795,0.7103663086891174,0.29059064388275146,-0.41283994913101196,0.7543512582778931,0.3517497181892395,-0.17765749990940094,0.6531152129173279,0.3503061830997467,-0.23153865337371826,0.7705709934234619,0.45931166410446167,-0.0806790143251419,0.6339449286460876,0.46550825238227844,-0.1724434196949005,0.7943979501724243,0.5571265816688538,-0.1696464866399765,0.6228897571563721,0.568781852722168,-0.25520461797714233,0.8032024502754211,0.583192765712738,-0.19490954279899597,0.6172033548355103,0.5980552434921265,-0.2845410704612732,0.8006219863891602,0.5834792256355286,-0.23837235569953918,0.624613881111145,0.5957173109054565,-0.3230888843536377,0.7968817949295044,0.5755655169487,-0.1886218786239624,0.6285836100578308,0.5860360264778137,-0.2710772156715393,0.7343457341194153,0.550944447517395,0.018653905019164085,0.6747318506240845,0.5499954223632812,-0.01882011629641056,0.7401310205459595,0.7102914452552795,0.00926243420690298,0.6659455299377441,0.7044879198074341,-0.003563829930499196,0.7395879030227661,0.8417444229125977,0.17257104814052582,0.6661638021469116,0.8281974792480469,0.18666400015354156,0.7303184866905212,0.8629549741744995,0.18070371448993683,0.671801745891571,0.8426579236984253,0.19744589924812317,0.7703269720077515,0.8908314108848572,0.049287594854831696,0.6676986217498779,0.881572961807251,0.058021076023578644
95,catch_cap,a04_s02_e03,0.7186028957366943,0.2759733498096466,-0.46216732263565063,0.7233877182006836,0.2622213363647461,-0.4467550218105316,0.7266317009925842,0.26252681016921997,-0.44672447443008423,0.7293980121612549,0.26302167773246765,-0.4467213749885559,0.712049126625061,0.2613922357559204,-0.45314937829971313,0.7070712447166443,0.26105955243110657,-0.4532166123390198,0.7024819850921631,0.2608121633529663,-0.45320001244544983,0.7307382822036743,0.2700464427471161,-0.31009697914123535,0.6912352442741394,0.26565995812416077,-0.3441719114780426,0.7236086130142212,0.29133936762809753,-0.40701937675476074,0.7105196714401245,0.29057472944259644,-0.4169252812862396,0.7546566724777222,0.35172879695892334,-0.17986324429512024,0.6532869338989258,0.3503330647945404,-0.23324672877788544,0.7709892988204956,0.45913204550743103,-0.08263599127531052,0.6340808868408203,0.46551650762557983,-0.17329852283000946,0.7944660782814026,0.5570051670074463,-0.17239594459533691,0.6229179501533508,0.5686992406845093,-0.2559104263782501,0.8034213781356812,0.5834435224533081,-0.19777488708496094,0.6172235608100891,0.5979844331741333,-0.2851911187171936,0.8008750081062317,0.5835381746292114,-0.24152247607707977,0.6246394515037537,0.5956724882125854,-0.32320794463157654,0.797115683555603,0.5755037665367126,-0.1914459764957428,0.628605842590332,0.5859686732292175,-0.27160847187042236,0.7344631552696228,0.5507827997207642,0.01869508996605873,0.6748588681221008,0.5497779250144958,-0.018862824887037277,0.7401311993598938,0.7102588415145874,0.009945591911673546,0.6661316156387329,0.7043713927268982,-0.006026911549270153,0.7395662069320679,0.8417373299598694,0.17660222947597504,0.6662006974220276,0.8281885385513306,0.1865241825580597,0.7303088903427124,0.8627985715866089,0.18510757386684418,0.6718230247497559,0.8425939679145813,0.19746775925159454,0.7702709436416626,0.8908094167709351,0.054038770496845245,0.6677510142326355,0.8815955519676208,0.058420516550540924
96,catch_cap,a04_s02_e03,0.7188532948493958,0.2760623097419739,-0.4638064503669739,0.723598837852478,0.2623065710067749,-0.44858694076538086,0.7268434762954712,0.26260611414909363,-0.44855666160583496,0.7295718789100647,0.2630893588066101,-0.4485553205013275,0.7123006582260132,0.2614436447620392,-0.45478302240371704,0.7073710560798645,0.26110202074050903,-0.4548496603965759,0.7027700543403625,0.260863721370697,-0.45482951402664185,0.7308115363121033,0.2700624465942383,-0.31294864416122437,0.691443681716919,0.26572534441947937,-0.3460858166217804,0.7237804532051086,0.2913718521595001,-0.40907105803489685,0.7107601165771484,0.29060885310173035,-0.41872572898864746,0.7551040053367615,0.35172203183174133,-0.18409326672554016,0.6534410119056702,0.3504788279533386,-0.23410570621490479,0.7716805934906006,0.4591084122657776,-0.08721397072076797,0.6342694163322449,0.46559444069862366,-0.1738397181034088,0.7946637272834778,0.5574817657470703,-0.17474675178527832,0.6229726076126099,0.5686787366867065,-0.25652632117271423,0.8036141395568848,0.5839940309524536,-0.1999434530735016,0.6172486543655396,0.5979741811752319,-0.2858738303184509,0.8011164665222168,0.5839635729789734,-0.2433883249759674,0.6246570348739624,0.595668613910675,-0.32394394278526306,0.7973174452781677,0.5759256482124329,-0.19360056519508362,0.628635048866272,0.5859546661376953,-0.2722318470478058,0.7346402406692505,0.5505960583686829,0.01784837618470192,0.6750128269195557,0.5495747327804565,-0.018019014969468117,0.7401211261749268,0.710116446018219,0.009954933077096939,0.666317880153656,0.7041696310043335,-0.0062827072106301785,0.7395605444908142,0.8417239785194397,0.17518480122089386,0.6662089228630066,0.8281919360160828,0.18001879751682281,0.7303124070167542,0.8626462817192078,0.18345162272453308,0.6718240976333618,0.8425979614257812,0.19026175141334534,0.7700859904289246,0.8907238245010376,0.05273856595158577,0.6677896976470947,0.8815845251083374,0.05064661055803299
97,catch_cap,a04_s02_e03,0.7189435958862305,0.2760680019855499,-0.4632337987422943,0.7236696481704712,0.26230987906455994,-0.44801169633865356,0.7269477248191833,0.2626070976257324,-0.44798174500465393,0.7296575903892517,0.2630898058414459,-0.4479804039001465,0.7123852968215942,0.26144781708717346,-0.45394301414489746,0.7074909806251526,0.2611071467399597,-0.45400914549827576,0.7028681635856628,0.2608758807182312,-0.45398861169815063,0.7308973073959351,0.2700546383857727,-0.31274494528770447,0.6915618777275085,0.26575687527656555,-0.3449752926826477,0.7238597273826599,0.29136690497398376,-0.40870437026023865,0.7108343839645386,0.2906047999858856,-0.41796502470970154,0.7556373476982117,0.3517315089702606,-0.18425825238227844,0.653713583946228,0.35049670934677124,-0.2339991331100464,0.772628903388977,0.45908698439598083,-0.08783449232578278,0.6346084475517273,0.4655785858631134,-0.17317983508110046,0.7949672341346741,0.5580125451087952,-0.17476865649223328,0.6231716275215149,0.5684674382209778,-0.2562755346298218,0.8037570714950562,0.5844812989234924,-0.1997799128293991,0.6173345446586609,0.5978492498397827,-0.28562191128730774,0.8012784719467163,0.5841253995895386,-0.24311237037181854,0.6247488260269165,0.5955920815467834,-0.32394784688949585,0.7974663376808167,0.576054036617279,-0.19357255101203918,0.6287544965744019,0.5858372449874878,-0.27210402488708496,0.7346886396408081,0.5505734086036682,0.01690850779414177,0.6750528216362,0.549418032169342,-0.017082614824175835,0.7400850057601929,0.7100991606712341,0.009595764800906181,0.6664265990257263,0.7040501236915588,-0.005997095722705126,0.7395409345626831,0.841722309589386,0.17507776618003845,0.6662188172340393,0.8281839489936829,0.18089722096920013,0.7303098440170288,0.8626145124435425,0.18320320546627045,0.6718240976333618,0.8425816297531128,0.19132393598556519,0.7699642181396484,0.8906898498535156,0.05079040676355362,0.667802095413208,0.881512463092804,0.05207294225692749
98,catch_cap,a04_s02_e03,0.7189985513687134,0.27607280015945435,-0.46199530363082886,0.7236754894256592,0.2623102068901062,-0.4465703070163727,0.7269724607467651,0.26260173320770264,-0.44654029607772827,0.7296677231788635,0.2630690336227417,-0.44653886556625366,0.7124347686767578,0.26146212220191956,-0.45321816205978394,0.7075899839401245,0.26112955808639526,-0.45328283309936523,0.7029424905776978,0.2609173655509949,-0.4532652497291565,0.7308815717697144,0.26997825503349304,-0.31088462471961975,0.6916724443435669,0.26582151651382446,-0.34351521730422974,0.7238819003105164,0.2913568317890167,-0.4072000980377197,0.7108989953994751,0.2906018793582916,-0.4173445701599121,0.7559123635292053,0.3517300486564636,-0.1824876070022583,0.6539204716682434,0.35063135623931885,-0.2324536144733429,0.7732546329498291,0.4590553641319275,-0.08657608926296234,0.6348778009414673,0.465634286403656,-0.1716521680355072,0.795390784740448,0.5579279661178589,-0.17386838793754578,0.6233212351799011,0.5683785676956177,-0.2543146312236786,0.8039857745170593,0.5843765139579773,-0.19887813925743103,0.617393970489502,0.5977803468704224,-0.2833190858364105,0.8015011548995972,0.5839141011238098,-0.24251873791217804,0.6248303651809692,0.5955548882484436,-0.3218064308166504,0.7977522611618042,0.5759574174880981,-0.19283460080623627,0.6288545727729797,0.5857974886894226,-0.27019304037094116,0.7347418069839478,0.5504376888275146,0.016665061935782433,0.6750907897949219,0.5493434071540833,-0.016836706548929214,0.7400854825973511,0.7097043991088867,0.007687793113291264,0.6664628982543945,0.703985333442688,-0.004689247813075781,0.7395312786102295,0.8417252898216248,0.16281664371490479,0.6662143468856812,0.8281781077384949,0.1805979311466217,0.7302998304367065,0.8626124858856201,0.16995389759540558,0.6717883944511414,0.8425847291946411,0.19080592691898346,0.7698847055435181,0.8906556963920593,0.037169553339481354,0.6678043007850647,0.8813953399658203,0.051773857325315475
99,catch_cap,a04_s02_e03,0.7190099954605103,0.2760724127292633,-0.46080097556114197,0.7236673831939697,0.26231011748313904,-0.4453691840171814,0.7269719243049622,0.26259690523147583,-0.4453395903110504,0.7296668291091919,0.2630539834499359,-0.4453376829624176,0.71243816614151,0.2614652216434479,-0.4520449638366699,0.7076190710067749,0.2611371874809265,-0.45210951566696167,0.7029526233673096,0.2609407603740692,-0.452092707157135,0.7308682799339294,0.2699490487575531,-0.3100206255912781,0.6917217969894409,0.26590776443481445,-0.34320583939552307,0.7238818407058716,0.291352242231369,-0.40612125396728516,0.7109051942825317,0.29059574007987976,-0.4163462221622467,0.7562295794487,0.3517281711101532,-0.18189603090286255,0.6541361808776855,0.3507300019264221,-0.23203983902931213,0.7736604809761047,0.4590371549129486,-0.08609484136104584,0.6351506114006042,0.4656676650047302,-0.17124953866004944,0.7957177758216858,0.558378279209137,-0.17329400777816772,0.6235520839691162,0.5682967901229858,-0.2537892460823059,0.8046268224716187,0.5846644639968872,-0.19825676083564758,0.6174896955490112,0.5977194905281067,-0.282804012298584,0.8020351529121399,0.5842281579971313,-0.24189074337482452,0.6249703168869019,0.5955239534378052,-0.32134151458740234,0.798154354095459,0.5763792395591736,-0.19227799773216248,0.6290261149406433,0.5857706665992737,-0.26968517899513245,0.7348084449768066,0.5504314303398132,0.016461016610264778,0.6751121282577515,0.5493394732475281,-0.01663096994161606,0.7400871515274048,0.7096793055534363,0.007091163657605648,0.6664806008338928,0.7039852738380432,-0.0023169955238699913,0.7395254969596863,0.8417500853538513,0.16079089045524597,0.666204035282135,0.8281717300415039,0.18322540819644928,0.7302824258804321,0.862636387348175,0.16793127357959747,0.6717555522918701,0.8425900340080261,0.19348996877670288,0.7698835134506226,0.8906530737876892,0.03518721088767052,0.6677514314651489,0.8813641667366028,0.054656706750392914
100,catch_cap,a04_s02_e03,0.7190228700637817,0.2760789692401886,-0.46028152108192444,0.723665714263916,0.26231715083122253,-0.444796621799469,0.7269784808158875,0.262600839138031,-0.4447670876979828,0.729674756526947,0.2630546987056732,-0.44476526975631714,0.712441623210907,0.26146844029426575,-0.45172977447509766,0.7076423168182373,0.26114141941070557,-0.451793372631073,0.7029563188552856,0.26095256209373474,-0.45177847146987915,0.7308588624000549,0.2699468731880188,-0.3093731999397278,0.6917456984519958,0.2659603953361511,-0.34222540259361267,0.7238807082176208,0.2913551330566406,-0.405554860830307,0.7109121084213257,0.290591835975647,-0.41611775755882263,0.7564340233802795,0.3517352044582367,-0.18119671940803528,0.6542884111404419,0.3508102297782898,-0.23175716400146484,0.7741053700447083,0.4590706527233124,-0.0854814201593399,0.6354269981384277,0.4656972587108612,-0.17123690247535706,0.7965893149375916,0.5592332482337952,-0.17325322329998016,0.6237809658050537,0.5682228207588196,-0.2536233067512512,0.8056032061576843,0.585324227809906,-0.1981380730867386,0.6175826787948608,0.5976482033729553,-0.2826113998889923,0.8028203248977661,0.5847577452659607,-0.2414313107728958,0.625066876411438,0.5955120921134949,-0.3213313817977905,0.7988727688789368,0.5768951773643494,-0.19203217327594757,0.6291596293449402,0.585763692855835,-0.26959139108657837,0.7349005341529846,0.5504246354103088,0.016555389389395714,0.6751443147659302,0.5493181347846985,-0.01672469638288021,0.7400844097137451,0.7095407843589783,0.007110563572496176,0.666515588760376,0.7039611339569092,-0.002135584596544504,0.739521861076355,0.8418276906013489,0.1579284369945526,0.6661885976791382,0.828160285949707,0.1828087866306305,0.7302325963973999,0.8627789616584778,0.1647109091281891,0.671650230884552,0.8426092863082886,0.19298164546489716,0.7699117660522461,0.8906643986701965,0.032306380569934845,0.667752206325531,0.8813269734382629,0.05432884767651558
101,catch_cap,a04_s02_e03,0.7190268039703369,0.2760775685310364,-0.4601372182369232,0.7236307859420776,0.26231470704078674,-0.4447081685066223,0.7269719839096069,0.2625950276851654,-0.44467949867248535,0.7296727895736694,0.2630445063114166,-0.44467800855636597,0.7124367952346802,0.2614639401435852,-0.4511057734489441,0.7076497077941895,0.2611396312713623,-0.45116978883743286,0.70295649766922,0.26095306873321533,-0.45115214586257935,0.7308520078659058,0.269936203956604,-0.309100478887558,0.6917506456375122,0.26599740982055664,-0.34050238132476807,0.7238502502441406,0.29135721921920776,-0.40540948510169983,0.7109021544456482,0.29058873653411865,-0.4154987335205078,0.7566334009170532,0.351750910282135,-0.18079715967178345,0.6543806195259094,0.35085514187812805,-0.23152121901512146,0.774498462677002,0.4590669870376587,-0.0851052850484848,0.6356804370880127,0.4657663404941559,-0.17139549553394318,0.7975308299064636,0.5598222017288208,-0.1729300171136856,0.6240631341934204,0.5682010054588318,-0.2537934184074402,0.8066770434379578,0.5856191515922546,-0.19778817892074585,0.617695689201355,0.5976195931434631,-0.282853901386261,0.8036326169967651,0.5850415825843811,-0.2411258965730667,0.6251741647720337,0.5955123901367188,-0.32161563634872437,0.7996447086334229,0.5771897435188293,-0.19176937639713287,0.6293078660964966,0.585767924785614,-0.269793301820755,0.7349243760108948,0.5504398345947266,0.01662842370569706,0.6751469373703003,0.5493257641792297,-0.01679833047091961,0.7401057481765747,0.7094624638557434,0.007159488741308451,0.6665775775909424,0.7039450407028198,-0.0022479617036879063,0.7395187020301819,0.8418644666671753,0.1588863730430603,0.6661894917488098,0.8281587362289429,0.18278871476650238,0.73017418384552,0.8628137111663818,0.16585484147071838,0.6716269254684448,0.8426341414451599,0.19301286339759827,0.7699510455131531,0.8906819820404053,0.033828575164079666,0.6677491664886475,0.8813253045082092,0.05446748808026314
102,catch_cap,a04_s02_e03,0.7190264463424683,0.27607646584510803,-0.4596119523048401,0.723577618598938,0.2623101770877838,-0.44420987367630005,0.7269532680511475,0.26258182525634766,-0.44418105483055115,0.7296708822250366,0.26302260160446167,-0.44417911767959595,0.7124196887016296,0.2614622712135315,-0.45054394006729126,0.7076551914215088,0.26113957166671753,-0.45060819387435913,0.7029489874839783,0.2609572112560272,-0.45059043169021606,0.730844259262085,0.2699070870876312,-0.30880433320999146,0.6917548179626465,0.2660645544528961,-0.34044939279556274,0.7238182425498962,0.2913612723350525,-0.4050056040287018,0.7108925580978394,0.290585994720459,-0.41496196389198303,0.7569690346717834,0.3518087565898895,-0.18046674132347107,0.6544269919395447,0.35091447830200195,-0.231636643409729,0.7748285531997681,0.4591377079486847,-0.08496301621198654,0.6358124017715454,0.46591195464134216,-0.17143501341342926,0.7982125878334045,0.5602396130561829,-0.17264586687088013,0.6242902278900146,0.5681990385055542,-0.25396859645843506,0.8074451684951782,0.5857217311859131,-0.19750145077705383,0.6178406476974487,0.5976190567016602,-0.2830668091773987,0.8042745590209961,0.5852461457252502,-0.24083106219768524,0.6253308653831482,0.5955137610435486,-0.3217791020870209,0.800247311592102,0.5773766040802002,-0.19150376319885254,0.6294847726821899,0.5857700705528259,-0.2699528932571411,0.7350240349769592,0.5504487752914429,0.017088064923882484,0.6751728057861328,0.5493358373641968,-0.01725926622748375,0.7402235865592957,0.7093994617462158,0.007516335695981979,0.6666699051856995,0.7039029598236084,-0.002965323394164443,0.7395287156105042,0.8419476747512817,0.15943846106529236,0.6661893129348755,0.8281673789024353,0.17977619171142578,0.7301440238952637,0.8628759980201721,0.16645948588848114,0.6715836524963379,0.8427159190177917,0.1898358166217804,0.7702008485794067,0.8907215595245361,0.03484125807881355,0.6677561402320862,0.8813328146934509,0.05152720957994461
103,catch_cap,a04_s02_e03,0.7189885377883911,0.27607616782188416,-0.45733070373535156,0.7234868407249451,0.2623102366924286,-0.44212451577186584,0.7269061803817749,0.2625787556171417,-0.44209566712379456,0.7296637296676636,0.2630172073841095,-0.4420928359031677,0.7123674154281616,0.26146265864372253,-0.4479513168334961,0.7076495885848999,0.26114317774772644,-0.4480159878730774,0.702919602394104,0.2609671354293823,-0.4479961395263672,0.7308369874954224,0.26990222930908203,-0.3074852228164673,0.6917567849159241,0.2661541998386383,-0.33768364787101746,0.723723292350769,0.29137033224105835,-0.40308842062950134,0.7108384370803833,0.290586918592453,-0.4123084545135498,0.7571239471435547,0.35187557339668274,-0.17914710938930511,0.6544946432113647,0.3509247601032257,-0.23056581616401672,0.7750616073608398,0.45913928747177124,-0.08420323580503464,0.6360082030296326,0.4659765660762787,-0.1707141101360321,0.7987609505653381,0.5604574084281921,-0.17119020223617554,0.624605655670166,0.5682032108306885,-0.2531753182411194,0.8083845973014832,0.5857673287391663,-0.1960137039422989,0.618081271648407,0.5976325273513794,-0.2821968197822571,0.8051494359970093,0.5853449702262878,-0.2392946481704712,0.6255050301551819,0.5955160856246948,-0.32114869356155396,0.8009750247001648,0.5774990916252136,-0.1899777203798294,0.6296589970588684,0.585770308971405,-0.2692418396472931,0.7351466417312622,0.5504471659660339,0.017502475529909134,0.6752082109451294,0.5493341088294983,-0.017671290785074234,0.7402905225753784,0.7093233466148376,0.007674022112041712,0.6667559146881104,0.7037805914878845,-0.003849465399980545,0.7395257353782654,0.8420283198356628,0.15799076855182648,0.6661869287490845,0.8281991481781006,0.17647765576839447,0.7300894856452942,0.8630275726318359,0.16471394896507263,0.6715221405029297,0.8428400158882141,0.18630369007587433,0.7703872323036194,0.890720784664154,0.034096382558345795,0.6677582859992981,0.8813342452049255,0.04846220463514328
104,catch_cap,a04_s02_e03,0.7189731597900391,0.27607664465904236,-0.454993337392807,0.7234402894973755,0.26230913400650024,-0.4399999976158142,0.7268868684768677,0.2625737190246582,-0.4399707317352295,0.729661762714386,0.2630104422569275,-0.43996697664260864,0.7123396992683411,0.2614625096321106,-0.4454917311668396,0.707647979259491,0.26114657521247864,-0.4455564022064209,0.7028992176055908,0.26097825169563293,-0.4455359876155853,0.7308371067047119,0.26988688111305237,-0.3063041567802429,0.6917564272880554,0.2662512958049774,-0.33555033802986145,0.7236785888671875,0.2913993299007416,-0.40114784240722656,0.7108085751533508,0.2906123101711273,-0.40987882018089294,0.7573254704475403,0.3519648611545563,-0.1783674657344818,0.6545898914337158,0.35093116760253906,-0.22939841449260712,0.7751940488815308,0.4591962695121765,-0.08364973962306976,0.6363327503204346,0.46605679392814636,-0.1698392927646637,0.7990950345993042,0.5607112050056458,-0.1687489002943039,0.6249510049819946,0.5682116150856018,-0.2516160011291504,0.8089094161987305,0.5859063863754272,-0.19310757517814636,0.6182534098625183,0.5976381301879883,-0.28024330735206604,0.8057432174682617,0.5855038166046143,-0.2361651211977005,0.625647783279419,0.5955175161361694,-0.31929683685302734,0.8014900088310242,0.5776856541633606,-0.18739360570907593,0.6298326849937439,0.5857725143432617,-0.2676992416381836,0.7352935075759888,0.5504452586174011,0.017585977911949158,0.6752877235412598,0.549319326877594,-0.01775454916059971,0.740398645401001,0.7092748284339905,0.007933937013149261,0.6669185161590576,0.7036194205284119,-0.004569085780531168,0.7395235896110535,0.8421638011932373,0.15667441487312317,0.6662293076515198,0.8282616138458252,0.1726529747247696,0.7300362586975098,0.8632404804229736,0.16320672631263733,0.6715247631072998,0.8430511951446533,0.1821950227022171,0.7706190347671509,0.8907305598258972,0.03351011127233505,0.6677807569503784,0.8813265562057495,0.045114364475011826
