frame_index,label,video_id,l0_x,l0_y,l0_z,l1_x,l1_y,l1_z,l2_x,l2_y,l2_z,l3_x,l3_y,l3_z,l4_x,l4_y,l4_z,l5_x,l5_y,l5_z,l6_x,l6_y,l6_z,l7_x,l7_y,l7_z,l8_x,l8_y,l8_z,l9_x,l9_y,l9_z,l10_x,l10_y,l10_z,l11_x,l11_y,l11_z,l12_x,l12_y,l12_z,l13_x,l13_y,l13_z,l14_x,l14_y,l14_z,l15_x,l15_y,l15_z,l16_x,l16_y,l16_z,l17_x,l17_y,l17_z,l18_x,l18_y,l18_z,l19_x,l19_y,l19_z,l20_x,l20_y,l20_z,l21_x,l21_y,l21_z,l22_x,l22_y,l22_z,l23_x,l23_y,l23_z,l24_x,l24_y,l24_z,l25_x,l25_y,l25_z,l26_x,l26_y,l26_z,l27_x,l27_y,l27_z,l28_x,l28_y,l28_z,l29_x,l29_y,l29_z,l30_x,l30_y,l30_z,l31_x,l31_y,l31_z,l32_x,l32_y,l32_z
0,catch_cap,a04_s09_e03,0.7078824043273926,0.30496665835380554,-0.3431781530380249,0.709968626499176,0.2922549545764923,-0.32715722918510437,0.7125046849250793,0.2921006381511688,-0.3271738290786743,0.7148311734199524,0.29202693700790405,-0.32718774676322937,0.700789213180542,0.2923162877559662,-0.33315515518188477,0.6962200999259949,0.29245680570602417,-0.33319368958473206,0.6917459964752197,0.292813777923584,-0.3332192897796631,0.7152676582336426,0.2959964871406555,-0.20907850563526154,0.6828235387802124,0.2990420162677765,-0.2362978756427765,0.711280882358551,0.31894218921661377,-0.29655760526657104,0.7010325789451599,0.3202495276927948,-0.30453526973724365,0.7434387803077698,0.37817832827568054,-0.10726745426654816,0.6548882126808167,0.384211003780365,-0.1560203582048416,0.7551730275154114,0.47102826833724976,-0.03662146255373955,0.6440852880477905,0.4838283360004425,-0.1077365130186081,0.7716916799545288,0.5431627631187439,-0.13137812912464142,0.6367989182472229,0.5655778646469116,-0.18837061524391174,0.7766585946083069,0.5679917931556702,-0.15710879862308502,0.6334251761436462,0.5898136496543884,-0.21455232799053192,0.7736137509346008,0.5669265389442444,-0.19222573935985565,0.6367251873016357,0.5892924070358276,-0.2529672086238861,0.7713978290557861,0.5608546137809753,-0.14747501909732819,0.6393790245056152,0.5811381936073303,-0.20442107319831848,0.7251079082489014,0.5525191426277161,0.01485096849501133,0.672636091709137,0.5553425550460815,-0.014951330609619617,0.7197836637496948,0.687456488609314,-0.0051545207388699055,0.6744077205657959,0.6883216500282288,-0.02037324197590351,0.7201361060142517,0.8007370233535767,0.1710195243358612,0.6740573644638062,0.8028994202613831,0.15494108200073242,0.7109342813491821,0.8163894414901733,0.1809035986661911,0.6768393516540527,0.8205446004867554,0.16470643877983093,0.7335940003395081,0.8421345949172974,0.05533020943403244,0.6748666167259216,0.8400887250900269,0.033271800726652145
1,catch_cap,a04_s09_e03,0.7095189094543457,0.30468907952308655,-0.34847491979599,0.7111252546310425,0.2918551564216614,-0.3324642777442932,0.7134163975715637,0.29170191287994385,-0.3324688971042633,0.7156628370285034,0.29165345430374146,-0.3324630856513977,0.7023486495018005,0.2919860780239105,-0.33922573924064636,0.6980205774307251,0.29212436079978943,-0.3392767906188965,0.6935796141624451,0.29248034954071045,-0.33929672837257385,0.7153264284133911,0.29599490761756897,-0.21494562923908234,0.6834068894386292,0.29904624819755554,-0.24706265330314636,0.7125207185745239,0.31880301237106323,-0.3022802472114563,0.702888548374176,0.3201588988304138,-0.3115789294242859,0.7437945604324341,0.3779619038105011,-0.11324296146631241,0.6548685431480408,0.3839431703090668,-0.1666630208492279,0.7552953958511353,0.4704115688800812,-0.037655483931303024,0.6441739797592163,0.48376932740211487,-0.11864550411701202,0.7716912031173706,0.54322749376297,-0.1253276765346527,0.6367989778518677,0.5655761957168579,-0.1934403032064438,0.7764062285423279,0.5683687925338745,-0.14810630679130554,0.6332382559776306,0.5898113250732422,-0.21960537135601044,0.7732687592506409,0.5674716234207153,-0.1827130913734436,0.6367253065109253,0.5892757177352905,-0.2554892301559448,0.7708001136779785,0.5615003108978271,-0.14096780121326447,0.6393865346908569,0.5811389684677124,-0.2084190398454666,0.7251545190811157,0.5525521636009216,0.01483791135251522,0.6729306578636169,0.5553315281867981,-0.014939558692276478,0.7201701998710632,0.6874748468399048,0.014606225304305553,0.6744480729103088,0.6871423721313477,-0.011072196066379547,0.7205680012702942,0.8018761277198792,0.1722661852836609,0.6739034652709961,0.7993748188018799,0.15743117034435272,0.7130944132804871,0.8165501952171326,0.1812852919101715,0.6765748262405396,0.8156558275222778,0.16675053536891937,0.7345716953277588,0.8432790040969849,0.061898596584796906,0.675453782081604,0.836995542049408,0.04055946320295334
2,catch_cap,a04_s09_e03,0.7101720571517944,0.30454355478286743,-0.34929728507995605,0.7115870714187622,0.29160940647125244,-0.33317652344703674,0.7137615084648132,0.2914525866508484,-0.3331807851791382,0.7159589529037476,0.29140859842300415,-0.33317309617996216,0.7029465436935425,0.2917689085006714,-0.3401065766811371,0.6986873149871826,0.2919068932533264,-0.34015756845474243,0.6942046284675598,0.2922590970993042,-0.3401758074760437,0.7153269648551941,0.2959902882575989,-0.2156444787979126,0.6835118532180786,0.29904669523239136,-0.24854788184165955,0.7129914164543152,0.318743497133255,-0.3031640648841858,0.7035160064697266,0.32014548778533936,-0.3127088248729706,0.7438115477561951,0.3779344856739044,-0.11374268680810928,0.6547483205795288,0.38383933901786804,-0.1687687337398529,0.7553093433380127,0.4695689380168915,-0.037676289677619934,0.6442269682884216,0.48375198245048523,-0.12178681045770645,0.7717217206954956,0.5432007908821106,-0.12308529764413834,0.6367982029914856,0.5655895471572876,-0.19633813202381134,0.7763679027557373,0.5683711171150208,-0.14557211101055145,0.6331570148468018,0.5898195505142212,-0.22284892201423645,0.7732557058334351,0.5674856901168823,-0.18017859756946564,0.6367378830909729,0.5892753601074219,-0.2575547993183136,0.7707592248916626,0.5615642666816711,-0.13875135779380798,0.6394041776657104,0.5811541676521301,-0.2109021693468094,0.7251795530319214,0.5525583028793335,0.01484205573797226,0.673161506652832,0.555310070514679,-0.014944097027182579,0.720416784286499,0.6874881982803345,0.017117120325565338,0.6745240688323975,0.6863987445831299,-0.009367122314870358,0.7209195494651794,0.8025332689285278,0.17322248220443726,0.6738306283950806,0.7980810403823853,0.1579567939043045,0.7143003344535828,0.8165825605392456,0.18182195723056793,0.6764591932296753,0.8140577077865601,0.1671949326992035,0.7348802089691162,0.8438590168952942,0.06451113522052765,0.6760005950927734,0.836077094078064,0.042054980993270874
3,catch_cap,a04_s09_e03,0.7110292315483093,0.3044797480106354,-0.35085517168045044,0.7120631337165833,0.2914941608905792,-0.3345751166343689,0.7140845060348511,0.29133617877960205,-0.3345804214477539,0.7161827087402344,0.2912905514240265,-0.3345734477043152,0.7036916017532349,0.2916387617588043,-0.34226372838020325,0.6995437145233154,0.2917458713054657,-0.34231624007225037,0.6951209902763367,0.2920699119567871,-0.34233376383781433,0.7152122259140015,0.2959897816181183,-0.2166534662246704,0.6838805675506592,0.2989724278450012,-0.25319594144821167,0.7134639024734497,0.31869229674339294,-0.30453941226005554,0.7044171094894409,0.3201111853122711,-0.31509265303611755,0.743742823600769,0.37776991724967957,-0.11496946960687637,0.6544524431228638,0.383811354637146,-0.17255578935146332,0.7553149461746216,0.46885183453559875,-0.03791186586022377,0.6442388296127319,0.48407191038131714,-0.12507545948028564,0.7718639969825745,0.5431625843048096,-0.12307771295309067,0.6367999315261841,0.5658331513404846,-0.1984635293483734,0.7763676643371582,0.5683910846710205,-0.1458328813314438,0.6331313848495483,0.5900327563285828,-0.22482231259346008,0.7732564806938171,0.567516565322876,-0.1805107742547989,0.6367546319961548,0.5894643068313599,-0.26001614332199097,0.770761251449585,0.5616315603256226,-0.13881592452526093,0.6394277811050415,0.5813632607460022,-0.21318800747394562,0.7251815795898438,0.5525587797164917,0.014727453701198101,0.6732771396636963,0.5553082823753357,-0.014830740168690681,0.720495343208313,0.6874970197677612,0.016200201585888863,0.6745424866676331,0.6861466765403748,-0.0074196187779307365,0.7210663557052612,0.8030312061309814,0.17330580949783325,0.6737167239189148,0.7974852919578552,0.160542294383049,0.7148313522338867,0.8166694045066833,0.181845024228096,0.6763538122177124,0.8131264448165894,0.16978761553764343,0.7350003719329834,0.8443247675895691,0.06449631601572037,0.6761660575866699,0.8355877995491028,0.04551368206739426
4,catch_cap,a04_s09_e03,0.7116867303848267,0.30446019768714905,-0.35091596841812134,0.7123262882232666,0.2913851737976074,-0.3347975015640259,0.7142378091812134,0.29121309518814087,-0.33480197191238403,0.7162440419197083,0.29115164279937744,-0.334794819355011,0.7041926383972168,0.2915869355201721,-0.34289151430130005,0.7000560760498047,0.29170501232147217,-0.3429425358772278,0.6956953406333923,0.2920307517051697,-0.34295976161956787,0.7146511077880859,0.29598861932754517,-0.21718423068523407,0.6841099858283997,0.29896968603134155,-0.25594383478164673,0.7138828635215759,0.31866323947906494,-0.3046022057533264,0.7051472067832947,0.32009953260421753,-0.3156386911869049,0.7433010935783386,0.3776293694972992,-0.11450304836034775,0.6541318297386169,0.3838087022304535,-0.17786672711372375,0.7552218437194824,0.4683462083339691,-0.03724471479654312,0.6442646384239197,0.48417165875434875,-0.13211004436016083,0.7719973921775818,0.5426539182662964,-0.12061621993780136,0.6367968320846558,0.566027045249939,-0.20263895392417908,0.7764009237289429,0.5681946873664856,-0.14295196533203125,0.6331237554550171,0.5902737379074097,-0.22885262966156006,0.7733311057090759,0.5673384070396423,-0.17767873406410217,0.6368045210838318,0.5896428227424622,-0.26384657621383667,0.7708253264427185,0.5614383220672607,-0.13645723462104797,0.6394672989845276,0.5815433859825134,-0.21720066666603088,0.7251523733139038,0.5525504946708679,0.015614980831742287,0.673336923122406,0.5552772283554077,-0.015717333182692528,0.7206147313117981,0.6874889135360718,0.02053019404411316,0.6745938062667847,0.6858215928077698,-0.008170909248292446,0.7211824655532837,0.803352415561676,0.1736610233783722,0.6736432313919067,0.7972850799560547,0.16006585955619812,0.7150881290435791,0.8167297840118408,0.1819484531879425,0.6762296557426453,0.8127614855766296,0.16904717683792114,0.735336184501648,0.8445912003517151,0.06579426676034927,0.6763541102409363,0.8354305028915405,0.04401455447077751
5,catch_cap,a04_s09_e03,0.7121438384056091,0.3040638267993927,-0.34630414843559265,0.7125365734100342,0.2909524738788605,-0.3297179341316223,0.7143750190734863,0.2907918691635132,-0.3297237455844879,0.7163031697273254,0.2907227873802185,-0.3297123610973358,0.7045417428016663,0.29124119877815247,-0.3392539322376251,0.700380265712738,0.2913950979709625,-0.3393058180809021,0.6959611177444458,0.2917504906654358,-0.339322030544281,0.7142651677131653,0.29588645696640015,-0.2120177000761032,0.6841623783111572,0.29894202947616577,-0.2531759440898895,0.7141562700271606,0.31836560368537903,-0.30017364025115967,0.7055543661117554,0.31991517543792725,-0.3132750391960144,0.7427341341972351,0.3776243329048157,-0.10899502038955688,0.6538971066474915,0.38381227850914,-0.17701862752437592,0.7547274231910706,0.46805649995803833,-0.03149447590112686,0.6442989706993103,0.48441025614738464,-0.13335882127285004,0.7722786664962769,0.5418285727500916,-0.11497863382101059,0.6367875337600708,0.5662251114845276,-0.2032930850982666,0.7765663862228394,0.5673305988311768,-0.1372639685869217,0.6331043243408203,0.5904937982559204,-0.22948448359966278,0.7735438942909241,0.5664869546890259,-0.17196914553642273,0.636816680431366,0.5898486375808716,-0.26438021659851074,0.7710486650466919,0.5605815052986145,-0.13102123141288757,0.6394729018211365,0.5817670226097107,-0.2178150713443756,0.7250566482543945,0.552611768245697,0.01781616546213627,0.6734122037887573,0.5552911758422852,-0.01792002096772194,0.7207708358764648,0.687495768070221,0.023755431175231934,0.6746641993522644,0.6856219172477722,-0.0089262081310153,0.7213241457939148,0.8038732409477234,0.1745299994945526,0.6735250353813171,0.7972778677940369,0.15945300459861755,0.7152950167655945,0.8170797228813171,0.18247678875923157,0.6758565306663513,0.8128178715705872,0.16829964518547058,0.7357217073440552,0.8449058532714844,0.06723876297473907,0.6766053438186646,0.8352953791618347,0.043153148144483566
6,catch_cap,a04_s09_e03,0.7127279043197632,0.303459107875824,-0.3426136374473572,0.7127367258071899,0.29040783643722534,-0.32610732316970825,0.7144776582717896,0.29024696350097656,-0.3261124789714813,0.7163212299346924,0.29015737771987915,-0.3261021375656128,0.705044150352478,0.29084718227386475,-0.33668631315231323,0.7008980512619019,0.2910707890987396,-0.3367350995540619,0.6964654326438904,0.2915038764476776,-0.3367536664009094,0.7136949300765991,0.29560163617134094,-0.208949014544487,0.6843275427818298,0.29893529415130615,-0.2532244920730591,0.7145334482192993,0.31788370013237,-0.2965855300426483,0.7063104510307312,0.3196040987968445,-0.31121188402175903,0.7419978380203247,0.3775964081287384,-0.10557389259338379,0.6536816954612732,0.383804589509964,-0.18017995357513428,0.7542643547058105,0.4680030941963196,-0.027199286967515945,0.6443179845809937,0.4844103455543518,-0.13841880857944489,0.7734328508377075,0.5400633215904236,-0.11105046421289444,0.6367403268814087,0.5662851929664612,-0.205897718667984,0.7778212428092957,0.5653275847434998,-0.13310329616069794,0.6329966187477112,0.5905522108078003,-0.23188447952270508,0.7752266526222229,0.5645755529403687,-0.16834503412246704,0.6368144750595093,0.5899187326431274,-0.2664734721183777,0.7728483080863953,0.5581228137016296,-0.12742917239665985,0.6394696831703186,0.5818553566932678,-0.22022363543510437,0.7250020503997803,0.5526438355445862,0.019412849098443985,0.6735299229621887,0.5552892684936523,-0.01950952596962452,0.7208777070045471,0.687522828578949,0.02217051014304161,0.6747211217880249,0.6854667067527771,-0.009528717957437038,0.7214248180389404,0.8041746616363525,0.1744634360074997,0.6734098196029663,0.7971966862678528,0.15932245552539825,0.7154348492622375,0.8172693848609924,0.1824154108762741,0.6755658388137817,0.812700092792511,0.16821041703224182,0.735836386680603,0.8450868725776672,0.06679495424032211,0.6767749190330505,0.8352202773094177,0.04301760718226433
7,catch_cap,a04_s09_e03,0.7153688073158264,0.3016311228275299,-0.3330991566181183,0.7139933705329895,0.2893563508987427,-0.316017210483551,0.7152981162071228,0.2892198860645294,-0.3160271942615509,0.7167059183120728,0.2891378700733185,-0.3160174489021301,0.7072787880897522,0.2898143231868744,-0.3298279941082001,0.7034950256347656,0.2900548279285431,-0.32987627387046814,0.699103832244873,0.2905178368091583,-0.3299033045768738,0.7128456830978394,0.2949126362800598,-0.19887499511241913,0.6857978105545044,0.2982933223247528,-0.25697439908981323,0.7165290117263794,0.3161606788635254,-0.2870091199874878,0.7091540098190308,0.317990243434906,-0.30580809712409973,0.7406240701675415,0.3775865435600281,-0.09689711034297943,0.6534762978553772,0.3835212290287018,-0.1896740198135376,0.7536219954490662,0.46785643696784973,-0.017774904146790504,0.6443212032318115,0.4839647114276886,-0.15215998888015747,0.7766857743263245,0.5317032933235168,-0.10695898532867432,0.6365762948989868,0.5662575364112854,-0.21584346890449524,0.7833372950553894,0.5570380091667175,-0.12968429923057556,0.6326041221618652,0.5905404686927795,-0.24221527576446533,0.7815545201301575,0.5565947890281677,-0.1661798059940338,0.6366778612136841,0.5899253487586975,-0.27653953433036804,0.7789062261581421,0.5488876700401306,-0.12437181174755096,0.6393455266952515,0.5818828344345093,-0.22990334033966064,0.7249822616577148,0.5526357293128967,0.022455058991909027,0.6736255884170532,0.5550636053085327,-0.022542428225278854,0.7210694551467896,0.6875231862068176,0.022629300132393837,0.6748434901237488,0.6851724982261658,-0.004608902148902416,0.7216025590896606,0.8046904802322388,0.17490564286708832,0.673206090927124,0.7969467639923096,0.17648032307624817,0.7157684564590454,0.8175889849662781,0.1828027069568634,0.675169825553894,0.8123266100883484,0.18694835901260376,0.7358859777450562,0.8453065752983093,0.06686636805534363,0.6769763827323914,0.8351753354072571,0.06350157409906387
8,catch_cap,a04_s09_e03,0.7177914381027222,0.3012508153915405,-0.31674525141716003,0.7150999307632446,0.2890241742134094,-0.29963481426239014,0.7159552574157715,0.2889064848423004,-0.2996547520160675,0.7169431447982788,0.28884679079055786,-0.2996468245983124,0.7094846963882446,0.2894803285598755,-0.3160880208015442,0.7060476541519165,0.2897278368473053,-0.3161335587501526,0.7018769979476929,0.29015105962753296,-0.31616801023483276,0.7112273573875427,0.29480352997779846,-0.18456889688968658,0.6870028376579285,0.298012375831604,-0.2566845417022705,0.7180551290512085,0.3157722055912018,-0.2713524103164673,0.7116149067878723,0.31746360659599304,-0.29358166456222534,0.7387256622314453,0.3774402439594269,-0.08567662537097931,0.6530850529670715,0.38350439071655273,-0.19427606463432312,0.7528252601623535,0.46645545959472656,-0.006530002690851688,0.6443023085594177,0.48398488759994507,-0.16005147993564606,0.7827613353729248,0.5212236046791077,-0.10193850845098495,0.6362709403038025,0.566222071647644,-0.22207796573638916,0.7909797430038452,0.5464395880699158,-0.12557074427604675,0.6318989396095276,0.5904775261878967,-0.24896860122680664,0.789650022983551,0.5462427139282227,-0.16322652995586395,0.6363094449043274,0.5899084806442261,-0.2832466661930084,0.7868473529815674,0.5370851159095764,-0.12036527693271637,0.639032244682312,0.5818833708763123,-0.23610615730285645,0.7248872518539429,0.5526888370513916,0.02646651864051819,0.673647403717041,0.5550628900527954,-0.02654668316245079,0.7211834192276001,0.6875515580177307,0.029661525040864944,0.6749036908149719,0.6850131154060364,0.0004908344708383083,0.7217346429824829,0.8051058650016785,0.19356445968151093,0.6730095148086548,0.7968568205833435,0.19861780107021332,0.7159980535507202,0.8178826570510864,0.20294523239135742,0.6748207807540894,0.8120449781417847,0.21085231006145477,0.7359060645103455,0.8453583121299744,0.08883477747440338,0.6772259473800659,0.8351548910140991,0.08864263445138931
9,catch_cap,a04_s09_e03,0.7195206880569458,0.3012736439704895,-0.2954652011394501,0.7159778475761414,0.2889876961708069,-0.27912503480911255,0.716456949710846,0.28886470198631287,-0.27915340662002563,0.7170872092247009,0.2888035774230957,-0.2791503667831421,0.7113797068595886,0.2894573211669922,-0.2971803545951843,0.7083249092102051,0.2897151708602905,-0.29721206426620483,0.7046259045600891,0.29014068841934204,-0.2972511351108551,0.7096799612045288,0.29483410716056824,-0.16828086972236633,0.6888459324836731,0.29800042510032654,-0.2538316547870636,0.719084620475769,0.31578999757766724,-0.2513774037361145,0.7134286165237427,0.3174446225166321,-0.27557116746902466,0.7371600270271301,0.3771910071372986,-0.07294832915067673,0.652901828289032,0.3834667205810547,-0.1934659779071808,0.7514832615852356,0.4645041823387146,0.004255466628819704,0.6442357301712036,0.4839837849140167,-0.16398155689239502,0.7891913056373596,0.50924152135849,-0.09560292959213257,0.635886549949646,0.5661707520484924,-0.22406136989593506,0.799219012260437,0.5333994030952454,-0.11958477646112442,0.63114333152771,0.5903240442276001,-0.25053852796554565,0.7993155121803284,0.5315788984298706,-0.15790309011936188,0.6357789039611816,0.5898560881614685,-0.2842699885368347,0.796044647693634,0.5221719741821289,-0.11489769071340561,0.6385741233825684,0.5818844437599182,-0.23787812888622284,0.7247371077537537,0.5527092814445496,0.029544780030846596,0.6736577153205872,0.5549081563949585,-0.029606465250253677,0.7213290333747864,0.6875496506690979,0.03486117348074913,0.6750819683074951,0.6846039891242981,0.007744952104985714,0.7218247652053833,0.8052146434783936,0.19948646426200867,0.6726592779159546,0.795847475528717,0.21595120429992676,0.7161058187484741,0.8180538415908813,0.2090107500553131,0.6741394996643066,0.8107792735099792,0.22914071381092072,0.7360056638717651,0.8453729748725891,0.09666446596384048,0.6776013374328613,0.8347159028053284,0.11046592146158218
10,catch_cap,a04_s09_e03,0.720981240272522,0.30047672986984253,-0.267863392829895,0.7165639996528625,0.2885659337043762,-0.2514975666999817,0.7167458534240723,0.2884398102760315,-0.25154462456703186,0.7171241641044617,0.28835126757621765,-0.25154879689216614,0.7128070592880249,0.2890702486038208,-0.27162787318229675,0.7100836038589478,0.28932663798332214,-0.2716396152973175,0.7068395614624023,0.2897437810897827,-0.2716849446296692,0.7084491848945618,0.2945796251296997,-0.14235322177410126,0.6909912824630737,0.29767513275146484,-0.23639258742332458,0.7200937271118164,0.3149210810661316,-0.22453472018241882,0.7151767015457153,0.31647077202796936,-0.2512243390083313,0.7362573146820068,0.37651288509368896,-0.052917301654815674,0.6529039740562439,0.383052259683609,-0.18943721055984497,0.7501660585403442,0.46224483847618103,-0.001637686975300312,0.6442183256149292,0.4839616119861603,-0.15451081097126007,0.7937051653862,0.49073249101638794,-0.14206475019454956,0.6357486248016357,0.5660730004310608,-0.2084135264158249,0.8078103065490723,0.5106608271598816,-0.17372556030750275,0.6306270956993103,0.59019535779953,-0.2331562489271164,0.8080639839172363,0.5085832476615906,-0.21127435564994812,0.6354895830154419,0.5898411870002747,-0.26719871163368225,0.8036526441574097,0.5011938214302063,-0.16288140416145325,0.6383832693099976,0.5818968415260315,-0.22181940078735352,0.7242875099182129,0.5521047115325928,0.033212367445230484,0.6736592650413513,0.5538265705108643,-0.03322184830904007,0.7214235067367554,0.6871985793113708,0.02464161440730095,0.6753997206687927,0.684026837348938,-0.002048905473202467,0.7218789458274841,0.8052675127983093,0.17957088351249695,0.6726141571998596,0.7950108051300049,0.1981389820575714,0.716173529624939,0.8183070421218872,0.1876535713672638,0.674003005027771,0.8099815845489502,0.20996853709220886,0.7361416816711426,0.8453686237335205,0.07156306505203247,0.6779109239578247,0.8340674042701721,0.08766329288482666
11,catch_cap,a04_s09_e03,0.7226585149765015,0.3001907467842102,-0.23928356170654297,0.7175308465957642,0.2883170247077942,-0.22263498604297638,0.7173640727996826,0.2881864607334137,-0.22270146012306213,0.7173432111740112,0.28807926177978516,-0.22269997000694275,0.7145609259605408,0.28883662819862366,-0.24174754321575165,0.7121853232383728,0.28906771540641785,-0.24174757301807404,0.7093051671981812,0.28943634033203125,-0.24180373549461365,0.7075799703598022,0.29451850056648254,-0.11536959558725357,0.6936138868331909,0.2973402142524719,-0.20351426303386688,0.721482515335083,0.31464383006095886,-0.19712397456169128,0.7173066139221191,0.3158559203147888,-0.2223920375108719,0.7355386018753052,0.37568777799606323,-0.03538806363940239,0.6528767347335815,0.3827912211418152,-0.1508864164352417,0.750140905380249,0.4605874717235565,-0.006909890566021204,0.6442186832427979,0.4839232861995697,-0.11599685251712799,0.7990500330924988,0.47191178798675537,-0.19239743053913116,0.6356194615364075,0.5659176707267761,-0.17093639075756073,0.8158086538314819,0.48548272252082825,-0.23087532818317413,0.6302453279495239,0.5901002287864685,-0.1942267268896103,0.8157221674919128,0.480987548828125,-0.2677084505558014,0.6352429389953613,0.5898343920707703,-0.23132948577404022,0.810439944267273,0.47532856464385986,-0.21357890963554382,0.6382166743278503,0.5819098949432373,-0.18556281924247742,0.7238599061965942,0.5519415736198425,0.034837860614061356,0.6735687255859375,0.5533913969993591,-0.03484635055065155,0.7215058207511902,0.6871012449264526,0.020507965236902237,0.6755656599998474,0.6836708784103394,-0.016279904171824455,0.7218875288963318,0.8052552342414856,0.17680394649505615,0.672584593296051,0.7948440909385681,0.1942434012889862,0.7161741256713867,0.818399965763092,0.18488943576812744,0.6738516092300415,0.8098910450935364,0.2076985090970993,0.736321747303009,0.8452552556991577,0.06889183074235916,0.6783722639083862,0.833686888217926,0.08708323538303375
12,catch_cap,a04_s09_e03,0.723613977432251,0.2995721697807312,-0.21436819434165955,0.7178027629852295,0.28787338733673096,-0.19700375199317932,0.7174464464187622,0.28772395849227905,-0.19707536697387695,0.7173307538032532,0.28757110238075256,-0.19707202911376953,0.7153083086013794,0.28838735818862915,-0.21693715453147888,0.7131743431091309,0.2885795533657074,-0.2169342339038849,0.7106005549430847,0.2888505756855011,-0.21699735522270203,0.7064732909202576,0.29432258009910583,-0.09040942043066025,0.6955758333206177,0.2966305911540985,-0.18133476376533508,0.7222188115119934,0.3141290545463562,-0.17283040285110474,0.7186509370803833,0.31501057744026184,-0.1990581750869751,0.7351511716842651,0.3755994439125061,-0.010536210611462593,0.6529475450515747,0.38222208619117737,-0.13542576134204865,0.7508533000946045,0.45982515811920166,-0.004065859131515026,0.6442734003067017,0.483864426612854,-0.10702072083950043,0.8046611547470093,0.45332348346710205,-0.20347151160240173,0.6356077194213867,0.5655001997947693,-0.16138367354869843,0.821391761302948,0.46010303497314453,-0.24228855967521667,0.6301949620246887,0.5899969339370728,-0.1830545961856842,0.8233814239501953,0.45344847440719604,-0.2748637795448303,0.6352494955062866,0.5897886157035828,-0.21887031197547913,0.8166796565055847,0.45037540793418884,-0.22342535853385925,0.6382220387458801,0.5819011330604553,-0.1752246916294098,0.7237992286682129,0.5519399642944336,0.03787524253129959,0.6735736131668091,0.5533314943313599,-0.03788769990205765,0.7215742468833923,0.6870718002319336,0.01630565896630287,0.675819993019104,0.6833080649375916,-0.026818308979272842,0.7218887805938721,0.8052933216094971,0.1780204474925995,0.6725608110427856,0.7945794463157654,0.19394493103027344,0.7161740660667419,0.8185237050056458,0.18668930232524872,0.6737490892410278,0.8096889853477478,0.20415356755256653,0.73662269115448,0.8451325297355652,0.07268087565898895,0.6787670254707336,0.8334185481071472,0.07998737692832947
13,catch_cap,a04_s09_e03,0.7241753339767456,0.2982262372970581,-0.20690707862377167,0.7178609371185303,0.2869016230106354,-0.18913109600543976,0.7174336314201355,0.28672266006469727,-0.18918964266777039,0.7172449827194214,0.2865290641784668,-0.18917982280254364,0.7156468033790588,0.2874167859554291,-0.2109893560409546,0.7136370539665222,0.2875919044017792,-0.21098105609416962,0.7112221121788025,0.2878252863883972,-0.21104709804058075,0.7060576677322388,0.29384148120880127,-0.08112326264381409,0.6967101693153381,0.2959093749523163,-0.18066486716270447,0.7227641940116882,0.3127051591873169,-0.16478005051612854,0.7197194695472717,0.31332311034202576,-0.19364050030708313,0.7349223494529724,0.3753024935722351,0.0037851736415177584,0.6530535817146301,0.38162761926651,-0.13859842717647552,0.7552244663238525,0.45757028460502625,-0.002264556707814336,0.644483208656311,0.4836958348751068,-0.11362206935882568,0.8080449104309082,0.4316192865371704,-0.20993606746196747,0.6357322931289673,0.5653488039970398,-0.16428719460964203,0.8263087272644043,0.4332912266254425,-0.248708575963974,0.6303563117980957,0.5900264382362366,-0.18423525989055634,0.8287239074707031,0.4257694482803345,-0.27690476179122925,0.635509729385376,0.5898063778877258,-0.21913623809814453,0.8208342790603638,0.424572616815567,-0.22862890362739563,0.6384656429290771,0.5819333791732788,-0.17733867466449738,0.7237568497657776,0.5519446730613708,0.040711160749197006,0.6736475229263306,0.5532326102256775,-0.04071682319045067,0.7215843200683594,0.6870690584182739,0.015131968073546886,0.6759949922561646,0.6829535365104675,-0.030588049441576004,0.7218624353408813,0.805343508720398,0.18113575875759125,0.6725114583969116,0.7945992350578308,0.18928411602973938,0.7161310315132141,0.818687379360199,0.1901157796382904,0.6735579967498779,0.8097814917564392,0.20038747787475586,0.7368876338005066,0.8450496196746826,0.0761806070804596,0.678918182849884,0.833354651927948,0.07717260718345642
14,catch_cap,a04_s09_e03,0.7243885397911072,0.2973923683166504,-0.1894572377204895,0.7177900671958923,0.28614792227745056,-0.17184937000274658,0.7174215912818909,0.2859456241130829,-0.1718887984752655,0.7169737815856934,0.28573471307754517,-0.17187513411045074,0.715703547000885,0.2866944670677185,-0.19544313848018646,0.7137664556503296,0.2868717610836029,-0.1954311579465866,0.7114486694335938,0.28709858655929565,-0.19549883902072906,0.705539345741272,0.29349038004875183,-0.06647078692913055,0.6971785426139832,0.29541051387786865,-0.1744193732738495,0.7228492498397827,0.31178584694862366,-0.14829251170158386,0.7199700474739075,0.3122679591178894,-0.17959263920783997,0.7341049313545227,0.375131219625473,0.019808489829301834,0.6532048583030701,0.380996435880661,-0.14232280850410461,0.7595438957214355,0.450869083404541,0.0187770277261734,0.6450147032737732,0.4827103018760681,-0.11815682798624039,0.8097985982894897,0.4107428789138794,-0.19194552302360535,0.6363632678985596,0.5638879537582397,-0.15867874026298523,0.8291276693344116,0.40845394134521484,-0.21966831386089325,0.6309167146682739,0.5897141098976135,-0.17551282048225403,0.8313220739364624,0.4022587835788727,-0.24755477905273438,0.6360836029052734,0.5896692872047424,-0.20896920561790466,0.8229163885116577,0.40184256434440613,-0.21929433941841125,0.6390277147293091,0.5818660259246826,-0.17075543105602264,0.7237277030944824,0.5519706606864929,0.04407178610563278,0.6737699508666992,0.5531397461891174,-0.04407661408185959,0.7215854525566101,0.6867826581001282,0.016887281090021133,0.6760181784629822,0.6825064420700073,-0.032353997230529785,0.7217727303504944,0.8052990436553955,0.18111935257911682,0.6724778413772583,0.7943522930145264,0.18762172758579254,0.7159273624420166,0.818698525428772,0.18996760249137878,0.6734052896499634,0.8096845746040344,0.20004324615001678,0.7370821237564087,0.8447560667991638,0.07719085365533829,0.6790858507156372,0.833181619644165,0.07526415586471558
15,catch_cap,a04_s09_e03,0.7245033979415894,0.2968614399433136,-0.1805005967617035,0.7177159786224365,0.2855900228023529,-0.16303040087223053,0.7173463106155396,0.285354346036911,-0.16305506229400635,0.7166003584861755,0.2851310968399048,-0.16303852200508118,0.715735673904419,0.28621581196784973,-0.1870277225971222,0.7138424515724182,0.2864063084125519,-0.1870119422674179,0.7115799188613892,0.28664737939834595,-0.1870819479227066,0.7048922777175903,0.2933254837989807,-0.05938444659113884,0.6973853707313538,0.2951664924621582,-0.16929945349693298,0.7228895425796509,0.3110007345676422,-0.13988131284713745,0.7202422022819519,0.3114997148513794,-0.17170289158821106,0.7335351705551147,0.3747595250606537,0.025575857609510422,0.6534599661827087,0.38049185276031494,-0.14015375077724457,0.7640969753265381,0.4455922245979309,0.009878495708107948,0.6455329656600952,0.48151853680610657,-0.12021146714687347,0.809169590473175,0.3946148753166199,-0.18393807113170624,0.6377238035202026,0.561850368976593,-0.14618727564811707,0.828109085559845,0.3875856101512909,-0.21586112678050995,0.6321355104446411,0.5888522863388062,-0.15914355218410492,0.8298088312149048,0.3794426918029785,-0.23644773662090302,0.6376535892486572,0.5888518691062927,-0.19005361199378967,0.8221384882926941,0.3804047703742981,-0.2005530297756195,0.6407567262649536,0.581179678440094,-0.1567680388689041,0.7236942648887634,0.5519970655441284,0.04378572851419449,0.6739131808280945,0.5530369877815247,-0.043807245790958405,0.7215365767478943,0.686541736125946,0.016088662669062614,0.6760225296020508,0.682521641254425,-0.031902387738227844,0.7216790318489075,0.805298388004303,0.17199274897575378,0.6724423170089722,0.794380784034729,0.1798856109380722,0.7157059907913208,0.8188613057136536,0.18008846044540405,0.6732762455940247,0.8097352385520935,0.1925046294927597,0.7371379137039185,0.8446860909461975,0.07321064174175262,0.679151713848114,0.8331529498100281,0.07420681416988373
16,catch_cap,a04_s09_e03,0.7245978116989136,0.2962922155857086,-0.18694736063480377,0.7176648378372192,0.28495532274246216,-0.16861817240715027,0.7171788811683655,0.2847020924091339,-0.1686428189277649,0.7161845564842224,0.28449976444244385,-0.1686248481273651,0.7156356573104858,0.285726398229599,-0.19157344102859497,0.7137223482131958,0.2859857380390167,-0.19155541062355042,0.7114354372024536,0.286302387714386,-0.19162960350513458,0.7044142484664917,0.29327505826950073,-0.06153055280447006,0.6973561644554138,0.2950960099697113,-0.16708026826381683,0.7230198979377747,0.31052571535110474,-0.14528657495975494,0.7205371856689453,0.311103492975235,-0.17579887807369232,0.7334405779838562,0.37469613552093506,0.023654725402593613,0.6535688638687134,0.3802696466445923,-0.1353379786014557,0.7684357762336731,0.4390946626663208,-0.009506160393357277,0.6459742784500122,0.481171578168869,-0.11900005489587784,0.807671070098877,0.38518375158309937,-0.22353574633598328,0.6396867036819458,0.5614306926727295,-0.14605851471424103,0.8232023119926453,0.3713802397251129,-0.2603031396865845,0.6348564028739929,0.5884672999382019,-0.1593623012304306,0.8240521550178528,0.36197519302368164,-0.27140286564826965,0.6404512524604797,0.5884252786636353,-0.18925008177757263,0.8178423643112183,0.36644989252090454,-0.23561307787895203,0.6436207294464111,0.5808015465736389,-0.1562098264694214,0.7236975431442261,0.5520238876342773,0.04270040988922119,0.674141526222229,0.5530266165733337,-0.04272579401731491,0.721506655216217,0.6863304376602173,0.01595895364880562,0.6760562062263489,0.6825334429740906,-0.030076509341597557,0.7215721011161804,0.8052266240119934,0.17460604012012482,0.6724323630332947,0.7943179607391357,0.1812080293893814,0.7155414819717407,0.8188465237617493,0.18369635939598083,0.6732212901115417,0.8097571730613708,0.19409452378749847,0.7371362447738647,0.8443294167518616,0.07933946698904037,0.6792179346084595,0.8329257965087891,0.07760820537805557
17,catch_cap,a04_s09_e03,0.7246113419532776,0.29547515511512756,-0.18713080883026123,0.7174838781356812,0.2839542031288147,-0.1685129702091217,0.7167055606842041,0.28370511531829834,-0.1685352921485901,0.71550452709198,0.2835775911808014,-0.16851556301116943,0.7154617309570312,0.284915566444397,-0.19158461689949036,0.7135353088378906,0.2852765619754791,-0.19157110154628754,0.7112698554992676,0.2857157588005066,-0.19165228307247162,0.7040421962738037,0.2931686043739319,-0.06055072695016861,0.6974822282791138,0.2949490249156952,-0.16631478071212769,0.7231690287590027,0.309723436832428,-0.1452411264181137,0.721013069152832,0.3103150427341461,-0.17587506771087646,0.7332814931869507,0.3745214343070984,0.025088075548410416,0.6537767648696899,0.38019901514053345,-0.1352086365222931,0.7724800109863281,0.43328142166137695,-0.021406540647149086,0.6463919878005981,0.4811950922012329,-0.11998884379863739,0.8062429428100586,0.3706970512866974,-0.23942622542381287,0.6415116786956787,0.5616106390953064,-0.14990916848182678,0.8206411600112915,0.3541078567504883,-0.27854156494140625,0.6376100778579712,0.5886752605438232,-0.16412408649921417,0.8212459683418274,0.34555453062057495,-0.28731974959373474,0.6432651281356812,0.5885874032974243,-0.19416430592536926,0.8152607679367065,0.3500954806804657,-0.2507937550544739,0.6464039087295532,0.5808829069137573,-0.16013528406620026,0.7238507270812988,0.5520431399345398,0.04300990328192711,0.6746424436569214,0.5530272722244263,-0.04304739832878113,0.7214406728744507,0.6862415671348572,0.023748671635985374,0.6760804057121277,0.6824980974197388,-0.029261618852615356,0.7214284539222717,0.8052037358283997,0.19327160716056824,0.6724209785461426,0.7943784594535828,0.1814316213130951,0.7152174711227417,0.8189266324043274,0.20335173606872559,0.6731597185134888,0.810042679309845,0.1942857801914215,0.7372286319732666,0.8442509770393372,0.09767239540815353,0.6793952584266663,0.8328839540481567,0.07695861160755157
18,catch_cap,a04_s09_e03,0.7245081663131714,0.2952256202697754,-0.18578793108463287,0.717237114906311,0.2834705114364624,-0.1675451546907425,0.7162639498710632,0.283240407705307,-0.16756130754947662,0.7149612903594971,0.28316691517829895,-0.16753794252872467,0.7153176665306091,0.28452709317207336,-0.19108699262142181,0.7133597135543823,0.2849532663822174,-0.19107654690742493,0.7110823392868042,0.28546902537345886,-0.19115382432937622,0.7036793828010559,0.2931569814682007,-0.06129220128059387,0.6974126696586609,0.29492565989494324,-0.16882942616939545,0.7231342196464539,0.30966439843177795,-0.14451219141483307,0.7210334539413452,0.3102967441082001,-0.17576292157173157,0.7331698536872864,0.37435516715049744,0.02141556888818741,0.6541577577590942,0.3801386058330536,-0.13834628462791443,0.7772758603096008,0.4271743893623352,-0.0372600182890892,0.6466977000236511,0.4812619388103485,-0.12187471240758896,0.805316150188446,0.3613065779209137,-0.2547425925731659,0.643653154373169,0.5616983771324158,-0.15146377682685852,0.815447986125946,0.3411708176136017,-0.2949534058570862,0.6401039361953735,0.5886784791946411,-0.1652466356754303,0.8142805099487305,0.3343178927898407,-0.298509418964386,0.6462546586990356,0.5885598659515381,-0.19459494948387146,0.8102819323539734,0.3397906422615051,-0.26410001516342163,0.6496984362602234,0.5808117389678955,-0.16131702065467834,0.7240613698959351,0.5521277189254761,0.04216533154249191,0.6752339601516724,0.5531519055366516,-0.042209405452013016,0.7213795185089111,0.6861943602561951,0.028810378164052963,0.6760643720626831,0.6826614737510681,-0.024996021762490273,0.7213689088821411,0.805189847946167,0.2039804905653,0.6723641157150269,0.7944749593734741,0.19093134999275208,0.7151137590408325,0.8189314007759094,0.21478533744812012,0.6730874180793762,0.810354471206665,0.20414331555366516,0.737227737903595,0.8441302180290222,0.10972179472446442,0.6794785857200623,0.8328813314437866,0.08732970058917999
19,catch_cap,a04_s09_e03,0.724480152130127,0.29528573155403137,-0.18946319818496704,0.7171781659126282,0.28338372707366943,-0.17112714052200317,0.7160990238189697,0.28315454721450806,-0.1711401492357254,0.714750349521637,0.28308969736099243,-0.1711191087961197,0.715283215045929,0.2844752073287964,-0.1954553872346878,0.713391125202179,0.2849210202693939,-0.1954483687877655,0.7111999988555908,0.2854571044445038,-0.19552750885486603,0.7035192251205444,0.2931777238845825,-0.06487580388784409,0.6975396871566772,0.29493531584739685,-0.1749824583530426,0.7231018543243408,0.3097550570964813,-0.1482001692056656,0.7210830450057983,0.31040653586387634,-0.18046440184116364,0.7330207228660583,0.37388694286346436,0.01922527514398098,0.6544341444969177,0.3801538050174713,-0.14467252790927887,0.7819101214408875,0.4188710153102875,-0.04460180923342705,0.6472827196121216,0.48221534490585327,-0.13937942683696747,0.8044790029525757,0.34734904766082764,-0.25671643018722534,0.6455758213996887,0.5618904829025269,-0.16309474408626556,0.8129093050956726,0.32583796977996826,-0.29657262563705444,0.6422519683837891,0.5887964963912964,-0.1739000827074051,0.8103183507919312,0.32130175828933716,-0.2966374158859253,0.6488911509513855,0.5885652899742126,-0.19733498990535736,0.8071429133415222,0.3269069492816925,-0.2647460103034973,0.6526811718940735,0.5808042287826538,-0.17023874819278717,0.7242642641067505,0.552166759967804,0.04283764213323593,0.6759835481643677,0.5532065629959106,-0.04289770871400833,0.721340537071228,0.6861967444419861,0.03830655291676521,0.6760654449462891,0.6828761696815491,-0.02462589554488659,0.7213176488876343,0.8051716685295105,0.21974726021289825,0.6722995638847351,0.7945389151573181,0.19293873012065887,0.7150132656097412,0.8189298510551453,0.23117363452911377,0.6729518175125122,0.8104245066642761,0.20625603199005127,0.737239420413971,0.8440567851066589,0.1284356415271759,0.6795433759689331,0.832885205745697,0.08925753086805344
20,catch_cap,a04_s09_e03,0.7243794202804565,0.29499712586402893,-0.191604346036911,0.7169088125228882,0.28310129046440125,-0.173259899020195,0.7157639265060425,0.28290411829948425,-0.17327077686786652,0.7144238352775574,0.28288212418556213,-0.17325088381767273,0.7152162790298462,0.2842160165309906,-0.19726327061653137,0.7132877111434937,0.2847062647342682,-0.19725586473941803,0.7110824584960938,0.2852945327758789,-0.19733461737632751,0.7034612894058228,0.29317769408226013,-0.06672197580337524,0.6975805163383484,0.29493629932403564,-0.1761455535888672,0.7230467796325684,0.3096808195114136,-0.15034517645835876,0.7210037112236023,0.31039559841156006,-0.18216964602470398,0.7330675721168518,0.3728488087654114,0.019741613417863846,0.6550908088684082,0.38015836477279663,-0.14879989624023438,0.787308394908905,0.4106238782405853,-0.04506399855017662,0.6480728983879089,0.48282796144485474,-0.14386014640331268,0.8039585947990417,0.3372475504875183,-0.25155699253082275,0.6474148035049438,0.562487006187439,-0.16773554682731628,0.8092188835144043,0.3162750005722046,-0.29106593132019043,0.6443268060684204,0.5890189409255981,-0.17899282276630402,0.8052220344543457,0.3113851547241211,-0.28966596722602844,0.6512889266014099,0.588580846786499,-0.19811466336250305,0.8026881217956543,0.318175733089447,-0.25880396366119385,0.6551616191864014,0.5808099508285522,-0.17483454942703247,0.7245016694068909,0.5522765517234802,0.044728539884090424,0.6765719652175903,0.5532854199409485,-0.044807951897382736,0.7213295698165894,0.6862519383430481,0.04601577669382095,0.6760661005973816,0.6830766797065735,-0.023548923432826996,0.7212250828742981,0.8049097061157227,0.2307206392288208,0.6722550392150879,0.7945543527603149,0.19689404964447021,0.7147783041000366,0.8187420964241028,0.24242043495178223,0.6728004217147827,0.8104397654533386,0.21061953902244568,0.7373964786529541,0.8439333438873291,0.140204519033432,0.6796942949295044,0.8329216837882996,0.09362958371639252
21,catch_cap,a04_s09_e03,0.7243047952651978,0.2950083613395691,-0.1882207989692688,0.7166634798049927,0.28307849168777466,-0.17006301879882812,0.7154564261436462,0.28288906812667847,-0.17007048428058624,0.7140998840332031,0.2828727960586548,-0.17005100846290588,0.7151748538017273,0.28417930006980896,-0.1949789822101593,0.7132099866867065,0.2846713960170746,-0.1949705183506012,0.7109819650650024,0.28526571393013,-0.19505082070827484,0.7031489610671997,0.293224960565567,-0.06454183161258698,0.6975476741790771,0.294949471950531,-0.17733445763587952,0.7230085730552673,0.30972832441329956,-0.14721785485744476,0.7209348082542419,0.3104594349861145,-0.180172860622406,0.7330048680305481,0.3712538182735443,0.021868232637643814,0.655356228351593,0.38047105073928833,-0.15451888740062714,0.7893413305282593,0.4016965627670288,-0.04074893891811371,0.6489762663841248,0.4839862287044525,-0.14849910140037537,0.804105281829834,0.33168941736221313,-0.23871898651123047,0.6484326720237732,0.5641462206840515,-0.16786502301692963,0.8080654144287109,0.3084701597690582,-0.2769748568534851,0.6459158062934875,0.5905020833015442,-0.17983287572860718,0.8035557866096497,0.3042967617511749,-0.27893173694610596,0.652957022190094,0.5898109674453735,-0.20381256937980652,0.8012825846672058,0.31244832277297974,-0.2464265525341034,0.6566675305366516,0.5816987752914429,-0.17516130208969116,0.7246953248977661,0.5523520112037659,0.04690628498792648,0.6771609783172607,0.5535928606987,-0.04699325188994408,0.7213276624679565,0.686248779296875,0.053189050406217575,0.6761756539344788,0.6833768486976624,-0.014910966157913208,0.7211430072784424,0.8047887086868286,0.22834376990795135,0.6722331643104553,0.7945703864097595,0.20593348145484924,0.7146117687225342,0.8186234831809998,0.2392783910036087,0.6725873351097107,0.8104544878005981,0.22004210948944092,0.7374889850616455,0.8438037037849426,0.1387602537870407,0.6798907518386841,0.8329981565475464,0.106235072016716
22,catch_cap,a04_s09_e03,0.7242481112480164,0.2947849929332733,-0.18290242552757263,0.7163611054420471,0.2829940915107727,-0.1646491140127182,0.7151108980178833,0.2828299403190613,-0.16464926302433014,0.7137452363967896,0.2828347086906433,-0.16463343799114227,0.7151440978050232,0.2840714156627655,-0.19045646488666534,0.7131586670875549,0.28457415103912354,-0.19045104086399078,0.7109068036079407,0.28518062829971313,-0.19053241610527039,0.7027973532676697,0.29329660534858704,-0.05998372286558151,0.6975370049476624,0.294953852891922,-0.17692947387695312,0.7229777574539185,0.3097068667411804,-0.14208516478538513,0.7209383845329285,0.3104575574398041,-0.1761331856250763,0.7325283288955688,0.3700629472732544,0.027971908450126648,0.655684769153595,0.3808528780937195,-0.16010452806949615,0.7899582386016846,0.3919811546802521,-0.03191172704100609,0.6497283577919006,0.48506784439086914,-0.15272171795368195,0.8075928688049316,0.3177138864994049,-0.2070140540599823,0.6495567560195923,0.5656137466430664,-0.16398149728775024,0.8101848363876343,0.29422539472579956,-0.24184675514698029,0.6473459005355835,0.5920517444610596,-0.17552058398723602,0.8042956590652466,0.29152342677116394,-0.23731307685375214,0.6544964909553528,0.591134786605835,-0.20151834189891815,0.801678478717804,0.2998245656490326,-0.2123689204454422,0.6580353379249573,0.5826891660690308,-0.17162971198558807,0.7248021960258484,0.5524168610572815,0.050851739943027496,0.6778615117073059,0.553766131401062,-0.05096837878227234,0.7213273048400879,0.686236560344696,0.06323738396167755,0.6764541268348694,0.6834864020347595,-0.011784488335251808,0.7210956811904907,0.8045724034309387,0.23667025566101074,0.6722396016120911,0.7946698069572449,0.20701754093170166,0.714503288269043,0.8183606266975403,0.24788494408130646,0.6724628210067749,0.8105127215385437,0.22134597599506378,0.7376007437705994,0.8435974717140198,0.15250873565673828,0.6803643703460693,0.8331761956214905,0.11056309938430786
23,catch_cap,a04_s09_e03,0.7242042422294617,0.294593870639801,-0.1827549934387207,0.7160850763320923,0.28290897607803345,-0.16429314017295837,0.7148497104644775,0.2827608287334442,-0.16428448259830475,0.7135307192802429,0.2827796936035156,-0.16426654160022736,0.7150247693061829,0.28397563099861145,-0.1902526170015335,0.7131125926971436,0.284488320350647,-0.19024629890918732,0.71086585521698,0.2851089835166931,-0.19032932817935944,0.7026642560958862,0.2933003604412079,-0.059405721724033356,0.697479784488678,0.2949576675891876,-0.17724576592445374,0.7229474186897278,0.3096087872982025,-0.14177754521369934,0.7209093570709229,0.31039226055145264,-0.175972118973732,0.7324615716934204,0.36834660172462463,0.032139021903276443,0.6558791399002075,0.38113293051719666,-0.1657276600599289,0.7914056777954102,0.3834109902381897,-0.0018022991716861725,0.650212287902832,0.4858073890209198,-0.16080985963344574,0.8122847676277161,0.3086661398410797,-0.1483646184206009,0.6501846313476562,0.5666645765304565,-0.16493414342403412,0.8151089549064636,0.2855519652366638,-0.17746445536613464,0.6483301520347595,0.5932170152664185,-0.17676883935928345,0.808516800403595,0.2829338014125824,-0.1754431128501892,0.6556004285812378,0.5921438932418823,-0.20410236716270447,0.8067294359207153,0.29112496972084045,-0.15417061746120453,0.6589749455451965,0.5834888815879822,-0.17198435962200165,0.7250758409500122,0.5524231195449829,0.05397220700979233,0.6783276796340942,0.5538043975830078,-0.0541171059012413,0.7213290333747864,0.6861082911491394,0.06946505606174469,0.6767309308052063,0.6835665106773376,-0.009645164012908936,0.7210885286331177,0.8043838739395142,0.23807135224342346,0.6722414493560791,0.7947022914886475,0.20687513053417206,0.7143969535827637,0.8183048963546753,0.24894925951957703,0.6722701191902161,0.8105655908584595,0.22134175896644592,0.7378283739089966,0.843538224697113,0.15632715821266174,0.6806179285049438,0.833194375038147,0.11331858485937119
24,catch_cap,a04_s09_e03,0.7242637872695923,0.29429465532302856,-0.17883804440498352,0.7160791158676147,0.2827836275100708,-0.15948514640331268,0.7148392200469971,0.2826564610004425,-0.15947078168392181,0.7135289907455444,0.2826988399028778,-0.15945513546466827,0.7149850726127625,0.2838408350944519,-0.1864582598209381,0.7130914926528931,0.2843675911426544,-0.18646210432052612,0.7108855843544006,0.2850070595741272,-0.18655355274677277,0.7025367021560669,0.29331737756729126,-0.05359257385134697,0.6974623799324036,0.29495769739151,-0.1765475869178772,0.7229689359664917,0.3093922436237335,-0.137469083070755,0.7210541367530823,0.3101924657821655,-0.1730681210756302,0.7321257591247559,0.36676469445228577,0.03820481896400452,0.6560763120651245,0.3814760148525238,-0.1713712215423584,0.7923054695129395,0.36626097559928894,0.03200184553861618,0.6504122018814087,0.4869941473007202,-0.17643389105796814,0.8185800313949585,0.29102736711502075,-0.08091603219509125,0.6504822969436646,0.5674005746841431,-0.19004371762275696,0.8237643241882324,0.2676604390144348,-0.1051042228937149,0.6485283374786377,0.5940084457397461,-0.20346853137016296,0.8168027997016907,0.26307979226112366,-0.10623522847890854,0.6558903455734253,0.5930216312408447,-0.22962406277656555,0.8148351907730103,0.27193689346313477,-0.08804284036159515,0.659347414970398,0.5842469334602356,-0.19852617383003235,0.7251962423324585,0.5524289608001709,0.056846797466278076,0.6787586808204651,0.553831160068512,-0.05703479051589966,0.7213536500930786,0.6861038208007812,0.06777151674032211,0.6768859624862671,0.6835708618164062,-0.01732592098414898,0.721092939376831,0.8043161034584045,0.2337571680545807,0.6722389459609985,0.7947179675102234,0.1853729635477066,0.7143791913986206,0.8182773590087891,0.2444382905960083,0.6720439791679382,0.8105764985084534,0.19893883168697357,0.7379363775253296,0.8435239791870117,0.15500512719154358,0.6809912919998169,0.8332499861717224,0.09674005210399628
25,catch_cap,a04_s09_e03,0.724310040473938,0.2940864562988281,-0.17024973034858704,0.7160707116127014,0.2827416658401489,-0.15079018473625183,0.7148374915122986,0.2826220393180847,-0.15077467262744904,0.7135375142097473,0.2826688587665558,-0.1507648229598999,0.7149507999420166,0.28380054235458374,-0.17739421129226685,0.7130592465400696,0.28433531522750854,-0.17739658057689667,0.710859477519989,0.28498175740242004,-0.17748847603797913,0.702500581741333,0.2933807075023651,-0.04640846699476242,0.6974362134933472,0.2949877083301544,-0.1684075891971588,0.722995400428772,0.3092116713523865,-0.12950929999351501,0.7211376428604126,0.3099847137928009,-0.16465124487876892,0.7320846319198608,0.364923357963562,0.042434319853782654,0.6563776731491089,0.3818413019180298,-0.16774281859397888,0.7938083410263062,0.3552631437778473,0.05317455530166626,0.6505293250083923,0.48741719126701355,-0.17671586573123932,0.8285835385322571,0.2845440208911896,-0.039021097123622894,0.6507430672645569,0.5678475499153137,-0.19719910621643066,0.8340587615966797,0.26319536566734314,-0.059195853769779205,0.6487600207328796,0.5944848656654358,-0.21098756790161133,0.827834963798523,0.257187157869339,-0.06500741839408875,0.6562809944152832,0.5934947729110718,-0.23800835013389587,0.8260475397109985,0.26650142669677734,-0.04780475050210953,0.6597537994384766,0.5846269726753235,-0.20656554400920868,0.7254476547241211,0.5523234605789185,0.05594905465841293,0.6792767643928528,0.5537923574447632,-0.05613876134157181,0.7213545441627502,0.6861012578010559,0.06282369792461395,0.6770756840705872,0.6836048364639282,-0.025501206517219543,0.721121609210968,0.8041148781776428,0.23186814785003662,0.672264039516449,0.7947326898574829,0.1608506739139557,0.7144135236740112,0.818013072013855,0.24069242179393768,0.6720224618911743,0.8105926513671875,0.17292648553848267,0.7379406690597534,0.8434953689575195,0.14372965693473816,0.6810073256492615,0.8332629799842834,0.06848429143428802
26,catch_cap,a04_s09_e03,0.7243796586990356,0.294126957654953,-0.15384800732135773,0.7160845994949341,0.2829018533229828,-0.13551492989063263,0.7148585319519043,0.2827877104282379,-0.13549982011318207,0.7135483026504517,0.2828226685523987,-0.13548441231250763,0.7149444818496704,0.2839464545249939,-0.16255372762680054,0.7130522131919861,0.28447723388671875,-0.1625555157661438,0.7108591794967651,0.2851172685623169,-0.16264338791370392,0.7024639844894409,0.29385003447532654,-0.037381161004304886,0.6974154114723206,0.29534199833869934,-0.16116151213645935,0.723052442073822,0.3092289865016937,-0.11529071629047394,0.721220076084137,0.3099932074546814,-0.15101119875907898,0.7319095730781555,0.3631255328655243,0.04337819293141365,0.6564543843269348,0.3829003870487213,-0.16580095887184143,0.7929729223251343,0.34838011860847473,0.06425322592258453,0.650497317314148,0.48810750246047974,-0.17750659584999084,0.8369169235229492,0.27881988883018494,-0.010612063109874725,0.6508077383041382,0.5683960318565369,-0.19415929913520813,0.8432425260543823,0.2616652548313141,-0.02778274193406105,0.6488474607467651,0.5950873494148254,-0.2070251703262329,0.8407930135726929,0.2560771405696869,-0.037802569568157196,0.6563221216201782,0.5941718220710754,-0.2345360964536667,0.8392931818962097,0.26223695278167725,-0.0209494736045599,0.6597834825515747,0.5852105617523193,-0.20370261371135712,0.7257139682769775,0.5523574352264404,0.05464298278093338,0.679486095905304,0.5538457632064819,-0.054829191416502,0.7213543653488159,0.6861313581466675,0.0677015632390976,0.6771007776260376,0.683629035949707,-0.02491755038499832,0.7211097478866577,0.8036063313484192,0.22770924866199493,0.672272801399231,0.7948868870735168,0.15752865374088287,0.7144110798835754,0.8175247311592102,0.23726868629455566,0.6720181703567505,0.8109406232833862,0.16933593153953552,0.737951397895813,0.8433237671852112,0.14811447262763977,0.6811039447784424,0.8333109617233276,0.06604929268360138
27,catch_cap,a04_s09_e03,0.724420428276062,0.29414352774620056,-0.14295759797096252,0.7161053419113159,0.282956600189209,-0.12540780007839203,0.7148851156234741,0.28284385800361633,-0.12539692223072052,0.7135666608810425,0.2828744351863861,-0.1253795176744461,0.7149565815925598,0.28399887681007385,-0.1526707410812378,0.7130669355392456,0.28452956676483154,-0.15267226099967957,0.7108869552612305,0.28516995906829834,-0.15275685489177704,0.7024543881416321,0.29410040378570557,-0.03240980952978134,0.6974225640296936,0.29557138681411743,-0.15704602003097534,0.7230759263038635,0.3091699779033661,-0.106453537940979,0.7212676405906677,0.3099449872970581,-0.14243488013744354,0.7319222688674927,0.36165133118629456,0.04120916128158569,0.65669846534729,0.3833591639995575,-0.16476021707057953,0.7936657667160034,0.34098026156425476,0.06903425604104996,0.6505545377731323,0.4886414408683777,-0.18017801642417908,0.8419195413589478,0.27862411737442017,0.007447394076734781,0.6508826613426208,0.5689144730567932,-0.19344907999038696,0.8508768081665039,0.26147398352622986,-0.007340754382312298,0.6488631367683411,0.5955802798271179,-0.2058999091386795,0.8494671583175659,0.2567768394947052,-0.020908813923597336,0.6562048196792603,0.5947310328483582,-0.23344416916370392,0.8472307324409485,0.26329708099365234,-0.004079639911651611,0.6596523523330688,0.5857527256011963,-0.20313994586467743,0.7260507345199585,0.5523616671562195,0.05392218381166458,0.6798176765441895,0.5538807511329651,-0.05410705879330635,0.7213680744171143,0.6861828565597534,0.07077470421791077,0.6771326661109924,0.6837133765220642,-0.02423834428191185,0.7210342288017273,0.8030214905738831,0.22659185528755188,0.672265887260437,0.7949033379554749,0.1600463092327118,0.7143362760543823,0.8170830607414246,0.23638153076171875,0.6719573736190796,0.811134934425354,0.17191484570503235,0.7379862666130066,0.8429692983627319,0.14952373504638672,0.6812408566474915,0.8333150744438171,0.06785059720277786
28,catch_cap,a04_s09_e03,0.724446177482605,0.2942795157432556,-0.11868617683649063,0.7161286473274231,0.28316137194633484,-0.10237349569797516,0.7149153351783752,0.28305381536483765,-0.10236278921365738,0.713593602180481,0.2830790579319,-0.10233964771032333,0.7149736285209656,0.2841815650463104,-0.12989987432956696,0.7130890488624573,0.28471019864082336,-0.1299085170030594,0.7109341621398926,0.2853473722934723,-0.13000203669071198,0.7024346590042114,0.29443904757499695,-0.01657169684767723,0.6975380182266235,0.29578444361686707,-0.1426394283771515,0.7230748534202576,0.3092104196548462,-0.08478283137083054,0.7212668061256409,0.3099856972694397,-0.12113114446401596,0.7316978573799133,0.36076557636260986,0.04860526695847511,0.6569142937660217,0.3838513195514679,-0.16044524312019348,0.7923412322998047,0.33743658661842346,0.09326110780239105,0.6507692337036133,0.4888603389263153,-0.17761024832725525,0.8429468274116516,0.2809551954269409,0.053745098412036896,0.6512261629104614,0.5691908001899719,-0.19303414225578308,0.8529947400093079,0.2657279968261719,0.04369175434112549,0.649048388004303,0.595964252948761,-0.20061878859996796,0.8525077104568481,0.2620851397514343,0.026213396340608597,0.6562806963920593,0.5951988101005554,-0.22682376205921173,0.8501026034355164,0.268628865480423,0.041125085204839706,0.6597243547439575,0.5861486792564392,-0.20201893150806427,0.7263637185096741,0.5523644685745239,0.05405695363879204,0.6802853345870972,0.5540354251861572,-0.054266370832920074,0.7213737964630127,0.6862398982048035,0.07430672645568848,0.6771767139434814,0.6839483976364136,-0.02177055925130844,0.7208765149116516,0.8028143048286438,0.22635266184806824,0.6722633242607117,0.7949429750442505,0.1595066785812378,0.7139450311660767,0.817041277885437,0.2349512130022049,0.6719211339950562,0.8117071390151978,0.17117567360401154,0.7380503416061401,0.8428525328636169,0.14694702625274658,0.6814521551132202,0.833318829536438,0.06846459209918976
29,catch_cap,a04_s09_e03,0.724489152431488,0.29434913396835327,-0.1248672604560852,0.7162388563156128,0.28329581022262573,-0.1079915314912796,0.7150396704673767,0.2831994593143463,-0.10798128694295883,0.7137166857719421,0.2832344174385071,-0.10795517265796661,0.7150783538818359,0.28429412841796875,-0.13610875606536865,0.7131986021995544,0.2848237156867981,-0.1361127346754074,0.7110694646835327,0.28546303510665894,-0.13620594143867493,0.7024428844451904,0.294675350189209,-0.019937030971050262,0.6977237462997437,0.29591476917266846,-0.14817598462104797,0.7230798006057739,0.30921879410743713,-0.09012528508901596,0.7212840914726257,0.3099950850009918,-0.127278670668602,0.7314280271530151,0.36017078161239624,0.04787556082010269,0.6570743322372437,0.3843705356121063,-0.1642303615808487,0.7915480732917786,0.334725558757782,0.08658440411090851,0.6508641839027405,0.48918089270591736,-0.19125983119010925,0.8445367813110352,0.2751694917678833,0.0420704148709774,0.6515055298805237,0.5695081949234009,-0.20062264800071716,0.8533633947372437,0.2599128186702728,0.030750665813684464,0.6491003036499023,0.5963497757911682,-0.21136093139648438,0.8525792956352234,0.2567233741283417,0.015792930498719215,0.6563405394554138,0.5957368612289429,-0.2375836819410324,0.8503750562667847,0.26337721943855286,0.030256811529397964,0.6598352789878845,0.5866562128067017,-0.20970754325389862,0.7265710234642029,0.5523588061332703,0.05639759451150894,0.6805728673934937,0.554106593132019,-0.056633561849594116,0.7213832139968872,0.6862351894378662,0.08563798666000366,0.6772434115409851,0.6840677857398987,-0.018745262175798416,0.7206167578697205,0.8024177551269531,0.22965383529663086,0.6722469329833984,0.7949515581130981,0.15905602276325226,0.7133041620254517,0.8169379830360413,0.23853430151939392,0.6714650988578796,0.8120107650756836,0.17057107388973236,0.7382431030273438,0.8424727320671082,0.15825942158699036,0.6817150115966797,0.8333054780960083,0.06910186260938644
30,catch_cap,a04_s09_e03,0.7246554493904114,0.2947547137737274,-0.12629058957099915,0.7163589596748352,0.28373053669929504,-0.10964921861886978,0.7151491641998291,0.28367695212364197,-0.1096394807100296,0.7138062715530396,0.2837541699409485,-0.10961423069238663,0.7152283787727356,0.28470277786254883,-0.13754181563854218,0.713361382484436,0.28525933623313904,-0.13754405081272125,0.7112635374069214,0.28591597080230713,-0.1376345008611679,0.7024333477020264,0.2954927682876587,-0.02241341583430767,0.6978952884674072,0.29637348651885986,-0.1500285416841507,0.7231241464614868,0.30958616733551025,-0.09187435358762741,0.7214311957359314,0.3102789521217346,-0.1287783533334732,0.7312617897987366,0.36003828048706055,0.044376932084560394,0.6571553945541382,0.3851589262485504,-0.16414621472358704,0.791178286075592,0.33306771516799927,0.07735024392604828,0.650906503200531,0.489803671836853,-0.1905425637960434,0.8444358110427856,0.27337944507598877,0.02892460487782955,0.6518797278404236,0.56999272108078,-0.19992682337760925,0.8543907999992371,0.25828221440315247,0.01650324836373329,0.6494225859642029,0.5970897674560547,-0.21117453277111053,0.853624165058136,0.25481683015823364,0.0018000237178057432,0.6566979885101318,0.5966619253158569,-0.2371722012758255,0.8509453535079956,0.2611425817012787,0.017175177112221718,0.6601978540420532,0.5874903202056885,-0.2088892012834549,0.7269013524055481,0.5523557662963867,0.05576488375663757,0.6810556054115295,0.5543764233589172,-0.05598399043083191,0.7215006947517395,0.6862404942512512,0.08228069543838501,0.6773070096969604,0.6844889521598816,-0.01723587140440941,0.7206074595451355,0.8020551204681396,0.2303389608860016,0.6722255349159241,0.7950030565261841,0.15840502083301544,0.7132670283317566,0.8166543245315552,0.23977074027061462,0.6714575886726379,0.8120856881141663,0.16978582739830017,0.7382575273513794,0.8422776460647583,0.16024324297904968,0.6817641854286194,0.8332673907279968,0.0689353197813034
31,catch_cap,a04_s09_e03,0.7247314453125,0.2955934703350067,-0.13183364272117615,0.7165051698684692,0.28452128171920776,-0.11517035961151123,0.7152989506721497,0.284507691860199,-0.11516036838293076,0.7139497995376587,0.2846258282661438,-0.1151370257139206,0.7154117822647095,0.285432368516922,-0.14290286600589752,0.7135826945304871,0.28598538041114807,-0.14290209114551544,0.7115415930747986,0.2866209149360657,-0.14299127459526062,0.7024382948875427,0.29620110988616943,-0.026979634538292885,0.698119044303894,0.2968927323818207,-0.1530759632587433,0.7231556177139282,0.310195654630661,-0.09705103188753128,0.7215349078178406,0.31079015135765076,-0.1337238997220993,0.7312166094779968,0.35963574051856995,0.04392600804567337,0.6572190523147583,0.38568347692489624,-0.16613158583641052,0.79169100522995,0.3320741057395935,0.07067215442657471,0.6511138081550598,0.490409791469574,-0.19289889931678772,0.8438952565193176,0.27101483941078186,0.022298386320471764,0.6524752378463745,0.5704001784324646,-0.20183801651000977,0.8538637161254883,0.25570446252822876,0.009932445362210274,0.6500499248504639,0.5977264642715454,-0.21325644850730896,0.8523712158203125,0.2508062720298767,-0.003471165196970105,0.6573553085327148,0.5973116755485535,-0.238657146692276,0.8497675657272339,0.25684991478919983,0.011120947077870369,0.660794198513031,0.5881155133247375,-0.21060879528522491,0.7273868322372437,0.5523573756217957,0.055661916732788086,0.6816519498825073,0.5544490218162537,-0.055849842727184296,0.7216722369194031,0.6862256526947021,0.08358871936798096,0.6773521304130554,0.6845571398735046,-0.012292659841477871,0.720600962638855,0.8015375733375549,0.2408355176448822,0.6722161173820496,0.7948392629623413,0.16062983870506287,0.713254988193512,0.816010057926178,0.25160086154937744,0.6714635491371155,0.8117992877960205,0.17225255072116852,0.7383072376251221,0.8420229554176331,0.17353814840316772,0.6818280816078186,0.8332754373550415,0.07717697322368622
32,catch_cap,a04_s09_e03,0.7248527407646179,0.2958740293979645,-0.13564635813236237,0.7166781425476074,0.2848862111568451,-0.1186845451593399,0.7154760360717773,0.28491008281707764,-0.11867493391036987,0.7141249179840088,0.2850751280784607,-0.11865328252315521,0.7156268358230591,0.2857697606086731,-0.14619387686252594,0.7138402462005615,0.286337286233902,-0.1461952030658722,0.7118569612503052,0.2869814932346344,-0.14628799259662628,0.7024497985839844,0.2966180741786957,-0.029208749532699585,0.6984414458274841,0.29717496037483215,-0.15460100769996643,0.7232756018638611,0.3103443384170532,-0.10033520311117172,0.721750020980835,0.31090280413627625,-0.13671748340129852,0.7312029600143433,0.35949456691741943,0.04242730513215065,0.6573765277862549,0.38585811853408813,-0.1670055091381073,0.7924853563308716,0.3301158547401428,0.06806338578462601,0.6511563062667847,0.49077460169792175,-0.1931999921798706,0.8427445292472839,0.2643944025039673,0.016829632222652435,0.6527881622314453,0.5706687569618225,-0.20380881428718567,0.8530014157295227,0.2490423172712326,0.003769506234675646,0.6503962874412537,0.5981506705284119,-0.21522608399391174,0.851161003112793,0.24401694536209106,-0.008323927409946918,0.6579069495201111,0.5976710915565491,-0.24046631157398224,0.8481453061103821,0.24942870438098907,0.005983452312648296,0.6612996459007263,0.5884268879890442,-0.21247915923595428,0.7276886701583862,0.5523925423622131,0.05531294271349907,0.6819489002227783,0.5545234084129333,-0.05551265552639961,0.7217680215835571,0.6862292885780334,0.08344109356403351,0.6774771809577942,0.6846061944961548,-0.012722082436084747,0.7205162048339844,0.8006040453910828,0.2458215057849884,0.6722102165222168,0.7944539189338684,0.16243976354599,0.7129601240158081,0.8151904344558716,0.25723451375961304,0.6712762117385864,0.8114984631538391,0.17405357956886292,0.7384039759635925,0.8414326906204224,0.1807936728000641,0.6822455525398254,0.833256721496582,0.07868856936693192
33,catch_cap,a04_s09_e03,0.7248853445053101,0.29652827978134155,-0.13905756175518036,0.7168012261390686,0.2854551374912262,-0.12201645225286484,0.7156168222427368,0.2854786217212677,-0.12201032787561417,0.7142904996871948,0.2856403887271881,-0.12199020385742188,0.7157762050628662,0.2863048017024994,-0.1492050439119339,0.7140229940414429,0.28684911131858826,-0.14920467138290405,0.7120924592018127,0.2874560058116913,-0.14929240942001343,0.7025119662284851,0.29694339632987976,-0.03097989782691002,0.6987121105194092,0.2973986268043518,-0.1554355025291443,0.72329181432724,0.3108389675617218,-0.10320206731557846,0.7217884063720703,0.3113578259944916,-0.13917894661426544,0.7311779260635376,0.3594759404659271,0.04153994098305702,0.657443642616272,0.38627639412879944,-0.16679264605045319,0.7925621867179871,0.33028069138526917,0.06524968147277832,0.651201069355011,0.4911313056945801,-0.19195011258125305,0.8424623608589172,0.259171724319458,0.004628658294677734,0.6531581282615662,0.5708744525909424,-0.1887252926826477,0.8510946035385132,0.24493862688541412,-0.010214652866125107,0.6507237553596497,0.5984190106391907,-0.19793297350406647,0.8492345809936523,0.24004265666007996,-0.021217666566371918,0.6583840847015381,0.5978412628173828,-0.22233743965625763,0.8471142053604126,0.24429751932621002,-0.005956811830401421,0.6617704629898071,0.5885847210884094,-0.1964743435382843,0.7279400825500488,0.5524130463600159,0.05509522557258606,0.682194709777832,0.554558515548706,-0.05532464385032654,0.7219326496124268,0.6862375736236572,0.0811506137251854,0.6775476336479187,0.6845801472663879,-0.012722508981823921,0.720515787601471,0.8003228902816772,0.24388238787651062,0.6721245050430298,0.7938653230667114,0.17209023237228394,0.7129031419754028,0.8147882223129272,0.25566303730010986,0.671113133430481,0.8108842968940735,0.18514256179332733,0.7386928796768188,0.8413915634155273,0.17713618278503418,0.682258129119873,0.8332293033599854,0.08690422773361206
34,catch_cap,a04_s09_e03,0.7249734997749329,0.29671961069107056,-0.14064347743988037,0.7169678211212158,0.2856636345386505,-0.12336274236440659,0.7158058881759644,0.2856885492801666,-0.12335238605737686,0.7145124077796936,0.28585004806518555,-0.12333039939403534,0.7159598469734192,0.2864753305912018,-0.15063266456127167,0.7142469882965088,0.28699952363967896,-0.1506362110376358,0.7123838663101196,0.28758400678634644,-0.15073087811470032,0.7026455998420715,0.2970768213272095,-0.03141628950834274,0.6990901827812195,0.2974576950073242,-0.15601877868175507,0.7234495878219604,0.3109358251094818,-0.10430236905813217,0.7219887375831604,0.3114241659641266,-0.14039281010627747,0.7310205698013306,0.3594403564929962,0.04073913022875786,0.6576654314994812,0.3864143192768097,-0.1665244847536087,0.7921584844589233,0.33059054613113403,0.06574773788452148,0.6512673497200012,0.4913809895515442,-0.18619129061698914,0.8369128108024597,0.254243940114975,0.0076538557186722755,0.6536719799041748,0.570980966091156,-0.1746344119310379,0.846724808216095,0.2392883151769638,-0.006703983061015606,0.6510960459709167,0.5985642671585083,-0.18274623155593872,0.8448594212532043,0.23613744974136353,-0.015959087759256363,0.6589779853820801,0.5979472994804382,-0.20674613118171692,0.8425966501235962,0.2405833601951599,-0.002201520372182131,0.6623875498771667,0.5887057185173035,-0.181938037276268,0.7280534505844116,0.552412748336792,0.054995886981487274,0.6822428107261658,0.554569661617279,-0.05525065213441849,0.7220615148544312,0.686216413974762,0.08044566959142685,0.6777040362358093,0.684524655342102,-0.010362273082137108,0.7205373048782349,0.8002281785011292,0.24257417023181915,0.6720616817474365,0.7932609915733337,0.1840122640132904,0.7129194736480713,0.8144953846931458,0.25457900762557983,0.6708193421363831,0.8101638555526733,0.19790516793727875,0.7387803792953491,0.8413726091384888,0.17472098767757416,0.6823793053627014,0.8331538438796997,0.09723524749279022
35,catch_cap,a04_s09_e03,0.725164532661438,0.29697075486183167,-0.14059217274188995,0.717376172542572,0.2858763039112091,-0.1229681521654129,0.7162183523178101,0.28588753938674927,-0.12295360863208771,0.714932382106781,0.2860313951969147,-0.1229291781783104,0.7164645791053772,0.2866472601890564,-0.15074387192726135,0.7148052453994751,0.287139356136322,-0.15075241029262543,0.7130076885223389,0.2876926064491272,-0.1508542001247406,0.7028812170028687,0.29722604155540466,-0.02999235689640045,0.6997559070587158,0.2975131869316101,-0.1564052402973175,0.723598837852478,0.31113460659980774,-0.1037788838148117,0.7222112417221069,0.3115602135658264,-0.1405509114265442,0.730890154838562,0.3592342436313629,0.04118259996175766,0.6578571796417236,0.38667044043540955,-0.1663876473903656,0.7909756898880005,0.3306232690811157,0.06440911442041397,0.651422917842865,0.4915767312049866,-0.1797281950712204,0.8306055068969727,0.2520439326763153,0.00037971718120388687,0.6540602445602417,0.5711134076118469,-0.1688719540834427,0.8397136926651001,0.23558898270130157,-0.015289771370589733,0.6513828635215759,0.5987027883529663,-0.17717954516410828,0.8380123376846313,0.23303011059761047,-0.02381698600947857,0.6592898964881897,0.5981051921844482,-0.201079323887825,0.8344462513923645,0.23787204921245575,-0.009445863775908947,0.662717878818512,0.588873565196991,-0.17615780234336853,0.7282596826553345,0.5523282885551453,0.05495304986834526,0.682390034198761,0.554571807384491,-0.05522479861974716,0.722206175327301,0.6861342191696167,0.07523904740810394,0.6777555346488953,0.6845144629478455,-0.011779159307479858,0.7205808162689209,0.8001601099967957,0.24090690910816193,0.671981930732727,0.7929579019546509,0.18194150924682617,0.7129224538803101,0.8142449855804443,0.25289714336395264,0.6705185770988464,0.8098024129867554,0.19519181549549103,0.7388195395469666,0.8414432406425476,0.17272821068763733,0.6825376152992249,0.8331992626190186,0.09378577768802643
36,catch_cap,a04_s09_e03,0.7253468036651611,0.29717180132865906,-0.1408410221338272,0.7177684307098389,0.2860766053199768,-0.12279204279184341,0.7166138291358948,0.2860642969608307,-0.12277527898550034,0.7153187394142151,0.2861839532852173,-0.12274807691574097,0.7169574499130249,0.286827027797699,-0.15101006627082825,0.7153702974319458,0.287285715341568,-0.15102362632751465,0.7136303782463074,0.28780701756477356,-0.15112805366516113,0.7030843496322632,0.2972855865955353,-0.027873292565345764,0.7003768682479858,0.2975309193134308,-0.15667206048965454,0.7237478494644165,0.3112944960594177,-0.1034243106842041,0.7224465608596802,0.3116884231567383,-0.14079882204532623,0.73028963804245,0.35879191756248474,0.04367770999670029,0.6581345200538635,0.38690367341041565,-0.16620558500289917,0.7878910303115845,0.3301849067211151,0.06661473214626312,0.6517164707183838,0.49198436737060547,-0.17523735761642456,0.8239270448684692,0.250993549823761,0.0031986706890165806,0.6542726755142212,0.5712645649909973,-0.1605677604675293,0.8309203386306763,0.2329488843679428,-0.012734089978039265,0.6515375971794128,0.5987787842750549,-0.16776902973651886,0.8293323516845703,0.2307511419057846,-0.019770177081227303,0.6594010591506958,0.598202645778656,-0.19158779084682465,0.8271514177322388,0.23528049886226654,-0.006328869611024857,0.6628499627113342,0.5890215635299683,-0.16752545535564423,0.7285642027854919,0.5523218512535095,0.05476243421435356,0.6825583577156067,0.5546128153800964,-0.05503084510564804,0.7222501039505005,0.6860158443450928,0.07493974268436432,0.6778486371040344,0.6845253109931946,-0.012041797861456871,0.7205806970596313,0.7999802827835083,0.24225406348705292,0.6719808578491211,0.7928093671798706,0.18076592683792114,0.7128757834434509,0.813962996006012,0.25458261370658875,0.6704641580581665,0.8096206188201904,0.19403308629989624,0.738807201385498,0.841446042060852,0.17518091201782227,0.6828064322471619,0.833171546459198,0.0916343629360199
37,catch_cap,a04_s09_e03,0.7254682183265686,0.29721108078956604,-0.1457369178533554,0.7179684042930603,0.28622013330459595,-0.12652677297592163,0.7167848944664001,0.2862069308757782,-0.1265096366405487,0.7154637575149536,0.2863198220729828,-0.12648126482963562,0.7172614336013794,0.2869452238082886,-0.15572687983512878,0.7157236337661743,0.2873883843421936,-0.15576016902923584,0.7140449285507202,0.2878897488117218,-0.15587452054023743,0.7031784653663635,0.2973320186138153,-0.028778478503227234,0.7009760141372681,0.2975403368473053,-0.16032251715660095,0.7238101959228516,0.31130239367485046,-0.10634291172027588,0.7226144075393677,0.3116912543773651,-0.1450289636850357,0.7296431064605713,0.35851117968559265,0.0430271290242672,0.6586089730262756,0.38720983266830444,-0.16669268906116486,0.7859067916870117,0.3274308145046234,0.065005823969841,0.6525291204452515,0.4922070801258087,-0.1717221438884735,0.821567177772522,0.2480563223361969,-0.0020005886908620596,0.6551035642623901,0.5713810324668884,-0.1505836397409439,0.8289358019828796,0.227886363863945,-0.020317986607551575,0.6521803140640259,0.5988635420799255,-0.15667468309402466,0.8258945345878601,0.22557808458805084,-0.02397504635155201,0.6599782705307007,0.59831702709198,-0.18129464983940125,0.8243600130081177,0.2309248149394989,-0.011641200631856918,0.6634520888328552,0.5891866683959961,-0.15765611827373505,0.728760302066803,0.5523443222045898,0.054622113704681396,0.682759165763855,0.5547642111778259,-0.054887425154447556,0.7222647666931152,0.6858444213867188,0.0761929601430893,0.6779745817184448,0.6845503449440002,-0.012905414216220379,0.720562219619751,0.7997761368751526,0.2537670433521271,0.6720281839370728,0.7928217053413391,0.1810600608587265,0.7126897573471069,0.8138367533683777,0.2670154869556427,0.670435905456543,0.8096296191215515,0.19458094239234924,0.7388116121292114,0.8414430022239685,0.18776662647724152,0.6831405758857727,0.8332079648971558,0.09069724380970001
38,catch_cap,a04_s09_e03,0.7256890535354614,0.29721370339393616,-0.1599894016981125,0.7183917760848999,0.2862854301929474,-0.13973331451416016,0.7172379493713379,0.28627148270606995,-0.13971619307994843,0.7159508466720581,0.28637757897377014,-0.13969221711158752,0.7176429629325867,0.2870020270347595,-0.16832011938095093,0.7160990238189697,0.28743776679039,-0.16835029423236847,0.7144245505332947,0.2879287302494049,-0.1684601604938507,0.7036540508270264,0.29733455181121826,-0.03555092215538025,0.7013036012649536,0.29757076501846313,-0.16669966280460358,0.7239878177642822,0.3113199472427368,-0.1188674345612526,0.7227908968925476,0.3117087781429291,-0.15683990716934204,0.7296319603919983,0.3581252098083496,0.03621508181095123,0.6587363481521606,0.38735148310661316,-0.1665758490562439,0.7845774292945862,0.32304635643959045,0.06070030480623245,0.6529556512832642,0.49233946204185486,-0.16975615918636322,0.8215675354003906,0.23925668001174927,-0.0036480899434536695,0.6558405160903931,0.5713827013969421,-0.15650880336761475,0.829666793346405,0.22238032519817352,-0.021171312779188156,0.652703046798706,0.5988454222679138,-0.16399838030338287,0.8274591565132141,0.220818892121315,-0.026165466755628586,0.6603617668151855,0.5983113050460815,-0.18839415907859802,0.8247773051261902,0.22428540885448456,-0.013140116818249226,0.6638376116752625,0.5891999006271362,-0.1637614518404007,0.7292457818984985,0.552345871925354,0.05204444378614426,0.6830115914344788,0.5548452138900757,-0.05231700465083122,0.7223546504974365,0.6858378648757935,0.06998132169246674,0.6779781579971313,0.6845487952232361,-0.013012799434363842,0.7203315496444702,0.7990502715110779,0.26203998923301697,0.6720267534255981,0.7928287386894226,0.19578464329242706,0.7118683457374573,0.8132086396217346,0.27681073546409607,0.670482337474823,0.8096323013305664,0.21079865097999573,0.738625705242157,0.8415078520774841,0.19282566010951996,0.683180034160614,0.8334205150604248,0.10249247401952744
39,catch_cap,a04_s09_e03,0.7257099151611328,0.29733806848526,-0.1677812933921814,0.7185413837432861,0.2865050733089447,-0.14770600199699402,0.7174299359321594,0.28648802638053894,-0.14768637716770172,0.7161902189254761,0.28657767176628113,-0.14765937626361847,0.7177596092224121,0.2871737480163574,-0.175297349691391,0.716225266456604,0.2875814139842987,-0.17533200979232788,0.7145543098449707,0.2880503833293915,-0.17543528974056244,0.704052746295929,0.29734888672828674,-0.04251118376851082,0.7013730406761169,0.2977127134799957,-0.16983440518379211,0.723997950553894,0.3115392029285431,-0.1265418529510498,0.7227908372879028,0.3119387626647949,-0.1632326990365982,0.7296407222747803,0.35748663544654846,0.026325220242142677,0.6587334871292114,0.38739511370658875,-0.16512729227542877,0.7831588983535767,0.3197835385799408,0.04853758215904236,0.6532956957817078,0.4923589825630188,-0.15555661916732788,0.8199324607849121,0.2367248386144638,-0.016556136310100555,0.6567579507827759,0.5713688135147095,-0.13225862383842468,0.8269432783126831,0.21850600838661194,-0.0354698970913887,0.6535822749137878,0.5988114476203918,-0.1377849280834198,0.8253697156906128,0.21554645895957947,-0.044735588133335114,0.6609494090080261,0.598301887512207,-0.16205474734306335,0.8241389989852905,0.22021985054016113,-0.027783701196312904,0.6643725633621216,0.589187741279602,-0.1392108052968979,0.7295225262641907,0.5522700548171997,0.047236405313014984,0.6831592917442322,0.554906964302063,-0.047487884759902954,0.7225507497787476,0.6858130693435669,0.06773412972688675,0.6780588626861572,0.6845588088035583,-0.011654216796159744,0.7202929854393005,0.7976149320602417,0.2672390043735504,0.6720291376113892,0.7927407026290894,0.20433273911476135,0.7117894887924194,0.811758816242218,0.2826692461967468,0.6705726385116577,0.8091486096382141,0.219812273979187,0.7379841804504395,0.8415037393569946,0.19706012308597565,0.6831161975860596,0.8336519002914429,0.11034121364355087
40,catch_cap,a04_s09_e03,0.725713849067688,0.298141747713089,-0.1661975234746933,0.7187808752059937,0.28701889514923096,-0.14632166922092438,0.7177271246910095,0.28697648644447327,-0.14630535244941711,0.7165372371673584,0.28704890608787537,-0.14628107845783234,0.7179330587387085,0.28766709566116333,-0.17428788542747498,0.7163989543914795,0.2880322337150574,-0.17432010173797607,0.7147163152694702,0.2884761393070221,-0.17442502081394196,0.7043682336807251,0.29742512106895447,-0.04205780848860741,0.7014545798301697,0.29786422848701477,-0.17042821645736694,0.723984956741333,0.31221526861190796,-0.12515975534915924,0.7227376699447632,0.31259074807167053,-0.16229364275932312,0.7294728755950928,0.3566031754016876,0.025395989418029785,0.6587545275688171,0.38749536871910095,-0.1635742485523224,0.7820010781288147,0.31779056787490845,0.0449780598282814,0.6537492275238037,0.49234655499458313,-0.15803010761737823,0.8176535367965698,0.23622441291809082,-0.01964939385652542,0.6578055620193481,0.5713493227958679,-0.14555425941944122,0.8239205479621887,0.21675333380699158,-0.039179928600788116,0.6548548340797424,0.5987963080406189,-0.15318726003170013,0.8217943906784058,0.2126838117837906,-0.04825698584318161,0.6620073318481445,0.5982893705368042,-0.1777917444705963,0.8201087117195129,0.21781910955905914,-0.03071216680109501,0.6653921008110046,0.5891746878623962,-0.15297335386276245,0.7300763130187988,0.5522438883781433,0.044810764491558075,0.6834346055984497,0.5549118518829346,-0.04505113512277603,0.7228002548217773,0.6858298778533936,0.06207672879099846,0.678101122379303,0.6844796538352966,-0.012756964191794395,0.720271110534668,0.7968295812606812,0.2671215534210205,0.6719948053359985,0.7926405668258667,0.20392069220542908,0.7116791009902954,0.810886025428772,0.28281480073928833,0.6705745458602905,0.8088256120681763,0.21951600909233093,0.7372910976409912,0.8414978384971619,0.19555699825286865,0.6830750107765198,0.8336915969848633,0.10886065661907196
41,catch_cap,a04_s09_e03,0.7257654070854187,0.29867827892303467,-0.164305180311203,0.7189886569976807,0.28733524680137634,-0.1444281041622162,0.7179335951805115,0.2872820496559143,-0.1444130837917328,0.7167315483093262,0.28736475110054016,-0.14438921213150024,0.718140721321106,0.2879810929298401,-0.17257454991340637,0.716611385345459,0.28832319378852844,-0.17260365188121796,0.7149275541305542,0.2887587249279022,-0.1727059781551361,0.7045121192932129,0.29756730794906616,-0.0413917601108551,0.7017054557800293,0.29803666472435,-0.16975858807563782,0.7239985466003418,0.3125556409358978,-0.1234905868768692,0.7227368950843811,0.3129499852657318,-0.1608109474182129,0.7294064164161682,0.3558812737464905,0.02698797918856144,0.658752977848053,0.3877582252025604,-0.16351985931396484,0.7810226678848267,0.3175380527973175,0.04580288752913475,0.6541954278945923,0.49233710765838623,-0.16071157157421112,0.8167608380317688,0.2374296635389328,-0.020165741443634033,0.6584555506706238,0.5713487863540649,-0.15096548199653625,0.8231128454208374,0.21703661978244781,-0.03997098654508591,0.6559038758277893,0.5988597869873047,-0.15897516906261444,0.8206592798233032,0.21365071833133698,-0.048707444220781326,0.6630640029907227,0.5982972383499146,-0.18382325768470764,0.8185809850692749,0.21808594465255737,-0.03115500509738922,0.6663064956665039,0.5891682505607605,-0.15853795409202576,0.730243444442749,0.5522611737251282,0.045371606945991516,0.683426022529602,0.5552091002464294,-0.04561062902212143,0.7229979634284973,0.685837984085083,0.06406915932893753,0.6781402826309204,0.6844751238822937,-0.010467817075550556,0.720194935798645,0.7960167527198792,0.2648293077945709,0.672005295753479,0.7926918268203735,0.20200856029987335,0.71129310131073,0.8104156255722046,0.2796276807785034,0.6705619096755981,0.8089985251426697,0.21696582436561584,0.7368901968002319,0.8412646055221558,0.1945347636938095,0.6830938458442688,0.8338051438331604,0.10832860320806503
42,catch_cap,a04_s09_e03,0.7257696390151978,0.30030557513237,-0.15477724373340607,0.7190808653831482,0.2885649800300598,-0.13431291282176971,0.7180150747299194,0.28844591975212097,-0.13429200649261475,0.7168012857437134,0.2884579300880432,-0.13426998257637024,0.7182393670082092,0.28917139768600464,-0.16281911730766296,0.7167073488235474,0.2894062399864197,-0.16286173462867737,0.7150183916091919,0.28972387313842773,-0.16294953227043152,0.7045475244522095,0.29803770780563354,-0.028848430141806602,0.7018153071403503,0.2985256314277649,-0.15913979709148407,0.7239748239517212,0.3136487603187561,-0.11303733289241791,0.7226674556732178,0.3140951991081238,-0.1507546454668045,0.7290692925453186,0.3554658591747284,0.035875312983989716,0.6587532758712769,0.38809195160865784,-0.15176764130592346,0.7808762192726135,0.3176960051059723,0.04684927314519882,0.6546858549118042,0.49231278896331787,-0.1387949436903,0.8170351982116699,0.2389886975288391,-0.029029127210378647,0.6594427227973938,0.5713236927986145,-0.10237108170986176,0.823992908000946,0.21911856532096863,-0.050343774259090424,0.6570730209350586,0.5988513231277466,-0.10574460029602051,0.8209436535835266,0.21504302322864532,-0.059744786471128464,0.6643954515457153,0.598290741443634,-0.13083967566490173,0.8185669779777527,0.21997769176959991,-0.04072434455156326,0.6675596237182617,0.5891266465187073,-0.10929061472415924,0.7303253412246704,0.5523529648780823,0.04497859627008438,0.6834182143211365,0.5556948184967041,-0.04520108550786972,0.7231128215789795,0.6859581470489502,0.06245976686477661,0.6781725883483887,0.6845300197601318,-0.01144032645970583,0.7200849652290344,0.7955815196037292,0.2618153691291809,0.6720252633094788,0.7926665544509888,0.19875405728816986,0.7108574509620667,0.8100922703742981,0.2760103940963745,0.6705693602561951,0.8088791370391846,0.21339774131774902,0.7361521124839783,0.8408282995223999,0.1914578676223755,0.6830449104309082,0.8337714076042175,0.10561326891183853
43,catch_cap,a04_s09_e03,0.725770115852356,0.3021051585674286,-0.15479782223701477,0.719115674495697,0.29011842608451843,-0.13437341153621674,0.7180500030517578,0.2899242341518402,-0.13435301184654236,0.7168353199958801,0.2898300588130951,-0.13433080911636353,0.7182636260986328,0.29071691632270813,-0.16282901167869568,0.7167254686355591,0.29085883498191833,-0.1628721058368683,0.7150272727012634,0.29105761647224426,-0.16295942664146423,0.7046152949333191,0.29894140362739563,-0.029497001320123672,0.7018095850944519,0.2995099425315857,-0.15968811511993408,0.7239624261856079,0.3149959146976471,-0.11318185180425644,0.7225872278213501,0.3155894875526428,-0.15083304047584534,0.7289911508560181,0.35502585768699646,0.03622555360198021,0.658711314201355,0.3886511027812958,-0.15352728962898254,0.7808563709259033,0.31902217864990234,0.04748862236738205,0.6549414992332458,0.49230822920799255,-0.14754769206047058,0.8169142007827759,0.2410573661327362,-0.02712744101881981,0.6602582335472107,0.571374237537384,-0.12568669021129608,0.8245887756347656,0.22074133157730103,-0.04800167679786682,0.6581230759620667,0.598983645439148,-0.13162097334861755,0.8209779858589172,0.2162114977836609,-0.05674923583865166,0.6656433343887329,0.5983348488807678,-0.15693382918834686,0.818443775177002,0.22178034484386444,-0.03836715593934059,0.6685959696769714,0.589126467704773,-0.13310356438159943,0.7303840517997742,0.5523971319198608,0.04517286643385887,0.6834293603897095,0.5560895800590515,-0.045393310487270355,0.7232972383499146,0.685965895652771,0.06210928410291672,0.6781765222549438,0.6845367550849915,-0.011621765792369843,0.7200233936309814,0.7950692772865295,0.25539958477020264,0.672030508518219,0.7926399111747742,0.1978062093257904,0.7106673121452332,0.8096345663070679,0.2695712447166443,0.6705701351165771,0.8088328242301941,0.2124384194612503,0.7359589338302612,0.8405738472938538,0.18430155515670776,0.683053731918335,0.8337267637252808,0.10482607781887054
44,catch_cap,a04_s09_e03,0.7253825664520264,0.3023090064525604,-0.15569131076335907,0.7188352346420288,0.2903635799884796,-0.13525554537773132,0.7177733182907104,0.2901635468006134,-0.13523675501346588,0.7165762782096863,0.29005682468414307,-0.13521699607372284,0.7179825901985168,0.29095837473869324,-0.1635052114725113,0.716442346572876,0.29109323024749756,-0.16354502737522125,0.7147328853607178,0.291284441947937,-0.16363367438316345,0.7043880224227905,0.29908469319343567,-0.030172595754265785,0.7014986276626587,0.299753338098526,-0.15997008979320526,0.7233598232269287,0.31514641642570496,-0.1137990802526474,0.7218254804611206,0.31578120589256287,-0.151251882314682,0.7289029955863953,0.3550320565700531,0.036516617983579636,0.6586374044418335,0.3887808620929718,-0.15336383879184723,0.7809685468673706,0.31982555985450745,0.04646313562989235,0.6552613973617554,0.4921664893627167,-0.14701606333255768,0.8173168301582336,0.2419399470090866,-0.03176090866327286,0.661058247089386,0.5716969966888428,-0.12594370543956757,0.8249043226242065,0.22152601182460785,-0.053199540823698044,0.6590151190757751,0.599585771560669,-0.13145054876804352,0.8200880885124207,0.21688328683376312,-0.06054120510816574,0.666889488697052,0.5987864136695862,-0.1574748456478119,0.8181160092353821,0.22283604741096497,-0.04231255128979683,0.6697003841400146,0.5893467664718628,-0.1336037665605545,0.7303779721260071,0.5524197220802307,0.04541504755616188,0.6834244728088379,0.5564036965370178,-0.04563666507601738,0.7233220338821411,0.6859663724899292,0.06257452070713043,0.6781822443008423,0.6845391392707825,-0.011701250448822975,0.719974160194397,0.7950160503387451,0.25151166319847107,0.6720430850982666,0.7926595211029053,0.19617779552936554,0.7104200124740601,0.8096694350242615,0.2654629945755005,0.670573353767395,0.8089494109153748,0.21047885715961456,0.7357752323150635,0.840149998664856,0.18115124106407166,0.6830779314041138,0.8336936235427856,0.1035877913236618
45,catch_cap,a04_s09_e03,0.7248924374580383,0.3025035858154297,-0.1558239758014679,0.7183051109313965,0.2904870808124542,-0.13536451756954193,0.7172316908836365,0.2903048098087311,-0.13534685969352722,0.71602863073349,0.290214478969574,-0.13532833755016327,0.7174974083900452,0.291061669588089,-0.1636163294315338,0.715974748134613,0.2911982536315918,-0.16365432739257812,0.7142597436904907,0.29139673709869385,-0.16374358534812927,0.7038394212722778,0.2992625832557678,-0.03051399625837803,0.700945258140564,0.2999979257583618,-0.16012732684612274,0.7228136658668518,0.3153325617313385,-0.113824762403965,0.7212613821029663,0.3160253167152405,-0.1513049453496933,0.7289044857025146,0.3550642728805542,0.03888963907957077,0.6585327982902527,0.38878053426742554,-0.1539328545331955,0.7820454835891724,0.3229975998401642,0.04676278680562973,0.6555984020233154,0.4915465712547302,-0.1498085856437683,0.8171015977859497,0.2436203807592392,-0.03332062065601349,0.6614314913749695,0.5717054009437561,-0.1312846690416336,0.8225522041320801,0.22239814698696136,-0.05511964112520218,0.6594184041023254,0.5996322631835938,-0.13725613057613373,0.8184431195259094,0.2180282026529312,-0.061775971204042435,0.6673668622970581,0.5988277792930603,-0.16262923181056976,0.8168983459472656,0.2230769842863083,-0.043435171246528625,0.6701454520225525,0.5893504023551941,-0.13882115483283997,0.730373740196228,0.5524032711982727,0.04635520279407501,0.6834310293197632,0.5564455389976501,-0.046569712460041046,0.723319411277771,0.6858714818954468,0.06324756890535355,0.6783454418182373,0.6845706701278687,-0.013879026286303997,0.7199212908744812,0.7949619889259338,0.2501400113105774,0.6722204685211182,0.7927313446998596,0.18440411984920502,0.7102307081222534,0.8096706867218018,0.263876348733902,0.6707431077957153,0.8091327548027039,0.1978885978460312,0.7355650663375854,0.8395875692367554,0.18082919716835022,0.6832723021507263,0.8335186839103699,0.09219680726528168
46,catch_cap,a04_s09_e03,0.7243399620056152,0.3024653494358063,-0.1551380455493927,0.7175922989845276,0.29033082723617554,-0.1348746120929718,0.7165043354034424,0.29017141461372375,-0.13485905528068542,0.7153081893920898,0.2901035249233246,-0.1348419487476349,0.7167893052101135,0.2908977270126343,-0.16301921010017395,0.7152459621429443,0.2910507023334503,-0.16305173933506012,0.7135088443756104,0.29127493500709534,-0.1631450653076172,0.7032548785209656,0.29923325777053833,-0.030631348490715027,0.7001341581344604,0.29999464750289917,-0.15981270372867584,0.7222551703453064,0.31530776619911194,-0.11360131204128265,0.7207029461860657,0.3159950077533722,-0.15092721581459045,0.7289007902145386,0.35517728328704834,0.04107249528169632,0.6585313081741333,0.38841572403907776,-0.1544492095708847,0.7824949026107788,0.32958167791366577,0.04718249291181564,0.655697762966156,0.4910828173160553,-0.1513679474592209,0.8156780004501343,0.24914416670799255,-0.03916644677519798,0.6614970564842224,0.571705162525177,-0.14214660227298737,0.8199165463447571,0.22456535696983337,-0.06123245507478714,0.6595253944396973,0.599643349647522,-0.15023265779018402,0.8164246678352356,0.22051605582237244,-0.06637544184923172,0.6675392389297485,0.5988275408744812,-0.17545761168003082,0.8144041895866394,0.22856034338474274,-0.048431988805532455,0.6703118681907654,0.589341402053833,-0.149850994348526,0.7303964495658875,0.5523929595947266,0.04786369949579239,0.6834882497787476,0.5564541220664978,-0.04807983711361885,0.7233155965805054,0.685844361782074,0.0634990781545639,0.6784631013870239,0.6847116351127625,-0.015109759755432606,0.7199176549911499,0.794991672039032,0.24438264966011047,0.6723712086677551,0.7929326295852661,0.17916277050971985,0.7101806402206421,0.8097078204154968,0.25767233967781067,0.6709021925926208,0.8096672296524048,0.1924825757741928,0.7355448007583618,0.8393455147743225,0.1764567494392395,0.6835265159606934,0.833479106426239,0.08815378695726395
47,catch_cap,a04_s09_e03,0.7241126894950867,0.3022666275501251,-0.14562973380088806,0.7173321843147278,0.28999456763267517,-0.1272694617509842,0.7162495255470276,0.2898600697517395,-0.12724924087524414,0.7150530219078064,0.2898273766040802,-0.12722790241241455,0.716433584690094,0.2906087040901184,-0.15712931752204895,0.7148147821426392,0.29080983996391296,-0.15714731812477112,0.7129849195480347,0.2910941541194916,-0.15724384784698486,0.7029705047607422,0.29906895756721497,-0.028952211141586304,0.6992013454437256,0.29996830224990845,-0.1617673933506012,0.7219581604003906,0.3152087330818176,-0.10668444633483887,0.72027587890625,0.3159317970275879,-0.14603611826896667,0.7289038896560669,0.3554932177066803,0.0450739748775959,0.6580482721328735,0.3878372311592102,-0.16666167974472046,0.7832310199737549,0.33986395597457886,0.050159841775894165,0.6556803584098816,0.49080726504325867,-0.18560752272605896,0.8135762214660645,0.2614458203315735,-0.035824600607156754,0.66147780418396,0.571704089641571,-0.18828849494457245,0.8178189396858215,0.23619334399700165,-0.057141970843076706,0.659625768661499,0.5996434092521667,-0.19970406591892242,0.8135455846786499,0.23190145194530487,-0.063349649310112,0.6676889657974243,0.5988245606422424,-0.22390687465667725,0.8120133280754089,0.24245232343673706,-0.0464649423956871,0.6704279184341431,0.5893341898918152,-0.1959427297115326,0.7307971715927124,0.5524445176124573,0.05200312286615372,0.6835180521011353,0.5564851760864258,-0.052240002900362015,0.7234142422676086,0.6858590841293335,0.07297209650278091,0.6782680153846741,0.6850224733352661,-0.009753992781043053,0.7199116945266724,0.7949648499488831,0.24465377628803253,0.6722961664199829,0.7929599285125732,0.18227405846118927,0.710053563117981,0.8097288608551025,0.25813859701156616,0.6708531975746155,0.8097273111343384,0.19550663232803345,0.7354947328567505,0.8393478393554688,0.17926476895809174,0.683486819267273,0.8334690928459167,0.09693587571382523
48,catch_cap,a04_s09_e03,0.723938524723053,0.30220481753349304,-0.14650042355060577,0.7170621752738953,0.2899097800254822,-0.12745270133018494,0.7159253358840942,0.2897779047489166,-0.12744508683681488,0.7146459817886353,0.28975194692611694,-0.1274271309375763,0.7161809206008911,0.2905202805995941,-0.15832214057445526,0.7145265340805054,0.2907213568687439,-0.15833085775375366,0.7126432657241821,0.2910154163837433,-0.15841929614543915,0.7024562358856201,0.2988232970237732,-0.029119154438376427,0.698400616645813,0.2998901307582855,-0.16555675864219666,0.7217240929603577,0.31519097089767456,-0.10747063159942627,0.7199612855911255,0.315908282995224,-0.14672957360744476,0.7289994955062866,0.3560742735862732,0.04760507121682167,0.657600462436676,0.38735851645469666,-0.16847467422485352,0.7853174209594727,0.347408652305603,0.04122917726635933,0.6555929183959961,0.49055594205856323,-0.1769857108592987,0.8121943473815918,0.27214315533638,-0.07441331446170807,0.6613972783088684,0.571716845035553,-0.18121647834777832,0.81568843126297,0.24745509028434753,-0.09923510253429413,0.659568190574646,0.5996865630149841,-0.19554275274276733,0.8120203018188477,0.24307003617286682,-0.09929794073104858,0.6675924062728882,0.5988977551460266,-0.21413370966911316,0.8100224733352661,0.2524455189704895,-0.08187790215015411,0.6703511476516724,0.5894066691398621,-0.1847197711467743,0.7311179637908936,0.5525896549224854,0.05348355695605278,0.6835257411003113,0.556524932384491,-0.053701531141996384,0.7235792279243469,0.6858652830123901,0.07244984805583954,0.6781549453735352,0.6852113604545593,-0.014553253538906574,0.7199016213417053,0.7946767210960388,0.255620539188385,0.6722502112388611,0.7929790616035461,0.1823163628578186,0.7099230885505676,0.8093330264091492,0.27025872468948364,0.6706578731536865,0.809735119342804,0.19603203237056732,0.7354586124420166,0.8393464684486389,0.19307705760002136,0.6833845376968384,0.8334653377532959,0.09650848060846329
49,catch_cap,a04_s09_e03,0.7236684560775757,0.3023710250854492,-0.14588221907615662,0.7169694900512695,0.28988128900527954,-0.12792572379112244,0.715883731842041,0.28976500034332275,-0.12790925800800323,0.7146350145339966,0.2897060513496399,-0.12789076566696167,0.7158299684524536,0.29050111770629883,-0.15766848623752594,0.714019775390625,0.2907002866268158,-0.15767373144626617,0.7119701504707336,0.2909969687461853,-0.15776920318603516,0.7024492025375366,0.2983364164829254,-0.03056400641798973,0.6973497867584229,0.2997058928012848,-0.16541019082069397,0.7214856743812561,0.315215528011322,-0.10758544504642487,0.7192922830581665,0.3159465491771698,-0.1460992395877838,0.7291161417961121,0.3565373122692108,0.047638677060604095,0.6572103500366211,0.3866146504878998,-0.16845349967479706,0.7861347198486328,0.3582002520561218,0.07535912096500397,0.6550646424293518,0.49011650681495667,-0.18348032236099243,0.812126636505127,0.2830832302570343,0.01252233237028122,0.6612452268600464,0.5717846751213074,-0.19027918577194214,0.8166763186454773,0.261054128408432,-0.001165358116850257,0.6594718098640442,0.5997925996780396,-0.20288732647895813,0.8132084608078003,0.2576369345188141,-0.004516780376434326,0.6674779653549194,0.5989143252372742,-0.22538292407989502,0.811069130897522,0.26541849970817566,0.005866345949470997,0.6702878475189209,0.5894193053245544,-0.19695915281772614,0.7313774824142456,0.5530126094818115,0.053554195910692215,0.6835466027259827,0.5566068291664124,-0.05377330258488655,0.7238396406173706,0.6859362125396729,0.07199160754680634,0.6778444647789001,0.6852992177009583,-0.014544387347996235,0.7198975682258606,0.7942788004875183,0.2558576762676239,0.672120213508606,0.7929825186729431,0.18422459065914154,0.7099090814590454,0.8087470531463623,0.27030110359191895,0.6705692410469055,0.8097373247146606,0.1986931711435318,0.735322117805481,0.8393779993057251,0.19205300509929657,0.6829785704612732,0.8335391879081726,0.10007860511541367
50,catch_cap,a04_s09_e03,0.7234965562820435,0.3029141128063202,-0.16751064360141754,0.7169742584228516,0.29004281759262085,-0.149632066488266,0.7159062027931213,0.2898758053779602,-0.1496151238679886,0.7147084474563599,0.28977692127227783,-0.14960919320583344,0.7156645655632019,0.29063382744789124,-0.17749029397964478,0.7136896848678589,0.29078224301338196,-0.17748738825321198,0.7114216089248657,0.29103752970695496,-0.17756527662277222,0.7024625539779663,0.29804879426956177,-0.04640761390328407,0.6963773965835571,0.29951655864715576,-0.17409518361091614,0.7213289141654968,0.31562185287475586,-0.12660858035087585,0.7186567783355713,0.3163612484931946,-0.16325987875461578,0.7292162179946899,0.356847882270813,0.04440082982182503,0.6564918756484985,0.3862592577934265,-0.1679404079914093,0.7861683964729309,0.37137243151664734,0.0699000433087349,0.6543124318122864,0.48956575989723206,-0.1620887815952301,0.8121646046638489,0.3118645250797272,-0.028122806921601295,0.6602412462234497,0.571836531162262,-0.16136270761489868,0.8174074292182922,0.28925129771232605,-0.04751967638731003,0.6591907739639282,0.5998639464378357,-0.17419928312301636,0.8139504194259644,0.28477415442466736,-0.053525615483522415,0.6669173240661621,0.5989128947257996,-0.20056208968162537,0.8117982745170593,0.2928709089756012,-0.035648126155138016,0.6695730090141296,0.5894208550453186,-0.1690077781677246,0.7314487099647522,0.5531256794929504,0.052291810512542725,0.683550238609314,0.5566664338111877,-0.05245175212621689,0.7239790558815002,0.6859424114227295,0.06831980496644974,0.6775763630867004,0.6855688691139221,-0.014499500393867493,0.7198935747146606,0.7935382723808289,0.2632751762866974,0.6721202731132507,0.7929865717887878,0.19584111869335175,0.7099183201789856,0.8075229525566101,0.278770387172699,0.6706596612930298,0.8096306324005127,0.21129700541496277,0.7350563406944275,0.8393376469612122,0.19532641768455505,0.6825915575027466,0.8336044549942017,0.10627315938472748
51,catch_cap,a04_s09_e03,0.7226797938346863,0.30379170179367065,-0.1638963222503662,0.7166563868522644,0.290549635887146,-0.14566782116889954,0.7157555818557739,0.2903226912021637,-0.1456489861011505,0.7146633267402649,0.29016825556755066,-0.14563708007335663,0.7146965861320496,0.2912304997444153,-0.17521460354328156,0.7124189138412476,0.29141607880592346,-0.17523832619190216,0.7097229957580566,0.2917473018169403,-0.17535445094108582,0.7023874521255493,0.29805728793144226,-0.04416867345571518,0.6941386461257935,0.2999497056007385,-0.16018146276474,0.7206388115882874,0.31665271520614624,-0.12347401678562164,0.7173013687133789,0.3175622820854187,-0.16217553615570068,0.7293891906738281,0.35830602049827576,0.04412413388490677,0.655665934085846,0.38631173968315125,-0.14567570388317108,0.7859442234039307,0.37889519333839417,0.02633795514702797,0.6536209583282471,0.4891171455383301,-0.1444501280784607,0.8123029470443726,0.3323034942150116,-0.12855264544487,0.6594091653823853,0.5717626810073853,-0.1517590582370758,0.8201596140861511,0.312040239572525,-0.15783706307411194,0.6582585573196411,0.5997536778450012,-0.1653146743774414,0.8164504766464233,0.30886226892471313,-0.16636517643928528,0.6658276319503784,0.5987500548362732,-0.1921820044517517,0.8130936622619629,0.31637609004974365,-0.13908521831035614,0.6685123443603516,0.5892735123634338,-0.15981528162956238,0.7314467430114746,0.553197979927063,0.04873547703027725,0.6835558414459229,0.5566708445549011,-0.048858534544706345,0.7240501642227173,0.6860403418540955,0.05091448500752449,0.6775094270706177,0.685547411441803,-0.018804382532835007,0.7197585105895996,0.7934213280677795,0.2464647740125656,0.6721110939979553,0.7929894328117371,0.18741317093372345,0.7093582153320312,0.8073599338531494,0.2612450420856476,0.6706643104553223,0.8096141815185547,0.20205411314964294,0.7349241971969604,0.8392462134361267,0.1710543930530548,0.6825836896896362,0.8342278003692627,0.09225216507911682
52,catch_cap,a04_s09_e03,0.7220458984375,0.30408090353012085,-0.1672244668006897,0.7163088321685791,0.2908249497413635,-0.14794903993606567,0.7155782580375671,0.2905498743057251,-0.1479463279247284,0.7146115899085999,0.29036620259284973,-0.14794737100601196,0.7138230204582214,0.2917192280292511,-0.1734629124403,0.7113519906997681,0.29203686118125916,-0.17347125709056854,0.7083967924118042,0.2925754487514496,-0.173554927110672,0.7023810148239136,0.29810312390327454,-0.04235805943608284,0.6926247477531433,0.30087903141975403,-0.1487019807100296,0.7203871607780457,0.31711119413375854,-0.12531855702400208,0.7167527675628662,0.31815341114997864,-0.1598263829946518,0.7293988466262817,0.35962003469467163,0.04488932341337204,0.655049204826355,0.3862980902194977,-0.1260688602924347,0.7852550745010376,0.3860502243041992,0.05538204312324524,0.652307391166687,0.4888838529586792,-0.12585768103599548,0.8149765133857727,0.35440200567245483,-0.0872659832239151,0.657860517501831,0.5712259411811829,-0.14771172404289246,0.8246439099311829,0.34196799993515015,-0.10858670622110367,0.656528651714325,0.599107027053833,-0.16270574927330017,0.8224650621414185,0.33786389231681824,-0.11020920425653458,0.6642276048660278,0.597720742225647,-0.1910497546195984,0.8181807398796082,0.3434532582759857,-0.09167834371328354,0.66717928647995,0.5882890820503235,-0.15679985284805298,0.7310327291488647,0.553200900554657,0.043894730508327484,0.6832824945449829,0.5566737651824951,-0.04399969428777695,0.724051833152771,0.6863687038421631,0.03771137446165085,0.6772884130477905,0.6857542395591736,-0.023857485502958298,0.7197238206863403,0.7932918667793274,0.23197564482688904,0.6721090078353882,0.7929452657699585,0.17327722907066345,0.7093614339828491,0.8072709441184998,0.2460358589887619,0.670868456363678,0.8095946907997131,0.18686899542808533,0.7345706224441528,0.8389956951141357,0.1517113745212555,0.6818188428878784,0.8343461155891418,0.07435307651758194
53,catch_cap,a04_s09_e03,0.7216988205909729,0.30434855818748474,-0.16511698067188263,0.7161573767662048,0.29129448533058167,-0.1460530310869217,0.7155253887176514,0.29099148511886597,-0.1460534632205963,0.7146135568618774,0.29077473282814026,-0.146052747964859,0.7134556770324707,0.29236307740211487,-0.1729627102613449,0.7109419107437134,0.292808473110199,-0.17293813824653625,0.707878828048706,0.2935173809528351,-0.1729709506034851,0.7023968696594238,0.29814720153808594,-0.04146270826458931,0.691872775554657,0.3016558885574341,-0.1411183625459671,0.7202830910682678,0.3173680603504181,-0.12372054159641266,0.7165054082870483,0.31840676069259644,-0.15660642087459564,0.7294015288352966,0.36166703701019287,0.04467764496803284,0.6540418863296509,0.3863472640514374,-0.11397699266672134,0.7786802649497986,0.3980727791786194,0.08230146765708923,0.6513733267784119,0.48896515369415283,-0.10671408474445343,0.8148270845413208,0.38473689556121826,-0.033080123364925385,0.6563440561294556,0.5712004899978638,-0.1353987157344818,0.8260433077812195,0.37638095021247864,-0.05587930232286453,0.6551855206489563,0.599077582359314,-0.1519286334514618,0.8251446485519409,0.3732053339481354,-0.08677361160516739,0.6627358198165894,0.5975627899169922,-0.18297408521175385,0.8199849128723145,0.3777845501899719,-0.048788830637931824,0.665716826915741,0.5881749391555786,-0.14596550166606903,0.7301834225654602,0.5532228350639343,0.04206201434135437,0.6828044056892395,0.5567110180854797,-0.04214329272508621,0.724084734916687,0.686633288860321,0.03392947092652321,0.6770222187042236,0.6860139966011047,-0.023065268993377686,0.7196289300918579,0.7933035492897034,0.21011090278625488,0.6721032857894897,0.7929049730300903,0.16665875911712646,0.7092519998550415,0.807372510433197,0.22200682759284973,0.6709665060043335,0.8095969557762146,0.17927882075309753,0.7345326542854309,0.8388175964355469,0.1260366290807724,0.6809850335121155,0.8343983888626099,0.06712774932384491
54,catch_cap,a04_s09_e03,0.7208623886108398,0.3043111562728882,-0.16737881302833557,0.7156517505645752,0.2913151681423187,-0.14795735478401184,0.7152705788612366,0.2910045385360718,-0.1479925960302353,0.714564859867096,0.29077646136283875,-0.1479906290769577,0.7124565839767456,0.2924450635910034,-0.17162039875984192,0.7097512483596802,0.2929830551147461,-0.17160533368587494,0.7064594030380249,0.29383593797683716,-0.17165270447731018,0.7024675607681274,0.2981334924697876,-0.04107049107551575,0.6903494596481323,0.3023024797439575,-0.13193786144256592,0.719976544380188,0.3173829913139343,-0.12578153610229492,0.7157620191574097,0.31842073798179626,-0.15644317865371704,0.7296293377876282,0.363913357257843,0.03346927464008331,0.653631865978241,0.38625460863113403,-0.09881728887557983,0.7739332914352417,0.4088401794433594,-0.012945097871124744,0.6505571603775024,0.4889555871486664,-0.09612660109996796,0.812850832939148,0.4059799611568451,-0.24057260155677795,0.6548163890838623,0.5712026953697205,-0.1355372816324234,0.826204776763916,0.4034120440483093,-0.28481101989746094,0.6531955599784851,0.5990804433822632,-0.15351887047290802,0.8252519369125366,0.3982848525047302,-0.3086032271385193,0.6604806184768677,0.5975630283355713,-0.18382620811462402,0.8198145627975464,0.4006090760231018,-0.25817054510116577,0.6637760996818542,0.5881872177124023,-0.14631441235542297,0.7296626567840576,0.553414523601532,0.03713786602020264,0.682378888130188,0.5567952990531921,-0.037179820239543915,0.7242400646209717,0.6867764592170715,0.028302278369665146,0.6767407655715942,0.6862645745277405,-0.018438076600432396,0.7196735739707947,0.7939863204956055,0.20890648663043976,0.67210453748703,0.7928944230079651,0.16778786480426788,0.709342360496521,0.8084062337875366,0.22085468471050262,0.6713286638259888,0.809538722038269,0.18128356337547302,0.7345285415649414,0.8388345241546631,0.11908894777297974,0.6806252002716064,0.8345748782157898,0.07468770444393158
55,catch_cap,a04_s09_e03,0.7201026678085327,0.30478599667549133,-0.19387996196746826,0.715490996837616,0.2917919456958771,-0.17356835305690765,0.7152431011199951,0.29144394397735596,-0.17364419996738434,0.7145963907241821,0.291165828704834,-0.17364031076431274,0.7118479013442993,0.2930002510547638,-0.19091300666332245,0.7089954018592834,0.2935890853404999,-0.19089382886886597,0.7055650353431702,0.2944791913032532,-0.19092097878456116,0.7030255198478699,0.2981746792793274,-0.059473562985658646,0.6896277070045471,0.3026561737060547,-0.13784220814704895,0.7197312712669373,0.3179413378238678,-0.15067614614963531,0.7148557901382446,0.3189106285572052,-0.1729704588651657,0.7308889627456665,0.36688247323036194,0.01084399875253439,0.6528428196907043,0.3862569034099579,-0.09944229573011398,0.7732535600662231,0.4160858988761902,-0.042504362761974335,0.6492071747779846,0.48895734548568726,-0.09610982239246368,0.8126500844955444,0.4292067289352417,-0.2958945631980896,0.6525384187698364,0.5710732340812683,-0.15627285838127136,0.827349841594696,0.4363371431827545,-0.3463658094406128,0.6504960060119629,0.5985231995582581,-0.18278367817401886,0.8259133100509644,0.4300304055213928,-0.3735118508338928,0.6572480797767639,0.5969299077987671,-0.21626214683055878,0.8199623227119446,0.4289596974849701,-0.3149452209472656,0.6606019735336304,0.5878034830093384,-0.1693098396062851,0.7285680174827576,0.5536014437675476,0.03394005447626114,0.6813551187515259,0.5568606853485107,-0.03396814316511154,0.7242527604103088,0.6868006587028503,0.031213561072945595,0.6764650940895081,0.6862882971763611,-0.016628211364150047,0.719671368598938,0.7943935990333557,0.2153819054365158,0.67212975025177,0.7929968237876892,0.17179158329963684,0.7092224359512329,0.8091254830360413,0.22732219099998474,0.6716223955154419,0.8098064064979553,0.18496042490005493,0.7347074151039124,0.8388593792915344,0.12205491960048676,0.6805008053779602,0.8346198797225952,0.06944112479686737
56,catch_cap,a04_s09_e03,0.7195718288421631,0.30497074127197266,-0.2138320952653885,0.7152847051620483,0.2919944226741791,-0.194913849234581,0.7151706218719482,0.29163625836372375,-0.19499021768569946,0.7145981788635254,0.29132163524627686,-0.19499367475509644,0.7112790942192078,0.29316315054893494,-0.21136757731437683,0.708315372467041,0.2937461733818054,-0.21134856343269348,0.704805850982666,0.2945747375488281,-0.21136674284934998,0.7032054662704468,0.29814332723617554,-0.08310844004154205,0.6888118982315063,0.30262497067451477,-0.15382632613182068,0.7194246053695679,0.31819766759872437,-0.17120108008384705,0.7140271067619324,0.31907448172569275,-0.19240069389343262,0.7311550378799438,0.3673776686191559,-0.011967502534389496,0.6521320939064026,0.38625970482826233,-0.11206816136837006,0.7727283239364624,0.42279335856437683,-0.04365041106939316,0.6478965878486633,0.4889117181301117,-0.10768838226795197,0.8121075630187988,0.45373234152793884,-0.27728915214538574,0.6510483622550964,0.5703783631324768,-0.18043620884418488,0.8271881341934204,0.46608176827430725,-0.3261790871620178,0.6487508416175842,0.5971633195877075,-0.21002738177776337,0.8258479833602905,0.46331289410591125,-0.35636553168296814,0.6551814675331116,0.5955612659454346,-0.24348409473896027,0.8198642730712891,0.45911186933517456,-0.2964588403701782,0.6584709882736206,0.5868338346481323,-0.19373783469200134,0.7278208136558533,0.5537620782852173,0.03207886219024658,0.6802785992622375,0.5569369792938232,-0.03210242837667465,0.7242748141288757,0.6868839263916016,0.03532024845480919,0.6761897802352905,0.6863693594932556,-0.013768164440989494,0.7196701765060425,0.7943933606147766,0.2186450958251953,0.6721363067626953,0.792719841003418,0.17339961230754852,0.7091919183731079,0.809125542640686,0.23052680492401123,0.6719924211502075,0.8095160126686096,0.1858063042163849,0.7347221970558167,0.8387539982795715,0.12578752636909485,0.6803187131881714,0.8346324563026428,0.06869573891162872
57,catch_cap,a04_s09_e03,0.7189334630966187,0.304984450340271,-0.22260315716266632,0.7151209115982056,0.2921494245529175,-0.20417264103889465,0.7151339054107666,0.2917960286140442,-0.20424166321754456,0.7146228551864624,0.29146432876586914,-0.2042383849620819,0.7108258008956909,0.2932985723018646,-0.22010628879070282,0.7077456116676331,0.29390618205070496,-0.22008927166461945,0.7040674686431885,0.2947288751602173,-0.2201094925403595,0.7038167119026184,0.29809802770614624,-0.0933029055595398,0.6878615617752075,0.30261579155921936,-0.16368380188941956,0.7190320491790771,0.3183318078517914,-0.18014666438102722,0.7131881713867188,0.3191971778869629,-0.20081380009651184,0.7317501306533813,0.3680744767189026,-0.022318905219435692,0.6515268087387085,0.38626226782798767,-0.11515597254037857,0.7687031626701355,0.4287492632865906,-0.03931168466806412,0.6470181941986084,0.48828208446502686,-0.09967152774333954,0.8065735101699829,0.46833664178848267,-0.25879985094070435,0.6490025520324707,0.5699450373649597,-0.17230507731437683,0.8217800259590149,0.4825018346309662,-0.30588409304618835,0.6466444730758667,0.5962184071540833,-0.19938500225543976,0.8203997611999512,0.48011451959609985,-0.3378092646598816,0.6530150771141052,0.5944756269454956,-0.23368167877197266,0.8139091730117798,0.47534459829330444,-0.27817410230636597,0.6560524702072144,0.5860186219215393,-0.18539400398731232,0.7269483804702759,0.5542638301849365,0.029044577851891518,0.6789206266403198,0.5570140480995178,-0.029059339314699173,0.7242612838745117,0.6868659257888794,0.03715183585882187,0.6758149266242981,0.6862087845802307,-0.006088178604841232,0.7196639776229858,0.7943642139434814,0.21652519702911377,0.6722660064697266,0.7926362752914429,0.1742830127477646,0.7091615200042725,0.8091393113136292,0.22725006937980652,0.6731446385383606,0.8095031976699829,0.1869567632675171,0.7347474098205566,0.8384550213813782,0.11961841583251953,0.6800519824028015,0.8345235586166382,0.06905454397201538
58,catch_cap,a04_s09_e03,0.7185314893722534,0.30511951446533203,-0.25978928804397583,0.7151022553443909,0.29245835542678833,-0.2416096180677414,0.7151508331298828,0.29211416840553284,-0.2416590005159378,0.7148361802101135,0.2917671501636505,-0.24165582656860352,0.7105876207351685,0.29353585839271545,-0.25595736503601074,0.7073960900306702,0.2941437363624573,-0.2559519410133362,0.7036100625991821,0.2949105203151703,-0.25596052408218384,0.7049551010131836,0.29808053374290466,-0.1275874674320221,0.6877456903457642,0.30259376764297485,-0.19283783435821533,0.718718409538269,0.31861546635627747,-0.21576586365699768,0.7125694751739502,0.31945762038230896,-0.23459124565124512,0.7336379885673523,0.36942970752716064,-0.048508308827877045,0.6514598727226257,0.3862302601337433,-0.12760283052921295,0.7673769593238831,0.43862810730934143,-0.031368326395750046,0.6464813351631165,0.4874977469444275,-0.10380744934082031,0.8037554025650024,0.486359566450119,-0.2129620760679245,0.6480649709701538,0.5685990452766418,-0.17589662969112396,0.8173506855964661,0.5043613314628601,-0.25364023447036743,0.645631730556488,0.5947813391685486,-0.20454657077789307,0.8151648640632629,0.5026214718818665,-0.2870059013366699,0.6515878438949585,0.5930580496788025,-0.24093098938465118,0.8091906309127808,0.4971199333667755,-0.23164041340351105,0.6545418500900269,0.5848675966262817,-0.19057008624076843,0.7266033887863159,0.5549183487892151,0.025534922257065773,0.6778018474578857,0.5571568608283997,-0.025559132918715477,0.724245548248291,0.6869164109230042,0.03883487358689308,0.6753851175308228,0.6862307190895081,-0.0023988764733076096,0.7197118997573853,0.7946216464042664,0.20950093865394592,0.6723209619522095,0.7926439046859741,0.17484095692634583,0.7093945145606995,0.8094872832298279,0.2192172110080719,0.6739692687988281,0.8095043897628784,0.18627426028251648,0.7347549796104431,0.8384523987770081,0.10802783817052841,0.6792620420455933,0.8344376087188721,0.06541912257671356
59,catch_cap,a04_s09_e03,0.7180083990097046,0.3051496148109436,-0.3135846257209778,0.7150402069091797,0.2925765812397003,-0.2958660423755646,0.7151569128036499,0.2922486364841461,-0.29589545726776123,0.7150261998176575,0.29189783334732056,-0.2958933413028717,0.7102264165878296,0.2936372756958008,-0.30687931180000305,0.7069190144538879,0.29425671696662903,-0.30690592527389526,0.7030123472213745,0.2950138449668884,-0.30692678689956665,0.7063724398612976,0.2980597913265228,-0.17745257914066315,0.6876482963562012,0.3026138246059418,-0.22879517078399658,0.7185351848602295,0.31878820061683655,-0.26754146814346313,0.7120702862739563,0.3196662962436676,-0.2822701632976532,0.736193060874939,0.370931476354599,-0.08474162966012955,0.6515499353408813,0.3857778310775757,-0.15657928586006165,0.7667348980903625,0.4475521743297577,-0.03926434367895126,0.6457952260971069,0.4855363667011261,-0.11788322776556015,0.7971757650375366,0.5075985193252563,-0.1924285888671875,0.6463083028793335,0.5659863948822021,-0.20079663395881653,0.809400737285614,0.5281051397323608,-0.23136377334594727,0.643052875995636,0.5924404859542847,-0.23078536987304688,0.8070182800292969,0.5259129405021667,-0.258830726146698,0.6485902070999146,0.5909044146537781,-0.26719239354133606,0.8015297651290894,0.5186371207237244,-0.20926424860954285,0.6515600085258484,0.5832091569900513,-0.21609851717948914,0.7265037894248962,0.5554311275482178,0.022512054070830345,0.6765841245651245,0.5572810769081116,-0.022555634379386902,0.7241892218589783,0.687297523021698,0.03453622758388519,0.67454993724823,0.6865711808204651,0.008367734961211681,0.7197093963623047,0.7947344183921814,0.2106146514415741,0.67232346534729,0.7926433086395264,0.20199045538902283,0.7094915509223938,0.8095538020133972,0.2213720828294754,0.6744957566261292,0.8094409704208374,0.2140502631664276,0.734653890132904,0.8384367823600769,0.11004550755023956,0.6786504983901978,0.8344146609306335,0.09027789533138275
60,catch_cap,a04_s09_e03,0.7175787687301636,0.30515438318252563,-0.3189927637577057,0.7150324583053589,0.2926675081253052,-0.3013726770877838,0.715241014957428,0.2923513948917389,-0.30140477418899536,0.7154422402381897,0.2919943034648895,-0.3014032542705536,0.7098762392997742,0.29371631145477295,-0.3116026222705841,0.7064160108566284,0.2943214178085327,-0.3116300702095032,0.7023007869720459,0.295060932636261,-0.31166043877601624,0.7083232402801514,0.2979772686958313,-0.18203501403331757,0.6876178979873657,0.3026021122932434,-0.2300782948732376,0.7184615135192871,0.31886494159698486,-0.2723987102508545,0.7116501331329346,0.31981217861175537,-0.28614240884780884,0.7381243109703064,0.37187623977661133,-0.08550147712230682,0.6517236828804016,0.38517218828201294,-0.15895353257656097,0.7640950679779053,0.4517512321472168,-0.027394553646445274,0.6455668210983276,0.4838932156562805,-0.12089072167873383,0.7904314994812012,0.5170583128929138,-0.15039536356925964,0.6440138816833496,0.563116729259491,-0.20276887714862823,0.8021454811096191,0.5398720502853394,-0.1814616620540619,0.6397705078125,0.590135395526886,-0.23267027735710144,0.7999361157417297,0.5377577543258667,-0.21943052113056183,0.6452881097793579,0.5889284610748291,-0.2692635655403137,0.7949346303939819,0.5291620492935181,-0.16854001581668854,0.6482309699058533,0.58157879114151,-0.21827808022499084,0.7262025475502014,0.5556109547615051,0.022678453475236893,0.6755139231681824,0.5573211908340454,-0.022728262469172478,0.7240133881568909,0.6873877048492432,0.03622809797525406,0.6738453507423401,0.6865739226341248,0.011431137099862099,0.7197242975234985,0.79499351978302,0.21201255917549133,0.6722192168235779,0.7926591038703918,0.20598545670509338,0.709904670715332,0.8096805810928345,0.22275426983833313,0.6745002269744873,0.8094257712364197,0.21810536086559296,0.7346502542495728,0.8384996652603149,0.11035440862178802,0.6786437034606934,0.8344210386276245,0.09416916221380234
61,catch_cap,a04_s09_e03,0.7168602347373962,0.3051457405090332,-0.3449653089046478,0.7149374485015869,0.2926782965660095,-0.32874351739883423,0.7152606248855591,0.29236462712287903,-0.32876086235046387,0.7157144546508789,0.2920052409172058,-0.3287535309791565,0.7090390920639038,0.2937256991863251,-0.33666616678237915,0.7052972912788391,0.29432541131973267,-0.3367035686969757,0.7009475827217102,0.2950640022754669,-0.336730033159256,0.7102875709533691,0.2978116571903229,-0.21003934741020203,0.6872786283493042,0.30260324478149414,-0.24767911434173584,0.7183829545974731,0.3188594579696655,-0.29812997579574585,0.7110463976860046,0.31988152861595154,-0.308952271938324,0.7398121953010559,0.37249046564102173,-0.11008606851100922,0.6521834135055542,0.3843006491661072,-0.16627438366413116,0.7617653608322144,0.45657095313072205,-0.042931608855724335,0.6453333497047424,0.48204976320266724,-0.12183815240859985,0.7846341133117676,0.5206363201141357,-0.1553526371717453,0.6417568922042847,0.5606366395950317,-0.20320188999176025,0.7955366373062134,0.5450780391693115,-0.18584775924682617,0.6365493535995483,0.5887604355812073,-0.2318057119846344,0.7934430837631226,0.5437485575675964,-0.22203364968299866,0.6418580412864685,0.587865948677063,-0.2688148617744446,0.788917601108551,0.5354488492012024,-0.17291995882987976,0.6448408365249634,0.5805370211601257,-0.21891310811042786,0.7258578538894653,0.555607795715332,0.01819642074406147,0.6744490265846252,0.5572429299354553,-0.01826946623623371,0.7235575914382935,0.6876195073127747,0.03402838483452797,0.6731603145599365,0.6864694356918335,0.011315202340483665,0.7200458645820618,0.7960071563720703,0.20551899075508118,0.6721524596214294,0.7926772236824036,0.20073015987873077,0.7111673355102539,0.8099831938743591,0.2156459391117096,0.6746937036514282,0.8093058466911316,0.2124793827533722,0.7346629500389099,0.8392794728279114,0.09931184351444244,0.6785459518432617,0.8344712853431702,0.09146907180547714
62,catch_cap,a04_s09_e03,0.716376781463623,0.3048608899116516,-0.34131062030792236,0.7148810625076294,0.29253727197647095,-0.3249034881591797,0.7153075933456421,0.2922110855579376,-0.3249179422855377,0.7160380482673645,0.291838139295578,-0.3249104917049408,0.7083994150161743,0.2935909032821655,-0.3330085575580597,0.7044135332107544,0.2941664159297943,-0.3330501317977905,0.6999896764755249,0.2948850989341736,-0.3330722451210022,0.7118930816650391,0.29731181263923645,-0.20753610134124756,0.6871564388275146,0.30234450101852417,-0.24598081409931183,0.7183804512023926,0.3185740113258362,-0.2951490581035614,0.7107559442520142,0.319865345954895,-0.3062223792076111,0.7412569522857666,0.37280574440956116,-0.10889110714197159,0.652527928352356,0.3839240074157715,-0.1665051281452179,0.7599745988845825,0.4582471251487732,-0.039068207144737244,0.6452890634536743,0.48136937618255615,-0.12209184467792511,0.7810778021812439,0.5266439318656921,-0.14097283780574799,0.6401811242103577,0.5604909062385559,-0.20006506145000458,0.7888979911804199,0.5522130131721497,-0.16749294102191925,0.6348028182983398,0.5882741808891296,-0.22756075859069824,0.7861691117286682,0.5514058470726013,-0.20367081463336945,0.6402280330657959,0.5872297883033752,-0.2637178897857666,0.7828952074050903,0.5431441068649292,-0.15767711400985718,0.6432234644889832,0.5800197720527649,-0.21528427302837372,0.7259076237678528,0.5553238987922668,0.01628890633583069,0.6744528412818909,0.556657612323761,-0.016380799934267998,0.7229198813438416,0.6876167058944702,0.033157527446746826,0.6728711128234863,0.6858837008476257,0.007560736499726772,0.7201870679855347,0.7966064810752869,0.20230337977409363,0.6720589399337769,0.7926762104034424,0.18648964166641235,0.7123319506645203,0.8103733658790588,0.21219567954540253,0.6747251749038696,0.8092601299285889,0.19647422432899475,0.7346457242965698,0.8398496508598328,0.09823788702487946,0.6783915758132935,0.8341273069381714,0.07142859697341919
63,catch_cap,a04_s09_e03,0.715953528881073,0.3041641414165497,-0.34985435009002686,0.7148112058639526,0.29179146885871887,-0.3328359127044678,0.7153555154800415,0.2914440333843231,-0.33284327387809753,0.7163582444190979,0.2910989224910736,-0.3328363597393036,0.7077983021736145,0.29295679926872253,-0.34049391746520996,0.7036287188529968,0.2935352325439453,-0.34054240584373474,0.6990336179733276,0.29426977038383484,-0.34056198596954346,0.7131159901618958,0.2965749502182007,-0.21460704505443573,0.6868778467178345,0.30192264914512634,-0.2509758472442627,0.7183688282966614,0.31794801354408264,-0.3037727475166321,0.7104293704032898,0.31969040632247925,-0.3142850697040558,0.7423533201217651,0.3737235367298126,-0.11793049424886703,0.653007447719574,0.3835791349411011,-0.17172840237617493,0.7598139047622681,0.46088889241218567,-0.05024418979883194,0.6449745893478394,0.4809151291847229,-0.12621736526489258,0.7779393196105957,0.5342389345169067,-0.14622212946414948,0.6387826204299927,0.5602978467941284,-0.20187804102897644,0.7828103303909302,0.5619155764579773,-0.17326249182224274,0.633472204208374,0.587811291217804,-0.22924968600273132,0.7791850566864014,0.560076892375946,-0.20768436789512634,0.6389130353927612,0.5869674682617188,-0.263994038105011,0.7764907479286194,0.5510699152946472,-0.16232144832611084,0.6419600248336792,0.5797561407089233,-0.21654102206230164,0.7258939146995544,0.5551160573959351,0.016091521829366684,0.6742938756942749,0.5562660694122314,-0.01619640178978443,0.722435712814331,0.6876238584518433,0.029938507825136185,0.6728397607803345,0.6851396560668945,0.0070017799735069275,0.7202395796775818,0.7971991300582886,0.20097260177135468,0.6720254421234131,0.7927531003952026,0.1809401661157608,0.7130538821220398,0.8106136322021484,0.21111559867858887,0.6748300790786743,0.8092235326766968,0.190951406955719,0.7346841096878052,0.840099573135376,0.0972246378660202,0.6781357526779175,0.8338577151298523,0.06547148525714874
64,catch_cap,a04_s09_e03,0.7158468961715698,0.3036145865917206,-0.34367862343788147,0.7148174047470093,0.2909778654575348,-0.326847642660141,0.7156226634979248,0.290632426738739,-0.3268592655658722,0.7169893383979797,0.29033544659614563,-0.32684701681137085,0.7075753808021545,0.29215604066848755,-0.33432912826538086,0.7033678293228149,0.29270797967910767,-0.33437591791152954,0.6987241506576538,0.2934623658657074,-0.33439576625823975,0.7143338322639465,0.2958081066608429,-0.20969028770923615,0.6868300437927246,0.30132150650024414,-0.24541108310222626,0.7184535264968872,0.3175278902053833,-0.29804012179374695,0.7103726267814636,0.31952470541000366,-0.30831557512283325,0.7433605194091797,0.37425100803375244,-0.11555973440408707,0.6536694169044495,0.38321468234062195,-0.1681281477212906,0.7598073482513428,0.46291306614875793,-0.05206140875816345,0.6447492241859436,0.48107418417930603,-0.12611891329288483,0.775730550289154,0.5361859202384949,-0.14896343648433685,0.6374966502189636,0.5604875087738037,-0.1984614133834839,0.7795015573501587,0.5643616318702698,-0.17662331461906433,0.6321738362312317,0.5880958437919617,-0.22505298256874084,0.7755066156387329,0.5619270205497742,-0.20986516773700714,0.6372756958007812,0.5872399210929871,-0.2601472735404968,0.7726422548294067,0.5526286363601685,-0.1646415889263153,0.6404716372489929,0.5799305438995361,-0.21309678256511688,0.7258597016334534,0.5551154017448425,0.01687796786427498,0.6742700338363647,0.556244432926178,-0.016988569870591164,0.7221983671188354,0.6879332661628723,0.028093060478568077,0.6728459596633911,0.6848880648612976,0.003930266946554184,0.7203139066696167,0.7990942597389221,0.19211970269680023,0.6720241904258728,0.7930892705917358,0.1724969446659088,0.713687539100647,0.8127498626708984,0.20150542259216309,0.6749216914176941,0.8095813393592834,0.18208764493465424,0.7353365421295166,0.8407665491104126,0.08892692625522614,0.6779517531394958,0.8335598111152649,0.05808839201927185
65,catch_cap,a04_s09_e03,0.7157737016677856,0.3030945956707001,-0.3395543098449707,0.7148473262786865,0.2902775704860687,-0.32275277376174927,0.7159343361854553,0.28994858264923096,-0.3227709233760834,0.7175807952880859,0.28970810770988464,-0.3227614164352417,0.7074863314628601,0.2914009988307953,-0.32981500029563904,0.7032884955406189,0.2919035851955414,-0.32986029982566833,0.6986692547798157,0.292635053396225,-0.3298829197883606,0.7151745557785034,0.29527002573013306,-0.20588502287864685,0.6868928670883179,0.3006962835788727,-0.2399231642484665,0.7185072302818298,0.3171345293521881,-0.29405826330184937,0.7103486061096191,0.3192128837108612,-0.3037870526313782,0.7441710829734802,0.37467309832572937,-0.11483798176050186,0.6544126272201538,0.38295090198516846,-0.16392746567726135,0.7602339386940002,0.46320444345474243,-0.05495482683181763,0.6444276571273804,0.48116156458854675,-0.11535133421421051,0.774580180644989,0.5343083739280701,-0.15119002759456635,0.6369054317474365,0.5611465573310852,-0.1937788873910904,0.7777380347251892,0.559872031211853,-0.1779939979314804,0.6314017176628113,0.5882838368415833,-0.22081999480724335,0.7728852033615112,0.5572412014007568,-0.21121545135974884,0.636186957359314,0.5874330997467041,-0.2581616938114166,0.7700404524803162,0.5489725470542908,-0.16523587703704834,0.639573872089386,0.5800246596336365,-0.2097015082836151,0.725826621055603,0.5551137924194336,0.015634113922715187,0.6742442846298218,0.5561856627464294,-0.01574059948325157,0.7220867872238159,0.6883040070533752,0.02227747067809105,0.6727979183197021,0.6848299503326416,0.0011250616516917944,0.720408022403717,0.8011613488197327,0.1821664273738861,0.6720229387283325,0.7938188910484314,0.16917674243450165,0.7143721580505371,0.8156548738479614,0.19118091464042664,0.6749149560928345,0.8108222484588623,0.17867015302181244,0.7356652021408081,0.8415666222572327,0.0770898163318634,0.6779126524925232,0.8332821130752563,0.05412200093269348
66,catch_cap,a04_s09_e03,0.7157353758811951,0.3026670813560486,-0.34831398725509644,0.7149096727371216,0.28973910212516785,-0.3315284550189972,0.716225802898407,0.28944769501686096,-0.3315470814704895,0.7180370092391968,0.2892611622810364,-0.33154386281967163,0.7074868083000183,0.29074403643608093,-0.33836835622787476,0.7033220529556274,0.29118430614471436,-0.33841463923454285,0.6987572312355042,0.29187169671058655,-0.3384351134300232,0.7156338095664978,0.2948375940322876,-0.2133519947528839,0.6869207620620728,0.299991637468338,-0.2456384003162384,0.7185124158859253,0.3167911767959595,-0.3022148013114929,0.710279107093811,0.3188406825065613,-0.3115931451320648,0.7447622418403625,0.3745744824409485,-0.1224326491355896,0.6548202037811279,0.3826579451560974,-0.1622357964515686,0.7605698704719543,0.4616851508617401,-0.06274960935115814,0.644205629825592,0.4808918833732605,-0.11220826208591461,0.773992657661438,0.5336141586303711,-0.1632433831691742,0.6364350914955139,0.5612859129905701,-0.19339853525161743,0.7758939266204834,0.5586698055267334,-0.19144710898399353,0.6311141848564148,0.5881721377372742,-0.21973064541816711,0.770130455493927,0.5559670329093933,-0.22516615688800812,0.6352393627166748,0.5875232815742493,-0.25560179352760315,0.7675056457519531,0.5478864312171936,-0.1777518093585968,0.6385913491249084,0.5801277756690979,-0.20864251255989075,0.7258211970329285,0.5549566745758057,0.011850327253341675,0.6740501523017883,0.5557447671890259,-0.011947021819651127,0.7219966650009155,0.6884475946426392,0.013875067234039307,0.6727962493896484,0.684777557849884,0.0010029507102444768,0.7208051681518555,0.8022434115409851,0.17722132802009583,0.6721676588058472,0.7940204739570618,0.17202875018119812,0.7153902649879456,0.8167789578437805,0.18636071681976318,0.675312876701355,0.8109195232391357,0.18191008269786835,0.7356540560722351,0.8418565392494202,0.06721730530261993,0.6778085827827454,0.8331801295280457,0.0565633587539196
67,catch_cap,a04_s09_e03,0.7151002287864685,0.3022996783256531,-0.34523311257362366,0.714909017086029,0.28947797417640686,-0.3285806179046631,0.7163437604904175,0.28925833106040955,-0.32859742641448975,0.7183392643928528,0.2891402244567871,-0.328596293926239,0.7071501016616821,0.2902016043663025,-0.33514344692230225,0.7029343843460083,0.29052144289016724,-0.33518749475479126,0.6984282732009888,0.2910592257976532,-0.33520612120628357,0.7166371941566467,0.2948083281517029,-0.2108071744441986,0.6869643926620483,0.29925933480262756,-0.24188819527626038,0.718093991279602,0.31664159893989563,-0.2992946207523346,0.7091530561447144,0.31839844584465027,-0.3082349896430969,0.7456426024436951,0.37476208806037903,-0.12024994194507599,0.6553674936294556,0.3824697434902191,-0.16071854531764984,0.7609506845474243,0.46007028222084045,-0.06052972748875618,0.6442190408706665,0.4803306460380554,-0.10637233406305313,0.773267388343811,0.5330714583396912,-0.16298283636569977,0.6363376379013062,0.5612831115722656,-0.18658266961574554,0.7738934755325317,0.5577122569084167,-0.19071558117866516,0.630766749382019,0.5874922275543213,-0.213443323969841,0.7681933045387268,0.5551223158836365,-0.22468478977680206,0.6344648599624634,0.5871636271476746,-0.25062084197998047,0.7659987211227417,0.5469344258308411,-0.17753049731254578,0.6378623247146606,0.5799304842948914,-0.20261573791503906,0.7258116602897644,0.5549418330192566,0.00994796957820654,0.6737779974937439,0.5555917620658875,-0.010039477609097958,0.7218202352523804,0.6886389255523682,0.007971640676259995,0.67277991771698,0.6847518682479858,-0.0004496885521803051,0.7214909195899963,0.8029073476791382,0.16809557378292084,0.6724916696548462,0.7945910692214966,0.16958971321582794,0.7164517641067505,0.8173491954803467,0.17657430469989777,0.6757314801216125,0.8114120364189148,0.1789257824420929,0.7356248497962952,0.8422043919563293,0.0528680682182312,0.6776973009109497,0.8331692814826965,0.051283061504364014
68,catch_cap,a04_s09_e03,0.7143149375915527,0.3021968603134155,-0.3631179630756378,0.7148997187614441,0.2894150912761688,-0.34698814153671265,0.7164263129234314,0.28923460841178894,-0.3470037281513214,0.7185863852500916,0.2891427278518677,-0.34701189398765564,0.7067585587501526,0.2899218499660492,-0.3519476354122162,0.7025022506713867,0.2901698350906372,-0.3520044684410095,0.6980329751968384,0.2905888557434082,-0.35203009843826294,0.717660665512085,0.2948194444179535,-0.2283421754837036,0.6869961023330688,0.2988184094429016,-0.25114816427230835,0.717483401298523,0.3166404068470001,-0.31663960218429565,0.7078718543052673,0.31825491786003113,-0.32332998514175415,0.7468250393867493,0.37496134638786316,-0.13566136360168457,0.6559225916862488,0.38238874077796936,-0.16156034171581268,0.7610082030296326,0.45996326208114624,-0.07948024570941925,0.6442261934280396,0.47984346747398376,-0.10768119245767593,0.7697662115097046,0.5316131114959717,-0.18669268488883972,0.6362233757972717,0.5609840154647827,-0.18765833973884583,0.7699965238571167,0.5548047423362732,-0.21644456684589386,0.6305574178695679,0.5869898200035095,-0.21554525196552277,0.7644321322441101,0.5513331890106201,-0.2495153397321701,0.6342688798904419,0.5868128538131714,-0.25191301107406616,0.7624098062515259,0.5429977178573608,-0.2016191929578781,0.6376917958259583,0.5795599818229675,-0.20352968573570251,0.7258183360099792,0.554478108882904,0.0078109195455908775,0.6736049056053162,0.5548995733261108,-0.007910246960818768,0.7214369773864746,0.6886641383171082,0.000170565428561531,0.6727854013442993,0.6846636533737183,-0.0007888950640335679,0.7222777605056763,0.803317666053772,0.17149481177330017,0.6727415323257446,0.7947936654090881,0.17302390933036804,0.717286229133606,0.8175971508026123,0.1810714602470398,0.6758649349212646,0.8114936947822571,0.1826387643814087,0.7353204488754272,0.8426138162612915,0.0533011257648468,0.6778595447540283,0.8332196474075317,0.05536163970828056
69,catch_cap,a04_s09_e03,0.7136062979698181,0.30219143629074097,-0.362570583820343,0.7148827910423279,0.28942641615867615,-0.34640228748321533,0.7164825797080994,0.2892407774925232,-0.34641584753990173,0.7187415361404419,0.289180725812912,-0.3464195728302002,0.706465482711792,0.2898004949092865,-0.35105401277542114,0.7022594213485718,0.2899802625179291,-0.3511083722114563,0.6978285312652588,0.2902766466140747,-0.3511286675930023,0.7184357047080994,0.2948838174343109,-0.22773095965385437,0.6870074272155762,0.2984142303466797,-0.2495557814836502,0.7169350981712341,0.3166559338569641,-0.3162473440170288,0.7069056034088135,0.31816425919532776,-0.3225734531879425,0.7475463151931763,0.3753267228603363,-0.13598421216011047,0.65648353099823,0.3821465075016022,-0.16081663966178894,0.7616850137710571,0.46014830470085144,-0.0860174223780632,0.6442210674285889,0.4792954623699188,-0.10592623054981232,0.7691823244094849,0.531238317489624,-0.2031160593032837,0.6360000371932983,0.5608396530151367,-0.18790462613105774,0.7684478163719177,0.5540422201156616,-0.23592834174633026,0.6304069757461548,0.586696207523346,-0.21661925315856934,0.7621222734451294,0.5491777658462524,-0.2681686580181122,0.634048581123352,0.5866599678993225,-0.25279122591018677,0.7604452967643738,0.5407333374023438,-0.21796587109565735,0.6374185085296631,0.579369843006134,-0.20371511578559875,0.7257529497146606,0.5544271469116211,0.008120620623230934,0.6733432412147522,0.5545336008071899,-0.008220343850553036,0.7213209271430969,0.6887503862380981,0.003949732985347509,0.6727899312973022,0.6846110820770264,-0.0006796688539907336,0.7224483489990234,0.8037087917327881,0.17792578041553497,0.6727399230003357,0.7947537302970886,0.18308666348457336,0.717253565788269,0.8176738023757935,0.1876853108406067,0.6757997274398804,0.811098039150238,0.1938241571187973,0.735331654548645,0.8432871699333191,0.0633031502366066,0.6778072118759155,0.8332929611206055,0.06208249181509018
70,catch_cap,a04_s09_e03,0.7132540941238403,0.3019525110721588,-0.3500468134880066,0.7148932218551636,0.2892741560935974,-0.33374279737472534,0.7166418433189392,0.28915053606033325,-0.3337603211402893,0.7189978957176208,0.28913792967796326,-0.3337614834308624,0.7063940167427063,0.2893957197666168,-0.3392498195171356,0.7022296190261841,0.2895025610923767,-0.33929771184921265,0.6978071331977844,0.2896997034549713,-0.33932220935821533,0.7191022634506226,0.294889897108078,-0.2168145626783371,0.6870563626289368,0.2977779507637024,-0.24525122344493866,0.7166625261306763,0.3166179656982422,-0.3044626712799072,0.7064257860183716,0.317806214094162,-0.31196004152297974,0.7480540871620178,0.37568098306655884,-0.1275155246257782,0.6567381620407104,0.3820423185825348,-0.1530165821313858,0.7620193958282471,0.4600682258605957,-0.07852674275636673,0.6441920399665833,0.47906726598739624,-0.09899364411830902,0.7673282027244568,0.5293332934379578,-0.19499197602272034,0.6358582377433777,0.5607766509056091,-0.18412292003631592,0.7671138644218445,0.5522902607917786,-0.22718314826488495,0.6303248405456543,0.5864943265914917,-0.2140135020017624,0.7611860036849976,0.5478049516677856,-0.2591923773288727,0.6341080665588379,0.5864946842193604,-0.24997620284557343,0.759318470954895,0.5391758680343628,-0.20994095504283905,0.6374633312225342,0.5791205763816833,-0.19993185997009277,0.7257317304611206,0.5544944405555725,0.007761385291814804,0.673125147819519,0.5544987916946411,-0.00785441417247057,0.7212806940078735,0.6891323924064636,0.007149709854274988,0.6726831197738647,0.6848719120025635,0.00065783248282969,0.7225221991539001,0.8039074540138245,0.1804129183292389,0.6730238199234009,0.7951200604438782,0.1872049868106842,0.7172536253929138,0.8176408410072327,0.19004975259304047,0.6760359406471252,0.8113318681716919,0.19807997345924377,0.7353242635726929,0.8438112139701843,0.0678996592760086,0.6777268648147583,0.833510160446167,0.06746581196784973
71,catch_cap,a04_s09_e03,0.7120858430862427,0.30170029401779175,-0.3449399173259735,0.7148326635360718,0.28919970989227295,-0.32814228534698486,0.7166823744773865,0.2891184985637665,-0.32816028594970703,0.7191360592842102,0.2891293466091156,-0.3281610608100891,0.7058230042457581,0.289164662361145,-0.3384230136871338,0.7016385197639465,0.2892020642757416,-0.3384639024734497,0.6972202658653259,0.2894158959388733,-0.33849310874938965,0.7202175855636597,0.2949124276638031,-0.21123144030570984,0.6870800256729126,0.2975543141365051,-0.22893507778644562,0.7160230875015259,0.3166119456291199,-0.2988983988761902,0.7050491571426392,0.3176342248916626,-0.30958810448646545,0.7484715580940247,0.37610045075416565,-0.1226731389760971,0.6573055982589722,0.381864070892334,-0.14181503653526306,0.7620822191238403,0.46082431077957153,-0.07177843898534775,0.6442044973373413,0.4786749482154846,-0.08969851583242416,0.7667510509490967,0.5290338397026062,-0.18823616206645966,0.6359440088272095,0.5606372356414795,-0.17641034722328186,0.7671297192573547,0.5519072413444519,-0.21945305168628693,0.6304385662078857,0.5861752033233643,-0.2065112590789795,0.7611194849014282,0.5479220151901245,-0.2518143057823181,0.6344053745269775,0.5860782265663147,-0.24151401221752167,0.7588627934455872,0.5394518375396729,-0.20180347561836243,0.637748122215271,0.5787112712860107,-0.1919301450252533,0.7256746888160706,0.5545015335083008,0.007215704768896103,0.672996461391449,0.5544018149375916,-0.007303216494619846,0.721109926700592,0.6891966462135315,0.009430460631847382,0.6725096106529236,0.6849927306175232,0.0023934291675686836,0.722514808177948,0.8037817478179932,0.1817891150712967,0.6731081604957581,0.7953603267669678,0.1867588609457016,0.7171393632888794,0.8174768090248108,0.19156216084957123,0.6761820316314697,0.8115073442459106,0.19745054841041565,0.7352780103683472,0.8437970280647278,0.06956276297569275,0.6775380373001099,0.8337261080741882,0.06780065596103668
72,catch_cap,a04_s09_e03,0.7115843296051025,0.3015342056751251,-0.34473177790641785,0.7148135900497437,0.2891378402709961,-0.327472448348999,0.7167435884475708,0.2890962064266205,-0.327480673789978,0.7192355394363403,0.2891266644001007,-0.3274748623371124,0.7055732607841492,0.28893813490867615,-0.3313605785369873,0.7013482451438904,0.2889046370983124,-0.33140331506729126,0.6969308257102966,0.2891201972961426,-0.3314431607723236,0.720538854598999,0.29491737484931946,-0.20891287922859192,0.687099039554596,0.2971143126487732,-0.21984103322029114,0.7155935168266296,0.3165999948978424,-0.297475665807724,0.7044105529785156,0.3174745440483093,-0.302463173866272,0.7489237785339355,0.3763241171836853,-0.11966490745544434,0.6574748158454895,0.3815597593784332,-0.13447478413581848,0.7622354626655579,0.46166151762008667,-0.06895795464515686,0.644187867641449,0.47786182165145874,-0.08300481736660004,0.7646374106407166,0.5298606753349304,-0.18342557549476624,0.6360689401626587,0.5593109726905823,-0.17220968008041382,0.7644312381744385,0.5535649061203003,-0.21510560810565948,0.6306219100952148,0.5854666829109192,-0.20303723216056824,0.7592788934707642,0.5498141646385193,-0.2484828233718872,0.6347020268440247,0.585091769695282,-0.23764605820178986,0.7572128772735596,0.541405439376831,-0.19702674448490143,0.6380537748336792,0.5776326656341553,-0.18771955370903015,0.7256759405136108,0.5544646382331848,0.006341364234685898,0.6728551983833313,0.5542831420898438,-0.006413596216589212,0.7208467721939087,0.6893860101699829,0.010703491047024727,0.6722604632377625,0.6855899691581726,0.004171780310571194,0.7223812341690063,0.8037484884262085,0.18190784752368927,0.6731436252593994,0.7964729070663452,0.18697603046894073,0.7171143293380737,0.8173815011978149,0.19169707596302032,0.676284909248352,0.8127906322479248,0.19742663204669952,0.735073447227478,0.8438425660133362,0.06978387385606766,0.6770436763763428,0.8345950841903687,0.06783047318458557
73,catch_cap,a04_s09_e03,0.711302638053894,0.3011116683483124,-0.32087868452072144,0.7148052453994751,0.2889855206012726,-0.30439096689224243,0.7168282866477966,0.2890103757381439,-0.3044162690639496,0.7193701267242432,0.2890816926956177,-0.3044178783893585,0.705396294593811,0.28862741589546204,-0.30699172616004944,0.701146125793457,0.288571834564209,-0.30702558159828186,0.6967545747756958,0.28879693150520325,-0.3070632815361023,0.7210402488708496,0.29492321610450745,-0.19096261262893677,0.6871206164360046,0.29676252603530884,-0.20198877155780792,0.7154196500778198,0.3164994418621063,-0.276788592338562,0.7040639519691467,0.3171723484992981,-0.2801590859889984,0.749299168586731,0.37661707401275635,-0.10557244718074799,0.6577086448669434,0.38125884532928467,-0.12264047563076019,0.7613884806632996,0.46229204535484314,-0.04910457879304886,0.644343376159668,0.4771117568016052,-0.07508277893066406,0.7611974477767944,0.5334430932998657,-0.14727140963077545,0.636215329170227,0.5581676363945007,-0.16382843255996704,0.7605034708976746,0.557386577129364,-0.17516279220581055,0.6307653188705444,0.5845358967781067,-0.19433777034282684,0.7564648389816284,0.5547863841056824,-0.20765647292137146,0.6353749632835388,0.583836555480957,-0.2286003828048706,0.7547393441200256,0.546825647354126,-0.16182228922843933,0.6384798288345337,0.5764597654342651,-0.179380401968956,0.7256772518157959,0.5543943643569946,0.005737044848501682,0.672707200050354,0.5541799068450928,-0.005794432945549488,0.7205004096031189,0.6893614530563354,0.010972175747156143,0.6721802353858948,0.685595691204071,0.003794220509007573,0.7221013307571411,0.8036486506462097,0.17717039585113525,0.6732104420661926,0.797274649143219,0.17726117372512817,0.7168931365013123,0.8171305060386658,0.18601468205451965,0.676443874835968,0.8139715194702148,0.18630336225032806,0.7345553040504456,0.8438107967376709,0.05894850566983223,0.6766564249992371,0.8349114656448364,0.05686689168214798
74,catch_cap,a04_s09_e03,0.7110973000526428,0.30099979043006897,-0.31747084856033325,0.7148039937019348,0.28893908858299255,-0.30110278725624084,0.7169458866119385,0.28899869322776794,-0.30112648010253906,0.7195388674736023,0.2890833020210266,-0.30112895369529724,0.7052568793296814,0.28846633434295654,-0.30397969484329224,0.7009894251823425,0.2883842885494232,-0.3040153980255127,0.6966294050216675,0.2885914444923401,-0.30404984951019287,0.7215503454208374,0.2949947714805603,-0.1878526359796524,0.6871694326400757,0.2963387072086334,-0.20049774646759033,0.7152993679046631,0.3164879083633423,-0.27353981137275696,0.7037501335144043,0.31698232889175415,-0.27728182077407837,0.749424397945404,0.3767533004283905,-0.10173819959163666,0.6578457355499268,0.38078606128692627,-0.12185406684875488,0.7605463266372681,0.463144451379776,-0.042921606451272964,0.6444987058639526,0.4767076075077057,-0.07503198087215424,0.7591515183448792,0.5372411608695984,-0.13689622282981873,0.6363064050674438,0.5572488903999329,-0.16347840428352356,0.7585367560386658,0.5617932677268982,-0.16372129321098328,0.6309236884117126,0.5838168859481812,-0.19384418427944183,0.7548060417175293,0.559892475605011,-0.19621309638023376,0.6359941363334656,0.5829630494117737,-0.22776487469673157,0.7531229853630066,0.5521109700202942,-0.15158823132514954,0.6389071941375732,0.5755759477615356,-0.17883814871311188,0.7256792187690735,0.554315447807312,0.005205449182540178,0.6725164651870728,0.5540981292724609,-0.0052651879377663136,0.7202340364456177,0.6893703937530518,0.008040709421038628,0.6721376180648804,0.685638427734375,0.0035506573040038347,0.7218167781829834,0.8035585284233093,0.17660915851593018,0.6733205914497375,0.7985915541648865,0.17517071962356567,0.716796338558197,0.8169757723808289,0.18572261929512024,0.6767393946647644,0.8155025243759155,0.18430444598197937,0.733916699886322,0.8436492681503296,0.057247936725616455,0.6762346029281616,0.8353672623634338,0.054388560354709625
75,catch_cap,a04_s09_e03,0.7111457586288452,0.30062779784202576,-0.3172966539859772,0.7149171829223633,0.2888416647911072,-0.3009689450263977,0.7173019051551819,0.2889464795589447,-0.30099380016326904,0.7199578881263733,0.2890572249889374,-0.30099958181381226,0.705276370048523,0.28827163577079773,-0.3040374219417572,0.7010180354118347,0.28817325830459595,-0.3040792942047119,0.6966443657875061,0.2883734703063965,-0.30411675572395325,0.7221850752830505,0.29500535130500793,-0.18810254335403442,0.6875343322753906,0.2960411012172699,-0.2017468512058258,0.7153212428092957,0.3162009119987488,-0.2736019194126129,0.7038137912750244,0.3163701593875885,-0.2776409983634949,0.7497175931930542,0.3769955337047577,-0.10205714404582977,0.6580802202224731,0.3805246949195862,-0.12409098446369171,0.7590453624725342,0.46519502997398376,-0.04459240287542343,0.6447060704231262,0.4765060842037201,-0.07829958945512772,0.756395161151886,0.5396257042884827,-0.13849954307079315,0.6367807984352112,0.5568954944610596,-0.16434665024280548,0.7559810876846313,0.565300703048706,-0.16485384106636047,0.6315275430679321,0.5834899544715881,-0.19404339790344238,0.752846360206604,0.564460039138794,-0.1971929669380188,0.6368258595466614,0.5826094746589661,-0.22701361775398254,0.7511492371559143,0.5567628741264343,-0.15328676998615265,0.6396108269691467,0.5751765966415405,-0.17926113307476044,0.7256696820259094,0.5542929172515869,0.005414192099124193,0.6724607944488525,0.5539599657058716,-0.005481565836817026,0.7199459671974182,0.6893351674079895,0.006634708493947983,0.6721075177192688,0.6857605576515198,0.0021499074064195156,0.7215458154678345,0.8035165667533875,0.17253580689430237,0.6733488440513611,0.7995637655258179,0.17035004496574402,0.7166627645492554,0.8169648051261902,0.1813373863697052,0.6768463850021362,0.8166905045509338,0.17922350764274597,0.7336632609367371,0.8436347842216492,0.0523521788418293,0.6760219931602478,0.8358941674232483,0.049026284366846085
76,catch_cap,a04_s09_e03,0.7111977338790894,0.3005659282207489,-0.31726425886154175,0.7152355909347534,0.2888331115245819,-0.3010895848274231,0.7178276777267456,0.28894612193107605,-0.3011148273944855,0.7205057740211487,0.2890629768371582,-0.30112141370773315,0.7054588794708252,0.28823262453079224,-0.30440303683280945,0.7012280225753784,0.2881130576133728,-0.3044459819793701,0.696921706199646,0.2882997691631317,-0.3044845461845398,0.7228682637214661,0.29507577419281006,-0.18786074221134186,0.6882485151290894,0.2958466410636902,-0.20250347256660461,0.7153750061988831,0.3161296546459198,-0.2732866704463959,0.7039373517036438,0.31614771485328674,-0.2776247262954712,0.7500122785568237,0.37702274322509766,-0.10086904466152191,0.6583528518676758,0.38014334440231323,-0.12468556314706802,0.7580952644348145,0.4659731984138489,-0.04270641878247261,0.6449755430221558,0.47606322169303894,-0.07929398119449615,0.7554966807365417,0.5405710339546204,-0.1362542062997818,0.6369251012802124,0.5565388202667236,-0.16521653532981873,0.7551011443138123,0.5660365223884583,-0.1622992902994156,0.6318367719650269,0.5830692052841187,-0.19478844106197357,0.7521218061447144,0.5651924014091492,-0.19483691453933716,0.6372685432434082,0.5821896195411682,-0.22756950557231903,0.7504740357398987,0.557310163974762,-0.15112031996250153,0.6399396657943726,0.5747967958450317,-0.1800130307674408,0.7256704568862915,0.5543009042739868,0.005683240946382284,0.6724173426628113,0.5538708567619324,-0.0057533420622348785,0.7196337580680847,0.6892984509468079,0.005904163233935833,0.6720372438430786,0.6857758164405823,0.0008848623256199062,0.721237301826477,0.8034831285476685,0.17234821617603302,0.6733281016349792,0.7995575666427612,0.1700526475906372,0.7164118885993958,0.8169338703155518,0.18128132820129395,0.676842987537384,0.8166234493255615,0.17912468314170837,0.7333115935325623,0.8435987234115601,0.05220954492688179,0.675801694393158,0.8361595869064331,0.04891382157802582
77,catch_cap,a04_s09_e03,0.7112241983413696,0.3005374073982239,-0.31789273023605347,0.715582013130188,0.2888314425945282,-0.301731675863266,0.7183322310447693,0.28894808888435364,-0.30175572633743286,0.721044659614563,0.28908079862594604,-0.3017615079879761,0.7056747674942017,0.2882033586502075,-0.3051053583621979,0.7014483213424683,0.2880634069442749,-0.30514806509017944,0.6971675157546997,0.2882269024848938,-0.30518490076065063,0.7235572934150696,0.2951493263244629,-0.18840597569942474,0.6888202428817749,0.29557004570961,-0.20334574580192566,0.7154775857925415,0.3161013424396515,-0.2738623023033142,0.704028844833374,0.3160201907157898,-0.2783244252204895,0.7503336071968079,0.377067506313324,-0.10117056220769882,0.6585831642150879,0.37985286116600037,-0.12480311095714569,0.7576866745948792,0.46637359261512756,-0.04201914370059967,0.6451541781425476,0.47576701641082764,-0.07891519367694855,0.7553308606147766,0.540951132774353,-0.13396821916103363,0.6370535492897034,0.556117057800293,-0.16474853456020355,0.7551603317260742,0.5660785436630249,-0.15945127606391907,0.6321010589599609,0.5827234983444214,-0.19403603672981262,0.7521579265594482,0.5652713179588318,-0.19187259674072266,0.6376866102218628,0.5818485617637634,-0.22656068205833435,0.7504868507385254,0.5574811100959778,-0.14869967103004456,0.6403021812438965,0.5744577050209045,-0.17942433059215546,0.7256631851196289,0.5542876720428467,0.0056654238142073154,0.672271728515625,0.5536801218986511,-0.005739995744079351,0.7192509174346924,0.68924880027771,0.0048458157107234,0.6719509363174438,0.6857410669326782,0.0003162009525112808,0.7209856510162354,0.8034619688987732,0.1718335747718811,0.6732987761497498,0.7994800806045532,0.17004157602787018,0.7162684202194214,0.8169047832489014,0.18085332214832306,0.6768363118171692,0.8164965510368347,0.1792166829109192,0.732946515083313,0.8433769345283508,0.05235850811004639,0.6755126714706421,0.8361886739730835,0.04959604889154434
78,catch_cap,a04_s09_e03,0.7112453579902649,0.300613135099411,-0.3195527195930481,0.7158841490745544,0.28893378376960754,-0.3037508428096771,0.7187530398368835,0.28909847140312195,-0.3037722408771515,0.7214604616165161,0.28931114077568054,-0.3037802577018738,0.7058974504470825,0.288220077753067,-0.3063022196292877,0.7016676664352417,0.28806763887405396,-0.30634739995002747,0.6974090337753296,0.28823181986808777,-0.30638641119003296,0.7240597605705261,0.29542818665504456,-0.19058509171009064,0.6892982721328735,0.29550525546073914,-0.20553281903266907,0.7155596017837524,0.3161275088787079,-0.27542105317115784,0.7040983438491821,0.31602033972740173,-0.2786967158317566,0.7505557537078857,0.37718677520751953,-0.10166430473327637,0.6587262153625488,0.37976932525634766,-0.12685731053352356,0.7574512958526611,0.46673548221588135,-0.04285108298063278,0.6452003121376038,0.47576919198036194,-0.0806245282292366,0.7553921341896057,0.5416581630706787,-0.13394193351268768,0.6371116638183594,0.5560211539268494,-0.16592535376548767,0.755260169506073,0.5667438507080078,-0.15909472107887268,0.632193386554718,0.5825450420379639,-0.19510143995285034,0.7522393465042114,0.5659389495849609,-0.19168031215667725,0.6378904581069946,0.5816618800163269,-0.2278299629688263,0.7505160570144653,0.5583498477935791,-0.14870145916938782,0.640489935874939,0.5743252038955688,-0.1806306093931198,0.7256633639335632,0.5541978478431702,0.005517703015357256,0.6721876263618469,0.5534770488739014,-0.0055971830151975155,0.7189739942550659,0.6892277598381042,0.00465930812060833,0.6718202829360962,0.6856975555419922,0.00021542194008361548,0.7208267450332642,0.803452730178833,0.17064455151557922,0.6732181310653687,0.7994591593742371,0.1693500578403473,0.7161435484886169,0.8170360922813416,0.17953994870185852,0.6768155097961426,0.816456139087677,0.17844632267951965,0.7328671216964722,0.8433226943016052,0.05092664808034897,0.6751277446746826,0.8363624811172485,0.048789601773023605
79,catch_cap,a04_s09_e03,0.7112694382667542,0.3007829785346985,-0.3210411071777344,0.7160851359367371,0.2891654670238495,-0.30582883954048157,0.7190185189247131,0.2893821895122528,-0.30585020780563354,0.7217119336128235,0.28967419266700745,-0.3058600127696991,0.706100344657898,0.2883252799510956,-0.30768612027168274,0.7018945813179016,0.2881229519844055,-0.30773451924324036,0.6976833939552307,0.2882651388645172,-0.30777838826179504,0.7243874073028564,0.2957805097103119,-0.19402147829532623,0.6898812651634216,0.29551252722740173,-0.2066001445055008,0.7156461477279663,0.3161880075931549,-0.27733010053634644,0.7041455507278442,0.316025048494339,-0.27951520681381226,0.750723123550415,0.3772675096988678,-0.10486549139022827,0.6588925123214722,0.37970227003097534,-0.1279734969139099,0.7574752569198608,0.4673691987991333,-0.04386935383081436,0.6453091502189636,0.4757937490940094,-0.08170078694820404,0.7555710673332214,0.5435686111450195,-0.13783185184001923,0.6371670961380005,0.5560916662216187,-0.16662195324897766,0.7557331919670105,0.5684911608695984,-0.16352704167366028,0.6322460174560547,0.5825712084770203,-0.19569917023181915,0.7525660395622253,0.568037748336792,-0.1958739459514618,0.6379266977310181,0.5816845297813416,-0.22845050692558289,0.7507081627845764,0.5607213973999023,-0.15255199372768402,0.640510618686676,0.5743474960327148,-0.1813271939754486,0.7256456613540649,0.554206907749176,0.005535558331757784,0.6720844507217407,0.5533669590950012,-0.0056183054111897945,0.7188571691513062,0.6892732381820679,0.004930937197059393,0.6717992424964905,0.6856668591499329,0.00010570672020548955,0.7207103967666626,0.8036056756973267,0.16913583874702454,0.6731300950050354,0.7994534373283386,0.16841766238212585,0.715989887714386,0.8173682689666748,0.17781665921211243,0.6767739653587341,0.8165343999862671,0.17744211852550507,0.7328569889068604,0.8433119654655457,0.04962046444416046,0.6748372912406921,0.8364661931991577,0.0480879507958889
80,catch_cap,a04_s09_e03,0.7114988565444946,0.3009316027164459,-0.3204680383205414,0.7164660692214966,0.2893356382846832,-0.30495184659957886,0.719440221786499,0.2895776927471161,-0.3049747347831726,0.7220896482467651,0.2899011969566345,-0.3049803674221039,0.7064684629440308,0.28842028975486755,-0.30750808119773865,0.7022508978843689,0.2881799638271332,-0.307552695274353,0.6980223655700684,0.288303017616272,-0.3075931668281555,0.7247443795204163,0.2959813177585602,-0.1928808093070984,0.6903405785560608,0.2955191731452942,-0.20664331316947937,0.7159160375595093,0.31624636054039,-0.2766674757003784,0.7042554616928101,0.3160473704338074,-0.27997300028800964,0.7507833242416382,0.3773108720779419,-0.10463283210992813,0.6590688824653625,0.37960928678512573,-0.1265004277229309,0.7575874328613281,0.4671092629432678,-0.044715218245983124,0.6453085541725159,0.47580617666244507,-0.07994089275598526,0.7563673853874207,0.542607307434082,-0.13903729617595673,0.6370939612388611,0.5564500093460083,-0.16446320712566376,0.7560747265815735,0.5677456259727478,-0.16485990583896637,0.632204532623291,0.5825949907302856,-0.193386048078537,0.7530642747879028,0.5668616890907288,-0.19701316952705383,0.637922465801239,0.5817276835441589,-0.2260628491640091,0.7513916492462158,0.5593149065971375,-0.1536692976951599,0.6405442953109741,0.5743844509124756,-0.17903096973896027,0.7256416082382202,0.5541743636131287,0.005534477531909943,0.6720390915870667,0.5533095002174377,-0.005619672127068043,0.7187236547470093,0.6893869638442993,0.005127123557031155,0.6717736721038818,0.6856648921966553,0.00035466838744468987,0.7205427885055542,0.8035954833030701,0.1694059669971466,0.6730355620384216,0.799422562122345,0.16907748579978943,0.7157273292541504,0.8172889947891235,0.1782224178314209,0.676726222038269,0.8164856433868408,0.17823465168476105,0.7325862646102905,0.8433020114898682,0.05068502947688103,0.6745983362197876,0.8364953398704529,0.04904405400156975
81,catch_cap,a04_s09_e03,0.7119375467300415,0.30108264088630676,-0.32336586713790894,0.716970682144165,0.28947991132736206,-0.3077087104320526,0.7199440598487854,0.28972288966178894,-0.30773311853408813,0.7225401401519775,0.2900450825691223,-0.30774033069610596,0.7069368362426758,0.28855183720588684,-0.3104418218135834,0.702692985534668,0.28828373551368713,-0.31048649549484253,0.6984183192253113,0.2883996367454529,-0.3105278015136719,0.7249912023544312,0.29613202810287476,-0.19525547325611115,0.6907283663749695,0.2955895662307739,-0.20885534584522247,0.7163473963737488,0.31629860401153564,-0.279470294713974,0.704576849937439,0.31611379981040955,-0.28307121992111206,0.7509124875068665,0.37759867310523987,-0.10799024254083633,0.6591628789901733,0.37963441014289856,-0.127023383975029,0.7575291395187378,0.46723809838294983,-0.04926865175366402,0.6453251242637634,0.4759943187236786,-0.08067680895328522,0.7568749189376831,0.542586624622345,-0.1458001732826233,0.6369603276252747,0.5573518872261047,-0.16483215987682343,0.7561824321746826,0.5679244995117188,-0.17234031856060028,0.6321364045143127,0.582874059677124,-0.1934243142604828,0.7532064318656921,0.5669147968292236,-0.2048616111278534,0.6377038955688477,0.5818616151809692,-0.2264290153980255,0.7516734004020691,0.5592830777168274,-0.160783052444458,0.6404186487197876,0.5744946002960205,-0.17947250604629517,0.7256378531455994,0.5541678071022034,0.005280842073261738,0.6720328330993652,0.5532833933830261,-0.005371223669499159,0.7186261415481567,0.6893888115882874,0.0033366926945745945,0.6717469096183777,0.6856609582901001,0.00031631343881599605,0.7204314470291138,0.803604006767273,0.1702735722064972,0.6730091571807861,0.7993953824043274,0.16928718984127045,0.7153946161270142,0.8173096776008606,0.17929494380950928,0.6767228841781616,0.8164480924606323,0.1785953938961029,0.7325631380081177,0.8433102965354919,0.051635127514600754,0.6744676232337952,0.8365893959999084,0.049270883202552795
82,catch_cap,a04_s09_e03,0.7125126719474792,0.3013397753238678,-0.3276909589767456,0.7174910306930542,0.28967729210853577,-0.3119174540042877,0.7204164862632751,0.2899130582809448,-0.3119424283504486,0.7229790687561035,0.29023802280426025,-0.31194865703582764,0.7074985504150391,0.28873586654663086,-0.31524112820625305,0.7032309174537659,0.2884274423122406,-0.31528547406196594,0.6988708972930908,0.28852251172065735,-0.3153262734413147,0.7251685857772827,0.2962941527366638,-0.19829753041267395,0.6909419298171997,0.295647531747818,-0.21388301253318787,0.7168322801589966,0.31642988324165344,-0.28326812386512756,0.7050153017044067,0.3162703514099121,-0.2877013087272644,0.7509711980819702,0.37774357199668884,-0.10994211584329605,0.6591800451278687,0.37964144349098206,-0.12919898331165314,0.7574878931045532,0.46723654866218567,-0.05161704495549202,0.6453324556350708,0.47616565227508545,-0.08103055506944656,0.7569356560707092,0.5421086549758911,-0.15277887880802155,0.6367824673652649,0.5577930212020874,-0.1650676280260086,0.7574704885482788,0.5672399997711182,-0.1803075075149536,0.6320071220397949,0.5830017328262329,-0.19355277717113495,0.755364179611206,0.5660709738731384,-0.21349568665027618,0.6373199224472046,0.5819509625434875,-0.22671034932136536,0.7531144022941589,0.5584245324134827,-0.1682608723640442,0.6401225328445435,0.5745827555656433,-0.17979778349399567,0.7256458401679993,0.5541358590126038,0.005305191036313772,0.6720264554023743,0.5532752275466919,-0.0053964960388839245,0.7186159491539001,0.6894079446792603,0.0038213455118238926,0.6717234253883362,0.685667872428894,0.0005193303222768009,0.7203895449638367,0.8036245107650757,0.17124004662036896,0.6729554533958435,0.7993786334991455,0.17271319031715393,0.7151060104370117,0.8173646330833435,0.18052417039871216,0.6766951084136963,0.8164137005805969,0.1824077069759369,0.7325659394264221,0.8433551788330078,0.05180663987994194,0.6743929982185364,0.8367003798484802,0.0525982566177845
83,catch_cap,a04_s09_e03,0.7129029631614685,0.3014759421348572,-0.329334020614624,0.7178200483322144,0.28978994488716125,-0.3134780526161194,0.7207263112068176,0.2900260090827942,-0.3135035037994385,0.7232570648193359,0.29035434126853943,-0.3135082423686981,0.7078132033348083,0.28885358572006226,-0.31695377826690674,0.7035199403762817,0.28853094577789307,-0.316999226808548,0.6991108655929565,0.2886224091053009,-0.31704142689704895,0.7253147959709167,0.29642418026924133,-0.19975002110004425,0.6910839080810547,0.29574841260910034,-0.21593384444713593,0.7172015905380249,0.3165176808834076,-0.2849481403827667,0.7053282856941223,0.31639033555984497,-0.28964629769325256,0.7510499358177185,0.3780161440372467,-0.11138485372066498,0.6592018604278564,0.3796653151512146,-0.1318579614162445,0.7574871778488159,0.467342346906662,-0.0551878921687603,0.6453087329864502,0.4764283299446106,-0.08408564329147339,0.7576296925544739,0.5417730212211609,-0.15932825207710266,0.6364466547966003,0.5585302710533142,-0.16744306683540344,0.7589437365531921,0.5668020248413086,-0.18755176663398743,0.6316730976104736,0.5833466053009033,-0.1959277093410492,0.7573457956314087,0.565531849861145,-0.2207953929901123,0.6366962194442749,0.582370936870575,-0.22908098995685577,0.7547743916511536,0.5579742193222046,-0.1749371737241745,0.6396186947822571,0.5749369859695435,-0.18209241330623627,0.7256515622138977,0.5541719198226929,0.005346164107322693,0.6720276474952698,0.5533417463302612,-0.005438630469143391,0.7186136245727539,0.6893907189369202,0.0067979032173752785,0.6717162132263184,0.6856662034988403,0.001040054252371192,0.72028648853302,0.8036000728607178,0.17478403449058533,0.6729335784912109,0.7993720769882202,0.17450709640979767,0.7147049903869629,0.8173554539680481,0.18419723212718964,0.6766690015792847,0.8163890838623047,0.1843000203371048,0.7324951887130737,0.8433511257171631,0.05604662373661995,0.6743985414505005,0.8367608785629272,0.05458848923444748
84,catch_cap,a04_s09_e03,0.7130721807479858,0.3015424311161041,-0.33377203345298767,0.7179843187332153,0.2898658812046051,-0.31801244616508484,0.7208974361419678,0.2901110351085663,-0.3180340528488159,0.7234064936637878,0.2904495298862457,-0.3180386424064636,0.7079809308052063,0.28891459107398987,-0.3215279281139374,0.7036752104759216,0.2885805666446686,-0.32157593965530396,0.6992570757865906,0.28866487741470337,-0.3216179609298706,0.7254238724708557,0.2965411841869354,-0.2042480707168579,0.69122314453125,0.29577192664146423,-0.2205343246459961,0.7173572778701782,0.31658878922462463,-0.2893398404121399,0.7054280042648315,0.31645524501800537,-0.2941459119319916,0.75116366147995,0.37829703092575073,-0.11503525078296661,0.6592141389846802,0.3796687424182892,-0.13691820204257965,0.7574726343154907,0.46786049008369446,-0.05789534002542496,0.6453099250793457,0.47654393315315247,-0.08940260857343674,0.7585731744766235,0.5430954098701477,-0.15913930535316467,0.6363074779510498,0.5589774250984192,-0.17173698544502258,0.7598789930343628,0.5676019787788391,-0.18672631680965424,0.6315346956253052,0.5835075378417969,-0.19990219175815582,0.7584639191627502,0.5663092732429504,-0.21976463496685028,0.6363633275032043,0.5825708508491516,-0.23299607634544373,0.7559682130813599,0.5587829947471619,-0.1745958924293518,0.639356255531311,0.5751360058784485,-0.18631763756275177,0.7256745100021362,0.5541703701019287,0.005383171606808901,0.6720279455184937,0.5533410310745239,-0.005474734120070934,0.7186126708984375,0.6893616318702698,0.007220906671136618,0.6717144250869751,0.6856048703193665,0.0014251371612772346,0.7202516794204712,0.8035627007484436,0.1763259470462799,0.6728464365005493,0.7993584275245667,0.17623016238212585,0.7144344449043274,0.8173487186431885,0.1858791559934616,0.6765608787536621,0.816240131855011,0.18618589639663696,0.7324970960617065,0.8433484435081482,0.05797538161277771,0.6743972897529602,0.8367906212806702,0.05682095140218735
85,catch_cap,a04_s09_e03,0.713224470615387,0.3016081154346466,-0.3347814381122589,0.71812504529953,0.28993532061576843,-0.31879833340644836,0.7210389971733093,0.2901844382286072,-0.31881919503211975,0.7235394716262817,0.2905319333076477,-0.31882327795028687,0.7081345319747925,0.28898218274116516,-0.3224402368068695,0.7038221955299377,0.28864192962646484,-0.32248741388320923,0.6993894577026367,0.28872111439704895,-0.32252734899520874,0.72552889585495,0.2966567277908325,-0.20451338589191437,0.6913163661956787,0.29583099484443665,-0.22135062515735626,0.7174791097640991,0.31664976477622986,-0.2902255058288574,0.7055212259292603,0.31651976704597473,-0.29521748423576355,0.7512636184692383,0.3785858452320099,-0.11488915979862213,0.6592277884483337,0.3796820342540741,-0.13878577947616577,0.7574900388717651,0.4685971438884735,-0.057235438376665115,0.6453195810317993,0.476632684469223,-0.09176556766033173,0.7594380974769592,0.5440293550491333,-0.1578996628522873,0.6362482309341431,0.5590865612030029,-0.17418527603149414,0.7605865597724915,0.56838059425354,-0.18542620539665222,0.631475567817688,0.5835382342338562,-0.202489972114563,0.7591016292572021,0.5670403838157654,-0.21835382282733917,0.6362956166267395,0.5825811624526978,-0.23569759726524353,0.7567188739776611,0.5595815777778625,-0.1732747107744217,0.6393046975135803,0.575156033039093,-0.18881776928901672,0.7257009744644165,0.5542086362838745,0.005563261918723583,0.6720291376113892,0.5533943176269531,-0.005658020731061697,0.7186132669448853,0.6893599629402161,0.007837889716029167,0.6717123985290527,0.6856070160865784,0.0015169844264164567,0.7201927900314331,0.803547739982605,0.17948836088180542,0.6727789044380188,0.7993152737617493,0.178619846701622,0.7141408920288086,0.8173417448997498,0.18931987881660461,0.6764857172966003,0.8159516453742981,0.1888362467288971,0.732526957988739,0.843368649482727,0.06169666722416878,0.6743891835212708,0.8368346691131592,0.05941157415509224
