frame_index,label,video_id,l0_x,l0_y,l0_z,l1_x,l1_y,l1_z,l2_x,l2_y,l2_z,l3_x,l3_y,l3_z,l4_x,l4_y,l4_z,l5_x,l5_y,l5_z,l6_x,l6_y,l6_z,l7_x,l7_y,l7_z,l8_x,l8_y,l8_z,l9_x,l9_y,l9_z,l10_x,l10_y,l10_z,l11_x,l11_y,l11_z,l12_x,l12_y,l12_z,l13_x,l13_y,l13_z,l14_x,l14_y,l14_z,l15_x,l15_y,l15_z,l16_x,l16_y,l16_z,l17_x,l17_y,l17_z,l18_x,l18_y,l18_z,l19_x,l19_y,l19_z,l20_x,l20_y,l20_z,l21_x,l21_y,l21_z,l22_x,l22_y,l22_z,l23_x,l23_y,l23_z,l24_x,l24_y,l24_z,l25_x,l25_y,l25_z,l26_x,l26_y,l26_z,l27_x,l27_y,l27_z,l28_x,l28_y,l28_z,l29_x,l29_y,l29_z,l30_x,l30_y,l30_z,l31_x,l31_y,l31_z,l32_x,l32_y,l32_z
0,catch_cap,a04_s10_e02,0.6976479291915894,0.23408859968185425,-0.40464216470718384,0.7017208337783813,0.22036471962928772,-0.38586297631263733,0.7048306465148926,0.2208150327205658,-0.3858467638492584,0.7082679867744446,0.22143784165382385,-0.38580751419067383,0.6908870339393616,0.21918559074401855,-0.39474281668663025,0.6857461929321289,0.21895503997802734,-0.3947996497154236,0.6807078719139099,0.21898135542869568,-0.3947925567626953,0.7099274396896362,0.22756147384643555,-0.24951520562171936,0.6711562871932983,0.22571954131126404,-0.2937478721141815,0.7011374235153198,0.2512233257293701,-0.3513530492782593,0.6878201961517334,0.25019410252571106,-0.3641536831855774,0.7365849018096924,0.32243862748146057,-0.12776561081409454,0.6337445974349976,0.3205147087574005,-0.21030640602111816,0.7516260743141174,0.4221923053264618,-0.043779704719781876,0.6163473725318909,0.4241371154785156,-0.1638137251138687,0.7658568024635315,0.5139832496643066,-0.156218022108078,0.6069966554641724,0.5210949182510376,-0.2441699206829071,0.7693761587142944,0.5464740991592407,-0.18470951914787292,0.6033403277397156,0.5551789402961731,-0.2771148383617401,0.7657911777496338,0.54590904712677,-0.22606638073921204,0.6097416281700134,0.553903341293335,-0.31231388449668884,0.762998640537262,0.5350912809371948,-0.17490683495998383,0.612824559211731,0.5463613867759705,-0.25904086232185364,0.7146854996681213,0.5232413411140442,0.03132922947406769,0.6551821827888489,0.5242990851402283,-0.031511131674051285,0.7208829522132874,0.6730257272720337,0.10610099136829376,0.6448283195495605,0.6718292236328125,-0.012561894953250885,0.7257389426231384,0.8011165857315063,0.2913287580013275,0.6378487348556519,0.8001968860626221,0.16602212190628052,0.7167114019393921,0.818729043006897,0.3018166124820709,0.6401155591011047,0.8124767541885376,0.17555679380893707,0.7581019401550293,0.8512505292892456,0.17162835597991943,0.6424220204353333,0.8536431789398193,0.02874137833714485
1,catch_cap,a04_s10_e02,0.6971212029457092,0.2340865135192871,-0.3940879702568054,0.7016538381576538,0.22023995220661163,-0.37516406178474426,0.704806923866272,0.22061987221240997,-0.37513968348503113,0.7082685232162476,0.22115404903888702,-0.3750899136066437,0.690673291683197,0.2190980166196823,-0.38271254301071167,0.6856451034545898,0.2188892811536789,-0.3827539086341858,0.680683970451355,0.21890965104103088,-0.38274872303009033,0.7099648714065552,0.22755862772464752,-0.23817285895347595,0.6711682081222534,0.2254112809896469,-0.27710527181625366,0.7009226083755493,0.2512371838092804,-0.34088334441185,0.6876558065414429,0.25025108456611633,-0.35207846760749817,0.7365829944610596,0.32249242067337036,-0.12042347341775894,0.6337676644325256,0.31994232535362244,-0.1922333538532257,0.7516182661056519,0.42237645387649536,-0.035729002207517624,0.6165198087692261,0.42399412393569946,-0.14495564997196198,0.7664173245429993,0.5146523118019104,-0.14707958698272705,0.607559084892273,0.5200579166412354,-0.233549565076828,0.7697663307189941,0.5467759370803833,-0.17587552964687347,0.6033838987350464,0.5541444420814514,-0.2666534185409546,0.7659085988998413,0.5460644960403442,-0.21893326938152313,0.6099458932876587,0.5529804825782776,-0.3040544092655182,0.7630605101585388,0.5363529324531555,-0.16653001308441162,0.6130890846252441,0.5452190637588501,-0.24980390071868896,0.7148619294166565,0.5234254598617554,0.030456189066171646,0.6553200483322144,0.5241439342498779,-0.030616233125329018,0.7214154601097107,0.6726730465888977,0.06568177044391632,0.6448283195495605,0.6718322038650513,-0.007791940122842789,0.7250896692276001,0.7992346286773682,0.25461435317993164,0.637859582901001,0.7991434335708618,0.1919196993112564,0.7153996229171753,0.8163065314292908,0.26553231477737427,0.6397562026977539,0.810867965221405,0.2040065973997116,0.7577865719795227,0.8508929014205933,0.1381232887506485,0.643039345741272,0.853157639503479,0.06280285120010376
2,catch_cap,a04_s10_e02,0.6968127489089966,0.2340727001428604,-0.3862733244895935,0.7015941739082336,0.2201274335384369,-0.3670181632041931,0.7047775983810425,0.22046199440956116,-0.36699342727661133,0.7082650065422058,0.22093771398067474,-0.3669411540031433,0.6905251741409302,0.21900588274002075,-0.37464219331741333,0.6855748891830444,0.218811497092247,-0.3746773302555084,0.6806684732437134,0.21882623434066772,-0.37467023730278015,0.7099727392196655,0.22755499184131622,-0.22958464920520782,0.6711812019348145,0.2251078486442566,-0.2691500186920166,0.7007834315299988,0.25123828649520874,-0.33308035135269165,0.6875830888748169,0.2502630949020386,-0.3443921208381653,0.7365792393684387,0.3225034773349762,-0.11282092332839966,0.6337613463401794,0.31956997513771057,-0.18624429404735565,0.7515678405761719,0.42247313261032104,-0.02832755073904991,0.6165813207626343,0.4239005148410797,-0.1404377967119217,0.7667142748832703,0.5148276090621948,-0.13995547592639923,0.6078545451164246,0.5194108486175537,-0.230325847864151,0.7699761986732483,0.5468458533287048,-0.16872090101242065,0.6033880114555359,0.5534475445747375,-0.26373207569122314,0.7660020589828491,0.5460795164108276,-0.212209552526474,0.6100302338600159,0.5523406267166138,-0.3013387620449066,0.7631164789199829,0.5367797613143921,-0.15967193245887756,0.6132215261459351,0.5444623827934265,-0.2467583864927292,0.715080976486206,0.5234519839286804,0.03029523231089115,0.6555688381195068,0.5239956378936768,-0.030446505174040794,0.7217481732368469,0.6725128889083862,0.06206641346216202,0.6448284387588501,0.6718751192092896,-0.0068358383141458035,0.7247081398963928,0.7983075976371765,0.24775466322898865,0.6378839612007141,0.7981895208358765,0.19327232241630554,0.714743435382843,0.815264105796814,0.258306086063385,0.6396472454071045,0.8092374205589294,0.20523130893707275,0.7576194405555725,0.8505410552024841,0.13132421672344208,0.6434069871902466,0.8525461554527283,0.06456422805786133
3,catch_cap,a04_s10_e02,0.6966014504432678,0.2340618222951889,-0.38298195600509644,0.7015548944473267,0.22004033625125885,-0.363874614238739,0.704760730266571,0.22034069895744324,-0.36385196447372437,0.7082641124725342,0.2207755595445633,-0.363800585269928,0.6904228925704956,0.2189358025789261,-0.37135371565818787,0.6855248212814331,0.21875379979610443,-0.3713882565498352,0.680658757686615,0.2187630832195282,-0.37138137221336365,0.7099862694740295,0.2275499701499939,-0.2272648811340332,0.6711965799331665,0.22489650547504425,-0.2661968469619751,0.7006760835647583,0.25123971700668335,-0.33009234070777893,0.6875322461128235,0.2502750754356384,-0.34121379256248474,0.7365773916244507,0.3224995732307434,-0.11131252348423004,0.633780837059021,0.3192059099674225,-0.18309608101844788,0.75154709815979,0.42247575521469116,-0.027321036905050278,0.6166406869888306,0.42380571365356445,-0.13728028535842896,0.7669941186904907,0.5148330330848694,-0.1389465034008026,0.6080711483955383,0.5190824270248413,-0.22759047150611877,0.7702330946922302,0.5468466877937317,-0.16787533462047577,0.6033896207809448,0.5530855655670166,-0.2609088718891144,0.7661484479904175,0.5460646748542786,-0.21121272444725037,0.6101003885269165,0.552002489566803,-0.29860544204711914,0.763218879699707,0.536906898021698,-0.15858915448188782,0.6133307218551636,0.5440685749053955,-0.24406862258911133,0.7152763605117798,0.5235381722450256,0.030076881870627403,0.6557590365409851,0.5239309072494507,-0.03021915629506111,0.7221678495407104,0.6725127100944519,0.060549598187208176,0.6448198556900024,0.6720583438873291,-0.006413787603378296,0.7243844270706177,0.7977762818336487,0.2463604211807251,0.6378883123397827,0.7979802489280701,0.19242851436138153,0.7143215537071228,0.8146364092826843,0.25696614384651184,0.6394140124320984,0.8090394735336304,0.2042725831270218,0.7574926018714905,0.8503186106681824,0.13091543316841125,0.6437073945999146,0.8523662686347961,0.06406517326831818
4,catch_cap,a04_s10_e02,0.6966034173965454,0.2340337485074997,-0.3817811906337738,0.7015539407730103,0.2199573814868927,-0.3625918924808502,0.7047683596611023,0.22023729979991913,-0.36256876587867737,0.7082787752151489,0.22065915167331696,-0.3625166416168213,0.6904209852218628,0.21885360777378082,-0.37043946981430054,0.6855281591415405,0.21867069602012634,-0.3704737722873688,0.6806818246841431,0.21866852045059204,-0.3704662621021271,0.7099860906600952,0.2275426983833313,-0.22577902674674988,0.6712375283241272,0.22466769814491272,-0.2663712203502655,0.7006763815879822,0.251240611076355,-0.32879552245140076,0.6875827312469482,0.2502762973308563,-0.3403954803943634,0.73652583360672,0.3225001096725464,-0.10992083698511124,0.6337801814079285,0.3190322518348694,-0.18319812417030334,0.7514094710350037,0.42247679829597473,-0.02544460818171501,0.6166702508926392,0.4237331748008728,-0.13733425736427307,0.7672022581100464,0.5148026943206787,-0.1379210203886032,0.6081621646881104,0.5188059210777283,-0.227179616689682,0.770490825176239,0.5468336343765259,-0.16708676517009735,0.6033896803855896,0.5527544021606445,-0.2604598104953766,0.7663256525993347,0.5460004806518555,-0.21042168140411377,0.6101648211479187,0.5516559481620789,-0.2982259690761566,0.7633543610572815,0.536936342716217,-0.15761330723762512,0.6134183406829834,0.5436897277832031,-0.24363183975219727,0.7153589725494385,0.5235394835472107,0.03000395931303501,0.6558830738067627,0.5238125920295715,-0.030142799019813538,0.7223950624465942,0.6725043654441833,0.059645723551511765,0.6448215246200562,0.6722112894058228,-0.006281521171331406,0.7241736650466919,0.7973724603652954,0.24749526381492615,0.637895941734314,0.7976499795913696,0.19371406733989716,0.7140368819236755,0.81412273645401,0.2582944333553314,0.6391845941543579,0.808600664138794,0.2057209014892578,0.7572954297065735,0.8501715064048767,0.13227497041225433,0.6439891457557678,0.852088987827301,0.06557568162679672
5,catch_cap,a04_s10_e02,0.6969388723373413,0.23396988213062286,-0.3780118525028229,0.7016386985778809,0.21985773742198944,-0.35880786180496216,0.7048845887184143,0.22011558711528778,-0.3587859272956848,0.7083620429039001,0.22052454948425293,-0.3587343096733093,0.6905554533004761,0.21879000961780548,-0.3669978678226471,0.6857134103775024,0.21861667931079865,-0.367030531167984,0.6808912754058838,0.21861109137535095,-0.36702391505241394,0.7099734544754028,0.22751303017139435,-0.22284194827079773,0.6713325381278992,0.22457928955554962,-0.2648783028125763,0.7009152770042419,0.25119149684906006,-0.3253817856311798,0.6881319880485535,0.25026389956474304,-0.33740943670272827,0.7364922761917114,0.32249659299850464,-0.10834312438964844,0.6337887644767761,0.31893137097358704,-0.1827928125858307,0.7512940168380737,0.4224559962749481,-0.023997461423277855,0.6166772842407227,0.4236834943294525,-0.13790187239646912,0.7673828601837158,0.5147363543510437,-0.1356792449951172,0.6081792116165161,0.5186938047409058,-0.2264992743730545,0.770788311958313,0.5467838644981384,-0.16463640332221985,0.6033879518508911,0.552548348903656,-0.25967544317245483,0.76659095287323,0.5458899140357971,-0.20786218345165253,0.610237717628479,0.5514352917671204,-0.297115296125412,0.7635661363601685,0.5369394421577454,-0.155350923538208,0.6134942770004272,0.5434532761573792,-0.24280095100402832,0.7154320478439331,0.523536741733551,0.029857465997338295,0.6559816598892212,0.523673951625824,-0.029991019517183304,0.7225669622421265,0.6724890470504761,0.06031634658575058,0.6448305249214172,0.6723043918609619,-0.005761857144534588,0.724033772945404,0.7970299124717712,0.24822218716144562,0.6378997564315796,0.7976416349411011,0.19409756362438202,0.7138346433639526,0.8136972784996033,0.25905174016952515,0.6390753388404846,0.80864018201828,0.2060706615447998,0.7572150826454163,0.8500851392745972,0.13352623581886292,0.6441539525985718,0.8520642518997192,0.06620045006275177
6,catch_cap,a04_s10_e02,0.697881817817688,0.2337879240512848,-0.3780432343482971,0.7019995450973511,0.21971383690834045,-0.3586692214012146,0.7052670121192932,0.21996437013149261,-0.3586449921131134,0.7085908651351929,0.22036811709403992,-0.3585936725139618,0.6911616325378418,0.21869859099388123,-0.36748942732810974,0.6863875389099121,0.21854162216186523,-0.36752212047576904,0.681532621383667,0.21853305399417877,-0.3675139546394348,0.7099566459655762,0.22747458517551422,-0.22215518355369568,0.6715289354324341,0.22450131177902222,-0.26685628294944763,0.701565682888031,0.2510291635990143,-0.32520002126693726,0.6894097328186035,0.2501561641693115,-0.3380442261695862,0.7364541292190552,0.32248833775520325,-0.10703571140766144,0.6337893605232239,0.3188996911048889,-0.18531955778598785,0.7512317299842834,0.42245709896087646,-0.020182589069008827,0.6166788935661316,0.4236752688884735,-0.14029443264007568,0.7676953077316284,0.5147349834442139,-0.1295747309923172,0.6082056760787964,0.5186936855316162,-0.2277568131685257,0.771166205406189,0.5467929840087891,-0.15787164866924286,0.6033937931060791,0.5524780750274658,-0.2609657645225525,0.767066478729248,0.5458886027336121,-0.2012902945280075,0.6103652715682983,0.5513424277305603,-0.298005610704422,0.7640703916549683,0.5370076894760132,-0.1493520885705948,0.6136099100112915,0.5433542728424072,-0.24381501972675323,0.7155255079269409,0.5235376954078674,0.029873764142394066,0.6561139225959778,0.5236362814903259,-0.03000578284263611,0.7227014303207397,0.6724853515625,0.061341334134340286,0.6448303461074829,0.6724372506141663,-0.005340037867426872,0.7239355444908142,0.7968868613243103,0.25081855058670044,0.6379063129425049,0.7975519299507141,0.19613860547542572,0.7137587666511536,0.8134615421295166,0.26179569959640503,0.6389946937561035,0.8085455298423767,0.20832204818725586,0.7571405172348022,0.8499702215194702,0.13668379187583923,0.64423668384552,0.85202956199646,0.06913995742797852
7,catch_cap,a04_s10_e02,0.6995249390602112,0.2335308939218521,-0.3748360276222229,0.7028799057006836,0.21950224041938782,-0.35533490777015686,0.7060698866844177,0.21976032853126526,-0.3553088307380676,0.7090536952018738,0.22015675902366638,-0.3552565276622772,0.6924129128456116,0.21857839822769165,-0.3653712868690491,0.6876825094223022,0.21844683587551117,-0.36540454626083374,0.6826896071434021,0.2184586077928543,-0.36539432406425476,0.7099422216415405,0.22735299170017242,-0.2189086675643921,0.6719663143157959,0.2244632989168167,-0.26830795407295227,0.7029959559440613,0.25084632635116577,-0.3220183551311493,0.6916054487228394,0.25002267956733704,-0.3364640772342682,0.7364184856414795,0.3224484324455261,-0.10357983410358429,0.6337990164756775,0.31887587904930115,-0.18578286468982697,0.7510814070701599,0.42253953218460083,-0.01361372135579586,0.6166831254959106,0.4236466586589813,-0.1447572261095047,0.7683877944946289,0.5142576098442078,-0.11940642446279526,0.608285665512085,0.5186532735824585,-0.22964826226234436,0.7719787359237671,0.5465442538261414,-0.14643709361553192,0.6034342050552368,0.5524417757987976,-0.2623371481895447,0.7679957151412964,0.5453769564628601,-0.1900840699672699,0.6105324029922485,0.5512949228286743,-0.29945632815361023,0.7651551961898804,0.5367543697357178,-0.139313206076622,0.6137728095054626,0.5432597994804382,-0.24574987590312958,0.7157770395278931,0.5234049558639526,0.030552109703421593,0.6564284563064575,0.5236020684242249,-0.030675474554300308,0.7229784727096558,0.6724856495857239,0.0648476853966713,0.6448803544044495,0.6726366877555847,-0.005202724598348141,0.7238458395004272,0.7968956828117371,0.252005010843277,0.6379169821739197,0.7975584268569946,0.19416417181491852,0.7136247754096985,0.8135099411010742,0.2627756595611572,0.6389862895011902,0.8085601329803467,0.20604009926319122,0.7571265697479248,0.849967360496521,0.13879016041755676,0.6442804932594299,0.8520330190658569,0.06728275120258331
8,catch_cap,a04_s10_e02,0.7012232542037964,0.23301762342453003,-0.36632195115089417,0.7038990259170532,0.21917696297168732,-0.34633105993270874,0.7069071531295776,0.21945975720882416,-0.3463059067726135,0.7095559239387512,0.21984221041202545,-0.346251517534256,0.6938287019729614,0.21832570433616638,-0.3578598201274872,0.6891844868659973,0.2182268351316452,-0.3578936755657196,0.6841185688972473,0.2182699292898178,-0.35788634419441223,0.7099109888076782,0.22716768085956573,-0.20983071625232697,0.672674834728241,0.22438141703605652,-0.2664991021156311,0.7047871351242065,0.250458300113678,-0.3136361837387085,0.6938278675079346,0.24967104196548462,-0.3300512731075287,0.736316442489624,0.32243263721466064,-0.09529183804988861,0.6338083744049072,0.3188200294971466,-0.18661564588546753,0.7507314682006836,0.4226752519607544,-0.004310297779738903,0.6166598796844482,0.4234270453453064,-0.14900699257850647,0.7688647508621216,0.5121013522148132,-0.11059442907571793,0.6084131002426147,0.5185410380363464,-0.2305593192577362,0.7728810906410217,0.5448383688926697,-0.1376468539237976,0.6035333871841431,0.5523826479911804,-0.26309239864349365,0.7689715027809143,0.5432504415512085,-0.18106678128242493,0.6107970476150513,0.5512088537216187,-0.2997002601623535,0.7662892937660217,0.5350156426429749,-0.13059189915657043,0.6140047311782837,0.5430836081504822,-0.24638183414936066,0.7158597707748413,0.5232123732566833,0.032503172755241394,0.6566972732543945,0.523527979850769,-0.032621581107378006,0.7231646776199341,0.6724795699119568,0.06499050557613373,0.6449434757232666,0.6728389859199524,-0.004893779288977385,0.7237950563430786,0.796899139881134,0.25245437026023865,0.6379185914993286,0.7975793480873108,0.19483226537704468,0.71356600522995,0.8135408163070679,0.26302003860473633,0.638853907585144,0.8086937069892883,0.20680919289588928,0.7570945024490356,0.8499476313591003,0.1444861888885498,0.644418478012085,0.8520268797874451,0.06872230023145676
9,catch_cap,a04_s10_e02,0.7031756639480591,0.23263883590698242,-0.36153239011764526,0.7051530480384827,0.21894116699695587,-0.34132733941078186,0.7078808546066284,0.2192373424768448,-0.3413039445877075,0.710161566734314,0.21960733830928802,-0.3412492871284485,0.695651650428772,0.21811337769031525,-0.35402339696884155,0.6910585165023804,0.21798595786094666,-0.3540573716163635,0.6861478090286255,0.21804796159267426,-0.354049950838089,0.7098654508590698,0.22703057527542114,-0.2057071477174759,0.6738501191139221,0.22421185672283173,-0.26710444688796997,0.7067925930023193,0.25009435415267944,-0.30928608775138855,0.6962348818778992,0.2492837905883789,-0.32719480991363525,0.7362837791442871,0.32224592566490173,-0.09228294342756271,0.6338232755661011,0.3187527358531952,-0.1916942298412323,0.7505775094032288,0.42269647121429443,-0.001806126325391233,0.6165999174118042,0.42322662472724915,-0.15707960724830627,0.7703103423118591,0.5101319551467896,-0.10827668011188507,0.608569860458374,0.5185227990150452,-0.23368997871875763,0.7754431962966919,0.5427093505859375,-0.1354350447654724,0.6037195324897766,0.5523696541786194,-0.26585501432418823,0.7718624472618103,0.541030764579773,-0.1786206066608429,0.6111094355583191,0.5511869788169861,-0.30211323499679565,0.7692585587501526,0.5327985286712646,-0.1283358633518219,0.6142349243164062,0.5429993271827698,-0.2492225617170334,0.7158787846565247,0.5230194926261902,0.0353589728474617,0.6568751335144043,0.523444414138794,-0.035481441766023636,0.7232825756072998,0.6725103259086609,0.07470416277647018,0.6450537443161011,0.6730430126190186,-0.00355546991340816,0.7237391471862793,0.7969126105308533,0.25932577252388,0.6379209756851196,0.7975978255271912,0.19603443145751953,0.7135143280029297,0.8135715126991272,0.2699992060661316,0.6387180089950562,0.8088248372077942,0.20806534588336945,0.7570685148239136,0.8499298691749573,0.1543995887041092,0.6445947885513306,0.8520253300666809,0.07140086591243744
10,catch_cap,a04_s10_e02,0.7066397666931152,0.23231445252895355,-0.35594800114631653,0.7072542905807495,0.21860454976558685,-0.3357868194580078,0.7094112038612366,0.21887239813804626,-0.3357667624950409,0.7111972570419312,0.21919438242912292,-0.3357125222682953,0.6984331011772156,0.21779043972492218,-0.3505989611148834,0.6940462589263916,0.21764443814754486,-0.3506298363208771,0.6892366409301758,0.21772874891757965,-0.3506239056587219,0.7097526788711548,0.22657951712608337,-0.20051822066307068,0.6759206056594849,0.22397665679454803,-0.26759853959083557,0.7097615003585815,0.24988360702991486,-0.30360138416290283,0.699513852596283,0.24907121062278748,-0.3242332935333252,0.7361889481544495,0.3219495713710785,-0.08704929053783417,0.6338269114494324,0.3186550736427307,-0.20034846663475037,0.7503283619880676,0.42267468571662903,0.004205002449452877,0.6165357232093811,0.42304113507270813,-0.1678963005542755,0.772149920463562,0.5068852305412292,-0.1038873940706253,0.6088001728057861,0.518473744392395,-0.2395409345626831,0.7788684964179993,0.538132905960083,-0.13111135363578796,0.6040513515472412,0.5523565411567688,-0.27156516909599304,0.7758692502975464,0.5366480350494385,-0.17468518018722534,0.6114910244941711,0.551183819770813,-0.3075658679008484,0.7730222940444946,0.5278321504592896,-0.12443147599697113,0.614510178565979,0.5429621934890747,-0.2547434866428375,0.7158793210983276,0.5229169726371765,0.03826574236154556,0.6569274067878723,0.5233654975891113,-0.03838954120874405,0.723330557346344,0.6725100874900818,0.08431833237409592,0.6452013254165649,0.6731279492378235,0.0030887299217283726,0.7236672639846802,0.796924352645874,0.2661079168319702,0.6379222869873047,0.7975967526435852,0.20752926170825958,0.7134719491004944,0.8135964870452881,0.2767108678817749,0.6384351849555969,0.8088505268096924,0.22013187408447266,0.7569559812545776,0.8498609662055969,0.16056713461875916,0.6447986960411072,0.851990818977356,0.08517907559871674
11,catch_cap,a04_s10_e02,0.7089466452598572,0.2321835607290268,-0.3594363331794739,0.7090017795562744,0.21840953826904297,-0.3394032120704651,0.7108186483383179,0.21866707503795624,-0.3393811285495758,0.7123602628707886,0.21898572146892548,-0.33932626247406006,0.7003906965255737,0.21759986877441406,-0.35426950454711914,0.6961280107498169,0.21744196116924286,-0.3543049395084381,0.6914025545120239,0.2175140678882599,-0.3542981743812561,0.709736168384552,0.22638657689094543,-0.20347082614898682,0.6774648427963257,0.22380371391773224,-0.27643972635269165,0.7117586731910706,0.24985302984714508,-0.3066968321800232,0.7016021013259888,0.24901799857616425,-0.32735171914100647,0.7360339164733887,0.32194983959198,-0.08798565715551376,0.6338332891464233,0.31859493255615234,-0.21164879202842712,0.7503318190574646,0.42368778586387634,0.003990014083683491,0.6165251731872559,0.42300891876220703,-0.17923617362976074,0.776016891002655,0.5046137571334839,-0.10593072324991226,0.6091102957725525,0.5186431407928467,-0.2494702786207199,0.7847975492477417,0.5336224436759949,-0.13312950730323792,0.6046537160873413,0.5526298880577087,-0.2816754877567291,0.7824190855026245,0.5317088961601257,-0.17773519456386566,0.6119734048843384,0.5515315532684326,-0.3179536759853363,0.7789565920829773,0.5228993892669678,-0.12703220546245575,0.6148823499679565,0.5431879162788391,-0.26469686627388,0.7158533334732056,0.5228460431098938,0.0409417524933815,0.6569304466247559,0.5233325362205505,-0.04106835275888443,0.7233980894088745,0.6725322604179382,0.08804585039615631,0.6453704237937927,0.6734244227409363,0.006129417568445206,0.7236058115959167,0.7969350218772888,0.26887840032577515,0.637924313545227,0.7976008057594299,0.2157367765903473,0.7134483456611633,0.8136146664619446,0.2794239819049835,0.6383012533187866,0.8088869452476501,0.2288840264081955,0.7568506002426147,0.849828839302063,0.16245009005069733,0.644999623298645,0.8519885540008545,0.09421131014823914
12,catch_cap,a04_s10_e02,0.7109531164169312,0.23198437690734863,-0.34851062297821045,0.7105315923690796,0.21816964447498322,-0.3287743926048279,0.7121330499649048,0.21841076016426086,-0.3287581205368042,0.7135618925094604,0.21872757375240326,-0.32870304584503174,0.7022637128829956,0.21735388040542603,-0.34635379910469055,0.6981679201126099,0.21717946231365204,-0.3463883399963379,0.6935288310050964,0.2172185778617859,-0.3463849723339081,0.7097254991531372,0.2261359542608261,-0.1945113092660904,0.6791015267372131,0.22360196709632874,-0.27678370475769043,0.7134855389595032,0.24974818527698517,-0.29613906145095825,0.7035447359085083,0.24891297519207,-0.3204196095466614,0.7356509566307068,0.3218625485897064,-0.08034323155879974,0.633825957775116,0.3185419738292694,-0.21332070231437683,0.7503299713134766,0.4233095049858093,0.010517798364162445,0.6165274381637573,0.42291268706321716,-0.18254557251930237,0.7783087491989136,0.4957878291606903,-0.10376067459583282,0.6097477078437805,0.5187331438064575,-0.2509569525718689,0.788494884967804,0.5226362347602844,-0.13145697116851807,0.605446994304657,0.5528373122215271,-0.28325045108795166,0.7866360545158386,0.5204697251319885,-0.17652365565299988,0.6125099658966064,0.5518202185630798,-0.31870442628860474,0.7825194597244263,0.5111023187637329,-0.12541455030441284,0.6154075860977173,0.5433969497680664,-0.26578855514526367,0.7158135771751404,0.5227077007293701,0.042832158505916595,0.6569680571556091,0.5232376456260681,-0.04294890910387039,0.7234707474708557,0.6725066304206848,0.09108211100101471,0.645577609539032,0.673539400100708,0.007622145116329193,0.7236088514328003,0.7969403862953186,0.2710323929786682,0.6379278898239136,0.79763263463974,0.2194204032421112,0.7134517431259155,0.8136293292045593,0.28155502676963806,0.6381775140762329,0.8090497851371765,0.23274961113929749,0.7568475008010864,0.8498225808143616,0.16486594080924988,0.6452649235725403,0.8519958257675171,0.09908884763717651
13,catch_cap,a04_s10_e02,0.7123656868934631,0.23172882199287415,-0.3258374035358429,0.7115572094917297,0.21801580488681793,-0.3058846592903137,0.7130255103111267,0.21826918423175812,-0.30588698387145996,0.7143567800521851,0.2186077982187271,-0.305840402841568,0.7036499381065369,0.21714112162590027,-0.3248780071735382,0.6996509432792664,0.21692195534706116,-0.3248983919620514,0.6951323747634888,0.21689781546592712,-0.32489556074142456,0.7096685171127319,0.2259966880083084,-0.1721753180027008,0.6804348826408386,0.2233847975730896,-0.2640875279903412,0.7144671678543091,0.24951699376106262,-0.2736663222312927,0.7049278616905212,0.24861925840377808,-0.2998092472553253,0.7348953485488892,0.32131227850914,-0.06106669455766678,0.6338363289833069,0.3184414803981781,-0.20699568092823029,0.7501552700996399,0.41975870728492737,0.021815987303853035,0.6165515184402466,0.4227904677391052,-0.17605452239513397,0.7794637680053711,0.47994840145111084,-0.10754846036434174,0.6103202104568481,0.5187322497367859,-0.25057631731033325,0.7913743257522583,0.5073336958885193,-0.13503217697143555,0.6059522032737732,0.5528950095176697,-0.2824116051197052,0.7897602915763855,0.5055522322654724,-0.17857509851455688,0.6129266023635864,0.5519495606422424,-0.3167138397693634,0.7853073477745056,0.49545103311538696,-0.12893715500831604,0.6158577799797058,0.5434828400611877,-0.2639051079750061,0.7157007455825806,0.5223371386528015,0.04430099576711655,0.6569793820381165,0.5230728387832642,-0.04439487308263779,0.7235428094863892,0.672573447227478,0.08979234099388123,0.6457403898239136,0.6738282442092896,0.005339433439075947,0.723615288734436,0.7969455122947693,0.2710120379924774,0.6379426717758179,0.7976692914962769,0.21498310565948486,0.7134718894958496,0.8136476278305054,0.28184348344802856,0.638136625289917,0.8091604709625244,0.2281876802444458,0.7567876577377319,0.8497980833053589,0.164889857172966,0.6454584002494812,0.8520705699920654,0.09371018409729004
14,catch_cap,a04_s10_e02,0.7139936685562134,0.23138602077960968,-0.2798541784286499,0.7128204107284546,0.21782617270946503,-0.2601229250431061,0.7141685485839844,0.21809543669223785,-0.2601408064365387,0.715378999710083,0.21845386922359467,-0.2601025700569153,0.7054163217544556,0.21692301332950592,-0.2811800241470337,0.701461672782898,0.21663662791252136,-0.28117766976356506,0.6970860362052917,0.21654550731182098,-0.2811742424964905,0.7096630334854126,0.22575725615024567,-0.12972328066825867,0.682087242603302,0.22300617396831512,-0.2306848019361496,0.7154805660247803,0.24927756190299988,-0.22875897586345673,0.7065905332565308,0.2482862025499344,-0.2575138211250305,0.7327926158905029,0.3204503059387207,-0.024164197966456413,0.6338362097740173,0.3183360695838928,-0.18070977926254272,0.7476776838302612,0.4154311418533325,0.04282345250248909,0.6165520548820496,0.4225802719593048,-0.16045628488063812,0.7805250883102417,0.46426671743392944,-0.10855064541101456,0.6109638810157776,0.5185299515724182,-0.22537203133106232,0.7946027517318726,0.48973673582077026,-0.13643035292625427,0.606561541557312,0.5529876351356506,-0.2572792172431946,0.7935704588890076,0.487874835729599,-0.1793556958436966,0.613441526889801,0.5521652102470398,-0.2897571623325348,0.7882997989654541,0.47883671522140503,-0.13054707646369934,0.6164520382881165,0.5436424016952515,-0.23835960030555725,0.7155391573905945,0.522191047668457,0.04852830246090889,0.6570376753807068,0.5230106711387634,-0.048584770411252975,0.7235437631607056,0.6725531220436096,0.08871724456548691,0.6458726525306702,0.6742681860923767,0.003204024164006114,0.7236181497573853,0.7969526052474976,0.2674781084060669,0.6379511952400208,0.7977867126464844,0.2145201414823532,0.7135032415390015,0.8136603236198425,0.2778121531009674,0.6379085183143616,0.8094762563705444,0.22700528800487518,0.7567947506904602,0.8497627377510071,0.1632654219865799,0.6457546949386597,0.8523145318031311,0.08955041319131851
15,catch_cap,a04_s10_e02,0.7160030007362366,0.23138469457626343,-0.2627599537372589,0.713927149772644,0.21782371401786804,-0.24376866221427917,0.714908242225647,0.2180931270122528,-0.24378621578216553,0.7158066034317017,0.21845193207263947,-0.2437554895877838,0.7076647877693176,0.21692447364330292,-0.2676021158695221,0.7041893005371094,0.21663860976696014,-0.2675958275794983,0.7002618312835693,0.21654514968395233,-0.26760128140449524,0.7087336182594299,0.2257225662469864,-0.11714053153991699,0.6843200325965881,0.22293153405189514,-0.2293391227722168,0.7161387205123901,0.24927657842636108,-0.21262967586517334,0.708543598651886,0.24827000498771667,-0.2449127435684204,0.7304243445396423,0.3200157880783081,-0.011162855662405491,0.6338547468185425,0.3181861340999603,-0.18387959897518158,0.7453382611274719,0.4119545817375183,0.06845344603061676,0.6165542006492615,0.42221832275390625,-0.16580712795257568,0.7835029363632202,0.45376554131507874,-0.06809040904045105,0.6116408705711365,0.5184651017189026,-0.22798511385917664,0.7982859015464783,0.4738827645778656,-0.09876193851232529,0.6072818636894226,0.553061842918396,-0.26005423069000244,0.7985643148422241,0.4717197120189667,-0.14367911219596863,0.6140510439872742,0.5522944331169128,-0.2925366759300232,0.7928966879844666,0.46452444791793823,-0.09131108224391937,0.6171684265136719,0.54380202293396,-0.24120262265205383,0.7153810262680054,0.5221914052963257,0.052357010543346405,0.6571870446205139,0.5230077505111694,-0.052381932735443115,0.7235394716262817,0.67254638671875,0.08790924400091171,0.6458712816238403,0.6749604344367981,0.0028204487171024084,0.7236186265945435,0.7969955801963806,0.2665565609931946,0.637982964515686,0.7977721095085144,0.22060208022594452,0.7135729193687439,0.8137682676315308,0.27725401520729065,0.6378211379051208,0.8094549775123596,0.2347574681043625,0.756700873374939,0.8496838808059692,0.1636006087064743,0.6460072994232178,0.8523916602134705,0.10513494163751602
16,catch_cap,a04_s10_e02,0.7186368703842163,0.2313820719718933,-0.22224469482898712,0.7154987454414368,0.21779336035251617,-0.20267519354820251,0.7159636616706848,0.2180441915988922,-0.20271539688110352,0.7163601517677307,0.21838027238845825,-0.20269246399402618,0.7105554342269897,0.21692076325416565,-0.2289365828037262,0.7073765397071838,0.21663397550582886,-0.22891530394554138,0.7039769291877747,0.21652577817440033,-0.22892816364765167,0.7069606184959412,0.22553953528404236,-0.07988967001438141,0.6869665384292603,0.2226581573486328,-0.20271115005016327,0.7173263430595398,0.24925567209720612,-0.17402389645576477,0.7116674780845642,0.24824635684490204,-0.2092519998550415,0.7288814783096313,0.32002219557762146,0.013555772602558136,0.6338562369346619,0.31804513931274414,-0.1707862913608551,0.7445803284645081,0.41113027930259705,0.06120038032531738,0.6166819930076599,0.4220806360244751,-0.16022740304470062,0.7868643999099731,0.44040825963020325,-0.09261266887187958,0.6121654510498047,0.5185274481773376,-0.21272650361061096,0.8027979135513306,0.45673587918281555,-0.1368090957403183,0.6079962849617004,0.5532334446907043,-0.24384832382202148,0.803446888923645,0.45279502868652344,-0.17741265892982483,0.6146870851516724,0.5524826049804688,-0.2767462134361267,0.7970381379127502,0.44657212495803833,-0.11859311163425446,0.6178575754165649,0.5440575480461121,-0.22587820887565613,0.7149031758308411,0.5224669575691223,0.0547584593296051,0.6571968793869019,0.5232236385345459,-0.05474197119474411,0.7235398888587952,0.6722806096076965,0.07229860872030258,0.6458148956298828,0.6760913729667664,0.0009863481391221285,0.7236472368240356,0.7970390319824219,0.2608262002468109,0.6379837393760681,0.7975438237190247,0.22818751633167267,0.713753342628479,0.8138445019721985,0.2726888656616211,0.637579083442688,0.8086696863174438,0.2436210662126541,0.7565945982933044,0.8496758937835693,0.1627885401248932,0.6462414264678955,0.8523356318473816,0.11561586707830429
17,catch_cap,a04_s10_e02,0.7201991081237793,0.2314022183418274,-0.22563807666301727,0.716663122177124,0.2177811712026596,-0.2055092304944992,0.7168903946876526,0.21802140772342682,-0.20555348694324493,0.7169833183288574,0.2183435559272766,-0.20553159713745117,0.7123234272003174,0.2169182002544403,-0.2317829579114914,0.7092316150665283,0.21663197875022888,-0.23176448047161102,0.7058945894241333,0.21651224792003632,-0.23178346455097198,0.7061475515365601,0.22549335658550262,-0.07919012010097504,0.6884437799453735,0.22249461710453033,-0.20176143944263458,0.7182818055152893,0.24924102425575256,-0.1760966032743454,0.7134958505630493,0.2482449859380722,-0.21129074692726135,0.7282547950744629,0.3202610909938812,0.017976675182580948,0.6338276863098145,0.31795117259025574,-0.16747191548347473,0.7425520420074463,0.4106319546699524,0.05252613499760628,0.6169394850730896,0.4220457375049591,-0.15559957921504974,0.7902869582176208,0.4239319860935211,-0.14003154635429382,0.6128736138343811,0.5192540884017944,-0.2085019052028656,0.8073661923408508,0.43700045347213745,-0.18265536427497864,0.6089743375778198,0.5536581873893738,-0.23898956179618835,0.8080727458000183,0.4318099617958069,-0.22320178151130676,0.6157030463218689,0.5528259873390198,-0.27189281582832336,0.8013895153999329,0.426521360874176,-0.16455084085464478,0.6188831925392151,0.5444565415382385,-0.22143426537513733,0.714633584022522,0.5230476260185242,0.0568636879324913,0.6572321057319641,0.5233865976333618,-0.05683901906013489,0.7235475182533264,0.6720597743988037,0.05975804477930069,0.6457732915878296,0.6768096089363098,-0.005180890206247568,0.7236878275871277,0.7970579266548157,0.26095056533813477,0.6379860639572144,0.7973517775535583,0.23608681559562683,0.7139171361923218,0.8138582706451416,0.2728729248046875,0.6374362111091614,0.8081104755401611,0.2528117597103119,0.7564024329185486,0.8496711254119873,0.16266486048698425,0.6462919116020203,0.8521957397460938,0.1238408237695694
18,catch_cap,a04_s10_e02,0.7206781506538391,0.23142458498477936,-0.2285739928483963,0.7168396711349487,0.21776431798934937,-0.20752230286598206,0.7170134782791138,0.2179882675409317,-0.20757046341896057,0.7170401811599731,0.21829161047935486,-0.20755577087402344,0.7126461267471313,0.2169160395860672,-0.23350469768047333,0.7095217108726501,0.21663014590740204,-0.23348136246204376,0.7061690092086792,0.21650482714176178,-0.23349682986736298,0.7051311731338501,0.22548352181911469,-0.07850690186023712,0.6888076066970825,0.2223813831806183,-0.19981403648853302,0.7186077833175659,0.24920162558555603,-0.17826907336711884,0.714147686958313,0.248231902718544,-0.21305429935455322,0.7274834513664246,0.32026344537734985,0.019472215324640274,0.6338244080543518,0.3179444372653961,-0.16401536762714386,0.7418586015701294,0.41039159893989563,0.04407600313425064,0.6175254583358765,0.4222029447555542,-0.1526987999677658,0.7933986783027649,0.40889665484428406,-0.17484617233276367,0.6136781573295593,0.519912838935852,-0.20632155239582062,0.8107466697692871,0.4182014465332031,-0.2193620502948761,0.6098170876502991,0.5542637705802917,-0.235863596200943,0.8112359046936035,0.4098651707172394,-0.25932490825653076,0.6166842579841614,0.5533449649810791,-0.26897308230400085,0.804672360420227,0.40570884943008423,-0.19888100028038025,0.6198611855506897,0.545073390007019,-0.2191503345966339,0.7145625352859497,0.5236510634422302,0.05838571861386299,0.6574374437332153,0.5236409306526184,-0.05837048217654228,0.7235813140869141,0.671922504901886,0.05689675733447075,0.6457730531692505,0.6774033904075623,-0.011775867082178593,0.7237128615379333,0.7970632314682007,0.26220545172691345,0.6379886865615845,0.7970622181892395,0.23432417213916779,0.7140165567398071,0.8138744235038757,0.27577751874923706,0.6373849511146545,0.8074201941490173,0.2512684464454651,0.7561827301979065,0.8496233820915222,0.16734963655471802,0.6462902426719666,0.8520439267158508,0.12349800020456314
19,catch_cap,a04_s10_e02,0.7216988801956177,0.23158438503742218,-0.2257242202758789,0.7173296809196472,0.2177618145942688,-0.20494315028190613,0.717289924621582,0.2179843932390213,-0.20498159527778625,0.7171252965927124,0.2182769477367401,-0.2049666941165924,0.7137266993522644,0.21693892776966095,-0.23381975293159485,0.7107977867126465,0.21664004027843475,-0.2337980717420578,0.707456648349762,0.21650275588035583,-0.23382779955863953,0.7042502164840698,0.22545243799686432,-0.07692901045084,0.6899449229240417,0.22225254774093628,-0.20938071608543396,0.7190638780593872,0.2491992861032486,-0.1753551959991455,0.715194046497345,0.24823051691055298,-0.21398890018463135,0.7263045310974121,0.3198021948337555,0.024496644735336304,0.6338213682174683,0.31789249181747437,-0.1698913276195526,0.7419809103012085,0.40896257758140564,0.04126715287566185,0.6178523898124695,0.4223356544971466,-0.15722207725048065,0.7935056686401367,0.3895753026008606,-0.18722358345985413,0.6144446730613708,0.5208047032356262,-0.20502117276191711,0.8109148144721985,0.39415442943573,-0.23047788441181183,0.6111351251602173,0.5551190972328186,-0.23179693520069122,0.8113630414009094,0.38422584533691406,-0.2636175751686096,0.6179946064949036,0.5542288422584534,-0.2641640603542328,0.8046929240226746,0.3822265565395355,-0.20870235562324524,0.6210448741912842,0.5461435914039612,-0.2170543223619461,0.7145764827728271,0.5241937041282654,0.06007903069257736,0.657781183719635,0.5240369439125061,-0.0600806288421154,0.7236226797103882,0.6719052195549011,0.05736010521650314,0.6457722187042236,0.6777381300926208,-0.013879495672881603,0.7237180471420288,0.7970545887947083,0.27488285303115845,0.6379708051681519,0.797031581401825,0.2453756034374237,0.7140420079231262,0.8138868808746338,0.2903449535369873,0.637195885181427,0.8073253631591797,0.26350051164627075,0.7559973001480103,0.8495795726776123,0.18171676993370056,0.6462782025337219,0.852016806602478,0.1347237527370453
20,catch_cap,a04_s10_e02,0.7219842672348022,0.23160696029663086,-0.21560747921466827,0.7174626588821411,0.21773535013198853,-0.19471530616283417,0.7173935174942017,0.2179306000471115,-0.19473780691623688,0.7171732783317566,0.21818384528160095,-0.19471409916877747,0.713897705078125,0.21693624556064606,-0.22407007217407227,0.7109798789024353,0.2166329175233841,-0.22404217720031738,0.7075856328010559,0.2164762169122696,-0.22407229244709015,0.7037712335586548,0.22526270151138306,-0.06827949732542038,0.6902851462364197,0.22207942605018616,-0.20462103188037872,0.7194441556930542,0.24916516244411469,-0.165989950299263,0.7155880928039551,0.24820025265216827,-0.20536856353282928,0.7258045077323914,0.3191227912902832,0.03213265538215637,0.6338407397270203,0.31780532002449036,-0.17112988233566284,0.743511438369751,0.4067637026309967,0.028398582711815834,0.6179941892623901,0.42274290323257446,-0.1604589968919754,0.7939533591270447,0.37246233224868774,-0.20282068848609924,0.614968478679657,0.521880030632019,-0.1975313425064087,0.8127616047859192,0.37014931440353394,-0.24517187476158142,0.6125504970550537,0.5558701157569885,-0.21986857056617737,0.8130766153335571,0.36034876108169556,-0.27148181200027466,0.6194959282875061,0.5547727346420288,-0.2506769299507141,0.8062723278999329,0.3602537512779236,-0.2217772752046585,0.6223227977752686,0.5468292236328125,-0.20825357735157013,0.7145766615867615,0.5244249701499939,0.060038913041353226,0.6579424142837524,0.5244832038879395,-0.060064058750867844,0.7236679792404175,0.6718932390213013,0.05860024690628052,0.6457637548446655,0.6779277324676514,-0.014692960307002068,0.7237184643745422,0.7970593571662903,0.27448880672454834,0.6379510164260864,0.7972105145454407,0.2425873726606369,0.7140695452690125,0.8140085339546204,0.2892894148826599,0.6371302008628845,0.8075273633003235,0.2602368891239166,0.7559512257575989,0.8494978547096252,0.18119224905967712,0.6461993455886841,0.8521096110343933,0.13280221819877625
21,catch_cap,a04_s10_e02,0.7222002744674683,0.2316759079694748,-0.2011488676071167,0.7176288366317749,0.21773384511470795,-0.18043643236160278,0.7175241708755493,0.21792557835578918,-0.18044626712799072,0.7172489166259766,0.21817223727703094,-0.18042345345020294,0.7141868472099304,0.2169647514820099,-0.20983752608299255,0.7113476395606995,0.21665337681770325,-0.20981387794017792,0.707992672920227,0.21648305654525757,-0.20985043048858643,0.7035287618637085,0.2252473086118698,-0.05661319941282272,0.6907403469085693,0.22207477688789368,-0.1937728226184845,0.7197838425636292,0.24916137754917145,-0.15254530310630798,0.7160481810569763,0.24819821119308472,-0.19208332896232605,0.7254779934883118,0.31873926520347595,0.042096640914678574,0.6338388323783875,0.3177301585674286,-0.16569620370864868,0.7478532195091248,0.40251022577285767,0.020832529291510582,0.6182102560997009,0.4228542149066925,-0.15763303637504578,0.7966393232345581,0.35821467638015747,-0.20561453700065613,0.6157910823822021,0.5227692723274231,-0.17614112794399261,0.8148616552352905,0.348178505897522,-0.24636080861091614,0.6142421960830688,0.5564278960227966,-0.1936327964067459,0.8146902918815613,0.3391242027282715,-0.26726269721984863,0.621472954750061,0.5551303625106812,-0.22392645478248596,0.8081622123718262,0.3416127562522888,-0.2224937230348587,0.624117374420166,0.5472090840339661,-0.18611103296279907,0.7145766615867615,0.5244429707527161,0.059459902346134186,0.6580265760421753,0.5245870351791382,-0.059508513659238815,0.7236796021461487,0.6718595027923584,0.0584421381354332,0.6457273364067078,0.677979052066803,-0.019025303423404694,0.7237192392349243,0.7970361709594727,0.27155300974845886,0.6379233002662659,0.7972853779792786,0.23757919669151306,0.7141160368919373,0.8140383362770081,0.28731870651245117,0.637121856212616,0.80755615234375,0.25753915309906006,0.7557474374771118,0.8493213653564453,0.17847469449043274,0.6460961103439331,0.8521464467048645,0.1252354383468628
22,catch_cap,a04_s10_e02,0.7231043577194214,0.23172038793563843,-0.1684200018644333,0.7183597087860107,0.21773603558540344,-0.14919181168079376,0.7181555032730103,0.21792106330394745,-0.14918804168701172,0.717747151851654,0.2181680053472519,-0.14917391538619995,0.7153197526931763,0.21700814366340637,-0.1787138283252716,0.7126938104629517,0.2166917771100998,-0.17869828641414642,0.7095273733139038,0.21650008857250214,-0.1787531077861786,0.7036145925521851,0.2252422273159027,-0.03495117276906967,0.6918033957481384,0.2220667153596878,-0.17295563220977783,0.7209280729293823,0.2491580992937088,-0.12331122159957886,0.7174878120422363,0.24819707870483398,-0.1631186604499817,0.7255920171737671,0.3179161846637726,0.053825072944164276,0.6338558197021484,0.3173567056655884,-0.1508518010377884,0.7531445622444153,0.39829936623573303,0.012962371110916138,0.6184558272361755,0.4228525757789612,-0.1421143114566803,0.7972830533981323,0.33472326397895813,-0.2062545269727707,0.616766631603241,0.523504376411438,-0.14725646376609802,0.8157528042793274,0.31834837794303894,-0.24527835845947266,0.6159650087356567,0.5567147731781006,-0.16054865717887878,0.8151000738143921,0.30865782499313354,-0.2592901885509491,0.6234279274940491,0.5552509427070618,-0.19019687175750732,0.8083285093307495,0.31338950991630554,-0.22028093039989471,0.625971257686615,0.5473020672798157,-0.15678244829177856,0.7146143913269043,0.5244852304458618,0.058657366782426834,0.6581457853317261,0.5245848894119263,-0.05868775397539139,0.7237367630004883,0.6720125675201416,0.058801840990781784,0.6456371545791626,0.6781941056251526,-0.020121579989790916,0.7237014770507812,0.7969902157783508,0.25844740867614746,0.6379020810127258,0.7973056435585022,0.2113446295261383,0.714131236076355,0.8140498399734497,0.2731965482234955,0.6371181607246399,0.8075752854347229,0.22785738110542297,0.7555710673332214,0.8491863012313843,0.17649295926094055,0.6460372805595398,0.8521479368209839,0.11240379512310028
23,catch_cap,a04_s10_e02,0.7239731550216675,0.23176704347133636,-0.14098119735717773,0.7189174890518188,0.21773400902748108,-0.12349037826061249,0.7185805439949036,0.21791280806064606,-0.12347705662250519,0.7180097103118896,0.21814945340156555,-0.12345311790704727,0.716345489025116,0.21702830493450165,-0.1542828232049942,0.7139843702316284,0.2167145311832428,-0.1542728990316391,0.7111117243766785,0.21651025116443634,-0.1543329954147339,0.7035311460494995,0.2252977192401886,-0.019964979961514473,0.6930896043777466,0.2220628708600998,-0.16324374079704285,0.7216894030570984,0.24916034936904907,-0.09986834228038788,0.7187286615371704,0.2482023686170578,-0.14129500091075897,0.7252545952796936,0.3172401189804077,0.05826624110341072,0.6338778734207153,0.31703317165374756,-0.15289990603923798,0.759395956993103,0.38991081714630127,0.01076412107795477,0.6185480356216431,0.4227062165737152,-0.14427512884140015,0.7986814379692078,0.3149396777153015,-0.19523952901363373,0.6176388263702393,0.5236280560493469,-0.1546688675880432,0.8166735768318176,0.2949194312095642,-0.23179857432842255,0.61722731590271,0.5567195415496826,-0.16818948090076447,0.8154889345169067,0.2868768870830536,-0.251797616481781,0.6248740553855896,0.5552378296852112,-0.19693288207054138,0.8087217211723328,0.2920401692390442,-0.20901234447956085,0.6273753643035889,0.5472776293754578,-0.16408173739910126,0.7146303653717041,0.5245501399040222,0.05801478028297424,0.6582733392715454,0.524570107460022,-0.0580550916492939,0.7237470746040344,0.6722027063369751,0.06471345573663712,0.6455056071281433,0.6785016655921936,-0.020022142678499222,0.7236950993537903,0.7969611883163452,0.2561247646808624,0.6378831267356873,0.7973301410675049,0.20710518956184387,0.7141510844230652,0.8140553832054138,0.27000758051872253,0.6370862722396851,0.8076078295707703,0.22273030877113342,0.7554871439933777,0.8491039872169495,0.177035391330719,0.6460351347923279,0.8521555662155151,0.11098909378051758
24,catch_cap,a04_s10_e02,0.7240682244300842,0.2318093627691269,-0.1372028887271881,0.7189385890960693,0.21771951019763947,-0.11971046030521393,0.7185823917388916,0.2178839147090912,-0.11968457698822021,0.7179903984069824,0.21810035407543182,-0.11965737491846085,0.7163442373275757,0.21703054010868073,-0.15008704364299774,0.7139739394187927,0.2167174369096756,-0.150079146027565,0.7111344337463379,0.21651047468185425,-0.15014244616031647,0.70327228307724,0.22535936534404755,-0.01711423322558403,0.6933599710464478,0.22206926345825195,-0.1586025208234787,0.7218344807624817,0.24915464222431183,-0.09644423425197601,0.7188928723335266,0.24820132553577423,-0.13729256391525269,0.7250686287879944,0.31691741943359375,0.06053956225514412,0.6339446306228638,0.3167189359664917,-0.15290600061416626,0.763849139213562,0.379271000623703,0.012436891905963421,0.6185834407806396,0.42253366112709045,-0.14690107107162476,0.8031436204910278,0.29543769359588623,-0.18640442192554474,0.6184435486793518,0.5240845084190369,-0.15684957802295685,0.8192570805549622,0.27672573924064636,-0.2289542853832245,0.6180621981620789,0.5568268895149231,-0.1691352128982544,0.8176966905593872,0.2694380581378937,-0.22641471028327942,0.6258055567741394,0.5552768707275391,-0.1971922516822815,0.8120218515396118,0.2735806405544281,-0.20517607033252716,0.6283500790596008,0.5472901463508606,-0.16599944233894348,0.714676558971405,0.5246421098709106,0.05765705183148384,0.6583874225616455,0.5245603322982788,-0.05768425017595291,0.7237423658370972,0.6723337769508362,0.0651966780424118,0.6453568339347839,0.6787835955619812,-0.01832680031657219,0.7236939072608948,0.7969500422477722,0.2527168095111847,0.6378799080848694,0.7973400950431824,0.20028546452522278,0.7141908407211304,0.8140634894371033,0.266248494386673,0.6370844841003418,0.8076254725456238,0.215399831533432,0.7553570866584778,0.8489916920661926,0.17613635957241058,0.6459916830062866,0.8521547913551331,0.10548635572195053
25,catch_cap,a04_s10_e02,0.724145770072937,0.23170728981494904,-0.16165727376937866,0.7189069390296936,0.2175106406211853,-0.1424749791622162,0.7185404896736145,0.21763691306114197,-0.1424383819103241,0.7179631590843201,0.2178112119436264,-0.14240910112857819,0.7163401246070862,0.21689441800117493,-0.17263662815093994,0.7140313386917114,0.2165801078081131,-0.17263451218605042,0.7112910151481628,0.2163536548614502,-0.1726999133825302,0.7029699683189392,0.22532683610916138,-0.031471289694309235,0.693691611289978,0.22201360762119293,-0.171513170003891,0.721870481967926,0.24886676669120789,-0.11788275092840195,0.7189428210258484,0.2479391098022461,-0.1584511548280716,0.7251551747322083,0.31682103872299194,0.05629584193229675,0.6340878009796143,0.3160408139228821,-0.1574791818857193,0.7702462077140808,0.3672003448009491,0.013776944950222969,0.6185835003852844,0.42236921191215515,-0.1626693159341812,0.8073956370353699,0.27678900957107544,-0.1597895622253418,0.6193041801452637,0.5245944261550903,-0.16444042325019836,0.8214395642280579,0.2575383484363556,-0.1904386579990387,0.6188920736312866,0.557066798210144,-0.17645969986915588,0.8201502561569214,0.25219371914863586,-0.19210025668144226,0.6267174482345581,0.5553590655326843,-0.20457951724529266,0.8147923350334167,0.25781312584877014,-0.1699836552143097,0.6293433308601379,0.5473206043243408,-0.1735113561153412,0.714810848236084,0.5246946811676025,0.058043889701366425,0.6586254835128784,0.524508535861969,-0.05814502760767937,0.7237213850021362,0.6724531054496765,0.07027731090784073,0.6452522873878479,0.6788856983184814,-0.017711268737912178,0.7236896753311157,0.7969493865966797,0.26346713304519653,0.6378687024116516,0.7973434329032898,0.2020203322172165,0.7142002582550049,0.8140750527381897,0.2780604362487793,0.6370383501052856,0.8076332211494446,0.21916639804840088,0.7553235292434692,0.8489843010902405,0.19015182554721832,0.6459970474243164,0.8521767258644104,0.11426325142383575
26,catch_cap,a04_s10_e02,0.7239453792572021,0.23166538774967194,-0.16082938015460968,0.718809187412262,0.21732021868228912,-0.1416786015033722,0.7185198068618774,0.21741598844528198,-0.1416369080543518,0.717793345451355,0.2175607681274414,-0.1416085660457611,0.7161118984222412,0.21674862504005432,-0.17204391956329346,0.7137900590896606,0.21643240749835968,-0.17204339802265167,0.7110692262649536,0.21619850397109985,-0.17211207747459412,0.7025939226150513,0.22525793313980103,-0.03129535913467407,0.6937602758407593,0.22197821736335754,-0.17245379090309143,0.7217105031013489,0.24871699512004852,-0.1173977479338646,0.7186545133590698,0.24779599905014038,-0.15828783810138702,0.7251215577125549,0.3163943886756897,0.05617374926805496,0.634282648563385,0.3157557249069214,-0.15952624380588531,0.7730346918106079,0.36126139760017395,0.01422919798642397,0.6185714602470398,0.4219806492328644,-0.1669214516878128,0.8080710172653198,0.26867926120758057,-0.1598581224679947,0.6197455525398254,0.5246728658676147,-0.16466177999973297,0.8200528025627136,0.2490311712026596,-0.1902506798505783,0.619502604007721,0.5573599934577942,-0.17547409236431122,0.8187927007675171,0.2438950389623642,-0.193418949842453,0.6273390054702759,0.5555047988891602,-0.20307278633117676,0.8140615224838257,0.25026220083236694,-0.16960415244102478,0.629883885383606,0.5473757386207581,-0.17336048185825348,0.7149580121040344,0.5246948003768921,0.058462660759687424,0.6588564515113831,0.5244173407554626,-0.05861015245318413,0.7236701250076294,0.6725021600723267,0.07438401132822037,0.6451832056045532,0.6789114475250244,-0.01709572784602642,0.7236813902854919,0.7968475818634033,0.2636561989784241,0.6378635764122009,0.797309160232544,0.20594115555286407,0.7142070531845093,0.8140318989753723,0.27807360887527466,0.6369917392730713,0.8076037764549255,0.2224491536617279,0.7552390694618225,0.8488877415657043,0.18980059027671814,0.6460071206092834,0.8521888256072998,0.11443629115819931
27,catch_cap,a04_s10_e02,0.7237713932991028,0.23163041472434998,-0.16759373247623444,0.7187744975090027,0.21715185046195984,-0.14807605743408203,0.7183364629745483,0.2172243893146515,-0.148036390542984,0.7174604535102844,0.21735058724880219,-0.14800569415092468,0.7159151434898376,0.21660491824150085,-0.17828261852264404,0.7135546803474426,0.21628499031066895,-0.17828211188316345,0.7108340263366699,0.2160523235797882,-0.17835304141044617,0.702299952507019,0.2252243608236313,-0.03565828129649162,0.693820059299469,0.22197140753269196,-0.17597728967666626,0.7215937376022339,0.24859900772571564,-0.12338466942310333,0.7184495329856873,0.24767296016216278,-0.16402624547481537,0.7250760793685913,0.31568193435668945,0.05361933633685112,0.6344010233879089,0.31554171442985535,-0.16383348405361176,0.7756802439689636,0.352232426404953,0.01449002604931593,0.6185731887817383,0.4219784140586853,-0.16933003067970276,0.8071677088737488,0.2584376633167267,-0.1451607197523117,0.6201925277709961,0.5251527428627014,-0.16638116538524628,0.8191704750061035,0.23605427145957947,-0.17352041602134705,0.6201778650283813,0.5579764246940613,-0.177255317568779,0.8176973462104797,0.23178203403949738,-0.17616331577301025,0.6281930208206177,0.5560858845710754,-0.20535612106323242,0.8129433393478394,0.2390574961900711,-0.1537317931652069,0.6307502388954163,0.5477423071861267,-0.17520146071910858,0.715051531791687,0.524625301361084,0.05910423398017883,0.6589871644973755,0.5242336988449097,-0.05928025767207146,0.7236441969871521,0.6724919676780701,0.0777885839343071,0.6451069712638855,0.6789026260375977,-0.016128046438097954,0.723670482635498,0.7968517541885376,0.2621408998966217,0.6378434896469116,0.7972828149795532,0.2079687863588333,0.7142109274864197,0.814066469669342,0.27568408846855164,0.6368705034255981,0.8075922131538391,0.2242070734500885,0.755254864692688,0.8488783240318298,0.18673698604106903,0.646018385887146,0.8522167801856995,0.1148877739906311
28,catch_cap,a04_s10_e02,0.7236804366111755,0.23150481283664703,-0.15585055947303772,0.7187175154685974,0.21692270040512085,-0.1370067149400711,0.7182770371437073,0.2169741690158844,-0.13696175813674927,0.7173128724098206,0.21708722412586212,-0.1369328647851944,0.7157957553863525,0.21637505292892456,-0.16871435940265656,0.7134400010108948,0.21603484451770782,-0.16870996356010437,0.7107661962509155,0.21579602360725403,-0.16878238320350647,0.702248215675354,0.2251337468624115,-0.029005030170083046,0.6940206289291382,0.22193379700183868,-0.17540909349918365,0.7215108275413513,0.2484157830476761,-0.11300619691610336,0.7183496952056885,0.24744649231433868,-0.15559351444244385,0.7248169183731079,0.3141375482082367,0.059112660586833954,0.6344351768493652,0.31544238328933716,-0.16969063878059387,0.7767844200134277,0.34251558780670166,0.05127083510160446,0.6185723543167114,0.4219704866409302,-0.1754031479358673,0.806851863861084,0.25412482023239136,-0.0642591267824173,0.6208044290542603,0.5256901383399963,-0.1658099740743637,0.8184423446655273,0.23042415082454681,-0.0850529745221138,0.6206589341163635,0.5585127472877502,-0.17585381865501404,0.8170830607414246,0.22647038102149963,-0.08977910876274109,0.6287590861320496,0.5566185712814331,-0.20272095501422882,0.8121312260627747,0.2342652529478073,-0.07260402292013168,0.6314155459403992,0.5481511354446411,-0.1740962564945221,0.7151363492012024,0.5243659615516663,0.06005099415779114,0.6592572927474976,0.5240123867988586,-0.06024660915136337,0.7235217690467834,0.6722561717033386,0.08044024556875229,0.6451043486595154,0.6785493493080139,-0.011491481214761734,0.723650336265564,0.7968530654907227,0.25684475898742676,0.637842059135437,0.7972514629364014,0.20910191535949707,0.714211106300354,0.8141023516654968,0.26937228441238403,0.6367836594581604,0.807598888874054,0.2251916378736496,0.7552496790885925,0.848848283290863,0.18595625460147858,0.6461092233657837,0.8522024154663086,0.11781583726406097
29,catch_cap,a04_s10_e02,0.7235873937606812,0.23125997185707092,-0.16117775440216064,0.7185773253440857,0.21667926013469696,-0.14195100963115692,0.7180105447769165,0.21671214699745178,-0.14190438389778137,0.7169694900512695,0.21681447327136993,-0.14187148213386536,0.7157062888145447,0.2161543220281601,-0.17313188314437866,0.7133165001869202,0.2158154398202896,-0.17312869429588318,0.7106306552886963,0.21559037268161774,-0.1731908619403839,0.702113926410675,0.22505968809127808,-0.03236997500061989,0.6939226984977722,0.22192956507205963,-0.17677514255046844,0.7214580178260803,0.24810771644115448,-0.11779175698757172,0.7182371616363525,0.24718287587165833,-0.1595672070980072,0.7247989177703857,0.31267276406288147,0.05578283593058586,0.6346423029899597,0.31538280844688416,-0.1736796796321869,0.7788102030754089,0.330204576253891,0.044726476073265076,0.6185707449913025,0.42212754487991333,-0.1746077835559845,0.8076199293136597,0.24675551056861877,-0.0826474130153656,0.621317446231842,0.5264039039611816,-0.15248149633407593,0.8189276456832886,0.22334639728069305,-0.10545980930328369,0.621307909488678,0.5592010617256165,-0.1600315123796463,0.816907525062561,0.21990124881267548,-0.11122556030750275,0.6297339797019958,0.5573026537895203,-0.18598130345344543,0.8122370839118958,0.2277819961309433,-0.09175270050764084,0.6325386762619019,0.5487856268882751,-0.1598522663116455,0.7151447534561157,0.5242336392402649,0.06039363890886307,0.6594294309616089,0.5239609479904175,-0.060603104531764984,0.723457932472229,0.672204852104187,0.08384459465742111,0.6451011896133423,0.6782084107398987,-0.00814987625926733,0.7236379981040955,0.7969639897346497,0.25701457262039185,0.637812077999115,0.7971752882003784,0.20920972526073456,0.7142079472541809,0.814280092716217,0.2697799801826477,0.636620283126831,0.8075783848762512,0.22544172406196594,0.7552790641784668,0.8488458395004272,0.1868295967578888,0.6461055278778076,0.8520878553390503,0.12072508037090302
30,catch_cap,a04_s10_e02,0.7233970165252686,0.2309296727180481,-0.1630435287952423,0.7177937030792236,0.21635614335536957,-0.14334681630134583,0.7170010805130005,0.21636652946472168,-0.14329907298088074,0.7158294916152954,0.21645981073379517,-0.14326311647891998,0.7153158187866211,0.21586044132709503,-0.17436978220939636,0.713054895401001,0.21553240716457367,-0.17436732351779938,0.7105375528335571,0.21532811224460602,-0.17443177103996277,0.701278567314148,0.22498196363449097,-0.03266632929444313,0.6938542723655701,0.22192177176475525,-0.17666229605674744,0.7209395170211792,0.24776111543178558,-0.11932416260242462,0.7181342244148254,0.24694639444351196,-0.1608620434999466,0.7243465185165405,0.3115757703781128,0.05749363824725151,0.6349712014198303,0.31513530015945435,-0.17567016184329987,0.7791668176651001,0.3264680504798889,0.05856316164135933,0.6185625195503235,0.4221648871898651,-0.17672725021839142,0.8090499639511108,0.240641787648201,-0.052372127771377563,0.6218031644821167,0.5269810557365417,-0.15523675084114075,0.8213502764701843,0.21898561716079712,-0.07257508486509323,0.6220129728317261,0.5600479245185852,-0.16372796893119812,0.818892776966095,0.21588291227817535,-0.07977898418903351,0.6308935284614563,0.5581905841827393,-0.1894896924495697,0.8143829107284546,0.22290897369384766,-0.06184229254722595,0.6338451504707336,0.549540638923645,-0.16266889870166779,0.71507728099823,0.5242327451705933,0.06159915775060654,0.6595484018325806,0.523992121219635,-0.06182362511754036,0.7233039736747742,0.6720346212387085,0.08488820493221283,0.6451183557510376,0.6777322292327881,-0.005575687624514103,0.7236001491546631,0.7972505688667297,0.25393128395080566,0.6377397775650024,0.7971540689468384,0.2096802294254303,0.7141796350479126,0.8148108124732971,0.2658338248729706,0.6361843943595886,0.8076352477073669,0.22590327262878418,0.7554118633270264,0.8488881587982178,0.1825685352087021,0.6461230516433716,0.85205078125,0.12169166654348373
31,catch_cap,a04_s10_e02,0.723049521446228,0.23031483590602875,-0.15650427341461182,0.7169920802116394,0.21576356887817383,-0.1367206871509552,0.7160464525222778,0.21574489772319794,-0.13666662573814392,0.714798092842102,0.2158181071281433,-0.13662566244602203,0.7148876190185547,0.21531061828136444,-0.1677083820104599,0.7127801775932312,0.21499595046043396,-0.16770876944065094,0.710442066192627,0.21480800211429596,-0.16777510941028595,0.700710654258728,0.22462354600429535,-0.027481887489557266,0.6937747001647949,0.22180309891700745,-0.17143824696540833,0.7203988432884216,0.24714580178260803,-0.11347497999668121,0.7179689407348633,0.24644391238689423,-0.1549859493970871,0.7239776849746704,0.3112907409667969,0.06227339431643486,0.635519802570343,0.31450703740119934,-0.17610976099967957,0.7787685990333557,0.32352638244628906,0.06850384175777435,0.6185580492019653,0.42198821902275085,-0.1814674288034439,0.8105891942977905,0.23883429169654846,-0.03489246964454651,0.6225615739822388,0.5269761085510254,-0.15857872366905212,0.8246523141860962,0.21816201508045197,-0.05306798964738846,0.622707188129425,0.5601597428321838,-0.16799752414226532,0.8220161199569702,0.21542330086231232,-0.06079447269439697,0.6320199370384216,0.5582923293113708,-0.1936224400997162,0.8171020746231079,0.2219659984111786,-0.044378332793712616,0.6351829767227173,0.5496307611465454,-0.166286900639534,0.7150753140449524,0.5242855548858643,0.06312621384859085,0.6598950028419495,0.5240650177001953,-0.06336605548858643,0.7231359481811523,0.67205411195755,0.08782905340194702,0.6452164053916931,0.6772087216377258,-0.0037574998568743467,0.7235547304153442,0.7978248596191406,0.25165027379989624,0.6377066373825073,0.7969448566436768,0.20982599258422852,0.7141570448875427,0.8155615925788879,0.26300787925720215,0.6358295679092407,0.807604193687439,0.22618675231933594,0.7555047273635864,0.8490485548973083,0.18058297038078308,0.6462098360061646,0.8519131541252136,0.12353023141622543
32,catch_cap,a04_s10_e02,0.7224247455596924,0.2302001416683197,-0.1564442366361618,0.7162994742393494,0.2155415564775467,-0.1364511251449585,0.7153600454330444,0.21550777554512024,-0.13639971613883972,0.7141658663749695,0.21556510031223297,-0.13635459542274475,0.7143027186393738,0.2150842249393463,-0.16653746366500854,0.7123121619224548,0.21476498246192932,-0.1665412187576294,0.7101305723190308,0.2145681232213974,-0.1666056215763092,0.7002965807914734,0.22442230582237244,-0.026835065335035324,0.6937341690063477,0.22168897092342377,-0.16670601069927216,0.7197186946868896,0.24701112508773804,-0.11348698288202286,0.7174620032310486,0.246271550655365,-0.15383359789848328,0.7236138582229614,0.3105100393295288,0.060526907444000244,0.6356215476989746,0.314243882894516,-0.1757873296737671,0.7803380489349365,0.319087952375412,0.05799252912402153,0.6185504794120789,0.42198455333709717,-0.18268238008022308,0.8139818906784058,0.23575027287006378,-0.064539834856987,0.6232927441596985,0.5269672870635986,-0.1665596216917038,0.8297377824783325,0.21695466339588165,-0.0865328460931778,0.623380720615387,0.5602284669876099,-0.1754862666130066,0.8264533281326294,0.21424013376235962,-0.09529609978199005,0.6329988241195679,0.5583599209785461,-0.19836916029453278,0.8210784792900085,0.22015967965126038,-0.07487807422876358,0.6362148523330688,0.5496858358383179,-0.17349901795387268,0.715047299861908,0.5242444276809692,0.06351064145565033,0.6600674986839294,0.5240638256072998,-0.06375892460346222,0.723084568977356,0.6720250844955444,0.08714979141950607,0.6453193426132202,0.6766308546066284,-0.003938758745789528,0.7235527634620667,0.7980730533599854,0.24823930859565735,0.6376992464065552,0.7967150211334229,0.20659127831459045,0.7141587734222412,0.8159630298614502,0.25921982526779175,0.6355310082435608,0.8075486421585083,0.22232313454151154,0.7556436657905579,0.8491277098655701,0.17578738927841187,0.6462963223457336,0.8515787720680237,0.11924314498901367
33,catch_cap,a04_s10_e02,0.7221176624298096,0.2301964908838272,-0.14733421802520752,0.7158986926078796,0.21550339460372925,-0.12749359011650085,0.7149308919906616,0.2154613584280014,-0.12744496762752533,0.7137277126312256,0.2155137062072754,-0.12739874422550201,0.7139840126037598,0.21504898369312286,-0.1577877700328827,0.7120367884635925,0.2147229015827179,-0.1577913761138916,0.7099250555038452,0.21451960504055023,-0.15786121785640717,0.699795126914978,0.22440065443515778,-0.02042815461754799,0.693587601184845,0.22166059911251068,-0.16151870787143707,0.7192938923835754,0.24697047472000122,-0.1054130420088768,0.7172016501426697,0.24621206521987915,-0.1461266130208969,0.7230628132820129,0.3101177513599396,0.062253184616565704,0.6356231570243835,0.3140243887901306,-0.17542633414268494,0.780035674571991,0.3187309801578522,0.07353542745113373,0.618518590927124,0.4220128357410431,-0.19246330857276917,0.8167392015457153,0.23613177239894867,-0.021888237446546555,0.6239039301872253,0.5270627737045288,-0.1921025961637497,0.833051323890686,0.22015517950057983,-0.039304494857788086,0.6240069270133972,0.5605441927909851,-0.2038482129573822,0.8304256200790405,0.2168942391872406,-0.050656795501708984,0.6338144540786743,0.5586646795272827,-0.2281666249036789,0.82475346326828,0.22203710675239563,-0.03283859044313431,0.6371029615402222,0.549965500831604,-0.19996562600135803,0.7149800658226013,0.5242437124252319,0.06374459713697433,0.6602245569229126,0.5242379903793335,-0.06399645656347275,0.7230584025382996,0.671904981136322,0.0868314579129219,0.6453174352645874,0.6766414046287537,-0.004021016415208578,0.723541259765625,0.7981610894203186,0.23502707481384277,0.6376910209655762,0.7966691255569458,0.20311370491981506,0.7141488194465637,0.8162691593170166,0.24513384699821472,0.6352839469909668,0.807550311088562,0.21837973594665527,0.7558382749557495,0.8491860032081604,0.16124336421489716,0.6463662385940552,0.8515377640724182,0.11515255272388458
34,catch_cap,a04_s10_e02,0.7216834425926208,0.23019221425056458,-0.15040501952171326,0.7155424356460571,0.21549786627292633,-0.13154935836791992,0.7146021127700806,0.21545448899269104,-0.13151368498802185,0.7134373784065247,0.2155063897371292,-0.13148406147956848,0.7135688066482544,0.21504423022270203,-0.1605181246995926,0.7116323113441467,0.2147168517112732,-0.16052468121051788,0.7095440626144409,0.2145126461982727,-0.16058741509914398,0.6994221210479736,0.22439561784267426,-0.02227937802672386,0.6933578252792358,0.22165516018867493,-0.16634713113307953,0.7188233137130737,0.24693980813026428,-0.10719166696071625,0.7167535424232483,0.24615968763828278,-0.14700399339199066,0.7226132154464722,0.3095647394657135,0.06106049567461014,0.6356440186500549,0.3140240013599396,-0.18494755029678345,0.7795461416244507,0.31753233075141907,0.07531238347291946,0.618476390838623,0.42254677414894104,-0.21531283855438232,0.818274199962616,0.23790165781974792,-0.016071496531367302,0.6245211958885193,0.5288447737693787,-0.22301912307739258,0.8352087140083313,0.22259679436683655,-0.03248778358101845,0.6251236796379089,0.5623663663864136,-0.23725184798240662,0.8331006169319153,0.21916082501411438,-0.04575619846582413,0.6348749399185181,0.5603402256965637,-0.2613852024078369,0.8273229598999023,0.22420597076416016,-0.027694106101989746,0.6378730535507202,0.5513442158699036,-0.23085924983024597,0.7148348093032837,0.5243481397628784,0.06535875797271729,0.6603670716285706,0.5247012972831726,-0.06562161445617676,0.7230241298675537,0.6716575622558594,0.09538938850164413,0.6453943848609924,0.6762500405311584,0.00029866918339394033,0.7235393524169922,0.7981520295143127,0.25273868441581726,0.637678325176239,0.7965192794799805,0.21891608834266663,0.7141297459602356,0.8163014650344849,0.2634160816669464,0.634958028793335,0.8074750900268555,0.23554781079292297,0.7560469508171082,0.8492394089698792,0.18191437423229218,0.6464335918426514,0.8514404296875,0.13172680139541626
35,catch_cap,a04_s10_e02,0.7213153839111328,0.2302553951740265,-0.153143972158432,0.7152000665664673,0.21554985642433167,-0.13369452953338623,0.7142623662948608,0.2154999077320099,-0.13365428149700165,0.7131103277206421,0.2155488282442093,-0.13361361622810364,0.7131918668746948,0.2150973677635193,-0.16370514035224915,0.7112340331077576,0.21475939452648163,-0.1637077033519745,0.7091243863105774,0.2145477831363678,-0.1637727916240692,0.6989487409591675,0.22440560162067413,-0.025237658992409706,0.6929773092269897,0.2216668576002121,-0.1680588573217392,0.7183396816253662,0.24693940579891205,-0.11050534248352051,0.716307520866394,0.24615822732448578,-0.15097644925117493,0.7222453355789185,0.30897006392478943,0.05962496995925903,0.635633111000061,0.314023494720459,-0.18422746658325195,0.7794666886329651,0.3126327097415924,0.07504165917634964,0.6184126734733582,0.42279762029647827,-0.2130684107542038,0.8195832967758179,0.23697522282600403,-0.016469281166791916,0.6250479817390442,0.5293701887130737,-0.21886029839515686,0.8383108377456665,0.22158771753311157,-0.03327067941427231,0.6256824135780334,0.5629522204399109,-0.2328583002090454,0.8366299867630005,0.21866412460803986,-0.04785718396306038,0.6355069875717163,0.5609792470932007,-0.25750377774238586,0.8302453756332397,0.22361522912979126,-0.028693538159132004,0.63840651512146,0.5518914461135864,-0.22694900631904602,0.7146814465522766,0.5243672132492065,0.06572345644235611,0.6604526042938232,0.524946928024292,-0.0659852996468544,0.7230091094970703,0.6714479923248291,0.09362532198429108,0.6454388499259949,0.6760244369506836,-0.00041334828711114824,0.7235249876976013,0.7981441617012024,0.2527012825012207,0.6376672387123108,0.7964875102043152,0.21811728179454803,0.7140928506851196,0.816326379776001,0.2634318172931671,0.6347757577896118,0.8074483275413513,0.23451006412506104,0.7562179565429688,0.8492630124092102,0.18119585514068604,0.6464955806732178,0.8514294028282166,0.1291956752538681
36,catch_cap,a04_s10_e02,0.7209109663963318,0.23029771447181702,-0.15477880835533142,0.7148547172546387,0.21561317145824432,-0.13513383269309998,0.7139483690261841,0.21556060016155243,-0.1350923776626587,0.7128351330757141,0.21560914814472198,-0.13504894077777863,0.7127522230148315,0.21516531705856323,-0.16555479168891907,0.7107501029968262,0.21482381224632263,-0.16555635631084442,0.7085861563682556,0.21461142599582672,-0.1656215786933899,0.6986005902290344,0.22443941235542297,-0.02694840170443058,0.6925173401832581,0.22171016037464142,-0.1687803417444229,0.7179284691810608,0.2469383329153061,-0.1123642548918724,0.7158550024032593,0.2461567372083664,-0.15312227606773376,0.7220020294189453,0.3085746169090271,0.058810967952013016,0.6356080770492554,0.314031183719635,-0.18660695850849152,0.7792163491249084,0.31050369143486023,0.08045129477977753,0.6183165907859802,0.42295950651168823,-0.21926479041576385,0.8208528757095337,0.23679639399051666,-0.002158988267183304,0.6253284811973572,0.5295962691307068,-0.22744746506214142,0.8402849435806274,0.22194404900074005,-0.017297469079494476,0.6259113550186157,0.5631677508354187,-0.24204882979393005,0.8392136693000793,0.21877619624137878,-0.03264201432466507,0.6357974410057068,0.5612196326255798,-0.2662785053253174,0.8327124714851379,0.22348430752754211,-0.014563621953129768,0.6386680603027344,0.5521526336669922,-0.2354702651500702,0.7145545482635498,0.5244870781898499,0.06616681069135666,0.6605964303016663,0.525254487991333,-0.06642712652683258,0.7229951620101929,0.671354353427887,0.09520657360553741,0.6454850435256958,0.6759123206138611,0.0012848528567701578,0.7234967350959778,0.7981343865394592,0.2544020116329193,0.6376413702964783,0.7964507937431335,0.2214716672897339,0.714030921459198,0.8163487911224365,0.2650879919528961,0.6345797777175903,0.8073993921279907,0.23803023993968964,0.756308913230896,0.8491114974021912,0.18283911049365997,0.646579921245575,0.8514408469200134,0.13325892388820648
37,catch_cap,a04_s10_e02,0.7204462289810181,0.23032493889331818,-0.15541066229343414,0.7144514322280884,0.2156352698802948,-0.13521620631217957,0.7135812044143677,0.21558316051959991,-0.13517257571220398,0.7125094532966614,0.21563339233398438,-0.1351325511932373,0.7122403383255005,0.2151959091424942,-0.16587494313716888,0.7102004885673523,0.21485820412635803,-0.1658829301595688,0.7079874277114868,0.2146489918231964,-0.16595160961151123,0.6981663703918457,0.2244696319103241,-0.027651479467749596,0.6919375658035278,0.22174379229545593,-0.1701991856098175,0.7174347043037415,0.24694877862930298,-0.11345158517360687,0.7152551412582397,0.24617062509059906,-0.15444795787334442,0.7216812968254089,0.3082400858402252,0.05650288611650467,0.6355800032615662,0.31405550241470337,-0.18827787041664124,0.7792075872421265,0.30810919404029846,0.07717335224151611,0.6182131767272949,0.4233059585094452,-0.221725195646286,0.8229086995124817,0.2348790168762207,-0.01031514536589384,0.6255756616592407,0.5301405787467957,-0.231299489736557,0.8425843119621277,0.2215888351202011,-0.026633495464920998,0.6261440515518188,0.5636380910873413,-0.24628162384033203,0.8416983485221863,0.21864958107471466,-0.042759574949741364,0.6360891461372375,0.5617548227310181,-0.27072006464004517,0.8349869847297668,0.22305133938789368,-0.02321448363363743,0.6389371752738953,0.5526279807090759,-0.23944886028766632,0.7144352197647095,0.5246263146400452,0.06623312085866928,0.6606804728507996,0.5256932973861694,-0.06649401038885117,0.722991943359375,0.6712531447410583,0.09365569055080414,0.6455029249191284,0.6759099364280701,0.0026605422608554363,0.7234505414962769,0.7981896996498108,0.2558441758155823,0.6376266479492188,0.7962403893470764,0.22989299893379211,0.7139458656311035,0.8164705038070679,0.2668047249317169,0.63451087474823,0.8070347905158997,0.2470880001783371,0.7565779685974121,0.8491734862327576,0.18290449678897858,0.6465430855751038,0.8514025807380676,0.140975221991539
38,catch_cap,a04_s10_e02,0.7201381325721741,0.23043949902057648,-0.15662908554077148,0.7141333222389221,0.21571823954582214,-0.13654491305351257,0.7132723927497864,0.21566472947597504,-0.1365029364824295,0.7122094035148621,0.2157144993543625,-0.13646389544010162,0.7118704319000244,0.21529674530029297,-0.16698883473873138,0.7098057866096497,0.21496595442295074,-0.16699367761611938,0.7075533270835876,0.21476276218891144,-0.16706040501594543,0.6977414488792419,0.22456394135951996,-0.02783149853348732,0.6914336681365967,0.22187204658985138,-0.17187930643558502,0.7171357870101929,0.24700221419334412,-0.11416441202163696,0.7148932218551636,0.246241956949234,-0.15480373799800873,0.7213783264160156,0.3078821003437042,0.05504344031214714,0.6355181932449341,0.31407782435417175,-0.19042231142520905,0.7794455289840698,0.3050931692123413,0.08136054128408432,0.6181403398513794,0.4234519898891449,-0.2253713607788086,0.8244695663452148,0.23313859105110168,0.0056160748936235905,0.6257225871086121,0.5302283763885498,-0.23482489585876465,0.8442438244819641,0.22083690762519836,-0.008651371113955975,0.6262287497520447,0.5637536644935608,-0.24953313171863556,0.8433209657669067,0.21807627379894257,-0.02474062144756317,0.6361510157585144,0.5618972778320312,-0.274110347032547,0.8366996645927429,0.22221067547798157,-0.007085119374096394,0.6390269994735718,0.5528038144111633,-0.24304059147834778,0.7143056988716125,0.5247184038162231,0.06628377735614777,0.6607483625411987,0.525838315486908,-0.06654711067676544,0.7229893803596497,0.6711298823356628,0.09517142921686172,0.6455291509628296,0.6756536960601807,0.0046696229837834835,0.7234281301498413,0.7982823848724365,0.2565372586250305,0.6375749707221985,0.7961922883987427,0.22984535992145538,0.7139114141464233,0.8166534304618835,0.26746079325675964,0.6343590021133423,0.806966245174408,0.24677041172981262,0.7567834258079529,0.849287748336792,0.18330594897270203,0.646581768989563,0.8514239192008972,0.14109842479228973
39,catch_cap,a04_s10_e02,0.719855546951294,0.23073022067546844,-0.15483364462852478,0.7138729691505432,0.21594354510307312,-0.1351589858531952,0.7130333185195923,0.2158864587545395,-0.13511572778224945,0.7119922637939453,0.2159319669008255,-0.13506931066513062,0.7115269303321838,0.21552862226963043,-0.16577260196208954,0.7094208002090454,0.21518991887569427,-0.1657809317111969,0.707115888595581,0.21497730910778046,-0.16584858298301697,0.6974068284034729,0.22471532225608826,-0.028168177232146263,0.6909655332565308,0.2220534384250641,-0.17172810435295105,0.7168797850608826,0.24717766046524048,-0.11309288442134857,0.7145731449127197,0.24644580483436584,-0.15403500199317932,0.7210001349449158,0.30755481123924255,0.054633937776088715,0.6354233026504517,0.3141472637653351,-0.18890325725078583,0.7792902588844299,0.3029305636882782,0.07863477617502213,0.6180877089500427,0.4236307740211487,-0.22071389853954315,0.8249980211257935,0.23300211131572723,-0.004918687045574188,0.6257301568984985,0.5302548408508301,-0.2263997495174408,0.8448470830917358,0.22058779001235962,-0.020283127203583717,0.6262118220329285,0.5638115406036377,-0.24039359390735626,0.8438549041748047,0.21798117458820343,-0.03700341284275055,0.6360322833061218,0.5619837641716003,-0.26504576206207275,0.8372299075126648,0.22232075035572052,-0.018013451248407364,0.6389133334159851,0.5529468655586243,-0.23453202843666077,0.7141884565353394,0.5248036980628967,0.06621889770030975,0.6608282327651978,0.5260439515113831,-0.0664837509393692,0.7229872345924377,0.6711274981498718,0.09506051987409592,0.6455332040786743,0.6755740642547607,0.004013739060610533,0.7234066724777222,0.7983748316764832,0.2571801245212555,0.6375411748886108,0.7960587739944458,0.228270024061203,0.713860273361206,0.8168231248855591,0.26823803782463074,0.634290337562561,0.806779682636261,0.24508221447467804,0.7570314407348633,0.8493994474411011,0.18445613980293274,0.6465910077095032,0.8514388799667358,0.13933607935905457
40,catch_cap,a04_s10_e02,0.719648003578186,0.23092439770698547,-0.1519215703010559,0.7136291265487671,0.216114804148674,-0.1324833631515503,0.7128129601478577,0.2160501927137375,-0.13243916630744934,0.7117940187454224,0.21608948707580566,-0.1323876678943634,0.7112102508544922,0.21571360528469086,-0.16302385926246643,0.709068775177002,0.21536856889724731,-0.16303323209285736,0.7067204713821411,0.21515177190303802,-0.16309796273708344,0.6971319913864136,0.2248230129480362,-0.027159294113516808,0.690609335899353,0.22223177552223206,-0.16980049014091492,0.7167367935180664,0.24730037152767181,-0.11079968512058258,0.7143696546554565,0.2466001659631729,-0.15167810022830963,0.7209219932556152,0.30734238028526306,0.05453409627079964,0.6353786587715149,0.3142085075378418,-0.18801087141036987,0.7791708707809448,0.3003726899623871,0.07716558128595352,0.6180106401443481,0.42367759346961975,-0.21858856081962585,0.8258782625198364,0.2325587123632431,-0.008036863058805466,0.6256862282752991,0.5300614833831787,-0.22194182872772217,0.845188319683075,0.2203834503889084,-0.023061856627464294,0.6261357069015503,0.5637584924697876,-0.2355174571275711,0.8441857099533081,0.21783116459846497,-0.040264666080474854,0.6359133720397949,0.5619298219680786,-0.2602628469467163,0.8378695249557495,0.22220662236213684,-0.021326132118701935,0.6387966871261597,0.5529372096061707,-0.23000630736351013,0.7140174508094788,0.5248082876205444,0.06620807945728302,0.6608587503433228,0.5260611176490784,-0.06647519767284393,0.7229734063148499,0.6710813045501709,0.09583096951246262,0.6455528140068054,0.6752967238426208,0.006432667374610901,0.7233694195747375,0.7984485030174255,0.25530511140823364,0.6375301480293274,0.7956677079200745,0.2297518253326416,0.7137913703918457,0.8169211745262146,0.2658874988555908,0.6342684030532837,0.8062170147895813,0.24660281836986542,0.7570462822914124,0.8493632078170776,0.18318015336990356,0.6466396450996399,0.8514233827590942,0.14240548014640808
41,catch_cap,a04_s10_e02,0.7194221615791321,0.23117759823799133,-0.14277219772338867,0.7134044766426086,0.21637944877147675,-0.12376966327428818,0.7125951051712036,0.21630984544754028,-0.12372344732284546,0.7115872502326965,0.21634268760681152,-0.12366916984319687,0.7109829187393188,0.21598932147026062,-0.15470336377620697,0.7088192701339722,0.21563492715358734,-0.1547180861234665,0.7064435482025146,0.21540626883506775,-0.1547846645116806,0.6968830227851868,0.22494307160377502,-0.021058209240436554,0.6903120279312134,0.22238710522651672,-0.16513028740882874,0.7165284156799316,0.2474558800458908,-0.10245829820632935,0.7141461372375488,0.24679209291934967,-0.14394763112068176,0.7209199666976929,0.3069545030593872,0.05639078468084335,0.6352220177650452,0.31421831250190735,-0.1851462721824646,0.7791146039962769,0.29827961325645447,0.0836034044623375,0.6179412603378296,0.4236777126789093,-0.2156713306903839,0.8263641595840454,0.23187819123268127,0.004994443617761135,0.625632107257843,0.5294018387794495,-0.2035854160785675,0.8453241586685181,0.22015826404094696,-0.008738459087908268,0.6261011958122253,0.5634605288505554,-0.2144661247730255,0.8443576693534851,0.21786347031593323,-0.02687492035329342,0.6358389258384705,0.5616167187690735,-0.23836398124694824,0.8381353616714478,0.2221241146326065,-0.008625004440546036,0.6387366056442261,0.5527633428573608,-0.21104788780212402,0.7139084935188293,0.5248158574104309,0.06615493446588516,0.6608990430831909,0.5260817408561707,-0.06641925871372223,0.7229705452919006,0.6710871458053589,0.09601565450429916,0.6455398797988892,0.6752923130989075,0.005643870681524277,0.7233631014823914,0.7984808683395386,0.2552383840084076,0.6375263929367065,0.7956246137619019,0.2276025265455246,0.7137731313705444,0.8169718384742737,0.26584652066230774,0.6342670917510986,0.8061644434928894,0.24425020813941956,0.757093071937561,0.8493261337280273,0.1832592785358429,0.6466461420059204,0.8514195084571838,0.141849547624588
42,catch_cap,a04_s10_e02,0.7191663980484009,0.23129573464393616,-0.13984909653663635,0.7131472229957581,0.21648424863815308,-0.12107232958078384,0.7123504877090454,0.21641221642494202,-0.12102679908275604,0.711361825466156,0.2164447158575058,-0.12097448110580444,0.7107270359992981,0.21611250936985016,-0.15195080637931824,0.7085587978363037,0.21576134860515594,-0.1519656926393509,0.7061761617660522,0.2155340015888214,-0.15203072130680084,0.6966921091079712,0.22499431669712067,-0.01967003382742405,0.6900736093521118,0.222483828663826,-0.16356314718723297,0.716269850730896,0.24755001068115234,-0.10001718997955322,0.7138773798942566,0.24693049490451813,-0.14147056639194489,0.7208181619644165,0.30664411187171936,0.05639445036649704,0.6351180672645569,0.31422269344329834,-0.18443253636360168,0.7789393663406372,0.29730528593063354,0.0929313376545906,0.6178396344184875,0.42365947365760803,-0.21428737044334412,0.8266897201538086,0.2320263683795929,0.02953316643834114,0.6255123019218445,0.5286223292350769,-0.20443686842918396,0.8457674980163574,0.2206083983182907,0.0183373112231493,0.6259307861328125,0.5630557537078857,-0.21594050526618958,0.8451824188232422,0.2185230255126953,-0.0015958156436681747,0.6355746388435364,0.5611941814422607,-0.24011406302452087,0.8388086557388306,0.2227770835161209,0.015515116974711418,0.6385065317153931,0.5524451732635498,-0.21205869317054749,0.7137628197669983,0.5248282551765442,0.06614004075527191,0.6609045267105103,0.5260815620422363,-0.0664001852273941,0.722963809967041,0.671127438545227,0.09657808393239975,0.6455513834953308,0.6752511262893677,0.005141237284988165,0.7233296036720276,0.7984859943389893,0.25609806180000305,0.637523889541626,0.7954193353652954,0.2270614355802536,0.7137315273284912,0.8169772624969482,0.26688599586486816,0.6343130469322205,0.8058251738548279,0.24363231658935547,0.7571121454238892,0.8492957353591919,0.1855592131614685,0.6466487050056458,0.8513765931129456,0.13998164236545563
43,catch_cap,a04_s10_e02,0.7189334630966187,0.23135825991630554,-0.14048446714878082,0.7128870487213135,0.21653300523757935,-0.12184222042560577,0.7121065855026245,0.21646256744861603,-0.12179727852344513,0.7111389636993408,0.21649794280529022,-0.12174679338932037,0.7104567885398865,0.21617095172405243,-0.15242213010787964,0.7082842588424683,0.21582505106925964,-0.15243767201900482,0.7058961391448975,0.21560154855251312,-0.15250363945960999,0.6965444684028625,0.2250344455242157,-0.020662272348999977,0.6898166537284851,0.22257770597934723,-0.16351738572120667,0.7160653471946716,0.24761533737182617,-0.10080734640359879,0.7136454582214355,0.24703280627727509,-0.1418997347354889,0.7208110690116882,0.306464821100235,0.05581945180892944,0.6350783109664917,0.31422704458236694,-0.1839628368616104,0.7789160013198853,0.295309454202652,0.09522630274295807,0.6177095770835876,0.4235745072364807,-0.21341176331043243,0.8280861973762512,0.23083145916461945,0.036812011152505875,0.6252404451370239,0.5280352830886841,-0.2046506702899933,0.8473453521728516,0.22020359337329865,0.02651437744498253,0.6256678104400635,0.5626808404922485,-0.21606096625328064,0.8470233678817749,0.21846866607666016,0.005860182922333479,0.6350535154342651,0.560836136341095,-0.24021732807159424,0.8406127095222473,0.22260217368602753,0.022604288533329964,0.6379628777503967,0.552116334438324,-0.21236160397529602,0.7135852575302124,0.5248318314552307,0.06587399542331696,0.6608908176422119,0.5260825157165527,-0.06614186614751816,0.7229605913162231,0.6711261868476868,0.09798914939165115,0.6455524563789368,0.6752532124519348,0.004574221558868885,0.7233170866966248,0.7984841465950012,0.26080742478370667,0.6375207304954529,0.7954502105712891,0.2228836715221405,0.7137256860733032,0.8169692754745483,0.27214258909225464,0.6343683004379272,0.8058552145957947,0.23919375240802765,0.7571203708648682,0.8492704629898071,0.19160127639770508,0.6466469764709473,0.8514012694358826,0.13567568361759186
44,catch_cap,a04_s10_e02,0.7186588644981384,0.23141002655029297,-0.14218679070472717,0.7125596404075623,0.2165708839893341,-0.1234336867928505,0.7118009924888611,0.21650400757789612,-0.12338972091674805,0.7108623385429382,0.21654333174228668,-0.12333939224481583,0.7101088166236877,0.21621394157409668,-0.1538742482662201,0.7079342603683472,0.21587347984313965,-0.1538887321949005,0.7055370211601257,0.2156538963317871,-0.15395483374595642,0.6963441967964172,0.2251041978597641,-0.021567679941654205,0.6894739270210266,0.22267840802669525,-0.1639246642589569,0.7158070802688599,0.247700035572052,-0.10229839384555817,0.7133491635322571,0.24713940918445587,-0.14321056008338928,0.7207291722297668,0.30638736486434937,0.054219573736190796,0.6350356340408325,0.31434085965156555,-0.18378445506095886,0.7788779139518738,0.29447653889656067,0.09430775046348572,0.617507815361023,0.42357683181762695,-0.21335163712501526,0.8282808065414429,0.2299497127532959,0.034101665019989014,0.6249388456344604,0.5277644991874695,-0.20677249133586884,0.8475411534309387,0.21991674602031708,0.023328633978962898,0.6255497336387634,0.5625976920127869,-0.21816763281822205,0.847220242023468,0.21848399937152863,0.0018982632318511605,0.6346465349197388,0.5607753396034241,-0.24222013354301453,0.8407421112060547,0.22249795496463776,0.01958654075860977,0.6374337673187256,0.5520226359367371,-0.2146463692188263,0.7134119272232056,0.524863600730896,0.06572185456752777,0.6608667373657227,0.5261250734329224,-0.06599240005016327,0.7229516506195068,0.6710265874862671,0.09757089614868164,0.645553708076477,0.6750224828720093,0.0044614230282604694,0.7232917547225952,0.7984851598739624,0.2606644630432129,0.6375177502632141,0.7954095602035522,0.222859188914299,0.7137199640274048,0.8169718384742737,0.2719944417476654,0.6344122290611267,0.8057624697685242,0.23917022347450256,0.7571173906326294,0.8492425084114075,0.19041119515895844,0.6466149091720581,0.8513926863670349,0.1355767399072647
45,catch_cap,a04_s10_e02,0.7184666991233826,0.23146921396255493,-0.1419931948184967,0.7122546434402466,0.2165880650281906,-0.12322485446929932,0.7114803194999695,0.21652179956436157,-0.12318094819784164,0.7105319499969482,0.2165628969669342,-0.12312953174114227,0.7098478078842163,0.21623705327510834,-0.1535734087228775,0.707683265209198,0.21590062975883484,-0.15358616411685944,0.7052834630012512,0.21568530797958374,-0.1536538004875183,0.6961263418197632,0.22515934705734253,-0.021421292796730995,0.6892215013504028,0.22278591990470886,-0.16305437684059143,0.7155736684799194,0.24778077006340027,-0.10208126157522202,0.7131386995315552,0.24723809957504272,-0.14283834397792816,0.7206234931945801,0.30631816387176514,0.054290372878313065,0.6350070238113403,0.3144867718219757,-0.18191036581993103,0.7787848711013794,0.29471471905708313,0.09219571948051453,0.6172949075698853,0.4236259460449219,-0.21305711567401886,0.827860951423645,0.22973141074180603,0.023538298904895782,0.6246474981307983,0.5277429223060608,-0.20864622294902802,0.8469315767288208,0.21957091987133026,0.011066604405641556,0.6254183053970337,0.5625858306884766,-0.22091343998908997,0.8464568257331848,0.21819214522838593,-0.009318520314991474,0.6342638731002808,0.5607710480690002,-0.2450968325138092,0.8400408625602722,0.22216729819774628,0.009308483451604843,0.63697350025177,0.5520133972167969,-0.2166738063097,0.7133403420448303,0.5248674750328064,0.06569288671016693,0.6608635187149048,0.5261519551277161,-0.06596291065216064,0.7229491472244263,0.6709330081939697,0.09731698781251907,0.6455539464950562,0.6749425530433655,0.0032630651257932186,0.7232804298400879,0.7984504103660583,0.26051419973373413,0.6375148296356201,0.7954322695732117,0.2215108424425125,0.7137171030044556,0.8169134259223938,0.27185362577438354,0.6344443559646606,0.8058039546012878,0.2377479374408722,0.7571133971214294,0.849199116230011,0.18963101506233215,0.646533191204071,0.851392924785614,0.13287357985973358
46,catch_cap,a04_s10_e02,0.7182937860488892,0.23158566653728485,-0.14056892693042755,0.7120024561882019,0.21663422882556915,-0.12187786400318146,0.7112070918083191,0.21656577289104462,-0.12183334678411484,0.7102422714233398,0.2166060507297516,-0.1217791810631752,0.7096613049507141,0.2162911742925644,-0.15208229422569275,0.7075179219245911,0.2159545123577118,-0.1520937830209732,0.7051308751106262,0.21573641896247864,-0.15216173231601715,0.6959460377693176,0.2252238541841507,-0.02055329829454422,0.6890915036201477,0.22287698090076447,-0.1613169014453888,0.71534264087677,0.24789777398109436,-0.10083870589733124,0.7129574418067932,0.24736672639846802,-0.14137676358222961,0.7205482721328735,0.3062513470649719,0.05439550429582596,0.6349429488182068,0.3145798146724701,-0.18016953766345978,0.7786501049995422,0.2951499819755554,0.09111042320728302,0.6170911192893982,0.4236511290073395,-0.21283189952373505,0.8277273178100586,0.2300599068403244,0.017164578661322594,0.6243895888328552,0.5277125239372253,-0.21029789745807648,0.8468438982963562,0.2196010798215866,0.0033556863199919462,0.6252593994140625,0.562576413154602,-0.2233516275882721,0.846383273601532,0.21828116476535797,-0.019729256629943848,0.6338895559310913,0.5607644319534302,-0.24794423580169678,0.8399366140365601,0.22232554852962494,0.0017512571066617966,0.6366202235221863,0.5520073175430298,-0.2185288369655609,0.7132810950279236,0.5248882174491882,0.06566824018955231,0.6608321666717529,0.5261804461479187,-0.06593768298625946,0.7229462265968323,0.6709093451499939,0.09709399193525314,0.6455539464950562,0.6748939752578735,0.0024013419169932604,0.7232545614242554,0.7984159588813782,0.26046839356422424,0.6375136971473694,0.7954327464103699,0.22011883556842804,0.7137081027030945,0.8168913125991821,0.2718324363231659,0.6345428824424744,0.8058083057403564,0.23630452156066895,0.7571023106575012,0.8491412401199341,0.18936195969581604,0.6464195251464844,0.851402223110199,0.13129454851150513
47,catch_cap,a04_s10_e02,0.7181164026260376,0.23172135651111603,-0.14101064205169678,0.7118192315101624,0.21669788658618927,-0.12215062230825424,0.7110394239425659,0.21663063764572144,-0.12210530042648315,0.7100942134857178,0.2166719287633896,-0.12204976379871368,0.7094448208808899,0.21636205911636353,-0.15226060152053833,0.707292377948761,0.21602775156497955,-0.15227416157722473,0.7048882842063904,0.21580849587917328,-0.1523403823375702,0.6958661675453186,0.2253117859363556,-0.020021619275212288,0.6888684034347534,0.22298283874988556,-0.15987080335617065,0.7151622772216797,0.2480812966823578,-0.10098472982645035,0.7127405405044556,0.24756206572055817,-0.14134861528873444,0.7205532193183899,0.30614280700683594,0.05441359803080559,0.6347334384918213,0.3148983418941498,-0.17704442143440247,0.7786223888397217,0.29428136348724365,0.07725811749696732,0.6169487833976746,0.42369160056114197,-0.20430836081504822,0.827569842338562,0.22968506813049316,-0.01961767114698887,0.6241249442100525,0.5276867747306824,-0.1956932246685028,0.8467293977737427,0.21916519105434418,-0.03702525421977043,0.6249943971633911,0.562570333480835,-0.20746460556983948,0.8462336659431458,0.21809345483779907,-0.05801684409379959,0.6335221529006958,0.5607602596282959,-0.23244154453277588,0.8397855758666992,0.22217419743537903,-0.03473038226366043,0.6363038420677185,0.5519989728927612,-0.2037399709224701,0.7132745981216431,0.5248928666114807,0.06527109444141388,0.6608191728591919,0.5261997580528259,-0.06554018706083298,0.7229436635971069,0.6708863377571106,0.09158547967672348,0.645553469657898,0.6749044060707092,-0.0013771437807008624,0.7232505679130554,0.7983922362327576,0.259350448846817,0.6375135183334351,0.7954270243644714,0.21715252101421356,0.7137055993080139,0.8168489336967468,0.2709992527961731,0.6346026659011841,0.8058030605316162,0.23333308100700378,0.7571011781692505,0.8491222858428955,0.18758870661258698,0.6463385224342346,0.8513676524162292,0.1270032674074173
48,catch_cap,a04_s10_e02,0.7180758118629456,0.23180288076400757,-0.1390785425901413,0.7117433547973633,0.21673835813999176,-0.12020081281661987,0.7109619975090027,0.21666550636291504,-0.12015364319086075,0.7100133299827576,0.21670183539390564,-0.12009556591510773,0.7093802690505981,0.21641354262828827,-0.15044036507606506,0.707229733467102,0.21607562899589539,-0.1504536122083664,0.7048237919807434,0.2158500850200653,-0.15051820874214172,0.6958321332931519,0.22533844411373138,-0.018107455223798752,0.6888148188591003,0.22302435338497162,-0.15845434367656708,0.7151509523391724,0.24811910092830658,-0.0990709587931633,0.7127374410629272,0.24760569632053375,-0.1395592987537384,0.7205367684364319,0.3061414062976837,0.0561864897608757,0.6347285509109497,0.31490233540534973,-0.17615891993045807,0.7784384489059448,0.2948818504810333,0.07574323564767838,0.6167898178100586,0.42369383573532104,-0.20036658644676208,0.8257123231887817,0.23003099858760834,-0.021006310358643532,0.6236774325370789,0.5276260375976562,-0.18536870181560516,0.8447543978691101,0.2192622274160385,-0.037749454379081726,0.6245648860931396,0.5625427961349487,-0.19593745470046997,0.8439677357673645,0.2180752456188202,-0.05741609260439873,0.632898211479187,0.5607532858848572,-0.22097384929656982,0.8378084301948547,0.22222180664539337,-0.03552525117993355,0.6356409788131714,0.5519734025001526,-0.1931745558977127,0.7132598161697388,0.5248952507972717,0.06525193899869919,0.6607987880706787,0.5262302160263062,-0.06552106142044067,0.7229395508766174,0.6707964539527893,0.09171078354120255,0.6455668210983276,0.6748913526535034,-0.0013134691398590803,0.7232205867767334,0.7983800172805786,0.256075918674469,0.6375150680541992,0.795427680015564,0.21680589020252228,0.7136985659599304,0.8168397545814514,0.2672432065010071,0.6346603631973267,0.8058151006698608,0.23294082283973694,0.7570904493331909,0.8491029143333435,0.18393680453300476,0.6462969183921814,0.8513631820678711,0.1270342916250229
49,catch_cap,a04_s10_e02,0.7180359959602356,0.23190951347351074,-0.13680735230445862,0.7117115259170532,0.2168278694152832,-0.1179005354642868,0.7109339833259583,0.21675078570842743,-0.11785479635000229,0.7099876403808594,0.2167816460132599,-0.11779763549566269,0.709342360496521,0.21649950742721558,-0.14822827279567719,0.7071858644485474,0.21614931523799896,-0.14824190735816956,0.7047719955444336,0.2159094363451004,-0.1483052670955658,0.6958299875259399,0.22538016736507416,-0.015450119972229004,0.6887697577476501,0.22305521368980408,-0.15628468990325928,0.7151297330856323,0.24817503988742828,-0.09664313495159149,0.7127198576927185,0.24765565991401672,-0.13725697994232178,0.7205447554588318,0.30605557560920715,0.05837821215391159,0.6347249746322632,0.31488630175590515,-0.1726604700088501,0.778420090675354,0.2949642241001129,0.06991027295589447,0.6166576743125916,0.42369359731674194,-0.1898365318775177,0.8242823481559753,0.23017525672912598,-0.037189967930316925,0.6233901381492615,0.5276188254356384,-0.16903875768184662,0.8433840870857239,0.21887679398059845,-0.05584542080760002,0.6242403388023376,0.5625226497650146,-0.17842087149620056,0.8423246145248413,0.21744687855243683,-0.07453799992799759,0.6324838399887085,0.5607426762580872,-0.203904390335083,0.8362372517585754,0.2216997891664505,-0.05162814259529114,0.6352152824401855,0.5519281029701233,-0.17683759331703186,0.7132558226585388,0.5248629450798035,0.06521987169981003,0.6607977151870728,0.5262331366539001,-0.06548670679330826,0.7229375243186951,0.6707509160041809,0.0884919986128807,0.6455680131912231,0.6748890280723572,-0.0035772831179201603,0.7232152819633484,0.7983788847923279,0.24872510135173798,0.637507438659668,0.7954346537590027,0.21216563880443573,0.7136951088905334,0.8168375492095947,0.2596040368080139,0.6346653699874878,0.8058479428291321,0.22800949215888977,0.7571028470993042,0.8490997552871704,0.17553815245628357,0.6461707353591919,0.8513572216033936,0.12176511436700821
50,catch_cap,a04_s10_e02,0.7180137038230896,0.23199118673801422,-0.13730689883232117,0.7117031812667847,0.2168859839439392,-0.11831917613744736,0.71092689037323,0.21680594980716705,-0.11827339977025986,0.7099807262420654,0.21683216094970703,-0.11821743100881577,0.7093290686607361,0.2165457159280777,-0.14872059226036072,0.7071680426597595,0.21618224680423737,-0.14873293042182922,0.7047473788261414,0.2159288227558136,-0.14879530668258667,0.6958315372467041,0.2253989428281784,-0.01527878176420927,0.6887357234954834,0.22306141257286072,-0.1564558446407318,0.7151190042495728,0.24821443855762482,-0.0969090536236763,0.7127091884613037,0.24768367409706116,-0.13760870695114136,0.7205565571784973,0.3059881925582886,0.05951114743947983,0.6347047686576843,0.3148689568042755,-0.17177638411521912,0.7784083485603333,0.29499581456184387,0.06785659492015839,0.6165292859077454,0.42368754744529724,-0.18502339720726013,0.8233116865158081,0.23026509582996368,-0.04152837023139,0.6230717897415161,0.5276159048080444,-0.15981899201869965,0.8418163061141968,0.21845737099647522,-0.06046868488192558,0.6239331960678101,0.562511146068573,-0.1685209423303604,0.8403110504150391,0.21683543920516968,-0.07875879108905792,0.6320813298225403,0.5607262849807739,-0.19408565759658813,0.8344937562942505,0.2212453931570053,-0.05581551790237427,0.6347436308860779,0.5518618226051331,-0.16746270656585693,0.7132505774497986,0.5248219966888428,0.06520624458789825,0.6607848405838013,0.5262354612350464,-0.0654739961028099,0.7229266166687012,0.670661985874176,0.08723320066928864,0.6455785036087036,0.6748675107955933,-0.0036413990892469883,0.7232085466384888,0.7983762621879578,0.2473750114440918,0.6375060677528381,0.7954680919647217,0.2128475159406662,0.7136918902397156,0.8168348073959351,0.25833818316459656,0.6346966624259949,0.8059281706809998,0.22879552841186523,0.7571028470993042,0.8490964770317078,0.17390689253807068,0.6460516452789307,0.8513696789741516,0.12255030870437622
51,catch_cap,a04_s10_e02,0.718012273311615,0.2320253849029541,-0.1377745121717453,0.7117079496383667,0.2169254571199417,-0.11890710890293121,0.7109323143959045,0.2168470323085785,-0.11886180937290192,0.7099852561950684,0.21687385439872742,-0.11880598962306976,0.7093302011489868,0.2165711671113968,-0.14925682544708252,0.7071677446365356,0.21619926393032074,-0.14926902949810028,0.7047446966171265,0.2159387171268463,-0.14933206140995026,0.6958351731300354,0.2254229485988617,-0.015547050163149834,0.6887208819389343,0.2230704426765442,-0.1569872796535492,0.715119481086731,0.2482241988182068,-0.09752175211906433,0.7127087712287903,0.24768854677677155,-0.13819199800491333,0.7205733060836792,0.3059776723384857,0.06154896691441536,0.6347205638885498,0.3148171007633209,-0.17200158536434174,0.7784326672554016,0.2951144874095917,0.07164666801691055,0.6164298057556152,0.42370864748954773,-0.18635311722755432,0.8229373693466187,0.2294832020998001,-0.034170713275671005,0.6228258013725281,0.5276132822036743,-0.16465462744235992,0.8407662510871887,0.2176031917333603,-0.05154106765985489,0.6236840486526489,0.5625032186508179,-0.173807755112648,0.8391633033752441,0.21562328934669495,-0.07172174751758575,0.6318100690841675,0.5607206225395203,-0.19901695847511292,0.8336922526359558,0.21992601454257965,-0.04875914752483368,0.6344571113586426,0.5518435835838318,-0.17224916815757751,0.7132475972175598,0.5247896909713745,0.06525680422782898,0.6607840061187744,0.526237428188324,-0.0655214935541153,0.7228988409042358,0.6706268787384033,0.08761613070964813,0.6455808877944946,0.6749052405357361,-0.004212989471852779,0.7232028245925903,0.7983754277229309,0.24813136458396912,0.6374921202659607,0.795538067817688,0.2123839408159256,0.7136921286582947,0.8168254494667053,0.2591422498226166,0.6346995830535889,0.8060358762741089,0.22836391627788544,0.7571041584014893,0.8490931391716003,0.17488905787467957,0.6460062265396118,0.8514425754547119,0.12190009653568268
52,catch_cap,a04_s10_e02,0.7180116176605225,0.23204024136066437,-0.1435115486383438,0.7117153406143188,0.21693439781665802,-0.12403382360935211,0.710940957069397,0.21685606241226196,-0.12398554384708405,0.7099935412406921,0.2168830931186676,-0.12392797321081161,0.7093332409858704,0.2165788859128952,-0.1545644849538803,0.7071695923805237,0.216203510761261,-0.15457262098789215,0.7047451734542847,0.21593664586544037,-0.15462999045848846,0.6958520412445068,0.22543112933635712,-0.017557691782712936,0.6887198686599731,0.22305871546268463,-0.159211203455925,0.7151458263397217,0.24823099374771118,-0.10184387862682343,0.7127290964126587,0.24769513309001923,-0.1426195353269577,0.7206072211265564,0.30597352981567383,0.06126267462968826,0.634718120098114,0.31480711698532104,-0.17214252054691315,0.7787762880325317,0.29523134231567383,0.05593924969434738,0.6163201332092285,0.4237096607685089,-0.1874232441186905,0.8206178545951843,0.2294892519712448,-0.07087621837854385,0.6225885152816772,0.5276116728782654,-0.1661148965358734,0.8383311033248901,0.21687738597393036,-0.09252293407917023,0.6234676837921143,0.562495231628418,-0.17558959126472473,0.8355816006660461,0.21475905179977417,-0.10835671424865723,0.6316133141517639,0.5607162117958069,-0.20064127445220947,0.8303095102310181,0.2192360758781433,-0.0845029428601265,0.6342356204986572,0.5518233180046082,-0.1735319197177887,0.7132441997528076,0.524788498878479,0.06533842533826828,0.6607781052589417,0.5262728929519653,-0.06559891253709793,0.7228882908821106,0.6706224083900452,0.08752378821372986,0.6455919146537781,0.6750996708869934,-0.00317426142282784,0.7231957912445068,0.7983632683753967,0.2487696409225464,0.6374796032905579,0.7955346703529358,0.21906304359436035,0.7136843800544739,0.8168163299560547,0.25979647040367126,0.6347016096115112,0.806034505367279,0.2356450855731964,0.7571078538894653,0.8490890860557556,0.17563506960868835,0.6458346247673035,0.8514243960380554,0.129205122590065
53,catch_cap,a04_s10_e02,0.7180229425430298,0.23204870522022247,-0.14886131882667542,0.7117244601249695,0.21693354845046997,-0.12896353006362915,0.7109493017196655,0.21685460209846497,-0.12891046702861786,0.7100005149841309,0.21687990427017212,-0.12885338068008423,0.7093532681465149,0.21657054126262665,-0.15980997681617737,0.7071987986564636,0.2161882370710373,-0.1598152369260788,0.7047852873802185,0.21591179072856903,-0.1598706841468811,0.6958916187286377,0.22543011605739594,-0.02040272392332554,0.6887589693069458,0.22303630411624908,-0.16348452866077423,0.7151997089385986,0.24823519587516785,-0.10631652176380157,0.7127925753593445,0.24769549071788788,-0.1475384384393692,0.7206076979637146,0.3059931695461273,0.060964129865169525,0.6347261667251587,0.314757764339447,-0.17484717071056366,0.7788800597190857,0.2955484986305237,0.05686908960342407,0.6161812543869019,0.42371052503585815,-0.188833087682724,0.8187726736068726,0.22937807440757751,-0.05173692852258682,0.6223981380462646,0.5276095867156982,-0.17090961337089539,0.8360989689826965,0.21564240753650665,-0.07069212198257446,0.6233140826225281,0.5624874830245972,-0.18075497448444366,0.8326402902603149,0.21328575909137726,-0.09304849058389664,0.6315065622329712,0.5607119798660278,-0.20550844073295593,0.827692985534668,0.2180468589067459,-0.06703723967075348,0.6341076493263245,0.5518099665641785,-0.1783200055360794,0.7131795883178711,0.5247744917869568,0.0655445009469986,0.6607531905174255,0.5262806415557861,-0.06580401957035065,0.7228556871414185,0.6705149412155151,0.09009594470262527,0.6455892324447632,0.6751214861869812,0.0003978214808739722,0.7231926321983337,0.798321008682251,0.25003185868263245,0.6374777555465698,0.7955355048179626,0.22342833876609802,0.7136828303337097,0.8167852163314819,0.26109760999679565,0.6347110271453857,0.806036651134491,0.2402321994304657,0.7571403384208679,0.8490650057792664,0.17811469733715057,0.6458315849304199,0.8514241576194763,0.13529904186725616
54,catch_cap,a04_s10_e02,0.7180231213569641,0.23205405473709106,-0.14856292307376862,0.7117284536361694,0.21691925823688507,-0.128769651055336,0.710951566696167,0.21683865785598755,-0.12871596217155457,0.7100023627281189,0.21685989201068878,-0.1286596804857254,0.7093722820281982,0.21653982996940613,-0.15973888337612152,0.7072277665138245,0.21614167094230652,-0.15974201261997223,0.7048250436782837,0.21584275364875793,-0.15979811549186707,0.6959143877029419,0.22541020810604095,-0.020518649369478226,0.6887780427932739,0.22293782234191895,-0.1646563708782196,0.7152010798454285,0.24823951721191406,-0.10618574917316437,0.7127980589866638,0.24769708514213562,-0.1475887894630432,0.7203541398048401,0.30604225397109985,0.06217581033706665,0.6347277164459229,0.3147149384021759,-0.17659308016300201,0.7787428498268127,0.29923900961875916,0.07004515826702118,0.6160866022109985,0.4237120747566223,-0.19220878183841705,0.8154733777046204,0.22939728200435638,-0.0284437146037817,0.6221968531608582,0.5276090502738953,-0.17348173260688782,0.8319985270500183,0.21484939754009247,-0.04495088383555412,0.6231602430343628,0.562481701374054,-0.18313488364219666,0.828408420085907,0.21238847076892853,-0.058278270065784454,0.6314103603363037,0.5607128739356995,-0.2059376984834671,0.8233343362808228,0.21730950474739075,-0.04022291302680969,0.6339824795722961,0.5518014430999756,-0.17976641654968262,0.7131490111351013,0.5247567296028137,0.06586291640996933,0.6607540845870972,0.5262835025787354,-0.0661236122250557,0.7228510975837708,0.6704518795013428,0.09117291867733002,0.6455900073051453,0.6751530766487122,0.002191392006352544,0.723188579082489,0.7982812523841858,0.25000351667404175,0.6374770998954773,0.7955392003059387,0.2235470712184906,0.7136808037757874,0.8167585730552673,0.26101329922676086,0.6347332000732422,0.8060385584831238,0.24026739597320557,0.7571637630462646,0.8490400910377502,0.17825889587402344,0.6458120942115784,0.8514919877052307,0.13635559380054474
55,catch_cap,a04_s10_e02,0.7180219888687134,0.23203882575035095,-0.15203310549259186,0.7117288112640381,0.21683534979820251,-0.13190825283527374,0.7109513282775879,0.21675245463848114,-0.1318548172712326,0.7100008726119995,0.21676644682884216,-0.13179911673069,0.709377646446228,0.21643199026584625,-0.1630389392375946,0.7072387933731079,0.2160215973854065,-0.1630399376153946,0.7048414349555969,0.21570873260498047,-0.16309994459152222,0.6959376931190491,0.2253486067056656,-0.022058086469769478,0.6887840032577515,0.22283011674880981,-0.16655831038951874,0.7152026891708374,0.24820004403591156,-0.10894455760717392,0.7128027677536011,0.24764609336853027,-0.15052524209022522,0.7201585173606873,0.30608847737312317,0.06207747012376785,0.6347545385360718,0.31459227204322815,-0.17704537510871887,0.7784538269042969,0.3024202883243561,0.06863118708133698,0.6160216331481934,0.42370712757110596,-0.19261059165000916,0.8122947812080383,0.22935110330581665,-0.04103047400712967,0.6219860315322876,0.5276105999946594,-0.17414787411689758,0.8285600543022156,0.2134336531162262,-0.06001654267311096,0.622963547706604,0.562483549118042,-0.1843266636133194,0.8248931169509888,0.21073374152183533,-0.0716666430234909,0.6312623023986816,0.5607258677482605,-0.20641794800758362,0.8199683427810669,0.21588636934757233,-0.052571576088666916,0.6338031888008118,0.5517923831939697,-0.17991213500499725,0.7131319642066956,0.5247147679328918,0.06601762771606445,0.6607491374015808,0.526261031627655,-0.066275954246521,0.7228478193283081,0.6703612208366394,0.08844533562660217,0.6455937623977661,0.6751436591148376,0.003285188227891922,0.7231881022453308,0.79827880859375,0.2453504353761673,0.6374789476394653,0.7955254912376404,0.22685229778289795,0.7136840224266052,0.8167577385902405,0.2560981810092926,0.6347488760948181,0.8060269951820374,0.24364349246025085,0.7571731209754944,0.849046528339386,0.17115885019302368,0.6458097696304321,0.8514872789382935,0.13854673504829407
56,catch_cap,a04_s10_e02,0.7180219292640686,0.23183637857437134,-0.15658995509147644,0.711729884147644,0.21648119390010834,-0.1366339474916458,0.7109565734863281,0.2163802981376648,-0.1365789920091629,0.7100146412849426,0.21637146174907684,-0.13651764392852783,0.7093787789344788,0.21609005331993103,-0.16711953282356262,0.7072435617446899,0.2156863957643509,-0.16711488366127014,0.7048530578613281,0.21538151800632477,-0.16717535257339478,0.6961961388587952,0.22509746253490448,-0.025861239060759544,0.6888490319252014,0.2226286679506302,-0.16750648617744446,0.715244472026825,0.24794508516788483,-0.11317484080791473,0.7128217220306396,0.2473907619714737,-0.1538476049900055,0.7201588749885559,0.306145042181015,0.05951490253210068,0.6348695158958435,0.31442102789878845,-0.17715781927108765,0.7770698666572571,0.31007811427116394,0.027979090809822083,0.6159890294075012,0.42370280623435974,-0.19348132610321045,0.8064578771591187,0.23195196688175201,-0.13002416491508484,0.6216718554496765,0.5275593996047974,-0.1751398891210556,0.822668194770813,0.2136131078004837,-0.1568414717912674,0.6226730942726135,0.5624698996543884,-0.18549178540706635,0.8199210166931152,0.2108507752418518,-0.16703012585639954,0.6309651136398315,0.5607268214225769,-0.2065359652042389,0.8140271306037903,0.21608783304691315,-0.14211520552635193,0.6334688663482666,0.5517849326133728,-0.18008512258529663,0.7131201028823853,0.5245804190635681,0.06601353734731674,0.66071617603302,0.5261278748512268,-0.06627179682254791,0.7228445410728455,0.6701206564903259,0.08855782449245453,0.6456035375595093,0.6751106977462769,0.0039591542445123196,0.7231787443161011,0.7982752323150635,0.2460523098707199,0.6374784708023071,0.7955119013786316,0.22748735547065735,0.7136799097061157,0.8167558908462524,0.2569081485271454,0.6347711086273193,0.8059870004653931,0.24419724941253662,0.7571712732315063,0.8490437269210815,0.1721939891576767,0.6457727551460266,0.8514874577522278,0.1385117769241333
57,catch_cap,a04_s10_e02,0.7180643677711487,0.231564000248909,-0.1572708636522293,0.7117644548416138,0.21621038019657135,-0.13728854060173035,0.71100252866745,0.21609967947006226,-0.1372329741716385,0.710071861743927,0.21608057618141174,-0.13717293739318848,0.7094355225563049,0.2158333659172058,-0.16835036873817444,0.7073227167129517,0.21543829143047333,-0.16834744811058044,0.7049515247344971,0.2151462435722351,-0.16841189563274384,0.6965283751487732,0.22489944100379944,-0.02623053267598152,0.6889978051185608,0.2224786877632141,-0.16999834775924683,0.7153614163398743,0.2476213574409485,-0.11359882354736328,0.7129511833190918,0.2470283955335617,-0.1549988090991974,0.7200088500976562,0.3063977062702179,0.06064999848604202,0.635072648525238,0.3142925798892975,-0.17912545800209045,0.7752445936203003,0.3142174780368805,0.04329335317015648,0.6159828901290894,0.4236966371536255,-0.19532257318496704,0.8027735948562622,0.23401935398578644,-0.09082014113664627,0.6213951706886292,0.5275580286979675,-0.17624762654304504,0.8177695274353027,0.21396689116954803,-0.11302030086517334,0.6223469972610474,0.5624628663063049,-0.18664158880710602,0.8150380253791809,0.21100373566150665,-0.12394747883081436,0.6306652426719666,0.5607290267944336,-0.20880024135112762,0.8093754649162292,0.21618345379829407,-0.1025318056344986,0.6331673860549927,0.551777184009552,-0.18196187913417816,0.7131163477897644,0.5243393778800964,0.06636526435613632,0.660709798336029,0.5259121060371399,-0.06661959737539291,0.7228394746780396,0.6699956655502319,0.08856018632650375,0.6456162333488464,0.6750988364219666,0.003818897996097803,0.723176121711731,0.7982590198516846,0.2463947981595993,0.6374783515930176,0.7954925894737244,0.2270737886428833,0.7136781811714172,0.8167432546615601,0.25728803873062134,0.6347806453704834,0.8059409260749817,0.24370653927326202,0.7571669816970825,0.8490411639213562,0.1727643460035324,0.645778238773346,0.8514746427536011,0.13792893290519714
58,catch_cap,a04_s10_e02,0.7182675004005432,0.23117735981941223,-0.1563338339328766,0.7118887305259705,0.215925395488739,-0.13651332259178162,0.7111314535140991,0.21581409871578217,-0.13645735383033752,0.7102024555206299,0.21579241752624512,-0.1363992989063263,0.709642767906189,0.21556615829467773,-0.16791334748268127,0.7075749635696411,0.21517746150493622,-0.16790710389614105,0.7052356004714966,0.21488681435585022,-0.1679730862379074,0.6968492269515991,0.22469250857830048,-0.026288453489542007,0.6892338991165161,0.22229431569576263,-0.17240716516971588,0.7156492471694946,0.24725189805030823,-0.112971231341362,0.7133413553237915,0.24661089479923248,-0.15481045842170715,0.7197754979133606,0.3067915141582489,0.061963148415088654,0.6351569890975952,0.31414321064949036,-0.18455816805362701,0.7722657918930054,0.31992754340171814,0.049242448061704636,0.6159759163856506,0.4237009882926941,-0.21109294891357422,0.7999770045280457,0.2398243397474289,-0.07525516301393509,0.6212073564529419,0.5276690721511841,-0.19840209186077118,0.813665509223938,0.21770860254764557,-0.09558665007352829,0.6220663189888,0.5624592304229736,-0.20937466621398926,0.8103534579277039,0.21274486184120178,-0.10793884843587875,0.6304177641868591,0.5607496500015259,-0.23116640746593475,0.8049941062927246,0.2190229743719101,-0.08688775449991226,0.6329388618469238,0.5517961382865906,-0.20417675375938416,0.7131121158599854,0.524241030216217,0.06701602041721344,0.660718560218811,0.5257452130317688,-0.06726770102977753,0.7228296399116516,0.6699903607368469,0.09247581660747528,0.6456364989280701,0.6751066446304321,0.004679203499108553,0.7231529951095581,0.7982569932937622,0.2521224617958069,0.6374833583831787,0.7954952120780945,0.22703464329242706,0.7136629223823547,0.8167411684989929,0.26327651739120483,0.6348068714141846,0.8059406876564026,0.243754580616951,0.7571673393249512,0.8490431904792786,0.1810738891363144,0.6457764506340027,0.8514960408210754,0.13954411447048187
59,catch_cap,a04_s10_e02,0.718384325504303,0.2311563491821289,-0.16949906945228577,0.7119995355606079,0.21592658758163452,-0.1490381360054016,0.7112375497817993,0.21581336855888367,-0.1489819437265396,0.7103074789047241,0.21578793227672577,-0.14893707633018494,0.7098367214202881,0.2155725657939911,-0.1811313033103943,0.7077735662460327,0.2151828557252884,-0.18111130595207214,0.7054148316383362,0.21489103138446808,-0.18117642402648926,0.6969919204711914,0.22467109560966492,-0.03410666435956955,0.6892904043197632,0.2222931981086731,-0.18300016224384308,0.7156925797462463,0.24722696840763092,-0.12410781532526016,0.7134397625923157,0.24657799303531647,-0.16703933477401733,0.719475507736206,0.30700698494911194,0.06197796016931534,0.6353045105934143,0.3140040636062622,-0.1894291490316391,0.7705236673355103,0.324796587228775,0.06354540586471558,0.6159760355949402,0.4236918091773987,-0.21721374988555908,0.7924405336380005,0.24352186918258667,-0.04525859281420708,0.6210482716560364,0.5277649760246277,-0.21521177887916565,0.8062403798103333,0.22024041414260864,-0.0624341182410717,0.6218308210372925,0.5624496936798096,-0.22771170735359192,0.8023918867111206,0.2146618515253067,-0.06671584397554398,0.6301845908164978,0.5607486367225647,-0.2500706613063812,0.7967096567153931,0.2217359095811844,-0.05294102430343628,0.6327094435691833,0.5517919063568115,-0.22138753533363342,0.7131092548370361,0.5240563154220581,0.06788923591375351,0.6607233285903931,0.5255240201950073,-0.06812696158885956,0.7228187918663025,0.6699398159980774,0.09527388215065002,0.6456855535507202,0.6750762462615967,0.0062338924035429955,0.7231453061103821,0.7982499599456787,0.25651031732559204,0.63748699426651,0.7954750657081604,0.22962534427642822,0.7136577367782593,0.8167315125465393,0.2678361237049103,0.634814977645874,0.8059076070785522,0.24651873111724854,0.7571660280227661,0.8490413427352905,0.18621304631233215,0.6457794308662415,0.8514357209205627,0.1428416520357132
60,catch_cap,a04_s10_e02,0.7184539437294006,0.23127801716327667,-0.17587494850158691,0.7121976613998413,0.21617990732192993,-0.15532688796520233,0.7114509344100952,0.21603651344776154,-0.15527543425559998,0.7105412483215332,0.21598130464553833,-0.15523403882980347,0.7100651264190674,0.21585017442703247,-0.18788528442382812,0.7079744935035706,0.21542154252529144,-0.18786390125751495,0.7055667638778687,0.21508361399173737,-0.1879313588142395,0.697158932685852,0.22470761835575104,-0.03817709535360336,0.6893098950386047,0.22235168516635895,-0.1889529526233673,0.7156943678855896,0.2473982274532318,-0.12949267029762268,0.713441789150238,0.24669310450553894,-0.17302820086479187,0.7191588878631592,0.30725544691085815,0.06195833534002304,0.6353033185005188,0.3140178620815277,-0.19062815606594086,0.7682217359542847,0.326031357049942,0.06272593140602112,0.6159778237342834,0.4236968755722046,-0.21532508730888367,0.7858062386512756,0.2455359548330307,-0.056774407625198364,0.620949387550354,0.5278778672218323,-0.2118113934993744,0.8004460334777832,0.2231147140264511,-0.07655497640371323,0.6215897798538208,0.5624316334724426,-0.22408178448677063,0.7962223291397095,0.2172432690858841,-0.07552269101142883,0.629991352558136,0.5607061386108398,-0.24734938144683838,0.7897459268569946,0.22502759099006653,-0.06319873034954071,0.6325656175613403,0.551771342754364,-0.21821537613868713,0.7131059169769287,0.5237815976142883,0.06814492493867874,0.6607290506362915,0.5252395868301392,-0.06837411969900131,0.7228147983551025,0.6699317097663879,0.09528438746929169,0.6458404064178467,0.6750751733779907,0.006671007722616196,0.7231382131576538,0.7982589602470398,0.25938719511032104,0.6374945640563965,0.7955055832862854,0.23179051280021667,0.7136558294296265,0.8167354464530945,0.27091550827026367,0.6348370313644409,0.8059247732162476,0.2486967146396637,0.7571659088134766,0.8490439057350159,0.18734541535377502,0.6457782983779907,0.8514353036880493,0.14327937364578247
61,catch_cap,a04_s10_e02,0.7184816598892212,0.23172983527183533,-0.18135789036750793,0.7122920751571655,0.21669790148735046,-0.16048023104667664,0.7115504145622253,0.21653245389461517,-0.160434752702713,0.7106443643569946,0.2164502888917923,-0.16039405763149261,0.7101560235023499,0.21634340286254883,-0.1928522139787674,0.7080443501472473,0.2158539742231369,-0.1928308606147766,0.7056077718734741,0.21544694900512695,-0.19289325177669525,0.6971797943115234,0.22495704889297485,-0.040733881294727325,0.6893077492713928,0.22258226573467255,-0.19080880284309387,0.7156943678855896,0.24785396456718445,-0.13401536643505096,0.7134328484535217,0.24711818993091583,-0.17733719944953918,0.7187174558639526,0.30743566155433655,0.06102902814745903,0.6352139711380005,0.31419405341148376,-0.18933044373989105,0.765785276889801,0.32957860827445984,0.04605218023061752,0.6159886121749878,0.4237542450428009,-0.21385447680950165,0.7837100028991699,0.2505660653114319,-0.10159657895565033,0.6208575963973999,0.5279849767684937,-0.20783717930316925,0.798366129398346,0.22749663889408112,-0.12720699608325958,0.6213793158531189,0.562385618686676,-0.22028031945228577,0.7941248416900635,0.22180557250976562,-0.1293874979019165,0.6298149824142456,0.5606005191802979,-0.2442135363817215,0.7880911827087402,0.23041501641273499,-0.10975370556116104,0.63241046667099,0.5517138838768005,-0.2144414633512497,0.7131124138832092,0.5233767032623291,0.06812472641468048,0.660724937915802,0.5248962044715881,-0.06835652142763138,0.7228138446807861,0.6699012517929077,0.09508344531059265,0.6459984183311462,0.6748788356781006,0.006937415339052677,0.723135232925415,0.7982580661773682,0.2588261067867279,0.6375170946121216,0.7955475449562073,0.2316702902317047,0.713654637336731,0.8167334794998169,0.2702348828315735,0.6349040269851685,0.805964469909668,0.24837878346443176,0.7571662068367004,0.8490301966667175,0.1865474134683609,0.6457789540290833,0.8514271974563599,0.1424356997013092
62,catch_cap,a04_s10_e02,0.7185395956039429,0.23259446024894714,-0.17533327639102936,0.7125385999679565,0.21747426688671112,-0.15484721958637238,0.7117668390274048,0.2172681838274002,-0.1547989547252655,0.7108057737350464,0.21713000535964966,-0.15475378930568695,0.7104755640029907,0.21706075966358185,-0.18713539838790894,0.7083927392959595,0.21646378934383392,-0.1871170550584793,0.7059389352798462,0.21591003239154816,-0.18718057870864868,0.6971647143363953,0.22517305612564087,-0.03877561539411545,0.6893855929374695,0.22262556850910187,-0.1903962790966034,0.7156744003295898,0.2485048621892929,-0.12961068749427795,0.7134300470352173,0.24764162302017212,-0.17253701388835907,0.7173839807510376,0.3081846237182617,0.06633201241493225,0.635133683681488,0.3142443895339966,-0.19220270216464996,0.7610088586807251,0.33696115016937256,0.08392185717821121,0.6159960031509399,0.42376548051834106,-0.21923454105854034,0.7827197313308716,0.26054877042770386,-0.020965563133358955,0.6207817792892456,0.5280512571334839,-0.2188960611820221,0.797588586807251,0.23933392763137817,-0.037377599626779556,0.6212321519851685,0.5623534917831421,-0.23221740126609802,0.7942949533462524,0.23293428122997284,-0.044190913438797,0.6296663880348206,0.5605257153511047,-0.25562387704849243,0.7881311178207397,0.24135459959506989,-0.029796728864312172,0.6322697997093201,0.5516709685325623,-0.22532454133033752,0.7131580114364624,0.5233563184738159,0.06898666173219681,0.660757303237915,0.5248209834098816,-0.0692003071308136,0.7228111028671265,0.6699241399765015,0.09213779866695404,0.6460800170898438,0.6748645901679993,0.004996733274310827,0.7231355309486389,0.798385500907898,0.25219136476516724,0.6375218629837036,0.7955007553100586,0.23066362738609314,0.7136610746383667,0.8168095946311951,0.262999951839447,0.6349176168441772,0.8058974742889404,0.24746815860271454,0.7573796510696411,0.8491610884666443,0.17820604145526886,0.6457690596580505,0.8512160181999207,0.14155033230781555
63,catch_cap,a04_s10_e02,0.7185407876968384,0.2331213653087616,-0.15621301531791687,0.7125551104545593,0.217912957072258,-0.1369049847126007,0.711778998374939,0.21769499778747559,-0.13685594499111176,0.7108091115951538,0.21753725409507751,-0.13682763278484344,0.7104955911636353,0.21741770207881927,-0.17029599845409393,0.7084116339683533,0.21674484014511108,-0.17026486992835999,0.7059481143951416,0.21610289812088013,-0.17032203078269958,0.697048008441925,0.22526630759239197,-0.025435224175453186,0.689346432685852,0.22262606024742126,-0.18201139569282532,0.7156392335891724,0.24884119629859924,-0.11183279752731323,0.7134054899215698,0.24787311255931854,-0.1566617786884308,0.7165621519088745,0.3086332678794861,0.07308752089738846,0.6347678303718567,0.3142445981502533,-0.18311801552772522,0.7577337026596069,0.34491243958473206,0.09581358730792999,0.6159960031509399,0.4237939119338989,-0.2059953659772873,0.7819845080375671,0.2695532441139221,0.0037840879522264004,0.6206799745559692,0.5283268094062805,-0.20488445460796356,0.7973247766494751,0.24994996190071106,-0.011451278813183308,0.6211645007133484,0.5623545050621033,-0.21641068160533905,0.794873833656311,0.2440427988767624,-0.01788746379315853,0.6296240091323853,0.5605281591415405,-0.24221575260162354,0.7884091734886169,0.25070464611053467,-0.004500049632042646,0.6322005987167358,0.5516836047172546,-0.2121223509311676,0.7131950259208679,0.523273766040802,0.06877078115940094,0.6607572436332703,0.5247419476509094,-0.06897643953561783,0.7228128910064697,0.6699360013008118,0.08346359431743622,0.646098256111145,0.6748014092445374,0.0011157828848809004,0.7231499552726746,0.7984700798988342,0.2320781946182251,0.6375530958175659,0.7953947186470032,0.21290619671344757,0.7136977910995483,0.8168253302574158,0.2421497106552124,0.6350528001785278,0.8056908845901489,0.22859887778759003,0.7577082514762878,0.849358320236206,0.16096283495426178,0.6457685232162476,0.8507528901100159,0.12640517950057983
64,catch_cap,a04_s10_e02,0.71853107213974,0.23345158994197845,-0.14328481256961823,0.7126092314720154,0.21841874718666077,-0.12485526502132416,0.7118502259254456,0.21819064021110535,-0.12480728328227997,0.7108782529830933,0.21801774203777313,-0.12478502839803696,0.7105273604393005,0.2179398536682129,-0.15843123197555542,0.708446741104126,0.21725298464298248,-0.15839609503746033,0.7059640288352966,0.21654997766017914,-0.15844576060771942,0.6969829797744751,0.2253430187702179,-0.018061302602291107,0.6892858147621155,0.22263358533382416,-0.17558327317237854,0.7156214714050293,0.24903739988803864,-0.10059762001037598,0.7133918404579163,0.24805696308612823,-0.14579357206821442,0.716032087802887,0.30900728702545166,0.07579898834228516,0.6343583464622498,0.3142462968826294,-0.17829610407352448,0.7545706033706665,0.3533814251422882,0.10335548967123032,0.6159945130348206,0.4238998293876648,-0.19965843856334686,0.7826051115989685,0.28398677706718445,0.018097519874572754,0.6205257177352905,0.5289241075515747,-0.19669440388679504,0.7971664667129517,0.2659390866756439,0.003969202749431133,0.6210895776748657,0.5625152587890625,-0.20788714289665222,0.7946056127548218,0.2601998448371887,-0.0028731555212289095,0.6295834183692932,0.5606593489646912,-0.23354792594909668,0.7882370948791504,0.2660659849643707,0.009907194413244724,0.6321209669113159,0.5518274903297424,-0.20403149724006653,0.7133625745773315,0.5232270359992981,0.06793572008609772,0.660885214805603,0.5247190594673157,-0.06812303513288498,0.7228121757507324,0.6699424982070923,0.0808706283569336,0.6460726261138916,0.6751121878623962,0.0010787509381771088,0.7231594920158386,0.7986584901809692,0.22733192145824432,0.6375597715377808,0.7955125570297241,0.20890498161315918,0.7137454748153687,0.8169143795967102,0.23745092749595642,0.6351300477981567,0.8056948781013489,0.22429755330085754,0.7581037878990173,0.8497026562690735,0.15818145871162415,0.6457653045654297,0.8507681488990784,0.12357588857412338
65,catch_cap,a04_s10_e02,0.7185506224632263,0.2334551364183426,-0.13707168400287628,0.7126907110214233,0.21862919628620148,-0.11926732957363129,0.7119466066360474,0.21840400993824005,-0.11922837793827057,0.7109675407409668,0.21821676194667816,-0.11920412629842758,0.7105981707572937,0.21819815039634705,-0.15309682488441467,0.7085236310958862,0.2175556868314743,-0.15306778252124786,0.7060203552246094,0.21685902774333954,-0.15310819447040558,0.6967390179634094,0.225344717502594,-0.015307684428989887,0.6891845464706421,0.22265034914016724,-0.17319132387638092,0.7156333923339844,0.24905642867088318,-0.09544078260660172,0.713392972946167,0.24808864295482635,-0.14085792005062103,0.7156272530555725,0.3094080984592438,0.07569396495819092,0.6337066888809204,0.31438687443733215,-0.17656360566616058,0.7482186555862427,0.36187902092933655,0.09752131998538971,0.6159738898277283,0.42433813214302063,-0.19449293613433838,0.7837854623794556,0.30000704526901245,-0.0039896415546536446,0.6204052567481995,0.5296041369438171,-0.1856793910264969,0.7972487807273865,0.2845621407032013,-0.020028645172715187,0.6210851073265076,0.5627858638763428,-0.19657626748085022,0.7947748899459839,0.2783810496330261,-0.02929319068789482,0.6295727491378784,0.5609146356582642,-0.22181305289268494,0.788724422454834,0.2845911681652069,-0.013649320229887962,0.632053017616272,0.5520886778831482,-0.1927868127822876,0.7133827209472656,0.5233194231987,0.06734757125377655,0.6608607769012451,0.5248205065727234,-0.06753713637590408,0.7228357195854187,0.670242190361023,0.08225084096193314,0.6459470391273499,0.6756336092948914,0.001115586026571691,0.7232003211975098,0.7986745834350586,0.23298566043376923,0.6375733613967896,0.7955194711685181,0.212022066116333,0.7139313817024231,0.816910445690155,0.24504661560058594,0.6353002190589905,0.8056527376174927,0.2277790755033493,0.7582475543022156,0.8500071167945862,0.16664694249629974,0.6457158923149109,0.8507855534553528,0.12565158307552338
66,catch_cap,a04_s10_e02,0.7184387445449829,0.23355142772197723,-0.12929804623126984,0.712693452835083,0.21928630769252777,-0.11172940582036972,0.711951494216919,0.21911200881004333,-0.11168931424617767,0.7109856605529785,0.21895532310009003,-0.11166063696146011,0.7105914950370789,0.21891552209854126,-0.14538750052452087,0.7085186243057251,0.21838924288749695,-0.14536172151565552,0.7059973478317261,0.21776913106441498,-0.14539387822151184,0.696499764919281,0.22569485008716583,-0.00976765900850296,0.6889027953147888,0.2230508178472519,-0.1667928397655487,0.7155663371086121,0.24917316436767578,-0.08840201795101166,0.7132710218429565,0.24825213849544525,-0.13358068466186523,0.7150070071220398,0.3103995621204376,0.07846902310848236,0.6328889727592468,0.3149145841598511,-0.17415273189544678,0.7457360625267029,0.3664495646953583,0.10195942223072052,0.615898072719574,0.42450612783432007,-0.19444090127944946,0.7852689623832703,0.30580729246139526,-0.0023414376191794872,0.6202471256256104,0.5297612547874451,-0.1870471090078354,0.7997193932533264,0.294453889131546,-0.01838870160281658,0.6209806799888611,0.562785804271698,-0.19851069152355194,0.798061728477478,0.28704020380973816,-0.030763814225792885,0.6294485926628113,0.5609198212623596,-0.22330661118030548,0.792352020740509,0.2915826141834259,-0.013522719033062458,0.6318148374557495,0.5521156787872314,-0.19410665333271027,0.7133840322494507,0.5235511064529419,0.06651654839515686,0.6608405113220215,0.5252384543418884,-0.0667073130607605,0.7228599786758423,0.670656144618988,0.08295683562755585,0.6459196209907532,0.6763902902603149,0.0015406979946419597,0.7232714891433716,0.7986734509468079,0.23519007861614227,0.637621283531189,0.7955034375190735,0.21371543407440186,0.7141573429107666,0.8168855905532837,0.2465832233428955,0.6355067491531372,0.8053548336029053,0.22965511679649353,0.7583557367324829,0.8501800894737244,0.1676589399576187,0.6456500887870789,0.8509422540664673,0.1268114149570465
67,catch_cap,a04_s10_e02,0.7182726860046387,0.23362919688224792,-0.12188128381967545,0.7126850485801697,0.21970361471176147,-0.10501895099878311,0.7119537591934204,0.21953840553760529,-0.1049938052892685,0.710990309715271,0.21936216950416565,-0.10497178137302399,0.7105608582496643,0.21939657628536224,-0.1377537101507187,0.7084823846817017,0.21893121302127838,-0.1377333700656891,0.705924391746521,0.2183431088924408,-0.13776275515556335,0.6961730122566223,0.22583086788654327,-0.005483752582222223,0.6883400678634644,0.2232378125190735,-0.15813317894935608,0.7154104113578796,0.24923135340213776,-0.08188766241073608,0.7130040526390076,0.2483340948820114,-0.12585866451263428,0.7148915529251099,0.31124934554100037,0.07689353823661804,0.631700336933136,0.315225213766098,-0.16002294421195984,0.7462397813796997,0.3686904013156891,0.09613141417503357,0.615786075592041,0.42451712489128113,-0.1665528416633606,0.7877981066703796,0.3219817876815796,-0.02600620687007904,0.6201151609420776,0.5297333598136902,-0.15340930223464966,0.8035231828689575,0.3115358054637909,-0.04658403992652893,0.6206943392753601,0.5627233982086182,-0.16438372433185577,0.8016180992126465,0.3036659061908722,-0.06499442458152771,0.6290271282196045,0.5609027743339539,-0.19101333618164062,0.7956196069717407,0.3080061376094818,-0.04028810188174248,0.6314337849617004,0.5521196126937866,-0.16146528720855713,0.7134168148040771,0.5235607028007507,0.06304752826690674,0.6607068777084351,0.5252456068992615,-0.06323220580816269,0.7228826880455017,0.6707634329795837,0.0781775563955307,0.6458988189697266,0.6766189336776733,0.001315757050178945,0.7235215902328491,0.7986556887626648,0.23629407584667206,0.6377178430557251,0.7954652905464172,0.21415241062641144,0.714666485786438,0.8168052434921265,0.24773943424224854,0.6358546018600464,0.8049442768096924,0.23010031878948212,0.7583842277526855,0.8502058386802673,0.16493935883045197,0.6455470323562622,0.8510515689849854,0.1255265772342682
68,catch_cap,a04_s10_e02,0.7177605628967285,0.23403635621070862,-0.10563474893569946,0.7124298214912415,0.22055719792842865,-0.08999775350093842,0.7117477655410767,0.22039107978343964,-0.08998294919729233,0.7108115553855896,0.2202051430940628,-0.08996934443712234,0.7102345824241638,0.2203824520111084,-0.12083625793457031,0.7081078886985779,0.2200208455324173,-0.12081724405288696,0.7054308652877808,0.21950313448905945,-0.12084269523620605,0.6955706477165222,0.22626060247421265,0.002699436154216528,0.6875423789024353,0.22394749522209167,-0.14131499826908112,0.7150346040725708,0.2493748515844345,-0.06828927993774414,0.7124128341674805,0.2485896199941635,-0.10980327427387238,0.714938759803772,0.31186848878860474,0.0758957639336586,0.6302286386489868,0.31624528765678406,-0.13967639207839966,0.746505081653595,0.3688412606716156,0.08188895136117935,0.6157082915306091,0.4245814085006714,-0.1303596794605255,0.7900768518447876,0.33431732654571533,-0.04949801415205002,0.6198743581771851,0.5296223759651184,-0.09745270758867264,0.8082331418991089,0.3266545236110687,-0.07260946929454803,0.6198848485946655,0.5626552700996399,-0.10383341461420059,0.8059440851211548,0.3190658390522003,-0.09107653796672821,0.6279608607292175,0.5608633160591125,-0.13134993612766266,0.7992430329322815,0.3223479092121124,-0.06348666548728943,0.6304531693458557,0.5521081686019897,-0.10546108335256577,0.7134167551994324,0.523479163646698,0.0570981428027153,0.6602890491485596,0.5252273082733154,-0.05725441128015518,0.7228863835334778,0.6708716154098511,0.06448553502559662,0.6458443999290466,0.6768726706504822,0.00033857414382509887,0.7239034175872803,0.7987340092658997,0.21337294578552246,0.637925922870636,0.7955916523933411,0.20428466796875,0.7153952717781067,0.8168167471885681,0.22391340136528015,0.6362630128860474,0.8049763441085815,0.2191196233034134,0.7583858370780945,0.8503230810165405,0.14006060361862183,0.6455444097518921,0.8515376448631287,0.1171322837471962
69,catch_cap,a04_s10_e02,0.7166109681129456,0.23438747227191925,-0.11583012342453003,0.7117732763290405,0.22116847336292267,-0.09894105046987534,0.7112430334091187,0.2210186868906021,-0.0989309698343277,0.7104425430297852,0.2208496481180191,-0.09891735762357712,0.7093749642372131,0.22103068232536316,-0.1299596130847931,0.7071089148521423,0.2207164466381073,-0.12993451952934265,0.7042223811149597,0.2202099710702896,-0.1299554407596588,0.6951065063476562,0.22674131393432617,-0.0012748250737786293,0.686198353767395,0.2243814617395401,-0.14558714628219604,0.7141513228416443,0.2495945245027542,-0.07666395604610443,0.7112221717834473,0.248945415019989,-0.11837075650691986,0.7149475812911987,0.31192147731781006,0.07436186820268631,0.6289980411529541,0.31829068064689636,-0.1444532424211502,0.7461977005004883,0.36754560470581055,0.10944858938455582,0.615572452545166,0.4253476560115814,-0.14628161489963531,0.79460209608078,0.34271466732025146,0.009739456698298454,0.6194156408309937,0.5296661853790283,-0.13581699132919312,0.813618540763855,0.34625619649887085,-0.010537715628743172,0.6188186407089233,0.5626614093780518,-0.14696721732616425,0.8117783665657043,0.3377109467983246,-0.03915557265281677,0.6266310811042786,0.5608630776405334,-0.17319370806217194,0.8048444986343384,0.33730921149253845,-0.007152554579079151,0.6292054057121277,0.5521305203437805,-0.14413055777549744,0.7132572531700134,0.523464560508728,0.057547472417354584,0.6597406268119812,0.5252665281295776,-0.05769112706184387,0.7229210138320923,0.6708731055259705,0.06433438509702682,0.6455131769180298,0.677036464214325,0.00034069904359057546,0.7241722941398621,0.7987415194511414,0.21703581511974335,0.6380815505981445,0.7957495450973511,0.20650163292884827,0.7159537672996521,0.8167808055877686,0.22753563523292542,0.6366259455680847,0.8051131367683411,0.22185972332954407,0.7584776878356934,0.8504214882850647,0.14056025445461273,0.6454461216926575,0.8519653677940369,0.1195952445268631
70,catch_cap,a04_s10_e02,0.7158652544021606,0.23458561301231384,-0.1197277083992958,0.711455762386322,0.2215782254934311,-0.10208497196435928,0.7110496163368225,0.2214551717042923,-0.10208632797002792,0.7103504538536072,0.22131195664405823,-0.10206522047519684,0.7088481187820435,0.22137662768363953,-0.13217897713184357,0.7065052390098572,0.2210533618927002,-0.1321515440940857,0.7034109234809875,0.22052615880966187,-0.13216567039489746,0.6950251460075378,0.2270389199256897,-0.0013260564301162958,0.6851792931556702,0.22446605563163757,-0.13974393904209137,0.7134712934494019,0.2497439682483673,-0.07977935671806335,0.7102898359298706,0.24915757775306702,-0.12012974917888641,0.714959979057312,0.3119022250175476,0.06841371953487396,0.6278473734855652,0.3195543885231018,-0.13568715751171112,0.7473313212394714,0.3675425350666046,0.06424666196107864,0.6152249574661255,0.4262588322162628,-0.14268550276756287,0.8002565503120422,0.3510586619377136,-0.11631462723016739,0.6183053851127625,0.5297914147377014,-0.14766032993793488,0.8187255859375,0.3630000054836273,-0.15199732780456543,0.6173659563064575,0.562731146812439,-0.15539053082466125,0.8161525726318359,0.35496699810028076,-0.18094709515571594,0.6249346733093262,0.5609461069107056,-0.19175152480602264,0.8092402219772339,0.3514637053012848,-0.13580703735351562,0.6274811029434204,0.5522693395614624,-0.1532476395368576,0.7132533192634583,0.5234586596488953,0.05599452927708626,0.6595516800880432,0.5253625512123108,-0.05610954761505127,0.7229717373847961,0.670857310295105,0.05569754168391228,0.6452034711837769,0.6772115230560303,-0.0012878186535090208,0.7244356274604797,0.7986018657684326,0.2059231698513031,0.6381899118423462,0.7957625985145569,0.2053414136171341,0.7163481712341309,0.8163376450538635,0.2154989242553711,0.6371166110038757,0.8051725029945374,0.22013917565345764,0.7584252953529358,0.8504501581192017,0.1226680725812912,0.6452893614768982,0.8520381450653076,0.1130855455994606
71,catch_cap,a04_s10_e02,0.7149226665496826,0.23475724458694458,-0.12291257083415985,0.7110840082168579,0.22179608047008514,-0.10511746257543564,0.7108630537986755,0.2216976135969162,-0.10511261224746704,0.7103040218353271,0.221584752202034,-0.10508972406387329,0.707996666431427,0.22153133153915405,-0.13450367748737335,0.7053664326667786,0.22119738161563873,-0.13447736203670502,0.7019240856170654,0.220640167593956,-0.13448970019817352,0.6950477957725525,0.22741450369358063,-0.002253748709335923,0.6836274862289429,0.2244686335325241,-0.13011638820171356,0.7127283215522766,0.24990440905094147,-0.08250848948955536,0.7091823816299438,0.2493389993906021,-0.12154994159936905,0.7152438759803772,0.31188252568244934,0.06256625801324844,0.6275692582130432,0.3195897340774536,-0.1191154271364212,0.7493552565574646,0.3668346107006073,0.038007669150829315,0.6149742007255554,0.4264432191848755,-0.11980531364679337,0.8065694570541382,0.36730295419692993,-0.17562931776046753,0.616865336894989,0.5297470688819885,-0.14526796340942383,0.8219367265701294,0.38368022441864014,-0.21859511733055115,0.6152089834213257,0.5626907348632812,-0.16220881044864655,0.8184347152709961,0.3760749101638794,-0.24879427254199982,0.6225972175598145,0.5609413981437683,-0.19484588503837585,0.8123272657394409,0.37115535140037537,-0.19617319107055664,0.62522953748703,0.5522850155830383,-0.15586696565151215,0.7130774259567261,0.5234783887863159,0.05305915325880051,0.6592392325401306,0.5253818035125732,-0.053157202899456024,0.7229017019271851,0.670857310295105,0.043365560472011566,0.6449881792068481,0.6772302389144897,-0.010359497740864754,0.724626898765564,0.7984071969985962,0.1925099939107895,0.6381939649581909,0.7953802347183228,0.18749836087226868,0.7165757417678833,0.8159712553024292,0.20144346356391907,0.63724684715271,0.8047163486480713,0.20070624351501465,0.7581782341003418,0.8503990769386292,0.10327397286891937,0.6449599862098694,0.8518467545509338,0.08937496691942215
72,catch_cap,a04_s10_e02,0.7146117091178894,0.23497061431407928,-0.12459240108728409,0.7109650373458862,0.2219890058040619,-0.10665147006511688,0.7108100056648254,0.22189687192440033,-0.10665030777454376,0.710299015045166,0.22179993987083435,-0.10662875324487686,0.7076908349990845,0.22172147035598755,-0.13473738729953766,0.705001950263977,0.22138863801956177,-0.13470757007598877,0.7014342546463013,0.22082500159740448,-0.13470350205898285,0.6950522065162659,0.2277565747499466,-0.0018752070609480143,0.6828919649124146,0.22452332079410553,-0.12220904976129532,0.7123723030090332,0.25013604760169983,-0.08397386223077774,0.7086704969406128,0.24958163499832153,-0.1211901307106018,0.7161511778831482,0.31200075149536133,0.0582701750099659,0.6273666620254517,0.31953758001327515,-0.10744553804397583,0.7538703680038452,0.3667508661746979,0.03130291402339935,0.6148155927658081,0.4264306426048279,-0.10803327709436417,0.8123357892036438,0.3825923502445221,-0.18232984840869904,0.6150674819946289,0.5288519263267517,-0.1435929834842682,0.8254569172859192,0.4058510363101959,-0.22724978625774384,0.6125091910362244,0.562103271484375,-0.16493110358715057,0.8215292692184448,0.40150097012519836,-0.2576969265937805,0.619979202747345,0.5605228543281555,-0.19495345652103424,0.8159505724906921,0.3937061131000519,-0.20258302986621857,0.6228448748588562,0.5518799424171448,-0.1564156711101532,0.7130160927772522,0.5237893462181091,0.04879250004887581,0.6587826013565063,0.5255871415138245,-0.04886673763394356,0.7228924632072449,0.6710141897201538,0.036952368915081024,0.6449050307273865,0.6772186756134033,-0.01588199846446514,0.7247887849807739,0.7981340885162354,0.19685553014278412,0.638175368309021,0.7949773073196411,0.18026703596115112,0.716820478439331,0.8154889941215515,0.2068289965391159,0.6372606158256531,0.8043238520622253,0.19323749840259552,0.7575744986534119,0.8502475023269653,0.10834326595067978,0.6445026993751526,0.8515787124633789,0.0812097042798996
73,catch_cap,a04_s10_e02,0.7135941982269287,0.23493045568466187,-0.11721023172140121,0.7103573083877563,0.22194506227970123,-0.09778551757335663,0.7104418873786926,0.22186988592147827,-0.0978192389011383,0.7101518511772156,0.22178322076797485,-0.09781084954738617,0.7064923048019409,0.22163473069667816,-0.11944085359573364,0.7034544944763184,0.22131341695785522,-0.11940004676580429,0.6997312307357788,0.22074618935585022,-0.11935796588659286,0.6951766014099121,0.22784295678138733,0.007530322764068842,0.6816215515136719,0.22452189028263092,-0.0906725525856018,0.7117088437080383,0.25015750527381897,-0.07723353803157806,0.7075815796852112,0.24961180984973907,-0.1059575080871582,0.7180138826370239,0.3121893107891083,0.05637694150209427,0.6270453333854675,0.3194790184497833,-0.07125485688447952,0.7577544450759888,0.36946985125541687,0.017929386347532272,0.6143089532852173,0.42612752318382263,-0.07108765840530396,0.8132039308547974,0.39618974924087524,-0.1995304375886917,0.6128876805305481,0.526380181312561,-0.1190904751420021,0.8256850242614746,0.42254433035850525,-0.24674992263317108,0.6094757318496704,0.5604854226112366,-0.1444377452135086,0.821267306804657,0.41971445083618164,-0.2751200795173645,0.6170448064804077,0.5590656399726868,-0.17963555455207825,0.8157129287719727,0.4116443693637848,-0.2183322012424469,0.6200175881385803,0.5504651665687561,-0.1333651840686798,0.7129839658737183,0.523788571357727,0.040829356759786606,0.6580411195755005,0.5255880951881409,-0.040868304669857025,0.7228881120681763,0.671139657497406,0.022042157128453255,0.6447480916976929,0.6771710515022278,-0.020520588383078575,0.7249326705932617,0.7979543209075928,0.18186037242412567,0.6381783485412598,0.7947974801063538,0.16642329096794128,0.7170525789260864,0.8152315020561218,0.19195690751075745,0.6373463273048401,0.8040515780448914,0.17839328944683075,0.7574360370635986,0.850172221660614,0.09254692494869232,0.6443338394165039,0.8513543605804443,0.06769253313541412
74,catch_cap,a04_s10_e02,0.7117474675178528,0.23504692316055298,-0.12589851021766663,0.7093433141708374,0.22199679911136627,-0.10519486665725708,0.7097779512405396,0.2219706028699875,-0.10526080429553986,0.709839940071106,0.22193922102451324,-0.10526196658611298,0.7045066356658936,0.2216278463602066,-0.1254081428050995,0.7010499238967896,0.22129802405834198,-0.1253773719072342,0.6972597241401672,0.22072891891002655,-0.12537185847759247,0.695562481880188,0.2282238006591797,0.003929373808205128,0.6799564361572266,0.2245623916387558,-0.0930316224694252,0.7104552388191223,0.2505468726158142,-0.08588513731956482,0.7052658200263977,0.2499283403158188,-0.11234036833047867,0.7193549871444702,0.31222665309906006,0.039753951132297516,0.626599133014679,0.319430410861969,-0.06721789389848709,0.7617185115814209,0.37320712208747864,-0.0020810472778975964,0.6138738989830017,0.4258762300014496,-0.07173261046409607,0.8139936327934265,0.41152849793434143,-0.2167663276195526,0.6112452745437622,0.5254254937171936,-0.132259801030159,0.82582026720047,0.437383770942688,-0.265202134847641,0.6080259084701538,0.5600279569625854,-0.14605002105236053,0.8206638097763062,0.43654075264930725,-0.29366326332092285,0.6157994270324707,0.5584975481033325,-0.1904623955488205,0.8152604103088379,0.42775481939315796,-0.23485413193702698,0.6186277270317078,0.5498797297477722,-0.14429813623428345,0.7129612565040588,0.5240349173545837,0.03635260462760925,0.6574313640594482,0.5259237885475159,-0.03637967258691788,0.722856879234314,0.6711770296096802,0.014750203117728233,0.6444936990737915,0.6771453022956848,-0.020750297233462334,0.725007176399231,0.7977580428123474,0.17320795357227325,0.6381796598434448,0.7942163944244385,0.1621878445148468,0.7172578573226929,0.8150099515914917,0.18307971954345703,0.6374079585075378,0.8033640384674072,0.1734832227230072,0.7571724653244019,0.8499894738197327,0.08322208374738693,0.644323468208313,0.8505467772483826,0.06277300417423248
75,catch_cap,a04_s10_e02,0.7099459767341614,0.23508988320827484,-0.16206154227256775,0.7081617712974548,0.2219885289669037,-0.1405627429485321,0.7089663147926331,0.22197484970092773,-0.14062002301216125,0.7094271183013916,0.22196274995803833,-0.14061859250068665,0.7023562788963318,0.2216053009033203,-0.15810729563236237,0.6987472772598267,0.2212442308664322,-0.15806056559085846,0.694914698600769,0.2206679731607437,-0.15801577270030975,0.6961414217948914,0.22834840416908264,-0.022508153691887856,0.678422749042511,0.224577859044075,-0.1088201180100441,0.709236741065979,0.25077909231185913,-0.11787271499633789,0.7029474973678589,0.25023773312568665,-0.14116035401821136,0.7206398248672485,0.312266081571579,0.02727321721613407,0.6265018582344055,0.31959226727485657,-0.07328777760267258,0.7646868228912354,0.37650802731513977,0.009618827141821384,0.613335907459259,0.42571166157722473,-0.06098763272166252,0.8122804760932922,0.42437776923179626,-0.1932481825351715,0.609401285648346,0.5241851210594177,-0.13219454884529114,0.8246709108352661,0.45017632842063904,-0.24082517623901367,0.6058183312416077,0.5589919686317444,-0.1538722962141037,0.8201282620429993,0.4486023485660553,-0.2731718420982361,0.6139671206474304,0.5571738481521606,-0.1946401447057724,0.8143068552017212,0.43956926465034485,-0.21244411170482635,0.6168779730796814,0.548631489276886,-0.14731714129447937,0.7129293084144592,0.524081289768219,0.034569598734378815,0.6568246483802795,0.525960385799408,-0.034579917788505554,0.7226245999336243,0.6712697148323059,0.016135239973664284,0.6442378759384155,0.6771607995033264,-0.02551686204969883,0.7250743508338928,0.7977176904678345,0.18636400997638702,0.6382461786270142,0.7941378951072693,0.16488490998744965,0.7175527215003967,0.8149114847183228,0.19654406607151031,0.6376872062683105,0.8032857179641724,0.1763457953929901,0.756655216217041,0.8498241305351257,0.09243487566709518,0.6443005800247192,0.8503307104110718,0.055292606353759766
76,catch_cap,a04_s10_e02,0.7083238363265991,0.2350134402513504,-0.22755971550941467,0.7069342732429504,0.2217552661895752,-0.20607951283454895,0.7080212235450745,0.22181782126426697,-0.2061251699924469,0.7088661193847656,0.22185200452804565,-0.20611783862113953,0.7003541588783264,0.22121907770633698,-0.22442135214805603,0.6966615915298462,0.22082805633544922,-0.2243868112564087,0.692646324634552,0.2203231304883957,-0.22435608506202698,0.696845531463623,0.2283415049314499,-0.08041290938854218,0.6767252087593079,0.2245754599571228,-0.16538231074810028,0.7083276510238647,0.25081387162208557,-0.179739311337471,0.7012240886688232,0.2503577470779419,-0.204303577542305,0.7216891050338745,0.31229493021965027,-0.004192700609564781,0.6265262365341187,0.3198358416557312,-0.09976892918348312,0.765291690826416,0.37936821579933167,0.017345473170280457,0.6126963496208191,0.4254412353038788,-0.08582310378551483,0.8111271858215332,0.43851473927497864,-0.1661810278892517,0.6080045700073242,0.5237805247306824,-0.15811583399772644,0.8236786127090454,0.46534377336502075,-0.20899534225463867,0.6040042042732239,0.5583179593086243,-0.19004134833812714,0.8190494775772095,0.4650215208530426,-0.24470946192741394,0.6122923493385315,0.5563602447509766,-0.23480749130249023,0.8140290975570679,0.4561249911785126,-0.1858842670917511,0.6154268383979797,0.5478947162628174,-0.17717497050762177,0.7129203081130981,0.5241147875785828,0.03720846027135849,0.6564244031906128,0.5259740948677063,-0.0372379831969738,0.7222263813018799,0.6714111566543579,0.02598697319626808,0.644060492515564,0.677144467830658,-0.022608811035752296,0.7250943183898926,0.7977325916290283,0.20160166919231415,0.6382652521133423,0.7939521670341492,0.171748548746109,0.7177008390426636,0.8149121403694153,0.21217703819274902,0.6377676725387573,0.8031240701675415,0.1846849024295807,0.7564398646354675,0.8498169779777527,0.10062909126281738,0.6444419622421265,0.8500787615776062,0.06188971921801567
77,catch_cap,a04_s10_e02,0.7069605588912964,0.23542483150959015,-0.2715657949447632,0.7060592174530029,0.22182607650756836,-0.25016069412231445,0.7073651552200317,0.2219063639640808,-0.25019341707229614,0.7084944844245911,0.2219645380973816,-0.250175416469574,0.6988848447799683,0.22126926481723785,-0.2671515941619873,0.6951253414154053,0.2208656668663025,-0.26713746786117554,0.6908481121063232,0.22036977112293243,-0.26711517572402954,0.6977964639663696,0.22847601771354675,-0.11976702511310577,0.6748534440994263,0.22472500801086426,-0.19988979399204254,0.7076195478439331,0.25144076347351074,-0.2217884361743927,0.6996370553970337,0.2510443925857544,-0.24478061497211456,0.722724437713623,0.31227412819862366,-0.030685121193528175,0.6265600919723511,0.32008129358291626,-0.1330743134021759,0.7655699849128723,0.3823612630367279,0.010957210324704647,0.6122972965240479,0.4254094660282135,-0.09007935225963593,0.8104221224784851,0.4480542242527008,-0.16168524324893951,0.6068732738494873,0.5237658023834229,-0.1879519671201706,0.8205790519714355,0.47656771540641785,-0.20354783535003662,0.6028465628623962,0.5581836700439453,-0.22177498042583466,0.8155762553215027,0.4753028154373169,-0.24272342026233673,0.6112472414970398,0.5563207864761353,-0.2666032910346985,0.811974048614502,0.4662943184375763,-0.18243689835071564,0.6144506931304932,0.5478848814964294,-0.2071019411087036,0.7127031087875366,0.5241320729255676,0.037694770842790604,0.6556261777877808,0.5259749293327332,-0.037735141813755035,0.7217927575111389,0.6715848445892334,0.0271287951618433,0.6439148783683777,0.6772090196609497,-0.021112237125635147,0.7251295447349548,0.7976309657096863,0.21863074600696564,0.6382994055747986,0.7939478754997253,0.18329383432865143,0.7178553342819214,0.8147912621498108,0.22911317646503448,0.6379163265228271,0.8031337857246399,0.19514240324497223,0.7559875249862671,0.8495835661888123,0.10382223129272461,0.6444240212440491,0.8500596284866333,0.06779631227254868
78,catch_cap,a04_s10_e02,0.7054561972618103,0.2354295402765274,-0.30220210552215576,0.7050797939300537,0.22173771262168884,-0.28125280141830444,0.7066100239753723,0.22184328734874725,-0.2812684178352356,0.708045244216919,0.2219177931547165,-0.2812437415122986,0.6974005103111267,0.22108326852321625,-0.297512948513031,0.6935027837753296,0.22071963548660278,-0.2975078225135803,0.6892476677894592,0.22026270627975464,-0.29748475551605225,0.6984841227531433,0.22846536338329315,-0.14918048679828644,0.6736855506896973,0.22475166618824005,-0.22687681019306183,0.7069889307022095,0.2516738772392273,-0.25155162811279297,0.6984028816223145,0.25134965777397156,-0.2737593650817871,0.7235909104347229,0.3122475743293762,-0.051775336265563965,0.6265873312950134,0.3203672170639038,-0.1600109338760376,0.7650240063667297,0.38632047176361084,0.00862621795386076,0.611826479434967,0.4254050850868225,-0.12068656831979752,0.8089877963066101,0.4574126601219177,-0.16047650575637817,0.6059446334838867,0.5236467719078064,-0.2093116044998169,0.8154986500740051,0.48756852746009827,-0.20025396347045898,0.601539671421051,0.5578569769859314,-0.2430720329284668,0.810924232006073,0.48677384853363037,-0.23011665046215057,0.6099963188171387,0.5559074878692627,-0.2864230275154114,0.8077563047409058,0.47653189301490784,-0.17680998146533966,0.6134646534919739,0.5475512146949768,-0.2278551608324051,0.7126827836036682,0.5241848230361938,0.03854304924607277,0.6555655002593994,0.5261369347572327,-0.03859380632638931,0.721564769744873,0.6720134019851685,0.042191311717033386,0.6438848972320557,0.677423894405365,-0.014611323364078999,0.7251310348510742,0.7975713610649109,0.24071836471557617,0.6384462118148804,0.7938715815544128,0.2049030065536499,0.7178770899772644,0.8146136999130249,0.25217321515083313,0.6382454633712769,0.8030580282211304,0.21811850368976593,0.7559093236923218,0.8495513200759888,0.12867066264152527,0.6444514989852905,0.850042462348938,0.07998766005039215
79,catch_cap,a04_s10_e02,0.7042285203933716,0.23557445406913757,-0.3173724412918091,0.7041497826576233,0.22173364460468292,-0.2974870800971985,0.7057849168777466,0.22184129059314728,-0.29749101400375366,0.7073913812637329,0.22191961109638214,-0.2974558472633362,0.6962782740592957,0.22107836604118347,-0.31335777044296265,0.6923092603683472,0.22071245312690735,-0.31335771083831787,0.6879466772079468,0.22025537490844727,-0.3133368194103241,0.6988037824630737,0.22846907377243042,-0.16689202189445496,0.6729131937026978,0.22485136985778809,-0.24329683184623718,0.7062889337539673,0.25198662281036377,-0.2669275403022766,0.6972931027412415,0.2517368197441101,-0.2887709140777588,0.7245591878890991,0.3121533691883087,-0.06848197430372238,0.6266165375709534,0.32063740491867065,-0.17266763746738434,0.7646762132644653,0.3900994062423706,-0.00015434691158588976,0.611280083656311,0.42545196413993835,-0.13226352632045746,0.804853081703186,0.46570953726768494,-0.15743716061115265,0.604831337928772,0.523635983467102,-0.2120174616575241,0.811068058013916,0.49574658274650574,-0.19865307211875916,0.5999647378921509,0.557264506816864,-0.24454207718372345,0.8056355714797974,0.49580714106559753,-0.2261834442615509,0.6085037589073181,0.5554063320159912,-0.2874467968940735,0.8021232485771179,0.48521751165390015,-0.17273521423339844,0.612291693687439,0.5472535490989685,-0.23021340370178223,0.7126805782318115,0.5241863131523132,0.03792424499988556,0.6554638147354126,0.5261690020561218,-0.03798265382647514,0.7212643623352051,0.6719793677330017,0.05264772102236748,0.6438580751419067,0.6772525310516357,-0.010245244018733501,0.7251404523849487,0.7974435687065125,0.2451530396938324,0.6384750604629517,0.793785810470581,0.20540037751197815,0.7179321646690369,0.8143602013587952,0.25640565156936646,0.6383243203163147,0.8030372262001038,0.21843326091766357,0.7558697462081909,0.8495404720306396,0.13545545935630798,0.6444687843322754,0.8500379920005798,0.08066099882125854
80,catch_cap,a04_s10_e02,0.7030733823776245,0.23540860414505005,-0.3321510851383209,0.7034317255020142,0.22135266661643982,-0.31247690320014954,0.7052938938140869,0.22150324285030365,-0.3124712109565735,0.7071102857589722,0.22161006927490234,-0.3124307692050934,0.695006787776947,0.22066158056259155,-0.32725900411605835,0.6908178925514221,0.22034819424152374,-0.32726097106933594,0.6861743330955505,0.2199815809726715,-0.3272399306297302,0.6999458074569702,0.22825393080711365,-0.17967607080936432,0.6719369888305664,0.22484636306762695,-0.2514689564704895,0.7059354782104492,0.25198572874069214,-0.2805587649345398,0.6963186264038086,0.25177064538002014,-0.30101627111434937,0.7254338264465332,0.31203681230545044,-0.07353927195072174,0.6268608570098877,0.32064497470855713,-0.1800306737422943,0.7623132467269897,0.39349672198295593,0.00576398242264986,0.6112147569656372,0.4255732595920563,-0.14121365547180176,0.800299346446991,0.470302939414978,-0.12341610342264175,0.6042777895927429,0.5232452750205994,-0.21900959312915802,0.8070046305656433,0.5006511807441711,-0.15575112402439117,0.5990569591522217,0.556629478931427,-0.25117093324661255,0.8018304109573364,0.4999684691429138,-0.19801856577396393,0.6071780920028687,0.5550309419631958,-0.292630136013031,0.7982843518257141,0.48932334780693054,-0.14357884228229523,0.6112633943557739,0.5470237135887146,-0.2367146760225296,0.712692379951477,0.5241355895996094,0.03791456297039986,0.6554911136627197,0.5261759161949158,-0.03797980025410652,0.7210789322853088,0.6720067262649536,0.058421969413757324,0.6438829302787781,0.6769698262214661,-0.0030612810514867306,0.7251418232917786,0.7973411679267883,0.24572062492370605,0.6385058164596558,0.7937591671943665,0.21275560557842255,0.7179449796676636,0.8141947388648987,0.2566908299922943,0.6383727788925171,0.8030382990837097,0.2262537032365799,0.7558434009552002,0.8495391011238098,0.136358380317688,0.6445572972297668,0.8500173687934875,0.08979342877864838
81,catch_cap,a04_s10_e02,0.7024950981140137,0.23539575934410095,-0.35668888688087463,0.703038215637207,0.22128866612911224,-0.336875855922699,0.7050172090530396,0.2214403599500656,-0.3368663191795349,0.706955075263977,0.2215469628572464,-0.33682262897491455,0.6945079565048218,0.22061491012573242,-0.3508825898170471,0.6903222799301147,0.22032049298286438,-0.3508926033973694,0.6856188774108887,0.2199733704328537,-0.3508748412132263,0.7007331252098083,0.22818623483181,-0.20008830726146698,0.6717294454574585,0.22487860918045044,-0.2685418426990509,0.7056676745414734,0.2519923448562622,-0.3034802973270416,0.6957852840423584,0.25182366371154785,-0.3230251669883728,0.7262558341026306,0.31203344464302063,-0.0896877720952034,0.626888632774353,0.3206367492675781,-0.1883470118045807,0.7611899971961975,0.3971952497959137,-0.0033423062413930893,0.6111403107643127,0.4253723919391632,-0.14296399056911469,0.7943978309631348,0.4788720905780792,-0.12800332903862,0.6036548018455505,0.5217918753623962,-0.22138342261314392,0.8014607429504395,0.5074832439422607,-0.16199973225593567,0.597967803478241,0.5553783178329468,-0.254001259803772,0.7958042621612549,0.5057603716850281,-0.2010120153427124,0.605780303478241,0.5539939999580383,-0.2959248125553131,0.7919420003890991,0.49559423327445984,-0.14794591069221497,0.6102426648139954,0.5462071299552917,-0.23931506276130676,0.7126778960227966,0.5240551829338074,0.03662530332803726,0.6553379893302917,0.5261784195899963,-0.03670833632349968,0.7209176421165466,0.6719862222671509,0.061963342130184174,0.6438883543014526,0.676450788974762,-0.002441904740408063,0.7251108288764954,0.7970694899559021,0.2627708613872528,0.6385507583618164,0.7937394976615906,0.2143595665693283,0.7179220914840698,0.8138027787208557,0.2753296494483948,0.6385282278060913,0.8030430674552917,0.22808463871479034,0.7557479739189148,0.8495277762413025,0.15274569392204285,0.6445630788803101,0.8500188589096069,0.09026990085840225
82,catch_cap,a04_s10_e02,0.7019709944725037,0.23545528948307037,-0.38681063055992126,0.7027355432510376,0.22132112085819244,-0.3674839437007904,0.7048066854476929,0.22146305441856384,-0.367462158203125,0.7068329453468323,0.221564382314682,-0.36741846799850464,0.6940261125564575,0.22066955268383026,-0.38012373447418213,0.689895749092102,0.22037792205810547,-0.3801485300064087,0.6851035356521606,0.22004590928554535,-0.38012951612472534,0.7014539837837219,0.22819015383720398,-0.22783097624778748,0.67153000831604,0.2250540852546692,-0.2903396785259247,0.7054485082626343,0.252045214176178,-0.33220553398132324,0.6952755451202393,0.2519318163394928,-0.35007739067077637,0.7271997332572937,0.3123585879802704,-0.110072061419487,0.6273356080055237,0.32065171003341675,-0.2030111849308014,0.7591485977172852,0.4015243649482727,-0.01639620028436184,0.6111623048782349,0.42518487572669983,-0.15208953619003296,0.7915815711021423,0.48607704043388367,-0.12971462309360504,0.60322505235672,0.5210174918174744,-0.23282460868358612,0.7973262667655945,0.515113890171051,-0.16443152725696564,0.5972400903701782,0.5542529821395874,-0.26511454582214355,0.7924785614013672,0.5134751200675964,-0.20132628083229065,0.6045894026756287,0.5529676675796509,-0.30705612897872925,0.7892167568206787,0.5032210350036621,-0.1486232429742813,0.6092177629470825,0.5454536080360413,-0.2508612871170044,0.7127014398574829,0.5239284038543701,0.03504736348986626,0.6553231477737427,0.5261663794517517,-0.03515348210930824,0.7208226919174194,0.6720269322395325,0.06162829324603081,0.643954873085022,0.6763981580734253,-0.0010617593070492148,0.7251114845275879,0.7970667481422424,0.26437002420425415,0.6385850310325623,0.7938518524169922,0.21826870739459991,0.7179206609725952,0.8138024806976318,0.27711793780326843,0.6386693716049194,0.8031997084617615,0.23232071101665497,0.7558915615081787,0.8495720624923706,0.1537781059741974,0.6445624828338623,0.8501561880111694,0.0927795022726059
83,catch_cap,a04_s10_e02,0.7017382979393005,0.23572859168052673,-0.3980115056037903,0.7026885151863098,0.2216210961341858,-0.37878701090812683,0.7048028707504272,0.22172914445400238,-0.3787617087364197,0.7068414092063904,0.22181576490402222,-0.3787175118923187,0.6938568949699402,0.22098170220851898,-0.39063164591789246,0.6897756457328796,0.2206873744726181,-0.3906642198562622,0.684932291507721,0.2203701138496399,-0.390646755695343,0.7026292681694031,0.22833004593849182,-0.23878972232341766,0.6715540885925293,0.22543469071388245,-0.2977437376976013,0.7054262161254883,0.2521917521953583,-0.3432809114456177,0.6950774192810059,0.25211820006370544,-0.36016252636909485,0.7281934022903442,0.3128318190574646,-0.12209641933441162,0.6277226209640503,0.32065171003341675,-0.20548208057880402,0.7579107284545898,0.40460407733917236,-0.027858620509505272,0.6112505793571472,0.42429158091545105,-0.15069225430488586,0.7876547574996948,0.4902447760105133,-0.1373090296983719,0.6028183102607727,0.518687903881073,-0.23056749999523163,0.7923420667648315,0.5190420746803284,-0.16604343056678772,0.596801221370697,0.5525096654891968,-0.2620139420032501,0.7882992625236511,0.5172798037528992,-0.21019646525382996,0.6035478711128235,0.5513613820075989,-0.30436187982559204,0.7854956388473511,0.5076075792312622,-0.15714721381664276,0.608352780342102,0.5437813997268677,-0.2487347573041916,0.7128219604492188,0.5236515402793884,0.03234352171421051,0.6553093194961548,0.5259829163551331,-0.03247389942407608,0.7207340598106384,0.6720269918441772,0.06014763563871384,0.644139289855957,0.6759417653083801,-0.001411493867635727,0.7250925898551941,0.7970031499862671,0.2666938900947571,0.6385902166366577,0.793845534324646,0.2169247567653656,0.7178980708122253,0.8137103319168091,0.2798578143119812,0.6387170553207397,0.803200900554657,0.2308531254529953,0.7558867335319519,0.8495887517929077,0.1550624966621399,0.6445609331130981,0.8501349687576294,0.09203916043043137
84,catch_cap,a04_s10_e02,0.7013691663742065,0.235736683011055,-0.4194188714027405,0.7026398777961731,0.22168265283107758,-0.399729460477829,0.7048152685165405,0.22178515791893005,-0.39970386028289795,0.7068484425544739,0.22186842560768127,-0.3996647596359253,0.6935725808143616,0.22104541957378387,-0.4116595685482025,0.6894923448562622,0.22074630856513977,-0.41170376539230347,0.684505820274353,0.22044584155082703,-0.41169625520706177,0.7038165926933289,0.2284069061279297,-0.2563139796257019,0.6714767813682556,0.22559754550457,-0.31561246514320374,0.7053488492965698,0.25222212076187134,-0.36335277557373047,0.6946142911911011,0.25214964151382446,-0.38039183616638184,0.7293005585670471,0.3131871223449707,-0.13540786504745483,0.6280997395515442,0.32067152857780457,-0.2185550034046173,0.7568957805633545,0.4073992967605591,-0.04118816554546356,0.6113754510879517,0.42419201135635376,-0.1612049639225006,0.7841448783874512,0.4950958490371704,-0.15426413714885712,0.6026630401611328,0.5171782374382019,-0.24332396686077118,0.7874007225036621,0.5244091749191284,-0.18352876603603363,0.596563994884491,0.5510955452919006,-0.2755802571773529,0.7828444242477417,0.5222877264022827,-0.22844736278057098,0.602901041507721,0.5499706864356995,-0.31779199838638306,0.7807599902153015,0.5125513076782227,-0.17438092827796936,0.6077536344528198,0.5423158407211304,-0.26136523485183716,0.7133782505989075,0.5233047008514404,0.031386472284793854,0.6553183794021606,0.5256029963493347,-0.03152997046709061,0.7206955552101135,0.6720475554466248,0.05893943831324577,0.6442463397979736,0.674997091293335,-0.002105691935867071,0.7250373363494873,0.7969761490821838,0.27021077275276184,0.6385986804962158,0.7938867807388306,0.21856281161308289,0.7178027629852295,0.8136773705482483,0.2839236855506897,0.6388712525367737,0.8032237887382507,0.23271159827709198,0.755895733833313,0.8497711420059204,0.15678516030311584,0.6445425748825073,0.8502767086029053,0.09159091114997864
85,catch_cap,a04_s10_e02,0.701405942440033,0.23573586344718933,-0.4226806163787842,0.7027151584625244,0.22169671952724457,-0.4025537371635437,0.7048649787902832,0.22179558873176575,-0.40252846479415894,0.7070524096488953,0.22187981009483337,-0.40249475836753845,0.6937049627304077,0.2210555225610733,-0.4147753119468689,0.6896771788597107,0.22074760496616364,-0.4148250222206116,0.6846922636032104,0.2204454392194748,-0.4148198962211609,0.7050427794456482,0.2284267395734787,-0.2578926980495453,0.6716316938400269,0.22560665011405945,-0.3184039890766144,0.705381453037262,0.25223445892333984,-0.3662281930446625,0.6946113705635071,0.25215718150138855,-0.3836361765861511,0.7303423285484314,0.3139045834541321,-0.13591913878917694,0.6285063028335571,0.32066938281059265,-0.22257249057292938,0.7558664679527283,0.41050612926483154,-0.043247222900390625,0.6114782094955444,0.4239320158958435,-0.167295902967453,0.7812842726707458,0.4991106390953064,-0.15899017453193665,0.6024130582809448,0.5167190432548523,-0.25055086612701416,0.7839279770851135,0.528809666633606,-0.1890747845172882,0.596398115158081,0.5504103302955627,-0.28358331322669983,0.7792631983757019,0.5267717838287354,-0.23356303572654724,0.6025829911231995,0.5493746399879456,-0.3249661326408386,0.777255654335022,0.5178611278533936,-0.1792515218257904,0.6073617339134216,0.5418789982795715,-0.26830899715423584,0.7137922048568726,0.5227475762367249,0.03125586733222008,0.655340850353241,0.5249924063682556,-0.03139790520071983,0.7205709218978882,0.6720156073570251,0.05150948837399483,0.6442689299583435,0.674319863319397,-0.007656047586351633,0.7248733043670654,0.7968568205833435,0.26780837774276733,0.6386035084724426,0.7938863039016724,0.21618743240833282,0.7176239490509033,0.8134762644767761,0.2817879319190979,0.639143168926239,0.8031814694404602,0.23025043308734894,0.7556872367858887,0.8498188853263855,0.1532338559627533,0.6444091200828552,0.8504916429519653,0.08622103929519653
86,catch_cap,a04_s10_e02,0.701305627822876,0.23583559691905975,-0.4379894733428955,0.702773928642273,0.2219359278678894,-0.41817206144332886,0.7049119472503662,0.22201843559741974,-0.418147474527359,0.7072407603263855,0.22209064662456512,-0.41811951994895935,0.6937527656555176,0.22128722071647644,-0.4295555651187897,0.68974769115448,0.22093819081783295,-0.4296132028102875,0.6847485303878784,0.22061751782894135,-0.42961034178733826,0.70618736743927,0.2285722941160202,-0.27108022570610046,0.6717473864555359,0.22570791840553284,-0.32778167724609375,0.7053285837173462,0.25229883193969727,-0.38023510575294495,0.6944345235824585,0.2521915137767792,-0.39656490087509155,0.7311863303184509,0.31416136026382446,-0.1452254354953766,0.6291647553443909,0.3206491470336914,-0.22629503905773163,0.7552539110183716,0.4130505919456482,-0.051040757447481155,0.6118237376213074,0.42374733090400696,-0.16835041344165802,0.7786312103271484,0.5032371282577515,-0.16668662428855896,0.6023658514022827,0.5165954232215881,-0.2536945044994354,0.7810038328170776,0.5337050557136536,-0.19689641892910004,0.5963369011878967,0.5501351952552795,-0.28673213720321655,0.7758997082710266,0.5322625637054443,-0.24143481254577637,0.6024477481842041,0.5491428375244141,-0.32859572768211365,0.7739227414131165,0.5238667130470276,-0.1869301199913025,0.6071979403495789,0.5417912006378174,-0.2716362178325653,0.7145014405250549,0.5216725468635559,0.030263444408774376,0.6555293202400208,0.5239233374595642,-0.030410761013627052,0.720514178276062,0.671942949295044,0.04144315794110298,0.6442819833755493,0.6729772686958313,-0.013154159300029278,0.7246009111404419,0.7965171933174133,0.2656090557575226,0.63859623670578,0.7936463952064514,0.2169223129749298,0.7173498868942261,0.8129894137382507,0.28005343675613403,0.6392593383789062,0.8027755618095398,0.23162858188152313,0.755523681640625,0.8498234152793884,0.1507902592420578,0.6440314054489136,0.8502885699272156,0.086131751537323
87,catch_cap,a04_s10_e02,0.7012487053871155,0.23607134819030762,-0.4332128167152405,0.7028096914291382,0.22236548364162445,-0.4134541153907776,0.7049990892410278,0.2224401980638504,-0.41343092918395996,0.7074538469314575,0.22250127792358398,-0.4133971631526947,0.693801999092102,0.22173576056957245,-0.4244920313358307,0.689795196056366,0.22137780487537384,-0.4245440363883972,0.6847973465919495,0.2210654616355896,-0.424542099237442,0.7070022225379944,0.22891107201576233,-0.26666325330734253,0.6718237996101379,0.22602646052837372,-0.322059690952301,0.7053068280220032,0.2524644136428833,-0.375609815120697,0.6943296790122986,0.25231248140335083,-0.391528457403183,0.7318436503410339,0.3144916892051697,-0.14181533455848694,0.629539966583252,0.3206237852573395,-0.2197888344526291,0.7546146512031555,0.4128917455673218,-0.048441752791404724,0.6120540499687195,0.4234515428543091,-0.1623988300561905,0.777046799659729,0.501875102519989,-0.16696885228157043,0.6023841500282288,0.5163471698760986,-0.24812304973602295,0.7798047065734863,0.5334416031837463,-0.1978352814912796,0.5962457060813904,0.5498303771018982,-0.2811574637889862,0.7744168043136597,0.5318257212638855,-0.24220380187034607,0.602324366569519,0.5488510727882385,-0.3232920467853546,0.7723041772842407,0.5229795575141907,-0.18719489872455597,0.6071233749389648,0.541634202003479,-0.2661646902561188,0.7147973775863647,0.521356463432312,0.029568767175078392,0.6556348204612732,0.5234739780426025,-0.029710844159126282,0.7204002141952515,0.6719208359718323,0.04157479107379913,0.6442259550094604,0.6723952889442444,-0.013077659532427788,0.72419273853302,0.7963729500770569,0.26292428374290466,0.6385866403579712,0.7936462163925171,0.21586661040782928,0.7168347835540771,0.8128805160522461,0.2768777012825012,0.6394149661064148,0.8027775287628174,0.2304123342037201,0.7554014921188354,0.8497856259346008,0.14965969324111938,0.6437654495239258,0.850143551826477,0.08142633736133575
88,catch_cap,a04_s10_e02,0.7013227343559265,0.23636884987354279,-0.4315556585788727,0.7029863595962524,0.22279499471187592,-0.41174429655075073,0.7053811550140381,0.2228556126356125,-0.41171836853027344,0.7080410718917847,0.2229202687740326,-0.4116802215576172,0.6938923597335815,0.2222253531217575,-0.4224584698677063,0.6898967027664185,0.22188635170459747,-0.42251333594322205,0.6849163174629211,0.2215867042541504,-0.4225091338157654,0.7082463502883911,0.2293749302625656,-0.2647653818130493,0.6719003915786743,0.22642295062541962,-0.319053590297699,0.7053357362747192,0.25268641114234924,-0.3739806115627289,0.6943895816802979,0.2524954378604889,-0.3895721733570099,0.7324156165122986,0.3154551386833191,-0.13968202471733093,0.6303578615188599,0.3203856647014618,-0.21610644459724426,0.7541031837463379,0.41409996151924133,-0.04522833600640297,0.61235511302948,0.42298999428749084,-0.159315288066864,0.7754905819892883,0.5034258365631104,-0.16335591673851013,0.6024032831192017,0.5161667466163635,-0.24686963856220245,0.7773871421813965,0.5355107188224792,-0.19445891678333282,0.5962316393852234,0.5495749711990356,-0.27999281883239746,0.7712874412536621,0.5335552096366882,-0.23822037875652313,0.6024022102355957,0.5486471056938171,-0.32162827253341675,0.7691751718521118,0.5247827768325806,-0.1834879219532013,0.607193648815155,0.5414968132972717,-0.2647234797477722,0.7151121497154236,0.5211938619613647,0.0289137065410614,0.6557938456535339,0.5230079889297485,-0.029050294309854507,0.7203601598739624,0.6718962788581848,0.04257716238498688,0.644221842288971,0.6716396808624268,-0.013100465759634972,0.72402423620224,0.7962608337402344,0.2608448565006256,0.6386004686355591,0.793875515460968,0.2094762623310089,0.7166234254837036,0.8128001689910889,0.2743434011936188,0.6395530104637146,0.8030242323875427,0.22278204560279846,0.7554024457931519,0.8497359752655029,0.140754833817482,0.6436988115310669,0.8500860333442688,0.07235907763242722
89,catch_cap,a04_s10_e02,0.7013522982597351,0.23696541786193848,-0.43454045057296753,0.7031516432762146,0.2234782576560974,-0.4150587022304535,0.7056797742843628,0.22354784607887268,-0.41503292322158813,0.7084804773330688,0.22364360094070435,-0.41499829292297363,0.693960964679718,0.22304879128932953,-0.4251960217952728,0.6899722814559937,0.22275985777378082,-0.4252545237541199,0.6850060820579529,0.2225078046321869,-0.42524784803390503,0.7091420888900757,0.2300841361284256,-0.2668601870536804,0.6720377802848816,0.22701479494571686,-0.318604052066803,0.7053421139717102,0.25306054949760437,-0.37618911266326904,0.6943908929824829,0.25282934308052063,-0.39106452465057373,0.7328004837036133,0.3160845637321472,-0.13834241032600403,0.6309768557548523,0.3201259672641754,-0.2133084535598755,0.7536000609397888,0.41437357664108276,-0.04171333461999893,0.6131638288497925,0.42270442843437195,-0.1590150147676468,0.7742611169815063,0.5048344135284424,-0.16181141138076782,0.6024518013000488,0.5159084796905518,-0.24513402581214905,0.7764155268669128,0.5370914340019226,-0.1894327998161316,0.5963259339332581,0.5492798089981079,-0.2782067656517029,0.7700598835945129,0.5350297689437866,-0.23594482243061066,0.6024751663208008,0.5484088063240051,-0.31961914896965027,0.7676302194595337,0.5264559388160706,-0.18175867199897766,0.6072521805763245,0.5413103103637695,-0.2628701329231262,0.7151927947998047,0.5209909677505493,0.028192643076181412,0.6558228731155396,0.5224411487579346,-0.028327573090791702,0.7203149795532227,0.671832799911499,0.04071039706468582,0.644086480140686,0.6715616583824158,-0.015050701797008514,0.7238313555717468,0.796258270740509,0.251143217086792,0.6386040449142456,0.7946160435676575,0.1992744505405426,0.7163513898849487,0.8128218054771423,0.2637491226196289,0.639718770980835,0.8039290308952332,0.21167214214801788,0.7554023265838623,0.849561870098114,0.13046009838581085,0.6436544060707092,0.8501492738723755,0.061993490904569626
90,catch_cap,a04_s10_e02,0.7012884020805359,0.23733097314834595,-0.4362027049064636,0.7033087015151978,0.2239295393228531,-0.41668909788131714,0.7059810757637024,0.2240215390920639,-0.4166582524776459,0.7089269161224365,0.22413501143455505,-0.41661491990089417,0.6940122842788696,0.223545640707016,-0.42639583349227905,0.6900094151496887,0.223220095038414,-0.4264547824859619,0.6850597262382507,0.22295184433460236,-0.42644190788269043,0.7101661562919617,0.2305627316236496,-0.26850804686546326,0.6723664999008179,0.22723029553890228,-0.3186584413051605,0.705358624458313,0.25328800082206726,-0.37798357009887695,0.6942626237869263,0.2530156075954437,-0.3923962712287903,0.7333654761314392,0.3164922893047333,-0.13977882266044617,0.6315832138061523,0.3198997676372528,-0.21237745881080627,0.7533667683601379,0.4148029685020447,-0.041698455810546875,0.6136703491210938,0.42222750186920166,-0.15774092078208923,0.7739318013191223,0.5056264400482178,-0.16099295020103455,0.6025057435035706,0.5155407786369324,-0.24401549994945526,0.7757553458213806,0.5372817516326904,-0.18805639445781708,0.5963569283485413,0.5489457249641418,-0.2768290340900421,0.7693389654159546,0.5351499915122986,-0.23581376671791077,0.6025011539459229,0.5481547117233276,-0.3181890845298767,0.7669574618339539,0.5265766978263855,-0.1813112199306488,0.6072698831558228,0.541114866733551,-0.26168233156204224,0.7154863476753235,0.5207793712615967,0.028090426698327065,0.6559391617774963,0.5219823122024536,-0.02822733484208584,0.7202595472335815,0.6717899441719055,0.04099227860569954,0.6440519690513611,0.6711804270744324,-0.01518606673926115,0.7236838936805725,0.7964179515838623,0.2453310489654541,0.6385638117790222,0.7953506708145142,0.1928308606147766,0.7161956429481506,0.8131116032600403,0.25692516565322876,0.6394864320755005,0.8048760890960693,0.20467421412467957,0.7555965185165405,0.8494759202003479,0.12595750391483307,0.643670916557312,0.8501218557357788,0.056916434317827225
91,catch_cap,a04_s10_e02,0.7012895345687866,0.23749743402004242,-0.429609477519989,0.7036008834838867,0.22418944537639618,-0.4099884033203125,0.7064154148101807,0.22429724037647247,-0.40995901823043823,0.7094756364822388,0.22442762553691864,-0.40991631150245667,0.6940354704856873,0.2237701117992401,-0.41997164487838745,0.6900511980056763,0.2233898639678955,-0.42002812027931213,0.6851111054420471,0.22306828200817108,-0.4200146794319153,0.7110100984573364,0.23090073466300964,-0.26237282156944275,0.6727932691574097,0.22725053131580353,-0.3139031231403351,0.7053842544555664,0.25339919328689575,-0.3716396987438202,0.6942154169082642,0.2530663311481476,-0.3864177465438843,0.7336591482162476,0.31678760051727295,-0.13421370089054108,0.6320948004722595,0.3196662962436676,-0.21050170063972473,0.7531571984291077,0.4150286614894867,-0.03999825194478035,0.6140555143356323,0.4220815896987915,-0.15444259345531464,0.7737594246864319,0.5066738724708557,-0.14604759216308594,0.6025214195251465,0.5152417421340942,-0.24283353984355927,0.7755507230758667,0.5384410619735718,-0.1730777770280838,0.5963937640190125,0.5486470460891724,-0.2754964530467987,0.76911461353302,0.536520779132843,-0.21857976913452148,0.6025532484054565,0.5478971600532532,-0.3167925477027893,0.7666811943054199,0.5279687643051147,-0.16575074195861816,0.6073247790336609,0.5409039258956909,-0.26044338941574097,0.7156656980514526,0.5206747055053711,0.02815435454249382,0.656100332736969,0.5216966271400452,-0.028289148584008217,0.7202135324478149,0.6717532873153687,0.04158783331513405,0.6440173387527466,0.6709341406822205,-0.01570209488272667,0.7234645485877991,0.7966124415397644,0.24149295687675476,0.6385644674301147,0.7954895496368408,0.1892681121826172,0.7159520983695984,0.8133952617645264,0.25273948907852173,0.6394646763801575,0.8049991726875305,0.2009277045726776,0.7555807828903198,0.8494136333465576,0.12321249395608902,0.6436816453933716,0.8500673174858093,0.0540749616920948
92,catch_cap,a04_s10_e02,0.7013038992881775,0.23766136169433594,-0.4238436222076416,0.7040845155715942,0.2244071513414383,-0.4041847288608551,0.7069913148880005,0.2245280146598816,-0.40415677428245544,0.7101197838783264,0.22469167411327362,-0.4041140079498291,0.6941829919815063,0.2239546924829483,-0.4144114851951599,0.6901484727859497,0.2235414683818817,-0.41446417570114136,0.6851884722709656,0.22317929565906525,-0.4144492745399475,0.711685299873352,0.23121730983257294,-0.2574694752693176,0.6733311414718628,0.22727440297603607,-0.3102354407310486,0.705527663230896,0.2534962296485901,-0.366295725107193,0.6942443251609802,0.2531174421310425,-0.3813675343990326,0.7338756322860718,0.3169723451137543,-0.1306997686624527,0.632620096206665,0.31950342655181885,-0.2101738154888153,0.7530558109283447,0.41505131125450134,-0.03492095321416855,0.6143625974655151,0.4219982922077179,-0.15078681707382202,0.7738258242607117,0.5072771310806274,-0.13835659623146057,0.6025545597076416,0.5150105357170105,-0.24167697131633759,0.7756694555282593,0.5391111969947815,-0.16572678089141846,0.5964238047599792,0.5484106540679932,-0.2742178440093994,0.7692646980285645,0.5372588634490967,-0.2102569341659546,0.6025989651679993,0.5476611256599426,-0.31550756096839905,0.7667972445487976,0.5286670327186584,-0.15792901813983917,0.6073731780052185,0.5406859517097473,-0.2592678666114807,0.7157947421073914,0.5206713080406189,0.028306931257247925,0.6562222242355347,0.5216187238693237,-0.02843981608748436,0.7202107906341553,0.6717261672019958,0.04206911474466324,0.6440070867538452,0.6708076596260071,-0.016715101897716522,0.7233148813247681,0.7967422604560852,0.23750412464141846,0.6385548114776611,0.7956275939941406,0.18442055583000183,0.7157917618751526,0.813581645488739,0.24840030074119568,0.6393293142318726,0.8052053451538086,0.19580239057540894,0.7555187940597534,0.8492771983146667,0.11999267339706421,0.6437179446220398,0.8500073552131653,0.049883123487234116
93,catch_cap,a04_s10_e02,0.701322615146637,0.2377336472272873,-0.4244634509086609,0.7045577764511108,0.2245400995016098,-0.4045841693878174,0.7075387239456177,0.22468338906764984,-0.4045552611351013,0.7107206583023071,0.22488699853420258,-0.40451058745384216,0.6943665742874146,0.22400590777397156,-0.41466838121414185,0.6902812123298645,0.22356484830379486,-0.41472429037094116,0.6853076815605164,0.22318243980407715,-0.41470998525619507,0.7123468518257141,0.23151658475399017,-0.2572765052318573,0.6738733053207397,0.22729316353797913,-0.3094373345375061,0.7056750059127808,0.2535645365715027,-0.366789847612381,0.6942688822746277,0.2531418204307556,-0.38168901205062866,0.7344338297843933,0.3171330392360687,-0.12997587025165558,0.633151650428772,0.3194808065891266,-0.20922577381134033,0.7529781460762024,0.415213018655777,-0.03376523405313492,0.6147506833076477,0.42199862003326416,-0.15030309557914734,0.7737828493118286,0.5075987577438354,-0.13830164074897766,0.6025824546813965,0.5149472951889038,-0.24116143584251404,0.7757891416549683,0.5394703149795532,-0.1659621298313141,0.5964266061782837,0.5482458472251892,-0.2736901640892029,0.7694467902183533,0.5375012755393982,-0.2103589028120041,0.6026371717453003,0.5474734902381897,-0.3147752285003662,0.7669146656990051,0.5288947820663452,-0.15791717171669006,0.6074138879776001,0.5405339598655701,-0.2586747705936432,0.7160240411758423,0.5206819772720337,0.028446808457374573,0.6564738750457764,0.5216234922409058,-0.028578395023941994,0.7202141880989075,0.6717073917388916,0.04487692564725876,0.6440013647079468,0.6708687543869019,-0.016767678782343864,0.7232313752174377,0.7967392206192017,0.2383529394865036,0.6385484933853149,0.7958999872207642,0.1870211660861969,0.7157263159751892,0.8135768175125122,0.24876776337623596,0.6392403841018677,0.8055201172828674,0.19887526333332062,0.7554832100868225,0.8491137623786926,0.120272696018219,0.6437655091285706,0.849980354309082,0.053047604858875275
94,catch_cap,a04_s10_e02,0.7013431191444397,0.23795166611671448,-0.4210827350616455,0.7048356533050537,0.22477181255817413,-0.4013020992279053,0.7078448534011841,0.2249535769224167,-0.40127500891685486,0.7110576629638672,0.22520171105861664,-0.40123000741004944,0.6944417357444763,0.22417394816875458,-0.4113590121269226,0.6902919411659241,0.22369012236595154,-0.41141319274902344,0.6853280067443848,0.22327102720737457,-0.41139888763427734,0.7128046751022339,0.2319219410419464,-0.25490042567253113,0.6741639375686646,0.22738660871982574,-0.30907028913497925,0.7057015299797058,0.2536930739879608,-0.36381083726882935,0.694252610206604,0.25319769978523254,-0.37868988513946533,0.7348372340202332,0.3174070715904236,-0.12870487570762634,0.6335664987564087,0.31947121024131775,-0.2058984935283661,0.7529280185699463,0.4154474437236786,-0.03344372659921646,0.6149829626083374,0.4220045208930969,-0.1466469019651413,0.7736152410507202,0.5079581141471863,-0.13936753571033478,0.602602481842041,0.5149386525154114,-0.24044616520404816,0.7758076786994934,0.5399261116981506,-0.16749760508537292,0.596436083316803,0.5481284260749817,-0.2731824219226837,0.7695532441139221,0.5379753708839417,-0.21170218288898468,0.6026718020439148,0.547339677810669,-0.3138805031776428,0.7669445872306824,0.5293152332305908,-0.15900972485542297,0.6074456572532654,0.5404390096664429,-0.25786954164505005,0.7161637544631958,0.5206992030143738,0.02855744957923889,0.6566293239593506,0.52163165807724,-0.028688479214906693,0.7202144861221313,0.6715881824493408,0.04686467722058296,0.6439810395240784,0.670894205570221,-0.017624758183956146,0.723201334476471,0.796772301197052,0.23724746704101562,0.6384624242782593,0.7964410781860352,0.17953096330165863,0.7156922221183777,0.8136826157569885,0.24773326516151428,0.638823390007019,0.8067709803581238,0.19061414897441864,0.7554265260696411,0.8489002585411072,0.12001345306634903,0.6438233256340027,0.8500685095787048,0.04488181695342064
95,catch_cap,a04_s10_e02,0.7013219594955444,0.23809684813022614,-0.41895437240600586,0.704953670501709,0.2248990535736084,-0.39917898178100586,0.7079717516899109,0.22511908411979675,-0.3991529643535614,0.711177408695221,0.22538922727108002,-0.3991082012653351,0.6944511532783508,0.22423870861530304,-0.4094318449497223,0.6903197169303894,0.22372908890247345,-0.4094838500022888,0.6853581070899963,0.22328907251358032,-0.4094701409339905,0.712985098361969,0.2321513146162033,-0.25326740741729736,0.6743437051773071,0.2274593859910965,-0.30546802282333374,0.7057143449783325,0.2538258731365204,-0.36189889907836914,0.6942095160484314,0.25323888659477234,-0.3770161271095276,0.7351425290107727,0.31748613715171814,-0.12798137962818146,0.6338924765586853,0.3194673955440521,-0.20313660800457,0.7529498934745789,0.4157910943031311,-0.03333986550569534,0.6151338815689087,0.422006219625473,-0.1440076380968094,0.7735503911972046,0.5083767771720886,-0.14050644636154175,0.6026228666305542,0.5149595141410828,-0.2374381572008133,0.7758210897445679,0.5402942895889282,-0.16906365752220154,0.5964380502700806,0.5480960607528687,-0.2703095078468323,0.7695692777633667,0.5384172797203064,-0.21307912468910217,0.6027001142501831,0.5472865700721741,-0.3108469545841217,0.7669051885604858,0.5298441052436829,-0.16018760204315186,0.6074700951576233,0.5404072999954224,-0.2548009157180786,0.71625155210495,0.5207669734954834,0.02883135713636875,0.6566977500915527,0.5216492414474487,-0.028966283425688744,0.7202197313308716,0.6715842485427856,0.05087599903345108,0.6438025832176208,0.6712011098861694,-0.01813051477074623,0.7231281995773315,0.7970201969146729,0.23758690059185028,0.6382458209991455,0.7970772981643677,0.17734390497207642,0.7155920267105103,0.8140775561332703,0.24800081551074982,0.638318657875061,0.807944118976593,0.18834322690963745,0.7552767395973206,0.8488536477088928,0.12038975954055786,0.6438243389129639,0.8501160740852356,0.04269351437687874
96,catch_cap,a04_s10_e02,0.7011805772781372,0.23811088502407074,-0.41949567198753357,0.7049790024757385,0.2249344438314438,-0.39955902099609375,0.7080034613609314,0.22518305480480194,-0.39953339099884033,0.7111873030662537,0.2254667729139328,-0.3994884490966797,0.6944791078567505,0.22423870861530304,-0.4093068540096283,0.690292477607727,0.22372637689113617,-0.4093620777130127,0.6853753924369812,0.22327804565429688,-0.4093490540981293,0.7130252122879028,0.23225551843643188,-0.2531021237373352,0.6744186282157898,0.22751237452030182,-0.30500680208206177,0.705644965171814,0.253866970539093,-0.36228880286216736,0.6939614415168762,0.25324544310569763,-0.37675878405570984,0.7353681325912476,0.3176186978816986,-0.12741783261299133,0.6340935826301575,0.31946325302124023,-0.20207169651985168,0.752989649772644,0.4160268008708954,-0.031739331781864166,0.6153629422187805,0.42198312282562256,-0.14272496104240417,0.7735233306884766,0.5086666345596313,-0.13985005021095276,0.6027442216873169,0.5149518847465515,-0.2370302975177765,0.7758305072784424,0.540646493434906,-0.16838595271110535,0.5964553952217102,0.5480690598487854,-0.2700691521167755,0.7695726156234741,0.5388680696487427,-0.21249453723430634,0.6027452349662781,0.5472555756568909,-0.3106534779071808,0.7668775916099548,0.5302806496620178,-0.1595045030117035,0.6075195670127869,0.5403690934181213,-0.25444528460502625,0.7164244055747986,0.5207701325416565,0.0289040207862854,0.6567605137825012,0.5216205716133118,-0.029038554057478905,0.7202860116958618,0.6715606451034546,0.05078015848994255,0.6437552571296692,0.6713019013404846,-0.018654873594641685,0.7230972051620483,0.7975307703018188,0.23637452721595764,0.6381192207336426,0.7971042990684509,0.1785200983285904,0.7155500650405884,0.8147446513175964,0.24678504467010498,0.6380983591079712,0.8079518675804138,0.1896478831768036,0.7552652359008789,0.8488375544548035,0.11800144612789154,0.6437801718711853,0.8501377701759338,0.04319275915622711
97,catch_cap,a04_s10_e02,0.7009750008583069,0.23812225461006165,-0.4246216416358948,0.7049835324287415,0.22494110465049744,-0.40449994802474976,0.7080081701278687,0.22520308196544647,-0.40447360277175903,0.7111778855323792,0.22549612820148468,-0.4044293463230133,0.6944757103919983,0.22421659529209137,-0.4136448800563812,0.6901890635490417,0.22368033230304718,-0.4137049615383148,0.6853373050689697,0.2232048064470291,-0.4136940836906433,0.7130351066589355,0.23230722546577454,-0.2563713788986206,0.6744506359100342,0.22753457725048065,-0.30520495772361755,0.7055134773254395,0.25390198826789856,-0.36679762601852417,0.6936535239219666,0.253250390291214,-0.38046687841415405,0.7355695962905884,0.31769081950187683,-0.1275741457939148,0.6342580914497375,0.3194785416126251,-0.20214895904064178,0.7530308961868286,0.41619500517845154,-0.031218599528074265,0.6155264377593994,0.4219833314418793,-0.14292797446250916,0.7734239101409912,0.5090788006782532,-0.14023438096046448,0.6027549505233765,0.5149630308151245,-0.23720836639404297,0.7757545709609985,0.5408875942230225,-0.1688513457775116,0.5964668989181519,0.5480241179466248,-0.270460307598114,0.7694128751754761,0.5391659140586853,-0.21300998330116272,0.6027641296386719,0.5472150444984436,-0.3111594319343567,0.7666354775428772,0.5307410955429077,-0.15989843010902405,0.6075438261032104,0.5403424501419067,-0.2546524107456207,0.7165302038192749,0.5207870602607727,0.02910490334033966,0.6568363904953003,0.5216158628463745,-0.029241764917969704,0.7202934622764587,0.6716155409812927,0.05057810619473457,0.6437135338783264,0.6715527772903442,-0.019740281626582146,0.7229521870613098,0.7983418107032776,0.23735961318016052,0.6380090713500977,0.7975590229034424,0.17887115478515625,0.7152835726737976,0.8155821561813354,0.24802859127521515,0.6380138993263245,0.8085492253303528,0.1901143342256546,0.7551958560943604,0.8489115238189697,0.1188478022813797,0.6437743902206421,0.8506056666374207,0.0424552783370018
98,catch_cap,a04_s10_e02,0.7006747126579285,0.23822329938411713,-0.425407737493515,0.7049842476844788,0.22501112520694733,-0.4053351879119873,0.7080084681510925,0.225295290350914,-0.4053069055080414,0.7111690640449524,0.22562459111213684,-0.40526166558265686,0.6944134831428528,0.22422131896018982,-0.41434454917907715,0.6900098919868469,0.22367830574512482,-0.4144042134284973,0.6851969361305237,0.22319360077381134,-0.4143926501274109,0.7130745053291321,0.23252476751804352,-0.2575480341911316,0.6744549870491028,0.22758658230304718,-0.30516257882118225,0.7052816152572632,0.2540333867073059,-0.3677656650543213,0.6931464672088623,0.2532753646373749,-0.3812319338321686,0.7356922626495361,0.3179395794868469,-0.12834899127483368,0.6343775987625122,0.31948423385620117,-0.20218226313591003,0.7533146739006042,0.4164561927318573,-0.031156424432992935,0.615653932094574,0.4219752550125122,-0.14279279112815857,0.7735419273376465,0.5093607306480408,-0.14045307040214539,0.6028224229812622,0.5149595737457275,-0.23704174160957336,0.7758686542510986,0.5409202575683594,-0.16911204159259796,0.5965086221694946,0.5480033159255981,-0.2703728675842285,0.7694845795631409,0.539201557636261,-0.2131395787000656,0.602852463722229,0.5471934080123901,-0.31113505363464355,0.7667334675788879,0.5308685898780823,-0.16004520654678345,0.6076278686523438,0.5403175354003906,-0.2545214891433716,0.7166105508804321,0.5209060907363892,0.02915751375257969,0.6568520665168762,0.5216209888458252,-0.029293740168213844,0.720356822013855,0.6718719601631165,0.050437383353710175,0.6436301469802856,0.6717206835746765,-0.019501417875289917,0.7229046821594238,0.7988903522491455,0.2379431426525116,0.6378569602966309,0.7975357174873352,0.18022505939006805,0.7151708602905273,0.8161680698394775,0.24874767661094666,0.6378374099731445,0.8085104823112488,0.19164803624153137,0.7551933526992798,0.8489819169044495,0.11923529207706451,0.6436317563056946,0.8505987524986267,0.04504203051328659
99,catch_cap,a04_s10_e02,0.7006136178970337,0.23826836049556732,-0.42389851808547974,0.7050081491470337,0.2250383198261261,-0.4038597643375397,0.708038866519928,0.22533327341079712,-0.4038325846195221,0.7111759185791016,0.2256748527288437,-0.4037887156009674,0.6944242119789124,0.2242206484079361,-0.41345375776290894,0.6899932026863098,0.22367291152477264,-0.41351208090782166,0.685198962688446,0.22317177057266235,-0.41349920630455017,0.7131412625312805,0.232612743973732,-0.2565295696258545,0.674517810344696,0.2275983989238739,-0.303467720746994,0.7052338123321533,0.25410011410713196,-0.36638304591178894,0.6930363774299622,0.25328725576400757,-0.3805757164955139,0.7358476519584656,0.31799596548080444,-0.12809132039546967,0.634492039680481,0.3194827139377594,-0.20116141438484192,0.753482460975647,0.41659507155418396,-0.031099015846848488,0.6158004999160767,0.4219677746295929,-0.14183659851551056,0.7735990285873413,0.5095601677894592,-0.14054478704929352,0.6028429865837097,0.514987051486969,-0.23571288585662842,0.7758976221084595,0.5409209728240967,-0.1692184954881668,0.5965200662612915,0.5480054020881653,-0.2689450979232788,0.7694734930992126,0.5392043590545654,-0.21301797032356262,0.6028627753257751,0.5471917390823364,-0.3099082112312317,0.7667365074157715,0.5309632420539856,-0.1600409299135208,0.6076363921165466,0.5403130650520325,-0.2532742917537689,0.7166546583175659,0.521049439907074,0.029194489121437073,0.6568812131881714,0.5216351747512817,-0.02933095023036003,0.7203966379165649,0.6719745397567749,0.050615422427654266,0.6435374617576599,0.6717681288719177,-0.0191543847322464,0.7228531241416931,0.7989757657051086,0.23833617568016052,0.6378101706504822,0.7974542379379272,0.18129871785640717,0.7150631546974182,0.816274106502533,0.24921540915966034,0.6377524733543396,0.8083799481391907,0.19285590946674347,0.7551049590110779,0.8489592671394348,0.11979994922876358,0.6436137557029724,0.8505474328994751,0.046481505036354065
100,catch_cap,a04_s10_e02,0.7005571722984314,0.23828808963298798,-0.42296868562698364,0.705017626285553,0.22504891455173492,-0.4029814600944519,0.7080575227737427,0.22534768283367157,-0.4029543399810791,0.711177408695221,0.225693941116333,-0.40290990471839905,0.6944282054901123,0.22421573102474213,-0.41257014870643616,0.6899709701538086,0.22365692257881165,-0.41262751817703247,0.6851909756660461,0.22313591837882996,-0.4126146733760834,0.7131688594818115,0.23263944685459137,-0.2561822235584259,0.67457115650177,0.22760705649852753,-0.30252766609191895,0.7051787376403809,0.2541328966617584,-0.3656774163246155,0.6929205656051636,0.2532910704612732,-0.3797761797904968,0.7360870838165283,0.3181186020374298,-0.12931124866008759,0.6345776319503784,0.3194827139377594,-0.20044586062431335,0.7537462711334229,0.41694483160972595,-0.03351555019617081,0.6159311532974243,0.42196518182754517,-0.1410330832004547,0.7736313343048096,0.5099858641624451,-0.14406588673591614,0.6029838919639587,0.5149922370910645,-0.23501746356487274,0.7758933305740356,0.5412832498550415,-0.17301999032497406,0.5965715050697327,0.5479976534843445,-0.26834598183631897,0.7694502472877502,0.5395668148994446,-0.21662545204162598,0.602943480014801,0.5471809506416321,-0.3093867897987366,0.7666959166526794,0.5313427448272705,-0.16339486837387085,0.6077185869216919,0.5403029918670654,-0.25266560912132263,0.716717541217804,0.5214253664016724,0.02885153330862522,0.6569230556488037,0.5217915177345276,-0.0289916954934597,0.7204907536506653,0.672489583492279,0.050069697201251984,0.6434667110443115,0.6720846891403198,-0.017767835408449173,0.7228382229804993,0.7990016341209412,0.2427162230014801,0.6378066539764404,0.7974450588226318,0.1887909471988678,0.7150243520736694,0.816264271736145,0.25434279441833496,0.6377988457679749,0.8083611726760864,0.20103394985198975,0.7549887299537659,0.8488854169845581,0.12379612028598785,0.6435837745666504,0.8505937457084656,0.054589420557022095
101,catch_cap,a04_s10_e02,0.7005125284194946,0.23827186226844788,-0.42237916588783264,0.7050243616104126,0.22502589225769043,-0.40240007638931274,0.7080726027488708,0.2253306806087494,-0.40237313508987427,0.7111766934394836,0.22568312287330627,-0.4023286700248718,0.6944290995597839,0.2240665704011917,-0.41224974393844604,0.689947783946991,0.2234557718038559,-0.4123091697692871,0.685185968875885,0.22289562225341797,-0.412295401096344,0.7131803035736084,0.23263531923294067,-0.2564306855201721,0.6746222972869873,0.22760875523090363,-0.30190563201904297,0.705098569393158,0.2541419267654419,-0.36520370841026306,0.6928218007087708,0.2532792091369629,-0.37937015295028687,0.736357569694519,0.31820815801620483,-0.13231948018074036,0.6346582174301147,0.31947946548461914,-0.20032604038715363,0.7541621923446655,0.4172285795211792,-0.037649963051080704,0.6160876750946045,0.4219666123390198,-0.14091143012046814,0.7736643552780151,0.5103668570518494,-0.14670230448246002,0.6029969453811646,0.5150333642959595,-0.23350420594215393,0.7759237289428711,0.5414628982543945,-0.1755422055721283,0.5965811014175415,0.5479949712753296,-0.2663164734840393,0.7694292664527893,0.5397672057151794,-0.21847765147686005,0.6029586791992188,0.5471773147583008,-0.30761873722076416,0.7666493058204651,0.5315675139427185,-0.16565600037574768,0.6077338457107544,0.540299654006958,-0.2512757480144501,0.7167487740516663,0.5218045711517334,0.0283066276460886,0.6569529175758362,0.521980881690979,-0.02845030464231968,0.7205027937889099,0.6729142665863037,0.05003764480352402,0.6434369087219238,0.672142744064331,-0.015181846916675568,0.722780168056488,0.7989979386329651,0.24597904086112976,0.6378004550933838,0.7971883416175842,0.19468428194522858,0.7149714231491089,0.8162405490875244,0.2579682171344757,0.6378146409988403,0.8079878091812134,0.20729434490203857,0.7549337148666382,0.8488124012947083,0.1280401647090912,0.643591046333313,0.8505794405937195,0.062213730067014694
102,catch_cap,a04_s10_e02,0.7004518508911133,0.23817729949951172,-0.4220304489135742,0.7050284147262573,0.22489430010318756,-0.40216177701950073,0.7080817222595215,0.22519898414611816,-0.4021340310573578,0.7111753225326538,0.22556379437446594,-0.402087926864624,0.6943961381912231,0.2238253802061081,-0.41086912155151367,0.6898860335350037,0.22320738434791565,-0.41092610359191895,0.6851439476013184,0.22266440093517303,-0.410918653011322,0.7131894826889038,0.23250712454319,-0.2561127543449402,0.6746581792831421,0.22760194540023804,-0.29902803897857666,0.7049927711486816,0.25412049889564514,-0.3649994730949402,0.6926714181900024,0.25323566794395447,-0.3782534897327423,0.7367777824401855,0.31831085681915283,-0.13330231606960297,0.6348015069961548,0.3194548487663269,-0.1986154466867447,0.7545696496963501,0.4176042377948761,-0.04243655875325203,0.6162041425704956,0.4219411611557007,-0.13973186910152435,0.7736784219741821,0.5108841061592102,-0.15541641414165497,0.6030580997467041,0.5150387287139893,-0.23258638381958008,0.7759265303611755,0.5418495535850525,-0.18533273041248322,0.5966015458106995,0.5479705333709717,-0.2655411660671234,0.7693800926208496,0.5401735305786133,-0.22804364562034607,0.6029891967773438,0.5471494793891907,-0.30688491463661194,0.7665714621543884,0.5319792628288269,-0.17440243065357208,0.6077650785446167,0.5402742028236389,-0.2504417300224304,0.7168319225311279,0.522160530090332,0.027900580316781998,0.657048761844635,0.5222269296646118,-0.028046894818544388,0.7205244898796082,0.6731472015380859,0.05001197010278702,0.6434081196784973,0.6722222566604614,-0.013217595405876637,0.7227762937545776,0.798710286617279,0.2522519528865814,0.6377977728843689,0.7968721389770508,0.2007511854171753,0.7149685025215149,0.8157992959022522,0.2649446129798889,0.6378161907196045,0.8075898885726929,0.21384677290916443,0.7545409798622131,0.8485007882118225,0.13467949628829956,0.6436023116111755,0.8503424525260925,0.06872837990522385
