frame_index,label,video_id,l0_x,l0_y,l0_z,l1_x,l1_y,l1_z,l2_x,l2_y,l2_z,l3_x,l3_y,l3_z,l4_x,l4_y,l4_z,l5_x,l5_y,l5_z,l6_x,l6_y,l6_z,l7_x,l7_y,l7_z,l8_x,l8_y,l8_z,l9_x,l9_y,l9_z,l10_x,l10_y,l10_z,l11_x,l11_y,l11_z,l12_x,l12_y,l12_z,l13_x,l13_y,l13_z,l14_x,l14_y,l14_z,l15_x,l15_y,l15_z,l16_x,l16_y,l16_z,l17_x,l17_y,l17_z,l18_x,l18_y,l18_z,l19_x,l19_y,l19_z,l20_x,l20_y,l20_z,l21_x,l21_y,l21_z,l22_x,l22_y,l22_z,l23_x,l23_y,l23_z,l24_x,l24_y,l24_z,l25_x,l25_y,l25_z,l26_x,l26_y,l26_z,l27_x,l27_y,l27_z,l28_x,l28_y,l28_z,l29_x,l29_y,l29_z,l30_x,l30_y,l30_z,l31_x,l31_y,l31_z,l32_x,l32_y,l32_z
0,catch_cap,a04_s09_e01,0.7037372589111328,0.30720800161361694,-0.33828872442245483,0.7062665224075317,0.2949902415275574,-0.3222709000110626,0.7085991501808167,0.29464107751846313,-0.3222903907299042,0.7113030552864075,0.2944205701351166,-0.32230135798454285,0.6968996524810791,0.29456931352615356,-0.32793325185775757,0.6923127770423889,0.2942940890789032,-0.3279763460159302,0.6882209777832031,0.2944123446941376,-0.3279998004436493,0.712611973285675,0.2976684272289276,-0.20552733540534973,0.6804161071777344,0.299994558095932,-0.2312738448381424,0.7069475054740906,0.321005642414093,-0.2923485338687897,0.6957781910896301,0.32154473662376404,-0.2999209761619568,0.7396619319915771,0.38123252987861633,-0.10584726184606552,0.651943027973175,0.3852806091308594,-0.1510622203350067,0.7501793503761292,0.4719444215297699,-0.040210649371147156,0.6427695155143738,0.48008936643600464,-0.10418190062046051,0.7649460434913635,0.5460111498832703,-0.13573196530342102,0.6326910257339478,0.5606695413589478,-0.18735024333000183,0.7681484818458557,0.5727059245109558,-0.1618141531944275,0.6284193992614746,0.5842733979225159,-0.21439878642559052,0.7650249004364014,0.5712587237358093,-0.19585701823234558,0.6310678124427795,0.5846787095069885,-0.2514273226261139,0.7630264759063721,0.5646674633026123,-0.15133395791053772,0.6337738037109375,0.5768541097640991,-0.20304906368255615,0.7205849289894104,0.5497714281082153,0.01415588241070509,0.6703994870185852,0.5509650111198425,-0.014261278323829174,0.7176021337509155,0.6821975708007812,-0.002169172978028655,0.6705453395843506,0.6778931021690369,-0.027938690036535263,0.7189118266105652,0.798493504524231,0.1572481095790863,0.6672402620315552,0.798217236995697,0.13523396849632263,0.7106418609619141,0.812938928604126,0.16542012989521027,0.6678675413131714,0.8157202005386353,0.1440580040216446,0.7299142479896545,0.8376181721687317,0.039644695818424225,0.6750807762145996,0.833733856678009,0.015065205283463001
1,catch_cap,a04_s09_e01,0.7037442922592163,0.3071271479129791,-0.3397120237350464,0.7065297365188599,0.2948172688484192,-0.32369762659072876,0.7089444398880005,0.2945442199707031,-0.32370781898498535,0.7115166187286377,0.29436808824539185,-0.3237062096595764,0.6972497701644897,0.29437029361724854,-0.32899487018585205,0.6929698586463928,0.294101744890213,-0.32903939485549927,0.6886844038963318,0.29420194029808044,-0.3290587067604065,0.7127004861831665,0.2979273498058319,-0.20930390059947968,0.6804729700088501,0.3000020384788513,-0.23405230045318604,0.7069884538650513,0.32100215554237366,-0.2950553297996521,0.6960031390190125,0.32154151797294617,-0.3022979199886322,0.7396661043167114,0.38110587000846863,-0.1152174100279808,0.6519418954849243,0.38499128818511963,-0.15287427604198456,0.7508407235145569,0.47086891531944275,-0.04841989651322365,0.6426529288291931,0.4805339276790619,-0.10415662825107574,0.7650914192199707,0.5449113845825195,-0.13723468780517578,0.6326830387115479,0.5608976483345032,-0.1810147613286972,0.7682245373725891,0.5717153549194336,-0.16224485635757446,0.6283997297286987,0.5845686793327332,-0.20674821734428406,0.7650130391120911,0.5704778432846069,-0.19603680074214935,0.6310731172561646,0.584792971611023,-0.24195928871631622,0.7627978920936584,0.5640870928764343,-0.1525377482175827,0.63379967212677,0.5769575834274292,-0.19597814977169037,0.7206467390060425,0.5499078035354614,0.01270363200455904,0.6703701615333557,0.5509713292121887,-0.012816140428185463,0.7176493406295776,0.6829895377159119,0.012135172262787819,0.6705085039138794,0.6778435111045837,-0.008766676299273968,0.7189253568649292,0.7990898489952087,0.15973243117332458,0.6672366857528687,0.7942403554916382,0.1515817791223526,0.7118914723396301,0.8132643103599548,0.16728192567825317,0.6679501533508301,0.811130166053772,0.16007256507873535,0.7318089604377747,0.8378497958183289,0.04684074595570564,0.6741521954536438,0.8292931318283081,0.035573434084653854
2,catch_cap,a04_s09_e01,0.7037506103515625,0.30709460377693176,-0.33914387226104736,0.7067281603813171,0.2946500778198242,-0.32297736406326294,0.7091805338859558,0.29443198442459106,-0.3229854702949524,0.7116488218307495,0.2942914366722107,-0.32297825813293457,0.6975304484367371,0.2941984236240387,-0.3281470537185669,0.6934062838554382,0.2939324975013733,-0.3281922936439514,0.6890203952789307,0.29401132464408875,-0.32821065187454224,0.7127336859703064,0.2980135977268219,-0.20924310386180878,0.6805135011672974,0.2999902665615082,-0.23372754454612732,0.7070020437240601,0.3210015892982483,-0.2949128746986389,0.6961876153945923,0.32154178619384766,-0.3020753562450409,0.7396680116653442,0.3809914290904999,-0.11435452848672867,0.6519317030906677,0.3846118748188019,-0.15282437205314636,0.751139760017395,0.47003650665283203,-0.04836798086762428,0.6425215601921082,0.48090067505836487,-0.10325368493795395,0.7651278376579285,0.5442972183227539,-0.13742932677268982,0.6326597929000854,0.5611511468887329,-0.17803508043289185,0.7682408094406128,0.5709819793701172,-0.16227500140666962,0.6283251047134399,0.584743082523346,-0.20389869809150696,0.7649704217910767,0.5698596835136414,-0.1960364729166031,0.6310420632362366,0.5848714709281921,-0.2388199269771576,0.7625352740287781,0.563654363155365,-0.15269294381141663,0.6337985992431641,0.5770662426948547,-0.19288375973701477,0.7206680178642273,0.5500198602676392,0.012512858025729656,0.6703641414642334,0.5509765148162842,-0.0126268919557333,0.7176716923713684,0.6833458542823792,0.014896099455654621,0.6704827547073364,0.6777026653289795,-0.007229158189147711,0.7189368009567261,0.7993544340133667,0.16203641891479492,0.6672315001487732,0.7925257086753845,0.15394465625286102,0.71256023645401,0.813398540019989,0.1695302128791809,0.6679997444152832,0.8093182444572449,0.1625448316335678,0.7327411770820618,0.8379020094871521,0.050526805222034454,0.6738500595092773,0.8275874853134155,0.03783893957734108
3,catch_cap,a04_s09_e01,0.7037701606750488,0.30705273151397705,-0.3391288220882416,0.7068833112716675,0.29450953006744385,-0.3229674994945526,0.7093586921691895,0.29434385895729065,-0.3229758143424988,0.7117542028427124,0.29424113035202026,-0.3229690194129944,0.6977357864379883,0.2940159738063812,-0.328144907951355,0.6936940550804138,0.29374465346336365,-0.3281901478767395,0.6892499327659607,0.29380491375923157,-0.32820838689804077,0.712739884853363,0.29812273383140564,-0.20918233692646027,0.6805251836776733,0.2999495565891266,-0.23386064171791077,0.707018256187439,0.320998877286911,-0.2948538661003113,0.6963281631469727,0.32153910398483276,-0.3020533323287964,0.739643394947052,0.38098374009132385,-0.11479461193084717,0.6519070863723755,0.38436371088027954,-0.15338870882987976,0.7513177394866943,0.4697811007499695,-0.04841127246618271,0.6423956155776978,0.4814022481441498,-0.10333997011184692,0.7651398777961731,0.543933093547821,-0.13700483739376068,0.6326440572738647,0.561704695224762,-0.17790572345256805,0.7682530283927917,0.5706044435501099,-0.1612623929977417,0.6283137202262878,0.5851237177848816,-0.20364215970039368,0.7649086117744446,0.569507896900177,-0.19462914764881134,0.6310368180274963,0.5851108431816101,-0.23854045569896698,0.7622632384300232,0.5633968710899353,-0.15214182436466217,0.6337989568710327,0.5773427486419678,-0.19273480772972107,0.7206745147705078,0.5500852465629578,0.0124898012727499,0.6703287959098816,0.5509786605834961,-0.01260446198284626,0.7177053093910217,0.6837161183357239,0.01679224893450737,0.6704596281051636,0.6774818897247314,-0.00644291564822197,0.7189326286315918,0.7994310855865479,0.16399547457695007,0.667199969291687,0.791847825050354,0.15410761535167694,0.7127940058708191,0.8134772181510925,0.1715066134929657,0.6679990291595459,0.8087405562400818,0.16271206736564636,0.7333265542984009,0.8379135131835938,0.053888410329818726,0.6736291646957397,0.8265987038612366,0.0385555624961853
4,catch_cap,a04_s09_e01,0.7037709951400757,0.30701252818107605,-0.33850979804992676,0.706926703453064,0.2943870723247528,-0.32226747274398804,0.7094129323959351,0.2942579984664917,-0.3222753703594208,0.711767315864563,0.2941824197769165,-0.3222663998603821,0.6978023052215576,0.2938671112060547,-0.32753443717956543,0.6937790513038635,0.29358339309692383,-0.3275788426399231,0.6893171072006226,0.29362884163856506,-0.3275968134403229,0.7127223014831543,0.298166960477829,-0.20887646079063416,0.6805204749107361,0.2999005913734436,-0.2338036596775055,0.7070165872573853,0.3209892213344574,-0.29447615146636963,0.6963841319084167,0.3215347230434418,-0.3017975986003876,0.7395727634429932,0.3809000849723816,-0.11430481821298599,0.6517993807792664,0.38415220379829407,-0.15337210893630981,0.75142502784729,0.46931666135787964,-0.04848385602235794,0.6422926187515259,0.4815334975719452,-0.10334868729114532,0.7651423811912537,0.5433923006057739,-0.13717475533485413,0.6325963735580444,0.5620527267456055,-0.1776120364665985,0.7682539224624634,0.5700485110282898,-0.1614072024822235,0.6282574534416199,0.5853497385978699,-0.20346960425376892,0.7647466063499451,0.5689795017242432,-0.19465911388397217,0.6309918761253357,0.5853163003921509,-0.23829138278961182,0.7618682384490967,0.562999963760376,-0.152287095785141,0.6337746381759644,0.5775660872459412,-0.19239065051078796,0.7206698060035706,0.550096869468689,0.012436320073902607,0.6702629327774048,0.5509785413742065,-0.012550952844321728,0.7177108526229858,0.6838017702102661,0.01755668967962265,0.6703680753707886,0.6773544549942017,-0.005671114195138216,0.7189384698867798,0.7994464039802551,0.16591934859752655,0.6671804785728455,0.7911975383758545,0.15624558925628662,0.7130376100540161,0.8135025501251221,0.1735697090625763,0.6679970026016235,0.8082370162010193,0.16499707102775574,0.7336311340332031,0.8379096388816833,0.05590423196554184,0.6734371781349182,0.8258753418922424,0.04078167304396629
5,catch_cap,a04_s09_e01,0.7037700414657593,0.30700746178627014,-0.3385075628757477,0.7069472074508667,0.29433971643447876,-0.32226771116256714,0.7094411253929138,0.2942257821559906,-0.3222756087779999,0.7117708921432495,0.2941616177558899,-0.3222666382789612,0.697830080986023,0.29380056262016296,-0.32753637433052063,0.6938081979751587,0.2935009300708771,-0.3275807499885559,0.6893408298492432,0.29352524876594543,-0.3275987505912781,0.7126956582069397,0.2982062101364136,-0.2088184803724289,0.6805180311203003,0.29982560873031616,-0.23403283953666687,0.7070110440254211,0.3209875822067261,-0.29443925619125366,0.6964226365089417,0.3215382397174835,-0.3017982840538025,0.7395035028457642,0.38076505064964294,-0.1148260235786438,0.6516640186309814,0.38407671451568604,-0.1539553850889206,0.7514441013336182,0.4688798487186432,-0.04950394853949547,0.6421633362770081,0.48170170187950134,-0.10371897369623184,0.7651370763778687,0.5427371263504028,-0.1377021223306656,0.6324865818023682,0.5624212622642517,-0.17768244445323944,0.768253743648529,0.5694189667701721,-0.16180607676506042,0.6281366944313049,0.5855923891067505,-0.20345869660377502,0.764598548412323,0.5683545470237732,-0.19494321942329407,0.630872368812561,0.5855309963226318,-0.23819033801555634,0.7615459561347961,0.5625260472297668,-0.15278056263923645,0.6336958408355713,0.5777878165245056,-0.19240814447402954,0.7206567525863647,0.5500986576080322,0.01245028804987669,0.6701899766921997,0.550977885723114,-0.012564835138618946,0.7177120447158813,0.6838428974151611,0.018724454566836357,0.6702757477760315,0.677219808101654,-0.00586859043687582,0.7189314961433411,0.7994520664215088,0.1658068150281906,0.6671677827835083,0.7910059690475464,0.15464800596237183,0.7131208181381226,0.8135263323783875,0.17340315878391266,0.6679971814155579,0.8081544637680054,0.16328933835029602,0.7338392734527588,0.8379067182540894,0.055870842188596725,0.673331081867218,0.8255980014801025,0.039067525416612625
6,catch_cap,a04_s09_e01,0.7037738561630249,0.30699044466018677,-0.3386222720146179,0.7069638967514038,0.2942323088645935,-0.32237857580184937,0.7094573378562927,0.29414403438568115,-0.3223866820335388,0.7117713093757629,0.29410117864608765,-0.3223778009414673,0.6978583931922913,0.29367169737815857,-0.3277271091938019,0.6938310265541077,0.2933639585971832,-0.32777073979377747,0.6893585920333862,0.29338109493255615,-0.32778817415237427,0.7125922441482544,0.2982129454612732,-0.2087372988462448,0.680484414100647,0.29973527789115906,-0.23441152274608612,0.7070077657699585,0.32098376750946045,-0.29447129368782043,0.6964620351791382,0.3215380012989044,-0.3019433617591858,0.7393804788589478,0.38064372539520264,-0.11457107216119766,0.6515265703201294,0.38399213552474976,-0.154242604970932,0.7514357566833496,0.46866652369499207,-0.049070168286561966,0.6420615315437317,0.4818721413612366,-0.10398421436548233,0.7650661468505859,0.5422876477241516,-0.13768523931503296,0.6323975324630737,0.5626270771026611,-0.17811647057533264,0.7682454586029053,0.5688249468803406,-0.1617889255285263,0.6280654668807983,0.5857194066047668,-0.2039911299943924,0.7644919753074646,0.5677527189254761,-0.19494828581809998,0.6307748556137085,0.5856121182441711,-0.2388906478881836,0.7613309025764465,0.5621142983436584,-0.1527719497680664,0.6336156129837036,0.57789546251297,-0.19290930032730103,0.7206441760063171,0.5500776171684265,0.012461022473871708,0.6701358556747437,0.5509765148162842,-0.012575526721775532,0.7177159190177917,0.6839436888694763,0.01824338175356388,0.6702488660812378,0.6771259903907776,-0.0058048986829817295,0.7189264297485352,0.7994767427444458,0.16603027284145355,0.6671138405799866,0.7908260822296143,0.15505939722061157,0.7131716012954712,0.8135295510292053,0.1736484318971634,0.6679835319519043,0.8078778982162476,0.16373342275619507,0.7339760661125183,0.8379136919975281,0.05567216873168945,0.6732335090637207,0.8255809545516968,0.039425261318683624
7,catch_cap,a04_s09_e01,0.703777551651001,0.30697721242904663,-0.33647292852401733,0.7069649696350098,0.29417306184768677,-0.32017943263053894,0.7094575762748718,0.2941015064716339,-0.32018929719924927,0.7117538452148438,0.2940710484981537,-0.32018110156059265,0.6978830099105835,0.29358670115470886,-0.3259875178337097,0.6938654184341431,0.29327285289764404,-0.32603004574775696,0.6893984079360962,0.29328635334968567,-0.32604795694351196,0.7123804092407227,0.29821693897247314,-0.20660455524921417,0.6804723739624023,0.2996748387813568,-0.23415255546569824,0.707000195980072,0.3209683299064636,-0.2923436164855957,0.6965116858482361,0.32153359055519104,-0.30043232440948486,0.7392394542694092,0.38051027059555054,-0.11322013288736343,0.6513737440109253,0.383919358253479,-0.15443755686283112,0.7512862682342529,0.4682263731956482,-0.04771898314356804,0.6419559717178345,0.4819187819957733,-0.10486748069524765,0.7649455070495605,0.5414870381355286,-0.13532808423042297,0.6323100328445435,0.5626605153083801,-0.1780869960784912,0.7682085633277893,0.5681848526000977,-0.15910840034484863,0.6279021501541138,0.5857625603675842,-0.20386922359466553,0.7643702030181885,0.5670498609542847,-0.19218727946281433,0.6306592226028442,0.5856829285621643,-0.2384045422077179,0.7611457109451294,0.5615705251693726,-0.1504499912261963,0.6335474252700806,0.5779581665992737,-0.1927383691072464,0.7205900549888611,0.5500572323799133,0.012774094939231873,0.6700918674468994,0.5509759783744812,-0.012890787795186043,0.717717170715332,0.683984100818634,0.020173855125904083,0.6702362895011902,0.6767547726631165,-0.005849004723131657,0.7189160585403442,0.7994673252105713,0.16751942038536072,0.6670451164245605,0.790546715259552,0.15541206300258636,0.7132015824317932,0.8135267496109009,0.17518773674964905,0.6678012609481812,0.807572603225708,0.16419468820095062,0.7341371774673462,0.837914228439331,0.058757103979587555,0.6731957197189331,0.82533860206604,0.0407450869679451
8,catch_cap,a04_s09_e01,0.7037762403488159,0.3069486916065216,-0.33653807640075684,0.7069542407989502,0.29406729340553284,-0.3202700614929199,0.7094414234161377,0.2940162122249603,-0.3202802240848541,0.7116923332214355,0.29400309920310974,-0.3202728033065796,0.6978968977928162,0.29345425963401794,-0.32602617144584656,0.6938892006874084,0.29313626885414124,-0.32606858015060425,0.6894353628158569,0.2931416630744934,-0.3260869085788727,0.7120316028594971,0.2982179820537567,-0.20660372078418732,0.6804302930831909,0.29958099126815796,-0.23454880714416504,0.7069185972213745,0.32096198201179504,-0.2923523783683777,0.6965283155441284,0.32152408361434937,-0.3005578815937042,0.739040732383728,0.3804490268230438,-0.11326619237661362,0.6511800289154053,0.38387420773506165,-0.15563824772834778,0.7511798143386841,0.4680578112602234,-0.04801342263817787,0.6417919993400574,0.48192909359931946,-0.10638074576854706,0.764851450920105,0.5413949489593506,-0.13564015924930573,0.6321710348129272,0.5626848936080933,-0.1782771497964859,0.7681744694709778,0.568000853061676,-0.1593112051486969,0.6277478933334351,0.5857878923416138,-0.20414963364601135,0.764275848865509,0.566888153553009,-0.19224217534065247,0.6305403113365173,0.5857248902320862,-0.23882713913917542,0.7609978914260864,0.5614284873008728,-0.15074053406715393,0.6334527730941772,0.5779979825019836,-0.19301462173461914,0.7204572558403015,0.5500172972679138,0.012837829999625683,0.6699501276016235,0.5509748458862305,-0.012956080958247185,0.7177181243896484,0.6839838027954102,0.020662443712353706,0.6702265739440918,0.6765598058700562,-0.005405119154602289,0.7189152240753174,0.7994387745857239,0.16779164969921112,0.6670429706573486,0.7903224229812622,0.15608730912208557,0.7132371664047241,0.8134604096412659,0.17544719576835632,0.6678019165992737,0.8073719143867493,0.1648920774459839,0.7342425584793091,0.8378897905349731,0.05889096111059189,0.6731981635093689,0.8252127766609192,0.041598476469516754
9,catch_cap,a04_s09_e01,0.7037780284881592,0.3068779408931732,-0.3359769284725189,0.7069419622421265,0.2939097285270691,-0.31959396600723267,0.7094203233718872,0.29387518763542175,-0.31960541009902954,0.7116295099258423,0.2938789129257202,-0.319598525762558,0.6979040503501892,0.29330122470855713,-0.3256109654903412,0.6938983798027039,0.2929943799972534,-0.32565295696258545,0.6894500255584717,0.293012410402298,-0.32567113637924194,0.711696982383728,0.2982042133808136,-0.20561346411705017,0.6803734302520752,0.29951050877571106,-0.2345033884048462,0.7068790793418884,0.3209357261657715,-0.2917057275772095,0.6965675354003906,0.32150813937187195,-0.3002062439918518,0.7388098835945129,0.38043954968452454,-0.1127583235502243,0.6510031819343567,0.3837558627128601,-0.15604263544082642,0.7509891986846924,0.46797075867652893,-0.04793926328420639,0.6416168808937073,0.48193657398223877,-0.10762794315814972,0.7646802663803101,0.5411660075187683,-0.13566897809505463,0.6320089101791382,0.562693178653717,-0.17849551141262054,0.7681035399436951,0.5677582025527954,-0.15939421951770782,0.6275368928909302,0.5858259797096252,-0.20431816577911377,0.764159083366394,0.5666351318359375,-0.1923881471157074,0.6304523944854736,0.5857693552970886,-0.23899412155151367,0.7608475089073181,0.5612117648124695,-0.1507737636566162,0.6333932876586914,0.5780351161956787,-0.1931038200855255,0.7203700542449951,0.550010085105896,0.013254801742732525,0.6698492765426636,0.550978422164917,-0.013372411020100117,0.7177211046218872,0.6840381026268005,0.02244826778769493,0.670211136341095,0.6764323115348816,-0.005053962580859661,0.718889594078064,0.7994309067726135,0.17007267475128174,0.6669973134994507,0.790105402469635,0.15743926167488098,0.7132320404052734,0.8134517073631287,0.1778019666671753,0.6677665114402771,0.8071880340576172,0.16636785864830017,0.7344111204147339,0.8378845453262329,0.06214984506368637,0.6731756925582886,0.8250998258590698,0.04357713833451271
10,catch_cap,a04_s09_e01,0.7039661407470703,0.30684563517570496,-0.33604341745376587,0.7069598436355591,0.293822318315506,-0.31965312361717224,0.7094202637672424,0.29378995299339294,-0.31966525316238403,0.711609423160553,0.2938033938407898,-0.31965938210487366,0.6980568766593933,0.293219655752182,-0.32568562030792236,0.6940842270851135,0.2929224371910095,-0.3257278800010681,0.6896487474441528,0.2929319739341736,-0.3257462978363037,0.7113143801689148,0.2981894612312317,-0.20542457699775696,0.6803709268569946,0.29942840337753296,-0.23604147136211395,0.7068990468978882,0.320892333984375,-0.2916993498802185,0.6968878507614136,0.32148903608322144,-0.3003597557544708,0.7385271191596985,0.3803483843803406,-0.11209770292043686,0.6507316827774048,0.38375431299209595,-0.16001954674720764,0.7506923675537109,0.46794572472572327,-0.04744365066289902,0.6415174007415771,0.4819357097148895,-0.11306001245975494,0.7643852233886719,0.5410218834877014,-0.13543452322483063,0.6318411231040955,0.5627442598342896,-0.18157845735549927,0.7679809927940369,0.5675250887870789,-0.1592712700366974,0.6273833513259888,0.5859896540641785,-0.20728380978107452,0.7641257643699646,0.5664229989051819,-0.19238939881324768,0.6303576827049255,0.5859535932540894,-0.24157078564167023,0.7607985138893127,0.5610612034797668,-0.15063515305519104,0.6333206295967102,0.5781528353691101,-0.19602923095226288,0.7200578451156616,0.5499750971794128,0.014557421207427979,0.6696016192436218,0.5509732365608215,-0.014672592282295227,0.7177155017852783,0.6840354800224304,0.02546045184135437,0.6701949834823608,0.676314115524292,-0.005331225227564573,0.7188655734062195,0.7993214726448059,0.17121675610542297,0.6669712662696838,0.7900844216346741,0.1566874086856842,0.713225245475769,0.8133702874183655,0.1788163036108017,0.6677441000938416,0.8072488307952881,0.1655614972114563,0.7345625162124634,0.8378769159317017,0.06394379585981369,0.6731770038604736,0.8249995112419128,0.04265888035297394
11,catch_cap,a04_s09_e01,0.7044062614440918,0.30672377347946167,-0.3303026258945465,0.7070211172103882,0.2936423718929291,-0.31353655457496643,0.7094283699989319,0.29361608624458313,-0.3135535418987274,0.7115998864173889,0.29364460706710815,-0.31355172395706177,0.6983523368835449,0.2930658459663391,-0.32142192125320435,0.6944154500961304,0.2927968204021454,-0.3214603364467621,0.6899973154067993,0.29279690980911255,-0.32147708535194397,0.7108070254325867,0.2981543242931366,-0.19848842918872833,0.6803620457649231,0.2993201017379761,-0.23581047356128693,0.7070218920707703,0.32081350684165955,-0.2855203449726105,0.6975008249282837,0.3214413523674011,-0.296427845954895,0.7378370761871338,0.3801873028278351,-0.10433795303106308,0.6502026915550232,0.3837033808231354,-0.16072756052017212,0.7500627636909485,0.46762004494667053,-0.03731950372457504,0.6414621472358704,0.48194757103919983,-0.11609937995672226,0.7642201781272888,0.5405968427658081,-0.12421351671218872,0.6317757368087769,0.5631208419799805,-0.1837264448404312,0.767937958240509,0.5672397017478943,-0.14766505360603333,0.6273022294044495,0.5864937901496887,-0.20952995121479034,0.7640858888626099,0.5661555528640747,-0.1808609664440155,0.6303375959396362,0.5865394473075867,-0.2434598207473755,0.7607229351997375,0.5607823729515076,-0.13964322209358215,0.633311927318573,0.5785943865776062,-0.19800379872322083,0.7197680473327637,0.549974262714386,0.015755172818899155,0.6694331765174866,0.5509793758392334,-0.01586737111210823,0.7177082896232605,0.6840394139289856,0.02612333558499813,0.6701446771621704,0.6762239933013916,-0.005651077721267939,0.7188635468482971,0.7992852330207825,0.1727808266878128,0.6669577360153198,0.7898860573768616,0.15668541193008423,0.7132276296615601,0.8132612705230713,0.18053151667118073,0.6676648259162903,0.8071271181106567,0.16563549637794495,0.7346097826957703,0.837876558303833,0.06680858135223389,0.6731916666030884,0.8249601721763611,0.043380431830883026
12,catch_cap,a04_s09_e01,0.7047827839851379,0.3064202666282654,-0.33105403184890747,0.7070678472518921,0.29338496923446655,-0.31429654359817505,0.7094300985336304,0.29337260127067566,-0.3143129050731659,0.7115811109542847,0.29342350363731384,-0.31431135535240173,0.6986205577850342,0.29285162687301636,-0.32195451855659485,0.6947085857391357,0.2926174998283386,-0.3219938576221466,0.6903330683708191,0.2926121652126312,-0.3220115900039673,0.7102996110916138,0.29811784625053406,-0.19898435473442078,0.6803607940673828,0.2991770803928375,-0.23858873546123505,0.7071261405944824,0.32067838311195374,-0.2861907184123993,0.6980174779891968,0.32131487131118774,-0.2965748608112335,0.736860990524292,0.37990158796310425,-0.10408900678157806,0.6498633623123169,0.38357239961624146,-0.16574212908744812,0.7493871450424194,0.46744850277900696,-0.03612614423036575,0.6414070725440979,0.48194053769111633,-0.1224215179681778,0.7641152143478394,0.5403870940208435,-0.12334754317998886,0.6317204236984253,0.5632623434066772,-0.19014118611812592,0.7679328918457031,0.5670161843299866,-0.1468236893415451,0.6272639036178589,0.5868064165115356,-0.21628634631633759,0.7640957832336426,0.5660151839256287,-0.18047448992729187,0.6303339600563049,0.5868539214134216,-0.25021979212760925,0.7607275247573853,0.560616672039032,-0.13901875913143158,0.6333094239234924,0.5788261294364929,-0.20441934466362,0.7195712924003601,0.5497070550918579,0.01642661914229393,0.6693640947341919,0.5508803725242615,-0.01653454825282097,0.7176646590232849,0.6839853525161743,0.02778255008161068,0.6700729131698608,0.6761580109596252,-0.005548005923628807,0.71886146068573,0.7992799878120422,0.17271064221858978,0.6669125556945801,0.7899152040481567,0.15630455315113068,0.7132241129875183,0.8132595419883728,0.1802971214056015,0.6675984859466553,0.8070932626724243,0.16524961590766907,0.734644889831543,0.8378885388374329,0.06621544063091278,0.6731961369514465,0.8249890208244324,0.04260438308119774
13,catch_cap,a04_s09_e01,0.7052974700927734,0.30600371956825256,-0.3257067799568176,0.7071710228919983,0.2931331992149353,-0.30871936678886414,0.7094516158103943,0.2931232750415802,-0.3087376356124878,0.7115796208381653,0.29318276047706604,-0.3087364137172699,0.6989085674285889,0.2926856279373169,-0.317827969789505,0.6949843168258667,0.2925035059452057,-0.3178666830062866,0.6906030178070068,0.29251569509506226,-0.3178832530975342,0.7099444270133972,0.2980928421020508,-0.1935780793428421,0.6803452968597412,0.2991698682308197,-0.2381405532360077,0.7073572278022766,0.32049286365509033,-0.2809032201766968,0.6985569596290588,0.3212098181247711,-0.29322558641433716,0.7358446717262268,0.37978899478912354,-0.09808280318975449,0.649633526802063,0.3835739195346832,-0.1656496524810791,0.7481982707977295,0.4673917591571808,-0.028801312670111656,0.6413303017616272,0.48204728960990906,-0.12417544424533844,0.7640822529792786,0.5398609638214111,-0.11479651927947998,0.6317175030708313,0.5635364651679993,-0.19175943732261658,0.76795893907547,0.5664768218994141,-0.13774219155311584,0.6272677183151245,0.5871277451515198,-0.2178267538547516,0.7642790079116821,0.5655333399772644,-0.1715867519378662,0.630355715751648,0.58717942237854,-0.2514258623123169,0.7609067559242249,0.5599485635757446,-0.1306716501712799,0.633339524269104,0.5791170001029968,-0.20588429272174835,0.7193317413330078,0.5496370196342468,0.017733488231897354,0.6693189740180969,0.5508489012718201,-0.017833542078733444,0.7176370024681091,0.683982789516449,0.0298527292907238,0.6699957847595215,0.6760765910148621,-0.005737448111176491,0.7188562750816345,0.7992955446243286,0.17231377959251404,0.6669008731842041,0.7898603081703186,0.15412554144859314,0.7132183313369751,0.8133665323257446,0.1802588403224945,0.6675280928611755,0.8070935606956482,0.16261476278305054,0.7348465919494629,0.8379018306732178,0.06556366384029388,0.6731988191604614,0.824910044670105,0.04186003655195236
14,catch_cap,a04_s09_e01,0.7062674164772034,0.30573520064353943,-0.32203903794288635,0.7073932886123657,0.2929675281047821,-0.30515557527542114,0.7095175981521606,0.2929491698741913,-0.3051731288433075,0.7115820646286011,0.29299813508987427,-0.30517226457595825,0.699502170085907,0.29261547327041626,-0.3155847191810608,0.6956038475036621,0.29246389865875244,-0.31562358140945435,0.6912842988967896,0.2924857437610626,-0.3156401515007019,0.709383487701416,0.29807984828948975,-0.1903679370880127,0.6803518533706665,0.29916447401046753,-0.23832614719867706,0.7079038619995117,0.3202802836894989,-0.27718567848205566,0.6995794773101807,0.32111093401908875,-0.29128003120422363,0.7348386645317078,0.3795402944087982,-0.09411332756280899,0.6489781141281128,0.3835926055908203,-0.16955547034740448,0.7472753524780273,0.46719878911972046,-0.021792782470583916,0.641303300857544,0.4820477068424225,-0.1308603286743164,0.7641343474388123,0.5395451784133911,-0.10382282733917236,0.6317392587661743,0.5636271834373474,-0.19547387957572937,0.7682732939720154,0.5658247470855713,-0.1254701018333435,0.6273201704025269,0.5873025059700012,-0.2211122214794159,0.7652420401573181,0.5648325085639954,-0.15950414538383484,0.630513072013855,0.5873203277587891,-0.2543639838695526,0.7621637582778931,0.5590102076530457,-0.11979226022958755,0.6335188150405884,0.579252302646637,-0.2093496322631836,0.7191306948661804,0.5495757460594177,0.018824536353349686,0.6692259907722473,0.550839364528656,-0.018914485350251198,0.7175723910331726,0.6839475035667419,0.032228607684373856,0.6698737740516663,0.6759253144264221,-0.005673161707818508,0.7188543081283569,0.7993031144142151,0.17210015654563904,0.6668967008590698,0.789513885974884,0.15255309641361237,0.7132142782211304,0.8134778141975403,0.17986997961997986,0.6675257682800293,0.8069486618041992,0.16072328388690948,0.7349021434783936,0.8378924131393433,0.06589704006910324,0.6731972098350525,0.8244896531105042,0.0416848361492157
15,catch_cap,a04_s09_e01,0.7073519825935364,0.3049143850803375,-0.31422704458236694,0.7076820135116577,0.2924879789352417,-0.29703620076179504,0.709606409072876,0.29245999455451965,-0.2970576286315918,0.7115844488143921,0.29249075055122375,-0.29705673456192017,0.7002972960472107,0.29233962297439575,-0.3088057041168213,0.6964544653892517,0.2922627031803131,-0.30884256958961487,0.6921680569648743,0.29233500361442566,-0.30886104702949524,0.7085067629814148,0.2978224754333496,-0.18235860764980316,0.6804012060165405,0.29906165599823,-0.23750722408294678,0.7085440158843994,0.31927233934402466,-0.2694593667984009,0.7007940411567688,0.32031378149986267,-0.285328209400177,0.7334772348403931,0.3790472745895386,-0.0870644822716713,0.6487791538238525,0.38351020216941833,-0.16984552145004272,0.7462420463562012,0.46698442101478577,-0.014600577764213085,0.6412569880485535,0.481986403465271,-0.13250693678855896,0.764722466468811,0.5380619168281555,-0.0981544628739357,0.6317594647407532,0.5636284947395325,-0.19617417454719543,0.769116997718811,0.5632047653198242,-0.12027128040790558,0.6274455785751343,0.5873879790306091,-0.22179444134235382,0.7668057680130005,0.5619929432868958,-0.154403954744339,0.6310447454452515,0.587322473526001,-0.2552359700202942,0.7641757726669312,0.5557724237442017,-0.11435697227716446,0.6339660882949829,0.5792533755302429,-0.21005463600158691,0.7188251614570618,0.5494728088378906,0.019940558820962906,0.6691891551017761,0.5508485436439514,-0.020020347088575363,0.7174854874610901,0.6838494539260864,0.03438390791416168,0.6698121428489685,0.6759214997291565,-0.004963095299899578,0.7188880443572998,0.7996240854263306,0.17101570963859558,0.6668930053710938,0.7895296812057495,0.1525232493877411,0.7132572531700134,0.8139468431472778,0.17770934104919434,0.6675090789794922,0.8069619536399841,0.16064393520355225,0.7351423501968384,0.8379601240158081,0.06527363508939743,0.6731706857681274,0.8243961334228516,0.0413551926612854
16,catch_cap,a04_s09_e01,0.7085868120193481,0.30349546670913696,-0.29960131645202637,0.707987368106842,0.291725754737854,-0.2819783091545105,0.70970219373703,0.2916754484176636,-0.28200411796569824,0.7115839123725891,0.291664719581604,-0.2820034623146057,0.7010630369186401,0.29179462790489197,-0.29467615485191345,0.6972342729568481,0.2918398678302765,-0.2947039008140564,0.6929469108581543,0.29201972484588623,-0.2947256565093994,0.7075203061103821,0.2971912622451782,-0.16744449734687805,0.680550217628479,0.2989622950553894,-0.22705408930778503,0.709563136100769,0.31765809655189514,-0.25498610734939575,0.7022508978843689,0.31913647055625916,-0.2720138132572174,0.7326523065567017,0.3787900507450104,-0.07292997092008591,0.6486387252807617,0.38342246413230896,-0.16920605301856995,0.7459398508071899,0.4662795662879944,-0.0015496935229748487,0.6412335634231567,0.4817950129508972,-0.1292741298675537,0.7665899991989136,0.534332275390625,-0.08933064341545105,0.63200843334198,0.5634641051292419,-0.19501885771751404,0.771203875541687,0.5588343143463135,-0.1121218204498291,0.6279739141464233,0.5873870253562927,-0.22029533982276917,0.7688934803009033,0.5574201345443726,-0.1465655118227005,0.632023274898529,0.5872620940208435,-0.25337904691696167,0.7665858268737793,0.5504317879676819,-0.10590344667434692,0.6347721815109253,0.5792324542999268,-0.20835034549236298,0.718474805355072,0.5494738221168518,0.022885002195835114,0.6691231727600098,0.5508479475975037,-0.02294875681400299,0.7174237966537476,0.6838452219963074,0.03390116989612579,0.6697500348091125,0.6759206652641296,-0.005079353228211403,0.7188931703567505,0.7999794483184814,0.16763421893119812,0.666892409324646,0.7895415425300598,0.1531977355480194,0.713264524936676,0.8146827816963196,0.17353615164756775,0.6675081253051758,0.806995153427124,0.1614268273115158,0.7355790138244629,0.8381029963493347,0.0629131868481636,0.6731358766555786,0.8243961930274963,0.04233395308256149
17,catch_cap,a04_s09_e01,0.7108469009399414,0.3015841245651245,-0.2849767208099365,0.7088099718093872,0.29068854451179504,-0.2673071622848511,0.7100471258163452,0.2906104624271393,-0.2673357129096985,0.7116107940673828,0.2905530333518982,-0.2673342525959015,0.7026852369308472,0.29084599018096924,-0.28240126371383667,0.6991344690322876,0.29094773530960083,-0.28242576122283936,0.6949499845504761,0.29116228222846985,-0.282451868057251,0.7062208652496338,0.2960689663887024,-0.15474805235862732,0.6815879940986633,0.2983725666999817,-0.22404026985168457,0.7110633850097656,0.31565916538238525,-0.24103298783302307,0.7043980956077576,0.3174637258052826,-0.2611224055290222,0.7319951057434082,0.37854287028312683,-0.06181490421295166,0.6484634876251221,0.38333117961883545,-0.16914375126361847,0.7460342645645142,0.46536505222320557,0.008460016921162605,0.6412235498428345,0.48157012462615967,-0.13544891774654388,0.7698333263397217,0.5291491150856018,-0.08450496941804886,0.6324183344841003,0.5622150897979736,-0.19579105079174042,0.7767653465270996,0.5534419417381287,-0.10827195644378662,0.6283029317855835,0.586959719657898,-0.22176480293273926,0.7746821641921997,0.552662193775177,-0.14338718354701996,0.6328192353248596,0.5867099165916443,-0.2548215389251709,0.7718948721885681,0.5453782677650452,-0.10173387825489044,0.6354854702949524,0.5787851810455322,-0.209170863032341,0.7183544039726257,0.5494721531867981,0.027043059468269348,0.6690963506698608,0.5508425831794739,-0.02708587981760502,0.7173894643783569,0.6837364435195923,0.03296990320086479,0.6697066426277161,0.6759197115898132,-0.0020641169976443052,0.7188945412635803,0.7999802231788635,0.16543331742286682,0.666890025138855,0.7891964316368103,0.16994249820709229,0.7132760286331177,0.8146835565567017,0.17128291726112366,0.6675060987472534,0.8066132068634033,0.1796586811542511,0.7358380556106567,0.8381304144859314,0.061241231858730316,0.6731226444244385,0.8243970274925232,0.06186353415250778
18,catch_cap,a04_s09_e01,0.7124570608139038,0.30158284306526184,-0.26244020462036133,0.709544837474823,0.2905060648918152,-0.24531562626361847,0.7103907465934753,0.29042863845825195,-0.2453509271144867,0.7116464376449585,0.2903836965560913,-0.24535024166107178,0.7041856646537781,0.2906976342201233,-0.26255351305007935,0.7008460760116577,0.2908085882663727,-0.2625732123851776,0.6967392563819885,0.2910129725933075,-0.2626044452190399,0.7047134637832642,0.295940101146698,-0.13614574074745178,0.6824231743812561,0.29811325669288635,-0.2155241072177887,0.712041974067688,0.31566503643989563,-0.21948584914207458,0.7060455083847046,0.31724557280540466,-0.2423717975616455,0.7305423617362976,0.3781461715698242,-0.04653967544436455,0.6481642723083496,0.3833284080028534,-0.16838490962982178,0.7461143732070923,0.4631599187850952,0.021238982677459717,0.641219437122345,0.4815513789653778,-0.13786551356315613,0.7744921445846558,0.52031010389328,-0.07892412692308426,0.6329041123390198,0.561531662940979,-0.19662867486476898,0.783801257610321,0.5446037650108337,-0.10414744913578033,0.6286024451255798,0.5866833329200745,-0.22314608097076416,0.7821168899536133,0.5446770191192627,-0.14035502076148987,0.6336110234260559,0.5863487720489502,-0.25633686780929565,0.7785761952400208,0.536002516746521,-0.09702353179454803,0.6362725496292114,0.5784409046173096,-0.21005208790302277,0.7183454036712646,0.5495726466178894,0.03113034926354885,0.669101357460022,0.5510721802711487,-0.031150618568062782,0.7173835039138794,0.6836584210395813,0.035290978848934174,0.6696959733963013,0.6759414672851562,0.005079955793917179,0.7188856601715088,0.799706757068634,0.1657840460538864,0.6668902635574341,0.7880786657333374,0.18884479999542236,0.7132762670516968,0.8144811391830444,0.17147544026374817,0.6674721240997314,0.8055620789527893,0.19978067278862,0.7358911633491516,0.8381268382072449,0.06339393556118011,0.6731513738632202,0.824119508266449,0.08450666815042496
19,catch_cap,a04_s09_e01,0.7142782807350159,0.3012051582336426,-0.24456748366355896,0.7100151777267456,0.2900753915309906,-0.22795839607715607,0.7104694843292236,0.28997963666915894,-0.22800031304359436,0.7115432024002075,0.2899149954319,-0.22800293564796448,0.706071674823761,0.29039573669433594,-0.2464761734008789,0.7032687664031982,0.29055866599082947,-0.24649257957935333,0.6999526619911194,0.2908024489879608,-0.24652893841266632,0.702889084815979,0.29576560854911804,-0.12331752479076385,0.6843892335891724,0.2980605363845825,-0.20828333497047424,0.7131757736206055,0.3154117465019226,-0.20332562923431396,0.7084261178970337,0.31683439016342163,-0.22780469059944153,0.7295548319816589,0.3776022791862488,-0.03796065226197243,0.6480377912521362,0.3834190368652344,-0.16785135865211487,0.7461701035499573,0.4606904089450836,0.026909982785582542,0.6412098407745361,0.4815269410610199,-0.14295963943004608,0.7793713212013245,0.5116062760353088,-0.0745907872915268,0.633661150932312,0.5601111650466919,-0.19854813814163208,0.7907294631004333,0.5365579128265381,-0.10015086084604263,0.6290467977523804,0.5859118103981018,-0.2253304421901703,0.7892895936965942,0.5365868806838989,-0.13622482120990753,0.6345059275627136,0.5853461027145386,-0.2578728199005127,0.7851641774177551,0.5271654725074768,-0.09290624409914017,0.6372278332710266,0.5775197148323059,-0.21171489357948303,0.7183278799057007,0.5496785044670105,0.03377252817153931,0.6691349148750305,0.5511690974235535,-0.033774953335523605,0.717381477355957,0.6834461688995361,0.0392153300344944,0.6697666049003601,0.6758681535720825,0.0091122817248106,0.7188823223114014,0.799201250076294,0.16686181724071503,0.6669481992721558,0.7864034175872803,0.19613343477249146,0.7132874131202698,0.8140761852264404,0.1724742352962494,0.6674636006355286,0.8037936091423035,0.20742979645729065,0.7359015941619873,0.8381707072257996,0.06619583070278168,0.6733361482620239,0.8235732913017273,0.0941685140132904
20,catch_cap,a04_s09_e01,0.7151197195053101,0.29974907636642456,-0.23967969417572021,0.7101877927780151,0.28875744342803955,-0.22362425923347473,0.7104781270027161,0.28862127661705017,-0.22367338836193085,0.7113610506057739,0.28849461674690247,-0.2236814945936203,0.7068153619766235,0.28938642144203186,-0.24345329403877258,0.7041733264923096,0.2897087335586548,-0.24346394836902618,0.7011361718177795,0.29005828499794006,-0.24350889027118683,0.7015810608863831,0.29506683349609375,-0.12168756872415543,0.6855753660202026,0.2977868318557739,-0.2111111879348755,0.7138649225234985,0.31424209475517273,-0.19935087859630585,0.709485650062561,0.31562671065330505,-0.22547133266925812,0.7284888029098511,0.3767480254173279,-0.03732387349009514,0.6478845477104187,0.3834609389305115,-0.1727748066186905,0.746380090713501,0.4575757086277008,0.026380429044365883,0.6412059664726257,0.4815535545349121,-0.15450245141983032,0.7868025898933411,0.4984254837036133,-0.07813790440559387,0.6342905163764954,0.5599953532218933,-0.2085036039352417,0.7984681725502014,0.5217167139053345,-0.10407495498657227,0.6295925378799438,0.5857102870941162,-0.23514458537101746,0.7984411120414734,0.5203737616539001,-0.13957706093788147,0.6352552175521851,0.5850479006767273,-0.2679477035999298,0.7945312261581421,0.5123649835586548,-0.09656712412834167,0.6380372643470764,0.5772810578346252,-0.22173424065113068,0.7181893587112427,0.5497017502784729,0.0346774123609066,0.6691523194313049,0.5512017607688904,-0.034662265330553055,0.7173842191696167,0.683327853679657,0.039973605424165726,0.6698082089424133,0.676078736782074,0.013582339510321617,0.7188714742660522,0.7990785837173462,0.16728217899799347,0.6673451662063599,0.7864166498184204,0.20798106491565704,0.7132835388183594,0.8140196204185486,0.17268191277980804,0.6678129434585571,0.803662896156311,0.21966557204723358,0.7358986139297485,0.8382064700126648,0.06591738760471344,0.673780620098114,0.8235192894935608,0.10668624937534332
21,catch_cap,a04_s09_e01,0.7156816720962524,0.29762890934944153,-0.20767179131507874,0.7101761102676392,0.2866210639476776,-0.191366508603096,0.7103757858276367,0.28641006350517273,-0.1914311945438385,0.7107443809509277,0.2862794101238251,-0.1914423108100891,0.7071669697761536,0.2876209616661072,-0.21227440237998962,0.7046802639961243,0.288175106048584,-0.21227355301380157,0.7018550634384155,0.2887502610683441,-0.21232540905475616,0.6999319195747375,0.2943069040775299,-0.09169233590364456,0.6871184706687927,0.2973758280277252,-0.18701691925525665,0.714299738407135,0.3124050796031952,-0.16853860020637512,0.7104471921920776,0.3137393593788147,-0.19596901535987854,0.7278375625610352,0.3764806389808655,-0.014036061242222786,0.6478185057640076,0.38345420360565186,-0.1600949466228485,0.7470425963401794,0.4558057188987732,0.019338510930538177,0.6411966681480408,0.4814186692237854,-0.14690926671028137,0.7933357357978821,0.4830031096935272,-0.12499290704727173,0.634698212146759,0.5591655969619751,-0.20213714241981506,0.8083568811416626,0.5012767910957336,-0.15775273740291595,0.6299377679824829,0.5850975513458252,-0.22814027965068817,0.8082208633422852,0.49935704469680786,-0.1925216168165207,0.635621964931488,0.5844759345054626,-0.26090186834335327,0.8035883903503418,0.4925597012042999,-0.14495006203651428,0.6384874582290649,0.5768768787384033,-0.21491074562072754,0.7175903916358948,0.5495133996009827,0.037412725389003754,0.6690441370010376,0.5511692762374878,-0.03737469017505646,0.7173876762390137,0.6830273866653442,0.034725017845630646,0.6698143482208252,0.6761173605918884,0.00835513323545456,0.7188775539398193,0.7989934682846069,0.15003132820129395,0.6674706339836121,0.7864944338798523,0.1936940997838974,0.7133208513259888,0.8139762282371521,0.15441879630088806,0.6678654551506042,0.8037551045417786,0.204138845205307,0.7358917593955994,0.8381882905960083,0.04483164846897125,0.674554169178009,0.8235209584236145,0.08770708739757538
22,catch_cap,a04_s09_e01,0.7161327600479126,0.2964804470539093,-0.17752662301063538,0.7101577520370483,0.285282701253891,-0.16093739867210388,0.710208535194397,0.28502795100212097,-0.16102251410484314,0.710140585899353,0.28492265939712524,-0.16104081273078918,0.7073730826377869,0.28642886877059937,-0.1812376230955124,0.7049725651741028,0.28706660866737366,-0.18122243881225586,0.702221691608429,0.28777197003364563,-0.18127956986427307,0.6989619135856628,0.29372546076774597,-0.06289471685886383,0.6881624460220337,0.29695188999176025,-0.15470804274082184,0.7146146893501282,0.3110906183719635,-0.13939107954502106,0.7112070918083191,0.31238752603530884,-0.16580303013324738,0.7275635600090027,0.3759004473686218,0.005790929775685072,0.6476646661758423,0.38345053791999817,-0.12762346863746643,0.7497369050979614,0.4516012370586395,0.014468403533101082,0.6412019729614258,0.48132336139678955,-0.11940934509038925,0.7975674271583557,0.46038058400154114,-0.17809215188026428,0.6350972652435303,0.5589179992675781,-0.1762363165616989,0.8140300512313843,0.4761948585510254,-0.2175918072462082,0.6302835941314697,0.5847805142402649,-0.20165865123271942,0.8142753839492798,0.4724741280078888,-0.2502848505973816,0.6360016465187073,0.5841970443725586,-0.2358197271823883,0.8086779713630676,0.46626776456832886,-0.19812878966331482,0.6389236450195312,0.5767030715942383,-0.18991011381149292,0.7172721028327942,0.5495142340660095,0.03782884404063225,0.6689959764480591,0.5512555241584778,-0.037785112857818604,0.7173911333084106,0.6829249262809753,0.030092304572463036,0.6698077917098999,0.6768051385879517,-0.00017652500537224114,0.7188771367073059,0.7989043593406677,0.14529231190681458,0.6675136685371399,0.7865212559700012,0.18860463798046112,0.7133362293243408,0.8139275908470154,0.1497678905725479,0.6678980588912964,0.8037776350975037,0.19946765899658203,0.7358474135398865,0.8380883932113647,0.04059060290455818,0.6748198866844177,0.8234931230545044,0.08217893540859222
23,catch_cap,a04_s09_e01,0.716088056564331,0.2959797978401184,-0.1707504838705063,0.7099454402923584,0.28467434644699097,-0.15311165153980255,0.7096296548843384,0.284392774105072,-0.15319566428661346,0.7091168761253357,0.28426215052604675,-0.15320855379104614,0.7071760892868042,0.28576451539993286,-0.17251063883304596,0.704704999923706,0.286337673664093,-0.17249369621276855,0.7019491195678711,0.28700006008148193,-0.17255625128746033,0.6976704001426697,0.2932041585445404,-0.05258776992559433,0.6882901191711426,0.29639148712158203,-0.13986890017986298,0.7147001028060913,0.3105982542037964,-0.1320650279521942,0.7113948464393616,0.3117101490497589,-0.1572113186120987,0.7277399301528931,0.37510916590690613,0.016108807176351547,0.6474491357803345,0.38344481587409973,-0.11068250238895416,0.7550283670425415,0.44672900438308716,0.006262652575969696,0.6412760019302368,0.48132339119911194,-0.10079153627157211,0.8024059534072876,0.43824151158332825,-0.2076224982738495,0.6355769038200378,0.5588711500167847,-0.15659983456134796,0.8207067251205444,0.44578349590301514,-0.24893443286418915,0.630642831325531,0.58472740650177,-0.17951074242591858,0.8226137161254883,0.44039711356163025,-0.2791799008846283,0.636294960975647,0.5841841101646423,-0.21418721973896027,0.8148431777954102,0.4368026554584503,-0.22713741660118103,0.6392732858657837,0.5766969919204712,-0.17027904093265533,0.717073917388916,0.5495819449424744,0.037908729165792465,0.6689466834068298,0.5515888929367065,-0.03786799684166908,0.717402458190918,0.6827505826950073,0.023306645452976227,0.6698060631752014,0.6773846745491028,-0.01062045805156231,0.7188782691955566,0.7988827228546143,0.14984899759292603,0.6675499677658081,0.7866257429122925,0.18462668359279633,0.7133408188819885,0.813923180103302,0.1551682949066162,0.6679171323776245,0.8040043115615845,0.19668687880039215,0.7358176112174988,0.8379635214805603,0.04502544924616814,0.675112247467041,0.8234522342681885,0.0817655622959137
24,catch_cap,a04_s09_e01,0.7161093354225159,0.29558664560317993,-0.15320703387260437,0.7097076773643494,0.28418275713920593,-0.13592290878295898,0.7091071605682373,0.28389739990234375,-0.1359873265028,0.7083039879798889,0.2837751805782318,-0.13599562644958496,0.7070440053939819,0.2852427363395691,-0.15751852095127106,0.7045673131942749,0.28578388690948486,-0.15749450027942657,0.7018466591835022,0.28645315766334534,-0.15755122900009155,0.6967390179634094,0.2929612994194031,-0.039339546114206314,0.6883200407028198,0.2961774170398712,-0.13662922382354736,0.7148773670196533,0.31025630235671997,-0.1159195676445961,0.7117283940315247,0.31129661202430725,-0.14405041933059692,0.7277426719665527,0.37445905804634094,0.028234902769327164,0.6473163962364197,0.38338810205459595,-0.11450023949146271,0.7610124349594116,0.43713465332984924,0.010647961869835854,0.6412674784660339,0.48132285475730896,-0.105982705950737,0.8061161041259766,0.41205960512161255,-0.1779649704694748,0.6357797980308533,0.5589137673377991,-0.14835745096206665,0.8274649381637573,0.41487446427345276,-0.21500882506370544,0.6308958530426025,0.5847349762916565,-0.16790126264095306,0.8273295164108276,0.41040971875190735,-0.242735356092453,0.6365946531295776,0.5841952562332153,-0.20158636569976807,0.8186265826225281,0.40797603130340576,-0.19634570181369781,0.6395751237869263,0.5767309665679932,-0.1611771136522293,0.7169417142868042,0.5497186183929443,0.037484489381313324,0.6689794659614563,0.5520625710487366,-0.03744734078645706,0.7173923850059509,0.6825531721115112,0.01947152614593506,0.6698010563850403,0.6776105761528015,-0.01343594677746296,0.7188768982887268,0.7988817095756531,0.13652200996875763,0.6675974726676941,0.7868715524673462,0.16899996995925903,0.7133415341377258,0.8139197826385498,0.14069563150405884,0.6679511070251465,0.8042938113212585,0.17928417026996613,0.7357598543167114,0.8378708958625793,0.03113820217549801,0.6751660108566284,0.8234537243843079,0.06707119941711426
25,catch_cap,a04_s09_e01,0.7162060141563416,0.2947540581226349,-0.17477662861347198,0.7095192074775696,0.28320273756980896,-0.15664096176624298,0.7087689638137817,0.2829245626926422,-0.1566961109638214,0.7078396677970886,0.2828485667705536,-0.15670213103294373,0.7069414258003235,0.2843005955219269,-0.1775272786617279,0.7044546008110046,0.284889280796051,-0.17750509083271027,0.7017420530319214,0.28568190336227417,-0.1775583177804947,0.6964306831359863,0.29258832335472107,-0.05504059046506882,0.6884552240371704,0.2959742546081543,-0.14972105622291565,0.7151605486869812,0.3095100522041321,-0.13579007983207703,0.712121844291687,0.3106130361557007,-0.16311359405517578,0.727911651134491,0.374111145734787,0.017775075510144234,0.6473183035850525,0.38339874148368835,-0.12234912067651749,0.7676116824150085,0.42984792590141296,-0.014246853068470955,0.6412608027458191,0.4813869297504425,-0.1116328090429306,0.8093677759170532,0.3899131119251251,-0.21358950436115265,0.6360117197036743,0.5589656233787537,-0.15168744325637817,0.8283140063285828,0.3861304223537445,-0.2510163187980652,0.631242573261261,0.5847814083099365,-0.16862675547599792,0.8269187211990356,0.37940463423728943,-0.2692565321922302,0.6369763612747192,0.5842862725257874,-0.20041146874427795,0.8197020292282104,0.3802599012851715,-0.22837062180042267,0.6399781703948975,0.5768277049064636,-0.1635768562555313,0.7169450521469116,0.5499660968780518,0.037097442895174026,0.6690429449081421,0.5525850653648376,-0.037073634564876556,0.7173870801925659,0.6821718215942383,0.02443665638566017,0.6697987914085388,0.6776905655860901,-0.013099553994834423,0.7188680171966553,0.7988351583480835,0.14865893125534058,0.6676293611526489,0.7872663140296936,0.1681983470916748,0.713342010974884,0.8139065504074097,0.15370523929595947,0.6679571866989136,0.8049768805503845,0.17832617461681366,0.7357305288314819,0.8376958966255188,0.04944376274943352,0.6753203272819519,0.8233782649040222,0.0661003440618515
26,catch_cap,a04_s09_e01,0.7161021828651428,0.29479196667671204,-0.18862207233905792,0.7092748880386353,0.28289201855659485,-0.1703694462776184,0.7084074020385742,0.28259390592575073,-0.17041178047657013,0.707391619682312,0.28251591324806213,-0.1704128235578537,0.7068579792976379,0.28404566645622253,-0.1914464831352234,0.7043601274490356,0.28465622663497925,-0.1914299875497818,0.7016683220863342,0.2854920029640198,-0.1914849579334259,0.6959930062294006,0.2924889624118805,-0.0668499618768692,0.6884864568710327,0.295940101146698,-0.1614241898059845,0.7150899171829224,0.3095235526561737,-0.14888596534729004,0.7119909524917603,0.31074002385139465,-0.1764456182718277,0.7280327081680298,0.3729027211666107,0.009608671069145203,0.6473199129104614,0.383699893951416,-0.1230771541595459,0.7768028974533081,0.4161868393421173,-0.038050707429647446,0.6412050127983093,0.4823773205280304,-0.12783971428871155,0.8110014796257019,0.36025747656822205,-0.23690006136894226,0.6361371874809265,0.5595232248306274,-0.1603434532880783,0.8272218704223633,0.35108184814453125,-0.2749657928943634,0.6315184831619263,0.5850967168807983,-0.1783313751220703,0.8260349035263062,0.3451992869377136,-0.2871890664100647,0.6373614072799683,0.5846121907234192,-0.2098488062620163,0.8195918202400208,0.34836530685424805,-0.2495991438627243,0.6403663754463196,0.5771417617797852,-0.17256148159503937,0.7171258330345154,0.5500479936599731,0.037499379366636276,0.6692799925804138,0.5529198050498962,-0.03749947249889374,0.7173566818237305,0.6820913553237915,0.0424521267414093,0.6697954535484314,0.6778482794761658,-0.011075949296355247,0.718855082988739,0.7988291382789612,0.1924528181552887,0.6676572561264038,0.7876185178756714,0.18935039639472961,0.7133413553237915,0.8139040470123291,0.20030422508716583,0.6679868102073669,0.8054354190826416,0.20107877254486084,0.7357120513916016,0.837605357170105,0.09456924349069595,0.6753789782524109,0.8233623504638672,0.08722566068172455
27,catch_cap,a04_s09_e01,0.7160200476646423,0.2945614755153656,-0.1982789784669876,0.7090383768081665,0.28247711062431335,-0.18014773726463318,0.70810467004776,0.28220492601394653,-0.18018639087677002,0.7070448994636536,0.2821761667728424,-0.1801856905221939,0.7068039178848267,0.28362852334976196,-0.2004488706588745,0.704278826713562,0.2842681109905243,-0.20043973624706268,0.7016004323959351,0.2851729094982147,-0.2004910260438919,0.6955853700637817,0.2924302816390991,-0.0751635730266571,0.6885690689086914,0.2957935333251953,-0.16677135229110718,0.7150313854217529,0.30944591760635376,-0.15806829929351807,0.7119048237800598,0.31070491671562195,-0.18414512276649475,0.7281183004379272,0.3707350194454193,0.005559278652071953,0.6473757028579712,0.3837798833847046,-0.14494338631629944,0.7816347479820251,0.40443456172943115,-0.05246599391102791,0.6412011384963989,0.48245182633399963,-0.1417204588651657,0.8118240237236023,0.3384084403514862,-0.2509419918060303,0.6364248991012573,0.5601663589477539,-0.16124370694160461,0.8264504671096802,0.31970155239105225,-0.2894752025604248,0.6320686340332031,0.5855404734611511,-0.18333080410957336,0.8251301646232605,0.31375637650489807,-0.29567524790763855,0.6380200982093811,0.5850858092308044,-0.21470694243907928,0.8201826810836792,0.31903108954429626,-0.2614515423774719,0.6410087943077087,0.577563464641571,-0.17595916986465454,0.7172780632972717,0.5501136779785156,0.04015493392944336,0.6693901419639587,0.5530134439468384,-0.04018674045801163,0.7173182964324951,0.6819828748703003,0.04764807969331741,0.6698257923126221,0.677899956703186,-0.00892544724047184,0.7188201546669006,0.7988274693489075,0.21300652623176575,0.6676910519599915,0.7878072261810303,0.21066077053546906,0.7133178114891052,0.8139086365699768,0.2224145382642746,0.667918860912323,0.805639386177063,0.22399945557117462,0.7357000112533569,0.8375514149665833,0.11544575542211533,0.6757786870002747,0.8233692646026611,0.1079712063074112
28,catch_cap,a04_s09_e01,0.7159491777420044,0.2941989302635193,-0.21698708832263947,0.7088212966918945,0.28217464685440063,-0.19745425879955292,0.707865834236145,0.28193578124046326,-0.19745761156082153,0.7068071961402893,0.28194376826286316,-0.19744333624839783,0.7067757844924927,0.28330591320991516,-0.2191019505262375,0.7042163610458374,0.28397229313850403,-0.21910493075847626,0.7015485167503357,0.2849213480949402,-0.21917283535003662,0.6955111026763916,0.29238879680633545,-0.08627908676862717,0.6886738538742065,0.2957094609737396,-0.18479284644126892,0.714985728263855,0.3092261254787445,-0.17487801611423492,0.7118350863456726,0.31044453382492065,-0.20314940810203552,0.7284976243972778,0.36908334493637085,0.0010566842975094914,0.6475626230239868,0.38407230377197266,-0.1572284996509552,0.7865840196609497,0.39246317744255066,-0.06328066438436508,0.6412082314491272,0.4830974042415619,-0.13872839510440826,0.8149956464767456,0.31974488496780396,-0.25209346413612366,0.6366859078407288,0.5607061982154846,-0.14894647896289825,0.8253324627876282,0.2970193922519684,-0.2883695065975189,0.6325925588607788,0.5860421657562256,-0.16020818054676056,0.8224068880081177,0.29213470220565796,-0.2920290231704712,0.6386691331863403,0.5854961276054382,-0.18984933197498322,0.8186551332473755,0.2985357642173767,-0.261158287525177,0.6416638493537903,0.5778970718383789,-0.1592101752758026,0.7173584699630737,0.5502158999443054,0.039677005261182785,0.6694616079330444,0.5530984401702881,-0.03972115367650986,0.7172978520393372,0.6819719076156616,0.04755315184593201,0.6698358058929443,0.6780322194099426,-0.008479887619614601,0.7188021540641785,0.7988163232803345,0.22433340549468994,0.6678377985954285,0.7885465025901794,0.21279284358024597,0.7132990956306458,0.813872218132019,0.23511311411857605,0.6679602265357971,0.8061527609825134,0.22644667327404022,0.7356336116790771,0.8375385999679565,0.12895314395427704,0.6759223937988281,0.823527455329895,0.11027979850769043
29,catch_cap,a04_s09_e01,0.7158907055854797,0.2939568758010864,-0.21502085030078888,0.7085825204849243,0.2819872200489044,-0.19531366229057312,0.7076360583305359,0.28177741169929504,-0.19530464708805084,0.7066105008125305,0.28181493282318115,-0.19528193771839142,0.7067058086395264,0.2830807864665985,-0.21763262152671814,0.704187273979187,0.28375059366226196,-0.21763837337493896,0.7014897465705872,0.2847192883491516,-0.21771426498889923,0.6955748796463013,0.2923366129398346,-0.08565030992031097,0.6887383460998535,0.29561471939086914,-0.1838167905807495,0.7149503231048584,0.308980792760849,-0.17304709553718567,0.7117932438850403,0.3100537359714508,-0.20230861008167267,0.7290424704551697,0.3667616546154022,0.00030665373196825385,0.6478599905967712,0.3841806948184967,-0.15535959601402283,0.7899461388587952,0.37834593653678894,-0.05734530836343765,0.6412106156349182,0.4836680293083191,-0.13571910560131073,0.8172189593315125,0.3060479164123535,-0.2404540777206421,0.636917233467102,0.5612422227859497,-0.12815602123737335,0.8248372077941895,0.2868441641330719,-0.27561792731285095,0.6329959630966187,0.5868173837661743,-0.1369515359401703,0.8211854100227356,0.282562792301178,-0.2798727750778198,0.6391390562057495,0.5861664414405823,-0.16618114709854126,0.817872166633606,0.28762727975845337,-0.2495194971561432,0.6421753168106079,0.5783687233924866,-0.13737253844738007,0.7175386548042297,0.550266444683075,0.03934750705957413,0.6696521639823914,0.5531694889068604,-0.039401620626449585,0.7172955274581909,0.6819279193878174,0.04776815325021744,0.6699462532997131,0.6782035827636719,-0.005294067319482565,0.718816339969635,0.7988033294677734,0.2217581570148468,0.6680208444595337,0.7886358499526978,0.21906718611717224,0.7133272886276245,0.8138607144355774,0.2323758900165558,0.6680017709732056,0.806158721446991,0.23326683044433594,0.7356088757514954,0.8375236988067627,0.12620428204536438,0.6761107444763184,0.8235650658607483,0.11841803789138794
30,catch_cap,a04_s09_e01,0.7159491777420044,0.2936843931674957,-0.20236477255821228,0.7085594534873962,0.2819065749645233,-0.18306873738765717,0.7076174020767212,0.28172531723976135,-0.18305949866771698,0.7066167593002319,0.281785786151886,-0.18304136395454407,0.7066680192947388,0.2829686403274536,-0.20629601180553436,0.7042063474655151,0.28362295031547546,-0.20630696415901184,0.7016000747680664,0.2845720052719116,-0.20639380812644958,0.6957054138183594,0.29234156012535095,-0.07634124159812927,0.6889645457267761,0.29550206661224365,-0.18060453236103058,0.7149743437767029,0.30869394540786743,-0.16120871901512146,0.7120364308357239,0.30968526005744934,-0.19171878695487976,0.7292309403419495,0.36436599493026733,0.008096227422356606,0.6482088565826416,0.3842479884624481,-0.15514035522937775,0.7917479872703552,0.363484263420105,-0.05114133283495903,0.6412310004234314,0.48416468501091003,-0.13596925139427185,0.8202603459358215,0.29095658659935,-0.19956059753894806,0.6371399164199829,0.5619534254074097,-0.1367916464805603,0.8256227374076843,0.2698322832584381,-0.22849540412425995,0.6332789659500122,0.5875732898712158,-0.1468476802110672,0.820753276348114,0.2659474313259125,-0.2264324426651001,0.6393507122993469,0.5870629549026489,-0.17588463425636292,0.8178273439407349,0.27426570653915405,-0.2048901617527008,0.6424048542976379,0.5791016221046448,-0.14638324081897736,0.7177402973175049,0.5503108501434326,0.039737723767757416,0.6698343753814697,0.5531696081161499,-0.039820656180381775,0.7172936201095581,0.6818780303001404,0.046111397445201874,0.6699959635734558,0.6782284379005432,-0.007761531509459019,0.7188209295272827,0.7987951636314392,0.21854393184185028,0.6681231260299683,0.7887968420982361,0.20873937010765076,0.7133291363716125,0.8137971758842468,0.22922484576702118,0.668032705783844,0.8061697483062744,0.22191019356250763,0.7355007529258728,0.8375276923179626,0.12444639205932617,0.6763049960136414,0.82362961769104,0.10711465030908585
31,catch_cap,a04_s09_e01,0.7160080075263977,0.2933065593242645,-0.1959223449230194,0.7085543870925903,0.28154250979423523,-0.17688815295696259,0.7076221704483032,0.2813938558101654,-0.17687955498695374,0.7066482305526733,0.28149059414863586,-0.17685545980930328,0.7066478133201599,0.2826448082923889,-0.20011281967163086,0.7042515277862549,0.28332456946372986,-0.20012688636779785,0.7017344236373901,0.28429141640663147,-0.20021958649158478,0.6958333849906921,0.2922888398170471,-0.07214725762605667,0.6891867518424988,0.2953304648399353,-0.1776716262102127,0.7150241136550903,0.30841365456581116,-0.1554492712020874,0.7122493386268616,0.30938011407852173,-0.18593749403953552,0.7294619083404541,0.3627549409866333,0.010767863132059574,0.6485934853553772,0.384334534406662,-0.1574915200471878,0.7912782430648804,0.35437098145484924,-0.023852363228797913,0.6412636041641235,0.4849506616592407,-0.14514270424842834,0.8212558627128601,0.2838033437728882,-0.15560656785964966,0.6374030113220215,0.5632326006889343,-0.1430763155221939,0.8271225094795227,0.26237308979034424,-0.18289323151111603,0.6336873173713684,0.5887159109115601,-0.15784014761447906,0.821811854839325,0.2580694258213043,-0.18812879920005798,0.6396301984786987,0.5884222388267517,-0.1877710074186325,0.8190309405326843,0.2670462429523468,-0.16458424925804138,0.6426753997802734,0.5803629159927368,-0.1544175148010254,0.7178451418876648,0.5503379702568054,0.04152154177427292,0.6700237989425659,0.5532292723655701,-0.04164799675345421,0.7172937989234924,0.6818475127220154,0.049947645515203476,0.6700881719589233,0.678232729434967,-0.011217811144888401,0.7187982201576233,0.7987932562828064,0.21757468581199646,0.6681368350982666,0.7893590927124023,0.19931024312973022,0.7132775187492371,0.8138368129730225,0.22765326499938965,0.667935311794281,0.8066149950027466,0.2128002643585205,0.7354376912117004,0.8377166390419006,0.12544581294059753,0.6769660711288452,0.8239114284515381,0.1010613813996315
32,catch_cap,a04_s09_e01,0.716092050075531,0.2926252782344818,-0.18799686431884766,0.7085555791854858,0.28097444772720337,-0.16906389594078064,0.7076267600059509,0.28084760904312134,-0.1690550148487091,0.7066723704338074,0.2809644043445587,-0.1690288484096527,0.7066723108291626,0.28210389614105225,-0.19259007275104523,0.7043538689613342,0.2828082740306854,-0.19260092079639435,0.7019110918045044,0.2837904393672943,-0.19269657135009766,0.6959124207496643,0.29204168915748596,-0.06652507185935974,0.6893928647041321,0.29500868916511536,-0.17392632365226746,0.7151285409927368,0.3077485263347626,-0.14838173985481262,0.7125033140182495,0.30868056416511536,-0.17932847142219543,0.7295342683792114,0.36113521456718445,0.013099199160933495,0.6491891145706177,0.38435694575309753,-0.15937340259552002,0.7921570539474487,0.34724074602127075,-0.0029811635613441467,0.6413615345954895,0.48508724570274353,-0.15700945258140564,0.8229498863220215,0.27429094910621643,-0.11588501930236816,0.637807309627533,0.5637995600700378,-0.16769813001155853,0.8300531506538391,0.2545137405395508,-0.14084182679653168,0.6341997385025024,0.5890941619873047,-0.1794571727514267,0.8246980905532837,0.25092780590057373,-0.14808480441570282,0.639907956123352,0.5890095829963684,-0.20804588496685028,0.8215538263320923,0.258568674325943,-0.12562350928783417,0.6429288387298584,0.5809558033943176,-0.1780514419078827,0.7181507349014282,0.5502961874008179,0.04361174255609512,0.6704841256141663,0.5532045364379883,-0.0437619611620903,0.7173879146575928,0.6816264390945435,0.056222885847091675,0.6703180074691772,0.6780566573143005,-0.015685202553868294,0.71875,0.7987402081489563,0.21093156933784485,0.668157160282135,0.7894487380981445,0.17717653512954712,0.7131508588790894,0.8138877153396606,0.21990302205085754,0.6678751707077026,0.8070797324180603,0.18868722021579742,0.735437273979187,0.8377336263656616,0.11899600923061371,0.6770622134208679,0.8238885998725891,0.07763958722352982
33,catch_cap,a04_s09_e01,0.7162004709243774,0.2921890616416931,-0.17970794439315796,0.7085553407669067,0.2807732820510864,-0.1611410528421402,0.7076327800750732,0.2806597054004669,-0.1611364483833313,0.7066934704780579,0.2807747721672058,-0.1611170619726181,0.7067134976387024,0.2819206416606903,-0.18471024930477142,0.704495370388031,0.2826229929924011,-0.18471798300743103,0.7021566033363342,0.2835787534713745,-0.18481408059597015,0.6959899663925171,0.2920183837413788,-0.06148361414670944,0.6895226240158081,0.2949298620223999,-0.1691255271434784,0.7152901291847229,0.30732622742652893,-0.14112578332424164,0.7128721475601196,0.30823275446891785,-0.172121062874794,0.7295815944671631,0.3600020706653595,0.013776620849967003,0.6496884226799011,0.3843896985054016,-0.15819025039672852,0.7923262715339661,0.34320250153541565,0.015017883852124214,0.6413998603820801,0.4854077100753784,-0.1607835590839386,0.8261855840682983,0.27309268712997437,-0.07825923711061478,0.6382235288619995,0.5642061829566956,-0.18297237157821655,0.8342076539993286,0.2536480128765106,-0.10060536861419678,0.6347690224647522,0.5894851684570312,-0.19597551226615906,0.8300131559371948,0.24943287670612335,-0.11062668263912201,0.640491783618927,0.5894963145256042,-0.22516103088855743,0.8268759846687317,0.25752362608909607,-0.08880855143070221,0.643548309803009,0.5814533829689026,-0.19385668635368347,0.7187144160270691,0.5503095388412476,0.04337038844823837,0.6710354089736938,0.5532252788543701,-0.04351915419101715,0.7176098823547363,0.6816662549972534,0.05618315190076828,0.6705082654953003,0.6780396699905396,-0.014410209842026234,0.7187356352806091,0.7987374067306519,0.20744076371192932,0.6682335138320923,0.7895327210426331,0.17643150687217712,0.713143527507782,0.8139183521270752,0.21618957817554474,0.6678749322891235,0.807174026966095,0.18772506713867188,0.7353786826133728,0.837726891040802,0.11515341699123383,0.6773098707199097,0.8239055275917053,0.07755134999752045
34,catch_cap,a04_s09_e01,0.7164143919944763,0.2918747365474701,-0.17925028502941132,0.7086167931556702,0.2807305157184601,-0.16082999110221863,0.7076836824417114,0.28061994910240173,-0.16082645952701569,0.7067185640335083,0.28072085976600647,-0.16080980002880096,0.706865131855011,0.2818509042263031,-0.18456974625587463,0.7047469615936279,0.2825222909450531,-0.18457502126693726,0.7024804353713989,0.28342244029045105,-0.1846647411584854,0.6960486769676208,0.29200780391693115,-0.062122948467731476,0.6896547079086304,0.29483944177627563,-0.1698290854692459,0.7154914140701294,0.30689606070518494,-0.14101943373680115,0.7132079601287842,0.3078453838825226,-0.1722550094127655,0.7296091318130493,0.3594459593296051,0.012071283534169197,0.6500416994094849,0.3844841718673706,-0.1619754284620285,0.7920392155647278,0.3391607403755188,0.023509930819272995,0.6414908170700073,0.48575904965400696,-0.17381514608860016,0.8308650851249695,0.2658478915691376,-0.055960822850465775,0.6387768983840942,0.5645145773887634,-0.20102477073669434,0.84153813123703,0.25008928775787354,-0.07610264420509338,0.6355172395706177,0.5897867679595947,-0.21499018371105194,0.8389697074890137,0.24600045382976532,-0.0877627283334732,0.6413846611976624,0.5898450613021851,-0.24402602016925812,0.8350348472595215,0.25201717019081116,-0.0671030730009079,0.6445170044898987,0.5818344354629517,-0.2119746208190918,0.7194771766662598,0.5503101348876953,0.04323370009660721,0.6716643571853638,0.5531367659568787,-0.043386515229940414,0.7177817821502686,0.6816722750663757,0.06169682741165161,0.6706206202507019,0.6780176162719727,-0.010452104732394218,0.7187367081642151,0.7983963489532471,0.21807944774627686,0.6682290434837341,0.7895321249961853,0.17830494046211243,0.7131437063217163,0.8134248852729797,0.2275373935699463,0.6678374409675598,0.80717533826828,0.18953277170658112,0.7353227138519287,0.8375645875930786,0.1326078325510025,0.6774250268936157,0.8239020705223083,0.0834299847483635
35,catch_cap,a04_s09_e01,0.7165645956993103,0.29169437289237976,-0.18187257647514343,0.7086626291275024,0.28072890639305115,-0.16369619965553284,0.7077232003211975,0.28061869740486145,-0.16369383037090302,0.7067399621009827,0.2807062566280365,-0.16367612779140472,0.7069556713104248,0.2818284332752228,-0.18729862570762634,0.7048889398574829,0.28247877955436707,-0.1873052418231964,0.7026548385620117,0.2833431363105774,-0.1873932182788849,0.6960903406143188,0.2920062839984894,-0.0652007982134819,0.6897116899490356,0.2948101758956909,-0.17103251814842224,0.7156454920768738,0.30660876631736755,-0.14379529654979706,0.7134056091308594,0.3075733184814453,-0.17480827867984772,0.7296411991119385,0.3589337170124054,0.011947446502745152,0.6501898765563965,0.3847847878932953,-0.1664605438709259,0.7921331524848938,0.33631861209869385,0.01948699727654457,0.6416801810264587,0.4862436056137085,-0.1798412948846817,0.8340528607368469,0.2651722729206085,-0.06099345535039902,0.6392989754676819,0.5650114417076111,-0.20878228545188904,0.8448261022567749,0.24910472333431244,-0.08169575780630112,0.6360369920730591,0.5903050899505615,-0.22339089214801788,0.8427400588989258,0.24557974934577942,-0.09445164352655411,0.6419345140457153,0.5904889702796936,-0.25286298990249634,0.8389376401901245,0.25172707438468933,-0.072684146463871,0.6451769471168518,0.5825371146202087,-0.2200051248073578,0.7201076745986938,0.5503112077713013,0.042941950261592865,0.6722951531410217,0.5531136989593506,-0.04308539256453514,0.7180341482162476,0.6816656589508057,0.0670413002371788,0.6706910729408264,0.6780334711074829,-0.005202178843319416,0.71873539686203,0.7977455854415894,0.22940871119499207,0.668152928352356,0.7895230054855347,0.18703237175941467,0.7131327390670776,0.812399685382843,0.23952040076255798,0.6677387952804565,0.8070287704467773,0.19918695092201233,0.7352153062820435,0.8372495770454407,0.14516349136829376,0.6775408983230591,0.8240469694137573,0.09324415028095245
36,catch_cap,a04_s09_e01,0.7169280052185059,0.2914355397224426,-0.18400785326957703,0.7087972164154053,0.2805745005607605,-0.16587021946907043,0.7078508138656616,0.28046083450317383,-0.16586700081825256,0.706850528717041,0.2805304527282715,-0.1658487617969513,0.7071539163589478,0.28165674209594727,-0.18947559595108032,0.7051522731781006,0.2822800874710083,-0.1894826740026474,0.7029698491096497,0.2831091582775116,-0.18956926465034485,0.6961174607276917,0.2919958531856537,-0.06709381937980652,0.6898821592330933,0.29468730092048645,-0.17509527504444122,0.7160488367080688,0.30638960003852844,-0.14591151475906372,0.7138616442680359,0.307362824678421,-0.1767861545085907,0.7296854257583618,0.3586079180240631,0.009509244933724403,0.6505581140518188,0.3850875794887543,-0.17237351834774017,0.7927461862564087,0.3339283764362335,0.02036084607243538,0.6418851613998413,0.48656848073005676,-0.18768373131752014,0.8366004824638367,0.26452723145484924,-0.05330575257539749,0.6398643255233765,0.5653631091117859,-0.2146742045879364,0.8469562530517578,0.2482752501964569,-0.07262461632490158,0.6366392374038696,0.5907334685325623,-0.2289978265762329,0.8446135520935059,0.2445855289697647,-0.08482123911380768,0.6426109671592712,0.5909699201583862,-0.2579432427883148,0.8410280346870422,0.2508713901042938,-0.06464604288339615,0.6459177732467651,0.5830776691436768,-0.22562436759471893,0.7206178903579712,0.5504180192947388,0.0432036854326725,0.6727632880210876,0.5531144738197327,-0.04336605593562126,0.7182086706161499,0.6816644072532654,0.07478742301464081,0.6710275411605835,0.6779933571815491,0.0007219319813884795,0.7187443971633911,0.7968931794166565,0.2438656985759735,0.6681467294692993,0.7894027829170227,0.20095887780189514,0.7131381034851074,0.8115489482879639,0.25495296716690063,0.6675609350204468,0.8068038821220398,0.2142920047044754,0.7352079153060913,0.8368902206420898,0.16317632794380188,0.6781951189041138,0.8243350982666016,0.1083705797791481
37,catch_cap,a04_s09_e01,0.7171075344085693,0.2915038466453552,-0.17633092403411865,0.7089101672172546,0.28060439229011536,-0.15846534073352814,0.7079542875289917,0.2804853320121765,-0.15846094489097595,0.7069358229637146,0.2805428206920624,-0.15844130516052246,0.7072879076004028,0.2816702723503113,-0.18320754170417786,0.7052979469299316,0.28228676319122314,-0.18321609497070312,0.7031079530715942,0.28311797976493835,-0.18330207467079163,0.696145236492157,0.29213616251945496,-0.06305108219385147,0.6898943781852722,0.29469743371009827,-0.17494526505470276,0.716149091720581,0.30645644664764404,-0.1392953097820282,0.713983952999115,0.3074151873588562,-0.1717924177646637,0.7296806573867798,0.35829445719718933,0.008815904147922993,0.6507142186164856,0.38574713468551636,-0.172244131565094,0.792393684387207,0.3321996033191681,0.026445036754012108,0.642066478729248,0.4869767427444458,-0.18981383740901947,0.8385226130485535,0.26694944500923157,-0.04238097369670868,0.6402871012687683,0.5655854940414429,-0.21539261937141418,0.849853515625,0.24984246492385864,-0.06118490546941757,0.6371457576751709,0.5910233855247498,-0.22969503700733185,0.8477516174316406,0.2456030547618866,-0.0744590163230896,0.6431272029876709,0.5913093090057373,-0.25882232189178467,0.8441143035888672,0.25266990065574646,-0.054169874638319016,0.6464275121688843,0.5834035277366638,-0.22643215954303741,0.721001148223877,0.5505779981613159,0.04358263686299324,0.6731268763542175,0.5531779527664185,-0.043759796768426895,0.7183703184127808,0.6816880702972412,0.07892858237028122,0.6712758541107178,0.6780222058296204,0.004550782032310963,0.7187480330467224,0.7963866591453552,0.2425047904253006,0.6681393384933472,0.7894188165664673,0.20098204910755157,0.7131546139717102,0.8112056255340576,0.2531467378139496,0.6671948432922363,0.8068154454231262,0.21402251720428467,0.7351685762405396,0.8367658853530884,0.16273221373558044,0.6786739826202393,0.8248810172080994,0.10893839597702026
38,catch_cap,a04_s09_e01,0.7173206806182861,0.2915881872177124,-0.1722072809934616,0.7090428471565247,0.2806517779827118,-0.1555749624967575,0.7080658674240112,0.2805297076702118,-0.1555669754743576,0.7070184946060181,0.2805776298046112,-0.15554353594779968,0.7074533700942993,0.2816903293132782,-0.18046899139881134,0.7054706811904907,0.28229278326034546,-0.18047596514225006,0.703270673751831,0.2831254005432129,-0.18055714666843414,0.6961544156074524,0.29229891300201416,-0.06426026672124863,0.6899291276931763,0.2947283089160919,-0.17650015652179718,0.7162842154502869,0.30650195479393005,-0.13689157366752625,0.714150071144104,0.30744341015815735,-0.16965456306934357,0.7296075224876404,0.35777747631073,0.0047566452994942665,0.6510340571403503,0.3862577974796295,-0.17711392045021057,0.7919381260871887,0.32902783155441284,0.024271966889500618,0.6423598527908325,0.4873676300048828,-0.1969597488641739,0.84033203125,0.2669987976551056,-0.03757428377866745,0.6406530141830444,0.5658759474754333,-0.21855303645133972,0.8533676862716675,0.2512732446193695,-0.05510897561907768,0.6374608278274536,0.5913800001144409,-0.23249642550945282,0.8516842722892761,0.24678288400173187,-0.07054220885038376,0.643412709236145,0.5917991399765015,-0.26156437397003174,0.8479148149490356,0.253755122423172,-0.050065647810697556,0.6467229127883911,0.583878755569458,-0.22960829734802246,0.7216628789901733,0.5505765080451965,0.0437949113547802,0.6736522912979126,0.5531774759292603,-0.043979085981845856,0.7185646891593933,0.681747317314148,0.08461258560419083,0.6716411709785461,0.6781538128852844,0.010969599708914757,0.7187500596046448,0.7961914539337158,0.2444905787706375,0.6681393384933472,0.7894203066825867,0.20441699028015137,0.7131568193435669,0.8109979033470154,0.2548806369304657,0.6670411229133606,0.8067876100540161,0.2173769772052765,0.7351678013801575,0.8367648720741272,0.16585373878479004,0.6788175106048584,0.8254769444465637,0.11435645818710327
39,catch_cap,a04_s09_e01,0.7174307107925415,0.29187917709350586,-0.17165574431419373,0.709171712398529,0.2807968556880951,-0.15478181838989258,0.7081930041313171,0.2806708514690399,-0.15477696061134338,0.7071353197097778,0.2807076871395111,-0.15475381910800934,0.70758455991745,0.28177961707115173,-0.17977212369441986,0.705604612827301,0.2823546230792999,-0.17977941036224365,0.703399658203125,0.2831660807132721,-0.17986078560352325,0.6961702704429626,0.29248863458633423,-0.06350775808095932,0.689961314201355,0.294806569814682,-0.17654667794704437,0.7163571119308472,0.306740403175354,-0.13599154353141785,0.7142359018325806,0.3076624572277069,-0.16886305809020996,0.7295306324958801,0.35715359449386597,0.004331869073212147,0.651204526424408,0.3869648277759552,-0.17611932754516602,0.7914479970932007,0.32752829790115356,0.025710245594382286,0.6425636410713196,0.4876433312892914,-0.19476528465747833,0.8387139439582825,0.2675881087779999,-0.03910091519355774,0.640941858291626,0.5660721659660339,-0.21656671166419983,0.8520177006721497,0.25239431858062744,-0.05767165869474411,0.6376739740371704,0.5916176438331604,-0.23068901896476746,0.8508950471878052,0.24752651154994965,-0.0731453150510788,0.6435889601707458,0.592077910900116,-0.2597793638706207,0.8464844822883606,0.25405099987983704,-0.05169467255473137,0.6469016075134277,0.5841455459594727,-0.227596715092659,0.7222721576690674,0.5505765676498413,0.04383956268429756,0.674044668674469,0.5531785488128662,-0.04402947425842285,0.7188091278076172,0.6817622780799866,0.08302606642246246,0.6720020771026611,0.6781387329101562,0.011870875023305416,0.7187536954879761,0.795978844165802,0.2459827959537506,0.6681344509124756,0.7892159223556519,0.2080262154340744,0.7131638526916504,0.8107126355171204,0.2567915916442871,0.666904628276825,0.8064222931861877,0.22127345204353333,0.7351638674736023,0.8367687463760376,0.16746851801872253,0.6790024638175964,0.8257039189338684,0.11771982908248901
40,catch_cap,a04_s09_e01,0.7175394892692566,0.29223981499671936,-0.17391091585159302,0.7093226909637451,0.28102436661720276,-0.1567820906639099,0.7083448171615601,0.2809014618396759,-0.15677830576896667,0.7072763442993164,0.2809382975101471,-0.15675535798072815,0.7077205181121826,0.28195589780807495,-0.18150147795677185,0.705730140209198,0.2825080454349518,-0.18150949478149414,0.7035090923309326,0.2832987606525421,-0.1815914362668991,0.6961829662322998,0.29275766015052795,-0.06426616758108139,0.6899884343147278,0.2949967086315155,-0.1770881712436676,0.7164625525474548,0.30701500177383423,-0.13772283494472504,0.714331328868866,0.3079061806201935,-0.17022328078746796,0.7293595671653748,0.35655584931373596,0.0030614843126386404,0.6512928009033203,0.38775143027305603,-0.175956130027771,0.7911847829818726,0.32616105675697327,0.027086570858955383,0.6427913308143616,0.48805999755859375,-0.19291573762893677,0.8377264738082886,0.26534345746040344,-0.0357661247253418,0.6412903070449829,0.5663688778877258,-0.21232135593891144,0.8510984182357788,0.2511960566043854,-0.05369192361831665,0.6380133032798767,0.5919209718704224,-0.22583118081092834,0.8500229120254517,0.24616564810276031,-0.06927391141653061,0.6438697576522827,0.5923974514007568,-0.25468307733535767,0.8454499244689941,0.25204896926879883,-0.04829137399792671,0.6471952199935913,0.5844477415084839,-0.22306115925312042,0.7227882146835327,0.5504481792449951,0.043815746903419495,0.6743666529655457,0.5531608462333679,-0.04400943964719772,0.7190137505531311,0.6817457675933838,0.08075917512178421,0.6723839044570923,0.6779519319534302,0.010894259437918663,0.7187835574150085,0.795610785484314,0.24471405148506165,0.6681352853775024,0.788857638835907,0.20818722248077393,0.7131756544113159,0.8102544546127319,0.2556284964084625,0.6668637990951538,0.8060234189033508,0.22146013379096985,0.735197901725769,0.836768388748169,0.16631975769996643,0.6791625618934631,0.8257182240486145,0.11731386184692383
41,catch_cap,a04_s09_e01,0.7177509069442749,0.29244890809059143,-0.16360756754875183,0.7095392942428589,0.28135374188423157,-0.14614832401275635,0.7085655927658081,0.2812517285346985,-0.14614830911159515,0.7074841260910034,0.28130611777305603,-0.14612792432308197,0.7079669833183289,0.282258003950119,-0.17067968845367432,0.706000566482544,0.2828097641468048,-0.17068853974342346,0.7037976980209351,0.2835904061794281,-0.17077581584453583,0.6962215900421143,0.29310235381126404,-0.05382205918431282,0.6902288794517517,0.2951948344707489,-0.1659684181213379,0.7166765928268433,0.3070954978466034,-0.12753599882125854,0.7145818471908569,0.3079410195350647,-0.15981125831604004,0.729315996170044,0.3561847507953644,0.009069322608411312,0.6516069769859314,0.38774922490119934,-0.16521871089935303,0.7909797430038452,0.3235059678554535,0.030143341049551964,0.6430088877677917,0.48804229497909546,-0.18526534736156464,0.8370307683944702,0.2596547305583954,-0.039003219455480576,0.6416261196136475,0.5663492679595947,-0.20482397079467773,0.8501726388931274,0.24785834550857544,-0.05841265246272087,0.638114333152771,0.5917243361473083,-0.21741509437561035,0.8486892580986023,0.2430577129125595,-0.07307817041873932,0.6439768075942993,0.5922603011131287,-0.24631083011627197,0.8441126942634583,0.2474849373102188,-0.0515347421169281,0.6473866701126099,0.5843755006790161,-0.21577410399913788,0.7234487533569336,0.5503225326538086,0.04364706575870514,0.6749768853187561,0.5530543923377991,-0.04385211318731308,0.7193180918693542,0.6817493438720703,0.07970324158668518,0.6726755499839783,0.6779078245162964,0.0072161233983933926,0.7188019752502441,0.7954180836677551,0.24334219098091125,0.6681346893310547,0.7886449098587036,0.19819067418575287,0.713194727897644,0.8101384043693542,0.25499841570854187,0.6668582558631897,0.8058995604515076,0.21080324053764343,0.7352104187011719,0.8367679119110107,0.16015830636024475,0.6791532039642334,0.8256474733352661,0.10603073984384537
42,catch_cap,a04_s09_e01,0.7181308269500732,0.2926355302333832,-0.16982509195804596,0.7098857164382935,0.28166478872299194,-0.1518314778804779,0.708921492099762,0.28158503770828247,-0.15182414650917053,0.7078410387039185,0.28165119886398315,-0.15179911255836487,0.7083995342254639,0.28258010745048523,-0.17695632576942444,0.7064958810806274,0.28316858410835266,-0.1769784390926361,0.7043577432632446,0.2839604914188385,-0.1770835816860199,0.6965224742889404,0.29339367151260376,-0.05752849578857422,0.6908443570137024,0.2954200804233551,-0.17151498794555664,0.7170416116714478,0.307186096906662,-0.13267004489898682,0.7150391340255737,0.3080248236656189,-0.1657676249742508,0.729329526424408,0.3561030328273773,0.006324749439954758,0.6519513726234436,0.3879130482673645,-0.16735713183879852,0.7908643484115601,0.3229176700115204,0.026557451114058495,0.6435117721557617,0.4881938695907593,-0.18345391750335693,0.8363522291183472,0.25414103269577026,-0.04513867199420929,0.6421238780021667,0.5666225552558899,-0.19992336630821228,0.8490818738937378,0.24304962158203125,-0.06435602903366089,0.6386354565620422,0.5919267535209656,-0.21150775253772736,0.8474262952804565,0.23894944787025452,-0.07774566859006882,0.6445028781890869,0.5923839211463928,-0.23911412060260773,0.8431007266044617,0.24258893728256226,-0.057091765105724335,0.6479612588882446,0.5844544172286987,-0.20993714034557343,0.7242839336395264,0.5502226948738098,0.043089061975479126,0.675632894039154,0.5529044270515442,-0.043304361402988434,0.7195670008659363,0.6817353367805481,0.07777507603168488,0.6728616952896118,0.6777951717376709,0.0029488885775208473,0.718806266784668,0.7948695421218872,0.24956214427947998,0.6681049466133118,0.7882955074310303,0.19938066601753235,0.7131971120834351,0.8096692562103271,0.26148465275764465,0.6668363809585571,0.8054460287094116,0.21255668997764587,0.7350765466690063,0.8367446660995483,0.17016629874706268,0.6791476011276245,0.825592577457428,0.10623790323734283
43,catch_cap,a04_s09_e01,0.7186211347579956,0.29275768995285034,-0.1704079806804657,0.7102901935577393,0.2819589674472809,-0.1525140255689621,0.7093366384506226,0.2818932831287384,-0.15250465273857117,0.708274245262146,0.28195884823799133,-0.15247923135757446,0.7089111804962158,0.282906174659729,-0.1773730218410492,0.7071060538291931,0.28353968262672424,-0.1773936152458191,0.7050780653953552,0.2843497693538666,-0.1774941235780716,0.6970715522766113,0.2936660647392273,-0.05752113461494446,0.6915951371192932,0.29574891924858093,-0.17106285691261292,0.717603325843811,0.3071950078010559,-0.13307777047157288,0.7156950235366821,0.3080333471298218,-0.16590555012226105,0.7294653654098511,0.3560424745082855,0.007101693656295538,0.6525125503540039,0.38815394043922424,-0.1629115641117096,0.7906036376953125,0.32329094409942627,0.026579152792692184,0.6440834403038025,0.4884719252586365,-0.15677478909492493,0.8328410387039185,0.24921846389770508,-0.045383818447589874,0.6428184509277344,0.5667644739151001,-0.14864790439605713,0.8444916605949402,0.2375592440366745,-0.06435888260602951,0.639439046382904,0.5921100378036499,-0.1565438210964203,0.8420586585998535,0.23352429270744324,-0.07603200525045395,0.6452946662902832,0.5925431847572327,-0.18313878774642944,0.8373576402664185,0.23713575303554535,-0.05673475190997124,0.6488243341445923,0.58450847864151,-0.1575903743505478,0.7250924706459045,0.5502011775970459,0.04140456020832062,0.6763879060745239,0.5528966784477234,-0.04161752015352249,0.7197515964508057,0.6816554665565491,0.07372693717479706,0.672967791557312,0.6777873635292053,-0.0013333657989278436,0.7188162207603455,0.7947856187820435,0.24591860175132751,0.6680840253829956,0.7883155941963196,0.19929488003253937,0.7132006883621216,0.8096449971199036,0.2578877806663513,0.6668421030044556,0.8054838180541992,0.21252354979515076,0.7346091866493225,0.8367420434951782,0.16626311838626862,0.6791045069694519,0.8255163431167603,0.10474362224340439
44,catch_cap,a04_s09_e01,0.7191454172134399,0.2929193377494812,-0.17127114534378052,0.7109178304672241,0.2823399305343628,-0.1540360301733017,0.7100356221199036,0.2822762429714203,-0.15403105318546295,0.7090582251548767,0.282337486743927,-0.15400734543800354,0.7095509767532349,0.2833705544471741,-0.17866909503936768,0.7078386545181274,0.2840633988380432,-0.17868486046791077,0.7059056162834167,0.28490903973579407,-0.17877964675426483,0.6981970071792603,0.29399532079696655,-0.056695859879255295,0.6925485134124756,0.29621899127960205,-0.1685154289007187,0.71829754114151,0.3072908818721771,-0.13457486033439636,0.7163406014442444,0.3081274628639221,-0.16703206300735474,0.7296136617660522,0.3560875356197357,0.011320626363158226,0.6532217860221863,0.3881426155567169,-0.15404142439365387,0.7905755043029785,0.3223658800125122,0.029034212231636047,0.6446834802627563,0.48846155405044556,-0.13908004760742188,0.8264589309692383,0.24462583661079407,-0.04266584664583206,0.6436712741851807,0.5667573809623718,-0.13281956315040588,0.8378084897994995,0.23072640597820282,-0.06142490357160568,0.640395998954773,0.5921291708946228,-0.14059489965438843,0.8350074887275696,0.22669631242752075,-0.07064133882522583,0.6465160846710205,0.5925275683403015,-0.1671244502067566,0.8302062749862671,0.23049363493919373,-0.05299202352762222,0.6502030491828918,0.5844295620918274,-0.14159446954727173,0.7259489297866821,0.5501903295516968,0.04020000994205475,0.6771875619888306,0.5528143644332886,-0.040402304381132126,0.7200262546539307,0.6816505193710327,0.05547378212213516,0.6729966402053833,0.677786648273468,-0.02017483487725258,0.7188472747802734,0.7948124408721924,0.24072670936584473,0.6680766344070435,0.7883199453353882,0.18461567163467407,0.71321702003479,0.8097105622291565,0.2551785409450531,0.6669511198997498,0.8055232167243958,0.1980615109205246,0.7345917224884033,0.8367921710014343,0.16151607036590576,0.6790672540664673,0.8254731893539429,0.08371914178133011
45,catch_cap,a04_s09_e01,0.7195498943328857,0.29375046491622925,-0.16987934708595276,0.7119005918502808,0.2833259701728821,-0.1519971489906311,0.711154043674469,0.28321823477745056,-0.15198203921318054,0.7103252410888672,0.28320637345314026,-0.15195348858833313,0.7103787660598755,0.28432878851890564,-0.17580655217170715,0.7086365222930908,0.2849748432636261,-0.17583107948303223,0.7066585421562195,0.2857627868652344,-0.17592868208885193,0.6997805237770081,0.2943134903907776,-0.05411526560783386,0.6932840347290039,0.2966983914375305,-0.16283854842185974,0.718603253364563,0.30815649032592773,-0.13215118646621704,0.7165192365646362,0.3090227246284485,-0.16374139487743378,0.7297729253768921,0.3559689521789551,0.010692101903259754,0.6535152196884155,0.38797512650489807,-0.14430853724479675,0.7899579405784607,0.3215058743953705,0.02656637504696846,0.64503014087677,0.4882793128490448,-0.1309715211391449,0.8213946223258972,0.24321842193603516,-0.04596409946680069,0.6447548866271973,0.566510021686554,-0.13096493482589722,0.8332781791687012,0.22665688395500183,-0.06593890488147736,0.641710638999939,0.5920906662940979,-0.13905248045921326,0.8295696377754211,0.22268621623516083,-0.07802776992321014,0.6481319665908813,0.5923300385475159,-0.1652059257030487,0.8246159553527832,0.2269873321056366,-0.05798213556408882,0.6519249677658081,0.5840224027633667,-0.13985219597816467,0.7266873121261597,0.5501089692115784,0.03468293324112892,0.677949070930481,0.5526958107948303,-0.03487437590956688,0.720416247844696,0.6817046999931335,0.03634219616651535,0.6727198958396912,0.677864670753479,-0.021143510937690735,0.7190265655517578,0.7949532270431519,0.22729814052581787,0.668013870716095,0.7883220911026001,0.18412047624588013,0.713358461856842,0.8097359538078308,0.24187254905700684,0.6671503782272339,0.8055168986320496,0.19766893982887268,0.7342982888221741,0.8370797634124756,0.14497551321983337,0.6787570714950562,0.825813353061676,0.0836348757147789
46,catch_cap,a04_s09_e01,0.719976544380188,0.2954036295413971,-0.17694783210754395,0.713247537612915,0.2847301661968231,-0.15714512765407562,0.7126160860061646,0.28456008434295654,-0.15712040662765503,0.7118903398513794,0.2844572365283966,-0.15708482265472412,0.7116246223449707,0.28571051359176636,-0.1814810186624527,0.7098639607429504,0.2862878143787384,-0.18151350319385529,0.707846462726593,0.2870125472545624,-0.18161240220069885,0.7012085914611816,0.2949061691761017,-0.05552184581756592,0.6944867372512817,0.2974430322647095,-0.163160502910614,0.7189279794692993,0.3094157874584198,-0.13614261150360107,0.7167252898216248,0.3102286458015442,-0.16859270632266998,0.7297471761703491,0.3554711937904358,0.010209319181740284,0.6535802483558655,0.3879627585411072,-0.14749355614185333,0.7880851030349731,0.320556640625,0.023880667984485626,0.6453697681427002,0.4882800281047821,-0.1351931244134903,0.8156560063362122,0.24159406125545502,-0.05329319089651108,0.6461554169654846,0.5662786960601807,-0.13486406207084656,0.8273653984069824,0.22419503331184387,-0.07449044287204742,0.6437341570854187,0.5920848846435547,-0.14391949772834778,0.8241097331047058,0.2209634929895401,-0.08081071078777313,0.6508069634437561,0.5920324921607971,-0.16856150329113007,0.8197618722915649,0.2257004678249359,-0.0633268803358078,0.6545373797416687,0.5835511088371277,-0.14294305443763733,0.7273623943328857,0.5499165654182434,0.03408900648355484,0.678783655166626,0.5525722503662109,-0.03427397459745407,0.7206717133522034,0.6817057132720947,0.037707991898059845,0.6725161671638489,0.6779184937477112,-0.02785385586321354,0.7192127704620361,0.794349730014801,0.2305999994277954,0.6679122447967529,0.788497269153595,0.18304137885570526,0.71344393491745,0.8090413212776184,0.24620933830738068,0.6671880483627319,0.8055264949798584,0.19703128933906555,0.7339377999305725,0.8370568156242371,0.14652696251869202,0.6787359714508057,0.8266966342926025,0.08011039346456528
47,catch_cap,a04_s09_e01,0.7210115194320679,0.2969669699668884,-0.17584128677845,0.7147274613380432,0.2858545184135437,-0.15607193112373352,0.7140079736709595,0.2857069969177246,-0.15604865550994873,0.7131733298301697,0.28563717007637024,-0.156014546751976,0.7132246494293213,0.2866516411304474,-0.1810014396905899,0.7114697694778442,0.28711003065109253,-0.18103119730949402,0.7094396352767944,0.2877253592014313,-0.18113310635089874,0.7018553018569946,0.295647531747818,-0.053852252662181854,0.6957943439483643,0.2978093922138214,-0.1641586720943451,0.71950763463974,0.31069889664649963,-0.13514205813407898,0.7173892259597778,0.311282753944397,-0.16835227608680725,0.7297283411026001,0.3552553057670593,0.011394822970032692,0.6539384126663208,0.38776063919067383,-0.14984408020973206,0.7874506711959839,0.32128381729125977,0.023745380342006683,0.6457672119140625,0.4878658652305603,-0.14126461744308472,0.8142651319503784,0.23846986889839172,-0.0518987774848938,0.6474453210830688,0.5652763843536377,-0.14831753075122833,0.8239343762397766,0.22048132121562958,-0.07225438952445984,0.6453498601913452,0.5913789868354797,-0.15977530181407928,0.8202742338180542,0.21842631697654724,-0.07789729535579681,0.6527338027954102,0.5905000567436218,-0.17410309612751007,0.8164440989494324,0.2230665683746338,-0.0611855685710907,0.6563807725906372,0.5820485353469849,-0.15291228890419006,0.7279908657073975,0.5498048663139343,0.034487709403038025,0.6794997453689575,0.5525372624397278,-0.034674935042858124,0.7210994362831116,0.6817265152931213,0.03792114928364754,0.6724789142608643,0.678005576133728,-0.028113093227148056,0.7193830609321594,0.7939687371253967,0.23480483889579773,0.6678521037101746,0.7884743809700012,0.18456092476844788,0.7134891748428345,0.808320939540863,0.25050240755081177,0.66721111536026,0.8053522109985352,0.19859370589256287,0.7336136698722839,0.8370968103408813,0.1516631841659546,0.6787310838699341,0.8272349238395691,0.08284829556941986
48,catch_cap,a04_s09_e01,0.7218791842460632,0.2984243333339691,-0.17441704869270325,0.715833306312561,0.28703075647354126,-0.1543605625629425,0.7150508165359497,0.2869184911251068,-0.15434104204177856,0.714139461517334,0.2868986427783966,-0.15430907905101776,0.7143662571907043,0.2876488268375397,-0.17998066544532776,0.712585985660553,0.2880153954029083,-0.1800084114074707,0.7105461955070496,0.28854426741600037,-0.1801137775182724,0.7025167346000671,0.2965363562107086,-0.050480205565690994,0.6968576312065125,0.29838892817497253,-0.16531416773796082,0.7200314402580261,0.3118826150894165,-0.13341954350471497,0.7179402112960815,0.3123580813407898,-0.1675746589899063,0.7298221588134766,0.35519856214523315,0.015199394896626472,0.6542414426803589,0.387599378824234,-0.1507723033428192,0.7874265909194946,0.32179179787635803,0.024998929351568222,0.6461941003799438,0.48775768280029297,-0.15460190176963806,0.8125060796737671,0.23861834406852722,-0.05058516189455986,0.6486972570419312,0.5645008087158203,-0.19118276238441467,0.8220142126083374,0.21932782232761383,-0.07113611698150635,0.6469231247901917,0.5910440683364868,-0.20630255341529846,0.8184219598770142,0.21718910336494446,-0.07631997019052505,0.6544414758682251,0.5895007848739624,-0.22873134911060333,0.8143324851989746,0.22211943566799164,-0.059505123645067215,0.657913863658905,0.5809392929077148,-0.199231818318367,0.7285488843917847,0.5498321056365967,0.03470700606703758,0.6800462603569031,0.552527666091919,-0.034889452159404755,0.7217448949813843,0.6820994019508362,0.0378602109849453,0.6724402904510498,0.6780139207839966,-0.04057232663035393,0.7195185422897339,0.79388827085495,0.2369028776884079,0.6676872372627258,0.788476824760437,0.17129287123680115,0.7134901881217957,0.8081653118133545,0.25217345356941223,0.6671761274337769,0.805381178855896,0.18540284037590027,0.7335109114646912,0.8373520374298096,0.1539119929075241,0.6786943078041077,0.8277366161346436,0.0667969137430191
49,catch_cap,a04_s09_e01,0.7225918769836426,0.3019137978553772,-0.17172034084796906,0.7172168493270874,0.2902992367744446,-0.15137305855751038,0.716472864151001,0.2901155352592468,-0.15134885907173157,0.7155731320381165,0.28995946049690247,-0.15131457149982452,0.7155383825302124,0.2907428741455078,-0.17726966738700867,0.7135964035987854,0.29084256291389465,-0.17729803919792175,0.711414098739624,0.29102468490600586,-0.17740270495414734,0.7037211060523987,0.29806652665138245,-0.04552711918950081,0.697743833065033,0.2996346056461334,-0.1637450009584427,0.7205613851547241,0.3146441578865051,-0.13010023534297943,0.7182797193527222,0.315294086933136,-0.16476348042488098,0.730125904083252,0.3552250862121582,0.02135476842522621,0.6548408269882202,0.3874256908893585,-0.14633376896381378,0.7874223589897156,0.32191428542137146,0.02995442785322666,0.6466083526611328,0.4871596693992615,-0.15010139346122742,0.8088048100471497,0.23866184055805206,-0.048256345093250275,0.6493316292762756,0.5633322596549988,-0.18035277724266052,0.8171102404594421,0.21611365675926208,-0.068653404712677,0.6479133367538452,0.5903884172439575,-0.19452019035816193,0.8141816258430481,0.21377605199813843,-0.07368515431880951,0.6555184721946716,0.5883073210716248,-0.21404929459095,0.8108994364738464,0.21961382031440735,-0.05701705068349838,0.6588477492332458,0.5797460675239563,-0.18671327829360962,0.728979229927063,0.5500141382217407,0.03479784354567528,0.6806547045707703,0.5525197386741638,-0.034972406923770905,0.7220278978347778,0.6822671294212341,0.04110163822770119,0.6724001169204712,0.6779887676239014,-0.044050030410289764,0.7195168733596802,0.7932255864143372,0.2389739453792572,0.6676005125045776,0.7885345220565796,0.16021209955215454,0.7133485674858093,0.807676374912262,0.25384947657585144,0.667178750038147,0.8054656982421875,0.17370131611824036,0.7332619428634644,0.8373232483863831,0.15828166902065277,0.6783410310745239,0.8282540440559387,0.05619494244456291
50,catch_cap,a04_s09_e01,0.7227424383163452,0.30488789081573486,-0.17080514132976532,0.7178975343704224,0.29273727536201477,-0.1503305584192276,0.717264711856842,0.2923958897590637,-0.15030743181705475,0.7164615988731384,0.2920544743537903,-0.1502750664949417,0.7159716486930847,0.2933790981769562,-0.1758442372083664,0.7139564752578735,0.2933873236179352,-0.17587339878082275,0.7116754055023193,0.29339221119880676,-0.1759796440601349,0.7047819495201111,0.2989806532859802,-0.04278066009283066,0.6981328129768372,0.30067238211631775,-0.1599377691745758,0.720679759979248,0.3171812891960144,-0.1285979449748993,0.7182583808898926,0.31819865107536316,-0.16282132267951965,0.7305175065994263,0.3548584282398224,0.02342301234602928,0.6550003886222839,0.38714179396629333,-0.13634935021400452,0.7881333827972412,0.3219722509384155,0.02888244017958641,0.6468796730041504,0.4867905378341675,-0.13419415056705475,0.805214524269104,0.23761272430419922,-0.05674998089671135,0.6497067213058472,0.5620585680007935,-0.15873800218105316,0.8119524717330933,0.21366055309772491,-0.07889861613512039,0.6481339335441589,0.5895713567733765,-0.1710134595632553,0.8081339597702026,0.21095819771289825,-0.081034354865551,0.6556738018989563,0.5873613953590393,-0.19355294108390808,0.8053523898124695,0.2170282006263733,-0.06425820291042328,0.6590951681137085,0.5787675976753235,-0.16615185141563416,0.7292339205741882,0.5500115156173706,0.03490684926509857,0.6809145212173462,0.5523887276649475,-0.035087212920188904,0.7222491502761841,0.6822603344917297,0.03936593234539032,0.6722798943519592,0.6781776547431946,-0.047687362879514694,0.7194728851318359,0.7930223941802979,0.23824544250965118,0.6675534844398499,0.7887061238288879,0.15118816494941711,0.7125881910324097,0.807651937007904,0.25378498435020447,0.6672156453132629,0.8057994842529297,0.16404882073402405,0.7328715324401855,0.8373205065727234,0.15803097188472748,0.677871584892273,0.8288424611091614,0.04518510401248932
51,catch_cap,a04_s09_e01,0.722763180732727,0.30552026629447937,-0.1676277369260788,0.7178810834884644,0.29343149065971375,-0.1476910412311554,0.7172213196754456,0.29311880469322205,-0.14766749739646912,0.7163891196250916,0.29281479120254517,-0.14763398468494415,0.7160083055496216,0.29405033588409424,-0.17227481305599213,0.7140272259712219,0.2940557599067688,-0.17230452597141266,0.7117665410041809,0.2940730154514313,-0.17241260409355164,0.7049645781517029,0.29978200793266296,-0.04237145185470581,0.6983985900878906,0.301408588886261,-0.15577799081802368,0.7206749320030212,0.3178068995475769,-0.126280277967453,0.7182308435440063,0.31895196437835693,-0.1592930257320404,0.7309950590133667,0.3548423945903778,0.02142786979675293,0.6553999185562134,0.3868427872657776,-0.1321510672569275,0.7892991304397583,0.32219401001930237,0.02084088698029518,0.6471415758132935,0.48628589510917664,-0.13166391849517822,0.8007059097290039,0.23726621270179749,-0.06929643452167511,0.6498674154281616,0.5615028738975525,-0.1569809913635254,0.805716335773468,0.2137674242258072,-0.09213711321353912,0.6481361985206604,0.5890378355979919,-0.16917403042316437,0.8018378019332886,0.21126477420330048,-0.09386300295591354,0.6556273102760315,0.5868985652923584,-0.1923808753490448,0.7991702556610107,0.2175961285829544,-0.076565220952034,0.6591352224349976,0.5783298015594482,-0.16489754617214203,0.7295460104942322,0.5500763058662415,0.03385632485151291,0.6811884641647339,0.5523751378059387,-0.03403986990451813,0.7223795652389526,0.6822522282600403,0.039894554764032364,0.6720932722091675,0.6786026358604431,-0.040390972048044205,0.719380259513855,0.7921445369720459,0.23750606179237366,0.6675807237625122,0.7891079783439636,0.1601381152868271,0.7123525142669678,0.8069674968719482,0.25337570905685425,0.6674116253852844,0.8062493205070496,0.17318108677864075,0.7322689890861511,0.837202250957489,0.15771469473838806,0.6775919198989868,0.8290728330612183,0.05597778409719467
52,catch_cap,a04_s09_e01,0.7227622866630554,0.30519965291023254,-0.16192495822906494,0.7177144289016724,0.29319635033607483,-0.14201313257217407,0.7170494198799133,0.2929019629955292,-0.1419924944639206,0.7162178158760071,0.2926260828971863,-0.14195874333381653,0.7158694863319397,0.2938394844532013,-0.16638799011707306,0.7139056921005249,0.293905645608902,-0.16641558706760406,0.7116663455963135,0.2940070927143097,-0.1665186583995819,0.7050630450248718,0.300049364566803,-0.03634614497423172,0.6985379457473755,0.301758348941803,-0.14910541474819183,0.7207208275794983,0.31762897968292236,-0.1205158457159996,0.7182416915893555,0.31881779432296753,-0.15328767895698547,0.7313519716262817,0.3548555374145508,0.02336711436510086,0.6558409929275513,0.3866841197013855,-0.12379349768161774,0.789993166923523,0.3233393728733063,-0.004850589670240879,0.6474281549453735,0.4859248101711273,-0.12094024568796158,0.7951723337173462,0.23841062188148499,-0.12435366213321686,0.6498469114303589,0.5615568161010742,-0.1470489799976349,0.7996014356613159,0.21502982079982758,-0.1523033082485199,0.6480174660682678,0.58905029296875,-0.15942005813121796,0.7944334745407104,0.2129494696855545,-0.15024814009666443,0.6555679440498352,0.5869496464729309,-0.18311069905757904,0.791381299495697,0.21955916285514832,-0.13048748672008514,0.6590973138809204,0.5783778429031372,-0.15500175952911377,0.7297937870025635,0.5501205325126648,0.03320090100169182,0.6814225912094116,0.5523272752761841,-0.03338783606886864,0.7225602865219116,0.6822519302368164,0.032841168344020844,0.6720706224441528,0.6786370873451233,-0.05146339535713196,0.719123899936676,0.7916321158409119,0.23328351974487305,0.6675816774368286,0.789286732673645,0.14389362931251526,0.7112393975257874,0.8066731095314026,0.2490857094526291,0.6674113273620605,0.8064475655555725,0.15646758675575256,0.7318211793899536,0.8369439840316772,0.15447968244552612,0.6774533987045288,0.8293288350105286,0.037327297031879425
53,catch_cap,a04_s09_e01,0.7227222323417664,0.30488908290863037,-0.16199883818626404,0.7175737023353577,0.292963445186615,-0.142329141497612,0.7169065475463867,0.2926817536354065,-0.14231309294700623,0.716077446937561,0.2924187481403351,-0.14228005707263947,0.7157394886016846,0.2936429977416992,-0.16667288541793823,0.7137800455093384,0.2937762439250946,-0.16669729351997375,0.7115465402603149,0.29396122694015503,-0.1667948067188263,0.7050787210464478,0.3002077043056488,-0.036717019975185394,0.6984364986419678,0.3021954596042633,-0.14913389086723328,0.7207103967666626,0.31744250655174255,-0.12065950781106949,0.7182335257530212,0.31868070363998413,-0.1533074826002121,0.7316029071807861,0.35491514205932617,0.022518880665302277,0.6560705304145813,0.3866150975227356,-0.123350128531456,0.7910288572311401,0.3273272216320038,-0.03684619814157486,0.6476503014564514,0.4857233464717865,-0.12081363052129745,0.7922824621200562,0.23873326182365417,-0.19112613797187805,0.6498230695724487,0.5616536736488342,-0.14649845659732819,0.7957611083984375,0.2166331708431244,-0.22455494105815887,0.6478859186172485,0.5890906453132629,-0.1592215895652771,0.7893836498260498,0.21465666592121124,-0.2200600802898407,0.6554274559020996,0.5869939923286438,-0.18295368552207947,0.7866369485855103,0.21998350322246552,-0.19712939858436584,0.658982515335083,0.578431248664856,-0.15439367294311523,0.7299696207046509,0.5502415895462036,0.03234490007162094,0.681484580039978,0.5523854494094849,-0.03253044933080673,0.7226670384407043,0.6822861433029175,0.033487625420093536,0.6720604300498962,0.6788543462753296,-0.04592202231287956,0.7189757227897644,0.7914435267448425,0.2330058515071869,0.6675843596458435,0.7898171544075012,0.14932580292224884,0.7106820344924927,0.8065544366836548,0.24876447021961212,0.6674035787582397,0.8070460557937622,0.16182531416416168,0.7317356467247009,0.8368066549301147,0.1544128954410553,0.677290678024292,0.8295213580131531,0.04394127056002617
54,catch_cap,a04_s09_e01,0.7227084040641785,0.3049471974372864,-0.18864360451698303,0.7175305485725403,0.2929539680480957,-0.1684563010931015,0.7168902158737183,0.29265397787094116,-0.16845861077308655,0.7160941362380981,0.29236921668052673,-0.1684339940547943,0.7156453132629395,0.2937501072883606,-0.19146332144737244,0.7136899828910828,0.2939731180667877,-0.19148007035255432,0.7114816904067993,0.29424718022346497,-0.19156259298324585,0.7052128314971924,0.30033108592033386,-0.054554931819438934,0.6983720064163208,0.3027365803718567,-0.16011731326580048,0.7207812070846558,0.31753137707710266,-0.14454667270183563,0.7182201743125916,0.31889837980270386,-0.17533372342586517,0.7320951819419861,0.35524559020996094,0.00888195913285017,0.6560585498809814,0.3866753578186035,-0.12732663750648499,0.7928187251091003,0.3352802097797394,-0.08191393315792084,0.6477634906768799,0.48573338985443115,-0.12435851246118546,0.786892294883728,0.2484453171491623,-0.273196280002594,0.6497284770011902,0.5627602338790894,-0.1540190428495407,0.7907915711402893,0.221470907330513,-0.31340208649635315,0.6477581858634949,0.5898764729499817,-0.17073801159858704,0.7830958962440491,0.22245267033576965,-0.3043658435344696,0.6552351117134094,0.5882648825645447,-0.19491182267665863,0.780573308467865,0.23250167071819305,-0.2778332829475403,0.658779501914978,0.5796569585800171,-0.16189329326152802,0.7301567196846008,0.550959050655365,0.0300903283059597,0.6814417243003845,0.5532116293907166,-0.03024897351861,0.7227288484573364,0.6826252341270447,0.03519229218363762,0.6719866394996643,0.6793347001075745,-0.030757347121834755,0.718877911567688,0.7912067174911499,0.2429053783416748,0.6676268577575684,0.7901246547698975,0.1731286346912384,0.7104923129081726,0.8062437176704407,0.25904491543769836,0.6674315929412842,0.8072102069854736,0.18617311120033264,0.7314980030059814,0.8368056416511536,0.16303309798240662,0.6772564649581909,0.8297655582427979,0.06724514812231064
55,catch_cap,a04_s09_e01,0.7226861715316772,0.3055351972579956,-0.20271417498588562,0.7174847722053528,0.2933579385280609,-0.1822834312915802,0.7168603539466858,0.2929932773113251,-0.18228428065776825,0.7160850763320923,0.29262638092041016,-0.18225985765457153,0.7155815958976746,0.29425662755966187,-0.2048381268978119,0.7136677503585815,0.29451626539230347,-0.2048521786928177,0.7113301753997803,0.29481497406959534,-0.20492660999298096,0.7052554488182068,0.3003654181957245,-0.06569547206163406,0.6979089379310608,0.3031540513038635,-0.16920773684978485,0.7207174301147461,0.31794705986976624,-0.15777795016765594,0.717798113822937,0.3194832503795624,-0.1879207193851471,0.7325661182403564,0.35580605268478394,0.004248347133398056,0.6560343503952026,0.3867262899875641,-0.12762480974197388,0.7950094938278198,0.3438135087490082,-0.08804745972156525,0.6478294134140015,0.4857453405857086,-0.12618215382099152,0.7841958999633789,0.26113536953926086,-0.2815782427787781,0.6494069695472717,0.5638817548751831,-0.1701546460390091,0.7867023944854736,0.23672442138195038,-0.3226453363895416,0.6474155187606812,0.5902506709098816,-0.18787169456481934,0.7783516049385071,0.2370459884405136,-0.31009358167648315,0.6546292304992676,0.5889080166816711,-0.21210043132305145,0.776612401008606,0.24716144800186157,-0.2847220003604889,0.6581165194511414,0.5804885029792786,-0.1781453788280487,0.7301627397537231,0.551495373249054,0.03052709624171257,0.6814253330230713,0.5534898042678833,-0.030693555250763893,0.7227447628974915,0.6827480792999268,0.04288402572274208,0.671951174736023,0.679722011089325,-0.024205077439546585,0.7187513113021851,0.7909751534461975,0.25431591272354126,0.6676257252693176,0.7903457283973694,0.1800306737422943,0.710333526134491,0.8058394193649292,0.27024731040000916,0.6673876047134399,0.8073234558105469,0.19321388006210327,0.7313360571861267,0.8367684483528137,0.17592626810073853,0.677265465259552,0.8301258683204651,0.07567275315523148
56,catch_cap,a04_s09_e01,0.7226381301879883,0.30656522512435913,-0.2035275399684906,0.7175867557525635,0.2942052483558655,-0.1828794777393341,0.7170356512069702,0.2938010096549988,-0.18287672102451324,0.7163466811180115,0.293369323015213,-0.18285609781742096,0.7155345678329468,0.29506605863571167,-0.20541629195213318,0.7135980725288391,0.2952703833580017,-0.20543090999126434,0.7113021612167358,0.2954820990562439,-0.20550724864006042,0.7055338621139526,0.3005934953689575,-0.06548996269702911,0.6976767778396606,0.30337655544281006,-0.16951021552085876,0.7206673622131348,0.3187277019023895,-0.1581680029630661,0.7174302935600281,0.32032617926597595,-0.18833212554454803,0.732887864112854,0.3566811978816986,0.006134198047220707,0.6560171842575073,0.38672202825546265,-0.13000871241092682,0.7964143753051758,0.3527887463569641,-0.07176458835601807,0.6478638648986816,0.4857427179813385,-0.1278955042362213,0.7846184372901917,0.2691260576248169,-0.2526743710041046,0.649090051651001,0.5640637278556824,-0.17232531309127808,0.7858728170394897,0.2496497482061386,-0.29119980335235596,0.6465190649032593,0.5902842879295349,-0.18910112977027893,0.7780939340591431,0.2484464943408966,-0.27853840589523315,0.6534695029258728,0.5890058875083923,-0.2139308750629425,0.776929497718811,0.2569276988506317,-0.2551889419555664,0.6571082472801208,0.5806825757026672,-0.18058165907859802,0.7301618456840515,0.5521120429039001,0.03150230646133423,0.6814118027687073,0.5537039041519165,-0.03165453299880028,0.7227630615234375,0.6829530000686646,0.04812772944569588,0.6719480156898499,0.6800832152366638,-0.023727132007479668,0.7187010645866394,0.790922224521637,0.25350338220596313,0.6676264405250549,0.7903499603271484,0.17848734557628632,0.7102474570274353,0.8057500720024109,0.26876896619796753,0.6673827767372131,0.8073030114173889,0.19163930416107178,0.7312318682670593,0.836764931678772,0.17573945224285126,0.6772109866142273,0.8301618099212646,0.07555224001407623
57,catch_cap,a04_s09_e01,0.7224183678627014,0.30765601992607117,-0.2167314738035202,0.7177448868751526,0.29517701268196106,-0.19642625749111176,0.7172713279724121,0.2947928011417389,-0.19642548263072968,0.7166578769683838,0.29438337683677673,-0.19640909135341644,0.7154925465583801,0.295896053314209,-0.21891753375530243,0.7135790586471558,0.2959972023963928,-0.2189311981201172,0.7110466957092285,0.2960820198059082,-0.21900467574596405,0.7057271003723145,0.3006706237792969,-0.07827907800674438,0.6963012218475342,0.30339154601097107,-0.18202517926692963,0.7200900912284851,0.3197826147079468,-0.17116764187812805,0.7162566781044006,0.32142242789268494,-0.20122405886650085,0.733029842376709,0.3579593896865845,0.0022039092145860195,0.6559261083602905,0.38671669363975525,-0.1431841403245926,0.7975906133651733,0.36458951234817505,-0.0794983059167862,0.647861897945404,0.4857460558414459,-0.14184218645095825,0.7864964604377747,0.28532999753952026,-0.27346646785736084,0.6484894752502441,0.5647603273391724,-0.18408802151679993,0.788088321685791,0.26558271050453186,-0.314159095287323,0.6456836462020874,0.5905247330665588,-0.20116320252418518,0.7814148664474487,0.26354482769966125,-0.3028044104576111,0.6522120833396912,0.5896511077880859,-0.2273588478565216,0.7795870900154114,0.2720152735710144,-0.27683499455451965,0.655778169631958,0.5814281105995178,-0.19292886555194855,0.7301403880119324,0.5526517033576965,0.033480193465948105,0.6813830137252808,0.554050862789154,-0.03361164405941963,0.7227793335914612,0.6829131841659546,0.06117049604654312,0.6719505786895752,0.6802253127098083,-0.024152399972081184,0.7186998128890991,0.7908483743667603,0.26308533549308777,0.667629599571228,0.7903583645820618,0.17754557728767395,0.7102584838867188,0.805685818195343,0.277902752161026,0.6673697233200073,0.8073114156723022,0.19097532331943512,0.731171190738678,0.8366919755935669,0.18447831273078918,0.6773312091827393,0.8301562070846558,0.07527346909046173
58,catch_cap,a04_s09_e01,0.7223488688468933,0.3074911832809448,-0.21337108314037323,0.7177854776382446,0.2950282096862793,-0.19378788769245148,0.7173389792442322,0.2946630120277405,-0.19379086792469025,0.7167567014694214,0.294274240732193,-0.193768709897995,0.7154707312583923,0.29574838280677795,-0.21681368350982666,0.713437020778656,0.29586946964263916,-0.21682384610176086,0.7106098532676697,0.2959824204444885,-0.21689650416374207,0.7056931257247925,0.300527960062027,-0.07900841534137726,0.6949665546417236,0.30308452248573303,-0.18487098813056946,0.7198049426078796,0.31983569264411926,-0.1691758632659912,0.715716540813446,0.3214578330516815,-0.19983884692192078,0.7330989241600037,0.3591461181640625,0.001773462281562388,0.6559005975723267,0.38618478178977966,-0.15124766528606415,0.7972933650016785,0.3752638101577759,-0.08833741396665573,0.6478540897369385,0.4855421781539917,-0.15404638648033142,0.7883591055870056,0.30732691287994385,-0.30299681425094604,0.6476491689682007,0.564875066280365,-0.19393683969974518,0.7908338308334351,0.28604480624198914,-0.3458506464958191,0.6441748738288879,0.590503454208374,-0.210893914103508,0.7846148014068604,0.28230801224708557,-0.33572909235954285,0.650562047958374,0.5897083878517151,-0.23740904033184052,0.7822768688201904,0.2906767427921295,-0.30731695890426636,0.6541347503662109,0.5816284418106079,-0.2027953565120697,0.730039119720459,0.5529146790504456,0.03646864742040634,0.6811246275901794,0.5542574524879456,-0.03658727556467056,0.7228025197982788,0.6828556060791016,0.059117116034030914,0.6719616651535034,0.6802682280540466,-0.017500828951597214,0.7187684774398804,0.7909151911735535,0.25914159417152405,0.6676303744316101,0.7903991937637329,0.18776056170463562,0.7102695107460022,0.8058335185050964,0.2756955027580261,0.6673277020454407,0.8073636889457703,0.20090818405151367,0.7312193512916565,0.8368752002716064,0.1807866394519806,0.6776621341705322,0.8301703333854675,0.08470172435045242
59,catch_cap,a04_s09_e01,0.7221585512161255,0.30783766508102417,-0.24191191792488098,0.7178252935409546,0.2952527105808258,-0.22122180461883545,0.717481255531311,0.29493942856788635,-0.22123388946056366,0.7170425057411194,0.2945925295352936,-0.22121985256671906,0.71527099609375,0.2958501875400543,-0.24239766597747803,0.712897777557373,0.29594603180885315,-0.24241197109222412,0.7095904350280762,0.29605981707572937,-0.24246954917907715,0.7058690190315247,0.3005124032497406,-0.09993834793567657,0.6934868097305298,0.3030615448951721,-0.19793428480625153,0.7197207808494568,0.3203883171081543,-0.19561344385147095,0.7149826288223267,0.3221295177936554,-0.2239370048046112,0.7332351803779602,0.36114126443862915,-0.01276406366378069,0.6557342410087585,0.38614681363105774,-0.1549607217311859,0.7969831228256226,0.3847733438014984,-0.10282406955957413,0.6477487683296204,0.48553863167762756,-0.1568901240825653,0.7917994260787964,0.32518652081489563,-0.32995182275772095,0.6468532681465149,0.5650174021720886,-0.20992347598075867,0.7913275957107544,0.30601945519447327,-0.3749903440475464,0.6428641676902771,0.5905048251152039,-0.22950609028339386,0.7858668565750122,0.30336564779281616,-0.36899930238723755,0.6491153240203857,0.5897575616836548,-0.25655943155288696,0.7839163541793823,0.3105138838291168,-0.335895836353302,0.6525923609733582,0.5817689895629883,-0.21922501921653748,0.7297415733337402,0.5531671643257141,0.03641393035650253,0.68053138256073,0.5544217824935913,-0.03653375059366226,0.7228021621704102,0.6827739477157593,0.057313721626996994,0.6720142364501953,0.6801949143409729,-0.03866806626319885,0.7187422513961792,0.7909203767776489,0.26625850796699524,0.6676135063171387,0.7904033064842224,0.1640327423810959,0.7099018096923828,0.8058025240898132,0.2815020680427551,0.6672239303588867,0.807432234287262,0.17615339159965515,0.7311208844184875,0.8368106484413147,0.18028858304023743,0.6779035925865173,0.8302725553512573,0.049057912081480026
60,catch_cap,a04_s09_e01,0.7214758992195129,0.30806443095207214,-0.27061742544174194,0.7174670100212097,0.2953624725341797,-0.24998188018798828,0.717259407043457,0.29503482580184937,-0.25000181794166565,0.7169342637062073,0.29467859864234924,-0.24999816715717316,0.7142829895019531,0.2959451675415039,-0.2698790431022644,0.7115734815597534,0.29604244232177734,-0.2698949873447418,0.7079889178276062,0.2961888611316681,-0.26995500922203064,0.7058526873588562,0.30039045214653015,-0.12442084401845932,0.6920452117919922,0.3030547797679901,-0.2161116898059845,0.7194775342941284,0.3205171525478363,-0.22240860760211945,0.7142351865768433,0.32221582531929016,-0.24900861084461212,0.7333776354789734,0.36267921328544617,-0.0312032587826252,0.6551980376243591,0.38613197207450867,-0.15810832381248474,0.7952797412872314,0.3975740969181061,-0.11397139728069305,0.6475853323936462,0.48561257123947144,-0.15625596046447754,0.7954092025756836,0.33890944719314575,-0.3512486219406128,0.6452489495277405,0.5659096240997314,-0.2024225890636444,0.7969759702682495,0.3213513195514679,-0.39741361141204834,0.641110360622406,0.5910244584083557,-0.22150294482707977,0.7931767106056213,0.3175531029701233,-0.3957884609699249,0.6470350027084351,0.5905757546424866,-0.25073641538619995,0.7908780574798584,0.3233312964439392,-0.3588704764842987,0.6502372026443481,0.5826675295829773,-0.21252934634685516,0.7295845746994019,0.5532752871513367,0.03436220809817314,0.6799173951148987,0.5544580817222595,-0.03443842753767967,0.7228027582168579,0.6827356219291687,0.045113883912563324,0.6720290780067444,0.6799631714820862,-0.05068732053041458,0.7187276482582092,0.7909671664237976,0.2684459090232849,0.6676762700080872,0.7901344895362854,0.16562166810035706,0.7092887759208679,0.8057530522346497,0.2845150828361511,0.6672405004501343,0.8070139288902283,0.1782997101545334,0.7310035824775696,0.8368505835533142,0.17752555012702942,0.6780000329017639,0.8301950693130493,0.04865722730755806
61,catch_cap,a04_s09_e01,0.7209456562995911,0.30831462144851685,-0.27875328063964844,0.717126727104187,0.2954687178134918,-0.2578309178352356,0.7170673608779907,0.29511478543281555,-0.25786978006362915,0.7168680429458618,0.29474157094955444,-0.257867693901062,0.713429868221283,0.2961800694465637,-0.2764873206615448,0.7105396389961243,0.2963816523551941,-0.27650490403175354,0.7068016529083252,0.29670268297195435,-0.27656593918800354,0.7058430314064026,0.3002760708332062,-0.13116879761219025,0.6905893087387085,0.30334657430648804,-0.21683187782764435,0.7193071842193604,0.3208353817462921,-0.23035559058189392,0.7138118147850037,0.32247066497802734,-0.2551012933254242,0.7335344552993774,0.363900750875473,-0.037271205335855484,0.6543160676956177,0.3860991299152374,-0.15753115713596344,0.7899457216262817,0.4071842432022095,-0.12133610248565674,0.6474071741104126,0.48548752069473267,-0.153111070394516,0.8071917295455933,0.3673219084739685,-0.37874025106430054,0.6436134576797485,0.5659558176994324,-0.21064209938049316,0.8141021728515625,0.35197970271110535,-0.4273456931114197,0.6394577622413635,0.5910882949829102,-0.23157449066638947,0.8118670582771301,0.34465113282203674,-0.4324169158935547,0.6450939178466797,0.5907032489776611,-0.2621457278728485,0.8073148727416992,0.35129350423812866,-0.38976314663887024,0.6480894088745117,0.5828045606613159,-0.2215535193681717,0.7292932271957397,0.5532752871513367,0.03373907878994942,0.6794125437736511,0.5544506311416626,-0.03379335254430771,0.7227000594139099,0.6826874613761902,0.04099665582180023,0.6721036434173584,0.6788130402565002,-0.05687510222196579,0.7184278964996338,0.7909614443778992,0.26845189929008484,0.6677169799804688,0.7899625301361084,0.16244111955165863,0.7079693078994751,0.8056318759918213,0.2841692566871643,0.667219340801239,0.8069608807563782,0.1753694862127304,0.7310046553611755,0.8367778062820435,0.17735299468040466,0.6780909299850464,0.8301435708999634,0.03960052877664566
62,catch_cap,a04_s09_e01,0.7195901870727539,0.3082571029663086,-0.2522348165512085,0.7161760926246643,0.29542240500450134,-0.2314373254776001,0.7164655923843384,0.2950715124607086,-0.231469988822937,0.7165783643722534,0.2947048842906952,-0.23146021366119385,0.7116118669509888,0.29614824056625366,-0.25139814615249634,0.7084797620773315,0.2963917851448059,-0.2514173686504364,0.704598069190979,0.29681023955345154,-0.2514909505844116,0.7059529423713684,0.30018380284309387,-0.11036880314350128,0.6888693571090698,0.30360543727874756,-0.18440505862236023,0.7190666794776917,0.3208451271057129,-0.20565934479236603,0.7129878401756287,0.32245418429374695,-0.23303155601024628,0.7340166568756104,0.36605435609817505,-0.025006255134940147,0.6537870168685913,0.3859523832798004,-0.12356556951999664,0.7858070731163025,0.41746270656585693,-0.10598929226398468,0.6471362709999084,0.4853852093219757,-0.12994614243507385,0.8090277910232544,0.3838365375995636,-0.3615707755088806,0.6422684788703918,0.566057026386261,-0.2107941210269928,0.8201073408126831,0.3726596534252167,-0.41155415773391724,0.638522207736969,0.591161847114563,-0.2337758094072342,0.8163869976997375,0.36692607402801514,-0.4210779666900635,0.6440678834915161,0.590744137763977,-0.264717161655426,0.8116550445556641,0.37227216362953186,-0.3738298714160919,0.6467732191085815,0.5828582048416138,-0.2225232571363449,0.7286174297332764,0.5533562898635864,0.03219243511557579,0.6788022518157959,0.5545567274093628,-0.03222762793302536,0.7226801514625549,0.6826857328414917,0.037324585020542145,0.672118604183197,0.678568422794342,-0.043986596167087555,0.7183725237846375,0.7909494638442993,0.25261032581329346,0.6678788661956787,0.7899314761161804,0.1727401316165924,0.707734227180481,0.8055508136749268,0.26692450046539307,0.6672251224517822,0.8069735169410706,0.18585769832134247,0.7310372591018677,0.8366734981536865,0.15629440546035767,0.6788287162780762,0.8301713466644287,0.053590547293424606
63,catch_cap,a04_s09_e01,0.7179692983627319,0.30793794989585876,-0.23553189635276794,0.7151225805282593,0.2951236963272095,-0.2132715880870819,0.7157601714134216,0.2948017418384552,-0.21336019039154053,0.7162035703659058,0.2944659888744354,-0.21335318684577942,0.7097208499908447,0.2959733009338379,-0.22525863349437714,0.7064303755760193,0.29633039236068726,-0.225245401263237,0.7022774815559387,0.2967764139175415,-0.22525577247142792,0.7063063383102417,0.299832820892334,-0.0893460288643837,0.6873105764389038,0.303706556558609,-0.14978067576885223,0.7188166379928589,0.32076019048690796,-0.18933424353599548,0.7119814157485962,0.3223157525062561,-0.2053113877773285,0.7344039082527161,0.3676581084728241,-0.006905062589794397,0.6533851623535156,0.3855728507041931,-0.09364178776741028,0.7794609069824219,0.42256423830986023,-0.05766492336988449,0.6466919183731079,0.4851750433444977,-0.08689694106578827,0.809532642364502,0.40832334756851196,-0.3123081922531128,0.6412165760993958,0.5658352971076965,-0.16764947772026062,0.8244937062263489,0.403291791677475,-0.36667600274086,0.6371287703514099,0.5910511612892151,-0.18810364603996277,0.8220016360282898,0.3967863917350769,-0.3664211928844452,0.642554521560669,0.5906714797019958,-0.22340616583824158,0.8159732818603516,0.3995930850505829,-0.3604981303215027,0.6451482772827148,0.5828345417976379,-0.18122519552707672,0.7273060083389282,0.5535459518432617,0.03144827485084534,0.6775180101394653,0.5545575022697449,-0.031488411128520966,0.7226399183273315,0.6827586889266968,0.028433099389076233,0.6721194982528687,0.6780079007148743,-0.02922065183520317,0.7183561325073242,0.7920228242874146,0.20997539162635803,0.6679075956344604,0.7899228930473328,0.17039726674556732,0.7075647115707397,0.8071061372756958,0.22089290618896484,0.6672487258911133,0.8073965907096863,0.18198557198047638,0.731372594833374,0.8367103934288025,0.11176840960979462,0.6788212060928345,0.8296915292739868,0.054916929453611374
64,catch_cap,a04_s09_e01,0.7168119549751282,0.30746620893478394,-0.2207804173231125,0.7144426107406616,0.29477784037590027,-0.20001371204853058,0.7152999639511108,0.29449233412742615,-0.20011171698570251,0.715969443321228,0.29416829347610474,-0.20010991394519806,0.7086048722267151,0.2956445813179016,-0.21059267222881317,0.7052131295204163,0.2960371673107147,-0.21056897938251495,0.7010557651519775,0.2965141236782074,-0.21057403087615967,0.7067778706550598,0.2992463707923889,-0.08256357908248901,0.6867373585700989,0.30341723561286926,-0.1350450962781906,0.7184921503067017,0.3205799460411072,-0.17723125219345093,0.7110775709152222,0.32191550731658936,-0.1906747967004776,0.734896719455719,0.369165301322937,-0.007216445170342922,0.6532226204872131,0.3853367269039154,-0.07960104942321777,0.7757033705711365,0.42515242099761963,-0.05449267104268074,0.6456579566001892,0.4851330816745758,-0.06501755863428116,0.8131674528121948,0.4270710349082947,-0.3042014241218567,0.6399235129356384,0.5658305883407593,-0.14516282081604004,0.8313255310058594,0.4321247339248657,-0.3503808379173279,0.6357601284980774,0.5910609364509583,-0.16775885224342346,0.8310224413871765,0.4251609146595001,-0.3699743151664734,0.6412228345870972,0.5906708836555481,-0.20528551936149597,0.8234739303588867,0.42445480823516846,-0.32570287585258484,0.6438485383987427,0.5828320980072021,-0.16019949316978455,0.7259900569915771,0.5536233186721802,0.02707161009311676,0.6760587096214294,0.5545863509178162,-0.027098406106233597,0.7225467562675476,0.6829009652137756,0.025310378521680832,0.6719126105308533,0.6778488755226135,-0.009286249056458473,0.7183555364608765,0.7922198176383972,0.1986776441335678,0.6679350137710571,0.789543867111206,0.17813065648078918,0.7076038122177124,0.8074144721031189,0.20902149379253387,0.6674121618270874,0.807319700717926,0.18896405398845673,0.7314591407775879,0.8366261720657349,0.09736347943544388,0.6785494089126587,0.8290789127349854,0.06732727587223053
65,catch_cap,a04_s09_e01,0.7162877321243286,0.30674979090690613,-0.22155725955963135,0.7142215967178345,0.2943236529827118,-0.20099714398384094,0.7151685953140259,0.2940619885921478,-0.2010791301727295,0.715934157371521,0.29373428225517273,-0.2010742723941803,0.7082604169845581,0.2951134741306305,-0.21288219094276428,0.7048035860061646,0.29549476504325867,-0.21285739541053772,0.7006322145462036,0.2959645986557007,-0.21285931766033173,0.7074023485183716,0.2984268367290497,-0.08358664810657501,0.6865009665489197,0.3027268946170807,-0.1384909451007843,0.7182551622390747,0.3202818036079407,-0.17775647342205048,0.7104548215866089,0.32151079177856445,-0.19318464398384094,0.7354778051376343,0.3702848553657532,-0.01806831546127796,0.6530267596244812,0.385008841753006,-0.0814371183514595,0.7752984762191772,0.42665570974349976,-0.05857919901609421,0.6449027061462402,0.48451900482177734,-0.06167213246226311,0.814814567565918,0.44430050253868103,-0.3007090389728546,0.6384049654006958,0.565298318862915,-0.1409372091293335,0.8336421251296997,0.45660585165023804,-0.34806567430496216,0.6340110898017883,0.5907964706420898,-0.16569235920906067,0.8323310017585754,0.4519154131412506,-0.37776950001716614,0.6390739679336548,0.5904833674430847,-0.20320573449134827,0.8237922787666321,0.4478163719177246,-0.32003965973854065,0.6418700814247131,0.5826888680458069,-0.15628741681575775,0.7252422571182251,0.5536606311798096,0.022183220833539963,0.6751313805580139,0.5545803308486938,-0.022203434258699417,0.7224038243293762,0.683288037776947,0.028760815039277077,0.6716866493225098,0.6779753565788269,0.0016759814461693168,0.7185192704200745,0.7927209138870239,0.2058008462190628,0.6680797338485718,0.7895413637161255,0.18631573021411896,0.7084529399871826,0.8075658082962036,0.21643391251564026,0.6677155494689941,0.8071994781494141,0.19711634516716003,0.7314850091934204,0.8366204500198364,0.10354185104370117,0.6784955263137817,0.8290286660194397,0.07779006659984589
66,catch_cap,a04_s09_e01,0.7157589197158813,0.3067396879196167,-0.24052982032299042,0.7141282558441162,0.29432645440101624,-0.22109892964363098,0.715135395526886,0.2940747141838074,-0.22117865085601807,0.7159260511398315,0.2937566936016083,-0.2211700677871704,0.7079610228538513,0.29510897397994995,-0.23032090067863464,0.7043853998184204,0.2954868674278259,-0.23028576374053955,0.7001394629478455,0.29595664143562317,-0.23026256263256073,0.7082948684692383,0.29837700724601746,-0.10615921020507812,0.6863269209861755,0.30263373255729675,-0.1502220332622528,0.7178953886032104,0.3202913701534271,-0.19734284281730652,0.7096208333969116,0.32148852944374084,-0.2089722454547882,0.7360490560531616,0.37121662497520447,-0.03840123862028122,0.6528850793838501,0.3847903609275818,-0.09181832522153854,0.775077223777771,0.4312654435634613,-0.059462349861860275,0.6442763805389404,0.4842316210269928,-0.06659358739852905,0.8149897456169128,0.4645785391330719,-0.2820099890232086,0.6369107365608215,0.5651081800460815,-0.148036926984787,0.8332961201667786,0.48269760608673096,-0.32906007766723633,0.6322070956230164,0.5904781818389893,-0.17341145873069763,0.8301798701286316,0.4815772771835327,-0.36441367864608765,0.6367844343185425,0.5902811288833618,-0.21065691113471985,0.8228441476821899,0.475511372089386,-0.3038788139820099,0.6397374868392944,0.5825289487838745,-0.16365543007850647,0.7245215177536011,0.5536164045333862,0.019325915724039078,0.6740455031394958,0.5544388294219971,-0.019352171570062637,0.7222966551780701,0.6833189725875854,0.030655864626169205,0.6715279817581177,0.6779152154922485,0.006587648298591375,0.7187220454216003,0.7929238677024841,0.20037248730659485,0.6681363582611084,0.7892686724662781,0.18567493557929993,0.7097902894020081,0.8075800538063049,0.20974674820899963,0.6682418584823608,0.8066480755805969,0.1961374133825302,0.731492817401886,0.8364745378494263,0.09606281667947769,0.6783279776573181,0.8287016153335571,0.0770537331700325
67,catch_cap,a04_s09_e01,0.7154242992401123,0.30673277378082275,-0.27939698100090027,0.7140991687774658,0.29432204365730286,-0.2606169283390045,0.7151365280151367,0.29407554864883423,-0.2606774568557739,0.7159616947174072,0.2937617301940918,-0.26067909598350525,0.7077314853668213,0.29510095715522766,-0.26963478326797485,0.7040262818336487,0.2954762279987335,-0.2696312367916107,0.6997082829475403,0.2959466576576233,-0.26961952447891235,0.7093788385391235,0.2983115315437317,-0.14576081931591034,0.6862063407897949,0.30246883630752563,-0.18612022697925568,0.7176938056945801,0.32028481364250183,-0.2358085662126541,0.7091712951660156,0.3214689791202545,-0.24751241505146027,0.7374264001846313,0.3726101517677307,-0.06767554581165314,0.6528868079185486,0.38476938009262085,-0.11639200150966644,0.7766254544258118,0.4389282763004303,-0.054985158145427704,0.643916130065918,0.48409318923950195,-0.07717897742986679,0.8159109950065613,0.48674628138542175,-0.22424304485321045,0.6359255909919739,0.56501305103302,-0.17682702839374542,0.8322620391845703,0.5078725218772888,-0.2628166079521179,0.6310489177703857,0.5900813341140747,-0.2054639309644699,0.8283324241638184,0.5053232908248901,-0.2988232672214508,0.635013997554779,0.5900266766548157,-0.24617989361286163,0.8219867944717407,0.498259037733078,-0.24347753822803497,0.6380476951599121,0.5824058055877686,-0.19499365985393524,0.7243219614028931,0.553622305393219,0.01800953596830368,0.6735719442367554,0.5542880296707153,-0.018054315820336342,0.7222745418548584,0.683293342590332,0.031204059720039368,0.6714829802513123,0.6777031421661377,0.01048407144844532,0.7188952565193176,0.7931955456733704,0.1964266002178192,0.6681984066963196,0.7890742421150208,0.185141459107399,0.710817277431488,0.8076596856117249,0.2050887644290924,0.6686531901359558,0.806326687335968,0.19525779783725739,0.7315570712089539,0.8364986777305603,0.09287528693675995,0.6782642602920532,0.8286298513412476,0.07636673003435135
68,catch_cap,a04_s09_e01,0.7151740193367004,0.30672523379325867,-0.32505834102630615,0.714083731174469,0.2943204343318939,-0.30686062574386597,0.7151400446891785,0.2940762937068939,-0.3068961203098297,0.7160386443138123,0.2937646806240082,-0.30690720677375793,0.7075048089027405,0.2950998842716217,-0.3148845434188843,0.7037183046340942,0.2954714596271515,-0.3149133324623108,0.6993937492370605,0.2959407866001129,-0.31490907073020935,0.7103945016860962,0.29825353622436523,-0.19138476252555847,0.6862152814865112,0.30237701535224915,-0.2286616563796997,0.7175480723381042,0.3202705681324005,-0.2809545397758484,0.7089702486991882,0.32145601511001587,-0.29170793294906616,0.7391122579574585,0.37479597330093384,-0.10589951276779175,0.6529020071029663,0.384745717048645,-0.1534857451915741,0.7773563265800476,0.4475661516189575,-0.05662544444203377,0.6435869932174683,0.48327919840812683,-0.11447133123874664,0.8147331476211548,0.5072569251060486,-0.17798413336277008,0.634445309638977,0.5632495880126953,-0.2055807113647461,0.8318823575973511,0.527687668800354,-0.2089788168668747,0.6292757987976074,0.5881451964378357,-0.2341195046901703,0.8264301419258118,0.5267552733421326,-0.2445847988128662,0.6333763599395752,0.5879892110824585,-0.2730121314525604,0.8198440670967102,0.5195856094360352,-0.19572272896766663,0.6365371346473694,0.5807827115058899,-0.22286780178546906,0.7242444753646851,0.5536264181137085,0.014416073448956013,0.673090398311615,0.5539318919181824,-0.01448813546448946,0.7222594618797302,0.6832597255706787,0.03211919590830803,0.671464741230011,0.6774682998657227,0.016921723261475563,0.7190530896186829,0.7936736345291138,0.1931864619255066,0.6682089567184448,0.7881866097450256,0.1931094080209732,0.7118871212005615,0.8079926371574402,0.2018979787826538,0.6689347624778748,0.8049060106277466,0.20312562584877014,0.7319167256355286,0.836778461933136,0.0882449597120285,0.6780246496200562,0.8282231688499451,0.08458106219768524
69,catch_cap,a04_s09_e01,0.714154064655304,0.30673566460609436,-0.3369077146053314,0.7138243913650513,0.2943750321865082,-0.3196631073951721,0.715083658695221,0.2941313683986664,-0.31968504190444946,0.7160447239875793,0.29382941126823425,-0.3196867108345032,0.7066049575805664,0.29514217376708984,-0.3268282115459442,0.7026431560516357,0.29550644755363464,-0.32686126232147217,0.6981469392776489,0.29596036672592163,-0.32685452699661255,0.7113088965415955,0.29825299978256226,-0.203440859913826,0.685818076133728,0.3023190200328827,-0.23724734783172607,0.7171021103858948,0.32028406858444214,-0.2920127213001251,0.7080820798873901,0.3214535713195801,-0.3017318844795227,0.7400995492935181,0.3751428723335266,-0.11121596395969391,0.6529806852340698,0.38421276211738586,-0.1589564085006714,0.7760851979255676,0.44827941060066223,-0.05285796523094177,0.6435163617134094,0.4803312420845032,-0.11643465608358383,0.8101850748062134,0.5145577788352966,-0.16098254919052124,0.6331650018692017,0.5582931637763977,-0.20306937396526337,0.821111798286438,0.5379088521003723,-0.18957439064979553,0.6277271509170532,0.5840267539024353,-0.23113283514976501,0.8175393342971802,0.53676438331604,-0.2256733924150467,0.6316657662391663,0.5837230682373047,-0.2700051963329315,0.8135312795639038,0.5285707116127014,-0.17830754816532135,0.6349059343338013,0.5769488215446472,-0.22003820538520813,0.7238274812698364,0.553624153137207,0.01329013891518116,0.6724086999893188,0.5535611510276794,-0.0133673045784235,0.7222304940223694,0.683254599571228,0.028545131906867027,0.6714112758636475,0.6772004961967468,0.015407231636345387,0.7194575071334839,0.793994665145874,0.1756761521100998,0.6681916117668152,0.7870257496833801,0.19074270129203796,0.7133270502090454,0.8080653548240662,0.18307188153266907,0.669033944606781,0.8030239939689636,0.20081599056720734,0.7324299216270447,0.8369622826576233,0.06606317311525345,0.6775263547897339,0.8272507786750793,0.08100524544715881
70,catch_cap,a04_s09_e01,0.7129772901535034,0.306730717420578,-0.33853304386138916,0.7133678197860718,0.2943761646747589,-0.3212546706199646,0.7149399518966675,0.2941308617591858,-0.32127195596694946,0.7160434126853943,0.2938302755355835,-0.3212609589099884,0.7055695056915283,0.29513853788375854,-0.3276837468147278,0.7014520168304443,0.295502245426178,-0.3277150094509125,0.6968368291854858,0.2959536910057068,-0.3277055621147156,0.7122126817703247,0.2982552945613861,-0.2039591372013092,0.685339629650116,0.30227407813072205,-0.23465752601623535,0.7164009213447571,0.32027775049209595,-0.2932954430580139,0.7070388197898865,0.3214445412158966,-0.3020724654197693,0.7409950494766235,0.37580034136772156,-0.11097393929958344,0.653115451335907,0.38372325897216797,-0.15486811101436615,0.7747324705123901,0.4525133967399597,-0.05192076414823532,0.643347978591919,0.47842100262641907,-0.11468087136745453,0.8050633668899536,0.5192067623138428,-0.16509243845939636,0.6324697732925415,0.5546677112579346,-0.19611325860023499,0.8141629099845886,0.5437490940093994,-0.19534747302532196,0.6266762018203735,0.5811250805854797,-0.22374942898750305,0.8098139762878418,0.5430914163589478,-0.23158946633338928,0.6305376291275024,0.5808241367340088,-0.26242390275001526,0.8062734603881836,0.5348870754241943,-0.18223528563976288,0.6338983178138733,0.5742533802986145,-0.21261365711688995,0.7234100103378296,0.5537713766098022,0.014262638986110687,0.6716029644012451,0.5534828305244446,-0.014346197247505188,0.7222126722335815,0.6835819482803345,0.029046442359685898,0.6712881326675415,0.6771785616874695,0.011316618882119656,0.7200185656547546,0.7945912480354309,0.182778999209404,0.6679644584655762,0.7863193154335022,0.18912361562252045,0.7153083682060242,0.8085653185844421,0.19104284048080444,0.6689308285713196,0.8019039034843445,0.19938978552818298,0.7331260442733765,0.8371511697769165,0.07378800213336945,0.677117109298706,0.8266563415527344,0.07971934974193573
71,catch_cap,a04_s09_e01,0.712215781211853,0.3066204786300659,-0.35693806409835815,0.713001549243927,0.29420265555381775,-0.3399639427661896,0.7148376703262329,0.2939390540122986,-0.33997127413749695,0.7160770297050476,0.29365798830986023,-0.33996081352233887,0.7047858834266663,0.29491376876831055,-0.34571418166160583,0.7006545066833496,0.2952340543270111,-0.3457525968551636,0.6960912942886353,0.29566690325737,-0.34573894739151,0.7133156061172485,0.2982030510902405,-0.2221643626689911,0.6850827932357788,0.3020770251750946,-0.24971790611743927,0.7158652544021606,0.32023537158966064,-0.31140872836112976,0.7062241435050964,0.3214326798915863,-0.31938013434410095,0.7420440316200256,0.37684836983680725,-0.12795621156692505,0.6534435153007507,0.3832828402519226,-0.16412946581840515,0.7731590270996094,0.45741888880729675,-0.059386204928159714,0.6432090401649475,0.47739025950431824,-0.1139221042394638,0.7987365126609802,0.5275622010231018,-0.1708092838525772,0.6313858032226562,0.5536326766014099,-0.19560863077640533,0.8062723875045776,0.5510814785957336,-0.19983640313148499,0.625604510307312,0.5798205733299255,-0.22300848364830017,0.8012298345565796,0.5491531491279602,-0.23593255877494812,0.6293944120407104,0.5796023011207581,-0.26146915555000305,0.7978585958480835,0.5418810248374939,-0.1873924434185028,0.6327711343765259,0.5731338262557983,-0.21211782097816467,0.7232538461685181,0.5537906289100647,0.0133222546428442,0.6711502075195312,0.5533962845802307,-0.013421690091490746,0.7220975756645203,0.6836258769035339,0.02763861045241356,0.6712320446968079,0.6771199703216553,0.007669179700314999,0.7202211022377014,0.7956124544143677,0.18551817536354065,0.6679500341415405,0.7862833738327026,0.18498548865318298,0.7158329486846924,0.8095341324806213,0.19414283335208893,0.6689728498458862,0.801496684551239,0.19444617629051208,0.7333623766899109,0.8374487161636353,0.07556654512882233,0.6770327687263489,0.8259263634681702,0.0697173997759819
72,catch_cap,a04_s09_e01,0.7118821144104004,0.30636903643608093,-0.3420397639274597,0.712895393371582,0.2939245104789734,-0.3245595097541809,0.7148272395133972,0.2936793267726898,-0.3245771527290344,0.716220498085022,0.29344791173934937,-0.3245660066604614,0.7045329213142395,0.29440823197364807,-0.33048099279403687,0.700417160987854,0.29458409547805786,-0.33051180839538574,0.6959770321846008,0.2949067950248718,-0.33050215244293213,0.7143386602401733,0.2981252074241638,-0.20649881660938263,0.6851045489311218,0.3015497326850891,-0.23530526459217072,0.7155020236968994,0.320138543844223,-0.2965962588787079,0.7057958841323853,0.3213084042072296,-0.30479827523231506,0.7426892518997192,0.3773941099643707,-0.11634522676467896,0.6537740230560303,0.38283342123031616,-0.1537487506866455,0.7697774767875671,0.4583902060985565,-0.05726384371519089,0.6431254148483276,0.47631996870040894,-0.09979154169559479,0.7927834987640381,0.5287922024726868,-0.1668148636817932,0.6301299929618835,0.5531302690505981,-0.18653148412704468,0.7988625764846802,0.5528898239135742,-0.1972752958536148,0.6247802972793579,0.5794125199317932,-0.21568629145622253,0.7935250997543335,0.549462080001831,-0.2329096794128418,0.6287438869476318,0.5792620182037354,-0.2563728988170624,0.7907936573028564,0.540999710559845,-0.18319569528102875,0.631981372833252,0.5726761221885681,-0.2039683610200882,0.7230575084686279,0.5537911653518677,0.012492306530475616,0.6710091829299927,0.5532619953155518,-0.012589867226779461,0.7215971350669861,0.6838065981864929,0.02275867387652397,0.6712294220924377,0.6771995425224304,0.006336431950330734,0.7203540205955505,0.7966592311859131,0.17853516340255737,0.6679506301879883,0.7865102887153625,0.17666682600975037,0.7161619067192078,0.8108772039413452,0.186843603849411,0.6690348386764526,0.8017356991767883,0.18577806651592255,0.7333561182022095,0.8378415703773499,0.0672963559627533,0.6769009232521057,0.8256584405899048,0.05995694920420647
73,catch_cap,a04_s09_e01,0.7112904787063599,0.3060527443885803,-0.33628469705581665,0.7127646803855896,0.29355594515800476,-0.3190268874168396,0.714804470539093,0.2933412492275238,-0.3190493881702423,0.7163072824478149,0.29316645860671997,-0.3190390467643738,0.7042039036750793,0.2938227951526642,-0.32428157329559326,0.7000973224639893,0.2939491868019104,-0.3243142366409302,0.6957248449325562,0.2942434549331665,-0.32431310415267944,0.7153101563453674,0.29797521233558655,-0.20209045708179474,0.6851273775100708,0.3012022376060486,-0.22818967700004578,0.7150106430053711,0.32004350423812866,-0.29130440950393677,0.7049883604049683,0.32112160325050354,-0.29863035678863525,0.7430583238601685,0.3775385022163391,-0.1125844269990921,0.6543763279914856,0.3824335038661957,-0.14983229339122772,0.7658921480178833,0.45904263854026794,-0.057240910828113556,0.6431223154067993,0.47522443532943726,-0.0951426774263382,0.7875286936759949,0.5315026044845581,-0.1677442491054535,0.629804253578186,0.5518011450767517,-0.18178920447826385,0.7924394607543945,0.5557973980903625,-0.19784028828144073,0.6242830157279968,0.5784146785736084,-0.2105879783630371,0.788038969039917,0.5531144738197327,-0.23290567100048065,0.6282153129577637,0.5783079266548157,-0.2502160370349884,0.785770058631897,0.5447736382484436,-0.18403294682502747,0.6315170526504517,0.571674644947052,-0.19886073470115662,0.7222084403038025,0.5537853240966797,0.012790011242032051,0.6707307696342468,0.5530065298080444,-0.012887982651591301,0.7207000255584717,0.683876097202301,0.02134944498538971,0.671218752861023,0.6772014498710632,0.003918118309229612,0.7203391194343567,0.7967295050621033,0.17480716109275818,0.6681497693061829,0.7870601415634155,0.16854962706565857,0.7159356474876404,0.8111935257911682,0.18291665613651276,0.6691061854362488,0.8027366995811462,0.1774231642484665,0.7333095073699951,0.8378399014472961,0.06439553201198578,0.6768729090690613,0.8251562118530273,0.051925111562013626
74,catch_cap,a04_s09_e01,0.7106878161430359,0.3055872917175293,-0.339674174785614,0.7126449346542358,0.2930199205875397,-0.32257094979286194,0.7147794961929321,0.29286426305770874,-0.32259315252304077,0.7163333892822266,0.2927726209163666,-0.32258158922195435,0.7039124369621277,0.2930590808391571,-0.3271208107471466,0.6998509168624878,0.2931394875049591,-0.327157199382782,0.695421040058136,0.2933807671070099,-0.3271643817424774,0.7157583832740784,0.29781442880630493,-0.20534782111644745,0.685090959072113,0.30075347423553467,-0.22758594155311584,0.714356541633606,0.319902628660202,-0.29459109902381897,0.7040523290634155,0.320848673582077,-0.3009195029735565,0.7434699535369873,0.37771427631378174,-0.11724306643009186,0.6546928286552429,0.3820644021034241,-0.14765740931034088,0.7634683847427368,0.4602442681789398,-0.07408931106328964,0.6431246399879456,0.47486183047294617,-0.0947178527712822,0.7799970507621765,0.5283718109130859,-0.19354034960269928,0.6296482682228088,0.5511845350265503,-0.18191605806350708,0.7827258706092834,0.5528939366340637,-0.22647662460803986,0.6238342523574829,0.577807605266571,-0.21133598685264587,0.7791377305984497,0.549230694770813,-0.2654194235801697,0.62773597240448,0.5777164101600647,-0.25002747774124146,0.7774034142494202,0.5404263138771057,-0.21053175628185272,0.6311118006706238,0.5710912942886353,-0.19888409972190857,0.7219177484512329,0.5538272857666016,0.011810519732534885,0.6706043481826782,0.5528925657272339,-0.011906611733138561,0.7202370762825012,0.6843774914741516,0.019265443086624146,0.6710591316223145,0.6773422956466675,0.003219376550987363,0.7203344702720642,0.7972329258918762,0.18003101646900177,0.6684065461158752,0.788049042224884,0.17497989535331726,0.715875506401062,0.8114280700683594,0.18770785629749298,0.6693617701530457,0.8036038279533386,0.18469057977199554,0.7333008646965027,0.8381125926971436,0.07340720295906067,0.6768708825111389,0.8251730799674988,0.052929479628801346
75,catch_cap,a04_s09_e01,0.7103649973869324,0.30492693185806274,-0.33786097168922424,0.712602972984314,0.2924293577671051,-0.32077038288116455,0.7147797346115112,0.29232650995254517,-0.32079246640205383,0.7164354920387268,0.2923160791397095,-0.3207819163799286,0.7037677764892578,0.29235756397247314,-0.3253479301929474,0.699738621711731,0.29243940114974976,-0.32538366317749023,0.6952741146087646,0.2927033305168152,-0.3253937363624573,0.7164319157600403,0.29764291644096375,-0.20394563674926758,0.6851058006286621,0.30040648579597473,-0.22609040141105652,0.7140644192695618,0.3195383846759796,-0.2929418385028839,0.7035604119300842,0.3203572630882263,-0.29929304122924805,0.7438957095146179,0.3780158460140228,-0.11668448150157928,0.655062735080719,0.3818330466747284,-0.14724668860435486,0.7612355947494507,0.4614144265651703,-0.07282979041337967,0.6431307792663574,0.47479209303855896,-0.09211158752441406,0.7765455842018127,0.5305792093276978,-0.19470080733299255,0.6295024752616882,0.5511433482170105,-0.1787809431552887,0.7783442735671997,0.5556249618530273,-0.22760829329490662,0.6236310601234436,0.5777071714401245,-0.20829859375953674,0.7745808362960815,0.5512368083000183,-0.26361802220344543,0.6274231672286987,0.5776767134666443,-0.24593713879585266,0.7731257081031799,0.5418360233306885,-0.21120154857635498,0.6307575702667236,0.5710311532020569,-0.1953158676624298,0.7218616604804993,0.5538415312767029,0.011098409071564674,0.6706153750419617,0.5527878403663635,-0.011191634461283684,0.7199898362159729,0.6847852468490601,0.020258836448192596,0.6707934737205505,0.6778357625007629,0.003125860821455717,0.7203341126441956,0.7975736260414124,0.1835419237613678,0.6684392690658569,0.7883732318878174,0.17771413922309875,0.7159663438796997,0.811751663684845,0.19176381826400757,0.6693829298019409,0.8039411306381226,0.1875704675912857,0.7335001230239868,0.8381995558738708,0.07557778060436249,0.6766451597213745,0.8251963257789612,0.0552663691341877
76,catch_cap,a04_s09_e01,0.7102570533752441,0.30473700165748596,-0.33576613664627075,0.7126063108444214,0.2922375500202179,-0.3191388249397278,0.7148131132125854,0.2921507656574249,-0.3191552758216858,0.7165992856025696,0.29217252135276794,-0.3191470503807068,0.703765869140625,0.2921167314052582,-0.3242034912109375,0.6997695565223694,0.2921796441078186,-0.32423853874206543,0.6952772736549377,0.2924352288246155,-0.32425135374069214,0.7169279456138611,0.2975828945636749,-0.20252645015716553,0.6851310729980469,0.30021512508392334,-0.22636787593364716,0.7139822840690613,0.31947270035743713,-0.2905923128128052,0.703360378742218,0.3202134966850281,-0.2975895404815674,0.744321882724762,0.37801840901374817,-0.112335205078125,0.655340850353241,0.381684273481369,-0.14701782166957855,0.759302020072937,0.46032342314720154,-0.06244174763560295,0.643137514591217,0.47434908151626587,-0.08921024948358536,0.7736461162567139,0.5294704437255859,-0.17168088257312775,0.6297403573989868,0.5501245856285095,-0.17072543501853943,0.7760553359985352,0.553058922290802,-0.20140473544597626,0.6239579319953918,0.5773576498031616,-0.19812287390232086,0.7727423310279846,0.5500510334968567,-0.2358359843492508,0.627780556678772,0.5772352814674377,-0.23501507937908173,0.7709473371505737,0.5414369106292725,-0.18770375847816467,0.6310474276542664,0.570393979549408,-0.1867055594921112,0.7219057083129883,0.5534211993217468,0.011165970005095005,0.6706753969192505,0.5525074005126953,-0.011257873848080635,0.7198818922042847,0.6850083470344543,0.015717174857854843,0.6706573367118835,0.6779384016990662,-0.0009339979733340442,0.7201992869377136,0.7977920174598694,0.17451080679893494,0.6684343218803406,0.7887141704559326,0.1688285619020462,0.715886652469635,0.811863362789154,0.1827230304479599,0.669323205947876,0.8044067621231079,0.17806288599967957,0.7336078882217407,0.8382710218429565,0.0588357038795948,0.676387369632721,0.8252841234207153,0.04804523289203644
77,catch_cap,a04_s09_e01,0.7099205851554871,0.30467692017555237,-0.3463866412639618,0.7125969529151917,0.292197585105896,-0.33022212982177734,0.7148339152336121,0.29212015867233276,-0.33023470640182495,0.7167346477508545,0.29215627908706665,-0.3302290141582489,0.7036685943603516,0.2920439541339874,-0.33459988236427307,0.699698805809021,0.2920761704444885,-0.3346424400806427,0.6951707601547241,0.29232117533683777,-0.33466291427612305,0.7175353765487671,0.2975798547267914,-0.21294435858726501,0.6851489543914795,0.30012741684913635,-0.2337462157011032,0.7137788534164429,0.31945234537124634,-0.3007358908653259,0.7029525637626648,0.3201339840888977,-0.30682820081710815,0.7446732521057129,0.37829533219337463,-0.1194479912519455,0.6557657718658447,0.3815034031867981,-0.14763028919696808,0.7581166625022888,0.46170908212661743,-0.06662724912166595,0.6432026028633118,0.47451773285865784,-0.09129088371992111,0.7712841629981995,0.529025673866272,-0.18201223015785217,0.6299121379852295,0.5503057241439819,-0.17297294735908508,0.7738281488418579,0.5529757142066956,-0.21360135078430176,0.6242192387580872,0.5774679780006409,-0.2001122236251831,0.7712678909301758,0.5504777431488037,-0.2467603236436844,0.6280933022499084,0.5773151516914368,-0.2370406687259674,0.7692748308181763,0.5419920086860657,-0.19806158542633057,0.6313530206680298,0.5704184770584106,-0.18886010348796844,0.7219425439834595,0.5532600283622742,0.010771146975457668,0.6707030534744263,0.5523331761360168,-0.01086084358394146,0.7198599576950073,0.6852262020111084,0.011557795107364655,0.670608639717102,0.6781308054924011,-0.002804394345730543,0.7200884819030762,0.7980860471725464,0.1755082905292511,0.6684196591377258,0.7889540791511536,0.17009307444095612,0.7158188819885254,0.8120220303535461,0.1842953860759735,0.6693021059036255,0.8046685457229614,0.17962509393692017,0.7336618900299072,0.8383290767669678,0.05868423730134964,0.6760745644569397,0.8253256678581238,0.04997497797012329
78,catch_cap,a04_s09_e01,0.7097097635269165,0.3045733869075775,-0.3482760787010193,0.7125944495201111,0.29211923480033875,-0.33218488097190857,0.714859127998352,0.29205143451690674,-0.33219781517982483,0.7168451547622681,0.29210901260375977,-0.332191526889801,0.7036235928535461,0.2919393479824066,-0.33658039569854736,0.6996480822563171,0.29193857312202454,-0.3366226553916931,0.6951020359992981,0.29217562079429626,-0.33664363622665405,0.7178731560707092,0.29757118225097656,-0.21499352157115936,0.6851651668548584,0.2999303936958313,-0.2358717918395996,0.7136375308036804,0.31936752796173096,-0.3026205599308014,0.7027016878128052,0.3200129270553589,-0.30872127413749695,0.7452340126037598,0.37843573093414307,-0.12162323296070099,0.6560202240943909,0.3814280331134796,-0.1476309597492218,0.7575674057006836,0.4629320204257965,-0.06854857504367828,0.6433729529380798,0.47458580136299133,-0.09193231165409088,0.7694107890129089,0.528843879699707,-0.1860107183456421,0.6299836039543152,0.5505842566490173,-0.1740601807832718,0.7722375988960266,0.5526537299156189,-0.2177135944366455,0.6243764162063599,0.5776134133338928,-0.20124754309654236,0.7693607211112976,0.5500838756561279,-0.2510625123977661,0.6283069252967834,0.5774585008621216,-0.23811611533164978,0.7670848369598389,0.541716456413269,-0.2021235227584839,0.6315637826919556,0.5705339908599854,-0.18991193175315857,0.7221840620040894,0.5531560182571411,0.010423799976706505,0.6707234382629395,0.5521603226661682,-0.010511676780879498,0.7198629379272461,0.6855970025062561,0.011696705594658852,0.6705846786499023,0.6782355904579163,-0.0030198919121176004,0.719984233379364,0.7984243631362915,0.17715220153331757,0.6683663725852966,0.7889693975448608,0.17126455903053284,0.7157703638076782,0.81229567527771,0.186143696308136,0.6692303419113159,0.8046762347221375,0.18095071613788605,0.7336823344230652,0.838415265083313,0.060671769082546234,0.6757345795631409,0.8253604173660278,0.05206207558512688
79,catch_cap,a04_s09_e01,0.7094272375106812,0.3043157458305359,-0.34143829345703125,0.7125638723373413,0.291928231716156,-0.3247806429862976,0.7148656249046326,0.29187628626823425,-0.3247978687286377,0.7169025540351868,0.29195642471313477,-0.324790894985199,0.7034326195716858,0.29175427556037903,-0.3302357792854309,0.6994011998176575,0.29173776507377625,-0.3302719295024872,0.694898247718811,0.29202619194984436,-0.3302859961986542,0.7181793451309204,0.2974940240383148,-0.2078629732131958,0.6851803064346313,0.2997785806655884,-0.23486749827861786,0.7135395407676697,0.3190617561340332,-0.29602259397506714,0.7024311423301697,0.31973356008529663,-0.3036086857318878,0.7454429268836975,0.3785104751586914,-0.11642475426197052,0.6561416983604431,0.3814297318458557,-0.14572583138942719,0.7565798759460449,0.46276572346687317,-0.06342868506908417,0.6435807347297668,0.47502627968788147,-0.09013910591602325,0.7677701711654663,0.5291062593460083,-0.1771158128976822,0.6303833723068237,0.5510698556900024,-0.17065028846263885,0.7706663608551025,0.5521857738494873,-0.2072104513645172,0.6245310306549072,0.5776703953742981,-0.19804203510284424,0.7681938409805298,0.5494512319564819,-0.24141724407672882,0.6284140348434448,0.5775306820869446,-0.23388466238975525,0.7658054828643799,0.5411404371261597,-0.19319680333137512,0.6316477656364441,0.5705534815788269,-0.18612611293792725,0.7223602533340454,0.5530884861946106,0.010659471154212952,0.6707505583763123,0.552062451839447,-0.010747152380645275,0.719852864742279,0.6856870055198669,0.013546539470553398,0.6705728769302368,0.6782618165016174,-0.0032311161048710346,0.7198676466941833,0.7984153032302856,0.17801296710968018,0.6683598756790161,0.7893421649932861,0.17015217244625092,0.7157173156738281,0.8122920989990234,0.18692563474178314,0.6692132949829102,0.8050746321678162,0.17976993322372437,0.7337015867233276,0.8384162783622742,0.06253889948129654,0.6756157279014587,0.8255060315132141,0.05106130987405777
80,catch_cap,a04_s09_e01,0.7093469500541687,0.30400991439819336,-0.33882322907447815,0.712557852268219,0.2916644811630249,-0.3218279480934143,0.7148793935775757,0.29162681102752686,-0.32184723019599915,0.7169464826583862,0.2917202115058899,-0.32183974981307983,0.7033528089523315,0.2914961576461792,-0.3280263841152191,0.6992889642715454,0.291467547416687,-0.3280554413795471,0.6948104500770569,0.29178476333618164,-0.32805946469306946,0.718230128288269,0.297338604927063,-0.2047995626926422,0.6851885318756104,0.2995912730693817,-0.2345891296863556,0.7134496569633484,0.3187265694141388,-0.29320234060287476,0.7023395299911499,0.319469153881073,-0.30160850286483765,0.7455400824546814,0.37862369418144226,-0.11401768028736115,0.6562011241912842,0.38144102692604065,-0.14569708704948425,0.7561430335044861,0.4632755219936371,-0.06151280552148819,0.6437007188796997,0.47628453373908997,-0.09270966053009033,0.7671390771865845,0.5320612192153931,-0.1737668663263321,0.6305787563323975,0.5532130599021912,-0.17110693454742432,0.7696957588195801,0.5543963313102722,-0.20350392162799835,0.6248204112052917,0.5786023736000061,-0.19850337505340576,0.7673348784446716,0.5519714951515198,-0.23722140491008759,0.6285213828086853,0.5784660577774048,-0.2350793182849884,0.764986515045166,0.5445467233657837,-0.1897405982017517,0.6317300796508789,0.571186363697052,-0.18708889186382294,0.7224056720733643,0.552968442440033,0.010838531889021397,0.6707842946052551,0.5519970655441284,-0.010933583602309227,0.7198094129562378,0.6857414245605469,0.015299448743462563,0.6705927848815918,0.6783082485198975,-0.0032728936057537794,0.7198415994644165,0.7984936833381653,0.1791415512561798,0.6682666540145874,0.7896829843521118,0.16975697875022888,0.7156835794448853,0.8124563097953796,0.18815076351165771,0.669094443321228,0.8054860234260559,0.1794377863407135,0.7337430715560913,0.8384175896644592,0.06480659544467926,0.6754897236824036,0.8255833983421326,0.051395051181316376
81,catch_cap,a04_s09_e01,0.709013044834137,0.30389654636383057,-0.3358817398548126,0.7124558687210083,0.2915613055229187,-0.3200983703136444,0.7148669362068176,0.2915283441543579,-0.3201122283935547,0.716948390007019,0.29162824153900146,-0.3201049268245697,0.7030997276306152,0.2914036810398102,-0.324444055557251,0.6989870667457581,0.2913709580898285,-0.3244790732860565,0.6945751905441284,0.29170382022857666,-0.32450053095817566,0.7182936668395996,0.2972525656223297,-0.2034110277891159,0.6852000951766968,0.29948046803474426,-0.22776396572589874,0.7132145166397095,0.31861257553100586,-0.29151925444602966,0.7019938826560974,0.31938156485557556,-0.2975464165210724,0.7457011938095093,0.3785868287086487,-0.11386780440807343,0.65627121925354,0.3814413249492645,-0.14427684247493744,0.7559890151023865,0.4628496468067169,-0.05773888900876045,0.6438342332839966,0.4767957329750061,-0.09280062466859818,0.7664316892623901,0.5310400724411011,-0.167988583445549,0.6311219334602356,0.5546020269393921,-0.171340674161911,0.769144594669342,0.5534757971763611,-0.19729802012443542,0.6256029009819031,0.5793648958206177,-0.19888146221637726,0.7666927576065063,0.5509406328201294,-0.230855792760849,0.6289204359054565,0.5792251825332642,-0.23445701599121094,0.7640901803970337,0.5433886647224426,-0.18385617434978485,0.6320637464523315,0.5718119144439697,-0.1867896318435669,0.7224625945091248,0.552662193775177,0.010919361375272274,0.6708189249038696,0.5517449975013733,-0.011010807938873768,0.7197930812835693,0.6857394576072693,0.01541153620928526,0.6706308722496033,0.6783034801483154,-0.00351168354973197,0.7197809815406799,0.7988231778144836,0.1764717996120453,0.6681579947471619,0.7900088429450989,0.16630981862545013,0.7156659960746765,0.8129462599754333,0.18485642969608307,0.6689876317977905,0.8058281540870667,0.17569401860237122,0.7337455749511719,0.8384332656860352,0.06146450713276863,0.6752735376358032,0.8256770968437195,0.04819071292877197
82,catch_cap,a04_s09_e01,0.7085679173469543,0.3036434054374695,-0.33492201566696167,0.7122272253036499,0.2914089858531952,-0.31888192892074585,0.7147968411445618,0.29138243198394775,-0.3188970685005188,0.7169338464736938,0.29148826003074646,-0.3188900053501129,0.7026764750480652,0.29128438234329224,-0.32360589504241943,0.6985295414924622,0.2912723124027252,-0.32363957166671753,0.6942201852798462,0.2916257679462433,-0.3236582279205322,0.7183787822723389,0.29714757204055786,-0.20344193279743195,0.6852081418037415,0.29941511154174805,-0.22630396485328674,0.7129176259040833,0.3183389902114868,-0.29046738147735596,0.7015814185142517,0.31919145584106445,-0.29701340198516846,0.7459311485290527,0.37859201431274414,-0.11264954507350922,0.6564432382583618,0.38144806027412415,-0.14426285028457642,0.7557550668716431,0.462773859500885,-0.057542674243450165,0.6439395546913147,0.4773717522621155,-0.09298418462276459,0.7662228345870972,0.5313968062400818,-0.16688258945941925,0.6316964030265808,0.5555810332298279,-0.17186249792575836,0.7688585519790649,0.5535102486610413,-0.19558537006378174,0.6262423396110535,0.579930305480957,-0.1993928998708725,0.7666447162628174,0.5511066913604736,-0.22926859557628632,0.6294605135917664,0.5797733664512634,-0.23444056510925293,0.7640346884727478,0.5435785055160522,-0.18275859951972961,0.6326189041137695,0.5722511410713196,-0.1870727837085724,0.7225133776664734,0.5520144104957581,0.011006700806319714,0.6708551645278931,0.5512088537216187,-0.011106804944574833,0.7197709083557129,0.6856257319450378,0.015493104234337807,0.6706708669662476,0.6782101988792419,-0.004356338642537594,0.7197273969650269,0.7988356351852417,0.17534682154655457,0.6680904626846313,0.7904436588287354,0.1627061665058136,0.715654730796814,0.8129564523696899,0.1835412085056305,0.6688914895057678,0.8063925504684448,0.17188288271427155,0.733741044998169,0.8384076952934265,0.05980338901281357,0.6752519011497498,0.8259686231613159,0.04383218288421631
83,catch_cap,a04_s09_e01,0.7083154916763306,0.30350467562675476,-0.3443801701068878,0.7120836973190308,0.2913152873516083,-0.32833415269851685,0.7147582769393921,0.29128265380859375,-0.32834500074386597,0.7169305086135864,0.2913874387741089,-0.3283398449420929,0.7023976445198059,0.29123327136039734,-0.3323013186454773,0.6982375383377075,0.2912404239177704,-0.3323506712913513,0.6939553618431091,0.2916075885295868,-0.33237892389297485,0.7184785008430481,0.29706236720085144,-0.21304431557655334,0.6852272748947144,0.29941239953041077,-0.23214945197105408,0.7127660512924194,0.3181888461112976,-0.29971498250961304,0.7013402581214905,0.319120317697525,-0.30523085594177246,0.7460684180259705,0.37862342596054077,-0.11783646047115326,0.6565734148025513,0.3814776539802551,-0.1507975459098816,0.7557393312454224,0.46301406621932983,-0.059862442314624786,0.6440330743789673,0.47778943181037903,-0.10113631188869476,0.7663412690162659,0.532599151134491,-0.17015185952186584,0.6318762898445129,0.5562402009963989,-0.18068809807300568,0.7687293887138367,0.5548323392868042,-0.19900040328502655,0.6264761090278625,0.5803151726722717,-0.2088761031627655,0.7665274143218994,0.5525586605072021,-0.23284518718719482,0.6296831369400024,0.5801463723182678,-0.2430790364742279,0.7639992833137512,0.5450078248977661,-0.18609091639518738,0.6328445076942444,0.5725611448287964,-0.19547894597053528,0.7225601077079773,0.5516406297683716,0.011178254149854183,0.6709234714508057,0.5509454011917114,-0.011289218440651894,0.7197489738464355,0.6855855584144592,0.015869542956352234,0.6707231998443604,0.6781755089759827,-0.004666041117161512,0.719691276550293,0.7988402247428894,0.1757158488035202,0.6680317521095276,0.7908648252487183,0.16435237228870392,0.7156025767326355,0.8129491209983826,0.18396323919296265,0.6688439846038818,0.8067229986190796,0.1737038791179657,0.7337261438369751,0.8384098410606384,0.06143280863761902,0.6752316951751709,0.8263121843338013,0.04565617814660072
84,catch_cap,a04_s09_e01,0.7080569267272949,0.30337247252464294,-0.3450605273246765,0.7119263410568237,0.29123595356941223,-0.3291931748390198,0.7147022485733032,0.2912053167819977,-0.32920414209365845,0.716924786567688,0.2913169860839844,-0.3291967511177063,0.7021356225013733,0.29116958379745483,-0.3327648937702179,0.6979622840881348,0.2911945879459381,-0.33281469345092773,0.6937214732170105,0.29157373309135437,-0.3328440487384796,0.7185953259468079,0.29702028632164,-0.21445274353027344,0.6852418780326843,0.2993885278701782,-0.23175330460071564,0.7126007676124573,0.3180682361125946,-0.3005319833755493,0.7010548114776611,0.3190326988697052,-0.3055073320865631,0.746277391910553,0.37865975499153137,-0.11954943090677261,0.6568535566329956,0.38146716356277466,-0.15022903680801392,0.7558593153953552,0.4630865156650543,-0.06785548478364944,0.6441320776939392,0.47779223322868347,-0.10079003870487213,0.766652524471283,0.5322138667106628,-0.18324312567710876,0.6318894624710083,0.5562224984169006,-0.18133053183555603,0.7688084840774536,0.5546666383743286,-0.21276786923408508,0.6264905333518982,0.5803326368331909,-0.209588885307312,0.7665485143661499,0.5521098971366882,-0.24687743186950684,0.6297217607498169,0.5801519155502319,-0.2439958155155182,0.764157235622406,0.5443812608718872,-0.19927972555160522,0.6328911781311035,0.5725885629653931,-0.19619637727737427,0.7226357460021973,0.5515598654747009,0.011269869282841682,0.6710469722747803,0.5508301854133606,-0.011377071030437946,0.7197476625442505,0.6855831146240234,0.01618264988064766,0.6707209944725037,0.6781708598136902,-0.004748712759464979,0.7196623086929321,0.7989014387130737,0.1776895672082901,0.6680077314376831,0.7912595272064209,0.16463808715343475,0.7155774831771851,0.8129631280899048,0.18649376928806305,0.6688113212585449,0.8070297837257385,0.17431266605854034,0.7337255477905273,0.8384464979171753,0.061492402106523514,0.6751983761787415,0.8267215490341187,0.04659092798829079
85,catch_cap,a04_s09_e01,0.707794725894928,0.30331119894981384,-0.3404320180416107,0.7117732763290405,0.2912047803401947,-0.32499879598617554,0.714649498462677,0.2911750078201294,-0.325004905462265,0.7169220447540283,0.291292279958725,-0.32498812675476074,0.7018631100654602,0.2911439538002014,-0.32725051045417786,0.6976665258407593,0.2911786139011383,-0.32730183005332947,0.6934431195259094,0.29155978560447693,-0.32733187079429626,0.7187768816947937,0.29701465368270874,-0.21248047053813934,0.685254693031311,0.29937800765037537,-0.22452512383460999,0.7124276757240295,0.3180207312107086,-0.2967066168785095,0.7006962895393372,0.31901153922080994,-0.30004289746284485,0.7465047836303711,0.3787129819393158,-0.1177176982164383,0.6571884751319885,0.38145872950553894,-0.14427810907363892,0.7559977769851685,0.4632413685321808,-0.06574682146310806,0.6441779136657715,0.47755151987075806,-0.09399182349443436,0.7671470642089844,0.5326319336891174,-0.18080317974090576,0.6319167613983154,0.5554453134536743,-0.17498596012592316,0.7693300843238831,0.555141031742096,-0.2101498395204544,0.6264470219612122,0.5801655054092407,-0.20289750397205353,0.7669462561607361,0.5525351166725159,-0.244140625,0.6297617554664612,0.579924464225769,-0.23714980483055115,0.7646435499191284,0.5447362065315247,-0.19675928354263306,0.6329319477081299,0.572304904460907,-0.18986749649047852,0.7227456569671631,0.5515713095664978,0.011458810418844223,0.6711907386779785,0.5508272647857666,-0.011573531664907932,0.7197519540786743,0.6856263279914856,0.016342606395483017,0.6707401871681213,0.6781688332557678,-0.005279309116303921,0.7196115255355835,0.7989062666893005,0.17801597714424133,0.6679754853248596,0.7915202379226685,0.16484414041042328,0.7154852151870728,0.8129507899284363,0.18683120608329773,0.6686593294143677,0.8073757290840149,0.17451359331607819,0.7337293028831482,0.8384678363800049,0.062418509274721146,0.6751630902290344,0.8270897269248962,0.046266283839941025
86,catch_cap,a04_s09_e01,0.7074844837188721,0.30330023169517517,-0.3397621214389801,0.7115998864173889,0.29120081663131714,-0.3239959180355072,0.7145799398422241,0.29117026925086975,-0.324005663394928,0.7169190645217896,0.29128965735435486,-0.32399293780326843,0.7015333771705627,0.2911424934864044,-0.3270511031150818,0.6973065137863159,0.2911788821220398,-0.3271082639694214,0.6930996179580688,0.29155969619750977,-0.3271407186985016,0.7189918160438538,0.2970085144042969,-0.2104400396347046,0.6852698922157288,0.2993764281272888,-0.2229125052690506,0.7122316360473633,0.3180162012577057,-0.29566675424575806,0.7002272605895996,0.3190096318721771,-0.2996601462364197,0.7466780543327332,0.3787526488304138,-0.11656954139471054,0.6574779748916626,0.38143911957740784,-0.1426069140434265,0.7561908960342407,0.4636100232601166,-0.06558141112327576,0.6442054510116577,0.47705167531967163,-0.09195565432310104,0.767410159111023,0.5332667231559753,-0.18113498389720917,0.6318715810775757,0.5546727776527405,-0.17388322949409485,0.7695810794830322,0.5560985207557678,-0.21057912707328796,0.626206636428833,0.5798832774162292,-0.20197650790214539,0.7670215368270874,0.5535457134246826,-0.24463367462158203,0.6297346949577332,0.5796175599098206,-0.23637011647224426,0.764772891998291,0.5457572937011719,-0.19707384705543518,0.6329420804977417,0.5719707608222961,-0.1888647973537445,0.7227941751480103,0.551625669002533,0.011491350829601288,0.6712146401405334,0.550827145576477,-0.01161061879247427,0.7197524309158325,0.6856651306152344,0.016513612121343613,0.6707550287246704,0.6781574487686157,-0.005483483895659447,0.719533383846283,0.7989034056663513,0.17950451374053955,0.667962908744812,0.7917079925537109,0.165442556142807,0.7153069376945496,0.8128629326820374,0.1885528862476349,0.6685226559638977,0.8076686263084412,0.17512401938438416,0.7337235808372498,0.8384926915168762,0.06330738216638565,0.6751616597175598,0.827459990978241,0.046750493347644806
87,catch_cap,a04_s09_e01,0.7073391079902649,0.3032990097999573,-0.33952999114990234,0.7114905118942261,0.29119938611984253,-0.3236570954322815,0.7145339846611023,0.29116758704185486,-0.32366812229156494,0.7169187068939209,0.29128602147102356,-0.3236561417579651,0.7013663649559021,0.2911471426486969,-0.3267223834991455,0.6971262693405151,0.291188508272171,-0.32677721977233887,0.6929328441619873,0.29156655073165894,-0.3268071413040161,0.7191168069839478,0.2970038056373596,-0.20966336131095886,0.6852937936782837,0.299376904964447,-0.22289356589317322,0.7121164202690125,0.3180142343044281,-0.2953574061393738,0.700019121170044,0.31901708245277405,-0.29947543144226074,0.7468746900558472,0.37892621755599976,-0.1161109060049057,0.6577190160751343,0.3813802897930145,-0.14227962493896484,0.7562784552574158,0.4639841616153717,-0.06663991510868073,0.6442385911941528,0.4765002131462097,-0.09172793477773666,0.7675101161003113,0.5334828495979309,-0.18408805131912231,0.6318551301956177,0.5540855526924133,-0.17401547729969025,0.7695498466491699,0.5563316345214844,-0.21421945095062256,0.6260005831718445,0.5796859264373779,-0.20226898789405823,0.7667503356933594,0.5535841584205627,-0.24837234616279602,0.6297156810760498,0.5794267058372498,-0.2364233434200287,0.7645288705825806,0.5457103252410889,-0.2000325471162796,0.6329486966133118,0.5717943906784058,-0.18903185427188873,0.7229017019271851,0.5516775250434875,0.01163883600383997,0.6713091135025024,0.5508267283439636,-0.011760419234633446,0.7197535037994385,0.6857589483261108,0.01693536341190338,0.6707735061645508,0.6781697869300842,-0.005628498271107674,0.7194606065750122,0.7989176511764526,0.1816827952861786,0.667944073677063,0.7923740744590759,0.16581447422504425,0.7151095271110535,0.8128586411476135,0.19088326394557953,0.6683672666549683,0.8086606860160828,0.17550845444202423,0.7337311506271362,0.8385332822799683,0.06547800451517105,0.6751573085784912,0.8278771638870239,0.04679924249649048
88,catch_cap,a04_s09_e01,0.707266628742218,0.30331143736839294,-0.34108221530914307,0.7114419341087341,0.29120072722435,-0.3252744972705841,0.7145209908485413,0.2911662459373474,-0.32528427243232727,0.7169259190559387,0.29128360748291016,-0.32527223229408264,0.7012911438941956,0.291159987449646,-0.32796531915664673,0.6970502734184265,0.29121243953704834,-0.3280180096626282,0.6928697824478149,0.2915959358215332,-0.3280429244041443,0.7192647457122803,0.2969995141029358,-0.21152999997138977,0.6853686571121216,0.29939648509025574,-0.22362081706523895,0.7120605111122131,0.31802237033843994,-0.2970786690711975,0.6999207735061646,0.3190460801124573,-0.30082905292510986,0.7470986247062683,0.3790743947029114,-0.11886076629161835,0.65803062915802,0.3813764750957489,-0.1423473060131073,0.7563410997390747,0.4641641676425934,-0.0715244710445404,0.6442455053329468,0.47618186473846436,-0.09168282151222229,0.767744243144989,0.5340203642845154,-0.18925794959068298,0.6317336559295654,0.553665041923523,-0.17406952381134033,0.7696932554244995,0.55739825963974,-0.2197166234254837,0.6257376670837402,0.5795393586158752,-0.20230576395988464,0.7666548490524292,0.554767370223999,-0.2537681460380554,0.6296366453170776,0.5792831182479858,-0.23656658828258514,0.7644995450973511,0.5468525290489197,-0.20510128140449524,0.6329036951065063,0.5716902613639832,-0.1890973150730133,0.7229946851730347,0.5517562627792358,0.011716260574758053,0.6714038848876953,0.550825834274292,-0.011836736463010311,0.7197538018226624,0.6859426498413086,0.01695883832871914,0.67079758644104,0.6779962778091431,-0.005599698983132839,0.719346284866333,0.7989056706428528,0.18192720413208008,0.6679282188415527,0.7925471663475037,0.16605466604232788,0.714902400970459,0.8127812147140503,0.19113574922084808,0.668159008026123,0.8090144395828247,0.1757461130619049,0.7337401509284973,0.8385526537895203,0.06596557796001434,0.675123393535614,0.8279816508293152,0.046986669301986694
89,catch_cap,a04_s09_e01,0.7072704434394836,0.3033084571361542,-0.3453923761844635,0.7114381194114685,0.29119858145713806,-0.3295747637748718,0.7145203351974487,0.29116350412368774,-0.32958394289016724,0.7169589400291443,0.29128095507621765,-0.32957297563552856,0.7012931108474731,0.29115957021713257,-0.33206266164779663,0.6970581412315369,0.2912133038043976,-0.33211684226989746,0.692879855632782,0.29159680008888245,-0.33213943243026733,0.719390869140625,0.2969943583011627,-0.2153414487838745,0.6855160593986511,0.2993961572647095,-0.22709055244922638,0.7120603322982788,0.31802043318748474,-0.3012409210205078,0.6999388337135315,0.31904473900794983,-0.30482953786849976,0.7472376823425293,0.3791499137878418,-0.12262493371963501,0.6582310199737549,0.38135430216789246,-0.1437930017709732,0.7565549612045288,0.4643251299858093,-0.07723318785429001,0.6443141102790833,0.475719153881073,-0.09236779808998108,0.7678737640380859,0.5344159007072449,-0.19770333170890808,0.6317282915115356,0.553374171257019,-0.1765955537557602,0.7695421576499939,0.5575448870658875,-0.22891922295093536,0.6256743669509888,0.579367995262146,-0.20548713207244873,0.7664658427238464,0.5547435879707336,-0.2632095515727997,0.6296284198760986,0.5790729522705078,-0.2397928237915039,0.7644254565238953,0.5469073057174683,-0.21366624534130096,0.6329071521759033,0.5714966654777527,-0.19165869057178497,0.7231500744819641,0.5517731308937073,0.011745894327759743,0.6714959740638733,0.5508233904838562,-0.011865041218698025,0.7197553515434265,0.6859771609306335,0.01702224835753441,0.670850396156311,0.6780046224594116,-0.0053159683011472225,0.7192734479904175,0.7988854646682739,0.18432196974754333,0.6679156422615051,0.7929356694221497,0.16770771145820618,0.7147982120513916,0.8126780986785889,0.19374695420265198,0.6680319905281067,0.809712290763855,0.17749688029289246,0.733741819858551,0.8385523557662964,0.06831517070531845,0.6749826669692993,0.8281115889549255,0.047906097024679184
90,catch_cap,a04_s09_e01,0.7072826027870178,0.30330589413642883,-0.3441740870475769,0.7114391326904297,0.291197270154953,-0.3283216953277588,0.7145305871963501,0.2911616563796997,-0.32833167910575867,0.7170106768608093,0.29127874970436096,-0.32832103967666626,0.7013009786605835,0.2911578118801117,-0.3310565650463104,0.6970686316490173,0.29121285676956177,-0.3311082124710083,0.6928861737251282,0.29159438610076904,-0.331130713224411,0.7195428609848022,0.2969910502433777,-0.21424619853496552,0.6856933832168579,0.2993956506252289,-0.22703330218791962,0.7120620012283325,0.31801849603652954,-0.3000403046607971,0.6999610662460327,0.3190394937992096,-0.30393916368484497,0.747416615486145,0.37920454144477844,-0.12218312919139862,0.6584634184837341,0.3813406825065613,-0.14358611404895782,0.7568587064743042,0.4644661247730255,-0.07768192142248154,0.6444023847579956,0.47549059987068176,-0.09210996329784393,0.7679663300514221,0.5344620943069458,-0.19859817624092102,0.6317290663719177,0.5531767010688782,-0.17625391483306885,0.7695639133453369,0.5574580430984497,-0.22984282672405243,0.6256284117698669,0.5792329907417297,-0.20507292449474335,0.7664855718612671,0.5546138286590576,-0.2637431025505066,0.6296173930168152,0.5789248943328857,-0.2394973486661911,0.7644670009613037,0.5467942357063293,-0.21450218558311462,0.632908046245575,0.5713490843772888,-0.19138434529304504,0.7232620716094971,0.5518652200698853,0.011649413034319878,0.6715978384017944,0.5508329272270203,-0.011766171082854271,0.7197579741477966,0.6860519647598267,0.01705741696059704,0.6708894968032837,0.6780129671096802,-0.004695620387792587,0.7192233800888062,0.7988252639770508,0.18532831966876984,0.667896032333374,0.7929278016090393,0.1708865761756897,0.7147120237350464,0.8125295639038086,0.19489452242851257,0.6679213643074036,0.8096921443939209,0.18092389404773712,0.7337265610694885,0.8385419845581055,0.06933114677667618,0.6747382879257202,0.828090488910675,0.05125578120350838
91,catch_cap,a04_s09_e01,0.7073752284049988,0.3033084273338318,-0.34342965483665466,0.7115392088890076,0.29119905829429626,-0.3275495171546936,0.7146634459495544,0.2911633849143982,-0.32755982875823975,0.7171790599822998,0.29127973318099976,-0.3275492191314697,0.7014109492301941,0.29115965962409973,-0.3304453194141388,0.6971930265426636,0.29121506214141846,-0.3304956555366516,0.6930286288261414,0.2915956377983093,-0.33051809668540955,0.7197267413139343,0.29698848724365234,-0.21342512965202332,0.6859928965568542,0.29939135909080505,-0.22693964838981628,0.7121593356132507,0.3180166482925415,-0.2992643415927887,0.7000861167907715,0.3190375566482544,-0.3033887445926666,0.7475429773330688,0.379246324300766,-0.12142108380794525,0.658653974533081,0.3813367486000061,-0.14334458112716675,0.7569558024406433,0.46447113156318665,-0.07607603818178177,0.6444931626319885,0.4752175211906433,-0.09113211929798126,0.7680474519729614,0.534307599067688,-0.19625593721866608,0.6317332983016968,0.5527622699737549,-0.17472437024116516,0.7696288228034973,0.5572265386581421,-0.22730112075805664,0.625609815120697,0.579023003578186,-0.20314030349254608,0.7665589451789856,0.5543835163116455,-0.2611151933670044,0.6296209096908569,0.5786826610565186,-0.23780754208564758,0.7645525336265564,0.546566367149353,-0.2121458351612091,0.6329149007797241,0.5711110234260559,-0.18988065421581268,0.7233557105064392,0.5519223809242249,0.011578036472201347,0.6716536283493042,0.5508400201797485,-0.011693214997649193,0.7197644114494324,0.6860862970352173,0.01604931801557541,0.670952558517456,0.6780232191085815,-0.004689623601734638,0.7191535234451294,0.7987919449806213,0.18519960343837738,0.6678441762924194,0.7929227948188782,0.170844167470932,0.7146293520927429,0.8124119639396667,0.1948413997888565,0.667771577835083,0.8096734881401062,0.18086275458335876,0.733702540397644,0.8385397791862488,0.06931626796722412,0.6745696067810059,0.828048586845398,0.051396213471889496
92,catch_cap,a04_s09_e01,0.7075191736221313,0.30330541729927063,-0.34299659729003906,0.7116796970367432,0.29119816422462463,-0.32712438702583313,0.714832603931427,0.2911624610424042,-0.3271346092224121,0.7173771262168884,0.2912786602973938,-0.3271237015724182,0.7015549540519714,0.29115474224090576,-0.3301061987876892,0.6973377466201782,0.29121050238609314,-0.3301554024219513,0.6931897401809692,0.29158815741539,-0.33017775416374207,0.7199066877365112,0.29698583483695984,-0.21301111578941345,0.6861929297447205,0.2993786036968231,-0.22702348232269287,0.7122937440872192,0.3180136978626251,-0.2988218367099762,0.7002387642860413,0.3190275728702545,-0.3030596673488617,0.7476043105125427,0.37927210330963135,-0.12093561887741089,0.6587666869163513,0.38135090470314026,-0.143733948469162,0.7569870352745056,0.4644668400287628,-0.07544197142124176,0.6445783376693726,0.4752409756183624,-0.09154428541660309,0.7681089043617249,0.5342267751693726,-0.19595518708229065,0.6318275928497314,0.5529129505157471,-0.1747378408908844,0.7697120904922485,0.5570802092552185,-0.2270520180463791,0.6256968975067139,0.5790567398071289,-0.20314845442771912,0.7666583061218262,0.5542238354682922,-0.26072144508361816,0.6296992897987366,0.5787122845649719,-0.237823486328125,0.764642596244812,0.5464133620262146,-0.21179547905921936,0.6330112218856812,0.5711457133293152,-0.1899082213640213,0.7233988046646118,0.5519704818725586,0.011606147512793541,0.671715497970581,0.5508546829223633,-0.011721916496753693,0.7197708487510681,0.6861169338226318,0.016194265335798264,0.6710251569747925,0.678029477596283,-0.004663148894906044,0.7191111445426941,0.7987177968025208,0.18525850772857666,0.6678312420845032,0.7928953766822815,0.17125555872917175,0.7145145535469055,0.8123571872711182,0.19489111006259918,0.6677271723747253,0.8096693754196167,0.18136408925056458,0.7337024807929993,0.8385374546051025,0.07026667892932892,0.6744489073753357,0.827987551689148,0.05249269679188728
93,catch_cap,a04_s09_e01,0.7076663970947266,0.3033048212528229,-0.34315022826194763,0.7117967009544373,0.2912052273750305,-0.32739895582199097,0.7149649858474731,0.2911738455295563,-0.3274078369140625,0.7175353169441223,0.29129377007484436,-0.3273959755897522,0.7017112374305725,0.2911544442176819,-0.33054977655410767,0.697500467300415,0.29120954871177673,-0.3305984139442444,0.693364679813385,0.29158395528793335,-0.3306210935115814,0.720038890838623,0.29699286818504333,-0.2132091522216797,0.6863674521446228,0.2993547022342682,-0.22833283245563507,0.712422251701355,0.3180125057697296,-0.29887351393699646,0.7003943920135498,0.3190138638019562,-0.30332109332084656,0.7476691007614136,0.37927258014678955,-0.12063318490982056,0.6588122248649597,0.38135141134262085,-0.14514122903347015,0.7570432424545288,0.46444475650787354,-0.07503528892993927,0.644645094871521,0.4754887819290161,-0.09298872202634811,0.7681251764297485,0.5341288447380066,-0.19588899612426758,0.6320438385009766,0.5536726713180542,-0.17503486573696136,0.7697354555130005,0.5569319128990173,-0.22682173550128937,0.6259776949882507,0.5792617797851562,-0.20321664214134216,0.766715943813324,0.5540793538093567,-0.26021608710289,0.6299530863761902,0.5789300203323364,-0.23788869380950928,0.7646863460540771,0.5462734699249268,-0.21157678961753845,0.6332775354385376,0.5713850259780884,-0.1900988668203354,0.7234944105148315,0.5520002841949463,0.011696575209498405,0.6718505024909973,0.5508676171302795,-0.011813768185675144,0.7197760343551636,0.6861766576766968,0.016064759343862534,0.6710844039916992,0.6780179142951965,-0.004747224971652031,0.7190290689468384,0.7987000942230225,0.18510642647743225,0.6677843332290649,0.7928457260131836,0.17124095559120178,0.714347779750824,0.8123363256454468,0.19481711089611053,0.6675824522972107,0.8096629977226257,0.18130400776863098,0.733696460723877,0.8385381102561951,0.07042082399129868,0.6743134260177612,0.8278933167457581,0.052494924515485764
94,catch_cap,a04_s09_e01,0.7078298926353455,0.30329248309135437,-0.346323698759079,0.711959958076477,0.2912052869796753,-0.33068937063217163,0.7151424288749695,0.2911769151687622,-0.3306954503059387,0.7177119255065918,0.29129931330680847,-0.3306822180747986,0.7018719911575317,0.2911428213119507,-0.33397990465164185,0.6976481676101685,0.2911936342716217,-0.33402958512306213,0.693493127822876,0.2915567457675934,-0.3340527415275574,0.7201737761497498,0.29699912667274475,-0.21631190180778503,0.6864942312240601,0.29930925369262695,-0.23230509459972382,0.712549090385437,0.3180108070373535,-0.30190765857696533,0.7005078196525574,0.3189939856529236,-0.3065684139728546,0.7477151155471802,0.3792645335197449,-0.12276838719844818,0.6588529348373413,0.38138145208358765,-0.14908696711063385,0.7570695877075195,0.4644245505332947,-0.07668701559305191,0.6447138786315918,0.4758988320827484,-0.09746087342500687,0.7680796980857849,0.5340670347213745,-0.19698397815227509,0.6322909593582153,0.5545384883880615,-0.17797480523586273,0.7696811556816101,0.5568567514419556,-0.2278634011745453,0.6262948513031006,0.5797412991523743,-0.20582184195518494,0.7666837573051453,0.5540164113044739,-0.2613464593887329,0.630240797996521,0.5794473886489868,-0.24041739106178284,0.7646359801292419,0.5462079644203186,-0.21271070837974548,0.6335978507995605,0.5718164443969727,-0.19282236695289612,0.7236499786376953,0.5520023107528687,0.011791305616497993,0.6719855666160583,0.550859272480011,-0.011909923516213894,0.7197819948196411,0.6861905455589294,0.01620541512966156,0.6711595058441162,0.6779994964599609,-0.004680602345615625,0.7189881801605225,0.7986655831336975,0.18591764569282532,0.6677467226982117,0.7927873134613037,0.17173707485198975,0.7142587304115295,0.8122978806495667,0.1956738531589508,0.6674824953079224,0.8096552491188049,0.1818939745426178,0.7336961627006531,0.8385433554649353,0.0725211501121521,0.6741858720779419,0.8278602957725525,0.05360399931669235
95,catch_cap,a04_s09_e01,0.7079581022262573,0.30326083302497864,-0.3457734286785126,0.7120885252952576,0.29120418429374695,-0.330206036567688,0.7152830362319946,0.2911781668663025,-0.33021122217178345,0.71785968542099,0.2913033366203308,-0.33019718527793884,0.7019964456558228,0.29111939668655396,-0.3336300849914551,0.6977609992027283,0.29116714000701904,-0.3336794972419739,0.6935892701148987,0.29151973128318787,-0.33370405435562134,0.7203046679496765,0.29701000452041626,-0.21589013934135437,0.6865876317024231,0.2992630898952484,-0.2320551574230194,0.7126429080963135,0.31800898909568787,-0.30133530497550964,0.7005978226661682,0.31896382570266724,-0.3061729371547699,0.7477536797523499,0.37925729155540466,-0.12229658663272858,0.658891499042511,0.38138309121131897,-0.14867259562015533,0.7571273446083069,0.46441593766212463,-0.07646944373846054,0.6447934508323669,0.4760991036891937,-0.09719347208738327,0.7679831981658936,0.5340026021003723,-0.19692327082157135,0.6325989961624146,0.5550049543380737,-0.17748531699180603,0.7696207165718079,0.5567785501480103,-0.22779221832752228,0.6267567873001099,0.5799500942230225,-0.2051231861114502,0.7666743993759155,0.5539580583572388,-0.2609896659851074,0.6307187676429749,0.5796820521354675,-0.239670991897583,0.7646058201789856,0.5461512804031372,-0.2125210016965866,0.634034276008606,0.5720272660255432,-0.19223931431770325,0.7236943244934082,0.5520078539848328,0.011872046627104282,0.6720837354660034,0.5508544445037842,-0.011991890147328377,0.7197831273078918,0.6862121224403381,0.016279123723506927,0.6713132858276367,0.6779636740684509,-0.00468272203579545,0.718953013420105,0.7986561059951782,0.18521784245967865,0.6677429676055908,0.792779266834259,0.17168357968330383,0.7141739130020142,0.8122894763946533,0.19487568736076355,0.6674718856811523,0.8096516728401184,0.18186505138874054,0.7336963415145874,0.8385444283485413,0.07229699939489365,0.6741495728492737,0.8277932405471802,0.05351290851831436
